OID,TYPE,VALUE,POSSIBLE_SOH
.1.3.6.1.4.1.12148.10.2.1.0,Integer,3,
.1.3.6.1.4.1.12148.10.2.2.0,Integer,4,
.1.3.6.1.4.1.12148.10.2.3.0,Integer,3,
.1.3.6.1.4.1.12148.10.2.4.0,OctetString,[65 78 84 79 83 67],
.1.3.6.1.4.1.12148.10.2.5.0,OctetString,[87 107 117 110 103 111 50 32 40 75 83 67 69 76 48 48 49 41],
.1.3.6.1.4.1.12148.10.2.6.0,OctetString,[83 109 97 114 116 80 97 99 107 50 32 84 111 117 99 104],
.1.3.6.1.4.1.12148.10.2.7.0,OctetString,[50 48 52 48 48 57 48 48 48 49 55 54],
.1.3.6.1.4.1.12148.10.2.8.0,OctetString,[7 229 3 10 0 0 0 0],
.1.3.6.1.4.1.12148.10.2.9.0,Integer,48,
.1.3.6.1.4.1.12148.10.2.10.0,Integer,0,
.1.3.6.1.4.1.12148.10.2.11.0,Integer,0,
.1.3.6.1.4.1.12148.10.2.12.0,Integer,0,
.1.3.6.1.4.1.12148.10.2.13.0,Integer,0,
.1.3.6.1.4.1.12148.10.2.14.0,Integer,0,
.1.3.6.1.4.1.12148.10.2.15.0,Integer,0,
.1.3.6.1.4.1.12148.10.2.16.0,Integer,0,
.1.3.6.1.4.1.12148.10.2.17.0,Integer,0,
.1.3.6.1.4.1.12148.10.2.18.0,Integer,2,
.1.3.6.1.4.1.12148.10.3.1.0,Integer,1,
.1.3.6.1.4.1.12148.10.3.2.1.0,Integer,1,
.1.3.6.1.4.1.12148.10.3.2.2.0,OctetString,[77 97 105 110 115 70 97 105 108],
.1.3.6.1.4.1.12148.10.3.2.4.0,Integer,1,
.1.3.6.1.4.1.12148.10.3.2.5.0,Integer,0,
.1.3.6.1.4.1.12148.10.3.2.6.0,Integer,2,
.1.3.6.1.4.1.12148.10.3.2.7.0,Integer,1,
.1.3.6.1.4.1.12148.10.3.3.0,Integer,1,
.1.3.6.1.4.1.12148.10.3.4.1.2.1,Integer,4,
.1.3.6.1.4.1.12148.10.3.4.1.3.1,OctetString,[77 97 105 110 115 86 111 108 116 32 49 32 32 32 32],
.1.3.6.1.4.1.12148.10.3.4.1.5.1,Integer,0,
.1.3.6.1.4.1.12148.10.3.4.1.6.1,Integer,239,
.1.3.6.1.4.1.12148.10.3.4.1.7.1,Integer,280,
.1.3.6.1.4.1.12148.10.3.4.1.8.1,Integer,260,
.1.3.6.1.4.1.12148.10.3.4.1.9.1,Integer,180,
.1.3.6.1.4.1.12148.10.3.4.1.10.1,Integer,120,
.1.3.6.1.4.1.12148.10.3.5.1.0,Integer,0,
.1.3.6.1.4.1.12148.10.3.5.2.1.2.1,Integer,3,
.1.3.6.1.4.1.12148.10.3.5.2.1.3.1,Integer,3,
.1.3.6.1.4.1.12148.10.3.5.2.1.4.1,Integer,1,
.1.3.6.1.4.1.12148.10.3.5.5.1.1.1,Integer,4,
.1.3.6.1.4.1.12148.10.3.5.5.1.2.1,OctetString,[70 114 101 113 117 101 110 99 121 32 49],
.1.3.6.1.4.1.12148.10.3.5.5.1.4.1,Integer,0,
.1.3.6.1.4.1.12148.10.3.5.5.1.5.1,Integer,0,
.1.3.6.1.4.1.12148.10.3.5.5.1.6.1,Integer,7000,
.1.3.6.1.4.1.12148.10.3.5.5.1.7.1,Integer,6500,
.1.3.6.1.4.1.12148.10.3.5.5.1.8.1,Integer,4500,
.1.3.6.1.4.1.12148.10.3.5.5.1.9.1,Integer,4000,
.1.3.6.1.4.1.12148.10.3.5.7.0,Integer,52,
.1.3.6.1.4.1.12148.10.3.5.9.0,Integer,52,
.1.3.6.1.4.1.12148.10.3.5.11.0,Integer,52,
.1.3.6.1.4.1.12148.10.3.6.1.0,Integer,21438,
.1.3.6.1.4.1.12148.10.3.6.2.0,Integer,52,
.1.3.6.1.4.1.12148.10.3.6.3.1.2.1,Integer,452,
.1.3.6.1.4.1.12148.10.3.6.3.1.2.2,Integer,459,
.1.3.6.1.4.1.12148.10.3.6.3.1.2.3,Integer,465,
.1.3.6.1.4.1.12148.10.3.6.3.1.2.4,Integer,485,
.1.3.6.1.4.1.12148.10.3.6.3.1.2.5,Integer,402,
.1.3.6.1.4.1.12148.10.3.6.3.1.2.6,Integer,396,
.1.3.6.1.4.1.12148.10.3.6.3.1.2.7,Integer,453,
.1.3.6.1.4.1.12148.10.3.6.3.1.2.8,Integer,493,
.1.3.6.1.4.1.12148.10.3.6.3.1.2.9,Integer,433,
.1.3.6.1.4.1.12148.10.3.6.3.1.2.10,Integer,442,
.1.3.6.1.4.1.12148.10.3.6.3.1.2.11,Integer,379,
.1.3.6.1.4.1.12148.10.3.6.3.1.2.12,Integer,313,
.1.3.6.1.4.1.12148.10.3.6.3.1.2.13,Integer,346,
.1.3.6.1.4.1.12148.10.3.6.3.1.2.14,Integer,439,
.1.3.6.1.4.1.12148.10.3.6.3.1.2.15,Integer,430,
.1.3.6.1.4.1.12148.10.3.6.3.1.2.16,Integer,418,
.1.3.6.1.4.1.12148.10.3.6.3.1.2.17,Integer,476,
.1.3.6.1.4.1.12148.10.3.6.3.1.2.18,Integer,443,
.1.3.6.1.4.1.12148.10.3.6.3.1.2.19,Integer,315,
.1.3.6.1.4.1.12148.10.3.6.3.1.2.20,Integer,422,
.1.3.6.1.4.1.12148.10.3.6.3.1.2.21,Integer,457,
.1.3.6.1.4.1.12148.10.3.6.3.1.2.22,Integer,443,
.1.3.6.1.4.1.12148.10.3.6.3.1.2.23,Integer,401,
.1.3.6.1.4.1.12148.10.3.6.3.1.2.24,Integer,466,
.1.3.6.1.4.1.12148.10.3.6.3.1.2.25,Integer,420,
.1.3.6.1.4.1.12148.10.3.6.3.1.2.26,Integer,407,
.1.3.6.1.4.1.12148.10.3.6.3.1.2.27,Integer,409,
.1.3.6.1.4.1.12148.10.3.6.3.1.2.28,Integer,474,
.1.3.6.1.4.1.12148.10.3.6.3.1.2.29,Integer,501,
.1.3.6.1.4.1.12148.10.3.6.3.1.2.30,Integer,479,
.1.3.6.1.4.1.12148.10.3.6.3.1.2.31,Integer,475,
.1.3.6.1.4.1.12148.10.3.6.3.1.2.32,Integer,355,
.1.3.6.1.4.1.12148.10.3.6.3.1.2.33,Integer,318,
.1.3.6.1.4.1.12148.10.3.6.3.1.2.34,Integer,368,
.1.3.6.1.4.1.12148.10.3.6.3.1.2.35,Integer,441,
.1.3.6.1.4.1.12148.10.3.6.3.1.2.36,Integer,348,
.1.3.6.1.4.1.12148.10.3.6.3.1.2.37,Integer,394,
.1.3.6.1.4.1.12148.10.3.6.3.1.2.38,Integer,430,
.1.3.6.1.4.1.12148.10.3.6.3.1.2.39,Integer,401,
.1.3.6.1.4.1.12148.10.3.6.3.1.2.40,Integer,310,
.1.3.6.1.4.1.12148.10.3.6.3.1.2.41,Integer,328,
.1.3.6.1.4.1.12148.10.3.6.3.1.2.42,Integer,399,
.1.3.6.1.4.1.12148.10.3.6.3.1.2.43,Integer,438,
.1.3.6.1.4.1.12148.10.3.6.3.1.2.44,Integer,372,
.1.3.6.1.4.1.12148.10.3.6.3.1.2.45,Integer,450,
.1.3.6.1.4.1.12148.10.3.6.3.1.2.46,Integer,364,
.1.3.6.1.4.1.12148.10.3.6.3.1.2.47,Integer,213,
.1.3.6.1.4.1.12148.10.3.6.3.1.2.48,Integer,261,
.1.3.6.1.4.1.12148.10.3.6.3.1.2.49,Integer,431,
.1.3.6.1.4.1.12148.10.3.6.3.1.2.50,Integer,367,
.1.3.6.1.4.1.12148.10.3.6.3.1.2.51,Integer,432,
.1.3.6.1.4.1.12148.10.3.6.3.1.2.52,Integer,314,
.1.3.6.1.4.1.12148.10.3.6.4.0,Integer,52,
.1.3.6.1.4.1.12148.10.3.6.5.1.2.1,Integer,48,
.1.3.6.1.4.1.12148.10.3.6.5.1.2.2,Integer,47,
.1.3.6.1.4.1.12148.10.3.6.5.1.2.3,Integer,50,
.1.3.6.1.4.1.12148.10.3.6.5.1.2.4,Integer,50,
.1.3.6.1.4.1.12148.10.3.6.5.1.2.5,Integer,44,
.1.3.6.1.4.1.12148.10.3.6.5.1.2.6,Integer,42,
.1.3.6.1.4.1.12148.10.3.6.5.1.2.7,Integer,43,
.1.3.6.1.4.1.12148.10.3.6.5.1.2.8,Integer,46,
.1.3.6.1.4.1.12148.10.3.6.5.1.2.9,Integer,51,
.1.3.6.1.4.1.12148.10.3.6.5.1.2.10,Integer,44,
.1.3.6.1.4.1.12148.10.3.6.5.1.2.11,Integer,50,
.1.3.6.1.4.1.12148.10.3.6.5.1.2.12,Integer,46,
.1.3.6.1.4.1.12148.10.3.6.5.1.2.13,Integer,44,
.1.3.6.1.4.1.12148.10.3.6.5.1.2.14,Integer,47,
.1.3.6.1.4.1.12148.10.3.6.5.1.2.15,Integer,52,
.1.3.6.1.4.1.12148.10.3.6.5.1.2.16,Integer,49,
.1.3.6.1.4.1.12148.10.3.6.5.1.2.17,Integer,29,
.1.3.6.1.4.1.12148.10.3.6.5.1.2.18,Integer,46,
.1.3.6.1.4.1.12148.10.3.6.5.1.2.19,Integer,50,
.1.3.6.1.4.1.12148.10.3.6.5.1.2.20,Integer,44,
.1.3.6.1.4.1.12148.10.3.6.5.1.2.21,Integer,45,
.1.3.6.1.4.1.12148.10.3.6.5.1.2.22,Integer,44,
.1.3.6.1.4.1.12148.10.3.6.5.1.2.23,Integer,46,
.1.3.6.1.4.1.12148.10.3.6.5.1.2.24,Integer,55,
.1.3.6.1.4.1.12148.10.3.6.5.1.2.25,Integer,51,
.1.3.6.1.4.1.12148.10.3.6.5.1.2.26,Integer,53,
.1.3.6.1.4.1.12148.10.3.6.5.1.2.27,Integer,46,
.1.3.6.1.4.1.12148.10.3.6.5.1.2.28,Integer,53,
.1.3.6.1.4.1.12148.10.3.6.5.1.2.29,Integer,53,
.1.3.6.1.4.1.12148.10.3.6.5.1.2.30,Integer,57,
.1.3.6.1.4.1.12148.10.3.6.5.1.2.31,Integer,58,
.1.3.6.1.4.1.12148.10.3.6.5.1.2.32,Integer,61,
.1.3.6.1.4.1.12148.10.3.6.5.1.2.33,Integer,60,
.1.3.6.1.4.1.12148.10.3.6.5.1.2.34,Integer,8,
.1.3.6.1.4.1.12148.10.3.6.5.1.2.35,Integer,52,
.1.3.6.1.4.1.12148.10.3.6.5.1.2.36,Integer,55,
.1.3.6.1.4.1.12148.10.3.6.5.1.2.37,Integer,54,
.1.3.6.1.4.1.12148.10.3.6.5.1.2.38,Integer,54,
.1.3.6.1.4.1.12148.10.3.6.5.1.2.39,Integer,53,
.1.3.6.1.4.1.12148.10.3.6.5.1.2.40,Integer,49,
.1.3.6.1.4.1.12148.10.3.6.5.1.2.41,Integer,62,
.1.3.6.1.4.1.12148.10.3.6.5.1.2.42,Integer,61,
.1.3.6.1.4.1.12148.10.3.6.5.1.2.43,Integer,64,
.1.3.6.1.4.1.12148.10.3.6.5.1.2.44,Integer,61,
.1.3.6.1.4.1.12148.10.3.6.5.1.2.45,Integer,63,
.1.3.6.1.4.1.12148.10.3.6.5.1.2.46,Integer,58,
.1.3.6.1.4.1.12148.10.3.6.5.1.2.47,Integer,57,
.1.3.6.1.4.1.12148.10.3.6.5.1.2.48,Integer,69,
.1.3.6.1.4.1.12148.10.3.6.5.1.2.49,Integer,57,
.1.3.6.1.4.1.12148.10.3.6.5.1.2.50,Integer,64,
.1.3.6.1.4.1.12148.10.3.6.5.1.2.51,Integer,69,
.1.3.6.1.4.1.12148.10.3.6.5.1.2.52,Integer,42,
.1.3.6.1.4.1.12148.10.3.6.6.0,Integer,52,
.1.3.6.1.4.1.12148.10.3.6.7.1.2.1,Integer,206,
.1.3.6.1.4.1.12148.10.3.6.7.1.2.2,Integer,202,
.1.3.6.1.4.1.12148.10.3.6.7.1.2.3,Integer,199,
.1.3.6.1.4.1.12148.10.3.6.7.1.2.4,Integer,197,
.1.3.6.1.4.1.12148.10.3.6.7.1.2.5,Integer,185,
.1.3.6.1.4.1.12148.10.3.6.7.1.2.6,Integer,223,
.1.3.6.1.4.1.12148.10.3.6.7.1.2.7,Integer,244,
.1.3.6.1.4.1.12148.10.3.6.7.1.2.8,Integer,197,
.1.3.6.1.4.1.12148.10.3.6.7.1.2.9,Integer,239,
.1.3.6.1.4.1.12148.10.3.6.7.1.2.10,Integer,263,
.1.3.6.1.4.1.12148.10.3.6.7.1.2.11,Integer,276,
.1.3.6.1.4.1.12148.10.3.6.7.1.2.12,Integer,291,
.1.3.6.1.4.1.12148.10.3.6.7.1.2.13,Integer,270,
.1.3.6.1.4.1.12148.10.3.6.7.1.2.14,Integer,265,
.1.3.6.1.4.1.12148.10.3.6.7.1.2.15,Integer,244,
.1.3.6.1.4.1.12148.10.3.6.7.1.2.16,Integer,249,
.1.3.6.1.4.1.12148.10.3.6.7.1.2.17,Integer,216,
.1.3.6.1.4.1.12148.10.3.6.7.1.2.18,Integer,250,
.1.3.6.1.4.1.12148.10.3.6.7.1.2.19,Integer,234,
.1.3.6.1.4.1.12148.10.3.6.7.1.2.20,Integer,217,
.1.3.6.1.4.1.12148.10.3.6.7.1.2.21,Integer,257,
.1.3.6.1.4.1.12148.10.3.6.7.1.2.22,Integer,299,
.1.3.6.1.4.1.12148.10.3.6.7.1.2.23,Integer,283,
.1.3.6.1.4.1.12148.10.3.6.7.1.2.24,Integer,319,
.1.3.6.1.4.1.12148.10.3.6.7.1.2.25,Integer,342,
.1.3.6.1.4.1.12148.10.3.6.7.1.2.26,Integer,355,
.1.3.6.1.4.1.12148.10.3.6.7.1.2.27,Integer,350,
.1.3.6.1.4.1.12148.10.3.6.7.1.2.28,Integer,264,
.1.3.6.1.4.1.12148.10.3.6.7.1.2.29,Integer,346,
.1.3.6.1.4.1.12148.10.3.6.7.1.2.30,Integer,362,
.1.3.6.1.4.1.12148.10.3.6.7.1.2.31,Integer,722,
.1.3.6.1.4.1.12148.10.3.6.7.1.2.32,Integer,392,
.1.3.6.1.4.1.12148.10.3.6.7.1.2.33,Integer,393,
.1.3.6.1.4.1.12148.10.3.6.7.1.2.34,Integer,408,
.1.3.6.1.4.1.12148.10.3.6.7.1.2.35,Integer,405,
.1.3.6.1.4.1.12148.10.3.6.7.1.2.36,Integer,398,
.1.3.6.1.4.1.12148.10.3.6.7.1.2.37,Integer,420,
.1.3.6.1.4.1.12148.10.3.6.7.1.2.38,Integer,247,
.1.3.6.1.4.1.12148.10.3.6.7.1.2.39,Integer,334,
.1.3.6.1.4.1.12148.10.3.6.7.1.2.40,Integer,799,
.1.3.6.1.4.1.12148.10.3.6.7.1.2.41,Integer,475,
.1.3.6.1.4.1.12148.10.3.6.7.1.2.42,Integer,956,
.1.3.6.1.4.1.12148.10.3.6.7.1.2.43,Integer,916,
.1.3.6.1.4.1.12148.10.3.6.7.1.2.44,Integer,950,
.1.3.6.1.4.1.12148.10.3.6.7.1.2.45,Integer,976,
.1.3.6.1.4.1.12148.10.3.6.7.1.2.46,Integer,335,
.1.3.6.1.4.1.12148.10.3.6.7.1.2.47,Integer,0,
.1.3.6.1.4.1.12148.10.3.6.7.1.2.48,Integer,0,
.1.3.6.1.4.1.12148.10.3.6.7.1.2.49,Integer,0,
.1.3.6.1.4.1.12148.10.3.6.7.1.2.50,Integer,0,
.1.3.6.1.4.1.12148.10.3.6.7.1.2.51,Integer,0,
.1.3.6.1.4.1.12148.10.3.6.7.1.2.52,Integer,72,
.1.3.6.1.4.1.12148.10.3.6.8.0,Integer,0,
.1.3.6.1.4.1.12148.10.3.7.0,Integer,0,
.1.3.6.1.4.1.12148.10.3.15.0,Gauge32,858,
.1.3.6.1.4.1.12148.10.4.1.0,Integer,1,
.1.3.6.1.4.1.12148.10.4.2.0,Integer,4,
.1.3.6.1.4.1.12148.10.4.3.0,Integer,1,
.1.3.6.1.4.1.12148.10.4.4.0,Integer,9,
.1.3.6.1.4.1.12148.10.4.5.0,Integer,0,
.1.3.6.1.4.1.12148.10.4.6.0,Integer,130,
.1.3.6.1.4.1.12148.10.4.7.0,Integer,0,
.1.3.6.1.4.1.12148.10.4.8.0,Integer,30,
.1.3.6.1.4.1.12148.10.4.9.0,Integer,95,
.1.3.6.1.4.1.12148.10.4.10.0,Integer,0,
.1.3.6.1.4.1.12148.10.4.11.0,Integer,10,
.1.3.6.1.4.1.12148.10.4.12.0,Integer,1,
.1.3.6.1.4.1.12148.10.4.13.0,Integer,4850,
.1.3.6.1.4.1.12148.10.4.14.0,Integer,4,
.1.3.6.1.4.1.12148.10.4.15.0,Integer,0,
.1.3.6.1.4.1.12148.10.4.16.1.2.1,Integer,18,
.1.3.6.1.4.1.12148.10.4.16.1.2.2,Integer,9,
.1.3.6.1.4.1.12148.10.4.16.1.2.3,Integer,9,
.1.3.6.1.4.1.12148.10.4.16.1.2.4,Integer,9,
.1.3.6.1.4.1.12148.10.4.16.1.2.5,Integer,9,
.1.3.6.1.4.1.12148.10.4.16.1.2.6,Integer,9,
.1.3.6.1.4.1.12148.10.4.16.1.2.7,Integer,9,
.1.3.6.1.4.1.12148.10.4.16.1.3.1,Integer,0,
.1.3.6.1.4.1.12148.10.4.16.1.3.2,Integer,9,
.1.3.6.1.4.1.12148.10.4.16.1.3.3,Integer,9,
.1.3.6.1.4.1.12148.10.4.16.1.3.4,Integer,9,
.1.3.6.1.4.1.12148.10.4.16.1.3.5,Integer,9,
.1.3.6.1.4.1.12148.10.4.16.1.3.6,Integer,9,
.1.3.6.1.4.1.12148.10.4.16.1.3.7,Integer,9,
.1.3.6.1.4.1.12148.10.4.17.0,Integer,0,
.1.3.6.1.4.1.12148.10.4.18.0,Integer,9,
.1.3.6.1.4.1.12148.10.4.19.0,Integer,1,
.1.3.6.1.4.1.12148.10.4.20.0,Integer,1,
.1.3.6.1.4.1.12148.10.4.21.0,Integer,0,
.1.3.6.1.4.1.12148.10.4.23.1.0,Integer,126323968,
.1.3.6.1.4.1.12148.10.4.23.2.0,Integer,52,
.1.3.6.1.4.1.12148.10.4.23.3.1.2.1,Integer,6022,
.1.3.6.1.4.1.12148.10.4.23.3.1.2.2,Integer,5605,
.1.3.6.1.4.1.12148.10.4.23.3.1.2.3,Integer,734,
.1.3.6.1.4.1.12148.10.4.23.3.1.2.4,Integer,2382,
.1.3.6.1.4.1.12148.10.4.23.3.1.2.5,Integer,6199,
.1.3.6.1.4.1.12148.10.4.23.3.1.2.6,Integer,6185,
.1.3.6.1.4.1.12148.10.4.23.3.1.2.7,Integer,6188,
.1.3.6.1.4.1.12148.10.4.23.3.1.2.8,Integer,4968,
.1.3.6.1.4.1.12148.10.4.23.3.1.2.9,Integer,0,
.1.3.6.1.4.1.12148.10.4.23.3.1.2.10,Integer,0,
.1.3.6.1.4.1.12148.10.4.23.3.1.2.11,Integer,188,
.1.3.6.1.4.1.12148.10.4.23.3.1.2.12,Integer,3232,
.1.3.6.1.4.1.12148.10.4.23.3.1.2.13,Integer,6010,
.1.3.6.1.4.1.12148.10.4.23.3.1.2.14,Integer,6203,
.1.3.6.1.4.1.12148.10.4.23.3.1.2.15,Integer,6050,
.1.3.6.1.4.1.12148.10.4.23.3.1.2.16,Integer,259,
.1.3.6.1.4.1.12148.10.4.23.3.1.2.17,Integer,1923,
.1.3.6.1.4.1.12148.10.4.23.3.1.2.18,Integer,6099,
.1.3.6.1.4.1.12148.10.4.23.3.1.2.19,Integer,6068,
.1.3.6.1.4.1.12148.10.4.23.3.1.2.20,Integer,6022,
.1.3.6.1.4.1.12148.10.4.23.3.1.2.21,Integer,4612,
.1.3.6.1.4.1.12148.10.4.23.3.1.2.22,Integer,0,
.1.3.6.1.4.1.12148.10.4.23.3.1.2.23,Integer,4247,
.1.3.6.1.4.1.12148.10.4.23.3.1.2.24,Integer,6094,
.1.3.6.1.4.1.12148.10.4.23.3.1.2.25,Integer,6046,
.1.3.6.1.4.1.12148.10.4.23.3.1.2.26,Integer,6017,
.1.3.6.1.4.1.12148.10.4.23.3.1.2.27,Integer,2749,
.1.3.6.1.4.1.12148.10.4.23.3.1.2.28,Integer,366,
.1.3.6.1.4.1.12148.10.4.23.3.1.2.29,Integer,6218,
.1.3.6.1.4.1.12148.10.4.23.3.1.2.30,Integer,6201,
.1.3.6.1.4.1.12148.10.4.23.3.1.2.31,Integer,6193,
.1.3.6.1.4.1.12148.10.4.23.3.1.2.32,Integer,6143,
.1.3.6.1.4.1.12148.10.4.23.3.1.2.33,Integer,30,
.1.3.6.1.4.1.12148.10.4.23.3.1.2.34,Integer,0,
.1.3.6.1.4.1.12148.10.4.23.3.1.2.35,Integer,0,
.1.3.6.1.4.1.12148.10.4.23.3.1.2.36,Integer,2800,
.1.3.6.1.4.1.12148.10.4.23.3.1.2.37,Integer,4686,
.1.3.6.1.4.1.12148.10.4.23.3.1.2.38,Integer,6141,
.1.3.6.1.4.1.12148.10.4.23.3.1.2.39,Integer,6236,
.1.3.6.1.4.1.12148.10.4.23.3.1.2.40,Integer,557,
.1.3.6.1.4.1.12148.10.4.23.3.1.2.41,Integer,2364,
.1.3.6.1.4.1.12148.10.4.23.3.1.2.42,Integer,6227,
.1.3.6.1.4.1.12148.10.4.23.3.1.2.43,Integer,6190,
.1.3.6.1.4.1.12148.10.4.23.3.1.2.44,Integer,6148,
.1.3.6.1.4.1.12148.10.4.23.3.1.2.45,Integer,4344,
.1.3.6.1.4.1.12148.10.4.23.3.1.2.46,Integer,0,
.1.3.6.1.4.1.12148.10.4.23.3.1.2.47,Integer,3133,
.1.3.6.1.4.1.12148.10.4.23.3.1.2.48,Integer,6183,
.1.3.6.1.4.1.12148.10.4.23.3.1.2.49,Integer,6146,
.1.3.6.1.4.1.12148.10.4.23.3.1.2.50,Integer,6107,
.1.3.6.1.4.1.12148.10.4.23.3.1.2.51,Integer,3403,
.1.3.6.1.4.1.12148.10.4.23.3.1.2.52,Integer,0,
.1.3.6.1.4.1.12148.10.4.23.4.0,Integer,52,
.1.3.6.1.4.1.12148.10.4.23.5.1.2.1,Integer,95,
.1.3.6.1.4.1.12148.10.4.23.5.1.2.2,Integer,98,
.1.3.6.1.4.1.12148.10.4.23.5.1.2.3,Integer,95,
.1.3.6.1.4.1.12148.10.4.23.5.1.2.4,Integer,95,
.1.3.6.1.4.1.12148.10.4.23.5.1.2.5,Integer,102,
.1.3.6.1.4.1.12148.10.4.23.5.1.2.6,Integer,104,
.1.3.6.1.4.1.12148.10.4.23.5.1.2.7,Integer,97,
.1.3.6.1.4.1.12148.10.4.23.5.1.2.8,Integer,96,
.1.3.6.1.4.1.12148.10.4.23.5.1.2.9,Integer,100,
.1.3.6.1.4.1.12148.10.4.23.5.1.2.10,Integer,98,
.1.3.6.1.4.1.12148.10.4.23.5.1.2.11,Integer,108,
.1.3.6.1.4.1.12148.10.4.23.5.1.2.12,Integer,95,
.1.3.6.1.4.1.12148.10.4.23.5.1.2.13,Integer,103,
.1.3.6.1.4.1.12148.10.4.23.5.1.2.14,Integer,98,
.1.3.6.1.4.1.12148.10.4.23.5.1.2.15,Integer,101,
.1.3.6.1.4.1.12148.10.4.23.5.1.2.16,Integer,101,
.1.3.6.1.4.1.12148.10.4.23.5.1.2.17,Integer,95,
.1.3.6.1.4.1.12148.10.4.23.5.1.2.18,Integer,99,
.1.3.6.1.4.1.12148.10.4.23.5.1.2.19,Integer,96,
.1.3.6.1.4.1.12148.10.4.23.5.1.2.20,Integer,99,
.1.3.6.1.4.1.12148.10.4.23.5.1.2.21,Integer,98,
.1.3.6.1.4.1.12148.10.4.23.5.1.2.22,Integer,98,
.1.3.6.1.4.1.12148.10.4.23.5.1.2.23,Integer,100,
.1.3.6.1.4.1.12148.10.4.23.5.1.2.24,Integer,99,
.1.3.6.1.4.1.12148.10.4.23.5.1.2.25,Integer,95,
.1.3.6.1.4.1.12148.10.4.23.5.1.2.26,Integer,99,
.1.3.6.1.4.1.12148.10.4.23.5.1.2.27,Integer,105,
.1.3.6.1.4.1.12148.10.4.23.5.1.2.28,Integer,99,
.1.3.6.1.4.1.12148.10.4.23.5.1.2.29,Integer,92,
.1.3.6.1.4.1.12148.10.4.23.5.1.2.30,Integer,98,
.1.3.6.1.4.1.12148.10.4.23.5.1.2.31,Integer,98,
.1.3.6.1.4.1.12148.10.4.23.5.1.2.32,Integer,107,
.1.3.6.1.4.1.12148.10.4.23.5.1.2.33,Integer,94,
.1.3.6.1.4.1.12148.10.4.23.5.1.2.34,Integer,110,
.1.3.6.1.4.1.12148.10.4.23.5.1.2.35,Integer,87,
.1.3.6.1.4.1.12148.10.4.23.5.1.2.36,Integer,101,
.1.3.6.1.4.1.12148.10.4.23.5.1.2.37,Integer,99,
.1.3.6.1.4.1.12148.10.4.23.5.1.2.38,Integer,99,
.1.3.6.1.4.1.12148.10.4.23.5.1.2.39,Integer,102,
.1.3.6.1.4.1.12148.10.4.23.5.1.2.40,Integer,100,
.1.3.6.1.4.1.12148.10.4.23.5.1.2.41,Integer,105,
.1.3.6.1.4.1.12148.10.4.23.5.1.2.42,Integer,102,
.1.3.6.1.4.1.12148.10.4.23.5.1.2.43,Integer,98,
.1.3.6.1.4.1.12148.10.4.23.5.1.2.44,Integer,101,
.1.3.6.1.4.1.12148.10.4.23.5.1.2.45,Integer,98,
.1.3.6.1.4.1.12148.10.4.23.5.1.2.46,Integer,105,
.1.3.6.1.4.1.12148.10.4.23.5.1.2.47,Integer,99,
.1.3.6.1.4.1.12148.10.4.23.5.1.2.48,Integer,92,
.1.3.6.1.4.1.12148.10.4.23.5.1.2.49,Integer,97,
.1.3.6.1.4.1.12148.10.4.23.5.1.2.50,Integer,101,
.1.3.6.1.4.1.12148.10.4.23.5.1.2.51,Integer,97,
.1.3.6.1.4.1.12148.10.4.23.5.1.2.52,Integer,60,
.1.3.6.1.4.1.12148.10.4.23.6.0,Integer,52,
.1.3.6.1.4.1.12148.10.4.23.7.1.2.1,Integer,698,
.1.3.6.1.4.1.12148.10.4.23.7.1.2.2,Integer,693,
.1.3.6.1.4.1.12148.10.4.23.7.1.2.3,Integer,687,
.1.3.6.1.4.1.12148.10.4.23.7.1.2.4,Integer,693,
.1.3.6.1.4.1.12148.10.4.23.7.1.2.5,Integer,698,
.1.3.6.1.4.1.12148.10.4.23.7.1.2.6,Integer,707,
.1.3.6.1.4.1.12148.10.4.23.7.1.2.7,Integer,687,
.1.3.6.1.4.1.12148.10.4.23.7.1.2.8,Integer,688,
.1.3.6.1.4.1.12148.10.4.23.7.1.2.9,Integer,689,
.1.3.6.1.4.1.12148.10.4.23.7.1.2.10,Integer,695,
.1.3.6.1.4.1.12148.10.4.23.7.1.2.11,Integer,677,
.1.3.6.1.4.1.12148.10.4.23.7.1.2.12,Integer,692,
.1.3.6.1.4.1.12148.10.4.23.7.1.2.13,Integer,694,
.1.3.6.1.4.1.12148.10.4.23.7.1.2.14,Integer,702,
.1.3.6.1.4.1.12148.10.4.23.7.1.2.15,Integer,680,
.1.3.6.1.4.1.12148.10.4.23.7.1.2.16,Integer,692,
.1.3.6.1.4.1.12148.10.4.23.7.1.2.17,Integer,737,
.1.3.6.1.4.1.12148.10.4.23.7.1.2.18,Integer,696,
.1.3.6.1.4.1.12148.10.4.23.7.1.2.19,Integer,687,
.1.3.6.1.4.1.12148.10.4.23.7.1.2.20,Integer,704,
.1.3.6.1.4.1.12148.10.4.23.7.1.2.21,Integer,705,
.1.3.6.1.4.1.12148.10.4.23.7.1.2.22,Integer,688,
.1.3.6.1.4.1.12148.10.4.23.7.1.2.23,Integer,699,
.1.3.6.1.4.1.12148.10.4.23.7.1.2.24,Integer,674,
.1.3.6.1.4.1.12148.10.4.23.7.1.2.25,Integer,690,
.1.3.6.1.4.1.12148.10.4.23.7.1.2.26,Integer,682,
.1.3.6.1.4.1.12148.10.4.23.7.1.2.27,Integer,699,
.1.3.6.1.4.1.12148.10.4.23.7.1.2.28,Integer,687,
.1.3.6.1.4.1.12148.10.4.23.7.1.2.29,Integer,686,
.1.3.6.1.4.1.12148.10.4.23.7.1.2.30,Integer,664,
.1.3.6.1.4.1.12148.10.4.23.7.1.2.31,Integer,658,
.1.3.6.1.4.1.12148.10.4.23.7.1.2.32,Integer,648,
.1.3.6.1.4.1.12148.10.4.23.7.1.2.33,Integer,655,
.1.3.6.1.4.1.12148.10.4.23.7.1.2.34,Integer,40,
.1.3.6.1.4.1.12148.10.4.23.7.1.2.35,Integer,547,
.1.3.6.1.4.1.12148.10.4.23.7.1.2.36,Integer,641,
.1.3.6.1.4.1.12148.10.4.23.7.1.2.37,Integer,647,
.1.3.6.1.4.1.12148.10.4.23.7.1.2.38,Integer,660,
.1.3.6.1.4.1.12148.10.4.23.7.1.2.39,Integer,655,
.1.3.6.1.4.1.12148.10.4.23.7.1.2.40,Integer,665,
.1.3.6.1.4.1.12148.10.4.23.7.1.2.41,Integer,621,
.1.3.6.1.4.1.12148.10.4.23.7.1.2.42,Integer,637,
.1.3.6.1.4.1.12148.10.4.23.7.1.2.43,Integer,625,
.1.3.6.1.4.1.12148.10.4.23.7.1.2.44,Integer,641,
.1.3.6.1.4.1.12148.10.4.23.7.1.2.45,Integer,633,
.1.3.6.1.4.1.12148.10.4.23.7.1.2.46,Integer,628,
.1.3.6.1.4.1.12148.10.4.23.7.1.2.47,Integer,569,
.1.3.6.1.4.1.12148.10.4.23.7.1.2.48,Integer,571,
.1.3.6.1.4.1.12148.10.4.23.7.1.2.49,Integer,595,
.1.3.6.1.4.1.12148.10.4.23.7.1.2.50,Integer,580,
.1.3.6.1.4.1.12148.10.4.23.7.1.2.51,Integer,461,
.1.3.6.1.4.1.12148.10.4.23.7.1.2.52,Integer,545,
.1.3.6.1.4.1.12148.10.4.24.1.0,Integer,21715,
.1.3.6.1.4.1.12148.10.4.24.2.0,Integer,52,
.1.3.6.1.4.1.12148.10.4.24.3.1.2.1,Integer,974,
.1.3.6.1.4.1.12148.10.4.24.3.1.2.2,Integer,966,
.1.3.6.1.4.1.12148.10.4.24.3.1.2.3,Integer,935,
.1.3.6.1.4.1.12148.10.4.24.3.1.2.4,Integer,940,
.1.3.6.1.4.1.12148.10.4.24.3.1.2.5,Integer,1021,
.1.3.6.1.4.1.12148.10.4.24.3.1.2.6,Integer,1027,
.1.3.6.1.4.1.12148.10.4.24.3.1.2.7,Integer,973,
.1.3.6.1.4.1.12148.10.4.24.3.1.2.8,Integer,934,
.1.3.6.1.4.1.12148.10.4.24.3.1.2.9,Integer,993,
.1.3.6.1.4.1.12148.10.4.24.3.1.2.10,Integer,984,
.1.3.6.1.4.1.12148.10.4.24.3.1.2.11,Integer,1044,
.1.3.6.1.4.1.12148.10.4.24.3.1.2.12,Integer,1108,
.1.3.6.1.4.1.12148.10.4.24.3.1.2.13,Integer,1078,
.1.3.6.1.4.1.12148.10.4.24.3.1.2.14,Integer,985,
.1.3.6.1.4.1.12148.10.4.24.3.1.2.15,Integer,993,
.1.3.6.1.4.1.12148.10.4.24.3.1.2.16,Integer,1005,
.1.3.6.1.4.1.12148.10.4.24.3.1.2.17,Integer,975,
.1.3.6.1.4.1.12148.10.4.24.3.1.2.18,Integer,977,
.1.3.6.1.4.1.12148.10.4.24.3.1.2.19,Integer,1106,
.1.3.6.1.4.1.12148.10.4.24.3.1.2.20,Integer,1002,
.1.3.6.1.4.1.12148.10.4.24.3.1.2.21,Integer,968,
.1.3.6.1.4.1.12148.10.4.24.3.1.2.22,Integer,986,
.1.3.6.1.4.1.12148.10.4.24.3.1.2.23,Integer,1021,
.1.3.6.1.4.1.12148.10.4.24.3.1.2.24,Integer,960,
.1.3.6.1.4.1.12148.10.4.24.3.1.2.25,Integer,1077,
.1.3.6.1.4.1.12148.10.4.24.3.1.2.26,Integer,1017,
.1.3.6.1.4.1.12148.10.4.24.3.1.2.27,Integer,1016,
.1.3.6.1.4.1.12148.10.4.24.3.1.2.28,Integer,953,
.1.3.6.1.4.1.12148.10.4.24.3.1.2.29,Integer,927,
.1.3.6.1.4.1.12148.10.4.24.3.1.2.30,Integer,945,
.1.3.6.1.4.1.12148.10.4.24.3.1.2.31,Integer,951,
.1.3.6.1.4.1.12148.10.4.24.3.1.2.32,Integer,1290,
.1.3.6.1.4.1.12148.10.4.24.3.1.2.33,Integer,1103,
.1.3.6.1.4.1.12148.10.4.24.3.1.2.34,Integer,1055,
.1.3.6.1.4.1.12148.10.4.24.3.1.2.35,Integer,983,
.1.3.6.1.4.1.12148.10.4.24.3.1.2.36,Integer,1076,
.1.3.6.1.4.1.12148.10.4.24.3.1.2.37,Integer,1030,
.1.3.6.1.4.1.12148.10.4.24.3.1.2.38,Integer,996,
.1.3.6.1.4.1.12148.10.4.24.3.1.2.39,Integer,1025,
.1.3.6.1.4.1.12148.10.4.24.3.1.2.40,Integer,1113,
.1.3.6.1.4.1.12148.10.4.24.3.1.2.41,Integer,1094,
.1.3.6.1.4.1.12148.10.4.24.3.1.2.42,Integer,1025,
.1.3.6.1.4.1.12148.10.4.24.3.1.2.43,Integer,988,
.1.3.6.1.4.1.12148.10.4.24.3.1.2.44,Integer,1052,
.1.3.6.1.4.1.12148.10.4.24.3.1.2.45,Integer,973,
.1.3.6.1.4.1.12148.10.4.24.3.1.2.46,Integer,1060,
.1.3.6.1.4.1.12148.10.4.24.3.1.2.47,Integer,1207,
.1.3.6.1.4.1.12148.10.4.24.3.1.2.48,Integer,1159,
.1.3.6.1.4.1.12148.10.4.24.3.1.2.49,Integer,993,
.1.3.6.1.4.1.12148.10.4.24.3.1.2.50,Integer,1057,
.1.3.6.1.4.1.12148.10.4.24.3.1.2.51,Integer,995,
.1.3.6.1.4.1.12148.10.4.24.3.1.2.52,Integer,635,
.1.3.6.1.4.1.12148.10.4.24.4.0,Integer,52,
.1.3.6.1.4.1.12148.10.4.24.5.1.2.1,Integer,117,
.1.3.6.1.4.1.12148.10.4.24.5.1.2.2,Integer,118,
.1.3.6.1.4.1.12148.10.4.24.5.1.2.3,Integer,117,
.1.3.6.1.4.1.12148.10.4.24.5.1.2.4,Integer,119,
.1.3.6.1.4.1.12148.10.4.24.5.1.2.5,Integer,121,
.1.3.6.1.4.1.12148.10.4.24.5.1.2.6,Integer,123,
.1.3.6.1.4.1.12148.10.4.24.5.1.2.7,Integer,122,
.1.3.6.1.4.1.12148.10.4.24.5.1.2.8,Integer,119,
.1.3.6.1.4.1.12148.10.4.24.5.1.2.9,Integer,114,
.1.3.6.1.4.1.12148.10.4.24.5.1.2.10,Integer,121,
.1.3.6.1.4.1.12148.10.4.24.5.1.2.11,Integer,115,
.1.3.6.1.4.1.12148.10.4.24.5.1.2.12,Integer,120,
.1.3.6.1.4.1.12148.10.4.24.5.1.2.13,Integer,120,
.1.3.6.1.4.1.12148.10.4.24.5.1.2.14,Integer,119,
.1.3.6.1.4.1.12148.10.4.24.5.1.2.15,Integer,113,
.1.3.6.1.4.1.12148.10.4.24.5.1.2.16,Integer,116,
.1.3.6.1.4.1.12148.10.4.24.5.1.2.17,Integer,136,
.1.3.6.1.4.1.12148.10.4.24.5.1.2.18,Integer,119,
.1.3.6.1.4.1.12148.10.4.24.5.1.2.19,Integer,115,
.1.3.6.1.4.1.12148.10.4.24.5.1.2.20,Integer,121,
.1.3.6.1.4.1.12148.10.4.24.5.1.2.21,Integer,120,
.1.3.6.1.4.1.12148.10.4.24.5.1.2.22,Integer,121,
.1.3.6.1.4.1.12148.10.4.24.5.1.2.23,Integer,120,
.1.3.6.1.4.1.12148.10.4.24.5.1.2.24,Integer,112,
.1.3.6.1.4.1.12148.10.4.24.5.1.2.25,Integer,114,
.1.3.6.1.4.1.12148.10.4.24.5.1.2.26,Integer,112,
.1.3.6.1.4.1.12148.10.4.24.5.1.2.27,Integer,120,
.1.3.6.1.4.1.12148.10.4.24.5.1.2.28,Integer,113,
.1.3.6.1.4.1.12148.10.4.24.5.1.2.29,Integer,113,
.1.3.6.1.4.1.12148.10.4.24.5.1.2.30,Integer,108,
.1.3.6.1.4.1.12148.10.4.24.5.1.2.31,Integer,107,
.1.3.6.1.4.1.12148.10.4.24.5.1.2.32,Integer,105,
.1.3.6.1.4.1.12148.10.4.24.5.1.2.33,Integer,106,
.1.3.6.1.4.1.12148.10.4.24.5.1.2.34,Integer,9,
.1.3.6.1.4.1.12148.10.4.24.5.1.2.35,Integer,98,
.1.3.6.1.4.1.12148.10.4.24.5.1.2.36,Integer,108,
.1.3.6.1.4.1.12148.10.4.24.5.1.2.37,Integer,111,
.1.3.6.1.4.1.12148.10.4.24.5.1.2.38,Integer,111,
.1.3.6.1.4.1.12148.10.4.24.5.1.2.39,Integer,112,
.1.3.6.1.4.1.12148.10.4.24.5.1.2.40,Integer,116,
.1.3.6.1.4.1.12148.10.4.24.5.1.2.41,Integer,108,
.1.3.6.1.4.1.12148.10.4.24.5.1.2.42,Integer,104,
.1.3.6.1.4.1.12148.10.4.24.5.1.2.43,Integer,101,
.1.3.6.1.4.1.12148.10.4.24.5.1.2.44,Integer,105,
.1.3.6.1.4.1.12148.10.4.24.5.1.2.45,Integer,103,
.1.3.6.1.4.1.12148.10.4.24.5.1.2.46,Integer,108,
.1.3.6.1.4.1.12148.10.4.24.5.1.2.47,Integer,109,
.1.3.6.1.4.1.12148.10.4.24.5.1.2.48,Integer,97,
.1.3.6.1.4.1.12148.10.4.24.5.1.2.49,Integer,107,
.1.3.6.1.4.1.12148.10.4.24.5.1.2.50,Integer,101,
.1.3.6.1.4.1.12148.10.4.24.5.1.2.51,Integer,78,
.1.3.6.1.4.1.12148.10.4.24.5.1.2.52,Integer,91,
.1.3.6.1.4.1.12148.10.4.24.6.0,Integer,52,
.1.3.6.1.4.1.12148.10.4.24.7.1.2.1,Integer,510,
.1.3.6.1.4.1.12148.10.4.24.7.1.2.2,Integer,531,
.1.3.6.1.4.1.12148.10.4.24.7.1.2.3,Integer,511,
.1.3.6.1.4.1.12148.10.4.24.7.1.2.4,Integer,537,
.1.3.6.1.4.1.12148.10.4.24.7.1.2.5,Integer,479,
.1.3.6.1.4.1.12148.10.4.24.7.1.2.6,Integer,516,
.1.3.6.1.4.1.12148.10.4.24.7.1.2.7,Integer,491,
.1.3.6.1.4.1.12148.10.4.24.7.1.2.8,Integer,351,
.1.3.6.1.4.1.12148.10.4.24.7.1.2.9,Integer,495,
.1.3.6.1.4.1.12148.10.4.24.7.1.2.10,Integer,454,
.1.3.6.1.4.1.12148.10.4.24.7.1.2.11,Integer,460,
.1.3.6.1.4.1.12148.10.4.24.7.1.2.12,Integer,426,
.1.3.6.1.4.1.12148.10.4.24.7.1.2.13,Integer,443,
.1.3.6.1.4.1.12148.10.4.24.7.1.2.14,Integer,470,
.1.3.6.1.4.1.12148.10.4.24.7.1.2.15,Integer,466,
.1.3.6.1.4.1.12148.10.4.24.7.1.2.16,Integer,486,
.1.3.6.1.4.1.12148.10.4.24.7.1.2.17,Integer,446,
.1.3.6.1.4.1.12148.10.4.24.7.1.2.18,Integer,483,
.1.3.6.1.4.1.12148.10.4.24.7.1.2.19,Integer,501,
.1.3.6.1.4.1.12148.10.4.24.7.1.2.20,Integer,498,
.1.3.6.1.4.1.12148.10.4.24.7.1.2.21,Integer,482,
.1.3.6.1.4.1.12148.10.4.24.7.1.2.22,Integer,400,
.1.3.6.1.4.1.12148.10.4.24.7.1.2.23,Integer,367,
.1.3.6.1.4.1.12148.10.4.24.7.1.2.24,Integer,418,
.1.3.6.1.4.1.12148.10.4.24.7.1.2.25,Integer,371,
.1.3.6.1.4.1.12148.10.4.24.7.1.2.26,Integer,392,
.1.3.6.1.4.1.12148.10.4.24.7.1.2.27,Integer,362,
.1.3.6.1.4.1.12148.10.4.24.7.1.2.28,Integer,270,
.1.3.6.1.4.1.12148.10.4.24.7.1.2.29,Integer,355,
.1.3.6.1.4.1.12148.10.4.24.7.1.2.30,Integer,387,
.1.3.6.1.4.1.12148.10.4.24.7.1.2.31,Integer,393,
.1.3.6.1.4.1.12148.10.4.24.7.1.2.32,Integer,358,
.1.3.6.1.4.1.12148.10.4.24.7.1.2.33,Integer,356,
.1.3.6.1.4.1.12148.10.4.24.7.1.2.34,Integer,345,
.1.3.6.1.4.1.12148.10.4.24.7.1.2.35,Integer,368,
.1.3.6.1.4.1.12148.10.4.24.7.1.2.36,Integer,344,
.1.3.6.1.4.1.12148.10.4.24.7.1.2.37,Integer,320,
.1.3.6.1.4.1.12148.10.4.24.7.1.2.38,Integer,330,
.1.3.6.1.4.1.12148.10.4.24.7.1.2.39,Integer,270,
.1.3.6.1.4.1.12148.10.4.24.7.1.2.40,Integer,268,
.1.3.6.1.4.1.12148.10.4.24.7.1.2.41,Integer,279,
.1.3.6.1.4.1.12148.10.4.24.7.1.2.42,Integer,291,
.1.3.6.1.4.1.12148.10.4.24.7.1.2.43,Integer,256,
.1.3.6.1.4.1.12148.10.4.24.7.1.2.44,Integer,238,
.1.3.6.1.4.1.12148.10.4.24.7.1.2.45,Integer,263,
.1.3.6.1.4.1.12148.10.4.24.7.1.2.46,Integer,248,
.1.3.6.1.4.1.12148.10.4.24.7.1.2.47,Integer,256,
.1.3.6.1.4.1.12148.10.4.24.7.1.2.48,Integer,255,
.1.3.6.1.4.1.12148.10.4.24.7.1.2.49,Integer,240,
.1.3.6.1.4.1.12148.10.4.24.7.1.2.50,Integer,255,
.1.3.6.1.4.1.12148.10.4.24.7.1.2.51,Integer,238,
.1.3.6.1.4.1.12148.10.4.24.7.1.2.52,Integer,156,
.1.3.6.1.4.1.12148.10.4.25.2.0,Integer,52,
.1.3.6.1.4.1.12148.10.4.25.4.0,Integer,52,
.1.3.6.1.4.1.12148.10.4.25.6.0,Integer,52,
.1.3.6.1.4.1.12148.10.4.26.1.0,Integer,0,
.1.3.6.1.4.1.12148.10.4.26.2.0,Integer,0,
.1.3.6.1.4.1.12148.10.4.26.3.0,Integer,0,
.1.3.6.1.4.1.12148.10.4.26.4.0,Integer,0,
.1.3.6.1.4.1.12148.10.4.26.5.0,Integer,0,
.1.3.6.1.4.1.12148.10.4.26.6.0,Integer,0,
.1.3.6.1.4.1.12148.10.4.26.7.0,Integer,0,
.1.3.6.1.4.1.12148.10.4.26.8.0,Integer,0,
.1.3.6.1.4.1.12148.10.4.26.9.0,Integer,0,
.1.3.6.1.4.1.12148.10.4.26.10.0,Integer,0,
.1.3.6.1.4.1.12148.10.4.26.11.0,Integer,0,
.1.3.6.1.4.1.12148.10.4.26.12.0,Integer,0,
.1.3.6.1.4.1.12148.10.4.26.13.0,Integer,0,
.1.3.6.1.4.1.12148.10.4.26.14.0,Integer,0,
.1.3.6.1.4.1.12148.10.4.26.15.0,Integer,0,
.1.3.6.1.4.1.12148.10.4.26.16.0,Integer,0,
.1.3.6.1.4.1.12148.10.4.27.1.0,Integer,4,
.1.3.6.1.4.1.12148.10.4.27.2.0,OctetString,[71 101 110 101 114 97 116 111 114 70 97 105 108 32 32 32],
.1.3.6.1.4.1.12148.10.4.27.4.0,Integer,0,
.1.3.6.1.4.1.12148.10.4.27.5.0,Integer,0,
.1.3.6.1.4.1.12148.10.5.1.0,Integer,1,
.1.3.6.1.4.1.12148.10.5.2.1.0,Integer,4,
.1.3.6.1.4.1.12148.10.5.2.2.0,OctetString,[82 101 99 116 46 99 117 114 114 101 110 116 32 32 32 32],
.1.3.6.1.4.1.12148.10.5.2.4.0,Integer,0,
.1.3.6.1.4.1.12148.10.5.2.5.0,Integer,120,
.1.3.6.1.4.1.12148.10.5.2.6.0,Integer,5000,
.1.3.6.1.4.1.12148.10.5.2.7.0,Integer,4000,
.1.3.6.1.4.1.12148.10.5.3.1.0,Integer,4,
.1.3.6.1.4.1.12148.10.5.3.2.0,OctetString,[82 101 99 116 46 99 97 112 97 99 105 116 121 32 32 32],
.1.3.6.1.4.1.12148.10.5.3.4.0,Integer,0,
.1.3.6.1.4.1.12148.10.5.3.5.0,Integer,41,
.1.3.6.1.4.1.12148.10.5.3.6.0,Integer,95,
.1.3.6.1.4.1.12148.10.5.3.7.0,Integer,90,
.1.3.6.1.4.1.12148.10.5.4.1.0,Integer,1,
.1.3.6.1.4.1.12148.10.5.4.2.0,OctetString,[82 101 99 116 46 101 114 114 111 114 32 32 32 32 32 32],
.1.3.6.1.4.1.12148.10.5.4.4.0,Integer,1,
.1.3.6.1.4.1.12148.10.5.4.5.0,Integer,0,
.1.3.6.1.4.1.12148.10.5.4.6.0,Integer,2,
.1.3.6.1.4.1.12148.10.5.4.7.0,Integer,1,
.1.3.6.1.4.1.12148.10.5.5.0,Integer,4,
.1.3.6.1.4.1.12148.10.5.6.1.2.1,Integer,2,
.1.3.6.1.4.1.12148.10.5.6.1.2.2,Integer,2,
.1.3.6.1.4.1.12148.10.5.6.1.2.3,Integer,2,
.1.3.6.1.4.1.12148.10.5.6.1.2.4,Integer,2,
.1.3.6.1.4.1.12148.10.5.6.1.3.1,Integer,298,
.1.3.6.1.4.1.12148.10.5.6.1.3.2,Integer,299,
.1.3.6.1.4.1.12148.10.5.6.1.3.3,Integer,307,
.1.3.6.1.4.1.12148.10.5.6.1.3.4,Integer,299,
.1.3.6.1.4.1.12148.10.5.6.1.4.1,Integer,239,
.1.3.6.1.4.1.12148.10.5.6.1.4.2,Integer,231,
.1.3.6.1.4.1.12148.10.5.6.1.4.3,Integer,234,
.1.3.6.1.4.1.12148.10.5.6.1.4.4,Integer,232,
.1.3.6.1.4.1.12148.10.5.6.1.5.1,OctetString,[70 76 65 84 80 65 67 75 50 32 52 56 47 51 48 48 48 32 72 69],
.1.3.6.1.4.1.12148.10.5.6.1.5.2,OctetString,[70 76 65 84 80 65 67 75 50 32 52 56 47 51 48 48 48 32 72 69],
.1.3.6.1.4.1.12148.10.5.6.1.5.3,OctetString,[70 76 65 84 80 65 67 75 50 32 52 56 47 51 48 48 48 32 72 69],
.1.3.6.1.4.1.12148.10.5.6.1.5.4,OctetString,[70 76 65 84 80 65 67 75 50 32 52 56 47 51 48 48 48 32 72 69],
.1.3.6.1.4.1.12148.10.5.6.1.6.1,OctetString,[50 52 49 49 49 57 46 49 48 53],
.1.3.6.1.4.1.12148.10.5.6.1.6.2,OctetString,[50 52 49 49 49 57 46 49 48 53],
.1.3.6.1.4.1.12148.10.5.6.1.6.3,OctetString,[50 52 49 49 49 57 46 49 48 53],
.1.3.6.1.4.1.12148.10.5.6.1.6.4,OctetString,[50 52 49 49 49 57 46 49 48 53],
.1.3.6.1.4.1.12148.10.5.6.1.7.1,OctetString,[51 46 52],
.1.3.6.1.4.1.12148.10.5.6.1.7.2,OctetString,[51 46 52],
.1.3.6.1.4.1.12148.10.5.6.1.7.3,OctetString,[51 46 52],
.1.3.6.1.4.1.12148.10.5.6.1.7.4,OctetString,[51 46 52],
.1.3.6.1.4.1.12148.10.5.6.1.8.1,OctetString,[52 48 52 49 50 49 46 48 48 57],
.1.3.6.1.4.1.12148.10.5.6.1.8.2,OctetString,[52 48 52 49 50 49 46 48 48 57],
.1.3.6.1.4.1.12148.10.5.6.1.8.3,OctetString,[52 48 52 49 50 49 46 48 48 57],
.1.3.6.1.4.1.12148.10.5.6.1.8.4,OctetString,[52 48 52 49 50 49 46 48 48 57],
.1.3.6.1.4.1.12148.10.5.6.1.9.1,OctetString,[50 46 48 50],
.1.3.6.1.4.1.12148.10.5.6.1.9.2,OctetString,[50 46 48 50],
.1.3.6.1.4.1.12148.10.5.6.1.9.3,OctetString,[50 46 48 50],
.1.3.6.1.4.1.12148.10.5.6.1.9.4,OctetString,[50 46 48 50],
.1.3.6.1.4.1.12148.10.5.6.1.10.1,OctetString,[49 56 52 50 55 49 48 50 49 54 49 49],
.1.3.6.1.4.1.12148.10.5.6.1.10.2,OctetString,[49 56 52 50 55 49 48 50 49 55 57 57],
.1.3.6.1.4.1.12148.10.5.6.1.10.3,OctetString,[49 56 52 50 55 49 48 50 49 54 56 54],
.1.3.6.1.4.1.12148.10.5.6.1.10.4,OctetString,[49 56 52 50 55 49 48 50 49 54 50 50],
.1.3.6.1.4.1.12148.10.5.7.1.0,Integer,128937672,
.1.3.6.1.4.1.12148.10.5.7.2.0,Integer,52,
.1.3.6.1.4.1.12148.10.5.7.3.1.2.1,Integer,6022,
.1.3.6.1.4.1.12148.10.5.7.3.1.2.2,Integer,5606,
.1.3.6.1.4.1.12148.10.5.7.3.1.2.3,Integer,771,
.1.3.6.1.4.1.12148.10.5.7.3.1.2.4,Integer,2381,
.1.3.6.1.4.1.12148.10.5.7.3.1.2.5,Integer,6199,
.1.3.6.1.4.1.12148.10.5.7.3.1.2.6,Integer,6185,
.1.3.6.1.4.1.12148.10.5.7.3.1.2.7,Integer,6188,
.1.3.6.1.4.1.12148.10.5.7.3.1.2.8,Integer,5003,
.1.3.6.1.4.1.12148.10.5.7.3.1.2.9,Integer,0,
.1.3.6.1.4.1.12148.10.5.7.3.1.2.10,Integer,0,
.1.3.6.1.4.1.12148.10.5.7.3.1.2.11,Integer,188,
.1.3.6.1.4.1.12148.10.5.7.3.1.2.12,Integer,3231,
.1.3.6.1.4.1.12148.10.5.7.3.1.2.13,Integer,6010,
.1.3.6.1.4.1.12148.10.5.7.3.1.2.14,Integer,6202,
.1.3.6.1.4.1.12148.10.5.7.3.1.2.15,Integer,6050,
.1.3.6.1.4.1.12148.10.5.7.3.1.2.16,Integer,295,
.1.3.6.1.4.1.12148.10.5.7.3.1.2.17,Integer,1921,
.1.3.6.1.4.1.12148.10.5.7.3.1.2.18,Integer,6099,
.1.3.6.1.4.1.12148.10.5.7.3.1.2.19,Integer,6068,
.1.3.6.1.4.1.12148.10.5.7.3.1.2.20,Integer,6023,
.1.3.6.1.4.1.12148.10.5.7.3.1.2.21,Integer,4645,
.1.3.6.1.4.1.12148.10.5.7.3.1.2.22,Integer,0,
.1.3.6.1.4.1.12148.10.5.7.3.1.2.23,Integer,4245,
.1.3.6.1.4.1.12148.10.5.7.3.1.2.24,Integer,6094,
.1.3.6.1.4.1.12148.10.5.7.3.1.2.25,Integer,6046,
.1.3.6.1.4.1.12148.10.5.7.3.1.2.26,Integer,6017,
.1.3.6.1.4.1.12148.10.5.7.3.1.2.27,Integer,2782,
.1.3.6.1.4.1.12148.10.5.7.3.1.2.28,Integer,366,
.1.3.6.1.4.1.12148.10.5.7.3.1.2.29,Integer,6218,
.1.3.6.1.4.1.12148.10.5.7.3.1.2.30,Integer,6200,
.1.3.6.1.4.1.12148.10.5.7.3.1.2.31,Integer,6192,
.1.3.6.1.4.1.12148.10.5.7.3.1.2.32,Integer,6142,
.1.3.6.1.4.1.12148.10.5.7.3.1.2.33,Integer,106,
.1.3.6.1.4.1.12148.10.5.7.3.1.2.34,Integer,0,
.1.3.6.1.4.1.12148.10.5.7.3.1.2.35,Integer,0,
.1.3.6.1.4.1.12148.10.5.7.3.1.2.36,Integer,2800,
.1.3.6.1.4.1.12148.10.5.7.3.1.2.37,Integer,4685,
.1.3.6.1.4.1.12148.10.5.7.3.1.2.38,Integer,6141,
.1.3.6.1.4.1.12148.10.5.7.3.1.2.39,Integer,6236,
.1.3.6.1.4.1.12148.10.5.7.3.1.2.40,Integer,590,
.1.3.6.1.4.1.12148.10.5.7.3.1.2.41,Integer,2362,
.1.3.6.1.4.1.12148.10.5.7.3.1.2.42,Integer,6227,
.1.3.6.1.4.1.12148.10.5.7.3.1.2.43,Integer,6190,
.1.3.6.1.4.1.12148.10.5.7.3.1.2.44,Integer,6149,
.1.3.6.1.4.1.12148.10.5.7.3.1.2.45,Integer,4379,
.1.3.6.1.4.1.12148.10.5.7.3.1.2.46,Integer,0,
.1.3.6.1.4.1.12148.10.5.7.3.1.2.47,Integer,3131,
.1.3.6.1.4.1.12148.10.5.7.3.1.2.48,Integer,6183,
.1.3.6.1.4.1.12148.10.5.7.3.1.2.49,Integer,6145,
.1.3.6.1.4.1.12148.10.5.7.3.1.2.50,Integer,6107,
.1.3.6.1.4.1.12148.10.5.7.3.1.2.51,Integer,3472,
.1.3.6.1.4.1.12148.10.5.7.3.1.2.52,Integer,0,
.1.3.6.1.4.1.12148.10.5.7.4.0,Integer,52,
.1.3.6.1.4.1.12148.10.5.7.5.1.2.1,Integer,96,
.1.3.6.1.4.1.12148.10.5.7.5.1.2.2,Integer,98,
.1.3.6.1.4.1.12148.10.5.7.5.1.2.3,Integer,98,
.1.3.6.1.4.1.12148.10.5.7.5.1.2.4,Integer,95,
.1.3.6.1.4.1.12148.10.5.7.5.1.2.5,Integer,102,
.1.3.6.1.4.1.12148.10.5.7.5.1.2.6,Integer,104,
.1.3.6.1.4.1.12148.10.5.7.5.1.2.7,Integer,97,
.1.3.6.1.4.1.12148.10.5.7.5.1.2.8,Integer,96,
.1.3.6.1.4.1.12148.10.5.7.5.1.2.9,Integer,100,
.1.3.6.1.4.1.12148.10.5.7.5.1.2.10,Integer,98,
.1.3.6.1.4.1.12148.10.5.7.5.1.2.11,Integer,108,
.1.3.6.1.4.1.12148.10.5.7.5.1.2.12,Integer,96,
.1.3.6.1.4.1.12148.10.5.7.5.1.2.13,Integer,103,
.1.3.6.1.4.1.12148.10.5.7.5.1.2.14,Integer,98,
.1.3.6.1.4.1.12148.10.5.7.5.1.2.15,Integer,101,
.1.3.6.1.4.1.12148.10.5.7.5.1.2.16,Integer,101,
.1.3.6.1.4.1.12148.10.5.7.5.1.2.17,Integer,95,
.1.3.6.1.4.1.12148.10.5.7.5.1.2.18,Integer,99,
.1.3.6.1.4.1.12148.10.5.7.5.1.2.19,Integer,96,
.1.3.6.1.4.1.12148.10.5.7.5.1.2.20,Integer,100,
.1.3.6.1.4.1.12148.10.5.7.5.1.2.21,Integer,98,
.1.3.6.1.4.1.12148.10.5.7.5.1.2.22,Integer,98,
.1.3.6.1.4.1.12148.10.5.7.5.1.2.23,Integer,100,
.1.3.6.1.4.1.12148.10.5.7.5.1.2.24,Integer,99,
.1.3.6.1.4.1.12148.10.5.7.5.1.2.25,Integer,95,
.1.3.6.1.4.1.12148.10.5.7.5.1.2.26,Integer,99,
.1.3.6.1.4.1.12148.10.5.7.5.1.2.27,Integer,105,
.1.3.6.1.4.1.12148.10.5.7.5.1.2.28,Integer,99,
.1.3.6.1.4.1.12148.10.5.7.5.1.2.29,Integer,93,
.1.3.6.1.4.1.12148.10.5.7.5.1.2.30,Integer,98,
.1.3.6.1.4.1.12148.10.5.7.5.1.2.31,Integer,98,
.1.3.6.1.4.1.12148.10.5.7.5.1.2.32,Integer,107,
.1.3.6.1.4.1.12148.10.5.7.5.1.2.33,Integer,94,
.1.3.6.1.4.1.12148.10.5.7.5.1.2.34,Integer,110,
.1.3.6.1.4.1.12148.10.5.7.5.1.2.35,Integer,87,
.1.3.6.1.4.1.12148.10.5.7.5.1.2.36,Integer,101,
.1.3.6.1.4.1.12148.10.5.7.5.1.2.37,Integer,99,
.1.3.6.1.4.1.12148.10.5.7.5.1.2.38,Integer,99,
.1.3.6.1.4.1.12148.10.5.7.5.1.2.39,Integer,102,
.1.3.6.1.4.1.12148.10.5.7.5.1.2.40,Integer,100,
.1.3.6.1.4.1.12148.10.5.7.5.1.2.41,Integer,105,
.1.3.6.1.4.1.12148.10.5.7.5.1.2.42,Integer,102,
.1.3.6.1.4.1.12148.10.5.7.5.1.2.43,Integer,98,
.1.3.6.1.4.1.12148.10.5.7.5.1.2.44,Integer,101,
.1.3.6.1.4.1.12148.10.5.7.5.1.2.45,Integer,98,
.1.3.6.1.4.1.12148.10.5.7.5.1.2.46,Integer,105,
.1.3.6.1.4.1.12148.10.5.7.5.1.2.47,Integer,99,
.1.3.6.1.4.1.12148.10.5.7.5.1.2.48,Integer,93,
.1.3.6.1.4.1.12148.10.5.7.5.1.2.49,Integer,98,
.1.3.6.1.4.1.12148.10.5.7.5.1.2.50,Integer,101,
.1.3.6.1.4.1.12148.10.5.7.5.1.2.51,Integer,98,
.1.3.6.1.4.1.12148.10.5.7.5.1.2.52,Integer,60,
.1.3.6.1.4.1.12148.10.5.7.6.0,Integer,52,
.1.3.6.1.4.1.12148.10.5.7.7.1.2.1,Integer,699,
.1.3.6.1.4.1.12148.10.5.7.7.1.2.2,Integer,694,
.1.3.6.1.4.1.12148.10.5.7.7.1.2.3,Integer,688,
.1.3.6.1.4.1.12148.10.5.7.7.1.2.4,Integer,695,
.1.3.6.1.4.1.12148.10.5.7.7.1.2.5,Integer,699,
.1.3.6.1.4.1.12148.10.5.7.7.1.2.6,Integer,708,
.1.3.6.1.4.1.12148.10.5.7.7.1.2.7,Integer,688,
.1.3.6.1.4.1.12148.10.5.7.7.1.2.8,Integer,690,
.1.3.6.1.4.1.12148.10.5.7.7.1.2.9,Integer,690,
.1.3.6.1.4.1.12148.10.5.7.7.1.2.10,Integer,695,
.1.3.6.1.4.1.12148.10.5.7.7.1.2.11,Integer,678,
.1.3.6.1.4.1.12148.10.5.7.7.1.2.12,Integer,694,
.1.3.6.1.4.1.12148.10.5.7.7.1.2.13,Integer,695,
.1.3.6.1.4.1.12148.10.5.7.7.1.2.14,Integer,704,
.1.3.6.1.4.1.12148.10.5.7.7.1.2.15,Integer,683,
.1.3.6.1.4.1.12148.10.5.7.7.1.2.16,Integer,694,
.1.3.6.1.4.1.12148.10.5.7.7.1.2.17,Integer,738,
.1.3.6.1.4.1.12148.10.5.7.7.1.2.18,Integer,698,
.1.3.6.1.4.1.12148.10.5.7.7.1.2.19,Integer,691,
.1.3.6.1.4.1.12148.10.5.7.7.1.2.20,Integer,705,
.1.3.6.1.4.1.12148.10.5.7.7.1.2.21,Integer,706,
.1.3.6.1.4.1.12148.10.5.7.7.1.2.22,Integer,689,
.1.3.6.1.4.1.12148.10.5.7.7.1.2.23,Integer,700,
.1.3.6.1.4.1.12148.10.5.7.7.1.2.24,Integer,675,
.1.3.6.1.4.1.12148.10.5.7.7.1.2.25,Integer,691,
.1.3.6.1.4.1.12148.10.5.7.7.1.2.26,Integer,683,
.1.3.6.1.4.1.12148.10.5.7.7.1.2.27,Integer,701,
.1.3.6.1.4.1.12148.10.5.7.7.1.2.28,Integer,689,
.1.3.6.1.4.1.12148.10.5.7.7.1.2.29,Integer,687,
.1.3.6.1.4.1.12148.10.5.7.7.1.2.30,Integer,667,
.1.3.6.1.4.1.12148.10.5.7.7.1.2.31,Integer,659,
.1.3.6.1.4.1.12148.10.5.7.7.1.2.32,Integer,649,
.1.3.6.1.4.1.12148.10.5.7.7.1.2.33,Integer,656,
.1.3.6.1.4.1.12148.10.5.7.7.1.2.34,Integer,639,
.1.3.6.1.4.1.12148.10.5.7.7.1.2.35,Integer,650,
.1.3.6.1.4.1.12148.10.5.7.7.1.2.36,Integer,642,
.1.3.6.1.4.1.12148.10.5.7.7.1.2.37,Integer,649,
.1.3.6.1.4.1.12148.10.5.7.7.1.2.38,Integer,661,
.1.3.6.1.4.1.12148.10.5.7.7.1.2.39,Integer,656,
.1.3.6.1.4.1.12148.10.5.7.7.1.2.40,Integer,666,
.1.3.6.1.4.1.12148.10.5.7.7.1.2.41,Integer,624,
.1.3.6.1.4.1.12148.10.5.7.7.1.2.42,Integer,639,
.1.3.6.1.4.1.12148.10.5.7.7.1.2.43,Integer,626,
.1.3.6.1.4.1.12148.10.5.7.7.1.2.44,Integer,642,
.1.3.6.1.4.1.12148.10.5.7.7.1.2.45,Integer,634,
.1.3.6.1.4.1.12148.10.5.7.7.1.2.46,Integer,629,
.1.3.6.1.4.1.12148.10.5.7.7.1.2.47,Integer,571,
.1.3.6.1.4.1.12148.10.5.7.7.1.2.48,Integer,572,
.1.3.6.1.4.1.12148.10.5.7.7.1.2.49,Integer,596,
.1.3.6.1.4.1.12148.10.5.7.7.1.2.50,Integer,581,
.1.3.6.1.4.1.12148.10.5.7.7.1.2.51,Integer,565,
.1.3.6.1.4.1.12148.10.5.7.7.1.2.52,Integer,549,
.1.3.6.1.4.1.12148.10.5.8.0,Integer,0,
.1.3.6.1.4.1.12148.10.5.18.1.0,Integer,4,
.1.3.6.1.4.1.12148.10.5.18.2.0,OctetString,[82 101 99 116 46 116 101 109 112 32 32 32 32 32 32 32],
.1.3.6.1.4.1.12148.10.5.18.4.0,Integer,0,
.1.3.6.1.4.1.12148.10.5.18.5.0,Integer,33,
.1.3.6.1.4.1.12148.10.5.18.6.0,Integer,80,
.1.3.6.1.4.1.12148.10.5.18.7.0,Integer,70,
.1.3.6.1.4.1.12148.10.5.18.8.0,Integer,-5,
.1.3.6.1.4.1.12148.10.5.18.9.0,Integer,-10,
.1.3.6.1.4.1.12148.10.5.20.0,Integer,1,
.1.3.6.1.4.1.12148.10.5.21.0,Integer,120,
.1.3.6.1.4.1.12148.10.6.1.0,Integer,0,
.1.3.6.1.4.1.12148.10.6.2.1.2.1,Integer,1,
.1.3.6.1.4.1.12148.10.6.2.1.3.1,Integer,0,
.1.3.6.1.4.1.12148.10.6.2.1.4.1,Integer,0,
.1.3.6.1.4.1.12148.10.6.2.1.5.1,Integer,0,
.1.3.6.1.4.1.12148.10.6.2.1.6.1,Integer,0,
.1.3.6.1.4.1.12148.10.6.2.1.7.1,Integer,0,
.1.3.6.1.4.1.12148.10.6.3.1.1.1,Integer,4,
.1.3.6.1.4.1.12148.10.6.3.1.2.1,OctetString,[68 99 68 99 32 99 117 114 114 101 110 116 32 32 32 32],
.1.3.6.1.4.1.12148.10.6.3.1.4.1,Integer,0,
.1.3.6.1.4.1.12148.10.6.3.1.5.1,Integer,0,
.1.3.6.1.4.1.12148.10.6.3.1.6.1,Integer,5000,
.1.3.6.1.4.1.12148.10.6.3.1.7.1,Integer,4000,
.1.3.6.1.4.1.12148.10.6.4.1.1.1,Integer,4,
.1.3.6.1.4.1.12148.10.6.4.1.2.1,OctetString,[68 99 68 99 32 99 97 112 97 99 105 116 121 32 32 32],
.1.3.6.1.4.1.12148.10.6.4.1.4.1,Integer,0,
.1.3.6.1.4.1.12148.10.6.4.1.5.1,Integer,0,
.1.3.6.1.4.1.12148.10.6.4.1.6.1,Integer,95,
.1.3.6.1.4.1.12148.10.6.4.1.7.1,Integer,90,
.1.3.6.1.4.1.12148.10.6.5.1.2.1.1,Integer,0,
.1.3.6.1.4.1.12148.10.6.5.1.3.1.1,Integer,0,
.1.3.6.1.4.1.12148.10.6.5.1.4.1.1,Integer,0,
.1.3.6.1.4.1.12148.10.6.5.1.5.1.1,OctetString,[],
.1.3.6.1.4.1.12148.10.6.5.1.6.1.1,OctetString,[],
.1.3.6.1.4.1.12148.10.6.5.1.7.1.1,OctetString,[],
.1.3.6.1.4.1.12148.10.6.5.1.8.1.1,OctetString,[],
.1.3.6.1.4.1.12148.10.6.5.1.9.1.1,OctetString,[],
.1.3.6.1.4.1.12148.10.6.6.1.1.1,Integer,1,
.1.3.6.1.4.1.12148.10.6.6.1.2.1,OctetString,[68 99 68 99 32 101 114 114 111 114 32 32 32 32 32 32],
.1.3.6.1.4.1.12148.10.6.6.1.4.1,Integer,1,
.1.3.6.1.4.1.12148.10.6.6.1.5.1,Integer,0,
.1.3.6.1.4.1.12148.10.6.6.1.6.1,Integer,2,
.1.3.6.1.4.1.12148.10.6.6.1.7.1,Integer,1,
.1.3.6.1.4.1.12148.10.7.1.0,Integer,1,
.1.3.6.1.4.1.12148.10.7.2.1.0,Integer,4,
.1.3.6.1.4.1.12148.10.7.2.2.0,OctetString,[83 111 108 97 114 32 99 117 114 114 101 110 116 32 32 32],
.1.3.6.1.4.1.12148.10.7.2.4.0,Integer,0,
.1.3.6.1.4.1.12148.10.7.2.5.0,Integer,0,
.1.3.6.1.4.1.12148.10.7.2.6.0,Integer,5000,
.1.3.6.1.4.1.12148.10.7.2.7.0,Integer,4000,
.1.3.6.1.4.1.12148.10.7.4.1.0,Integer,4,
.1.3.6.1.4.1.12148.10.7.4.2.0,OctetString,[83 111 108 97 114 32 101 114 114 111 114 32 32 32 32 32],
.1.3.6.1.4.1.12148.10.7.4.4.0,Integer,0,
.1.3.6.1.4.1.12148.10.7.4.5.0,Integer,4,
.1.3.6.1.4.1.12148.10.7.4.6.0,Integer,2,
.1.3.6.1.4.1.12148.10.7.4.7.0,Integer,1,
.1.3.6.1.4.1.12148.10.7.5.0,Integer,4,
.1.3.6.1.4.1.12148.10.7.6.1.2.1,Integer,0,
.1.3.6.1.4.1.12148.10.7.6.1.2.2,Integer,0,
.1.3.6.1.4.1.12148.10.7.6.1.2.3,Integer,0,
.1.3.6.1.4.1.12148.10.7.6.1.2.4,Integer,0,
.1.3.6.1.4.1.12148.10.7.6.1.3.1,Integer,0,
.1.3.6.1.4.1.12148.10.7.6.1.3.2,Integer,0,
.1.3.6.1.4.1.12148.10.7.6.1.3.3,Integer,0,
.1.3.6.1.4.1.12148.10.7.6.1.3.4,Integer,0,
.1.3.6.1.4.1.12148.10.7.6.1.4.1,Integer,0,
.1.3.6.1.4.1.12148.10.7.6.1.4.2,Integer,0,
.1.3.6.1.4.1.12148.10.7.6.1.4.3,Integer,0,
.1.3.6.1.4.1.12148.10.7.6.1.4.4,Integer,0,
.1.3.6.1.4.1.12148.10.7.6.1.5.1,OctetString,[],
.1.3.6.1.4.1.12148.10.7.6.1.5.2,OctetString,[],
.1.3.6.1.4.1.12148.10.7.6.1.5.3,OctetString,[],
.1.3.6.1.4.1.12148.10.7.6.1.5.4,OctetString,[],
.1.3.6.1.4.1.12148.10.7.6.1.6.1,OctetString,[],
.1.3.6.1.4.1.12148.10.7.6.1.6.2,OctetString,[],
.1.3.6.1.4.1.12148.10.7.6.1.6.3,OctetString,[],
.1.3.6.1.4.1.12148.10.7.6.1.6.4,OctetString,[],
.1.3.6.1.4.1.12148.10.7.6.1.7.1,OctetString,[],
.1.3.6.1.4.1.12148.10.7.6.1.7.2,OctetString,[],
.1.3.6.1.4.1.12148.10.7.6.1.7.3,OctetString,[],
.1.3.6.1.4.1.12148.10.7.6.1.7.4,OctetString,[],
.1.3.6.1.4.1.12148.10.7.6.1.8.1,OctetString,[],
.1.3.6.1.4.1.12148.10.7.6.1.8.2,OctetString,[],
.1.3.6.1.4.1.12148.10.7.6.1.8.3,OctetString,[],
.1.3.6.1.4.1.12148.10.7.6.1.8.4,OctetString,[],
.1.3.6.1.4.1.12148.10.7.6.1.9.1,OctetString,[],
.1.3.6.1.4.1.12148.10.7.6.1.9.2,OctetString,[],
.1.3.6.1.4.1.12148.10.7.6.1.9.3,OctetString,[],
.1.3.6.1.4.1.12148.10.7.6.1.9.4,OctetString,[],
.1.3.6.1.4.1.12148.10.7.7.1.0,Integer,0,
.1.3.6.1.4.1.12148.10.7.7.2.0,Integer,52,
.1.3.6.1.4.1.12148.10.7.7.3.1.2.1,Integer,0,
.1.3.6.1.4.1.12148.10.7.7.3.1.2.2,Integer,0,
.1.3.6.1.4.1.12148.10.7.7.3.1.2.3,Integer,0,
.1.3.6.1.4.1.12148.10.7.7.3.1.2.4,Integer,0,
.1.3.6.1.4.1.12148.10.7.7.3.1.2.5,Integer,0,
.1.3.6.1.4.1.12148.10.7.7.3.1.2.6,Integer,0,
.1.3.6.1.4.1.12148.10.7.7.3.1.2.7,Integer,0,
.1.3.6.1.4.1.12148.10.7.7.3.1.2.8,Integer,0,
.1.3.6.1.4.1.12148.10.7.7.3.1.2.9,Integer,0,
.1.3.6.1.4.1.12148.10.7.7.3.1.2.10,Integer,0,
.1.3.6.1.4.1.12148.10.7.7.3.1.2.11,Integer,0,
.1.3.6.1.4.1.12148.10.7.7.3.1.2.12,Integer,0,
.1.3.6.1.4.1.12148.10.7.7.3.1.2.13,Integer,0,
.1.3.6.1.4.1.12148.10.7.7.3.1.2.14,Integer,0,
.1.3.6.1.4.1.12148.10.7.7.3.1.2.15,Integer,0,
.1.3.6.1.4.1.12148.10.7.7.3.1.2.16,Integer,0,
.1.3.6.1.4.1.12148.10.7.7.3.1.2.17,Integer,0,
.1.3.6.1.4.1.12148.10.7.7.3.1.2.18,Integer,0,
.1.3.6.1.4.1.12148.10.7.7.3.1.2.19,Integer,0,
.1.3.6.1.4.1.12148.10.7.7.3.1.2.20,Integer,0,
.1.3.6.1.4.1.12148.10.7.7.3.1.2.21,Integer,0,
.1.3.6.1.4.1.12148.10.7.7.3.1.2.22,Integer,0,
.1.3.6.1.4.1.12148.10.7.7.3.1.2.23,Integer,0,
.1.3.6.1.4.1.12148.10.7.7.3.1.2.24,Integer,0,
.1.3.6.1.4.1.12148.10.7.7.3.1.2.25,Integer,0,
.1.3.6.1.4.1.12148.10.7.7.3.1.2.26,Integer,0,
.1.3.6.1.4.1.12148.10.7.7.3.1.2.27,Integer,0,
.1.3.6.1.4.1.12148.10.7.7.3.1.2.28,Integer,0,
.1.3.6.1.4.1.12148.10.7.7.3.1.2.29,Integer,0,
.1.3.6.1.4.1.12148.10.7.7.3.1.2.30,Integer,0,
.1.3.6.1.4.1.12148.10.7.7.3.1.2.31,Integer,0,
.1.3.6.1.4.1.12148.10.7.7.3.1.2.32,Integer,0,
.1.3.6.1.4.1.12148.10.7.7.3.1.2.33,Integer,0,
.1.3.6.1.4.1.12148.10.7.7.3.1.2.34,Integer,0,
.1.3.6.1.4.1.12148.10.7.7.3.1.2.35,Integer,0,
.1.3.6.1.4.1.12148.10.7.7.3.1.2.36,Integer,0,
.1.3.6.1.4.1.12148.10.7.7.3.1.2.37,Integer,0,
.1.3.6.1.4.1.12148.10.7.7.3.1.2.38,Integer,0,
.1.3.6.1.4.1.12148.10.7.7.3.1.2.39,Integer,0,
.1.3.6.1.4.1.12148.10.7.7.3.1.2.40,Integer,0,
.1.3.6.1.4.1.12148.10.7.7.3.1.2.41,Integer,0,
.1.3.6.1.4.1.12148.10.7.7.3.1.2.42,Integer,0,
.1.3.6.1.4.1.12148.10.7.7.3.1.2.43,Integer,0,
.1.3.6.1.4.1.12148.10.7.7.3.1.2.44,Integer,0,
.1.3.6.1.4.1.12148.10.7.7.3.1.2.45,Integer,0,
.1.3.6.1.4.1.12148.10.7.7.3.1.2.46,Integer,0,
.1.3.6.1.4.1.12148.10.7.7.3.1.2.47,Integer,0,
.1.3.6.1.4.1.12148.10.7.7.3.1.2.48,Integer,0,
.1.3.6.1.4.1.12148.10.7.7.3.1.2.49,Integer,0,
.1.3.6.1.4.1.12148.10.7.7.3.1.2.50,Integer,0,
.1.3.6.1.4.1.12148.10.7.7.3.1.2.51,Integer,0,
.1.3.6.1.4.1.12148.10.7.7.3.1.2.52,Integer,0,
.1.3.6.1.4.1.12148.10.7.7.4.0,Integer,52,
.1.3.6.1.4.1.12148.10.7.7.5.1.2.1,Integer,0,
.1.3.6.1.4.1.12148.10.7.7.5.1.2.2,Integer,0,
.1.3.6.1.4.1.12148.10.7.7.5.1.2.3,Integer,0,
.1.3.6.1.4.1.12148.10.7.7.5.1.2.4,Integer,0,
.1.3.6.1.4.1.12148.10.7.7.5.1.2.5,Integer,0,
.1.3.6.1.4.1.12148.10.7.7.5.1.2.6,Integer,0,
.1.3.6.1.4.1.12148.10.7.7.5.1.2.7,Integer,0,
.1.3.6.1.4.1.12148.10.7.7.5.1.2.8,Integer,0,
.1.3.6.1.4.1.12148.10.7.7.5.1.2.9,Integer,0,
.1.3.6.1.4.1.12148.10.7.7.5.1.2.10,Integer,0,
.1.3.6.1.4.1.12148.10.7.7.5.1.2.11,Integer,0,
.1.3.6.1.4.1.12148.10.7.7.5.1.2.12,Integer,0,
.1.3.6.1.4.1.12148.10.7.7.5.1.2.13,Integer,0,
.1.3.6.1.4.1.12148.10.7.7.5.1.2.14,Integer,0,
.1.3.6.1.4.1.12148.10.7.7.5.1.2.15,Integer,0,
.1.3.6.1.4.1.12148.10.7.7.5.1.2.16,Integer,0,
.1.3.6.1.4.1.12148.10.7.7.5.1.2.17,Integer,0,
.1.3.6.1.4.1.12148.10.7.7.5.1.2.18,Integer,0,
.1.3.6.1.4.1.12148.10.7.7.5.1.2.19,Integer,0,
.1.3.6.1.4.1.12148.10.7.7.5.1.2.20,Integer,0,
.1.3.6.1.4.1.12148.10.7.7.5.1.2.21,Integer,0,
.1.3.6.1.4.1.12148.10.7.7.5.1.2.22,Integer,0,
.1.3.6.1.4.1.12148.10.7.7.5.1.2.23,Integer,0,
.1.3.6.1.4.1.12148.10.7.7.5.1.2.24,Integer,0,
.1.3.6.1.4.1.12148.10.7.7.5.1.2.25,Integer,0,
.1.3.6.1.4.1.12148.10.7.7.5.1.2.26,Integer,0,
.1.3.6.1.4.1.12148.10.7.7.5.1.2.27,Integer,0,
.1.3.6.1.4.1.12148.10.7.7.5.1.2.28,Integer,0,
.1.3.6.1.4.1.12148.10.7.7.5.1.2.29,Integer,0,
.1.3.6.1.4.1.12148.10.7.7.5.1.2.30,Integer,0,
.1.3.6.1.4.1.12148.10.7.7.5.1.2.31,Integer,0,
.1.3.6.1.4.1.12148.10.7.7.5.1.2.32,Integer,0,
.1.3.6.1.4.1.12148.10.7.7.5.1.2.33,Integer,0,
.1.3.6.1.4.1.12148.10.7.7.5.1.2.34,Integer,0,
.1.3.6.1.4.1.12148.10.7.7.5.1.2.35,Integer,0,
.1.3.6.1.4.1.12148.10.7.7.5.1.2.36,Integer,0,
.1.3.6.1.4.1.12148.10.7.7.5.1.2.37,Integer,0,
.1.3.6.1.4.1.12148.10.7.7.5.1.2.38,Integer,0,
.1.3.6.1.4.1.12148.10.7.7.5.1.2.39,Integer,0,
.1.3.6.1.4.1.12148.10.7.7.5.1.2.40,Integer,0,
.1.3.6.1.4.1.12148.10.7.7.5.1.2.41,Integer,0,
.1.3.6.1.4.1.12148.10.7.7.5.1.2.42,Integer,0,
.1.3.6.1.4.1.12148.10.7.7.5.1.2.43,Integer,0,
.1.3.6.1.4.1.12148.10.7.7.5.1.2.44,Integer,0,
.1.3.6.1.4.1.12148.10.7.7.5.1.2.45,Integer,0,
.1.3.6.1.4.1.12148.10.7.7.5.1.2.46,Integer,0,
.1.3.6.1.4.1.12148.10.7.7.5.1.2.47,Integer,0,
.1.3.6.1.4.1.12148.10.7.7.5.1.2.48,Integer,0,
.1.3.6.1.4.1.12148.10.7.7.5.1.2.49,Integer,0,
.1.3.6.1.4.1.12148.10.7.7.5.1.2.50,Integer,0,
.1.3.6.1.4.1.12148.10.7.7.5.1.2.51,Integer,0,
.1.3.6.1.4.1.12148.10.7.7.5.1.2.52,Integer,0,
.1.3.6.1.4.1.12148.10.7.7.6.0,Integer,52,
.1.3.6.1.4.1.12148.10.7.7.7.1.2.1,Integer,0,
.1.3.6.1.4.1.12148.10.7.7.7.1.2.2,Integer,0,
.1.3.6.1.4.1.12148.10.7.7.7.1.2.3,Integer,0,
.1.3.6.1.4.1.12148.10.7.7.7.1.2.4,Integer,0,
.1.3.6.1.4.1.12148.10.7.7.7.1.2.5,Integer,0,
.1.3.6.1.4.1.12148.10.7.7.7.1.2.6,Integer,0,
.1.3.6.1.4.1.12148.10.7.7.7.1.2.7,Integer,0,
.1.3.6.1.4.1.12148.10.7.7.7.1.2.8,Integer,0,
.1.3.6.1.4.1.12148.10.7.7.7.1.2.9,Integer,0,
.1.3.6.1.4.1.12148.10.7.7.7.1.2.10,Integer,0,
.1.3.6.1.4.1.12148.10.7.7.7.1.2.11,Integer,0,
.1.3.6.1.4.1.12148.10.7.7.7.1.2.12,Integer,0,
.1.3.6.1.4.1.12148.10.7.7.7.1.2.13,Integer,0,
.1.3.6.1.4.1.12148.10.7.7.7.1.2.14,Integer,0,
.1.3.6.1.4.1.12148.10.7.7.7.1.2.15,Integer,0,
.1.3.6.1.4.1.12148.10.7.7.7.1.2.16,Integer,0,
.1.3.6.1.4.1.12148.10.7.7.7.1.2.17,Integer,0,
.1.3.6.1.4.1.12148.10.7.7.7.1.2.18,Integer,0,
.1.3.6.1.4.1.12148.10.7.7.7.1.2.19,Integer,0,
.1.3.6.1.4.1.12148.10.7.7.7.1.2.20,Integer,0,
.1.3.6.1.4.1.12148.10.7.7.7.1.2.21,Integer,0,
.1.3.6.1.4.1.12148.10.7.7.7.1.2.22,Integer,0,
.1.3.6.1.4.1.12148.10.7.7.7.1.2.23,Integer,0,
.1.3.6.1.4.1.12148.10.7.7.7.1.2.24,Integer,0,
.1.3.6.1.4.1.12148.10.7.7.7.1.2.25,Integer,0,
.1.3.6.1.4.1.12148.10.7.7.7.1.2.26,Integer,0,
.1.3.6.1.4.1.12148.10.7.7.7.1.2.27,Integer,0,
.1.3.6.1.4.1.12148.10.7.7.7.1.2.28,Integer,0,
.1.3.6.1.4.1.12148.10.7.7.7.1.2.29,Integer,0,
.1.3.6.1.4.1.12148.10.7.7.7.1.2.30,Integer,0,
.1.3.6.1.4.1.12148.10.7.7.7.1.2.31,Integer,0,
.1.3.6.1.4.1.12148.10.7.7.7.1.2.32,Integer,0,
.1.3.6.1.4.1.12148.10.7.7.7.1.2.33,Integer,0,
.1.3.6.1.4.1.12148.10.7.7.7.1.2.34,Integer,0,
.1.3.6.1.4.1.12148.10.7.7.7.1.2.35,Integer,0,
.1.3.6.1.4.1.12148.10.7.7.7.1.2.36,Integer,0,
.1.3.6.1.4.1.12148.10.7.7.7.1.2.37,Integer,0,
.1.3.6.1.4.1.12148.10.7.7.7.1.2.38,Integer,0,
.1.3.6.1.4.1.12148.10.7.7.7.1.2.39,Integer,0,
.1.3.6.1.4.1.12148.10.7.7.7.1.2.40,Integer,0,
.1.3.6.1.4.1.12148.10.7.7.7.1.2.41,Integer,0,
.1.3.6.1.4.1.12148.10.7.7.7.1.2.42,Integer,0,
.1.3.6.1.4.1.12148.10.7.7.7.1.2.43,Integer,0,
.1.3.6.1.4.1.12148.10.7.7.7.1.2.44,Integer,0,
.1.3.6.1.4.1.12148.10.7.7.7.1.2.45,Integer,0,
.1.3.6.1.4.1.12148.10.7.7.7.1.2.46,Integer,0,
.1.3.6.1.4.1.12148.10.7.7.7.1.2.47,Integer,0,
.1.3.6.1.4.1.12148.10.7.7.7.1.2.48,Integer,0,
.1.3.6.1.4.1.12148.10.7.7.7.1.2.49,Integer,0,
.1.3.6.1.4.1.12148.10.7.7.7.1.2.50,Integer,0,
.1.3.6.1.4.1.12148.10.7.7.7.1.2.51,Integer,0,
.1.3.6.1.4.1.12148.10.7.7.7.1.2.52,Integer,0,
.1.3.6.1.4.1.12148.10.7.8.0,Integer,4,
.1.3.6.1.4.1.12148.10.8.1.0,Integer,1,
.1.3.6.1.4.1.12148.10.8.2.1.0,Integer,4,
.1.3.6.1.4.1.12148.10.8.2.2.0,OctetString,[87 105 110 100 32 99 117 114 114 101 110 116 32 32 32 32],
.1.3.6.1.4.1.12148.10.8.2.4.0,Integer,0,
.1.3.6.1.4.1.12148.10.8.2.5.0,Integer,0,
.1.3.6.1.4.1.12148.10.8.2.6.0,Integer,5000,
.1.3.6.1.4.1.12148.10.8.2.7.0,Integer,4000,
.1.3.6.1.4.1.12148.10.8.4.1.0,Integer,1,
.1.3.6.1.4.1.12148.10.8.4.2.0,OctetString,[87 105 110 100 32 101 114 114 111 114 32 32 32 32 32 32],
.1.3.6.1.4.1.12148.10.8.4.4.0,Integer,1,
.1.3.6.1.4.1.12148.10.8.4.5.0,Integer,0,
.1.3.6.1.4.1.12148.10.8.4.6.0,Integer,2,
.1.3.6.1.4.1.12148.10.8.4.7.0,Integer,1,
.1.3.6.1.4.1.12148.10.8.5.0,Integer,0,
.1.3.6.1.4.1.12148.10.8.7.1.0,Integer,0,
.1.3.6.1.4.1.12148.10.8.7.2.0,Integer,52,
.1.3.6.1.4.1.12148.10.8.7.3.1.2.1,Integer,0,
.1.3.6.1.4.1.12148.10.8.7.3.1.2.2,Integer,0,
.1.3.6.1.4.1.12148.10.8.7.3.1.2.3,Integer,0,
.1.3.6.1.4.1.12148.10.8.7.3.1.2.4,Integer,0,
.1.3.6.1.4.1.12148.10.8.7.3.1.2.5,Integer,0,
.1.3.6.1.4.1.12148.10.8.7.3.1.2.6,Integer,0,
.1.3.6.1.4.1.12148.10.8.7.3.1.2.7,Integer,0,
.1.3.6.1.4.1.12148.10.8.7.3.1.2.8,Integer,0,
.1.3.6.1.4.1.12148.10.8.7.3.1.2.9,Integer,0,
.1.3.6.1.4.1.12148.10.8.7.3.1.2.10,Integer,0,
.1.3.6.1.4.1.12148.10.8.7.3.1.2.11,Integer,0,
.1.3.6.1.4.1.12148.10.8.7.3.1.2.12,Integer,0,
.1.3.6.1.4.1.12148.10.8.7.3.1.2.13,Integer,0,
.1.3.6.1.4.1.12148.10.8.7.3.1.2.14,Integer,0,
.1.3.6.1.4.1.12148.10.8.7.3.1.2.15,Integer,0,
.1.3.6.1.4.1.12148.10.8.7.3.1.2.16,Integer,0,
.1.3.6.1.4.1.12148.10.8.7.3.1.2.17,Integer,0,
.1.3.6.1.4.1.12148.10.8.7.3.1.2.18,Integer,0,
.1.3.6.1.4.1.12148.10.8.7.3.1.2.19,Integer,0,
.1.3.6.1.4.1.12148.10.8.7.3.1.2.20,Integer,0,
.1.3.6.1.4.1.12148.10.8.7.3.1.2.21,Integer,0,
.1.3.6.1.4.1.12148.10.8.7.3.1.2.22,Integer,0,
.1.3.6.1.4.1.12148.10.8.7.3.1.2.23,Integer,0,
.1.3.6.1.4.1.12148.10.8.7.3.1.2.24,Integer,0,
.1.3.6.1.4.1.12148.10.8.7.3.1.2.25,Integer,0,
.1.3.6.1.4.1.12148.10.8.7.3.1.2.26,Integer,0,
.1.3.6.1.4.1.12148.10.8.7.3.1.2.27,Integer,0,
.1.3.6.1.4.1.12148.10.8.7.3.1.2.28,Integer,0,
.1.3.6.1.4.1.12148.10.8.7.3.1.2.29,Integer,0,
.1.3.6.1.4.1.12148.10.8.7.3.1.2.30,Integer,0,
.1.3.6.1.4.1.12148.10.8.7.3.1.2.31,Integer,0,
.1.3.6.1.4.1.12148.10.8.7.3.1.2.32,Integer,0,
.1.3.6.1.4.1.12148.10.8.7.3.1.2.33,Integer,0,
.1.3.6.1.4.1.12148.10.8.7.3.1.2.34,Integer,0,
.1.3.6.1.4.1.12148.10.8.7.3.1.2.35,Integer,0,
.1.3.6.1.4.1.12148.10.8.7.3.1.2.36,Integer,0,
.1.3.6.1.4.1.12148.10.8.7.3.1.2.37,Integer,0,
.1.3.6.1.4.1.12148.10.8.7.3.1.2.38,Integer,0,
.1.3.6.1.4.1.12148.10.8.7.3.1.2.39,Integer,0,
.1.3.6.1.4.1.12148.10.8.7.3.1.2.40,Integer,0,
.1.3.6.1.4.1.12148.10.8.7.3.1.2.41,Integer,0,
.1.3.6.1.4.1.12148.10.8.7.3.1.2.42,Integer,0,
.1.3.6.1.4.1.12148.10.8.7.3.1.2.43,Integer,0,
.1.3.6.1.4.1.12148.10.8.7.3.1.2.44,Integer,0,
.1.3.6.1.4.1.12148.10.8.7.3.1.2.45,Integer,0,
.1.3.6.1.4.1.12148.10.8.7.3.1.2.46,Integer,0,
.1.3.6.1.4.1.12148.10.8.7.3.1.2.47,Integer,0,
.1.3.6.1.4.1.12148.10.8.7.3.1.2.48,Integer,0,
.1.3.6.1.4.1.12148.10.8.7.3.1.2.49,Integer,0,
.1.3.6.1.4.1.12148.10.8.7.3.1.2.50,Integer,0,
.1.3.6.1.4.1.12148.10.8.7.3.1.2.51,Integer,0,
.1.3.6.1.4.1.12148.10.8.7.3.1.2.52,Integer,0,
.1.3.6.1.4.1.12148.10.8.7.4.0,Integer,52,
.1.3.6.1.4.1.12148.10.8.7.5.1.2.1,Integer,0,
.1.3.6.1.4.1.12148.10.8.7.5.1.2.2,Integer,0,
.1.3.6.1.4.1.12148.10.8.7.5.1.2.3,Integer,0,
.1.3.6.1.4.1.12148.10.8.7.5.1.2.4,Integer,0,
.1.3.6.1.4.1.12148.10.8.7.5.1.2.5,Integer,0,
.1.3.6.1.4.1.12148.10.8.7.5.1.2.6,Integer,0,
.1.3.6.1.4.1.12148.10.8.7.5.1.2.7,Integer,0,
.1.3.6.1.4.1.12148.10.8.7.5.1.2.8,Integer,0,
.1.3.6.1.4.1.12148.10.8.7.5.1.2.9,Integer,0,
.1.3.6.1.4.1.12148.10.8.7.5.1.2.10,Integer,0,
.1.3.6.1.4.1.12148.10.8.7.5.1.2.11,Integer,0,
.1.3.6.1.4.1.12148.10.8.7.5.1.2.12,Integer,0,
.1.3.6.1.4.1.12148.10.8.7.5.1.2.13,Integer,0,
.1.3.6.1.4.1.12148.10.8.7.5.1.2.14,Integer,0,
.1.3.6.1.4.1.12148.10.8.7.5.1.2.15,Integer,0,
.1.3.6.1.4.1.12148.10.8.7.5.1.2.16,Integer,0,
.1.3.6.1.4.1.12148.10.8.7.5.1.2.17,Integer,0,
.1.3.6.1.4.1.12148.10.8.7.5.1.2.18,Integer,0,
.1.3.6.1.4.1.12148.10.8.7.5.1.2.19,Integer,0,
.1.3.6.1.4.1.12148.10.8.7.5.1.2.20,Integer,0,
.1.3.6.1.4.1.12148.10.8.7.5.1.2.21,Integer,0,
.1.3.6.1.4.1.12148.10.8.7.5.1.2.22,Integer,0,
.1.3.6.1.4.1.12148.10.8.7.5.1.2.23,Integer,0,
.1.3.6.1.4.1.12148.10.8.7.5.1.2.24,Integer,0,
.1.3.6.1.4.1.12148.10.8.7.5.1.2.25,Integer,0,
.1.3.6.1.4.1.12148.10.8.7.5.1.2.26,Integer,0,
.1.3.6.1.4.1.12148.10.8.7.5.1.2.27,Integer,0,
.1.3.6.1.4.1.12148.10.8.7.5.1.2.28,Integer,0,
.1.3.6.1.4.1.12148.10.8.7.5.1.2.29,Integer,0,
.1.3.6.1.4.1.12148.10.8.7.5.1.2.30,Integer,0,
.1.3.6.1.4.1.12148.10.8.7.5.1.2.31,Integer,0,
.1.3.6.1.4.1.12148.10.8.7.5.1.2.32,Integer,0,
.1.3.6.1.4.1.12148.10.8.7.5.1.2.33,Integer,0,
.1.3.6.1.4.1.12148.10.8.7.5.1.2.34,Integer,0,
.1.3.6.1.4.1.12148.10.8.7.5.1.2.35,Integer,0,
.1.3.6.1.4.1.12148.10.8.7.5.1.2.36,Integer,0,
.1.3.6.1.4.1.12148.10.8.7.5.1.2.37,Integer,0,
.1.3.6.1.4.1.12148.10.8.7.5.1.2.38,Integer,0,
.1.3.6.1.4.1.12148.10.8.7.5.1.2.39,Integer,0,
.1.3.6.1.4.1.12148.10.8.7.5.1.2.40,Integer,0,
.1.3.6.1.4.1.12148.10.8.7.5.1.2.41,Integer,0,
.1.3.6.1.4.1.12148.10.8.7.5.1.2.42,Integer,0,
.1.3.6.1.4.1.12148.10.8.7.5.1.2.43,Integer,0,
.1.3.6.1.4.1.12148.10.8.7.5.1.2.44,Integer,0,
.1.3.6.1.4.1.12148.10.8.7.5.1.2.45,Integer,0,
.1.3.6.1.4.1.12148.10.8.7.5.1.2.46,Integer,0,
.1.3.6.1.4.1.12148.10.8.7.5.1.2.47,Integer,0,
.1.3.6.1.4.1.12148.10.8.7.5.1.2.48,Integer,0,
.1.3.6.1.4.1.12148.10.8.7.5.1.2.49,Integer,0,
.1.3.6.1.4.1.12148.10.8.7.5.1.2.50,Integer,0,
.1.3.6.1.4.1.12148.10.8.7.5.1.2.51,Integer,0,
.1.3.6.1.4.1.12148.10.8.7.5.1.2.52,Integer,0,
.1.3.6.1.4.1.12148.10.8.7.6.0,Integer,52,
.1.3.6.1.4.1.12148.10.8.7.7.1.2.1,Integer,0,
.1.3.6.1.4.1.12148.10.8.7.7.1.2.2,Integer,0,
.1.3.6.1.4.1.12148.10.8.7.7.1.2.3,Integer,0,
.1.3.6.1.4.1.12148.10.8.7.7.1.2.4,Integer,0,
.1.3.6.1.4.1.12148.10.8.7.7.1.2.5,Integer,0,
.1.3.6.1.4.1.12148.10.8.7.7.1.2.6,Integer,0,
.1.3.6.1.4.1.12148.10.8.7.7.1.2.7,Integer,0,
.1.3.6.1.4.1.12148.10.8.7.7.1.2.8,Integer,0,
.1.3.6.1.4.1.12148.10.8.7.7.1.2.9,Integer,0,
.1.3.6.1.4.1.12148.10.8.7.7.1.2.10,Integer,0,
.1.3.6.1.4.1.12148.10.8.7.7.1.2.11,Integer,0,
.1.3.6.1.4.1.12148.10.8.7.7.1.2.12,Integer,0,
.1.3.6.1.4.1.12148.10.8.7.7.1.2.13,Integer,0,
.1.3.6.1.4.1.12148.10.8.7.7.1.2.14,Integer,0,
.1.3.6.1.4.1.12148.10.8.7.7.1.2.15,Integer,0,
.1.3.6.1.4.1.12148.10.8.7.7.1.2.16,Integer,0,
.1.3.6.1.4.1.12148.10.8.7.7.1.2.17,Integer,0,
.1.3.6.1.4.1.12148.10.8.7.7.1.2.18,Integer,0,
.1.3.6.1.4.1.12148.10.8.7.7.1.2.19,Integer,0,
.1.3.6.1.4.1.12148.10.8.7.7.1.2.20,Integer,0,
.1.3.6.1.4.1.12148.10.8.7.7.1.2.21,Integer,0,
.1.3.6.1.4.1.12148.10.8.7.7.1.2.22,Integer,0,
.1.3.6.1.4.1.12148.10.8.7.7.1.2.23,Integer,0,
.1.3.6.1.4.1.12148.10.8.7.7.1.2.24,Integer,0,
.1.3.6.1.4.1.12148.10.8.7.7.1.2.25,Integer,0,
.1.3.6.1.4.1.12148.10.8.7.7.1.2.26,Integer,0,
.1.3.6.1.4.1.12148.10.8.7.7.1.2.27,Integer,0,
.1.3.6.1.4.1.12148.10.8.7.7.1.2.28,Integer,0,
.1.3.6.1.4.1.12148.10.8.7.7.1.2.29,Integer,0,
.1.3.6.1.4.1.12148.10.8.7.7.1.2.30,Integer,0,
.1.3.6.1.4.1.12148.10.8.7.7.1.2.31,Integer,0,
.1.3.6.1.4.1.12148.10.8.7.7.1.2.32,Integer,0,
.1.3.6.1.4.1.12148.10.8.7.7.1.2.33,Integer,0,
.1.3.6.1.4.1.12148.10.8.7.7.1.2.34,Integer,0,
.1.3.6.1.4.1.12148.10.8.7.7.1.2.35,Integer,0,
.1.3.6.1.4.1.12148.10.8.7.7.1.2.36,Integer,0,
.1.3.6.1.4.1.12148.10.8.7.7.1.2.37,Integer,0,
.1.3.6.1.4.1.12148.10.8.7.7.1.2.38,Integer,0,
.1.3.6.1.4.1.12148.10.8.7.7.1.2.39,Integer,0,
.1.3.6.1.4.1.12148.10.8.7.7.1.2.40,Integer,0,
.1.3.6.1.4.1.12148.10.8.7.7.1.2.41,Integer,0,
.1.3.6.1.4.1.12148.10.8.7.7.1.2.42,Integer,0,
.1.3.6.1.4.1.12148.10.8.7.7.1.2.43,Integer,0,
.1.3.6.1.4.1.12148.10.8.7.7.1.2.44,Integer,0,
.1.3.6.1.4.1.12148.10.8.7.7.1.2.45,Integer,0,
.1.3.6.1.4.1.12148.10.8.7.7.1.2.46,Integer,0,
.1.3.6.1.4.1.12148.10.8.7.7.1.2.47,Integer,0,
.1.3.6.1.4.1.12148.10.8.7.7.1.2.48,Integer,0,
.1.3.6.1.4.1.12148.10.8.7.7.1.2.49,Integer,0,
.1.3.6.1.4.1.12148.10.8.7.7.1.2.50,Integer,0,
.1.3.6.1.4.1.12148.10.8.7.7.1.2.51,Integer,0,
.1.3.6.1.4.1.12148.10.8.7.7.1.2.52,Integer,0,
.1.3.6.1.4.1.12148.10.9.1.0,Integer,1,
.1.3.6.1.4.1.12148.10.9.2.1.0,Integer,1,
.1.3.6.1.4.1.12148.10.9.2.2.0,OctetString,[76 111 97 100 67 117 114 114 101 110 116 32 32 32 32 32],
.1.3.6.1.4.1.12148.10.9.2.4.0,Integer,1,
.1.3.6.1.4.1.12148.10.9.2.5.0,Integer,98,
.1.3.6.1.4.1.12148.10.9.2.6.0,Integer,150,
.1.3.6.1.4.1.12148.10.9.2.7.0,Integer,120,
.1.3.6.1.4.1.12148.10.9.3.0,Integer,1,
.1.3.6.1.4.1.12148.10.9.4.0,Integer,2,
.1.3.6.1.4.1.12148.10.9.5.1.2.1,Integer,1,
.1.3.6.1.4.1.12148.10.9.5.1.2.2,Integer,2,
.1.3.6.1.4.1.12148.10.9.5.1.3.1,Integer,2,
.1.3.6.1.4.1.12148.10.9.5.1.3.2,Integer,2,
.1.3.6.1.4.1.12148.10.9.5.1.4.1,Integer,0,
.1.3.6.1.4.1.12148.10.9.5.1.4.2,Integer,0,
.1.3.6.1.4.1.12148.10.9.6.1.2.1.1,Integer,1,
.1.3.6.1.4.1.12148.10.9.6.1.2.1.2,Integer,1,
.1.3.6.1.4.1.12148.10.9.6.1.2.2.1,Integer,2,
.1.3.6.1.4.1.12148.10.9.6.1.2.2.2,Integer,2,
.1.3.6.1.4.1.12148.10.9.6.1.3.1.1,OctetString,[76 86 76 68 32 49 46 49 32],
.1.3.6.1.4.1.12148.10.9.6.1.3.1.2,OctetString,[76 86 76 68 32 49 46 50 32],
.1.3.6.1.4.1.12148.10.9.6.1.3.2.1,OctetString,[],
.1.3.6.1.4.1.12148.10.9.6.1.3.2.2,OctetString,[],
.1.3.6.1.4.1.12148.10.9.6.1.5.1.1,Integer,1,
.1.3.6.1.4.1.12148.10.9.6.1.5.1.2,Integer,1,
.1.3.6.1.4.1.12148.10.9.6.1.5.2.1,Integer,24,
.1.3.6.1.4.1.12148.10.9.6.1.5.2.2,Integer,24,
.1.3.6.1.4.1.12148.10.9.6.1.6.1.1,Integer,0,
.1.3.6.1.4.1.12148.10.9.6.1.6.1.2,Integer,0,
.1.3.6.1.4.1.12148.10.9.6.1.6.2.1,Integer,5400,
.1.3.6.1.4.1.12148.10.9.6.1.6.2.2,Integer,5400,
.1.3.6.1.4.1.12148.10.9.6.1.7.1.1,Integer,4700,
.1.3.6.1.4.1.12148.10.9.6.1.7.1.2,Integer,4600,
.1.3.6.1.4.1.12148.10.9.6.1.7.2.1,Integer,5400,
.1.3.6.1.4.1.12148.10.9.6.1.7.2.2,Integer,5400,
.1.3.6.1.4.1.12148.10.9.6.1.8.1.1,Integer,4500,
.1.3.6.1.4.1.12148.10.9.6.1.8.1.2,Integer,4400,
.1.3.6.1.4.1.12148.10.9.6.1.8.2.1,Integer,5400,
.1.3.6.1.4.1.12148.10.9.6.1.8.2.2,Integer,5400,
.1.3.6.1.4.1.12148.10.9.6.1.9.1.1,Integer,0,
.1.3.6.1.4.1.12148.10.9.6.1.9.1.2,Integer,0,
.1.3.6.1.4.1.12148.10.9.6.1.9.2.1,Integer,24,
.1.3.6.1.4.1.12148.10.9.6.1.9.2.2,Integer,24,
.1.3.6.1.4.1.12148.10.9.6.1.10.1.1,Integer,30,
.1.3.6.1.4.1.12148.10.9.6.1.10.1.2,Integer,30,
.1.3.6.1.4.1.12148.10.9.6.1.10.2.1,Integer,5400,
.1.3.6.1.4.1.12148.10.9.6.1.10.2.2,Integer,5400,
.1.3.6.1.4.1.12148.10.9.7.1.1.1,Integer,1,
.1.3.6.1.4.1.12148.10.9.7.1.1.2,Integer,2,
.1.3.6.1.4.1.12148.10.9.7.1.2.1,OctetString,[76 111 97 100 70 117 115 101 32 49 32 32],
.1.3.6.1.4.1.12148.10.9.7.1.2.2,OctetString,[],
.1.3.6.1.4.1.12148.10.9.7.1.4.1,Integer,1,
.1.3.6.1.4.1.12148.10.9.7.1.4.2,Integer,2,
.1.3.6.1.4.1.12148.10.9.7.1.5.1,Integer,0,
.1.3.6.1.4.1.12148.10.9.7.1.5.2,Integer,2,
.1.3.6.1.4.1.12148.10.9.8.1.0,Integer,127725920,
.1.3.6.1.4.1.12148.10.9.8.2.0,Integer,52,
.1.3.6.1.4.1.12148.10.9.8.3.1.2.1,Integer,4923,
.1.3.6.1.4.1.12148.10.9.8.3.1.2.2,Integer,4739,
.1.3.6.1.4.1.12148.10.9.8.3.1.2.3,Integer,3361,
.1.3.6.1.4.1.12148.10.9.8.3.1.2.4,Integer,3765,
.1.3.6.1.4.1.12148.10.9.8.3.1.2.5,Integer,4809,
.1.3.6.1.4.1.12148.10.9.8.3.1.2.6,Integer,4697,
.1.3.6.1.4.1.12148.10.9.8.3.1.2.7,Integer,4586,
.1.3.6.1.4.1.12148.10.9.8.3.1.2.8,Integer,4331,
.1.3.6.1.4.1.12148.10.9.8.3.1.2.9,Integer,2510,
.1.3.6.1.4.1.12148.10.9.8.3.1.2.10,Integer,2186,
.1.3.6.1.4.1.12148.10.9.8.3.1.2.11,Integer,2084,
.1.3.6.1.4.1.12148.10.9.8.3.1.2.12,Integer,2933,
.1.3.6.1.4.1.12148.10.9.8.3.1.2.13,Integer,3877,
.1.3.6.1.4.1.12148.10.9.8.3.1.2.14,Integer,4156,
.1.3.6.1.4.1.12148.10.9.8.3.1.2.15,Integer,4605,
.1.3.6.1.4.1.12148.10.9.8.3.1.2.16,Integer,3288,
.1.3.6.1.4.1.12148.10.9.8.3.1.2.17,Integer,3799,
.1.3.6.1.4.1.12148.10.9.8.3.1.2.18,Integer,4918,
.1.3.6.1.4.1.12148.10.9.8.3.1.2.19,Integer,4977,
.1.3.6.1.4.1.12148.10.9.8.3.1.2.20,Integer,4945,
.1.3.6.1.4.1.12148.10.9.8.3.1.2.21,Integer,4393,
.1.3.6.1.4.1.12148.10.9.8.3.1.2.22,Integer,2941,
.1.3.6.1.4.1.12148.10.9.8.3.1.2.23,Integer,4271,
.1.3.6.1.4.1.12148.10.9.8.3.1.2.24,Integer,4863,
.1.3.6.1.4.1.12148.10.9.8.3.1.2.25,Integer,4960,
.1.3.6.1.4.1.12148.10.9.8.3.1.2.26,Integer,4889,
.1.3.6.1.4.1.12148.10.9.8.3.1.2.27,Integer,3862,
.1.3.6.1.4.1.12148.10.9.8.3.1.2.28,Integer,3065,
.1.3.6.1.4.1.12148.10.9.8.3.1.2.29,Integer,4777,
.1.3.6.1.4.1.12148.10.9.8.3.1.2.30,Integer,4696,
.1.3.6.1.4.1.12148.10.9.8.3.1.2.31,Integer,4674,
.1.3.6.1.4.1.12148.10.9.8.3.1.2.32,Integer,4638,
.1.3.6.1.4.1.12148.10.9.8.3.1.2.33,Integer,2588,
.1.3.6.1.4.1.12148.10.9.8.3.1.2.34,Integer,2164,
.1.3.6.1.4.1.12148.10.9.8.3.1.2.35,Integer,2053,
.1.3.6.1.4.1.12148.10.9.8.3.1.2.36,Integer,2794,
.1.3.6.1.4.1.12148.10.9.8.3.1.2.37,Integer,3381,
.1.3.6.1.4.1.12148.10.9.8.3.1.2.38,Integer,3954,
.1.3.6.1.4.1.12148.10.9.8.3.1.2.39,Integer,4119,
.1.3.6.1.4.1.12148.10.9.8.3.1.2.40,Integer,3236,
.1.3.6.1.4.1.12148.10.9.8.3.1.2.41,Integer,3962,
.1.3.6.1.4.1.12148.10.9.8.3.1.2.42,Integer,4986,
.1.3.6.1.4.1.12148.10.9.8.3.1.2.43,Integer,4975,
.1.3.6.1.4.1.12148.10.9.8.3.1.2.44,Integer,4975,
.1.3.6.1.4.1.12148.10.9.8.3.1.2.45,Integer,4235,
.1.3.6.1.4.1.12148.10.9.8.3.1.2.46,Integer,2978,
.1.3.6.1.4.1.12148.10.9.8.3.1.2.47,Integer,3993,
.1.3.6.1.4.1.12148.10.9.8.3.1.2.48,Integer,4916,
.1.3.6.1.4.1.12148.10.9.8.3.1.2.49,Integer,4862,
.1.3.6.1.4.1.12148.10.9.8.3.1.2.50,Integer,4868,
.1.3.6.1.4.1.12148.10.9.8.3.1.2.51,Integer,4077,
.1.3.6.1.4.1.12148.10.9.8.3.1.2.52,Integer,0,
.1.3.6.1.4.1.12148.10.9.8.4.0,Integer,52,
.1.3.6.1.4.1.12148.10.9.8.5.1.2.1,Integer,95,
.1.3.6.1.4.1.12148.10.9.8.5.1.2.2,Integer,96,
.1.3.6.1.4.1.12148.10.9.8.5.1.2.3,Integer,96,
.1.3.6.1.4.1.12148.10.9.8.5.1.2.4,Integer,96,
.1.3.6.1.4.1.12148.10.9.8.5.1.2.5,Integer,101,
.1.3.6.1.4.1.12148.10.9.8.5.1.2.6,Integer,103,
.1.3.6.1.4.1.12148.10.9.8.5.1.2.7,Integer,98,
.1.3.6.1.4.1.12148.10.9.8.5.1.2.8,Integer,97,
.1.3.6.1.4.1.12148.10.9.8.5.1.2.9,Integer,99,
.1.3.6.1.4.1.12148.10.9.8.5.1.2.10,Integer,99,
.1.3.6.1.4.1.12148.10.9.8.5.1.2.11,Integer,100,
.1.3.6.1.4.1.12148.10.9.8.5.1.2.12,Integer,98,
.1.3.6.1.4.1.12148.10.9.8.5.1.2.13,Integer,103,
.1.3.6.1.4.1.12148.10.9.8.5.1.2.14,Integer,98,
.1.3.6.1.4.1.12148.10.9.8.5.1.2.15,Integer,101,
.1.3.6.1.4.1.12148.10.9.8.5.1.2.16,Integer,100,
.1.3.6.1.4.1.12148.10.9.8.5.1.2.17,Integer,96,
.1.3.6.1.4.1.12148.10.9.8.5.1.2.18,Integer,97,
.1.3.6.1.4.1.12148.10.9.8.5.1.2.19,Integer,99,
.1.3.6.1.4.1.12148.10.9.8.5.1.2.20,Integer,100,
.1.3.6.1.4.1.12148.10.9.8.5.1.2.21,Integer,97,
.1.3.6.1.4.1.12148.10.9.8.5.1.2.22,Integer,98,
.1.3.6.1.4.1.12148.10.9.8.5.1.2.23,Integer,98,
.1.3.6.1.4.1.12148.10.9.8.5.1.2.24,Integer,97,
.1.3.6.1.4.1.12148.10.9.8.5.1.2.25,Integer,95,
.1.3.6.1.4.1.12148.10.9.8.5.1.2.26,Integer,99,
.1.3.6.1.4.1.12148.10.9.8.5.1.2.27,Integer,102,
.1.3.6.1.4.1.12148.10.9.8.5.1.2.28,Integer,98,
.1.3.6.1.4.1.12148.10.9.8.5.1.2.29,Integer,95,
.1.3.6.1.4.1.12148.10.9.8.5.1.2.30,Integer,97,
.1.3.6.1.4.1.12148.10.9.8.5.1.2.31,Integer,97,
.1.3.6.1.4.1.12148.10.9.8.5.1.2.32,Integer,100,
.1.3.6.1.4.1.12148.10.9.8.5.1.2.33,Integer,100,
.1.3.6.1.4.1.12148.10.9.8.5.1.2.34,Integer,102,
.1.3.6.1.4.1.12148.10.9.8.5.1.2.35,Integer,94,
.1.3.6.1.4.1.12148.10.9.8.5.1.2.36,Integer,100,
.1.3.6.1.4.1.12148.10.9.8.5.1.2.37,Integer,99,
.1.3.6.1.4.1.12148.10.9.8.5.1.2.38,Integer,99,
.1.3.6.1.4.1.12148.10.9.8.5.1.2.39,Integer,99,
.1.3.6.1.4.1.12148.10.9.8.5.1.2.40,Integer,101,
.1.3.6.1.4.1.12148.10.9.8.5.1.2.41,Integer,104,
.1.3.6.1.4.1.12148.10.9.8.5.1.2.42,Integer,100,
.1.3.6.1.4.1.12148.10.9.8.5.1.2.43,Integer,99,
.1.3.6.1.4.1.12148.10.9.8.5.1.2.44,Integer,99,
.1.3.6.1.4.1.12148.10.9.8.5.1.2.45,Integer,98,
.1.3.6.1.4.1.12148.10.9.8.5.1.2.46,Integer,100,
.1.3.6.1.4.1.12148.10.9.8.5.1.2.47,Integer,98,
.1.3.6.1.4.1.12148.10.9.8.5.1.2.48,Integer,99,
.1.3.6.1.4.1.12148.10.9.8.5.1.2.49,Integer,97,
.1.3.6.1.4.1.12148.10.9.8.5.1.2.50,Integer,98,
.1.3.6.1.4.1.12148.10.9.8.5.1.2.51,Integer,98,
.1.3.6.1.4.1.12148.10.9.8.5.1.2.52,Integer,61,
.1.3.6.1.4.1.12148.10.9.8.6.0,Integer,52,
.1.3.6.1.4.1.12148.10.9.8.7.1.2.1,Integer,694,
.1.3.6.1.4.1.12148.10.9.8.7.1.2.2,Integer,692,
.1.3.6.1.4.1.12148.10.9.8.7.1.2.3,Integer,685,
.1.3.6.1.4.1.12148.10.9.8.7.1.2.4,Integer,690,
.1.3.6.1.4.1.12148.10.9.8.7.1.2.5,Integer,694,
.1.3.6.1.4.1.12148.10.9.8.7.1.2.6,Integer,697,
.1.3.6.1.4.1.12148.10.9.8.7.1.2.7,Integer,690,
.1.3.6.1.4.1.12148.10.9.8.7.1.2.8,Integer,685,
.1.3.6.1.4.1.12148.10.9.8.7.1.2.9,Integer,689,
.1.3.6.1.4.1.12148.10.9.8.7.1.2.10,Integer,686,
.1.3.6.1.4.1.12148.10.9.8.7.1.2.11,Integer,680,
.1.3.6.1.4.1.12148.10.9.8.7.1.2.12,Integer,688,
.1.3.6.1.4.1.12148.10.9.8.7.1.2.13,Integer,693,
.1.3.6.1.4.1.12148.10.9.8.7.1.2.14,Integer,694,
.1.3.6.1.4.1.12148.10.9.8.7.1.2.15,Integer,683,
.1.3.6.1.4.1.12148.10.9.8.7.1.2.16,Integer,684,
.1.3.6.1.4.1.12148.10.9.8.7.1.2.17,Integer,733,
.1.3.6.1.4.1.12148.10.9.8.7.1.2.18,Integer,701,
.1.3.6.1.4.1.12148.10.9.8.7.1.2.19,Integer,684,
.1.3.6.1.4.1.12148.10.9.8.7.1.2.20,Integer,703,
.1.3.6.1.4.1.12148.10.9.8.7.1.2.21,Integer,693,
.1.3.6.1.4.1.12148.10.9.8.7.1.2.22,Integer,694,
.1.3.6.1.4.1.12148.10.9.8.7.1.2.23,Integer,692,
.1.3.6.1.4.1.12148.10.9.8.7.1.2.24,Integer,674,
.1.3.6.1.4.1.12148.10.9.8.7.1.2.25,Integer,680,
.1.3.6.1.4.1.12148.10.9.8.7.1.2.26,Integer,682,
.1.3.6.1.4.1.12148.10.9.8.7.1.2.27,Integer,699,
.1.3.6.1.4.1.12148.10.9.8.7.1.2.28,Integer,683,
.1.3.6.1.4.1.12148.10.9.8.7.1.2.29,Integer,682,
.1.3.6.1.4.1.12148.10.9.8.7.1.2.30,Integer,662,
.1.3.6.1.4.1.12148.10.9.8.7.1.2.31,Integer,657,
.1.3.6.1.4.1.12148.10.9.8.7.1.2.32,Integer,644,
.1.3.6.1.4.1.12148.10.9.8.7.1.2.33,Integer,649,
.1.3.6.1.4.1.12148.10.9.8.7.1.2.34,Integer,641,
.1.3.6.1.4.1.12148.10.9.8.7.1.2.35,Integer,642,
.1.3.6.1.4.1.12148.10.9.8.7.1.2.36,Integer,640,
.1.3.6.1.4.1.12148.10.9.8.7.1.2.37,Integer,647,
.1.3.6.1.4.1.12148.10.9.8.7.1.2.38,Integer,653,
.1.3.6.1.4.1.12148.10.9.8.7.1.2.39,Integer,657,
.1.3.6.1.4.1.12148.10.9.8.7.1.2.40,Integer,657,
.1.3.6.1.4.1.12148.10.9.8.7.1.2.41,Integer,625,
.1.3.6.1.4.1.12148.10.9.8.7.1.2.42,Integer,630,
.1.3.6.1.4.1.12148.10.9.8.7.1.2.43,Integer,625,
.1.3.6.1.4.1.12148.10.9.8.7.1.2.44,Integer,638,
.1.3.6.1.4.1.12148.10.9.8.7.1.2.45,Integer,631,
.1.3.6.1.4.1.12148.10.9.8.7.1.2.46,Integer,620,
.1.3.6.1.4.1.12148.10.9.8.7.1.2.47,Integer,571,
.1.3.6.1.4.1.12148.10.9.8.7.1.2.48,Integer,563,
.1.3.6.1.4.1.12148.10.9.8.7.1.2.49,Integer,594,
.1.3.6.1.4.1.12148.10.9.8.7.1.2.50,Integer,581,
.1.3.6.1.4.1.12148.10.9.8.7.1.2.51,Integer,561,
.1.3.6.1.4.1.12148.10.9.8.7.1.2.52,Integer,544,
.1.3.6.1.4.1.12148.10.10.1.0,Integer,1,
.1.3.6.1.4.1.12148.10.10.2.0,OctetString,[66 65 75 32 76 105 116 104 105 117 109 45 105 111 110 32 66 84 69 83 70 52 56 86 49 53 48 45 82 40 69 41],
.1.3.6.1.4.1.12148.10.10.3.0,Integer,5400,
.1.3.6.1.4.1.12148.10.10.4.0,Integer,1,
.1.3.6.1.4.1.12148.10.10.5.1.0,Integer,1,
.1.3.6.1.4.1.12148.10.10.5.2.0,OctetString,[66 97 116 116 101 114 121 86 111 108 116 97 103 101 32 32],
.1.3.6.1.4.1.12148.10.10.5.4.0,Integer,1,
.1.3.6.1.4.1.12148.10.10.5.5.0,Integer,5048,
.1.3.6.1.4.1.12148.10.10.5.6.0,Integer,5700,
.1.3.6.1.4.1.12148.10.10.5.7.0,Integer,5560,
.1.3.6.1.4.1.12148.10.10.5.8.0,Integer,4700,
.1.3.6.1.4.1.12148.10.10.5.9.0,Integer,4500,
.1.3.6.1.4.1.12148.10.10.6.1.0,Integer,1,
.1.3.6.1.4.1.12148.10.10.6.2.0,OctetString,[66 97 116 116 101 114 121 67 117 114 114 101 110 116 32 32],
.1.3.6.1.4.1.12148.10.10.6.4.0,Integer,1,
.1.3.6.1.4.1.12148.10.10.6.5.0,Integer,21,
.1.3.6.1.4.1.12148.10.10.6.6.0,Integer,500,
.1.3.6.1.4.1.12148.10.10.6.7.0,Integer,300,
.1.3.6.1.4.1.12148.10.10.6.8.0,Integer,-3,
.1.3.6.1.4.1.12148.10.10.6.9.0,Integer,-500,
.1.3.6.1.4.1.12148.10.10.7.1.0,Integer,1,
.1.3.6.1.4.1.12148.10.10.7.2.0,OctetString,[66 97 116 116 101 114 121 84 101 109 112 32 32 32 32 32],
.1.3.6.1.4.1.12148.10.10.7.4.0,Integer,1,
.1.3.6.1.4.1.12148.10.10.7.5.0,Integer,23,
.1.3.6.1.4.1.12148.10.10.7.6.0,Integer,36,
.1.3.6.1.4.1.12148.10.10.7.7.0,Integer,33,
.1.3.6.1.4.1.12148.10.10.7.8.0,Integer,-5,
.1.3.6.1.4.1.12148.10.10.7.9.0,Integer,-10,
.1.3.6.1.4.1.12148.10.10.8.1.0,Integer,4,
.1.3.6.1.4.1.12148.10.10.8.2.0,OctetString,[66 97 116 116 101 114 121 84 105 109 101 76 101 102 116 32],
.1.3.6.1.4.1.12148.10.10.8.4.0,Integer,0,
.1.3.6.1.4.1.12148.10.10.8.5.0,Integer,423,
.1.3.6.1.4.1.12148.10.10.8.6.0,Integer,25,
.1.3.6.1.4.1.12148.10.10.8.7.0,Integer,20,
.1.3.6.1.4.1.12148.10.10.9.1.0,Integer,4,
.1.3.6.1.4.1.12148.10.10.9.2.0,OctetString,[66 97 116 116 101 114 121 82 101 109 67 97 112 32 32 32],
.1.3.6.1.4.1.12148.10.10.9.4.0,Integer,0,
.1.3.6.1.4.1.12148.10.10.9.5.0,Integer,677,
.1.3.6.1.4.1.12148.10.10.9.6.0,Integer,207,
.1.3.6.1.4.1.12148.10.10.9.7.0,Integer,168,
.1.3.6.1.4.1.12148.10.10.10.1.0,Integer,4,
.1.3.6.1.4.1.12148.10.10.10.2.0,OctetString,[66 97 116 116 101 114 121 85 115 101 100 67 97 112 32 32],
.1.3.6.1.4.1.12148.10.10.10.4.0,Integer,0,
.1.3.6.1.4.1.12148.10.10.10.5.0,Integer,72,
.1.3.6.1.4.1.12148.10.10.10.6.0,Integer,207,
.1.3.6.1.4.1.12148.10.10.10.7.0,Integer,168,
.1.3.6.1.4.1.12148.10.10.11.1.0,Integer,4,
.1.3.6.1.4.1.12148.10.10.11.2.0,OctetString,[66 97 116 116 101 114 121 84 111 116 67 97 112 32 32 32],
.1.3.6.1.4.1.12148.10.10.11.4.0,Integer,0,
.1.3.6.1.4.1.12148.10.10.11.5.0,Integer,750,
.1.3.6.1.4.1.12148.10.10.11.6.0,Integer,675,
.1.3.6.1.4.1.12148.10.10.11.7.0,Integer,630,
.1.3.6.1.4.1.12148.10.10.12.1.0,Integer,4,
.1.3.6.1.4.1.12148.10.10.12.2.0,OctetString,[66 97 116 116 101 114 121 81 117 97 108 105 116 121 32 32],
.1.3.6.1.4.1.12148.10.10.12.4.0,Integer,0,
.1.3.6.1.4.1.12148.10.10.12.5.0,Integer,0,
.1.3.6.1.4.1.12148.10.10.12.6.0,Integer,80,
.1.3.6.1.4.1.12148.10.10.12.7.0,Integer,75,
.1.3.6.1.4.1.12148.10.10.13.1.0,Integer,1,
.1.3.6.1.4.1.12148.10.10.13.2.0,OctetString,[76 86 66 68 32],
.1.3.6.1.4.1.12148.10.10.13.4.0,Integer,1,
.1.3.6.1.4.1.12148.10.10.13.5.0,Integer,0,
.1.3.6.1.4.1.12148.10.10.13.6.0,Integer,4600,
.1.3.6.1.4.1.12148.10.10.13.7.0,Integer,4400,
.1.3.6.1.4.1.12148.10.10.14.1.0,Integer,0,
.1.3.6.1.4.1.12148.10.10.14.2.0,Integer,0,
.1.3.6.1.4.1.12148.10.10.15.1.0,Integer,5650,
.1.3.6.1.4.1.12148.10.10.15.2.0,Integer,0,
.1.3.6.1.4.1.12148.10.10.15.3.0,Integer,10,
.1.3.6.1.4.1.12148.10.10.15.4.0,Integer,120,
.1.3.6.1.4.1.12148.10.10.16.1.0,Integer,190,
.1.3.6.1.4.1.12148.10.10.16.2.0,Integer,0,
.1.3.6.1.4.1.12148.10.10.16.3.0,Integer,0,
.1.3.6.1.4.1.12148.10.10.16.5.0,Gauge32,720,
.1.3.6.1.4.1.12148.10.10.16.6.0,Integer,0,
.1.3.6.1.4.1.12148.10.10.16.7.0,Integer,0,
.1.3.6.1.4.1.12148.10.10.17.1.0,Integer,1,
.1.3.6.1.4.1.12148.10.10.18.1.0,Integer,1,
.1.3.6.1.4.1.12148.10.10.18.2.1.2.1,Integer,1,
.1.3.6.1.4.1.12148.10.10.18.2.1.3.1,Integer,3,
.1.3.6.1.4.1.12148.10.10.18.2.1.4.1,Integer,1,
.1.3.6.1.4.1.12148.10.10.18.2.1.5.1,Integer,1,
.1.3.6.1.4.1.12148.10.10.18.2.1.6.1,Integer,0,
.1.3.6.1.4.1.12148.10.10.18.3.1.2.1.1,Integer,1,
.1.3.6.1.4.1.12148.10.10.18.3.1.2.1.2,Integer,4,
.1.3.6.1.4.1.12148.10.10.18.3.1.2.1.3,Integer,4,
.1.3.6.1.4.1.12148.10.10.18.3.1.3.1.1,OctetString,[66 97 116 116 101 114 121 84 101 109 112 49 46 49],
.1.3.6.1.4.1.12148.10.10.18.3.1.3.1.2,OctetString,[66 97 116 116 101 114 121 84 101 109 112 49 46 50],
.1.3.6.1.4.1.12148.10.10.18.3.1.3.1.3,OctetString,[66 97 116 116 101 114 121 84 101 109 112 49 46 51],
.1.3.6.1.4.1.12148.10.10.18.3.1.5.1.1,Integer,1,
.1.3.6.1.4.1.12148.10.10.18.3.1.5.1.2,Integer,0,
.1.3.6.1.4.1.12148.10.10.18.3.1.5.1.3,Integer,0,
.1.3.6.1.4.1.12148.10.10.18.3.1.6.1.1,Integer,23,
.1.3.6.1.4.1.12148.10.10.18.3.1.6.1.2,Integer,-100,
.1.3.6.1.4.1.12148.10.10.18.3.1.6.1.3,Integer,-100,
.1.3.6.1.4.1.12148.10.10.18.3.1.7.1.1,Integer,36,
.1.3.6.1.4.1.12148.10.10.18.3.1.7.1.2,Integer,36,
.1.3.6.1.4.1.12148.10.10.18.3.1.7.1.3,Integer,36,
.1.3.6.1.4.1.12148.10.10.18.3.1.8.1.1,Integer,33,
.1.3.6.1.4.1.12148.10.10.18.3.1.8.1.2,Integer,33,
.1.3.6.1.4.1.12148.10.10.18.3.1.8.1.3,Integer,33,
.1.3.6.1.4.1.12148.10.10.18.3.1.9.1.1,Integer,-5,
.1.3.6.1.4.1.12148.10.10.18.3.1.9.1.2,Integer,-5,
.1.3.6.1.4.1.12148.10.10.18.3.1.9.1.3,Integer,-5,
.1.3.6.1.4.1.12148.10.10.18.3.1.10.1.1,Integer,-10,
.1.3.6.1.4.1.12148.10.10.18.3.1.10.1.2,Integer,-10,
.1.3.6.1.4.1.12148.10.10.18.3.1.10.1.3,Integer,-10,
.1.3.6.1.4.1.12148.10.10.18.4.1.2.1.1,Integer,1,
.1.3.6.1.4.1.12148.10.10.18.4.1.3.1.1,OctetString,[66 97 116 116 67 117 114 114 32 98 97 110 107 32 49],
.1.3.6.1.4.1.12148.10.10.18.4.1.5.1.1,Integer,1,
.1.3.6.1.4.1.12148.10.10.18.4.1.6.1.1,Integer,22,
.1.3.6.1.4.1.12148.10.10.18.4.1.7.1.1,Integer,500,
.1.3.6.1.4.1.12148.10.10.18.4.1.8.1.1,Integer,300,
.1.3.6.1.4.1.12148.10.10.18.4.1.9.1.1,Integer,-3,
.1.3.6.1.4.1.12148.10.10.18.4.1.10.1.1,Integer,-500,
.1.3.6.1.4.1.12148.10.10.18.5.1.2.1.1,Integer,1,
.1.3.6.1.4.1.12148.10.10.18.5.1.3.1.1,OctetString,[66 97 116 116 70 117 115 101 115 32 32 49],
.1.3.6.1.4.1.12148.10.10.18.5.1.5.1.1,Integer,1,
.1.3.6.1.4.1.12148.10.10.18.5.1.6.1.1,Integer,2,
.1.3.6.1.4.1.12148.10.10.19.1.0,Integer,0,
.1.3.6.1.4.1.12148.10.10.20.1.0,Integer,1185618,
.1.3.6.1.4.1.12148.10.10.20.2.0,Integer,52,
.1.3.6.1.4.1.12148.10.10.20.3.1.2.1,Integer,1099,
.1.3.6.1.4.1.12148.10.10.20.3.1.2.2,Integer,867,
.1.3.6.1.4.1.12148.10.10.20.3.1.2.3,Integer,-2589,
.1.3.6.1.4.1.12148.10.10.20.3.1.2.4,Integer,-1382,
.1.3.6.1.4.1.12148.10.10.20.3.1.2.5,Integer,1389,
.1.3.6.1.4.1.12148.10.10.20.3.1.2.6,Integer,1486,
.1.3.6.1.4.1.12148.10.10.20.3.1.2.7,Integer,1600,
.1.3.6.1.4.1.12148.10.10.20.3.1.2.8,Integer,670,
.1.3.6.1.4.1.12148.10.10.20.3.1.2.9,Integer,-2511,
.1.3.6.1.4.1.12148.10.10.20.3.1.2.10,Integer,-2186,
.1.3.6.1.4.1.12148.10.10.20.3.1.2.11,Integer,-1895,
.1.3.6.1.4.1.12148.10.10.20.3.1.2.12,Integer,298,
.1.3.6.1.4.1.12148.10.10.20.3.1.2.13,Integer,2132,
.1.3.6.1.4.1.12148.10.10.20.3.1.2.14,Integer,2046,
.1.3.6.1.4.1.12148.10.10.20.3.1.2.15,Integer,1443,
.1.3.6.1.4.1.12148.10.10.20.3.1.2.16,Integer,-2991,
.1.3.6.1.4.1.12148.10.10.20.3.1.2.17,Integer,-1878,
.1.3.6.1.4.1.12148.10.10.20.3.1.2.18,Integer,1179,
.1.3.6.1.4.1.12148.10.10.20.3.1.2.19,Integer,1090,
.1.3.6.1.4.1.12148.10.10.20.3.1.2.20,Integer,1075,
.1.3.6.1.4.1.12148.10.10.20.3.1.2.21,Integer,251,
.1.3.6.1.4.1.12148.10.10.20.3.1.2.22,Integer,-2940,
.1.3.6.1.4.1.12148.10.10.20.3.1.2.23,Integer,-24,
.1.3.6.1.4.1.12148.10.10.20.3.1.2.24,Integer,1229,
.1.3.6.1.4.1.12148.10.10.20.3.1.2.25,Integer,1085,
.1.3.6.1.4.1.12148.10.10.20.3.1.2.26,Integer,1126,
.1.3.6.1.4.1.12148.10.10.20.3.1.2.27,Integer,-1077,
.1.3.6.1.4.1.12148.10.10.20.3.1.2.28,Integer,-2700,
.1.3.6.1.4.1.12148.10.10.20.3.1.2.29,Integer,1441,
.1.3.6.1.4.1.12148.10.10.20.3.1.2.30,Integer,1504,
.1.3.6.1.4.1.12148.10.10.20.3.1.2.31,Integer,1517,
.1.3.6.1.4.1.12148.10.10.20.3.1.2.32,Integer,1504,
.1.3.6.1.4.1.12148.10.10.20.3.1.2.33,Integer,-2483,
.1.3.6.1.4.1.12148.10.10.20.3.1.2.34,Integer,-2164,
.1.3.6.1.4.1.12148.10.10.20.3.1.2.35,Integer,-2052,
.1.3.6.1.4.1.12148.10.10.20.3.1.2.36,Integer,5,
.1.3.6.1.4.1.12148.10.10.20.3.1.2.37,Integer,1304,
.1.3.6.1.4.1.12148.10.10.20.3.1.2.38,Integer,2187,
.1.3.6.1.4.1.12148.10.10.20.3.1.2.39,Integer,2116,
.1.3.6.1.4.1.12148.10.10.20.3.1.2.40,Integer,-2644,
.1.3.6.1.4.1.12148.10.10.20.3.1.2.41,Integer,-1599,
.1.3.6.1.4.1.12148.10.10.20.3.1.2.42,Integer,1240,
.1.3.6.1.4.1.12148.10.10.20.3.1.2.43,Integer,1213,
.1.3.6.1.4.1.12148.10.10.20.3.1.2.44,Integer,1173,
.1.3.6.1.4.1.12148.10.10.20.3.1.2.45,Integer,141,
.1.3.6.1.4.1.12148.10.10.20.3.1.2.46,Integer,-2978,
.1.3.6.1.4.1.12148.10.10.20.3.1.2.47,Integer,-861,
.1.3.6.1.4.1.12148.10.10.20.3.1.2.48,Integer,1266,
.1.3.6.1.4.1.12148.10.10.20.3.1.2.49,Integer,1284,
.1.3.6.1.4.1.12148.10.10.20.3.1.2.50,Integer,1238,
.1.3.6.1.4.1.12148.10.10.20.3.1.2.51,Integer,-607,
.1.3.6.1.4.1.12148.10.10.20.3.1.2.52,Integer,0,
.1.3.6.1.4.1.12148.10.10.20.4.0,Integer,52,
.1.3.6.1.4.1.12148.10.10.20.5.1.2.1,Integer,1,
.1.3.6.1.4.1.12148.10.10.20.5.1.2.2,Integer,2,
.1.3.6.1.4.1.12148.10.10.20.5.1.2.3,Integer,1,
.1.3.6.1.4.1.12148.10.10.20.5.1.2.4,Integer,-1,
.1.3.6.1.4.1.12148.10.10.20.5.1.2.5,Integer,2,
.1.3.6.1.4.1.12148.10.10.20.5.1.2.6,Integer,1,
.1.3.6.1.4.1.12148.10.10.20.5.1.2.7,Integer,-1,
.1.3.6.1.4.1.12148.10.10.20.5.1.2.8,Integer,-1,
.1.3.6.1.4.1.12148.10.10.20.5.1.2.9,Integer,1,
.1.3.6.1.4.1.12148.10.10.20.5.1.2.10,Integer,0,
.1.3.6.1.4.1.12148.10.10.20.5.1.2.11,Integer,7,
.1.3.6.1.4.1.12148.10.10.20.5.1.2.12,Integer,-3,
.1.3.6.1.4.1.12148.10.10.20.5.1.2.13,Integer,0,
.1.3.6.1.4.1.12148.10.10.20.5.1.2.14,Integer,1,
.1.3.6.1.4.1.12148.10.10.20.5.1.2.15,Integer,0,
.1.3.6.1.4.1.12148.10.10.20.5.1.2.16,Integer,2,
.1.3.6.1.4.1.12148.10.10.20.5.1.2.17,Integer,-1,
.1.3.6.1.4.1.12148.10.10.20.5.1.2.18,Integer,2,
.1.3.6.1.4.1.12148.10.10.20.5.1.2.19,Integer,-2,
.1.3.6.1.4.1.12148.10.10.20.5.1.2.20,Integer,-1,
.1.3.6.1.4.1.12148.10.10.20.5.1.2.21,Integer,1,
.1.3.6.1.4.1.12148.10.10.20.5.1.2.22,Integer,0,
.1.3.6.1.4.1.12148.10.10.20.5.1.2.23,Integer,1,
.1.3.6.1.4.1.12148.10.10.20.5.1.2.24,Integer,2,
.1.3.6.1.4.1.12148.10.10.20.5.1.2.25,Integer,0,
.1.3.6.1.4.1.12148.10.10.20.5.1.2.26,Integer,0,
.1.3.6.1.4.1.12148.10.10.20.5.1.2.27,Integer,3,
.1.3.6.1.4.1.12148.10.10.20.5.1.2.28,Integer,1,
.1.3.6.1.4.1.12148.10.10.20.5.1.2.29,Integer,-2,
.1.3.6.1.4.1.12148.10.10.20.5.1.2.30,Integer,1,
.1.3.6.1.4.1.12148.10.10.20.5.1.2.31,Integer,1,
.1.3.6.1.4.1.12148.10.10.20.5.1.2.32,Integer,7,
.1.3.6.1.4.1.12148.10.10.20.5.1.2.33,Integer,-6,
.1.3.6.1.4.1.12148.10.10.20.5.1.2.34,Integer,8,
.1.3.6.1.4.1.12148.10.10.20.5.1.2.35,Integer,-8,
.1.3.6.1.4.1.12148.10.10.20.5.1.2.36,Integer,1,
.1.3.6.1.4.1.12148.10.10.20.5.1.2.37,Integer,0,
.1.3.6.1.4.1.12148.10.10.20.5.1.2.38,Integer,0,
.1.3.6.1.4.1.12148.10.10.20.5.1.2.39,Integer,3,
.1.3.6.1.4.1.12148.10.10.20.5.1.2.40,Integer,0,
.1.3.6.1.4.1.12148.10.10.20.5.1.2.41,Integer,1,
.1.3.6.1.4.1.12148.10.10.20.5.1.2.42,Integer,2,
.1.3.6.1.4.1.12148.10.10.20.5.1.2.43,Integer,-1,
.1.3.6.1.4.1.12148.10.10.20.5.1.2.44,Integer,2,
.1.3.6.1.4.1.12148.10.10.20.5.1.2.45,Integer,0,
.1.3.6.1.4.1.12148.10.10.20.5.1.2.46,Integer,5,
.1.3.6.1.4.1.12148.10.10.20.5.1.2.47,Integer,1,
.1.3.6.1.4.1.12148.10.10.20.5.1.2.48,Integer,-6,
.1.3.6.1.4.1.12148.10.10.20.5.1.2.49,Integer,0,
.1.3.6.1.4.1.12148.10.10.20.5.1.2.50,Integer,3,
.1.3.6.1.4.1.12148.10.10.20.5.1.2.51,Integer,0,
.1.3.6.1.4.1.12148.10.10.20.5.1.2.52,Integer,-1,
.1.3.6.1.4.1.12148.10.10.20.6.0,Integer,52,
.1.3.6.1.4.1.12148.10.10.20.7.1.2.1,Integer,5,
.1.3.6.1.4.1.12148.10.10.20.7.1.2.2,Integer,2,
.1.3.6.1.4.1.12148.10.10.20.7.1.2.3,Integer,4,
.1.3.6.1.4.1.12148.10.10.20.7.1.2.4,Integer,5,
.1.3.6.1.4.1.12148.10.10.20.7.1.2.5,Integer,5,
.1.3.6.1.4.1.12148.10.10.20.7.1.2.6,Integer,11,
.1.3.6.1.4.1.12148.10.10.20.7.1.2.7,Integer,-3,
.1.3.6.1.4.1.12148.10.10.20.7.1.2.8,Integer,5,
.1.3.6.1.4.1.12148.10.10.20.7.1.2.9,Integer,1,
.1.3.6.1.4.1.12148.10.10.20.7.1.2.10,Integer,10,
.1.3.6.1.4.1.12148.10.10.20.7.1.2.11,Integer,-2,
.1.3.6.1.4.1.12148.10.10.20.7.1.2.12,Integer,6,
.1.3.6.1.4.1.12148.10.10.20.7.1.2.13,Integer,1,
.1.3.6.1.4.1.12148.10.10.20.7.1.2.14,Integer,10,
.1.3.6.1.4.1.12148.10.10.20.7.1.2.15,Integer,0,
.1.3.6.1.4.1.12148.10.10.20.7.1.2.16,Integer,9,
.1.3.6.1.4.1.12148.10.10.20.7.1.2.17,Integer,5,
.1.3.6.1.4.1.12148.10.10.20.7.1.2.18,Integer,-3,
.1.3.6.1.4.1.12148.10.10.20.7.1.2.19,Integer,6,
.1.3.6.1.4.1.12148.10.10.20.7.1.2.20,Integer,2,
.1.3.6.1.4.1.12148.10.10.20.7.1.2.21,Integer,13,
.1.3.6.1.4.1.12148.10.10.20.7.1.2.22,Integer,-4,
.1.3.6.1.4.1.12148.10.10.20.7.1.2.23,Integer,8,
.1.3.6.1.4.1.12148.10.10.20.7.1.2.24,Integer,2,
.1.3.6.1.4.1.12148.10.10.20.7.1.2.25,Integer,10,
.1.3.6.1.4.1.12148.10.10.20.7.1.2.26,Integer,1,
.1.3.6.1.4.1.12148.10.10.20.7.1.2.27,Integer,2,
.1.3.6.1.4.1.12148.10.10.20.7.1.2.28,Integer,6,
.1.3.6.1.4.1.12148.10.10.20.7.1.2.29,Integer,5,
.1.3.6.1.4.1.12148.10.10.20.7.1.2.30,Integer,5,
.1.3.6.1.4.1.12148.10.10.20.7.1.2.31,Integer,2,
.1.3.6.1.4.1.12148.10.10.20.7.1.2.32,Integer,5,
.1.3.6.1.4.1.12148.10.10.20.7.1.2.33,Integer,7,
.1.3.6.1.4.1.12148.10.10.20.7.1.2.34,Integer,-2,
.1.3.6.1.4.1.12148.10.10.20.7.1.2.35,Integer,8,
.1.3.6.1.4.1.12148.10.10.20.7.1.2.36,Integer,4,
.1.3.6.1.4.1.12148.10.10.20.7.1.2.37,Integer,1,
.1.3.6.1.4.1.12148.10.10.20.7.1.2.38,Integer,8,
.1.3.6.1.4.1.12148.10.10.20.7.1.2.39,Integer,-1,
.1.3.6.1.4.1.12148.10.10.20.7.1.2.40,Integer,9,
.1.3.6.1.4.1.12148.10.10.20.7.1.2.41,Integer,0,
.1.3.6.1.4.1.12148.10.10.20.7.1.2.42,Integer,9,
.1.3.6.1.4.1.12148.10.10.20.7.1.2.43,Integer,1,
.1.3.6.1.4.1.12148.10.10.20.7.1.2.44,Integer,4,
.1.3.6.1.4.1.12148.10.10.20.7.1.2.45,Integer,3,
.1.3.6.1.4.1.12148.10.10.20.7.1.2.46,Integer,10,
.1.3.6.1.4.1.12148.10.10.20.7.1.2.47,Integer,0,
.1.3.6.1.4.1.12148.10.10.20.7.1.2.48,Integer,8,
.1.3.6.1.4.1.12148.10.10.20.7.1.2.49,Integer,1,
.1.3.6.1.4.1.12148.10.10.20.7.1.2.50,Integer,-1,
.1.3.6.1.4.1.12148.10.10.20.7.1.2.51,Integer,4,
.1.3.6.1.4.1.12148.10.10.20.7.1.2.52,Integer,4,
.1.3.6.1.4.1.12148.10.10.21.1.0,Integer,5035,
.1.3.6.1.4.1.12148.10.10.21.2.0,Integer,52,
.1.3.6.1.4.1.12148.10.10.21.3.1.2.1,Integer,4,
.1.3.6.1.4.1.12148.10.10.21.3.1.2.2,Integer,4,
.1.3.6.1.4.1.12148.10.10.21.3.1.2.3,Integer,4,
.1.3.6.1.4.1.12148.10.10.21.3.1.2.4,Integer,3,
.1.3.6.1.4.1.12148.10.10.21.3.1.2.5,Integer,4,
.1.3.6.1.4.1.12148.10.10.21.3.1.2.6,Integer,5,
.1.3.6.1.4.1.12148.10.10.21.3.1.2.7,Integer,3,
.1.3.6.1.4.1.12148.10.10.21.3.1.2.8,Integer,4,
.1.3.6.1.4.1.12148.10.10.21.3.1.2.9,Integer,4,
.1.3.6.1.4.1.12148.10.10.21.3.1.2.10,Integer,4,
.1.3.6.1.4.1.12148.10.10.21.3.1.2.11,Integer,4,
.1.3.6.1.4.1.12148.10.10.21.3.1.2.12,Integer,4,
.1.3.6.1.4.1.12148.10.10.21.3.1.2.13,Integer,4,
.1.3.6.1.4.1.12148.10.10.21.3.1.2.14,Integer,4,
.1.3.6.1.4.1.12148.10.10.21.3.1.2.15,Integer,4,
.1.3.6.1.4.1.12148.10.10.21.3.1.2.16,Integer,4,
.1.3.6.1.4.1.12148.10.10.21.3.1.2.17,Integer,4,
.1.3.6.1.4.1.12148.10.10.21.3.1.2.18,Integer,4,
.1.3.6.1.4.1.12148.10.10.21.3.1.2.19,Integer,4,
.1.3.6.1.4.1.12148.10.10.21.3.1.2.20,Integer,4,
.1.3.6.1.4.1.12148.10.10.21.3.1.2.21,Integer,4,
.1.3.6.1.4.1.12148.10.10.21.3.1.2.22,Integer,4,
.1.3.6.1.4.1.12148.10.10.21.3.1.2.23,Integer,4,
.1.3.6.1.4.1.12148.10.10.21.3.1.2.24,Integer,4,
.1.3.6.1.4.1.12148.10.10.21.3.1.2.25,Integer,3,
.1.3.6.1.4.1.12148.10.10.21.3.1.2.26,Integer,4,
.1.3.6.1.4.1.12148.10.10.21.3.1.2.27,Integer,4,
.1.3.6.1.4.1.12148.10.10.21.3.1.2.28,Integer,4,
.1.3.6.1.4.1.12148.10.10.21.3.1.2.29,Integer,4,
.1.3.6.1.4.1.12148.10.10.21.3.1.2.30,Integer,4,
.1.3.6.1.4.1.12148.10.10.21.3.1.2.31,Integer,4,
.1.3.6.1.4.1.12148.10.10.21.3.1.2.32,Integer,4,
.1.3.6.1.4.1.12148.10.10.21.3.1.2.33,Integer,3,
.1.3.6.1.4.1.12148.10.10.21.3.1.2.34,Integer,5,
.1.3.6.1.4.1.12148.10.10.21.3.1.2.35,Integer,3,
.1.3.6.1.4.1.12148.10.10.21.3.1.2.36,Integer,4,
.1.3.6.1.4.1.12148.10.10.21.3.1.2.37,Integer,4,
.1.3.6.1.4.1.12148.10.10.21.3.1.2.38,Integer,4,
.1.3.6.1.4.1.12148.10.10.21.3.1.2.39,Integer,4,
.1.3.6.1.4.1.12148.10.10.21.3.1.2.40,Integer,2,
.1.3.6.1.4.1.12148.10.10.21.3.1.2.41,Integer,5,
.1.3.6.1.4.1.12148.10.10.21.3.1.2.42,Integer,4,
.1.3.6.1.4.1.12148.10.10.21.3.1.2.43,Integer,4,
.1.3.6.1.4.1.12148.10.10.21.3.1.2.44,Integer,4,
.1.3.6.1.4.1.12148.10.10.21.3.1.2.45,Integer,4,
.1.3.6.1.4.1.12148.10.10.21.3.1.2.46,Integer,4,
.1.3.6.1.4.1.12148.10.10.21.3.1.2.47,Integer,3,
.1.3.6.1.4.1.12148.10.10.21.3.1.2.48,Integer,3,
.1.3.6.1.4.1.12148.10.10.21.3.1.2.49,Integer,4,
.1.3.6.1.4.1.12148.10.10.21.3.1.2.50,Integer,4,
.1.3.6.1.4.1.12148.10.10.21.3.1.2.51,Integer,4,
.1.3.6.1.4.1.12148.10.10.21.3.1.2.52,Integer,3,
.1.3.6.1.4.1.12148.10.10.21.4.0,Integer,52,
.1.3.6.1.4.1.12148.10.10.21.5.1.2.1,Integer,28,
.1.3.6.1.4.1.12148.10.10.21.5.1.2.2,Integer,28,
.1.3.6.1.4.1.12148.10.10.21.5.1.2.3,Integer,27,
.1.3.6.1.4.1.12148.10.10.21.5.1.2.4,Integer,27,
.1.3.6.1.4.1.12148.10.10.21.5.1.2.5,Integer,26,
.1.3.6.1.4.1.12148.10.10.21.5.1.2.6,Integer,28,
.1.3.6.1.4.1.12148.10.10.21.5.1.2.7,Integer,27,
.1.3.6.1.4.1.12148.10.10.21.5.1.2.8,Integer,27,
.1.3.6.1.4.1.12148.10.10.21.5.1.2.9,Integer,27,
.1.3.6.1.4.1.12148.10.10.21.5.1.2.10,Integer,28,
.1.3.6.1.4.1.12148.10.10.21.5.1.2.11,Integer,26,
.1.3.6.1.4.1.12148.10.10.21.5.1.2.12,Integer,26,
.1.3.6.1.4.1.12148.10.10.21.5.1.2.13,Integer,26,
.1.3.6.1.4.1.12148.10.10.21.5.1.2.14,Integer,28,
.1.3.6.1.4.1.12148.10.10.21.5.1.2.15,Integer,26,
.1.3.6.1.4.1.12148.10.10.21.5.1.2.16,Integer,28,
.1.3.6.1.4.1.12148.10.10.21.5.1.2.17,Integer,23,
.1.3.6.1.4.1.12148.10.10.21.5.1.2.18,Integer,28,
.1.3.6.1.4.1.12148.10.10.21.5.1.2.19,Integer,28,
.1.3.6.1.4.1.12148.10.10.21.5.1.2.20,Integer,26,
.1.3.6.1.4.1.12148.10.10.21.5.1.2.21,Integer,27,
.1.3.6.1.4.1.12148.10.10.21.5.1.2.22,Integer,25,
.1.3.6.1.4.1.12148.10.10.21.5.1.2.23,Integer,28,
.1.3.6.1.4.1.12148.10.10.21.5.1.2.24,Integer,27,
.1.3.6.1.4.1.12148.10.10.21.5.1.2.25,Integer,28,
.1.3.6.1.4.1.12148.10.10.21.5.1.2.26,Integer,27,
.1.3.6.1.4.1.12148.10.10.21.5.1.2.27,Integer,27,
.1.3.6.1.4.1.12148.10.10.21.5.1.2.28,Integer,27,
.1.3.6.1.4.1.12148.10.10.21.5.1.2.29,Integer,28,
.1.3.6.1.4.1.12148.10.10.21.5.1.2.30,Integer,27,
.1.3.6.1.4.1.12148.10.10.21.5.1.2.31,Integer,26,
.1.3.6.1.4.1.12148.10.10.21.5.1.2.32,Integer,26,
.1.3.6.1.4.1.12148.10.10.21.5.1.2.33,Integer,26,
.1.3.6.1.4.1.12148.10.10.21.5.1.2.34,Integer,3,
.1.3.6.1.4.1.12148.10.10.21.5.1.2.35,Integer,22,
.1.3.6.1.4.1.12148.10.10.21.5.1.2.36,Integer,24,
.1.3.6.1.4.1.12148.10.10.21.5.1.2.37,Integer,25,
.1.3.6.1.4.1.12148.10.10.21.5.1.2.38,Integer,25,
.1.3.6.1.4.1.12148.10.10.21.5.1.2.39,Integer,26,
.1.3.6.1.4.1.12148.10.10.21.5.1.2.40,Integer,24,
.1.3.6.1.4.1.12148.10.10.21.5.1.2.41,Integer,25,
.1.3.6.1.4.1.12148.10.10.21.5.1.2.42,Integer,26,
.1.3.6.1.4.1.12148.10.10.21.5.1.2.43,Integer,25,
.1.3.6.1.4.1.12148.10.10.21.5.1.2.44,Integer,26,
.1.3.6.1.4.1.12148.10.10.21.5.1.2.45,Integer,26,
.1.3.6.1.4.1.12148.10.10.21.5.1.2.46,Integer,25,
.1.3.6.1.4.1.12148.10.10.21.5.1.2.47,Integer,20,
.1.3.6.1.4.1.12148.10.10.21.5.1.2.48,Integer,23,
.1.3.6.1.4.1.12148.10.10.21.5.1.2.49,Integer,23,
.1.3.6.1.4.1.12148.10.10.21.5.1.2.50,Integer,21,
.1.3.6.1.4.1.12148.10.10.21.5.1.2.51,Integer,20,
.1.3.6.1.4.1.12148.10.10.21.5.1.2.52,Integer,22,
.1.3.6.1.4.1.12148.10.10.21.6.0,Integer,52,
.1.3.6.1.4.1.12148.10.10.21.7.1.2.1,Integer,118,
.1.3.6.1.4.1.12148.10.10.21.7.1.2.2,Integer,120,
.1.3.6.1.4.1.12148.10.10.21.7.1.2.3,Integer,113,
.1.3.6.1.4.1.12148.10.10.21.7.1.2.4,Integer,117,
.1.3.6.1.4.1.12148.10.10.21.7.1.2.5,Integer,106,
.1.3.6.1.4.1.12148.10.10.21.7.1.2.6,Integer,121,
.1.3.6.1.4.1.12148.10.10.21.7.1.2.7,Integer,120,
.1.3.6.1.4.1.12148.10.10.21.7.1.2.8,Integer,85,
.1.3.6.1.4.1.12148.10.10.21.7.1.2.9,Integer,110,
.1.3.6.1.4.1.12148.10.10.21.7.1.2.10,Integer,108,
.1.3.6.1.4.1.12148.10.10.21.7.1.2.11,Integer,104,
.1.3.6.1.4.1.12148.10.10.21.7.1.2.12,Integer,99,
.1.3.6.1.4.1.12148.10.10.21.7.1.2.13,Integer,99,
.1.3.6.1.4.1.12148.10.10.21.7.1.2.14,Integer,102,
.1.3.6.1.4.1.12148.10.10.21.7.1.2.15,Integer,96,
.1.3.6.1.4.1.12148.10.10.21.7.1.2.16,Integer,99,
.1.3.6.1.4.1.12148.10.10.21.7.1.2.17,Integer,89,
.1.3.6.1.4.1.12148.10.10.21.7.1.2.18,Integer,98,
.1.3.6.1.4.1.12148.10.10.21.7.1.2.19,Integer,96,
.1.3.6.1.4.1.12148.10.10.21.7.1.2.20,Integer,93,
.1.3.6.1.4.1.12148.10.10.21.7.1.2.21,Integer,94,
.1.3.6.1.4.1.12148.10.10.21.7.1.2.22,Integer,91,
.1.3.6.1.4.1.12148.10.10.21.7.1.2.23,Integer,82,
.1.3.6.1.4.1.12148.10.10.21.7.1.2.24,Integer,93,
.1.3.6.1.4.1.12148.10.10.21.7.1.2.25,Integer,89,
.1.3.6.1.4.1.12148.10.10.21.7.1.2.26,Integer,95,
.1.3.6.1.4.1.12148.10.10.21.7.1.2.27,Integer,90,
.1.3.6.1.4.1.12148.10.10.21.7.1.2.28,Integer,65,
.1.3.6.1.4.1.12148.10.10.21.7.1.2.29,Integer,86,
.1.3.6.1.4.1.12148.10.10.21.7.1.2.30,Integer,94,
.1.3.6.1.4.1.12148.10.10.21.7.1.2.31,Integer,93,
.1.3.6.1.4.1.12148.10.10.21.7.1.2.32,Integer,88,
.1.3.6.1.4.1.12148.10.10.21.7.1.2.33,Integer,94,
.1.3.6.1.4.1.12148.10.10.21.7.1.2.34,Integer,92,
.1.3.6.1.4.1.12148.10.10.21.7.1.2.35,Integer,91,
.1.3.6.1.4.1.12148.10.10.21.7.1.2.36,Integer,85,
.1.3.6.1.4.1.12148.10.10.21.7.1.2.37,Integer,82,
.1.3.6.1.4.1.12148.10.10.21.7.1.2.38,Integer,80,
.1.3.6.1.4.1.12148.10.10.21.7.1.2.39,Integer,69,
.1.3.6.1.4.1.12148.10.10.21.7.1.2.40,Integer,65,
.1.3.6.1.4.1.12148.10.10.21.7.1.2.41,Integer,69,
.1.3.6.1.4.1.12148.10.10.21.7.1.2.42,Integer,69,
.1.3.6.1.4.1.12148.10.10.21.7.1.2.43,Integer,64,
.1.3.6.1.4.1.12148.10.10.21.7.1.2.44,Integer,59,
.1.3.6.1.4.1.12148.10.10.21.7.1.2.45,Integer,66,
.1.3.6.1.4.1.12148.10.10.21.7.1.2.46,Integer,62,
.1.3.6.1.4.1.12148.10.10.21.7.1.2.47,Integer,63,
.1.3.6.1.4.1.12148.10.10.21.7.1.2.48,Integer,62,
.1.3.6.1.4.1.12148.10.10.21.7.1.2.49,Integer,61,
.1.3.6.1.4.1.12148.10.10.21.7.1.2.50,Integer,64,
.1.3.6.1.4.1.12148.10.10.21.7.1.2.51,Integer,60,
.1.3.6.1.4.1.12148.10.10.21.7.1.2.52,Integer,38,
.1.3.6.1.4.1.12148.10.10.22.1.0,Integer,5650,
.1.3.6.1.4.1.12148.10.10.22.2.0,Integer,0,
.1.3.6.1.4.1.12148.10.10.22.3.0,Integer,10,
.1.3.6.1.4.1.12148.10.10.22.4.0,Integer,120,
.1.3.6.1.4.1.12148.10.10.23.1.0,Integer,4,
.1.3.6.1.4.1.12148.10.10.23.2.0,OctetString,[65 104 32 67 104 97 114 103 101 100 32 32 32 32 32 32],
.1.3.6.1.4.1.12148.10.10.23.4.0,Integer,0,
.1.3.6.1.4.1.12148.10.10.23.5.0,Integer,8230,
.1.3.6.1.4.1.12148.10.10.23.6.0,Integer,900,
.1.3.6.1.4.1.12148.10.10.23.7.0,Integer,1000,
.1.3.6.1.4.1.12148.10.10.24.1.0,Integer,4,
.1.3.6.1.4.1.12148.10.10.24.2.0,OctetString,[65 104 32 68 105 115 99 104 97 114 103 101 100 32 32 32],
.1.3.6.1.4.1.12148.10.10.24.4.0,Integer,0,
.1.3.6.1.4.1.12148.10.10.24.5.0,Integer,8275,
.1.3.6.1.4.1.12148.10.10.24.6.0,Integer,900,
.1.3.6.1.4.1.12148.10.10.24.7.0,Integer,1000,
.1.3.6.1.4.1.12148.10.10.25.1.0,Gauge32,22508,
.1.3.6.1.4.1.12148.10.10.25.2.0,Integer,52,
.1.3.6.1.4.1.12148.10.10.25.3.1.2.1,Integer,453,
.1.3.6.1.4.1.12148.10.10.25.3.1.2.2,Integer,454,
.1.3.6.1.4.1.12148.10.10.25.3.1.2.3,Integer,467,
.1.3.6.1.4.1.12148.10.10.25.3.1.2.4,Integer,485,
.1.3.6.1.4.1.12148.10.10.25.3.1.2.5,Integer,435,
.1.3.6.1.4.1.12148.10.10.25.3.1.2.6,Integer,442,
.1.3.6.1.4.1.12148.10.10.25.3.1.2.7,Integer,510,
.1.3.6.1.4.1.12148.10.10.25.3.1.2.8,Integer,506,
.1.3.6.1.4.1.12148.10.10.25.3.1.2.9,Integer,466,
.1.3.6.1.4.1.12148.10.10.25.3.1.2.10,Integer,483,
.1.3.6.1.4.1.12148.10.10.25.3.1.2.11,Integer,372,
.1.3.6.1.4.1.12148.10.10.25.3.1.2.12,Integer,590,
.1.3.6.1.4.1.12148.10.10.25.3.1.2.13,Integer,476,
.1.3.6.1.4.1.12148.10.10.25.3.1.2.14,Integer,473,
.1.3.6.1.4.1.12148.10.10.25.3.1.2.15,Integer,443,
.1.3.6.1.4.1.12148.10.10.25.3.1.2.16,Integer,434,
.1.3.6.1.4.1.12148.10.10.25.3.1.2.17,Integer,481,
.1.3.6.1.4.1.12148.10.10.25.3.1.2.18,Integer,473,
.1.3.6.1.4.1.12148.10.10.25.3.1.2.19,Integer,592,
.1.3.6.1.4.1.12148.10.10.25.3.1.2.20,Integer,456,
.1.3.6.1.4.1.12148.10.10.25.3.1.2.21,Integer,454,
.1.3.6.1.4.1.12148.10.10.25.3.1.2.22,Integer,443,
.1.3.6.1.4.1.12148.10.10.25.3.1.2.23,Integer,464,
.1.3.6.1.4.1.12148.10.10.25.3.1.2.24,Integer,454,
.1.3.6.1.4.1.12148.10.10.25.3.1.2.25,Integer,534,
.1.3.6.1.4.1.12148.10.10.25.3.1.2.26,Integer,495,
.1.3.6.1.4.1.12148.10.10.25.3.1.2.27,Integer,405,
.1.3.6.1.4.1.12148.10.10.25.3.1.2.28,Integer,461,
.1.3.6.1.4.1.12148.10.10.25.3.1.2.29,Integer,533,
.1.3.6.1.4.1.12148.10.10.25.3.1.2.30,Integer,468,
.1.3.6.1.4.1.12148.10.10.25.3.1.2.31,Integer,469,
.1.3.6.1.4.1.12148.10.10.25.3.1.2.32,Integer,401,
.1.3.6.1.4.1.12148.10.10.25.3.1.2.33,Integer,680,
.1.3.6.1.4.1.12148.10.10.25.3.1.2.34,Integer,359,
.1.3.6.1.4.1.12148.10.10.25.3.1.2.35,Integer,668,
.1.3.6.1.4.1.12148.10.10.25.3.1.2.36,Integer,454,
.1.3.6.1.4.1.12148.10.10.25.3.1.2.37,Integer,454,
.1.3.6.1.4.1.12148.10.10.25.3.1.2.38,Integer,453,
.1.3.6.1.4.1.12148.10.10.25.3.1.2.39,Integer,438,
.1.3.6.1.4.1.12148.10.10.25.3.1.2.40,Integer,520,
.1.3.6.1.4.1.12148.10.10.25.3.1.2.41,Integer,404,
.1.3.6.1.4.1.12148.10.10.25.3.1.2.42,Integer,454,
.1.3.6.1.4.1.12148.10.10.25.3.1.2.43,Integer,454,
.1.3.6.1.4.1.12148.10.10.25.3.1.2.44,Integer,454,
.1.3.6.1.4.1.12148.10.10.25.3.1.2.45,Integer,486,
.1.3.6.1.4.1.12148.10.10.25.3.1.2.46,Integer,460,
.1.3.6.1.4.1.12148.10.10.25.3.1.2.47,Integer,655,
.1.3.6.1.4.1.12148.10.10.25.3.1.2.48,Integer,694,
.1.3.6.1.4.1.12148.10.10.25.3.1.2.49,Integer,454,
.1.3.6.1.4.1.12148.10.10.25.3.1.2.50,Integer,453,
.1.3.6.1.4.1.12148.10.10.25.3.1.2.51,Integer,454,
.1.3.6.1.4.1.12148.10.10.25.3.1.2.52,Integer,355,
.1.3.6.1.4.1.12148.10.10.25.4.0,Integer,52,
.1.3.6.1.4.1.12148.10.10.25.5.1.2.1,Integer,56,
.1.3.6.1.4.1.12148.10.10.25.5.1.2.2,Integer,56,
.1.3.6.1.4.1.12148.10.10.25.5.1.2.3,Integer,55,
.1.3.6.1.4.1.12148.10.10.25.5.1.2.4,Integer,56,
.1.3.6.1.4.1.12148.10.10.25.5.1.2.5,Integer,55,
.1.3.6.1.4.1.12148.10.10.25.5.1.2.6,Integer,56,
.1.3.6.1.4.1.12148.10.10.25.5.1.2.7,Integer,57,
.1.3.6.1.4.1.12148.10.10.25.5.1.2.8,Integer,56,
.1.3.6.1.4.1.12148.10.10.25.5.1.2.9,Integer,56,
.1.3.6.1.4.1.12148.10.10.25.5.1.2.10,Integer,58,
.1.3.6.1.4.1.12148.10.10.25.5.1.2.11,Integer,60,
.1.3.6.1.4.1.12148.10.10.25.5.1.2.12,Integer,60,
.1.3.6.1.4.1.12148.10.10.25.5.1.2.13,Integer,57,
.1.3.6.1.4.1.12148.10.10.25.5.1.2.14,Integer,55,
.1.3.6.1.4.1.12148.10.10.25.5.1.2.15,Integer,58,
.1.3.6.1.4.1.12148.10.10.25.5.1.2.16,Integer,57,
.1.3.6.1.4.1.12148.10.10.25.5.1.2.17,Integer,64,
.1.3.6.1.4.1.12148.10.10.25.5.1.2.18,Integer,55,
.1.3.6.1.4.1.12148.10.10.25.5.1.2.19,Integer,52,
.1.3.6.1.4.1.12148.10.10.25.5.1.2.20,Integer,56,
.1.3.6.1.4.1.12148.10.10.25.5.1.2.21,Integer,56,
.1.3.6.1.4.1.12148.10.10.25.5.1.2.22,Integer,60,
.1.3.6.1.4.1.12148.10.10.25.5.1.2.23,Integer,57,
.1.3.6.1.4.1.12148.10.10.25.5.1.2.24,Integer,56,
.1.3.6.1.4.1.12148.10.10.25.5.1.2.25,Integer,52,
.1.3.6.1.4.1.12148.10.10.25.5.1.2.26,Integer,55,
.1.3.6.1.4.1.12148.10.10.25.5.1.2.27,Integer,56,
.1.3.6.1.4.1.12148.10.10.25.5.1.2.28,Integer,55,
.1.3.6.1.4.1.12148.10.10.25.5.1.2.29,Integer,54,
.1.3.6.1.4.1.12148.10.10.25.5.1.2.30,Integer,58,
.1.3.6.1.4.1.12148.10.10.25.5.1.2.31,Integer,60,
.1.3.6.1.4.1.12148.10.10.25.5.1.2.32,Integer,61,
.1.3.6.1.4.1.12148.10.10.25.5.1.2.33,Integer,60,
.1.3.6.1.4.1.12148.10.10.25.5.1.2.34,Integer,9,
.1.3.6.1.4.1.12148.10.10.25.5.1.2.35,Integer,53,
.1.3.6.1.4.1.12148.10.10.25.5.1.2.36,Integer,62,
.1.3.6.1.4.1.12148.10.10.25.5.1.2.37,Integer,66,
.1.3.6.1.4.1.12148.10.10.25.5.1.2.38,Integer,63,
.1.3.6.1.4.1.12148.10.10.25.5.1.2.39,Integer,64,
.1.3.6.1.4.1.12148.10.10.25.5.1.2.40,Integer,66,
.1.3.6.1.4.1.12148.10.10.25.5.1.2.41,Integer,63,
.1.3.6.1.4.1.12148.10.10.25.5.1.2.42,Integer,61,
.1.3.6.1.4.1.12148.10.10.25.5.1.2.43,Integer,63,
.1.3.6.1.4.1.12148.10.10.25.5.1.2.44,Integer,61,
.1.3.6.1.4.1.12148.10.10.25.5.1.2.45,Integer,62,
.1.3.6.1.4.1.12148.10.10.25.5.1.2.46,Integer,66,
.1.3.6.1.4.1.12148.10.10.25.5.1.2.47,Integer,82,
.1.3.6.1.4.1.12148.10.10.25.5.1.2.48,Integer,75,
.1.3.6.1.4.1.12148.10.10.25.5.1.2.49,Integer,73,
.1.3.6.1.4.1.12148.10.10.25.5.1.2.50,Integer,75,
.1.3.6.1.4.1.12148.10.10.25.5.1.2.51,Integer,67,
.1.3.6.1.4.1.12148.10.10.25.5.1.2.52,Integer,44,
.1.3.6.1.4.1.12148.10.10.25.6.0,Integer,52,
.1.3.6.1.4.1.12148.10.10.25.7.1.2.1,Integer,239,
.1.3.6.1.4.1.12148.10.10.25.7.1.2.2,Integer,252,
.1.3.6.1.4.1.12148.10.10.25.7.1.2.3,Integer,253,
.1.3.6.1.4.1.12148.10.10.25.7.1.2.4,Integer,258,
.1.3.6.1.4.1.12148.10.10.25.7.1.2.5,Integer,227,
.1.3.6.1.4.1.12148.10.10.25.7.1.2.6,Integer,249,
.1.3.6.1.4.1.12148.10.10.25.7.1.2.7,Integer,251,
.1.3.6.1.4.1.12148.10.10.25.7.1.2.8,Integer,200,
.1.3.6.1.4.1.12148.10.10.25.7.1.2.9,Integer,286,
.1.3.6.1.4.1.12148.10.10.25.7.1.2.10,Integer,270,
.1.3.6.1.4.1.12148.10.10.25.7.1.2.11,Integer,316,
.1.3.6.1.4.1.12148.10.10.25.7.1.2.12,Integer,319,
.1.3.6.1.4.1.12148.10.10.25.7.1.2.13,Integer,309,
.1.3.6.1.4.1.12148.10.10.25.7.1.2.14,Integer,327,
.1.3.6.1.4.1.12148.10.10.25.7.1.2.15,Integer,316,
.1.3.6.1.4.1.12148.10.10.25.7.1.2.16,Integer,336,
.1.3.6.1.4.1.12148.10.10.25.7.1.2.17,Integer,304,
.1.3.6.1.4.1.12148.10.10.25.7.1.2.18,Integer,330,
.1.3.6.1.4.1.12148.10.10.25.7.1.2.19,Integer,336,
.1.3.6.1.4.1.12148.10.10.25.7.1.2.20,Integer,322,
.1.3.6.1.4.1.12148.10.10.25.7.1.2.21,Integer,356,
.1.3.6.1.4.1.12148.10.10.25.7.1.2.22,Integer,317,
.1.3.6.1.4.1.12148.10.10.25.7.1.2.23,Integer,307,
.1.3.6.1.4.1.12148.10.10.25.7.1.2.24,Integer,358,
.1.3.6.1.4.1.12148.10.10.25.7.1.2.25,Integer,351,
.1.3.6.1.4.1.12148.10.10.25.7.1.2.26,Integer,355,
.1.3.6.1.4.1.12148.10.10.25.7.1.2.27,Integer,348,
.1.3.6.1.4.1.12148.10.10.25.7.1.2.28,Integer,264,
.1.3.6.1.4.1.12148.10.10.25.7.1.2.29,Integer,336,
.1.3.6.1.4.1.12148.10.10.25.7.1.2.30,Integer,362,
.1.3.6.1.4.1.12148.10.10.25.7.1.2.31,Integer,360,
.1.3.6.1.4.1.12148.10.10.25.7.1.2.32,Integer,355,
.1.3.6.1.4.1.12148.10.10.25.7.1.2.33,Integer,391,
.1.3.6.1.4.1.12148.10.10.25.7.1.2.34,Integer,389,
.1.3.6.1.4.1.12148.10.10.25.7.1.2.35,Integer,399,
.1.3.6.1.4.1.12148.10.10.25.7.1.2.36,Integer,400,
.1.3.6.1.4.1.12148.10.10.25.7.1.2.37,Integer,390,
.1.3.6.1.4.1.12148.10.10.25.7.1.2.38,Integer,413,
.1.3.6.1.4.1.12148.10.10.25.7.1.2.39,Integer,437,
.1.3.6.1.4.1.12148.10.10.25.7.1.2.40,Integer,471,
.1.3.6.1.4.1.12148.10.10.25.7.1.2.41,Integer,419,
.1.3.6.1.4.1.12148.10.10.25.7.1.2.42,Integer,476,
.1.3.6.1.4.1.12148.10.10.25.7.1.2.43,Integer,474,
.1.3.6.1.4.1.12148.10.10.25.7.1.2.44,Integer,456,
.1.3.6.1.4.1.12148.10.10.25.7.1.2.45,Integer,478,
.1.3.6.1.4.1.12148.10.10.25.7.1.2.46,Integer,458,
.1.3.6.1.4.1.12148.10.10.25.7.1.2.47,Integer,473,
.1.3.6.1.4.1.12148.10.10.25.7.1.2.48,Integer,472,
.1.3.6.1.4.1.12148.10.10.25.7.1.2.49,Integer,465,
.1.3.6.1.4.1.12148.10.10.25.7.1.2.50,Integer,473,
.1.3.6.1.4.1.12148.10.10.25.7.1.2.51,Integer,467,
.1.3.6.1.4.1.12148.10.10.25.7.1.2.52,Integer,76,
.1.3.6.1.4.1.12148.10.10.26.1.0,Integer,0,
.1.3.6.1.4.1.12148.10.10.26.2.1.0,Integer,4,
.1.3.6.1.4.1.12148.10.10.26.2.2.0,OctetString,[66 97 116 116 101 114 121 69 114 114 111 114 32 32 32 32],
.1.3.6.1.4.1.12148.10.10.26.2.4.0,Integer,0,
.1.3.6.1.4.1.12148.10.10.26.2.5.0,Integer,0,
.1.3.6.1.4.1.12148.10.10.26.2.6.0,Integer,2,
.1.3.6.1.4.1.12148.10.10.26.2.7.0,Integer,1,
.1.3.6.1.4.1.12148.10.10.26.3.1.0,Integer,4,
.1.3.6.1.4.1.12148.10.10.26.3.2.0,OctetString,[66 97 116 116 101 114 121 67 111 109 109 69 114 114 46 32],
.1.3.6.1.4.1.12148.10.10.26.3.4.0,Integer,0,
.1.3.6.1.4.1.12148.10.10.26.3.5.0,Integer,0,
.1.3.6.1.4.1.12148.10.10.26.3.6.0,Integer,1,
.1.3.6.1.4.1.12148.10.10.26.3.7.0,Integer,1,
.1.3.6.1.4.1.12148.10.11.1.1.2.1,Integer,3,
.1.3.6.1.4.1.12148.10.11.2.1.2.1.1,Integer,4,
.1.3.6.1.4.1.12148.10.11.2.1.2.1.2,Integer,4,
.1.3.6.1.4.1.12148.10.11.2.1.2.1.3,Integer,4,
.1.3.6.1.4.1.12148.10.11.2.1.3.1.1,OctetString,[80 114 111 103 73 110 112 117 116 32 49 46 49 32],
.1.3.6.1.4.1.12148.10.11.2.1.3.1.2,OctetString,[80 114 111 103 73 110 112 117 116 32 49 46 50 32],
.1.3.6.1.4.1.12148.10.11.2.1.3.1.3,OctetString,[80 114 111 103 73 110 112 117 116 32 49 46 51 32],
.1.3.6.1.4.1.12148.10.11.2.1.5.1.1,Integer,0,
.1.3.6.1.4.1.12148.10.11.2.1.5.1.2,Integer,0,
.1.3.6.1.4.1.12148.10.11.2.1.5.1.3,Integer,0,
.1.3.6.1.4.1.12148.10.11.2.1.6.1.1,Integer,4,
.1.3.6.1.4.1.12148.10.11.2.1.6.1.2,Integer,9,
.1.3.6.1.4.1.12148.10.11.2.1.6.1.3,Integer,9,
.1.3.6.1.4.1.12148.10.11.2.1.7.1.1,Integer,2,
.1.3.6.1.4.1.12148.10.11.2.1.7.1.2,Integer,2,
.1.3.6.1.4.1.12148.10.11.2.1.7.1.3,Integer,2,
.1.3.6.1.4.1.12148.10.11.3.1.2.1,Integer,6,
.1.3.6.1.4.1.12148.10.11.3.1.2.2,Integer,2,
.1.3.6.1.4.1.12148.10.11.4.1.2.1.1,Integer,1,
.1.3.6.1.4.1.12148.10.11.4.1.2.1.2,Integer,3,
.1.3.6.1.4.1.12148.10.11.4.1.2.1.3,Integer,3,
.1.3.6.1.4.1.12148.10.11.4.1.2.1.4,Integer,3,
.1.3.6.1.4.1.12148.10.11.4.1.2.1.5,Integer,3,
.1.3.6.1.4.1.12148.10.11.4.1.2.1.6,Integer,3,
.1.3.6.1.4.1.12148.10.11.4.1.2.2.1,Integer,2,
.1.3.6.1.4.1.12148.10.11.4.1.2.2.2,Integer,2,
.1.3.6.1.4.1.12148.10.11.4.1.3.1.1,OctetString,[77 97 105 110 115 32 83 80 68 32 65 108 97 114 109],
.1.3.6.1.4.1.12148.10.11.4.1.3.1.2,OctetString,[71 101 110 101 114 97 116 111 114 32 67 111 109 109 111 110],
.1.3.6.1.4.1.12148.10.11.4.1.3.1.3,OctetString,[70 117 101 108 32 76 101 118 101 108 32 65 108 97 114 109],
.1.3.6.1.4.1.12148.10.11.4.1.3.1.4,OctetString,[65 105 114 99 111 110 32 65 108 97 114 109],
.1.3.6.1.4.1.12148.10.11.4.1.3.1.5,OctetString,[68 111 111 114 32 65 108 97 114 109],
.1.3.6.1.4.1.12148.10.11.4.1.3.1.6,OctetString,[83 109 111 107 101 32 65 108 97 114 109],
.1.3.6.1.4.1.12148.10.11.4.1.3.2.1,OctetString,[],
.1.3.6.1.4.1.12148.10.11.4.1.3.2.2,OctetString,[],
.1.3.6.1.4.1.12148.10.11.4.1.5.1.1,Integer,1,
.1.3.6.1.4.1.12148.10.11.4.1.5.1.2,Integer,1,
.1.3.6.1.4.1.12148.10.11.4.1.5.1.3,Integer,1,
.1.3.6.1.4.1.12148.10.11.4.1.5.1.4,Integer,1,
.1.3.6.1.4.1.12148.10.11.4.1.5.1.5,Integer,1,
.1.3.6.1.4.1.12148.10.11.4.1.5.1.6,Integer,1,
.1.3.6.1.4.1.12148.10.11.4.1.5.2.1,Integer,2,
.1.3.6.1.4.1.12148.10.11.4.1.5.2.2,Integer,2,
.1.3.6.1.4.1.12148.10.11.4.1.6.1.1,Integer,0,
.1.3.6.1.4.1.12148.10.11.4.1.6.1.2,Integer,1,
.1.3.6.1.4.1.12148.10.11.4.1.6.1.3,Integer,1,
.1.3.6.1.4.1.12148.10.11.4.1.6.1.4,Integer,1,
.1.3.6.1.4.1.12148.10.11.4.1.6.1.5,Integer,1,
.1.3.6.1.4.1.12148.10.11.4.1.6.1.6,Integer,1,
.1.3.6.1.4.1.12148.10.11.4.1.6.2.1,Integer,2,
.1.3.6.1.4.1.12148.10.11.4.1.6.2.2,Integer,2,
.1.3.6.1.4.1.12148.10.11.4.1.7.1.1,Integer,2,
.1.3.6.1.4.1.12148.10.11.4.1.7.1.2,Integer,2,
.1.3.6.1.4.1.12148.10.11.4.1.7.1.3,Integer,2,
.1.3.6.1.4.1.12148.10.11.4.1.7.1.4,Integer,2,
.1.3.6.1.4.1.12148.10.11.4.1.7.1.5,Integer,2,
.1.3.6.1.4.1.12148.10.11.4.1.7.1.6,Integer,2,
.1.3.6.1.4.1.12148.10.11.4.1.7.2.1,Integer,4,
.1.3.6.1.4.1.12148.10.11.4.1.7.2.2,Integer,4,
.1.3.6.1.4.1.12148.10.12.1.1.2.1,Integer,3,
.1.3.6.1.4.1.12148.10.12.2.1.2.1.1,Integer,3,
.1.3.6.1.4.1.12148.10.12.2.1.2.1.2,Integer,3,
.1.3.6.1.4.1.12148.10.12.2.1.2.1.3,Integer,3,
.1.3.6.1.4.1.12148.10.12.2.1.3.1.1,OctetString,[66 97 116 116 32 99 111 110 116 97 99 116 111 114 32 32],
.1.3.6.1.4.1.12148.10.12.2.1.3.1.2,OctetString,[76 111 97 100 32 99 111 110 116 97 99 116 111 114 32 49],
.1.3.6.1.4.1.12148.10.12.2.1.3.1.3,OctetString,[76 111 97 100 32 99 111 110 116 97 99 116 111 114 32 50],
.1.3.6.1.4.1.12148.10.12.3.1.2.1,Integer,6,
.1.3.6.1.4.1.12148.10.12.3.1.2.2,Integer,2,
.1.3.6.1.4.1.12148.10.12.4.1.2.1.1,Integer,1,
.1.3.6.1.4.1.12148.10.12.4.1.2.1.2,Integer,1,
.1.3.6.1.4.1.12148.10.12.4.1.2.1.3,Integer,1,
.1.3.6.1.4.1.12148.10.12.4.1.2.1.4,Integer,0,
.1.3.6.1.4.1.12148.10.12.4.1.2.1.5,Integer,1,
.1.3.6.1.4.1.12148.10.12.4.1.2.1.6,Integer,1,
.1.3.6.1.4.1.12148.10.12.4.1.2.2.1,Integer,2,
.1.3.6.1.4.1.12148.10.12.4.1.2.2.2,Integer,2,
.1.3.6.1.4.1.12148.10.12.4.1.3.1.1,OctetString,[82 101 99 116 46 32 80 114 105 111 114 105 116 121],
.1.3.6.1.4.1.12148.10.12.4.1.3.1.2,OctetString,[82 101 99 116 46 32 78 45 80 114 105 111 114 105 116 121],
.1.3.6.1.4.1.12148.10.12.4.1.3.1.3,OctetString,[66 97 116 116 101 114 121 32 86 111 108 116 97 103 101],
.1.3.6.1.4.1.12148.10.12.4.1.3.1.4,OctetString,[71 101 110 46 32 67 111 110 116 114 111 108],
.1.3.6.1.4.1.12148.10.12.4.1.3.1.5,OctetString,[72 105 103 104 32 84 101 109 112 46],
.1.3.6.1.4.1.12148.10.12.4.1.3.1.6,OctetString,[77 97 105 110 115 32 70 97 105 108],
.1.3.6.1.4.1.12148.10.12.4.1.3.2.1,OctetString,[],
.1.3.6.1.4.1.12148.10.12.4.1.3.2.2,OctetString,[],
.1.3.6.1.4.1.12148.10.13.1.0,Integer,3,
.1.3.6.1.4.1.12148.10.13.2.0,OctetString,[7 234 7 10 16 24 20 0],
.1.3.6.1.4.1.12148.10.13.3.0,Integer,1,
.1.3.6.1.4.1.12148.10.13.4.1.0,Integer,1,
.1.3.6.1.4.1.12148.10.13.4.2.0,Integer,0,
.1.3.6.1.4.1.12148.10.13.4.3.0,Integer,0,
.1.3.6.1.4.1.12148.10.13.4.4.0,Integer,0,
.1.3.6.1.4.1.12148.10.13.4.5.0,Integer,0,
.1.3.6.1.4.1.12148.10.13.4.6.1.2.1,OctetString,[49 50 55 46 48 46 48 46 49],
.1.3.6.1.4.1.12148.10.13.4.6.1.2.2,OctetString,[49 50 55 46 48 46 48 46 49],
.1.3.6.1.4.1.12148.10.13.4.6.1.2.3,OctetString,[49 50 55 46 48 46 48 46 49],
.1.3.6.1.4.1.12148.10.13.4.6.1.2.4,OctetString,[58 58 49],
.1.3.6.1.4.1.12148.10.13.4.6.1.2.5,OctetString,[48 46 48 46 48 46 48],
.1.3.6.1.4.1.12148.10.13.4.6.1.2.6,OctetString,[48 46 48 46 48 46 48],
.1.3.6.1.4.1.12148.10.13.4.6.1.2.7,OctetString,[48 46 48 46 48 46 48],
.1.3.6.1.4.1.12148.10.13.4.6.1.2.8,OctetString,[48 46 48 46 48 46 48],
.1.3.6.1.4.1.12148.10.13.4.6.1.2.9,OctetString,[48 46 48 46 48 46 48],
.1.3.6.1.4.1.12148.10.13.4.6.1.2.10,OctetString,[48 46 48 46 48 46 48],
.1.3.6.1.4.1.12148.10.13.4.6.1.3.1,Integer,162,
.1.3.6.1.4.1.12148.10.13.4.6.1.3.2,Integer,162,
.1.3.6.1.4.1.12148.10.13.4.6.1.3.3,Integer,162,
.1.3.6.1.4.1.12148.10.13.4.6.1.3.4,Integer,162,
.1.3.6.1.4.1.12148.10.13.4.6.1.3.5,Integer,0,
.1.3.6.1.4.1.12148.10.13.4.6.1.3.6,Integer,0,
.1.3.6.1.4.1.12148.10.13.4.6.1.3.7,Integer,0,
.1.3.6.1.4.1.12148.10.13.4.6.1.3.8,Integer,0,
.1.3.6.1.4.1.12148.10.13.4.6.1.3.9,Integer,0,
.1.3.6.1.4.1.12148.10.13.4.6.1.3.10,Integer,0,
.1.3.6.1.4.1.12148.10.13.4.6.1.4.1,Integer,1,
.1.3.6.1.4.1.12148.10.13.4.6.1.4.2,Integer,2,
.1.3.6.1.4.1.12148.10.13.4.6.1.4.3,Integer,3,
.1.3.6.1.4.1.12148.10.13.4.6.1.4.4,Integer,3,
.1.3.6.1.4.1.12148.10.13.4.6.1.4.5,Integer,0,
.1.3.6.1.4.1.12148.10.13.4.6.1.4.6,Integer,0,
.1.3.6.1.4.1.12148.10.13.4.6.1.4.7,Integer,0,
.1.3.6.1.4.1.12148.10.13.4.6.1.4.8,Integer,0,
.1.3.6.1.4.1.12148.10.13.4.6.1.4.9,Integer,0,
.1.3.6.1.4.1.12148.10.13.4.6.1.4.10,Integer,0,
.1.3.6.1.4.1.12148.10.13.5.0,Integer,0,
.1.3.6.1.4.1.12148.10.13.6.0,Integer,0,
.1.3.6.1.4.1.12148.10.13.7.1.0,Integer,2,
.1.3.6.1.4.1.12148.10.13.7.2.1.2.1,Integer,0,
.1.3.6.1.4.1.12148.10.13.7.2.1.2.2,Integer,2,
.1.3.6.1.4.1.12148.10.13.7.2.1.3.1,Integer,0,
.1.3.6.1.4.1.12148.10.13.7.2.1.3.2,Integer,2,
.1.3.6.1.4.1.12148.10.13.7.3.1.2.1.1,Integer,6,
.1.3.6.1.4.1.12148.10.13.7.3.1.2.1.2,Integer,6,
.1.3.6.1.4.1.12148.10.13.7.3.1.2.2.1,Integer,2,
.1.3.6.1.4.1.12148.10.13.7.3.1.2.2.2,Integer,2,
.1.3.6.1.4.1.12148.10.13.7.3.1.3.1.1,OctetString,[],
.1.3.6.1.4.1.12148.10.13.7.3.1.3.1.2,OctetString,[],
.1.3.6.1.4.1.12148.10.13.7.3.1.3.2.1,OctetString,[],
.1.3.6.1.4.1.12148.10.13.7.3.1.3.2.2,OctetString,[],
.1.3.6.1.4.1.12148.10.13.7.3.1.5.1.1,Integer,0,
.1.3.6.1.4.1.12148.10.13.7.3.1.5.1.2,Integer,0,
.1.3.6.1.4.1.12148.10.13.7.3.1.5.2.1,Integer,2,
.1.3.6.1.4.1.12148.10.13.7.3.1.5.2.2,Integer,2,
.1.3.6.1.4.1.12148.10.13.7.3.1.6.1.1,Integer,0,
.1.3.6.1.4.1.12148.10.13.7.3.1.6.1.2,Integer,0,
.1.3.6.1.4.1.12148.10.13.7.3.1.6.2.1,Integer,29186,
.1.3.6.1.4.1.12148.10.13.7.3.1.6.2.2,Integer,29186,
.1.3.6.1.4.1.12148.10.13.7.3.1.7.1.1,Integer,0,
.1.3.6.1.4.1.12148.10.13.7.3.1.7.1.2,Integer,0,
.1.3.6.1.4.1.12148.10.13.7.3.1.7.2.1,Integer,29186,
.1.3.6.1.4.1.12148.10.13.7.3.1.7.2.2,Integer,29186,
.1.3.6.1.4.1.12148.10.13.7.3.1.8.1.1,Integer,0,
.1.3.6.1.4.1.12148.10.13.7.3.1.8.1.2,Integer,0,
.1.3.6.1.4.1.12148.10.13.7.3.1.8.2.1,Integer,29186,
.1.3.6.1.4.1.12148.10.13.7.3.1.8.2.2,Integer,29186,
.1.3.6.1.4.1.12148.10.13.7.3.1.9.1.1,Integer,0,
.1.3.6.1.4.1.12148.10.13.7.3.1.9.1.2,Integer,0,
.1.3.6.1.4.1.12148.10.13.7.3.1.9.2.1,Integer,29186,
.1.3.6.1.4.1.12148.10.13.7.3.1.9.2.2,Integer,29186,
.1.3.6.1.4.1.12148.10.13.7.3.1.10.1.1,Integer,0,
.1.3.6.1.4.1.12148.10.13.7.3.1.10.1.2,Integer,0,
.1.3.6.1.4.1.12148.10.13.7.3.1.10.2.1,Integer,29186,
.1.3.6.1.4.1.12148.10.13.7.3.1.10.2.2,Integer,29186,
.1.3.6.1.4.1.12148.10.13.7.4.1.2.1.1,Integer,0,
.1.3.6.1.4.1.12148.10.13.7.4.1.2.1.2,Integer,0,
.1.3.6.1.4.1.12148.10.13.7.4.1.2.2.1,Integer,29186,
.1.3.6.1.4.1.12148.10.13.7.4.1.2.2.2,Integer,29186,
.1.3.6.1.4.1.12148.10.13.7.4.1.3.1.1,Integer,0,
.1.3.6.1.4.1.12148.10.13.7.4.1.3.1.2,Integer,0,
.1.3.6.1.4.1.12148.10.13.7.4.1.3.2.1,Integer,29186,
.1.3.6.1.4.1.12148.10.13.7.4.1.3.2.2,Integer,29186,
.1.3.6.1.4.1.12148.10.13.7.4.1.4.1.1,Integer,0,
.1.3.6.1.4.1.12148.10.13.7.4.1.4.1.2,Integer,0,
.1.3.6.1.4.1.12148.10.13.7.4.1.4.2.1,Integer,29186,
.1.3.6.1.4.1.12148.10.13.7.4.1.4.2.2,Integer,29186,
.1.3.6.1.4.1.12148.10.13.8.1.0,Integer,4,
.1.3.6.1.4.1.12148.10.13.8.2.1.2.1,OctetString,[83 80 50 32 84 111 117 99 104 32 49 32 32 32 32],
.1.3.6.1.4.1.12148.10.13.8.2.1.2.2,OctetString,[83 80 50 32 66 97 115 105 99 32 49 32],
.1.3.6.1.4.1.12148.10.13.8.2.1.2.3,OctetString,[73 47 79 32 117 110 105 116 32 49 32 32 32 32 32],
.1.3.6.1.4.1.12148.10.13.8.2.1.2.4,OctetString,[],
.1.3.6.1.4.1.12148.10.13.8.2.1.3.1,Integer,1,
.1.3.6.1.4.1.12148.10.13.8.2.1.3.2,Integer,1,
.1.3.6.1.4.1.12148.10.13.8.2.1.3.3,Integer,3,
.1.3.6.1.4.1.12148.10.13.8.2.1.3.4,Integer,9,
.1.3.6.1.4.1.12148.10.13.8.2.1.4.1,OctetString,[49 57 51 51 55 49 48 51 57 56 53 51],
.1.3.6.1.4.1.12148.10.13.8.2.1.4.2,OctetString,[49 57 49 53 55 49 48 48 49 55 50 51],
.1.3.6.1.4.1.12148.10.13.8.2.1.4.3,OctetString,[49 57 50 57 55 49 48 48 54 55 48 51],
.1.3.6.1.4.1.12148.10.13.8.2.1.4.4,OctetString,[48 57 50 62 51 50 48 48 48 48 48 48],
.1.3.6.1.4.1.12148.10.13.8.2.1.5.1,OctetString,[50 52 50 49 48 48 46 53 49 48],
.1.3.6.1.4.1.12148.10.13.8.2.1.5.2,OctetString,[50 52 50 49 48 48 46 53 48 49],
.1.3.6.1.4.1.12148.10.13.8.2.1.5.3,OctetString,[50 52 50 49 48 48 46 53 48 50],
.1.3.6.1.4.1.12148.10.13.8.2.1.5.4,OctetString,[],
.1.3.6.1.4.1.12148.10.13.8.2.1.6.1,OctetString,[51 46 48],
.1.3.6.1.4.1.12148.10.13.8.2.1.6.2,OctetString,[53],
.1.3.6.1.4.1.12148.10.13.8.2.1.6.3,OctetString,[50 46 48],
.1.3.6.1.4.1.12148.10.13.8.2.1.6.4,OctetString,[],
.1.3.6.1.4.1.12148.10.13.8.2.1.7.1,OctetString,[52 48 53 48 51 54 46 48 48 57],
.1.3.6.1.4.1.12148.10.13.8.2.1.7.2,OctetString,[52 48 53 48 48 55 46 48 48 57],
.1.3.6.1.4.1.12148.10.13.8.2.1.7.3,OctetString,[52 48 50 48 56 56 46 48 48 57],
.1.3.6.1.4.1.12148.10.13.8.2.1.7.4,OctetString,[],
.1.3.6.1.4.1.12148.10.13.8.2.1.8.1,OctetString,[50 46 49 48 32],
.1.3.6.1.4.1.12148.10.13.8.2.1.8.2,OctetString,[49 46 53],
.1.3.6.1.4.1.12148.10.13.8.2.1.8.3,OctetString,[52 46 50],
.1.3.6.1.4.1.12148.10.13.8.2.1.8.4,OctetString,[],
.1.3.6.1.4.1.12148.10.13.9.1.0,Integer,0,
.1.3.6.1.4.1.12148.10.13.9.6.0,Integer,52,
.1.3.6.1.4.1.12148.10.13.9.8.0,Integer,52,
.1.3.6.1.4.1.12148.10.13.9.10.0,Integer,52,
.1.3.6.1.4.1.12148.10.13.10.1.0,Integer,0,
.1.3.6.1.4.1.12148.10.13.10.6.0,Integer,12,
.1.3.6.1.4.1.12148.10.13.10.8.0,Integer,12,
.1.3.6.1.4.1.12148.10.13.10.11.0,Integer,52,
.1.3.6.1.4.1.12148.10.13.10.13.0,Integer,52,
.1.3.6.1.4.1.12148.10.13.10.15.0,Integer,52,
.1.3.6.1.4.1.12148.10.13.11.1.1.2.1,Integer,3,
.1.3.6.1.4.1.12148.10.13.11.2.1.2.1.1,Integer,4,
.1.3.6.1.4.1.12148.10.13.11.2.1.2.1.2,Integer,4,
.1.3.6.1.4.1.12148.10.13.11.2.1.2.1.3,Integer,4,
.1.3.6.1.4.1.12148.10.13.11.2.1.3.1.1,OctetString,[84 101 109 112 101 114 97 116 117 114 101 49 46 49],
.1.3.6.1.4.1.12148.10.13.11.2.1.3.1.2,OctetString,[84 101 109 112 101 114 97 116 117 114 101 49 46 50],
.1.3.6.1.4.1.12148.10.13.11.2.1.3.1.3,OctetString,[84 101 109 112 101 114 97 116 117 114 101 49 46 51],
.1.3.6.1.4.1.12148.10.13.11.2.1.5.1.1,Integer,0,
.1.3.6.1.4.1.12148.10.13.11.2.1.5.1.2,Integer,0,
.1.3.6.1.4.1.12148.10.13.11.2.1.5.1.3,Integer,0,
.1.3.6.1.4.1.12148.10.13.11.2.1.6.1.1,Integer,23,
.1.3.6.1.4.1.12148.10.13.11.2.1.6.1.2,Integer,-100,
.1.3.6.1.4.1.12148.10.13.11.2.1.6.1.3,Integer,-100,
.1.3.6.1.4.1.12148.10.13.11.2.1.7.1.1,Integer,40,
.1.3.6.1.4.1.12148.10.13.11.2.1.7.1.2,Integer,40,
.1.3.6.1.4.1.12148.10.13.11.2.1.7.1.3,Integer,40,
.1.3.6.1.4.1.12148.10.13.11.2.1.8.1.1,Integer,30,
.1.3.6.1.4.1.12148.10.13.11.2.1.8.1.2,Integer,30,
.1.3.6.1.4.1.12148.10.13.11.2.1.8.1.3,Integer,30,
.1.3.6.1.4.1.12148.10.13.11.2.1.9.1.1,Integer,-5,
.1.3.6.1.4.1.12148.10.13.11.2.1.9.1.2,Integer,-5,
.1.3.6.1.4.1.12148.10.13.11.2.1.9.1.3,Integer,-5,
.1.3.6.1.4.1.12148.10.13.11.2.1.10.1.1,Integer,-10,
.1.3.6.1.4.1.12148.10.13.11.2.1.10.1.2,Integer,-10,
.1.3.6.1.4.1.12148.10.13.11.2.1.10.1.3,Integer,-10,
.1.3.6.1.4.1.12148.10.13.11.3.1.1.1,Integer,4,
.1.3.6.1.4.1.12148.10.13.11.3.1.2.1,OctetString,[69 97 114 116 104 32 70 97 117 108 116 121 32 32 49],
.1.3.6.1.4.1.12148.10.13.11.3.1.4.1,Integer,0,
.1.3.6.1.4.1.12148.10.13.11.3.1.5.1,Integer,1,
.1.3.6.1.4.1.12148.10.13.11.3.1.6.1,Integer,110,
.1.3.6.1.4.1.12148.10.13.12.1.1.0,Integer,1,
.1.3.6.1.4.1.12148.10.13.12.1.2.0,OctetString,[67 116 114 108 85 110 105 116 69 114 114 111 114 32 32 32],
.1.3.6.1.4.1.12148.10.13.12.1.4.0,Integer,1,
.1.3.6.1.4.1.12148.10.13.12.1.5.0,Integer,0,
.1.3.6.1.4.1.12148.10.13.12.1.6.0,Integer,1,
.1.3.6.1.4.1.12148.10.13.12.1.7.0,Integer,1,
.1.3.6.1.4.1.12148.10.13.12.2.1.0,Integer,1,
.1.3.6.1.4.1.12148.10.13.12.2.2.0,OctetString,[67 85 32 69 114 114 46 83 109 97 114 116 78 111 100 101],
.1.3.6.1.4.1.12148.10.13.12.2.4.0,Integer,1,
.1.3.6.1.4.1.12148.10.13.12.2.5.0,Integer,0,
.1.3.6.1.4.1.12148.10.13.12.2.6.0,Integer,1,
.1.3.6.1.4.1.12148.10.13.12.2.7.0,Integer,1,
.1.3.6.1.4.1.12148.10.13.12.3.1.0,Integer,1,
.1.3.6.1.4.1.12148.10.13.12.3.2.0,OctetString,[67 85 32 69 114 114 46 66 97 116 116 77 111 110 32 32],
.1.3.6.1.4.1.12148.10.13.12.3.4.0,Integer,1,
.1.3.6.1.4.1.12148.10.13.12.3.5.0,Integer,0,
.1.3.6.1.4.1.12148.10.13.12.3.6.0,Integer,1,
.1.3.6.1.4.1.12148.10.13.12.3.7.0,Integer,1,
.1.3.6.1.4.1.12148.10.13.12.4.1.0,Integer,1,
.1.3.6.1.4.1.12148.10.13.12.4.2.0,OctetString,[67 85 32 69 114 114 46 76 111 97 100 77 111 110 32 32],
.1.3.6.1.4.1.12148.10.13.12.4.4.0,Integer,1,
.1.3.6.1.4.1.12148.10.13.12.4.5.0,Integer,0,
.1.3.6.1.4.1.12148.10.13.12.4.6.0,Integer,1,
.1.3.6.1.4.1.12148.10.13.12.4.7.0,Integer,1,
.1.3.6.1.4.1.12148.10.13.12.5.1.0,Integer,1,
.1.3.6.1.4.1.12148.10.13.12.5.2.0,OctetString,[67 85 32 69 114 114 46 73 79 45 85 110 105 116 32 32],
.1.3.6.1.4.1.12148.10.13.12.5.4.0,Integer,1,
.1.3.6.1.4.1.12148.10.13.12.5.5.0,Integer,1,
.1.3.6.1.4.1.12148.10.13.12.5.6.0,Integer,2,
.1.3.6.1.4.1.12148.10.13.12.5.7.0,Integer,2,
.1.3.6.1.4.1.12148.10.13.12.6.1.0,Integer,1,
.1.3.6.1.4.1.12148.10.13.12.6.2.0,OctetString,[67 85 32 69 114 114 46 77 97 105 110 115 77 111 110 32],
.1.3.6.1.4.1.12148.10.13.12.6.4.0,Integer,1,
.1.3.6.1.4.1.12148.10.13.12.6.5.0,Integer,0,
.1.3.6.1.4.1.12148.10.13.12.6.6.0,Integer,1,
.1.3.6.1.4.1.12148.10.13.12.6.7.0,Integer,1,
.1.3.6.1.4.1.12148.10.13.12.7.1.0,Integer,1,
.1.3.6.1.4.1.12148.10.13.12.7.2.0,OctetString,[67 85 32 69 114 114 46 70 108 101 120 105 77 111 110 32],
.1.3.6.1.4.1.12148.10.13.12.7.4.0,Integer,1,
.1.3.6.1.4.1.12148.10.13.12.7.5.0,Integer,0,
.1.3.6.1.4.1.12148.10.13.12.7.6.0,Integer,1,
.1.3.6.1.4.1.12148.10.13.12.7.7.0,Integer,1,
.1.3.6.1.4.1.12148.10.13.13.1.0,Integer,4,
.1.3.6.1.4.1.12148.10.13.13.2.0,OctetString,[65 109 98 105 101 110 116 84 101 109 112 32],
.1.3.6.1.4.1.12148.10.13.13.4.0,Integer,0,
.1.3.6.1.4.1.12148.10.13.13.5.0,Integer,0,
.1.3.6.1.4.1.12148.10.13.13.6.0,Integer,40,
.1.3.6.1.4.1.12148.10.13.13.7.0,Integer,30,
.1.3.6.1.4.1.12148.10.13.13.8.0,Integer,-5,
.1.3.6.1.4.1.12148.10.13.13.9.0,Integer,-10,
.1.3.6.1.4.1.12148.10.13.14.1.0,Integer,4,
.1.3.6.1.4.1.12148.10.13.14.2.0,OctetString,[66 97 116 116 45 65 109 98 105 101 110 116 84 101 109 112],
.1.3.6.1.4.1.12148.10.13.14.4.0,Integer,0,
.1.3.6.1.4.1.12148.10.13.14.5.0,Integer,0,
.1.3.6.1.4.1.12148.10.13.14.6.0,Integer,12,
.1.3.6.1.4.1.12148.10.13.14.7.0,Integer,5,
.1.3.6.1.4.1.12148.10.13.14.8.0,Integer,-5,
.1.3.6.1.4.1.12148.10.13.14.9.0,Integer,-10,
.1.3.6.1.4.1.12148.10.13.15.1.0,Integer,1,
.1.3.6.1.4.1.12148.10.13.15.2.0,OctetString,[85 115 101 114 83 117 115 112 101 110 100 101 100 32],
.1.3.6.1.4.1.12148.10.13.15.4.0,Integer,1,
.1.3.6.1.4.1.12148.10.13.15.5.0,Integer,0,
.1.3.6.1.4.1.12148.10.13.15.6.0,Integer,1,
.1.3.6.1.4.1.12148.10.13.16.0,Integer,0,
.1.3.6.1.4.1.12148.10.13.17.0,Integer,0,
.1.3.6.1.4.1.12148.10.13.18.0,OctetString,[83 84 76 45 68 67 49 46 97 110 103 108 111 98 97 108 46 99 111 46 97 111],
.1.3.6.1.4.1.12148.10.13.19.0,Integer,0,
.1.3.6.1.4.1.12148.10.13.20.0,Integer,0,
.1.3.6.1.4.1.12148.10.13.21.0,Integer,0,
.1.3.6.1.4.1.12148.10.13.22.0,Integer,0,
.1.3.6.1.4.1.12148.10.13.23.0,Integer,0,
.1.3.6.1.4.1.12148.10.13.25.1.0,Integer,1,
.1.3.6.1.4.1.12148.10.13.25.2.0,Integer,120,
.1.3.6.1.4.1.12148.10.13.25.3.0,Integer,0,
.1.3.6.1.4.1.12148.10.13.25.4.0,Integer,14242,
.1.3.6.1.4.1.12148.10.13.25.5.0,Integer,10,
.1.3.6.1.4.1.12148.10.13.25.6.0,Integer,60,
.1.3.6.1.4.1.12148.10.13.25.7.0,Integer,0,
.1.3.6.1.4.1.12148.10.13.26.1.2.1,Integer,4,
.1.3.6.1.4.1.12148.10.13.26.1.2.2,Integer,4,
.1.3.6.1.4.1.12148.10.13.26.1.2.3,Integer,4,
.1.3.6.1.4.1.12148.10.13.26.1.2.4,Integer,4,
.1.3.6.1.4.1.12148.10.13.26.1.2.5,Integer,4,
.1.3.6.1.4.1.12148.10.13.26.1.2.6,Integer,4,
.1.3.6.1.4.1.12148.10.13.26.1.2.7,Integer,4,
.1.3.6.1.4.1.12148.10.13.26.1.2.8,Integer,4,
.1.3.6.1.4.1.12148.10.13.26.1.2.9,Integer,4,
.1.3.6.1.4.1.12148.10.13.26.1.2.10,Integer,4,
.1.3.6.1.4.1.12148.10.13.26.1.2.11,Integer,4,
.1.3.6.1.4.1.12148.10.13.26.1.2.12,Integer,4,
.1.3.6.1.4.1.12148.10.13.26.1.2.13,Integer,4,
.1.3.6.1.4.1.12148.10.13.26.1.2.14,Integer,4,
.1.3.6.1.4.1.12148.10.13.26.1.2.15,Integer,4,
.1.3.6.1.4.1.12148.10.13.26.1.2.16,Integer,4,
.1.3.6.1.4.1.12148.10.13.26.1.2.17,Integer,4,
.1.3.6.1.4.1.12148.10.13.26.1.2.18,Integer,4,
.1.3.6.1.4.1.12148.10.13.26.1.2.19,Integer,4,
.1.3.6.1.4.1.12148.10.13.26.1.2.20,Integer,4,
.1.3.6.1.4.1.12148.10.13.26.1.2.21,Integer,4,
.1.3.6.1.4.1.12148.10.13.26.1.2.22,Integer,4,
.1.3.6.1.4.1.12148.10.13.26.1.2.23,Integer,4,
.1.3.6.1.4.1.12148.10.13.26.1.2.24,Integer,4,
.1.3.6.1.4.1.12148.10.13.26.1.2.25,Integer,4,
.1.3.6.1.4.1.12148.10.13.26.1.2.26,Integer,4,
.1.3.6.1.4.1.12148.10.13.26.1.2.27,Integer,4,
.1.3.6.1.4.1.12148.10.13.26.1.2.28,Integer,4,
.1.3.6.1.4.1.12148.10.13.26.1.2.29,Integer,4,
.1.3.6.1.4.1.12148.10.13.26.1.2.30,Integer,4,
.1.3.6.1.4.1.12148.10.13.26.1.2.31,Integer,4,
.1.3.6.1.4.1.12148.10.13.26.1.2.32,Integer,4,
.1.3.6.1.4.1.12148.10.13.26.1.2.33,Integer,4,
.1.3.6.1.4.1.12148.10.13.26.1.2.34,Integer,4,
.1.3.6.1.4.1.12148.10.13.26.1.2.35,Integer,4,
.1.3.6.1.4.1.12148.10.13.26.1.2.36,Integer,4,
.1.3.6.1.4.1.12148.10.13.26.1.2.37,Integer,4,
.1.3.6.1.4.1.12148.10.13.26.1.2.38,Integer,4,
.1.3.6.1.4.1.12148.10.13.26.1.2.39,Integer,4,
.1.3.6.1.4.1.12148.10.13.26.1.2.40,Integer,4,
.1.3.6.1.4.1.12148.10.13.26.1.2.41,Integer,4,
.1.3.6.1.4.1.12148.10.13.26.1.2.42,Integer,4,
.1.3.6.1.4.1.12148.10.13.26.1.2.43,Integer,4,
.1.3.6.1.4.1.12148.10.13.26.1.2.44,Integer,4,
.1.3.6.1.4.1.12148.10.13.26.1.2.45,Integer,4,
.1.3.6.1.4.1.12148.10.13.26.1.2.46,Integer,4,
.1.3.6.1.4.1.12148.10.13.26.1.2.47,Integer,4,
.1.3.6.1.4.1.12148.10.13.26.1.2.48,Integer,4,
.1.3.6.1.4.1.12148.10.13.26.1.2.49,Integer,4,
.1.3.6.1.4.1.12148.10.13.26.1.2.50,Integer,4,
.1.3.6.1.4.1.12148.10.13.26.1.2.51,Integer,4,
.1.3.6.1.4.1.12148.10.13.26.1.2.52,Integer,4,
.1.3.6.1.4.1.12148.10.13.26.1.2.53,Integer,4,
.1.3.6.1.4.1.12148.10.13.26.1.2.54,Integer,4,
.1.3.6.1.4.1.12148.10.13.26.1.2.55,Integer,4,
.1.3.6.1.4.1.12148.10.13.26.1.2.56,Integer,4,
.1.3.6.1.4.1.12148.10.13.26.1.2.57,Integer,4,
.1.3.6.1.4.1.12148.10.13.26.1.2.58,Integer,4,
.1.3.6.1.4.1.12148.10.13.26.1.2.59,Integer,4,
.1.3.6.1.4.1.12148.10.13.26.1.2.60,Integer,4,
.1.3.6.1.4.1.12148.10.13.26.1.2.61,Integer,4,
.1.3.6.1.4.1.12148.10.13.26.1.2.62,Integer,4,
.1.3.6.1.4.1.12148.10.13.26.1.2.63,Integer,4,
.1.3.6.1.4.1.12148.10.13.26.1.2.64,Integer,4,
.1.3.6.1.4.1.12148.10.13.26.1.2.65,Integer,4,
.1.3.6.1.4.1.12148.10.13.26.1.2.66,Integer,4,
.1.3.6.1.4.1.12148.10.13.26.1.2.67,Integer,4,
.1.3.6.1.4.1.12148.10.13.26.1.2.68,Integer,4,
.1.3.6.1.4.1.12148.10.13.26.1.2.69,Integer,4,
.1.3.6.1.4.1.12148.10.13.26.1.2.70,Integer,4,
.1.3.6.1.4.1.12148.10.13.26.1.2.71,Integer,4,
.1.3.6.1.4.1.12148.10.13.26.1.2.72,Integer,4,
.1.3.6.1.4.1.12148.10.13.26.1.2.73,Integer,4,
.1.3.6.1.4.1.12148.10.13.26.1.2.74,Integer,4,
.1.3.6.1.4.1.12148.10.13.26.1.2.75,Integer,4,
.1.3.6.1.4.1.12148.10.13.26.1.2.76,Integer,4,
.1.3.6.1.4.1.12148.10.13.26.1.2.77,Integer,4,
.1.3.6.1.4.1.12148.10.13.26.1.2.78,Integer,4,
.1.3.6.1.4.1.12148.10.13.26.1.2.79,Integer,4,
.1.3.6.1.4.1.12148.10.13.26.1.2.80,Integer,4,
.1.3.6.1.4.1.12148.10.13.26.1.2.81,Integer,4,
.1.3.6.1.4.1.12148.10.13.26.1.2.82,Integer,4,
.1.3.6.1.4.1.12148.10.13.26.1.2.83,Integer,4,
.1.3.6.1.4.1.12148.10.13.26.1.2.84,Integer,4,
.1.3.6.1.4.1.12148.10.13.26.1.2.85,Integer,4,
.1.3.6.1.4.1.12148.10.13.26.1.2.86,Integer,4,
.1.3.6.1.4.1.12148.10.13.26.1.2.87,Integer,4,
.1.3.6.1.4.1.12148.10.13.26.1.2.88,Integer,4,
.1.3.6.1.4.1.12148.10.13.26.1.2.89,Integer,4,
.1.3.6.1.4.1.12148.10.13.26.1.2.90,Integer,4,
.1.3.6.1.4.1.12148.10.13.26.1.2.91,Integer,4,
.1.3.6.1.4.1.12148.10.13.26.1.2.92,Integer,4,
.1.3.6.1.4.1.12148.10.13.26.1.2.93,Integer,4,
.1.3.6.1.4.1.12148.10.13.26.1.2.94,Integer,4,
.1.3.6.1.4.1.12148.10.13.26.1.2.95,Integer,4,
.1.3.6.1.4.1.12148.10.13.26.1.2.96,Integer,4,
.1.3.6.1.4.1.12148.10.13.26.1.2.97,Integer,4,
.1.3.6.1.4.1.12148.10.13.26.1.2.98,Integer,4,
.1.3.6.1.4.1.12148.10.13.26.1.2.99,Integer,4,
.1.3.6.1.4.1.12148.10.13.26.1.2.100,Integer,4,
.1.3.6.1.4.1.12148.10.13.26.1.3.1,OctetString,[32],
.1.3.6.1.4.1.12148.10.13.26.1.3.2,OctetString,[32],
.1.3.6.1.4.1.12148.10.13.26.1.3.3,OctetString,[32],
.1.3.6.1.4.1.12148.10.13.26.1.3.4,OctetString,[32],
.1.3.6.1.4.1.12148.10.13.26.1.3.5,OctetString,[32],
.1.3.6.1.4.1.12148.10.13.26.1.3.6,OctetString,[32],
.1.3.6.1.4.1.12148.10.13.26.1.3.7,OctetString,[32],
.1.3.6.1.4.1.12148.10.13.26.1.3.8,OctetString,[32],
.1.3.6.1.4.1.12148.10.13.26.1.3.9,OctetString,[32],
.1.3.6.1.4.1.12148.10.13.26.1.3.10,OctetString,[32],
.1.3.6.1.4.1.12148.10.13.26.1.3.11,OctetString,[32],
.1.3.6.1.4.1.12148.10.13.26.1.3.12,OctetString,[32],
.1.3.6.1.4.1.12148.10.13.26.1.3.13,OctetString,[32],
.1.3.6.1.4.1.12148.10.13.26.1.3.14,OctetString,[32],
.1.3.6.1.4.1.12148.10.13.26.1.3.15,OctetString,[32],
.1.3.6.1.4.1.12148.10.13.26.1.3.16,OctetString,[32],
.1.3.6.1.4.1.12148.10.13.26.1.3.17,OctetString,[32],
.1.3.6.1.4.1.12148.10.13.26.1.3.18,OctetString,[32],
.1.3.6.1.4.1.12148.10.13.26.1.3.19,OctetString,[32],
.1.3.6.1.4.1.12148.10.13.26.1.3.20,OctetString,[32],
.1.3.6.1.4.1.12148.10.13.26.1.3.21,OctetString,[32],
.1.3.6.1.4.1.12148.10.13.26.1.3.22,OctetString,[32],
.1.3.6.1.4.1.12148.10.13.26.1.3.23,OctetString,[32],
.1.3.6.1.4.1.12148.10.13.26.1.3.24,OctetString,[32],
.1.3.6.1.4.1.12148.10.13.26.1.3.25,OctetString,[32],
.1.3.6.1.4.1.12148.10.13.26.1.3.26,OctetString,[32],
.1.3.6.1.4.1.12148.10.13.26.1.3.27,OctetString,[32],
.1.3.6.1.4.1.12148.10.13.26.1.3.28,OctetString,[32],
.1.3.6.1.4.1.12148.10.13.26.1.3.29,OctetString,[32],
.1.3.6.1.4.1.12148.10.13.26.1.3.30,OctetString,[32],
.1.3.6.1.4.1.12148.10.13.26.1.3.31,OctetString,[32],
.1.3.6.1.4.1.12148.10.13.26.1.3.32,OctetString,[32],
.1.3.6.1.4.1.12148.10.13.26.1.3.33,OctetString,[32],
.1.3.6.1.4.1.12148.10.13.26.1.3.34,OctetString,[32],
.1.3.6.1.4.1.12148.10.13.26.1.3.35,OctetString,[32],
.1.3.6.1.4.1.12148.10.13.26.1.3.36,OctetString,[32],
.1.3.6.1.4.1.12148.10.13.26.1.3.37,OctetString,[32],
.1.3.6.1.4.1.12148.10.13.26.1.3.38,OctetString,[32],
.1.3.6.1.4.1.12148.10.13.26.1.3.39,OctetString,[32],
.1.3.6.1.4.1.12148.10.13.26.1.3.40,OctetString,[32],
.1.3.6.1.4.1.12148.10.13.26.1.3.41,OctetString,[32],
.1.3.6.1.4.1.12148.10.13.26.1.3.42,OctetString,[32],
.1.3.6.1.4.1.12148.10.13.26.1.3.43,OctetString,[32],
.1.3.6.1.4.1.12148.10.13.26.1.3.44,OctetString,[32],
.1.3.6.1.4.1.12148.10.13.26.1.3.45,OctetString,[32],
.1.3.6.1.4.1.12148.10.13.26.1.3.46,OctetString,[32],
.1.3.6.1.4.1.12148.10.13.26.1.3.47,OctetString,[32],
.1.3.6.1.4.1.12148.10.13.26.1.3.48,OctetString,[32],
.1.3.6.1.4.1.12148.10.13.26.1.3.49,OctetString,[32],
.1.3.6.1.4.1.12148.10.13.26.1.3.50,OctetString,[32],
.1.3.6.1.4.1.12148.10.13.26.1.3.51,OctetString,[32],
.1.3.6.1.4.1.12148.10.13.26.1.3.52,OctetString,[32],
.1.3.6.1.4.1.12148.10.13.26.1.3.53,OctetString,[32],
.1.3.6.1.4.1.12148.10.13.26.1.3.54,OctetString,[32],
.1.3.6.1.4.1.12148.10.13.26.1.3.55,OctetString,[32],
.1.3.6.1.4.1.12148.10.13.26.1.3.56,OctetString,[32],
.1.3.6.1.4.1.12148.10.13.26.1.3.57,OctetString,[32],
.1.3.6.1.4.1.12148.10.13.26.1.3.58,OctetString,[32],
.1.3.6.1.4.1.12148.10.13.26.1.3.59,OctetString,[32],
.1.3.6.1.4.1.12148.10.13.26.1.3.60,OctetString,[32],
.1.3.6.1.4.1.12148.10.13.26.1.3.61,OctetString,[32],
.1.3.6.1.4.1.12148.10.13.26.1.3.62,OctetString,[32],
.1.3.6.1.4.1.12148.10.13.26.1.3.63,OctetString,[32],
.1.3.6.1.4.1.12148.10.13.26.1.3.64,OctetString,[32],
.1.3.6.1.4.1.12148.10.13.26.1.3.65,OctetString,[32],
.1.3.6.1.4.1.12148.10.13.26.1.3.66,OctetString,[32],
.1.3.6.1.4.1.12148.10.13.26.1.3.67,OctetString,[32],
.1.3.6.1.4.1.12148.10.13.26.1.3.68,OctetString,[32],
.1.3.6.1.4.1.12148.10.13.26.1.3.69,OctetString,[32],
.1.3.6.1.4.1.12148.10.13.26.1.3.70,OctetString,[32],
.1.3.6.1.4.1.12148.10.13.26.1.3.71,OctetString,[32],
.1.3.6.1.4.1.12148.10.13.26.1.3.72,OctetString,[32],
.1.3.6.1.4.1.12148.10.13.26.1.3.73,OctetString,[32],
.1.3.6.1.4.1.12148.10.13.26.1.3.74,OctetString,[32],
.1.3.6.1.4.1.12148.10.13.26.1.3.75,OctetString,[32],
.1.3.6.1.4.1.12148.10.13.26.1.3.76,OctetString,[32],
.1.3.6.1.4.1.12148.10.13.26.1.3.77,OctetString,[32],
.1.3.6.1.4.1.12148.10.13.26.1.3.78,OctetString,[32],
.1.3.6.1.4.1.12148.10.13.26.1.3.79,OctetString,[32],
.1.3.6.1.4.1.12148.10.13.26.1.3.80,OctetString,[32],
.1.3.6.1.4.1.12148.10.13.26.1.3.81,OctetString,[32],
.1.3.6.1.4.1.12148.10.13.26.1.3.82,OctetString,[32],
.1.3.6.1.4.1.12148.10.13.26.1.3.83,OctetString,[32],
.1.3.6.1.4.1.12148.10.13.26.1.3.84,OctetString,[32],
.1.3.6.1.4.1.12148.10.13.26.1.3.85,OctetString,[32],
.1.3.6.1.4.1.12148.10.13.26.1.3.86,OctetString,[32],
.1.3.6.1.4.1.12148.10.13.26.1.3.87,OctetString,[32],
.1.3.6.1.4.1.12148.10.13.26.1.3.88,OctetString,[32],
.1.3.6.1.4.1.12148.10.13.26.1.3.89,OctetString,[32],
.1.3.6.1.4.1.12148.10.13.26.1.3.90,OctetString,[32],
.1.3.6.1.4.1.12148.10.13.26.1.3.91,OctetString,[32],
.1.3.6.1.4.1.12148.10.13.26.1.3.92,OctetString,[32],
.1.3.6.1.4.1.12148.10.13.26.1.3.93,OctetString,[32],
.1.3.6.1.4.1.12148.10.13.26.1.3.94,OctetString,[32],
.1.3.6.1.4.1.12148.10.13.26.1.3.95,OctetString,[32],
.1.3.6.1.4.1.12148.10.13.26.1.3.96,OctetString,[32],
.1.3.6.1.4.1.12148.10.13.26.1.3.97,OctetString,[32],
.1.3.6.1.4.1.12148.10.13.26.1.3.98,OctetString,[32],
.1.3.6.1.4.1.12148.10.13.26.1.3.99,OctetString,[32],
.1.3.6.1.4.1.12148.10.13.26.1.3.100,OctetString,[32],
.1.3.6.1.4.1.12148.10.13.26.1.5.1,Integer,0,
.1.3.6.1.4.1.12148.10.13.26.1.5.2,Integer,0,
.1.3.6.1.4.1.12148.10.13.26.1.5.3,Integer,0,
.1.3.6.1.4.1.12148.10.13.26.1.5.4,Integer,0,
.1.3.6.1.4.1.12148.10.13.26.1.5.5,Integer,0,
.1.3.6.1.4.1.12148.10.13.26.1.5.6,Integer,0,
.1.3.6.1.4.1.12148.10.13.26.1.5.7,Integer,0,
.1.3.6.1.4.1.12148.10.13.26.1.5.8,Integer,0,
.1.3.6.1.4.1.12148.10.13.26.1.5.9,Integer,0,
.1.3.6.1.4.1.12148.10.13.26.1.5.10,Integer,0,
.1.3.6.1.4.1.12148.10.13.26.1.5.11,Integer,0,
.1.3.6.1.4.1.12148.10.13.26.1.5.12,Integer,0,
.1.3.6.1.4.1.12148.10.13.26.1.5.13,Integer,0,
.1.3.6.1.4.1.12148.10.13.26.1.5.14,Integer,0,
.1.3.6.1.4.1.12148.10.13.26.1.5.15,Integer,0,
.1.3.6.1.4.1.12148.10.13.26.1.5.16,Integer,0,
.1.3.6.1.4.1.12148.10.13.26.1.5.17,Integer,0,
.1.3.6.1.4.1.12148.10.13.26.1.5.18,Integer,0,
.1.3.6.1.4.1.12148.10.13.26.1.5.19,Integer,0,
.1.3.6.1.4.1.12148.10.13.26.1.5.20,Integer,0,
.1.3.6.1.4.1.12148.10.13.26.1.5.21,Integer,0,
.1.3.6.1.4.1.12148.10.13.26.1.5.22,Integer,0,
.1.3.6.1.4.1.12148.10.13.26.1.5.23,Integer,0,
.1.3.6.1.4.1.12148.10.13.26.1.5.24,Integer,0,
.1.3.6.1.4.1.12148.10.13.26.1.5.25,Integer,0,
.1.3.6.1.4.1.12148.10.13.26.1.5.26,Integer,0,
.1.3.6.1.4.1.12148.10.13.26.1.5.27,Integer,0,
.1.3.6.1.4.1.12148.10.13.26.1.5.28,Integer,0,
.1.3.6.1.4.1.12148.10.13.26.1.5.29,Integer,0,
.1.3.6.1.4.1.12148.10.13.26.1.5.30,Integer,0,
.1.3.6.1.4.1.12148.10.13.26.1.5.31,Integer,0,
.1.3.6.1.4.1.12148.10.13.26.1.5.32,Integer,0,
.1.3.6.1.4.1.12148.10.13.26.1.5.33,Integer,0,
.1.3.6.1.4.1.12148.10.13.26.1.5.34,Integer,0,
.1.3.6.1.4.1.12148.10.13.26.1.5.35,Integer,0,
.1.3.6.1.4.1.12148.10.13.26.1.5.36,Integer,0,
.1.3.6.1.4.1.12148.10.13.26.1.5.37,Integer,0,
.1.3.6.1.4.1.12148.10.13.26.1.5.38,Integer,0,
.1.3.6.1.4.1.12148.10.13.26.1.5.39,Integer,0,
.1.3.6.1.4.1.12148.10.13.26.1.5.40,Integer,0,
.1.3.6.1.4.1.12148.10.13.26.1.5.41,Integer,0,
.1.3.6.1.4.1.12148.10.13.26.1.5.42,Integer,0,
.1.3.6.1.4.1.12148.10.13.26.1.5.43,Integer,0,
.1.3.6.1.4.1.12148.10.13.26.1.5.44,Integer,0,
.1.3.6.1.4.1.12148.10.13.26.1.5.45,Integer,0,
.1.3.6.1.4.1.12148.10.13.26.1.5.46,Integer,0,
.1.3.6.1.4.1.12148.10.13.26.1.5.47,Integer,0,
.1.3.6.1.4.1.12148.10.13.26.1.5.48,Integer,0,
.1.3.6.1.4.1.12148.10.13.26.1.5.49,Integer,0,
.1.3.6.1.4.1.12148.10.13.26.1.5.50,Integer,0,
.1.3.6.1.4.1.12148.10.13.26.1.5.51,Integer,0,
.1.3.6.1.4.1.12148.10.13.26.1.5.52,Integer,0,
.1.3.6.1.4.1.12148.10.13.26.1.5.53,Integer,0,
.1.3.6.1.4.1.12148.10.13.26.1.5.54,Integer,0,
.1.3.6.1.4.1.12148.10.13.26.1.5.55,Integer,0,
.1.3.6.1.4.1.12148.10.13.26.1.5.56,Integer,0,
.1.3.6.1.4.1.12148.10.13.26.1.5.57,Integer,0,
.1.3.6.1.4.1.12148.10.13.26.1.5.58,Integer,0,
.1.3.6.1.4.1.12148.10.13.26.1.5.59,Integer,0,
.1.3.6.1.4.1.12148.10.13.26.1.5.60,Integer,0,
.1.3.6.1.4.1.12148.10.13.26.1.5.61,Integer,0,
.1.3.6.1.4.1.12148.10.13.26.1.5.62,Integer,0,
.1.3.6.1.4.1.12148.10.13.26.1.5.63,Integer,0,
.1.3.6.1.4.1.12148.10.13.26.1.5.64,Integer,0,
.1.3.6.1.4.1.12148.10.13.26.1.5.65,Integer,0,
.1.3.6.1.4.1.12148.10.13.26.1.5.66,Integer,0,
.1.3.6.1.4.1.12148.10.13.26.1.5.67,Integer,0,
.1.3.6.1.4.1.12148.10.13.26.1.5.68,Integer,0,
.1.3.6.1.4.1.12148.10.13.26.1.5.69,Integer,0,
.1.3.6.1.4.1.12148.10.13.26.1.5.70,Integer,0,
.1.3.6.1.4.1.12148.10.13.26.1.5.71,Integer,0,
.1.3.6.1.4.1.12148.10.13.26.1.5.72,Integer,0,
.1.3.6.1.4.1.12148.10.13.26.1.5.73,Integer,0,
.1.3.6.1.4.1.12148.10.13.26.1.5.74,Integer,0,
.1.3.6.1.4.1.12148.10.13.26.1.5.75,Integer,0,
.1.3.6.1.4.1.12148.10.13.26.1.5.76,Integer,0,
.1.3.6.1.4.1.12148.10.13.26.1.5.77,Integer,0,
.1.3.6.1.4.1.12148.10.13.26.1.5.78,Integer,0,
.1.3.6.1.4.1.12148.10.13.26.1.5.79,Integer,0,
.1.3.6.1.4.1.12148.10.13.26.1.5.80,Integer,0,
.1.3.6.1.4.1.12148.10.13.26.1.5.81,Integer,0,
.1.3.6.1.4.1.12148.10.13.26.1.5.82,Integer,0,
.1.3.6.1.4.1.12148.10.13.26.1.5.83,Integer,0,
.1.3.6.1.4.1.12148.10.13.26.1.5.84,Integer,0,
.1.3.6.1.4.1.12148.10.13.26.1.5.85,Integer,0,
.1.3.6.1.4.1.12148.10.13.26.1.5.86,Integer,0,
.1.3.6.1.4.1.12148.10.13.26.1.5.87,Integer,0,
.1.3.6.1.4.1.12148.10.13.26.1.5.88,Integer,0,
.1.3.6.1.4.1.12148.10.13.26.1.5.89,Integer,0,
.1.3.6.1.4.1.12148.10.13.26.1.5.90,Integer,0,
.1.3.6.1.4.1.12148.10.13.26.1.5.91,Integer,0,
.1.3.6.1.4.1.12148.10.13.26.1.5.92,Integer,0,
.1.3.6.1.4.1.12148.10.13.26.1.5.93,Integer,0,
.1.3.6.1.4.1.12148.10.13.26.1.5.94,Integer,0,
.1.3.6.1.4.1.12148.10.13.26.1.5.95,Integer,0,
.1.3.6.1.4.1.12148.10.13.26.1.5.96,Integer,0,
.1.3.6.1.4.1.12148.10.13.26.1.5.97,Integer,0,
.1.3.6.1.4.1.12148.10.13.26.1.5.98,Integer,0,
.1.3.6.1.4.1.12148.10.13.26.1.5.99,Integer,0,
.1.3.6.1.4.1.12148.10.13.26.1.5.100,Integer,0,
.1.3.6.1.4.1.12148.10.13.26.1.6.1,Integer,0,
.1.3.6.1.4.1.12148.10.13.26.1.6.2,Integer,0,
.1.3.6.1.4.1.12148.10.13.26.1.6.3,Integer,0,
.1.3.6.1.4.1.12148.10.13.26.1.6.4,Integer,0,
.1.3.6.1.4.1.12148.10.13.26.1.6.5,Integer,0,
.1.3.6.1.4.1.12148.10.13.26.1.6.6,Integer,0,
.1.3.6.1.4.1.12148.10.13.26.1.6.7,Integer,0,
.1.3.6.1.4.1.12148.10.13.26.1.6.8,Integer,0,
.1.3.6.1.4.1.12148.10.13.26.1.6.9,Integer,0,
.1.3.6.1.4.1.12148.10.13.26.1.6.10,Integer,0,
.1.3.6.1.4.1.12148.10.13.26.1.6.11,Integer,0,
.1.3.6.1.4.1.12148.10.13.26.1.6.12,Integer,0,
.1.3.6.1.4.1.12148.10.13.26.1.6.13,Integer,0,
.1.3.6.1.4.1.12148.10.13.26.1.6.14,Integer,0,
.1.3.6.1.4.1.12148.10.13.26.1.6.15,Integer,0,
.1.3.6.1.4.1.12148.10.13.26.1.6.16,Integer,0,
.1.3.6.1.4.1.12148.10.13.26.1.6.17,Integer,0,
.1.3.6.1.4.1.12148.10.13.26.1.6.18,Integer,0,
.1.3.6.1.4.1.12148.10.13.26.1.6.19,Integer,0,
.1.3.6.1.4.1.12148.10.13.26.1.6.20,Integer,0,
.1.3.6.1.4.1.12148.10.13.26.1.6.21,Integer,0,
.1.3.6.1.4.1.12148.10.13.26.1.6.22,Integer,0,
.1.3.6.1.4.1.12148.10.13.26.1.6.23,Integer,0,
.1.3.6.1.4.1.12148.10.13.26.1.6.24,Integer,0,
.1.3.6.1.4.1.12148.10.13.26.1.6.25,Integer,0,
.1.3.6.1.4.1.12148.10.13.26.1.6.26,Integer,0,
.1.3.6.1.4.1.12148.10.13.26.1.6.27,Integer,0,
.1.3.6.1.4.1.12148.10.13.26.1.6.28,Integer,0,
.1.3.6.1.4.1.12148.10.13.26.1.6.29,Integer,0,
.1.3.6.1.4.1.12148.10.13.26.1.6.30,Integer,0,
.1.3.6.1.4.1.12148.10.13.26.1.6.31,Integer,0,
.1.3.6.1.4.1.12148.10.13.26.1.6.32,Integer,0,
.1.3.6.1.4.1.12148.10.13.26.1.6.33,Integer,0,
.1.3.6.1.4.1.12148.10.13.26.1.6.34,Integer,0,
.1.3.6.1.4.1.12148.10.13.26.1.6.35,Integer,0,
.1.3.6.1.4.1.12148.10.13.26.1.6.36,Integer,0,
.1.3.6.1.4.1.12148.10.13.26.1.6.37,Integer,0,
.1.3.6.1.4.1.12148.10.13.26.1.6.38,Integer,0,
.1.3.6.1.4.1.12148.10.13.26.1.6.39,Integer,0,
.1.3.6.1.4.1.12148.10.13.26.1.6.40,Integer,0,
.1.3.6.1.4.1.12148.10.13.26.1.6.41,Integer,0,
.1.3.6.1.4.1.12148.10.13.26.1.6.42,Integer,0,
.1.3.6.1.4.1.12148.10.13.26.1.6.43,Integer,0,
.1.3.6.1.4.1.12148.10.13.26.1.6.44,Integer,0,
.1.3.6.1.4.1.12148.10.13.26.1.6.45,Integer,0,
.1.3.6.1.4.1.12148.10.13.26.1.6.46,Integer,0,
.1.3.6.1.4.1.12148.10.13.26.1.6.47,Integer,0,
.1.3.6.1.4.1.12148.10.13.26.1.6.48,Integer,0,
.1.3.6.1.4.1.12148.10.13.26.1.6.49,Integer,0,
.1.3.6.1.4.1.12148.10.13.26.1.6.50,Integer,0,
.1.3.6.1.4.1.12148.10.13.26.1.6.51,Integer,0,
.1.3.6.1.4.1.12148.10.13.26.1.6.52,Integer,0,
.1.3.6.1.4.1.12148.10.13.26.1.6.53,Integer,0,
.1.3.6.1.4.1.12148.10.13.26.1.6.54,Integer,0,
.1.3.6.1.4.1.12148.10.13.26.1.6.55,Integer,0,
.1.3.6.1.4.1.12148.10.13.26.1.6.56,Integer,0,
.1.3.6.1.4.1.12148.10.13.26.1.6.57,Integer,0,
.1.3.6.1.4.1.12148.10.13.26.1.6.58,Integer,0,
.1.3.6.1.4.1.12148.10.13.26.1.6.59,Integer,0,
.1.3.6.1.4.1.12148.10.13.26.1.6.60,Integer,0,
.1.3.6.1.4.1.12148.10.13.26.1.6.61,Integer,0,
.1.3.6.1.4.1.12148.10.13.26.1.6.62,Integer,0,
.1.3.6.1.4.1.12148.10.13.26.1.6.63,Integer,0,
.1.3.6.1.4.1.12148.10.13.26.1.6.64,Integer,0,
.1.3.6.1.4.1.12148.10.13.26.1.6.65,Integer,0,
.1.3.6.1.4.1.12148.10.13.26.1.6.66,Integer,0,
.1.3.6.1.4.1.12148.10.13.26.1.6.67,Integer,0,
.1.3.6.1.4.1.12148.10.13.26.1.6.68,Integer,0,
.1.3.6.1.4.1.12148.10.13.26.1.6.69,Integer,0,
.1.3.6.1.4.1.12148.10.13.26.1.6.70,Integer,0,
.1.3.6.1.4.1.12148.10.13.26.1.6.71,Integer,0,
.1.3.6.1.4.1.12148.10.13.26.1.6.72,Integer,0,
.1.3.6.1.4.1.12148.10.13.26.1.6.73,Integer,0,
.1.3.6.1.4.1.12148.10.13.26.1.6.74,Integer,0,
.1.3.6.1.4.1.12148.10.13.26.1.6.75,Integer,0,
.1.3.6.1.4.1.12148.10.13.26.1.6.76,Integer,0,
.1.3.6.1.4.1.12148.10.13.26.1.6.77,Integer,0,
.1.3.6.1.4.1.12148.10.13.26.1.6.78,Integer,0,
.1.3.6.1.4.1.12148.10.13.26.1.6.79,Integer,0,
.1.3.6.1.4.1.12148.10.13.26.1.6.80,Integer,0,
.1.3.6.1.4.1.12148.10.13.26.1.6.81,Integer,0,
.1.3.6.1.4.1.12148.10.13.26.1.6.82,Integer,0,
.1.3.6.1.4.1.12148.10.13.26.1.6.83,Integer,0,
.1.3.6.1.4.1.12148.10.13.26.1.6.84,Integer,0,
.1.3.6.1.4.1.12148.10.13.26.1.6.85,Integer,0,
.1.3.6.1.4.1.12148.10.13.26.1.6.86,Integer,0,
.1.3.6.1.4.1.12148.10.13.26.1.6.87,Integer,0,
.1.3.6.1.4.1.12148.10.13.26.1.6.88,Integer,0,
.1.3.6.1.4.1.12148.10.13.26.1.6.89,Integer,0,
.1.3.6.1.4.1.12148.10.13.26.1.6.90,Integer,0,
.1.3.6.1.4.1.12148.10.13.26.1.6.91,Integer,0,
.1.3.6.1.4.1.12148.10.13.26.1.6.92,Integer,0,
.1.3.6.1.4.1.12148.10.13.26.1.6.93,Integer,0,
.1.3.6.1.4.1.12148.10.13.26.1.6.94,Integer,0,
.1.3.6.1.4.1.12148.10.13.26.1.6.95,Integer,0,
.1.3.6.1.4.1.12148.10.13.26.1.6.96,Integer,0,
.1.3.6.1.4.1.12148.10.13.26.1.6.97,Integer,0,
.1.3.6.1.4.1.12148.10.13.26.1.6.98,Integer,0,
.1.3.6.1.4.1.12148.10.13.26.1.6.99,Integer,0,
.1.3.6.1.4.1.12148.10.13.26.1.6.100,Integer,0,
.1.3.6.1.4.1.12148.10.13.26.1.7.1,OctetString,[32],
.1.3.6.1.4.1.12148.10.13.26.1.7.2,OctetString,[32],
.1.3.6.1.4.1.12148.10.13.26.1.7.3,OctetString,[32],
.1.3.6.1.4.1.12148.10.13.26.1.7.4,OctetString,[32],
.1.3.6.1.4.1.12148.10.13.26.1.7.5,OctetString,[32],
.1.3.6.1.4.1.12148.10.13.26.1.7.6,OctetString,[32],
.1.3.6.1.4.1.12148.10.13.26.1.7.7,OctetString,[32],
.1.3.6.1.4.1.12148.10.13.26.1.7.8,OctetString,[32],
.1.3.6.1.4.1.12148.10.13.26.1.7.9,OctetString,[32],
.1.3.6.1.4.1.12148.10.13.26.1.7.10,OctetString,[32],
.1.3.6.1.4.1.12148.10.13.26.1.7.11,OctetString,[32],
.1.3.6.1.4.1.12148.10.13.26.1.7.12,OctetString,[32],
.1.3.6.1.4.1.12148.10.13.26.1.7.13,OctetString,[32],
.1.3.6.1.4.1.12148.10.13.26.1.7.14,OctetString,[32],
.1.3.6.1.4.1.12148.10.13.26.1.7.15,OctetString,[32],
.1.3.6.1.4.1.12148.10.13.26.1.7.16,OctetString,[32],
.1.3.6.1.4.1.12148.10.13.26.1.7.17,OctetString,[32],
.1.3.6.1.4.1.12148.10.13.26.1.7.18,OctetString,[32],
.1.3.6.1.4.1.12148.10.13.26.1.7.19,OctetString,[32],
.1.3.6.1.4.1.12148.10.13.26.1.7.20,OctetString,[32],
.1.3.6.1.4.1.12148.10.13.26.1.7.21,OctetString,[32],
.1.3.6.1.4.1.12148.10.13.26.1.7.22,OctetString,[32],
.1.3.6.1.4.1.12148.10.13.26.1.7.23,OctetString,[32],
.1.3.6.1.4.1.12148.10.13.26.1.7.24,OctetString,[32],
.1.3.6.1.4.1.12148.10.13.26.1.7.25,OctetString,[32],
.1.3.6.1.4.1.12148.10.13.26.1.7.26,OctetString,[32],
.1.3.6.1.4.1.12148.10.13.26.1.7.27,OctetString,[32],
.1.3.6.1.4.1.12148.10.13.26.1.7.28,OctetString,[32],
.1.3.6.1.4.1.12148.10.13.26.1.7.29,OctetString,[32],
.1.3.6.1.4.1.12148.10.13.26.1.7.30,OctetString,[32],
.1.3.6.1.4.1.12148.10.13.26.1.7.31,OctetString,[32],
.1.3.6.1.4.1.12148.10.13.26.1.7.32,OctetString,[32],
.1.3.6.1.4.1.12148.10.13.26.1.7.33,OctetString,[32],
.1.3.6.1.4.1.12148.10.13.26.1.7.34,OctetString,[32],
.1.3.6.1.4.1.12148.10.13.26.1.7.35,OctetString,[32],
.1.3.6.1.4.1.12148.10.13.26.1.7.36,OctetString,[32],
.1.3.6.1.4.1.12148.10.13.26.1.7.37,OctetString,[32],
.1.3.6.1.4.1.12148.10.13.26.1.7.38,OctetString,[32],
.1.3.6.1.4.1.12148.10.13.26.1.7.39,OctetString,[32],
.1.3.6.1.4.1.12148.10.13.26.1.7.40,OctetString,[32],
.1.3.6.1.4.1.12148.10.13.26.1.7.41,OctetString,[32],
.1.3.6.1.4.1.12148.10.13.26.1.7.42,OctetString,[32],
.1.3.6.1.4.1.12148.10.13.26.1.7.43,OctetString,[32],
.1.3.6.1.4.1.12148.10.13.26.1.7.44,OctetString,[32],
.1.3.6.1.4.1.12148.10.13.26.1.7.45,OctetString,[32],
.1.3.6.1.4.1.12148.10.13.26.1.7.46,OctetString,[32],
.1.3.6.1.4.1.12148.10.13.26.1.7.47,OctetString,[32],
.1.3.6.1.4.1.12148.10.13.26.1.7.48,OctetString,[32],
.1.3.6.1.4.1.12148.10.13.26.1.7.49,OctetString,[32],
.1.3.6.1.4.1.12148.10.13.26.1.7.50,OctetString,[32],
.1.3.6.1.4.1.12148.10.13.26.1.7.51,OctetString,[32],
.1.3.6.1.4.1.12148.10.13.26.1.7.52,OctetString,[32],
.1.3.6.1.4.1.12148.10.13.26.1.7.53,OctetString,[32],
.1.3.6.1.4.1.12148.10.13.26.1.7.54,OctetString,[32],
.1.3.6.1.4.1.12148.10.13.26.1.7.55,OctetString,[32],
.1.3.6.1.4.1.12148.10.13.26.1.7.56,OctetString,[32],
.1.3.6.1.4.1.12148.10.13.26.1.7.57,OctetString,[32],
.1.3.6.1.4.1.12148.10.13.26.1.7.58,OctetString,[32],
.1.3.6.1.4.1.12148.10.13.26.1.7.59,OctetString,[32],
.1.3.6.1.4.1.12148.10.13.26.1.7.60,OctetString,[32],
.1.3.6.1.4.1.12148.10.13.26.1.7.61,OctetString,[32],
.1.3.6.1.4.1.12148.10.13.26.1.7.62,OctetString,[32],
.1.3.6.1.4.1.12148.10.13.26.1.7.63,OctetString,[32],
.1.3.6.1.4.1.12148.10.13.26.1.7.64,OctetString,[32],
.1.3.6.1.4.1.12148.10.13.26.1.7.65,OctetString,[32],
.1.3.6.1.4.1.12148.10.13.26.1.7.66,OctetString,[32],
.1.3.6.1.4.1.12148.10.13.26.1.7.67,OctetString,[32],
.1.3.6.1.4.1.12148.10.13.26.1.7.68,OctetString,[32],
.1.3.6.1.4.1.12148.10.13.26.1.7.69,OctetString,[32],
.1.3.6.1.4.1.12148.10.13.26.1.7.70,OctetString,[32],
.1.3.6.1.4.1.12148.10.13.26.1.7.71,OctetString,[32],
.1.3.6.1.4.1.12148.10.13.26.1.7.72,OctetString,[32],
.1.3.6.1.4.1.12148.10.13.26.1.7.73,OctetString,[32],
.1.3.6.1.4.1.12148.10.13.26.1.7.74,OctetString,[32],
.1.3.6.1.4.1.12148.10.13.26.1.7.75,OctetString,[32],
.1.3.6.1.4.1.12148.10.13.26.1.7.76,OctetString,[32],
.1.3.6.1.4.1.12148.10.13.26.1.7.77,OctetString,[32],
.1.3.6.1.4.1.12148.10.13.26.1.7.78,OctetString,[32],
.1.3.6.1.4.1.12148.10.13.26.1.7.79,OctetString,[32],
.1.3.6.1.4.1.12148.10.13.26.1.7.80,OctetString,[32],
.1.3.6.1.4.1.12148.10.13.26.1.7.81,OctetString,[32],
.1.3.6.1.4.1.12148.10.13.26.1.7.82,OctetString,[32],
.1.3.6.1.4.1.12148.10.13.26.1.7.83,OctetString,[32],
.1.3.6.1.4.1.12148.10.13.26.1.7.84,OctetString,[32],
.1.3.6.1.4.1.12148.10.13.26.1.7.85,OctetString,[32],
.1.3.6.1.4.1.12148.10.13.26.1.7.86,OctetString,[32],
.1.3.6.1.4.1.12148.10.13.26.1.7.87,OctetString,[32],
.1.3.6.1.4.1.12148.10.13.26.1.7.88,OctetString,[32],
.1.3.6.1.4.1.12148.10.13.26.1.7.89,OctetString,[32],
.1.3.6.1.4.1.12148.10.13.26.1.7.90,OctetString,[32],
.1.3.6.1.4.1.12148.10.13.26.1.7.91,OctetString,[32],
.1.3.6.1.4.1.12148.10.13.26.1.7.92,OctetString,[32],
.1.3.6.1.4.1.12148.10.13.26.1.7.93,OctetString,[32],
.1.3.6.1.4.1.12148.10.13.26.1.7.94,OctetString,[32],
.1.3.6.1.4.1.12148.10.13.26.1.7.95,OctetString,[32],
.1.3.6.1.4.1.12148.10.13.26.1.7.96,OctetString,[32],
.1.3.6.1.4.1.12148.10.13.26.1.7.97,OctetString,[32],
.1.3.6.1.4.1.12148.10.13.26.1.7.98,OctetString,[32],
.1.3.6.1.4.1.12148.10.13.26.1.7.99,OctetString,[32],
.1.3.6.1.4.1.12148.10.13.26.1.7.100,OctetString,[32],
.1.3.6.1.4.1.12148.10.13.27.1.2.1,Gauge32,0,
.1.3.6.1.4.1.12148.10.13.27.1.2.2,Gauge32,0,
.1.3.6.1.4.1.12148.10.13.27.1.2.3,Gauge32,0,
.1.3.6.1.4.1.12148.10.13.27.1.2.4,Gauge32,0,
.1.3.6.1.4.1.12148.10.13.27.1.2.5,Gauge32,0,
.1.3.6.1.4.1.12148.10.13.27.1.2.6,Gauge32,0,
.1.3.6.1.4.1.12148.10.13.27.1.2.7,Gauge32,0,
.1.3.6.1.4.1.12148.10.13.27.1.2.8,Gauge32,0,
.1.3.6.1.4.1.12148.10.13.27.1.2.9,Gauge32,0,
.1.3.6.1.4.1.12148.10.13.27.1.2.10,Gauge32,0,
.1.3.6.1.4.1.12148.10.13.27.1.3.1,Integer,52,
.1.3.6.1.4.1.12148.10.13.27.1.3.2,Integer,52,
.1.3.6.1.4.1.12148.10.13.27.1.3.3,Integer,52,
.1.3.6.1.4.1.12148.10.13.27.1.3.4,Integer,52,
.1.3.6.1.4.1.12148.10.13.27.1.3.5,Integer,52,
.1.3.6.1.4.1.12148.10.13.27.1.3.6,Integer,52,
.1.3.6.1.4.1.12148.10.13.27.1.3.7,Integer,52,
.1.3.6.1.4.1.12148.10.13.27.1.3.8,Integer,52,
.1.3.6.1.4.1.12148.10.13.27.1.3.9,Integer,52,
.1.3.6.1.4.1.12148.10.13.27.1.3.10,Integer,52,
.1.3.6.1.4.1.12148.10.13.27.1.4.1,Integer,52,
.1.3.6.1.4.1.12148.10.13.27.1.4.2,Integer,52,
.1.3.6.1.4.1.12148.10.13.27.1.4.3,Integer,52,
.1.3.6.1.4.1.12148.10.13.27.1.4.4,Integer,52,
.1.3.6.1.4.1.12148.10.13.27.1.4.5,Integer,52,
.1.3.6.1.4.1.12148.10.13.27.1.4.6,Integer,52,
.1.3.6.1.4.1.12148.10.13.27.1.4.7,Integer,52,
.1.3.6.1.4.1.12148.10.13.27.1.4.8,Integer,52,
.1.3.6.1.4.1.12148.10.13.27.1.4.9,Integer,52,
.1.3.6.1.4.1.12148.10.13.27.1.4.10,Integer,52,
.1.3.6.1.4.1.12148.10.13.27.1.5.1,Integer,52,
.1.3.6.1.4.1.12148.10.13.27.1.5.2,Integer,52,
.1.3.6.1.4.1.12148.10.13.27.1.5.3,Integer,52,
.1.3.6.1.4.1.12148.10.13.27.1.5.4,Integer,52,
.1.3.6.1.4.1.12148.10.13.27.1.5.5,Integer,52,
.1.3.6.1.4.1.12148.10.13.27.1.5.6,Integer,52,
.1.3.6.1.4.1.12148.10.13.27.1.5.7,Integer,52,
.1.3.6.1.4.1.12148.10.13.27.1.5.8,Integer,52,
.1.3.6.1.4.1.12148.10.13.27.1.5.9,Integer,52,
.1.3.6.1.4.1.12148.10.13.27.1.5.10,Integer,52,
.1.3.6.1.4.1.12148.10.13.28.1.2.1.1,Integer,0,
.1.3.6.1.4.1.12148.10.13.28.1.2.1.2,Integer,0,
.1.3.6.1.4.1.12148.10.13.28.1.2.1.3,Integer,0,
.1.3.6.1.4.1.12148.10.13.28.1.2.1.4,Integer,0,
.1.3.6.1.4.1.12148.10.13.28.1.2.1.5,Integer,0,
.1.3.6.1.4.1.12148.10.13.28.1.2.1.6,Integer,0,
.1.3.6.1.4.1.12148.10.13.28.1.2.1.7,Integer,0,
.1.3.6.1.4.1.12148.10.13.28.1.2.1.8,Integer,0,
.1.3.6.1.4.1.12148.10.13.28.1.2.1.9,Integer,0,
.1.3.6.1.4.1.12148.10.13.28.1.2.1.10,Integer,0,
.1.3.6.1.4.1.12148.10.13.28.1.2.1.11,Integer,0,
.1.3.6.1.4.1.12148.10.13.28.1.2.1.12,Integer,0,
.1.3.6.1.4.1.12148.10.13.28.1.2.1.13,Integer,0,
.1.3.6.1.4.1.12148.10.13.28.1.2.1.14,Integer,0,
.1.3.6.1.4.1.12148.10.13.28.1.2.1.15,Integer,0,
.1.3.6.1.4.1.12148.10.13.28.1.2.1.16,Integer,0,
.1.3.6.1.4.1.12148.10.13.28.1.2.1.17,Integer,0,
.1.3.6.1.4.1.12148.10.13.28.1.2.1.18,Integer,0,
.1.3.6.1.4.1.12148.10.13.28.1.2.1.19,Integer,0,
.1.3.6.1.4.1.12148.10.13.28.1.2.1.20,Integer,0,
.1.3.6.1.4.1.12148.10.13.28.1.2.1.21,Integer,0,
.1.3.6.1.4.1.12148.10.13.28.1.2.1.22,Integer,0,
.1.3.6.1.4.1.12148.10.13.28.1.2.1.23,Integer,0,
.1.3.6.1.4.1.12148.10.13.28.1.2.1.24,Integer,0,
.1.3.6.1.4.1.12148.10.13.28.1.2.1.25,Integer,0,
.1.3.6.1.4.1.12148.10.13.28.1.2.1.26,Integer,0,
.1.3.6.1.4.1.12148.10.13.28.1.2.1.27,Integer,0,
.1.3.6.1.4.1.12148.10.13.28.1.2.1.28,Integer,0,
.1.3.6.1.4.1.12148.10.13.28.1.2.1.29,Integer,0,
.1.3.6.1.4.1.12148.10.13.28.1.2.1.30,Integer,0,
.1.3.6.1.4.1.12148.10.13.28.1.2.1.31,Integer,0,
.1.3.6.1.4.1.12148.10.13.28.1.2.1.32,Integer,0,
.1.3.6.1.4.1.12148.10.13.28.1.2.1.33,Integer,0,
.1.3.6.1.4.1.12148.10.13.28.1.2.1.34,Integer,0,
.1.3.6.1.4.1.12148.10.13.28.1.2.1.35,Integer,0,
.1.3.6.1.4.1.12148.10.13.28.1.2.1.36,Integer,0,
.1.3.6.1.4.1.12148.10.13.28.1.2.1.37,Integer,0,
.1.3.6.1.4.1.12148.10.13.28.1.2.1.38,Integer,0,
.1.3.6.1.4.1.12148.10.13.28.1.2.1.39,Integer,0,
.1.3.6.1.4.1.12148.10.13.28.1.2.1.40,Integer,0,
.1.3.6.1.4.1.12148.10.13.28.1.2.1.41,Integer,0,
.1.3.6.1.4.1.12148.10.13.28.1.2.1.42,Integer,0,
.1.3.6.1.4.1.12148.10.13.28.1.2.1.43,Integer,0,
.1.3.6.1.4.1.12148.10.13.28.1.2.1.44,Integer,0,
.1.3.6.1.4.1.12148.10.13.28.1.2.1.45,Integer,0,
.1.3.6.1.4.1.12148.10.13.28.1.2.1.46,Integer,0,
.1.3.6.1.4.1.12148.10.13.28.1.2.1.47,Integer,0,
.1.3.6.1.4.1.12148.10.13.28.1.2.1.48,Integer,0,
.1.3.6.1.4.1.12148.10.13.28.1.2.1.49,Integer,0,
.1.3.6.1.4.1.12148.10.13.28.1.2.1.50,Integer,0,
.1.3.6.1.4.1.12148.10.13.28.1.2.1.51,Integer,0,
.1.3.6.1.4.1.12148.10.13.28.1.2.1.52,Integer,0,
.1.3.6.1.4.1.12148.10.13.28.1.2.2.1,Integer,0,
.1.3.6.1.4.1.12148.10.13.28.1.2.2.2,Integer,0,
.1.3.6.1.4.1.12148.10.13.28.1.2.2.3,Integer,0,
.1.3.6.1.4.1.12148.10.13.28.1.2.2.4,Integer,0,
.1.3.6.1.4.1.12148.10.13.28.1.2.2.5,Integer,0,
.1.3.6.1.4.1.12148.10.13.28.1.2.2.6,Integer,0,
.1.3.6.1.4.1.12148.10.13.28.1.2.2.7,Integer,0,
.1.3.6.1.4.1.12148.10.13.28.1.2.2.8,Integer,0,
.1.3.6.1.4.1.12148.10.13.28.1.2.2.9,Integer,0,
.1.3.6.1.4.1.12148.10.13.28.1.2.2.10,Integer,0,
.1.3.6.1.4.1.12148.10.13.28.1.2.2.11,Integer,0,
.1.3.6.1.4.1.12148.10.13.28.1.2.2.12,Integer,0,
.1.3.6.1.4.1.12148.10.13.28.1.2.2.13,Integer,0,
.1.3.6.1.4.1.12148.10.13.28.1.2.2.14,Integer,0,
.1.3.6.1.4.1.12148.10.13.28.1.2.2.15,Integer,0,
.1.3.6.1.4.1.12148.10.13.28.1.2.2.16,Integer,0,
.1.3.6.1.4.1.12148.10.13.28.1.2.2.17,Integer,0,
.1.3.6.1.4.1.12148.10.13.28.1.2.2.18,Integer,0,
.1.3.6.1.4.1.12148.10.13.28.1.2.2.19,Integer,0,
.1.3.6.1.4.1.12148.10.13.28.1.2.2.20,Integer,0,
.1.3.6.1.4.1.12148.10.13.28.1.2.2.21,Integer,0,
.1.3.6.1.4.1.12148.10.13.28.1.2.2.22,Integer,0,
.1.3.6.1.4.1.12148.10.13.28.1.2.2.23,Integer,0,
.1.3.6.1.4.1.12148.10.13.28.1.2.2.24,Integer,0,
.1.3.6.1.4.1.12148.10.13.28.1.2.2.25,Integer,0,
.1.3.6.1.4.1.12148.10.13.28.1.2.2.26,Integer,0,
.1.3.6.1.4.1.12148.10.13.28.1.2.2.27,Integer,0,
.1.3.6.1.4.1.12148.10.13.28.1.2.2.28,Integer,0,
.1.3.6.1.4.1.12148.10.13.28.1.2.2.29,Integer,0,
.1.3.6.1.4.1.12148.10.13.28.1.2.2.30,Integer,0,
.1.3.6.1.4.1.12148.10.13.28.1.2.2.31,Integer,0,
.1.3.6.1.4.1.12148.10.13.28.1.2.2.32,Integer,0,
.1.3.6.1.4.1.12148.10.13.28.1.2.2.33,Integer,0,
.1.3.6.1.4.1.12148.10.13.28.1.2.2.34,Integer,0,
.1.3.6.1.4.1.12148.10.13.28.1.2.2.35,Integer,0,
.1.3.6.1.4.1.12148.10.13.28.1.2.2.36,Integer,0,
.1.3.6.1.4.1.12148.10.13.28.1.2.2.37,Integer,0,
.1.3.6.1.4.1.12148.10.13.28.1.2.2.38,Integer,0,
.1.3.6.1.4.1.12148.10.13.28.1.2.2.39,Integer,0,
.1.3.6.1.4.1.12148.10.13.28.1.2.2.40,Integer,0,
.1.3.6.1.4.1.12148.10.13.28.1.2.2.41,Integer,0,
.1.3.6.1.4.1.12148.10.13.28.1.2.2.42,Integer,0,
.1.3.6.1.4.1.12148.10.13.28.1.2.2.43,Integer,0,
.1.3.6.1.4.1.12148.10.13.28.1.2.2.44,Integer,0,
.1.3.6.1.4.1.12148.10.13.28.1.2.2.45,Integer,0,
.1.3.6.1.4.1.12148.10.13.28.1.2.2.46,Integer,0,
.1.3.6.1.4.1.12148.10.13.28.1.2.2.47,Integer,0,
.1.3.6.1.4.1.12148.10.13.28.1.2.2.48,Integer,0,
.1.3.6.1.4.1.12148.10.13.28.1.2.2.49,Integer,0,
.1.3.6.1.4.1.12148.10.13.28.1.2.2.50,Integer,0,
.1.3.6.1.4.1.12148.10.13.28.1.2.2.51,Integer,0,
.1.3.6.1.4.1.12148.10.13.28.1.2.2.52,Integer,0,
.1.3.6.1.4.1.12148.10.13.28.1.2.3.1,Integer,0,
.1.3.6.1.4.1.12148.10.13.28.1.2.3.2,Integer,0,
.1.3.6.1.4.1.12148.10.13.28.1.2.3.3,Integer,0,
.1.3.6.1.4.1.12148.10.13.28.1.2.3.4,Integer,0,
.1.3.6.1.4.1.12148.10.13.28.1.2.3.5,Integer,0,
.1.3.6.1.4.1.12148.10.13.28.1.2.3.6,Integer,0,
.1.3.6.1.4.1.12148.10.13.28.1.2.3.7,Integer,0,
.1.3.6.1.4.1.12148.10.13.28.1.2.3.8,Integer,0,
.1.3.6.1.4.1.12148.10.13.28.1.2.3.9,Integer,0,
.1.3.6.1.4.1.12148.10.13.28.1.2.3.10,Integer,0,
.1.3.6.1.4.1.12148.10.13.28.1.2.3.11,Integer,0,
.1.3.6.1.4.1.12148.10.13.28.1.2.3.12,Integer,0,
.1.3.6.1.4.1.12148.10.13.28.1.2.3.13,Integer,0,
.1.3.6.1.4.1.12148.10.13.28.1.2.3.14,Integer,0,
.1.3.6.1.4.1.12148.10.13.28.1.2.3.15,Integer,0,
.1.3.6.1.4.1.12148.10.13.28.1.2.3.16,Integer,0,
.1.3.6.1.4.1.12148.10.13.28.1.2.3.17,Integer,0,
.1.3.6.1.4.1.12148.10.13.28.1.2.3.18,Integer,0,
.1.3.6.1.4.1.12148.10.13.28.1.2.3.19,Integer,0,
.1.3.6.1.4.1.12148.10.13.28.1.2.3.20,Integer,0,
.1.3.6.1.4.1.12148.10.13.28.1.2.3.21,Integer,0,
.1.3.6.1.4.1.12148.10.13.28.1.2.3.22,Integer,0,
.1.3.6.1.4.1.12148.10.13.28.1.2.3.23,Integer,0,
.1.3.6.1.4.1.12148.10.13.28.1.2.3.24,Integer,0,
.1.3.6.1.4.1.12148.10.13.28.1.2.3.25,Integer,0,
.1.3.6.1.4.1.12148.10.13.28.1.2.3.26,Integer,0,
.1.3.6.1.4.1.12148.10.13.28.1.2.3.27,Integer,0,
.1.3.6.1.4.1.12148.10.13.28.1.2.3.28,Integer,0,
.1.3.6.1.4.1.12148.10.13.28.1.2.3.29,Integer,0,
.1.3.6.1.4.1.12148.10.13.28.1.2.3.30,Integer,0,
.1.3.6.1.4.1.12148.10.13.28.1.2.3.31,Integer,0,
.1.3.6.1.4.1.12148.10.13.28.1.2.3.32,Integer,0,
.1.3.6.1.4.1.12148.10.13.28.1.2.3.33,Integer,0,
.1.3.6.1.4.1.12148.10.13.28.1.2.3.34,Integer,0,
.1.3.6.1.4.1.12148.10.13.28.1.2.3.35,Integer,0,
.1.3.6.1.4.1.12148.10.13.28.1.2.3.36,Integer,0,
.1.3.6.1.4.1.12148.10.13.28.1.2.3.37,Integer,0,
.1.3.6.1.4.1.12148.10.13.28.1.2.3.38,Integer,0,
.1.3.6.1.4.1.12148.10.13.28.1.2.3.39,Integer,0,
.1.3.6.1.4.1.12148.10.13.28.1.2.3.40,Integer,0,
.1.3.6.1.4.1.12148.10.13.28.1.2.3.41,Integer,0,
.1.3.6.1.4.1.12148.10.13.28.1.2.3.42,Integer,0,
.1.3.6.1.4.1.12148.10.13.28.1.2.3.43,Integer,0,
.1.3.6.1.4.1.12148.10.13.28.1.2.3.44,Integer,0,
.1.3.6.1.4.1.12148.10.13.28.1.2.3.45,Integer,0,
.1.3.6.1.4.1.12148.10.13.28.1.2.3.46,Integer,0,
.1.3.6.1.4.1.12148.10.13.28.1.2.3.47,Integer,0,
.1.3.6.1.4.1.12148.10.13.28.1.2.3.48,Integer,0,
.1.3.6.1.4.1.12148.10.13.28.1.2.3.49,Integer,0,
.1.3.6.1.4.1.12148.10.13.28.1.2.3.50,Integer,0,
.1.3.6.1.4.1.12148.10.13.28.1.2.3.51,Integer,0,
.1.3.6.1.4.1.12148.10.13.28.1.2.3.52,Integer,0,
.1.3.6.1.4.1.12148.10.13.28.1.2.4.1,Integer,0,
.1.3.6.1.4.1.12148.10.13.28.1.2.4.2,Integer,0,
.1.3.6.1.4.1.12148.10.13.28.1.2.4.3,Integer,0,
.1.3.6.1.4.1.12148.10.13.28.1.2.4.4,Integer,0,
.1.3.6.1.4.1.12148.10.13.28.1.2.4.5,Integer,0,
.1.3.6.1.4.1.12148.10.13.28.1.2.4.6,Integer,0,
.1.3.6.1.4.1.12148.10.13.28.1.2.4.7,Integer,0,
.1.3.6.1.4.1.12148.10.13.28.1.2.4.8,Integer,0,
.1.3.6.1.4.1.12148.10.13.28.1.2.4.9,Integer,0,
.1.3.6.1.4.1.12148.10.13.28.1.2.4.10,Integer,0,
.1.3.6.1.4.1.12148.10.13.28.1.2.4.11,Integer,0,
.1.3.6.1.4.1.12148.10.13.28.1.2.4.12,Integer,0,
.1.3.6.1.4.1.12148.10.13.28.1.2.4.13,Integer,0,
.1.3.6.1.4.1.12148.10.13.28.1.2.4.14,Integer,0,
.1.3.6.1.4.1.12148.10.13.28.1.2.4.15,Integer,0,
.1.3.6.1.4.1.12148.10.13.28.1.2.4.16,Integer,0,
.1.3.6.1.4.1.12148.10.13.28.1.2.4.17,Integer,0,
.1.3.6.1.4.1.12148.10.13.28.1.2.4.18,Integer,0,
.1.3.6.1.4.1.12148.10.13.28.1.2.4.19,Integer,0,
.1.3.6.1.4.1.12148.10.13.28.1.2.4.20,Integer,0,
.1.3.6.1.4.1.12148.10.13.28.1.2.4.21,Integer,0,
.1.3.6.1.4.1.12148.10.13.28.1.2.4.22,Integer,0,
.1.3.6.1.4.1.12148.10.13.28.1.2.4.23,Integer,0,
.1.3.6.1.4.1.12148.10.13.28.1.2.4.24,Integer,0,
.1.3.6.1.4.1.12148.10.13.28.1.2.4.25,Integer,0,
.1.3.6.1.4.1.12148.10.13.28.1.2.4.26,Integer,0,
.1.3.6.1.4.1.12148.10.13.28.1.2.4.27,Integer,0,
.1.3.6.1.4.1.12148.10.13.28.1.2.4.28,Integer,0,
.1.3.6.1.4.1.12148.10.13.28.1.2.4.29,Integer,0,
.1.3.6.1.4.1.12148.10.13.28.1.2.4.30,Integer,0,
.1.3.6.1.4.1.12148.10.13.28.1.2.4.31,Integer,0,
.1.3.6.1.4.1.12148.10.13.28.1.2.4.32,Integer,0,
.1.3.6.1.4.1.12148.10.13.28.1.2.4.33,Integer,0,
.1.3.6.1.4.1.12148.10.13.28.1.2.4.34,Integer,0,
.1.3.6.1.4.1.12148.10.13.28.1.2.4.35,Integer,0,
.1.3.6.1.4.1.12148.10.13.28.1.2.4.36,Integer,0,
.1.3.6.1.4.1.12148.10.13.28.1.2.4.37,Integer,0,
.1.3.6.1.4.1.12148.10.13.28.1.2.4.38,Integer,0,
.1.3.6.1.4.1.12148.10.13.28.1.2.4.39,Integer,0,
.1.3.6.1.4.1.12148.10.13.28.1.2.4.40,Integer,0,
.1.3.6.1.4.1.12148.10.13.28.1.2.4.41,Integer,0,
.1.3.6.1.4.1.12148.10.13.28.1.2.4.42,Integer,0,
.1.3.6.1.4.1.12148.10.13.28.1.2.4.43,Integer,0,
.1.3.6.1.4.1.12148.10.13.28.1.2.4.44,Integer,0,
.1.3.6.1.4.1.12148.10.13.28.1.2.4.45,Integer,0,
.1.3.6.1.4.1.12148.10.13.28.1.2.4.46,Integer,0,
.1.3.6.1.4.1.12148.10.13.28.1.2.4.47,Integer,0,
.1.3.6.1.4.1.12148.10.13.28.1.2.4.48,Integer,0,
.1.3.6.1.4.1.12148.10.13.28.1.2.4.49,Integer,0,
.1.3.6.1.4.1.12148.10.13.28.1.2.4.50,Integer,0,
.1.3.6.1.4.1.12148.10.13.28.1.2.4.51,Integer,0,
.1.3.6.1.4.1.12148.10.13.28.1.2.4.52,Integer,0,
.1.3.6.1.4.1.12148.10.13.28.1.2.5.1,Integer,0,
.1.3.6.1.4.1.12148.10.13.28.1.2.5.2,Integer,0,
.1.3.6.1.4.1.12148.10.13.28.1.2.5.3,Integer,0,
.1.3.6.1.4.1.12148.10.13.28.1.2.5.4,Integer,0,
.1.3.6.1.4.1.12148.10.13.28.1.2.5.5,Integer,0,
.1.3.6.1.4.1.12148.10.13.28.1.2.5.6,Integer,0,
.1.3.6.1.4.1.12148.10.13.28.1.2.5.7,Integer,0,
.1.3.6.1.4.1.12148.10.13.28.1.2.5.8,Integer,0,
.1.3.6.1.4.1.12148.10.13.28.1.2.5.9,Integer,0,
.1.3.6.1.4.1.12148.10.13.28.1.2.5.10,Integer,0,
.1.3.6.1.4.1.12148.10.13.28.1.2.5.11,Integer,0,
.1.3.6.1.4.1.12148.10.13.28.1.2.5.12,Integer,0,
.1.3.6.1.4.1.12148.10.13.28.1.2.5.13,Integer,0,
.1.3.6.1.4.1.12148.10.13.28.1.2.5.14,Integer,0,
.1.3.6.1.4.1.12148.10.13.28.1.2.5.15,Integer,0,
.1.3.6.1.4.1.12148.10.13.28.1.2.5.16,Integer,0,
.1.3.6.1.4.1.12148.10.13.28.1.2.5.17,Integer,0,
.1.3.6.1.4.1.12148.10.13.28.1.2.5.18,Integer,0,
.1.3.6.1.4.1.12148.10.13.28.1.2.5.19,Integer,0,
.1.3.6.1.4.1.12148.10.13.28.1.2.5.20,Integer,0,
.1.3.6.1.4.1.12148.10.13.28.1.2.5.21,Integer,0,
.1.3.6.1.4.1.12148.10.13.28.1.2.5.22,Integer,0,
.1.3.6.1.4.1.12148.10.13.28.1.2.5.23,Integer,0,
.1.3.6.1.4.1.12148.10.13.28.1.2.5.24,Integer,0,
.1.3.6.1.4.1.12148.10.13.28.1.2.5.25,Integer,0,
.1.3.6.1.4.1.12148.10.13.28.1.2.5.26,Integer,0,
.1.3.6.1.4.1.12148.10.13.28.1.2.5.27,Integer,0,
.1.3.6.1.4.1.12148.10.13.28.1.2.5.28,Integer,0,
.1.3.6.1.4.1.12148.10.13.28.1.2.5.29,Integer,0,
.1.3.6.1.4.1.12148.10.13.28.1.2.5.30,Integer,0,
.1.3.6.1.4.1.12148.10.13.28.1.2.5.31,Integer,0,
.1.3.6.1.4.1.12148.10.13.28.1.2.5.32,Integer,0,
.1.3.6.1.4.1.12148.10.13.28.1.2.5.33,Integer,0,
.1.3.6.1.4.1.12148.10.13.28.1.2.5.34,Integer,0,
.1.3.6.1.4.1.12148.10.13.28.1.2.5.35,Integer,0,
.1.3.6.1.4.1.12148.10.13.28.1.2.5.36,Integer,0,
.1.3.6.1.4.1.12148.10.13.28.1.2.5.37,Integer,0,
.1.3.6.1.4.1.12148.10.13.28.1.2.5.38,Integer,0,
.1.3.6.1.4.1.12148.10.13.28.1.2.5.39,Integer,0,
.1.3.6.1.4.1.12148.10.13.28.1.2.5.40,Integer,0,
.1.3.6.1.4.1.12148.10.13.28.1.2.5.41,Integer,0,
.1.3.6.1.4.1.12148.10.13.28.1.2.5.42,Integer,0,
.1.3.6.1.4.1.12148.10.13.28.1.2.5.43,Integer,0,
.1.3.6.1.4.1.12148.10.13.28.1.2.5.44,Integer,0,
.1.3.6.1.4.1.12148.10.13.28.1.2.5.45,Integer,0,
.1.3.6.1.4.1.12148.10.13.28.1.2.5.46,Integer,0,
.1.3.6.1.4.1.12148.10.13.28.1.2.5.47,Integer,0,
.1.3.6.1.4.1.12148.10.13.28.1.2.5.48,Integer,0,
.1.3.6.1.4.1.12148.10.13.28.1.2.5.49,Integer,0,
.1.3.6.1.4.1.12148.10.13.28.1.2.5.50,Integer,0,
.1.3.6.1.4.1.12148.10.13.28.1.2.5.51,Integer,0,
.1.3.6.1.4.1.12148.10.13.28.1.2.5.52,Integer,0,
.1.3.6.1.4.1.12148.10.13.28.1.2.6.1,Integer,0,
.1.3.6.1.4.1.12148.10.13.28.1.2.6.2,Integer,0,
.1.3.6.1.4.1.12148.10.13.28.1.2.6.3,Integer,0,
.1.3.6.1.4.1.12148.10.13.28.1.2.6.4,Integer,0,
.1.3.6.1.4.1.12148.10.13.28.1.2.6.5,Integer,0,
.1.3.6.1.4.1.12148.10.13.28.1.2.6.6,Integer,0,
.1.3.6.1.4.1.12148.10.13.28.1.2.6.7,Integer,0,
.1.3.6.1.4.1.12148.10.13.28.1.2.6.8,Integer,0,
.1.3.6.1.4.1.12148.10.13.28.1.2.6.9,Integer,0,
.1.3.6.1.4.1.12148.10.13.28.1.2.6.10,Integer,0,
.1.3.6.1.4.1.12148.10.13.28.1.2.6.11,Integer,0,
.1.3.6.1.4.1.12148.10.13.28.1.2.6.12,Integer,0,
.1.3.6.1.4.1.12148.10.13.28.1.2.6.13,Integer,0,
.1.3.6.1.4.1.12148.10.13.28.1.2.6.14,Integer,0,
.1.3.6.1.4.1.12148.10.13.28.1.2.6.15,Integer,0,
.1.3.6.1.4.1.12148.10.13.28.1.2.6.16,Integer,0,
.1.3.6.1.4.1.12148.10.13.28.1.2.6.17,Integer,0,
.1.3.6.1.4.1.12148.10.13.28.1.2.6.18,Integer,0,
.1.3.6.1.4.1.12148.10.13.28.1.2.6.19,Integer,0,
.1.3.6.1.4.1.12148.10.13.28.1.2.6.20,Integer,0,
.1.3.6.1.4.1.12148.10.13.28.1.2.6.21,Integer,0,
.1.3.6.1.4.1.12148.10.13.28.1.2.6.22,Integer,0,
.1.3.6.1.4.1.12148.10.13.28.1.2.6.23,Integer,0,
.1.3.6.1.4.1.12148.10.13.28.1.2.6.24,Integer,0,
.1.3.6.1.4.1.12148.10.13.28.1.2.6.25,Integer,0,
.1.3.6.1.4.1.12148.10.13.28.1.2.6.26,Integer,0,
.1.3.6.1.4.1.12148.10.13.28.1.2.6.27,Integer,0,
.1.3.6.1.4.1.12148.10.13.28.1.2.6.28,Integer,0,
.1.3.6.1.4.1.12148.10.13.28.1.2.6.29,Integer,0,
.1.3.6.1.4.1.12148.10.13.28.1.2.6.30,Integer,0,
.1.3.6.1.4.1.12148.10.13.28.1.2.6.31,Integer,0,
.1.3.6.1.4.1.12148.10.13.28.1.2.6.32,Integer,0,
.1.3.6.1.4.1.12148.10.13.28.1.2.6.33,Integer,0,
.1.3.6.1.4.1.12148.10.13.28.1.2.6.34,Integer,0,
.1.3.6.1.4.1.12148.10.13.28.1.2.6.35,Integer,0,
.1.3.6.1.4.1.12148.10.13.28.1.2.6.36,Integer,0,
.1.3.6.1.4.1.12148.10.13.28.1.2.6.37,Integer,0,
.1.3.6.1.4.1.12148.10.13.28.1.2.6.38,Integer,0,
.1.3.6.1.4.1.12148.10.13.28.1.2.6.39,Integer,0,
.1.3.6.1.4.1.12148.10.13.28.1.2.6.40,Integer,0,
.1.3.6.1.4.1.12148.10.13.28.1.2.6.41,Integer,0,
.1.3.6.1.4.1.12148.10.13.28.1.2.6.42,Integer,0,
.1.3.6.1.4.1.12148.10.13.28.1.2.6.43,Integer,0,
.1.3.6.1.4.1.12148.10.13.28.1.2.6.44,Integer,0,
.1.3.6.1.4.1.12148.10.13.28.1.2.6.45,Integer,0,
.1.3.6.1.4.1.12148.10.13.28.1.2.6.46,Integer,0,
.1.3.6.1.4.1.12148.10.13.28.1.2.6.47,Integer,0,
.1.3.6.1.4.1.12148.10.13.28.1.2.6.48,Integer,0,
.1.3.6.1.4.1.12148.10.13.28.1.2.6.49,Integer,0,
.1.3.6.1.4.1.12148.10.13.28.1.2.6.50,Integer,0,
.1.3.6.1.4.1.12148.10.13.28.1.2.6.51,Integer,0,
.1.3.6.1.4.1.12148.10.13.28.1.2.6.52,Integer,0,
.1.3.6.1.4.1.12148.10.13.28.1.2.7.1,Integer,0,
.1.3.6.1.4.1.12148.10.13.28.1.2.7.2,Integer,0,
.1.3.6.1.4.1.12148.10.13.28.1.2.7.3,Integer,0,
.1.3.6.1.4.1.12148.10.13.28.1.2.7.4,Integer,0,
.1.3.6.1.4.1.12148.10.13.28.1.2.7.5,Integer,0,
.1.3.6.1.4.1.12148.10.13.28.1.2.7.6,Integer,0,
.1.3.6.1.4.1.12148.10.13.28.1.2.7.7,Integer,0,
.1.3.6.1.4.1.12148.10.13.28.1.2.7.8,Integer,0,
.1.3.6.1.4.1.12148.10.13.28.1.2.7.9,Integer,0,
.1.3.6.1.4.1.12148.10.13.28.1.2.7.10,Integer,0,
.1.3.6.1.4.1.12148.10.13.28.1.2.7.11,Integer,0,
.1.3.6.1.4.1.12148.10.13.28.1.2.7.12,Integer,0,
.1.3.6.1.4.1.12148.10.13.28.1.2.7.13,Integer,0,
.1.3.6.1.4.1.12148.10.13.28.1.2.7.14,Integer,0,
.1.3.6.1.4.1.12148.10.13.28.1.2.7.15,Integer,0,
.1.3.6.1.4.1.12148.10.13.28.1.2.7.16,Integer,0,
.1.3.6.1.4.1.12148.10.13.28.1.2.7.17,Integer,0,
.1.3.6.1.4.1.12148.10.13.28.1.2.7.18,Integer,0,
.1.3.6.1.4.1.12148.10.13.28.1.2.7.19,Integer,0,
.1.3.6.1.4.1.12148.10.13.28.1.2.7.20,Integer,0,
.1.3.6.1.4.1.12148.10.13.28.1.2.7.21,Integer,0,
.1.3.6.1.4.1.12148.10.13.28.1.2.7.22,Integer,0,
.1.3.6.1.4.1.12148.10.13.28.1.2.7.23,Integer,0,
.1.3.6.1.4.1.12148.10.13.28.1.2.7.24,Integer,0,
.1.3.6.1.4.1.12148.10.13.28.1.2.7.25,Integer,0,
.1.3.6.1.4.1.12148.10.13.28.1.2.7.26,Integer,0,
.1.3.6.1.4.1.12148.10.13.28.1.2.7.27,Integer,0,
.1.3.6.1.4.1.12148.10.13.28.1.2.7.28,Integer,0,
.1.3.6.1.4.1.12148.10.13.28.1.2.7.29,Integer,0,
.1.3.6.1.4.1.12148.10.13.28.1.2.7.30,Integer,0,
.1.3.6.1.4.1.12148.10.13.28.1.2.7.31,Integer,0,
.1.3.6.1.4.1.12148.10.13.28.1.2.7.32,Integer,0,
.1.3.6.1.4.1.12148.10.13.28.1.2.7.33,Integer,0,
.1.3.6.1.4.1.12148.10.13.28.1.2.7.34,Integer,0,
.1.3.6.1.4.1.12148.10.13.28.1.2.7.35,Integer,0,
.1.3.6.1.4.1.12148.10.13.28.1.2.7.36,Integer,0,
.1.3.6.1.4.1.12148.10.13.28.1.2.7.37,Integer,0,
.1.3.6.1.4.1.12148.10.13.28.1.2.7.38,Integer,0,
.1.3.6.1.4.1.12148.10.13.28.1.2.7.39,Integer,0,
.1.3.6.1.4.1.12148.10.13.28.1.2.7.40,Integer,0,
.1.3.6.1.4.1.12148.10.13.28.1.2.7.41,Integer,0,
.1.3.6.1.4.1.12148.10.13.28.1.2.7.42,Integer,0,
.1.3.6.1.4.1.12148.10.13.28.1.2.7.43,Integer,0,
.1.3.6.1.4.1.12148.10.13.28.1.2.7.44,Integer,0,
.1.3.6.1.4.1.12148.10.13.28.1.2.7.45,Integer,0,
.1.3.6.1.4.1.12148.10.13.28.1.2.7.46,Integer,0,
.1.3.6.1.4.1.12148.10.13.28.1.2.7.47,Integer,0,
.1.3.6.1.4.1.12148.10.13.28.1.2.7.48,Integer,0,
.1.3.6.1.4.1.12148.10.13.28.1.2.7.49,Integer,0,
.1.3.6.1.4.1.12148.10.13.28.1.2.7.50,Integer,0,
.1.3.6.1.4.1.12148.10.13.28.1.2.7.51,Integer,0,
.1.3.6.1.4.1.12148.10.13.28.1.2.7.52,Integer,0,
.1.3.6.1.4.1.12148.10.13.28.1.2.8.1,Integer,0,
.1.3.6.1.4.1.12148.10.13.28.1.2.8.2,Integer,0,
.1.3.6.1.4.1.12148.10.13.28.1.2.8.3,Integer,0,
.1.3.6.1.4.1.12148.10.13.28.1.2.8.4,Integer,0,
.1.3.6.1.4.1.12148.10.13.28.1.2.8.5,Integer,0,
.1.3.6.1.4.1.12148.10.13.28.1.2.8.6,Integer,0,
.1.3.6.1.4.1.12148.10.13.28.1.2.8.7,Integer,0,
.1.3.6.1.4.1.12148.10.13.28.1.2.8.8,Integer,0,
.1.3.6.1.4.1.12148.10.13.28.1.2.8.9,Integer,0,
.1.3.6.1.4.1.12148.10.13.28.1.2.8.10,Integer,0,
.1.3.6.1.4.1.12148.10.13.28.1.2.8.11,Integer,0,
.1.3.6.1.4.1.12148.10.13.28.1.2.8.12,Integer,0,
.1.3.6.1.4.1.12148.10.13.28.1.2.8.13,Integer,0,
.1.3.6.1.4.1.12148.10.13.28.1.2.8.14,Integer,0,
.1.3.6.1.4.1.12148.10.13.28.1.2.8.15,Integer,0,
.1.3.6.1.4.1.12148.10.13.28.1.2.8.16,Integer,0,
.1.3.6.1.4.1.12148.10.13.28.1.2.8.17,Integer,0,
.1.3.6.1.4.1.12148.10.13.28.1.2.8.18,Integer,0,
.1.3.6.1.4.1.12148.10.13.28.1.2.8.19,Integer,0,
.1.3.6.1.4.1.12148.10.13.28.1.2.8.20,Integer,0,
.1.3.6.1.4.1.12148.10.13.28.1.2.8.21,Integer,0,
.1.3.6.1.4.1.12148.10.13.28.1.2.8.22,Integer,0,
.1.3.6.1.4.1.12148.10.13.28.1.2.8.23,Integer,0,
.1.3.6.1.4.1.12148.10.13.28.1.2.8.24,Integer,0,
.1.3.6.1.4.1.12148.10.13.28.1.2.8.25,Integer,0,
.1.3.6.1.4.1.12148.10.13.28.1.2.8.26,Integer,0,
.1.3.6.1.4.1.12148.10.13.28.1.2.8.27,Integer,0,
.1.3.6.1.4.1.12148.10.13.28.1.2.8.28,Integer,0,
.1.3.6.1.4.1.12148.10.13.28.1.2.8.29,Integer,0,
.1.3.6.1.4.1.12148.10.13.28.1.2.8.30,Integer,0,
.1.3.6.1.4.1.12148.10.13.28.1.2.8.31,Integer,0,
.1.3.6.1.4.1.12148.10.13.28.1.2.8.32,Integer,0,
.1.3.6.1.4.1.12148.10.13.28.1.2.8.33,Integer,0,
.1.3.6.1.4.1.12148.10.13.28.1.2.8.34,Integer,0,
.1.3.6.1.4.1.12148.10.13.28.1.2.8.35,Integer,0,
.1.3.6.1.4.1.12148.10.13.28.1.2.8.36,Integer,0,
.1.3.6.1.4.1.12148.10.13.28.1.2.8.37,Integer,0,
.1.3.6.1.4.1.12148.10.13.28.1.2.8.38,Integer,0,
.1.3.6.1.4.1.12148.10.13.28.1.2.8.39,Integer,0,
.1.3.6.1.4.1.12148.10.13.28.1.2.8.40,Integer,0,
.1.3.6.1.4.1.12148.10.13.28.1.2.8.41,Integer,0,
.1.3.6.1.4.1.12148.10.13.28.1.2.8.42,Integer,0,
.1.3.6.1.4.1.12148.10.13.28.1.2.8.43,Integer,0,
.1.3.6.1.4.1.12148.10.13.28.1.2.8.44,Integer,0,
.1.3.6.1.4.1.12148.10.13.28.1.2.8.45,Integer,0,
.1.3.6.1.4.1.12148.10.13.28.1.2.8.46,Integer,0,
.1.3.6.1.4.1.12148.10.13.28.1.2.8.47,Integer,0,
.1.3.6.1.4.1.12148.10.13.28.1.2.8.48,Integer,0,
.1.3.6.1.4.1.12148.10.13.28.1.2.8.49,Integer,0,
.1.3.6.1.4.1.12148.10.13.28.1.2.8.50,Integer,0,
.1.3.6.1.4.1.12148.10.13.28.1.2.8.51,Integer,0,
.1.3.6.1.4.1.12148.10.13.28.1.2.8.52,Integer,0,
.1.3.6.1.4.1.12148.10.13.28.1.2.9.1,Integer,0,
.1.3.6.1.4.1.12148.10.13.28.1.2.9.2,Integer,0,
.1.3.6.1.4.1.12148.10.13.28.1.2.9.3,Integer,0,
.1.3.6.1.4.1.12148.10.13.28.1.2.9.4,Integer,0,
.1.3.6.1.4.1.12148.10.13.28.1.2.9.5,Integer,0,
.1.3.6.1.4.1.12148.10.13.28.1.2.9.6,Integer,0,
.1.3.6.1.4.1.12148.10.13.28.1.2.9.7,Integer,0,
.1.3.6.1.4.1.12148.10.13.28.1.2.9.8,Integer,0,
.1.3.6.1.4.1.12148.10.13.28.1.2.9.9,Integer,0,
.1.3.6.1.4.1.12148.10.13.28.1.2.9.10,Integer,0,
.1.3.6.1.4.1.12148.10.13.28.1.2.9.11,Integer,0,
.1.3.6.1.4.1.12148.10.13.28.1.2.9.12,Integer,0,
.1.3.6.1.4.1.12148.10.13.28.1.2.9.13,Integer,0,
.1.3.6.1.4.1.12148.10.13.28.1.2.9.14,Integer,0,
.1.3.6.1.4.1.12148.10.13.28.1.2.9.15,Integer,0,
.1.3.6.1.4.1.12148.10.13.28.1.2.9.16,Integer,0,
.1.3.6.1.4.1.12148.10.13.28.1.2.9.17,Integer,0,
.1.3.6.1.4.1.12148.10.13.28.1.2.9.18,Integer,0,
.1.3.6.1.4.1.12148.10.13.28.1.2.9.19,Integer,0,
.1.3.6.1.4.1.12148.10.13.28.1.2.9.20,Integer,0,
.1.3.6.1.4.1.12148.10.13.28.1.2.9.21,Integer,0,
.1.3.6.1.4.1.12148.10.13.28.1.2.9.22,Integer,0,
.1.3.6.1.4.1.12148.10.13.28.1.2.9.23,Integer,0,
.1.3.6.1.4.1.12148.10.13.28.1.2.9.24,Integer,0,
.1.3.6.1.4.1.12148.10.13.28.1.2.9.25,Integer,0,
.1.3.6.1.4.1.12148.10.13.28.1.2.9.26,Integer,0,
.1.3.6.1.4.1.12148.10.13.28.1.2.9.27,Integer,0,
.1.3.6.1.4.1.12148.10.13.28.1.2.9.28,Integer,0,
.1.3.6.1.4.1.12148.10.13.28.1.2.9.29,Integer,0,
.1.3.6.1.4.1.12148.10.13.28.1.2.9.30,Integer,0,
.1.3.6.1.4.1.12148.10.13.28.1.2.9.31,Integer,0,
.1.3.6.1.4.1.12148.10.13.28.1.2.9.32,Integer,0,
.1.3.6.1.4.1.12148.10.13.28.1.2.9.33,Integer,0,
.1.3.6.1.4.1.12148.10.13.28.1.2.9.34,Integer,0,
.1.3.6.1.4.1.12148.10.13.28.1.2.9.35,Integer,0,
.1.3.6.1.4.1.12148.10.13.28.1.2.9.36,Integer,0,
.1.3.6.1.4.1.12148.10.13.28.1.2.9.37,Integer,0,
.1.3.6.1.4.1.12148.10.13.28.1.2.9.38,Integer,0,
.1.3.6.1.4.1.12148.10.13.28.1.2.9.39,Integer,0,
.1.3.6.1.4.1.12148.10.13.28.1.2.9.40,Integer,0,
.1.3.6.1.4.1.12148.10.13.28.1.2.9.41,Integer,0,
.1.3.6.1.4.1.12148.10.13.28.1.2.9.42,Integer,0,
.1.3.6.1.4.1.12148.10.13.28.1.2.9.43,Integer,0,
.1.3.6.1.4.1.12148.10.13.28.1.2.9.44,Integer,0,
.1.3.6.1.4.1.12148.10.13.28.1.2.9.45,Integer,0,
.1.3.6.1.4.1.12148.10.13.28.1.2.9.46,Integer,0,
.1.3.6.1.4.1.12148.10.13.28.1.2.9.47,Integer,0,
.1.3.6.1.4.1.12148.10.13.28.1.2.9.48,Integer,0,
.1.3.6.1.4.1.12148.10.13.28.1.2.9.49,Integer,0,
.1.3.6.1.4.1.12148.10.13.28.1.2.9.50,Integer,0,
.1.3.6.1.4.1.12148.10.13.28.1.2.9.51,Integer,0,
.1.3.6.1.4.1.12148.10.13.28.1.2.9.52,Integer,0,
.1.3.6.1.4.1.12148.10.13.28.1.2.10.1,Integer,0,
.1.3.6.1.4.1.12148.10.13.28.1.2.10.2,Integer,0,
.1.3.6.1.4.1.12148.10.13.28.1.2.10.3,Integer,0,
.1.3.6.1.4.1.12148.10.13.28.1.2.10.4,Integer,0,
.1.3.6.1.4.1.12148.10.13.28.1.2.10.5,Integer,0,
.1.3.6.1.4.1.12148.10.13.28.1.2.10.6,Integer,0,
.1.3.6.1.4.1.12148.10.13.28.1.2.10.7,Integer,0,
.1.3.6.1.4.1.12148.10.13.28.1.2.10.8,Integer,0,
.1.3.6.1.4.1.12148.10.13.28.1.2.10.9,Integer,0,
.1.3.6.1.4.1.12148.10.13.28.1.2.10.10,Integer,0,
.1.3.6.1.4.1.12148.10.13.28.1.2.10.11,Integer,0,
.1.3.6.1.4.1.12148.10.13.28.1.2.10.12,Integer,0,
.1.3.6.1.4.1.12148.10.13.28.1.2.10.13,Integer,0,
.1.3.6.1.4.1.12148.10.13.28.1.2.10.14,Integer,0,
.1.3.6.1.4.1.12148.10.13.28.1.2.10.15,Integer,0,
.1.3.6.1.4.1.12148.10.13.28.1.2.10.16,Integer,0,
.1.3.6.1.4.1.12148.10.13.28.1.2.10.17,Integer,0,
.1.3.6.1.4.1.12148.10.13.28.1.2.10.18,Integer,0,
.1.3.6.1.4.1.12148.10.13.28.1.2.10.19,Integer,0,
.1.3.6.1.4.1.12148.10.13.28.1.2.10.20,Integer,0,
.1.3.6.1.4.1.12148.10.13.28.1.2.10.21,Integer,0,
.1.3.6.1.4.1.12148.10.13.28.1.2.10.22,Integer,0,
.1.3.6.1.4.1.12148.10.13.28.1.2.10.23,Integer,0,
.1.3.6.1.4.1.12148.10.13.28.1.2.10.24,Integer,0,
.1.3.6.1.4.1.12148.10.13.28.1.2.10.25,Integer,0,
.1.3.6.1.4.1.12148.10.13.28.1.2.10.26,Integer,0,
.1.3.6.1.4.1.12148.10.13.28.1.2.10.27,Integer,0,
.1.3.6.1.4.1.12148.10.13.28.1.2.10.28,Integer,0,
.1.3.6.1.4.1.12148.10.13.28.1.2.10.29,Integer,0,
.1.3.6.1.4.1.12148.10.13.28.1.2.10.30,Integer,0,
.1.3.6.1.4.1.12148.10.13.28.1.2.10.31,Integer,0,
.1.3.6.1.4.1.12148.10.13.28.1.2.10.32,Integer,0,
.1.3.6.1.4.1.12148.10.13.28.1.2.10.33,Integer,0,
.1.3.6.1.4.1.12148.10.13.28.1.2.10.34,Integer,0,
.1.3.6.1.4.1.12148.10.13.28.1.2.10.35,Integer,0,
.1.3.6.1.4.1.12148.10.13.28.1.2.10.36,Integer,0,
.1.3.6.1.4.1.12148.10.13.28.1.2.10.37,Integer,0,
.1.3.6.1.4.1.12148.10.13.28.1.2.10.38,Integer,0,
.1.3.6.1.4.1.12148.10.13.28.1.2.10.39,Integer,0,
.1.3.6.1.4.1.12148.10.13.28.1.2.10.40,Integer,0,
.1.3.6.1.4.1.12148.10.13.28.1.2.10.41,Integer,0,
.1.3.6.1.4.1.12148.10.13.28.1.2.10.42,Integer,0,
.1.3.6.1.4.1.12148.10.13.28.1.2.10.43,Integer,0,
.1.3.6.1.4.1.12148.10.13.28.1.2.10.44,Integer,0,
.1.3.6.1.4.1.12148.10.13.28.1.2.10.45,Integer,0,
.1.3.6.1.4.1.12148.10.13.28.1.2.10.46,Integer,0,
.1.3.6.1.4.1.12148.10.13.28.1.2.10.47,Integer,0,
.1.3.6.1.4.1.12148.10.13.28.1.2.10.48,Integer,0,
.1.3.6.1.4.1.12148.10.13.28.1.2.10.49,Integer,0,
.1.3.6.1.4.1.12148.10.13.28.1.2.10.50,Integer,0,
.1.3.6.1.4.1.12148.10.13.28.1.2.10.51,Integer,0,
.1.3.6.1.4.1.12148.10.13.28.1.2.10.52,Integer,0,
.1.3.6.1.4.1.12148.10.13.29.1.2.1.1,Integer,0,
.1.3.6.1.4.1.12148.10.13.29.1.2.1.2,Integer,0,
.1.3.6.1.4.1.12148.10.13.29.1.2.1.3,Integer,0,
.1.3.6.1.4.1.12148.10.13.29.1.2.1.4,Integer,0,
.1.3.6.1.4.1.12148.10.13.29.1.2.1.5,Integer,0,
.1.3.6.1.4.1.12148.10.13.29.1.2.1.6,Integer,0,
.1.3.6.1.4.1.12148.10.13.29.1.2.1.7,Integer,0,
.1.3.6.1.4.1.12148.10.13.29.1.2.1.8,Integer,0,
.1.3.6.1.4.1.12148.10.13.29.1.2.1.9,Integer,0,
.1.3.6.1.4.1.12148.10.13.29.1.2.1.10,Integer,0,
.1.3.6.1.4.1.12148.10.13.29.1.2.1.11,Integer,0,
.1.3.6.1.4.1.12148.10.13.29.1.2.1.12,Integer,0,
.1.3.6.1.4.1.12148.10.13.29.1.2.1.13,Integer,0,
.1.3.6.1.4.1.12148.10.13.29.1.2.1.14,Integer,0,
.1.3.6.1.4.1.12148.10.13.29.1.2.1.15,Integer,0,
.1.3.6.1.4.1.12148.10.13.29.1.2.1.16,Integer,0,
.1.3.6.1.4.1.12148.10.13.29.1.2.1.17,Integer,0,
.1.3.6.1.4.1.12148.10.13.29.1.2.1.18,Integer,0,
.1.3.6.1.4.1.12148.10.13.29.1.2.1.19,Integer,0,
.1.3.6.1.4.1.12148.10.13.29.1.2.1.20,Integer,0,
.1.3.6.1.4.1.12148.10.13.29.1.2.1.21,Integer,0,
.1.3.6.1.4.1.12148.10.13.29.1.2.1.22,Integer,0,
.1.3.6.1.4.1.12148.10.13.29.1.2.1.23,Integer,0,
.1.3.6.1.4.1.12148.10.13.29.1.2.1.24,Integer,0,
.1.3.6.1.4.1.12148.10.13.29.1.2.1.25,Integer,0,
.1.3.6.1.4.1.12148.10.13.29.1.2.1.26,Integer,0,
.1.3.6.1.4.1.12148.10.13.29.1.2.1.27,Integer,0,
.1.3.6.1.4.1.12148.10.13.29.1.2.1.28,Integer,0,
.1.3.6.1.4.1.12148.10.13.29.1.2.1.29,Integer,0,
.1.3.6.1.4.1.12148.10.13.29.1.2.1.30,Integer,0,
.1.3.6.1.4.1.12148.10.13.29.1.2.1.31,Integer,0,
.1.3.6.1.4.1.12148.10.13.29.1.2.1.32,Integer,0,
.1.3.6.1.4.1.12148.10.13.29.1.2.1.33,Integer,0,
.1.3.6.1.4.1.12148.10.13.29.1.2.1.34,Integer,0,
.1.3.6.1.4.1.12148.10.13.29.1.2.1.35,Integer,0,
.1.3.6.1.4.1.12148.10.13.29.1.2.1.36,Integer,0,
.1.3.6.1.4.1.12148.10.13.29.1.2.1.37,Integer,0,
.1.3.6.1.4.1.12148.10.13.29.1.2.1.38,Integer,0,
.1.3.6.1.4.1.12148.10.13.29.1.2.1.39,Integer,0,
.1.3.6.1.4.1.12148.10.13.29.1.2.1.40,Integer,0,
.1.3.6.1.4.1.12148.10.13.29.1.2.1.41,Integer,0,
.1.3.6.1.4.1.12148.10.13.29.1.2.1.42,Integer,0,
.1.3.6.1.4.1.12148.10.13.29.1.2.1.43,Integer,0,
.1.3.6.1.4.1.12148.10.13.29.1.2.1.44,Integer,0,
.1.3.6.1.4.1.12148.10.13.29.1.2.1.45,Integer,0,
.1.3.6.1.4.1.12148.10.13.29.1.2.1.46,Integer,0,
.1.3.6.1.4.1.12148.10.13.29.1.2.1.47,Integer,0,
.1.3.6.1.4.1.12148.10.13.29.1.2.1.48,Integer,0,
.1.3.6.1.4.1.12148.10.13.29.1.2.1.49,Integer,0,
.1.3.6.1.4.1.12148.10.13.29.1.2.1.50,Integer,0,
.1.3.6.1.4.1.12148.10.13.29.1.2.1.51,Integer,0,
.1.3.6.1.4.1.12148.10.13.29.1.2.1.52,Integer,0,
.1.3.6.1.4.1.12148.10.13.29.1.2.2.1,Integer,0,
.1.3.6.1.4.1.12148.10.13.29.1.2.2.2,Integer,0,
.1.3.6.1.4.1.12148.10.13.29.1.2.2.3,Integer,0,
.1.3.6.1.4.1.12148.10.13.29.1.2.2.4,Integer,0,
.1.3.6.1.4.1.12148.10.13.29.1.2.2.5,Integer,0,
.1.3.6.1.4.1.12148.10.13.29.1.2.2.6,Integer,0,
.1.3.6.1.4.1.12148.10.13.29.1.2.2.7,Integer,0,
.1.3.6.1.4.1.12148.10.13.29.1.2.2.8,Integer,0,
.1.3.6.1.4.1.12148.10.13.29.1.2.2.9,Integer,0,
.1.3.6.1.4.1.12148.10.13.29.1.2.2.10,Integer,0,
.1.3.6.1.4.1.12148.10.13.29.1.2.2.11,Integer,0,
.1.3.6.1.4.1.12148.10.13.29.1.2.2.12,Integer,0,
.1.3.6.1.4.1.12148.10.13.29.1.2.2.13,Integer,0,
.1.3.6.1.4.1.12148.10.13.29.1.2.2.14,Integer,0,
.1.3.6.1.4.1.12148.10.13.29.1.2.2.15,Integer,0,
.1.3.6.1.4.1.12148.10.13.29.1.2.2.16,Integer,0,
.1.3.6.1.4.1.12148.10.13.29.1.2.2.17,Integer,0,
.1.3.6.1.4.1.12148.10.13.29.1.2.2.18,Integer,0,
.1.3.6.1.4.1.12148.10.13.29.1.2.2.19,Integer,0,
.1.3.6.1.4.1.12148.10.13.29.1.2.2.20,Integer,0,
.1.3.6.1.4.1.12148.10.13.29.1.2.2.21,Integer,0,
.1.3.6.1.4.1.12148.10.13.29.1.2.2.22,Integer,0,
.1.3.6.1.4.1.12148.10.13.29.1.2.2.23,Integer,0,
.1.3.6.1.4.1.12148.10.13.29.1.2.2.24,Integer,0,
.1.3.6.1.4.1.12148.10.13.29.1.2.2.25,Integer,0,
.1.3.6.1.4.1.12148.10.13.29.1.2.2.26,Integer,0,
.1.3.6.1.4.1.12148.10.13.29.1.2.2.27,Integer,0,
.1.3.6.1.4.1.12148.10.13.29.1.2.2.28,Integer,0,
.1.3.6.1.4.1.12148.10.13.29.1.2.2.29,Integer,0,
.1.3.6.1.4.1.12148.10.13.29.1.2.2.30,Integer,0,
.1.3.6.1.4.1.12148.10.13.29.1.2.2.31,Integer,0,
.1.3.6.1.4.1.12148.10.13.29.1.2.2.32,Integer,0,
.1.3.6.1.4.1.12148.10.13.29.1.2.2.33,Integer,0,
.1.3.6.1.4.1.12148.10.13.29.1.2.2.34,Integer,0,
.1.3.6.1.4.1.12148.10.13.29.1.2.2.35,Integer,0,
.1.3.6.1.4.1.12148.10.13.29.1.2.2.36,Integer,0,
.1.3.6.1.4.1.12148.10.13.29.1.2.2.37,Integer,0,
.1.3.6.1.4.1.12148.10.13.29.1.2.2.38,Integer,0,
.1.3.6.1.4.1.12148.10.13.29.1.2.2.39,Integer,0,
.1.3.6.1.4.1.12148.10.13.29.1.2.2.40,Integer,0,
.1.3.6.1.4.1.12148.10.13.29.1.2.2.41,Integer,0,
.1.3.6.1.4.1.12148.10.13.29.1.2.2.42,Integer,0,
.1.3.6.1.4.1.12148.10.13.29.1.2.2.43,Integer,0,
.1.3.6.1.4.1.12148.10.13.29.1.2.2.44,Integer,0,
.1.3.6.1.4.1.12148.10.13.29.1.2.2.45,Integer,0,
.1.3.6.1.4.1.12148.10.13.29.1.2.2.46,Integer,0,
.1.3.6.1.4.1.12148.10.13.29.1.2.2.47,Integer,0,
.1.3.6.1.4.1.12148.10.13.29.1.2.2.48,Integer,0,
.1.3.6.1.4.1.12148.10.13.29.1.2.2.49,Integer,0,
.1.3.6.1.4.1.12148.10.13.29.1.2.2.50,Integer,0,
.1.3.6.1.4.1.12148.10.13.29.1.2.2.51,Integer,0,
.1.3.6.1.4.1.12148.10.13.29.1.2.2.52,Integer,0,
.1.3.6.1.4.1.12148.10.13.29.1.2.3.1,Integer,0,
.1.3.6.1.4.1.12148.10.13.29.1.2.3.2,Integer,0,
.1.3.6.1.4.1.12148.10.13.29.1.2.3.3,Integer,0,
.1.3.6.1.4.1.12148.10.13.29.1.2.3.4,Integer,0,
.1.3.6.1.4.1.12148.10.13.29.1.2.3.5,Integer,0,
.1.3.6.1.4.1.12148.10.13.29.1.2.3.6,Integer,0,
.1.3.6.1.4.1.12148.10.13.29.1.2.3.7,Integer,0,
.1.3.6.1.4.1.12148.10.13.29.1.2.3.8,Integer,0,
.1.3.6.1.4.1.12148.10.13.29.1.2.3.9,Integer,0,
.1.3.6.1.4.1.12148.10.13.29.1.2.3.10,Integer,0,
.1.3.6.1.4.1.12148.10.13.29.1.2.3.11,Integer,0,
.1.3.6.1.4.1.12148.10.13.29.1.2.3.12,Integer,0,
.1.3.6.1.4.1.12148.10.13.29.1.2.3.13,Integer,0,
.1.3.6.1.4.1.12148.10.13.29.1.2.3.14,Integer,0,
.1.3.6.1.4.1.12148.10.13.29.1.2.3.15,Integer,0,
.1.3.6.1.4.1.12148.10.13.29.1.2.3.16,Integer,0,
.1.3.6.1.4.1.12148.10.13.29.1.2.3.17,Integer,0,
.1.3.6.1.4.1.12148.10.13.29.1.2.3.18,Integer,0,
.1.3.6.1.4.1.12148.10.13.29.1.2.3.19,Integer,0,
.1.3.6.1.4.1.12148.10.13.29.1.2.3.20,Integer,0,
.1.3.6.1.4.1.12148.10.13.29.1.2.3.21,Integer,0,
.1.3.6.1.4.1.12148.10.13.29.1.2.3.22,Integer,0,
.1.3.6.1.4.1.12148.10.13.29.1.2.3.23,Integer,0,
.1.3.6.1.4.1.12148.10.13.29.1.2.3.24,Integer,0,
.1.3.6.1.4.1.12148.10.13.29.1.2.3.25,Integer,0,
.1.3.6.1.4.1.12148.10.13.29.1.2.3.26,Integer,0,
.1.3.6.1.4.1.12148.10.13.29.1.2.3.27,Integer,0,
.1.3.6.1.4.1.12148.10.13.29.1.2.3.28,Integer,0,
.1.3.6.1.4.1.12148.10.13.29.1.2.3.29,Integer,0,
.1.3.6.1.4.1.12148.10.13.29.1.2.3.30,Integer,0,
.1.3.6.1.4.1.12148.10.13.29.1.2.3.31,Integer,0,
.1.3.6.1.4.1.12148.10.13.29.1.2.3.32,Integer,0,
.1.3.6.1.4.1.12148.10.13.29.1.2.3.33,Integer,0,
.1.3.6.1.4.1.12148.10.13.29.1.2.3.34,Integer,0,
.1.3.6.1.4.1.12148.10.13.29.1.2.3.35,Integer,0,
.1.3.6.1.4.1.12148.10.13.29.1.2.3.36,Integer,0,
.1.3.6.1.4.1.12148.10.13.29.1.2.3.37,Integer,0,
.1.3.6.1.4.1.12148.10.13.29.1.2.3.38,Integer,0,
.1.3.6.1.4.1.12148.10.13.29.1.2.3.39,Integer,0,
.1.3.6.1.4.1.12148.10.13.29.1.2.3.40,Integer,0,
.1.3.6.1.4.1.12148.10.13.29.1.2.3.41,Integer,0,
.1.3.6.1.4.1.12148.10.13.29.1.2.3.42,Integer,0,
.1.3.6.1.4.1.12148.10.13.29.1.2.3.43,Integer,0,
.1.3.6.1.4.1.12148.10.13.29.1.2.3.44,Integer,0,
.1.3.6.1.4.1.12148.10.13.29.1.2.3.45,Integer,0,
.1.3.6.1.4.1.12148.10.13.29.1.2.3.46,Integer,0,
.1.3.6.1.4.1.12148.10.13.29.1.2.3.47,Integer,0,
.1.3.6.1.4.1.12148.10.13.29.1.2.3.48,Integer,0,
.1.3.6.1.4.1.12148.10.13.29.1.2.3.49,Integer,0,
.1.3.6.1.4.1.12148.10.13.29.1.2.3.50,Integer,0,
.1.3.6.1.4.1.12148.10.13.29.1.2.3.51,Integer,0,
.1.3.6.1.4.1.12148.10.13.29.1.2.3.52,Integer,0,
.1.3.6.1.4.1.12148.10.13.29.1.2.4.1,Integer,0,
.1.3.6.1.4.1.12148.10.13.29.1.2.4.2,Integer,0,
.1.3.6.1.4.1.12148.10.13.29.1.2.4.3,Integer,0,
.1.3.6.1.4.1.12148.10.13.29.1.2.4.4,Integer,0,
.1.3.6.1.4.1.12148.10.13.29.1.2.4.5,Integer,0,
.1.3.6.1.4.1.12148.10.13.29.1.2.4.6,Integer,0,
.1.3.6.1.4.1.12148.10.13.29.1.2.4.7,Integer,0,
.1.3.6.1.4.1.12148.10.13.29.1.2.4.8,Integer,0,
.1.3.6.1.4.1.12148.10.13.29.1.2.4.9,Integer,0,
.1.3.6.1.4.1.12148.10.13.29.1.2.4.10,Integer,0,
.1.3.6.1.4.1.12148.10.13.29.1.2.4.11,Integer,0,
.1.3.6.1.4.1.12148.10.13.29.1.2.4.12,Integer,0,
.1.3.6.1.4.1.12148.10.13.29.1.2.4.13,Integer,0,
.1.3.6.1.4.1.12148.10.13.29.1.2.4.14,Integer,0,
.1.3.6.1.4.1.12148.10.13.29.1.2.4.15,Integer,0,
.1.3.6.1.4.1.12148.10.13.29.1.2.4.16,Integer,0,
.1.3.6.1.4.1.12148.10.13.29.1.2.4.17,Integer,0,
.1.3.6.1.4.1.12148.10.13.29.1.2.4.18,Integer,0,
.1.3.6.1.4.1.12148.10.13.29.1.2.4.19,Integer,0,
.1.3.6.1.4.1.12148.10.13.29.1.2.4.20,Integer,0,
.1.3.6.1.4.1.12148.10.13.29.1.2.4.21,Integer,0,
.1.3.6.1.4.1.12148.10.13.29.1.2.4.22,Integer,0,
.1.3.6.1.4.1.12148.10.13.29.1.2.4.23,Integer,0,
.1.3.6.1.4.1.12148.10.13.29.1.2.4.24,Integer,0,
.1.3.6.1.4.1.12148.10.13.29.1.2.4.25,Integer,0,
.1.3.6.1.4.1.12148.10.13.29.1.2.4.26,Integer,0,
.1.3.6.1.4.1.12148.10.13.29.1.2.4.27,Integer,0,
.1.3.6.1.4.1.12148.10.13.29.1.2.4.28,Integer,0,
.1.3.6.1.4.1.12148.10.13.29.1.2.4.29,Integer,0,
.1.3.6.1.4.1.12148.10.13.29.1.2.4.30,Integer,0,
.1.3.6.1.4.1.12148.10.13.29.1.2.4.31,Integer,0,
.1.3.6.1.4.1.12148.10.13.29.1.2.4.32,Integer,0,
.1.3.6.1.4.1.12148.10.13.29.1.2.4.33,Integer,0,
.1.3.6.1.4.1.12148.10.13.29.1.2.4.34,Integer,0,
.1.3.6.1.4.1.12148.10.13.29.1.2.4.35,Integer,0,
.1.3.6.1.4.1.12148.10.13.29.1.2.4.36,Integer,0,
.1.3.6.1.4.1.12148.10.13.29.1.2.4.37,Integer,0,
.1.3.6.1.4.1.12148.10.13.29.1.2.4.38,Integer,0,
.1.3.6.1.4.1.12148.10.13.29.1.2.4.39,Integer,0,
.1.3.6.1.4.1.12148.10.13.29.1.2.4.40,Integer,0,
.1.3.6.1.4.1.12148.10.13.29.1.2.4.41,Integer,0,
.1.3.6.1.4.1.12148.10.13.29.1.2.4.42,Integer,0,
.1.3.6.1.4.1.12148.10.13.29.1.2.4.43,Integer,0,
.1.3.6.1.4.1.12148.10.13.29.1.2.4.44,Integer,0,
.1.3.6.1.4.1.12148.10.13.29.1.2.4.45,Integer,0,
.1.3.6.1.4.1.12148.10.13.29.1.2.4.46,Integer,0,
.1.3.6.1.4.1.12148.10.13.29.1.2.4.47,Integer,0,
.1.3.6.1.4.1.12148.10.13.29.1.2.4.48,Integer,0,
.1.3.6.1.4.1.12148.10.13.29.1.2.4.49,Integer,0,
.1.3.6.1.4.1.12148.10.13.29.1.2.4.50,Integer,0,
.1.3.6.1.4.1.12148.10.13.29.1.2.4.51,Integer,0,
.1.3.6.1.4.1.12148.10.13.29.1.2.4.52,Integer,0,
.1.3.6.1.4.1.12148.10.13.29.1.2.5.1,Integer,0,
.1.3.6.1.4.1.12148.10.13.29.1.2.5.2,Integer,0,
.1.3.6.1.4.1.12148.10.13.29.1.2.5.3,Integer,0,
.1.3.6.1.4.1.12148.10.13.29.1.2.5.4,Integer,0,
.1.3.6.1.4.1.12148.10.13.29.1.2.5.5,Integer,0,
.1.3.6.1.4.1.12148.10.13.29.1.2.5.6,Integer,0,
.1.3.6.1.4.1.12148.10.13.29.1.2.5.7,Integer,0,
.1.3.6.1.4.1.12148.10.13.29.1.2.5.8,Integer,0,
.1.3.6.1.4.1.12148.10.13.29.1.2.5.9,Integer,0,
.1.3.6.1.4.1.12148.10.13.29.1.2.5.10,Integer,0,
.1.3.6.1.4.1.12148.10.13.29.1.2.5.11,Integer,0,
.1.3.6.1.4.1.12148.10.13.29.1.2.5.12,Integer,0,
.1.3.6.1.4.1.12148.10.13.29.1.2.5.13,Integer,0,
.1.3.6.1.4.1.12148.10.13.29.1.2.5.14,Integer,0,
.1.3.6.1.4.1.12148.10.13.29.1.2.5.15,Integer,0,
.1.3.6.1.4.1.12148.10.13.29.1.2.5.16,Integer,0,
.1.3.6.1.4.1.12148.10.13.29.1.2.5.17,Integer,0,
.1.3.6.1.4.1.12148.10.13.29.1.2.5.18,Integer,0,
.1.3.6.1.4.1.12148.10.13.29.1.2.5.19,Integer,0,
.1.3.6.1.4.1.12148.10.13.29.1.2.5.20,Integer,0,
.1.3.6.1.4.1.12148.10.13.29.1.2.5.21,Integer,0,
.1.3.6.1.4.1.12148.10.13.29.1.2.5.22,Integer,0,
.1.3.6.1.4.1.12148.10.13.29.1.2.5.23,Integer,0,
.1.3.6.1.4.1.12148.10.13.29.1.2.5.24,Integer,0,
.1.3.6.1.4.1.12148.10.13.29.1.2.5.25,Integer,0,
.1.3.6.1.4.1.12148.10.13.29.1.2.5.26,Integer,0,
.1.3.6.1.4.1.12148.10.13.29.1.2.5.27,Integer,0,
.1.3.6.1.4.1.12148.10.13.29.1.2.5.28,Integer,0,
.1.3.6.1.4.1.12148.10.13.29.1.2.5.29,Integer,0,
.1.3.6.1.4.1.12148.10.13.29.1.2.5.30,Integer,0,
.1.3.6.1.4.1.12148.10.13.29.1.2.5.31,Integer,0,
.1.3.6.1.4.1.12148.10.13.29.1.2.5.32,Integer,0,
.1.3.6.1.4.1.12148.10.13.29.1.2.5.33,Integer,0,
.1.3.6.1.4.1.12148.10.13.29.1.2.5.34,Integer,0,
.1.3.6.1.4.1.12148.10.13.29.1.2.5.35,Integer,0,
.1.3.6.1.4.1.12148.10.13.29.1.2.5.36,Integer,0,
.1.3.6.1.4.1.12148.10.13.29.1.2.5.37,Integer,0,
.1.3.6.1.4.1.12148.10.13.29.1.2.5.38,Integer,0,
.1.3.6.1.4.1.12148.10.13.29.1.2.5.39,Integer,0,
.1.3.6.1.4.1.12148.10.13.29.1.2.5.40,Integer,0,
.1.3.6.1.4.1.12148.10.13.29.1.2.5.41,Integer,0,
.1.3.6.1.4.1.12148.10.13.29.1.2.5.42,Integer,0,
.1.3.6.1.4.1.12148.10.13.29.1.2.5.43,Integer,0,
.1.3.6.1.4.1.12148.10.13.29.1.2.5.44,Integer,0,
.1.3.6.1.4.1.12148.10.13.29.1.2.5.45,Integer,0,
.1.3.6.1.4.1.12148.10.13.29.1.2.5.46,Integer,0,
.1.3.6.1.4.1.12148.10.13.29.1.2.5.47,Integer,0,
.1.3.6.1.4.1.12148.10.13.29.1.2.5.48,Integer,0,
.1.3.6.1.4.1.12148.10.13.29.1.2.5.49,Integer,0,
.1.3.6.1.4.1.12148.10.13.29.1.2.5.50,Integer,0,
.1.3.6.1.4.1.12148.10.13.29.1.2.5.51,Integer,0,
.1.3.6.1.4.1.12148.10.13.29.1.2.5.52,Integer,0,
.1.3.6.1.4.1.12148.10.13.29.1.2.6.1,Integer,0,
.1.3.6.1.4.1.12148.10.13.29.1.2.6.2,Integer,0,
.1.3.6.1.4.1.12148.10.13.29.1.2.6.3,Integer,0,
.1.3.6.1.4.1.12148.10.13.29.1.2.6.4,Integer,0,
.1.3.6.1.4.1.12148.10.13.29.1.2.6.5,Integer,0,
.1.3.6.1.4.1.12148.10.13.29.1.2.6.6,Integer,0,
.1.3.6.1.4.1.12148.10.13.29.1.2.6.7,Integer,0,
.1.3.6.1.4.1.12148.10.13.29.1.2.6.8,Integer,0,
.1.3.6.1.4.1.12148.10.13.29.1.2.6.9,Integer,0,
.1.3.6.1.4.1.12148.10.13.29.1.2.6.10,Integer,0,
.1.3.6.1.4.1.12148.10.13.29.1.2.6.11,Integer,0,
.1.3.6.1.4.1.12148.10.13.29.1.2.6.12,Integer,0,
.1.3.6.1.4.1.12148.10.13.29.1.2.6.13,Integer,0,
.1.3.6.1.4.1.12148.10.13.29.1.2.6.14,Integer,0,
.1.3.6.1.4.1.12148.10.13.29.1.2.6.15,Integer,0,
.1.3.6.1.4.1.12148.10.13.29.1.2.6.16,Integer,0,
.1.3.6.1.4.1.12148.10.13.29.1.2.6.17,Integer,0,
.1.3.6.1.4.1.12148.10.13.29.1.2.6.18,Integer,0,
.1.3.6.1.4.1.12148.10.13.29.1.2.6.19,Integer,0,
.1.3.6.1.4.1.12148.10.13.29.1.2.6.20,Integer,0,
.1.3.6.1.4.1.12148.10.13.29.1.2.6.21,Integer,0,
.1.3.6.1.4.1.12148.10.13.29.1.2.6.22,Integer,0,
.1.3.6.1.4.1.12148.10.13.29.1.2.6.23,Integer,0,
.1.3.6.1.4.1.12148.10.13.29.1.2.6.24,Integer,0,
.1.3.6.1.4.1.12148.10.13.29.1.2.6.25,Integer,0,
.1.3.6.1.4.1.12148.10.13.29.1.2.6.26,Integer,0,
.1.3.6.1.4.1.12148.10.13.29.1.2.6.27,Integer,0,
.1.3.6.1.4.1.12148.10.13.29.1.2.6.28,Integer,0,
.1.3.6.1.4.1.12148.10.13.29.1.2.6.29,Integer,0,
.1.3.6.1.4.1.12148.10.13.29.1.2.6.30,Integer,0,
.1.3.6.1.4.1.12148.10.13.29.1.2.6.31,Integer,0,
.1.3.6.1.4.1.12148.10.13.29.1.2.6.32,Integer,0,
.1.3.6.1.4.1.12148.10.13.29.1.2.6.33,Integer,0,
.1.3.6.1.4.1.12148.10.13.29.1.2.6.34,Integer,0,
.1.3.6.1.4.1.12148.10.13.29.1.2.6.35,Integer,0,
.1.3.6.1.4.1.12148.10.13.29.1.2.6.36,Integer,0,
.1.3.6.1.4.1.12148.10.13.29.1.2.6.37,Integer,0,
.1.3.6.1.4.1.12148.10.13.29.1.2.6.38,Integer,0,
.1.3.6.1.4.1.12148.10.13.29.1.2.6.39,Integer,0,
.1.3.6.1.4.1.12148.10.13.29.1.2.6.40,Integer,0,
.1.3.6.1.4.1.12148.10.13.29.1.2.6.41,Integer,0,
.1.3.6.1.4.1.12148.10.13.29.1.2.6.42,Integer,0,
.1.3.6.1.4.1.12148.10.13.29.1.2.6.43,Integer,0,
.1.3.6.1.4.1.12148.10.13.29.1.2.6.44,Integer,0,
.1.3.6.1.4.1.12148.10.13.29.1.2.6.45,Integer,0,
.1.3.6.1.4.1.12148.10.13.29.1.2.6.46,Integer,0,
.1.3.6.1.4.1.12148.10.13.29.1.2.6.47,Integer,0,
.1.3.6.1.4.1.12148.10.13.29.1.2.6.48,Integer,0,
.1.3.6.1.4.1.12148.10.13.29.1.2.6.49,Integer,0,
.1.3.6.1.4.1.12148.10.13.29.1.2.6.50,Integer,0,
.1.3.6.1.4.1.12148.10.13.29.1.2.6.51,Integer,0,
.1.3.6.1.4.1.12148.10.13.29.1.2.6.52,Integer,0,
.1.3.6.1.4.1.12148.10.13.29.1.2.7.1,Integer,0,
.1.3.6.1.4.1.12148.10.13.29.1.2.7.2,Integer,0,
.1.3.6.1.4.1.12148.10.13.29.1.2.7.3,Integer,0,
.1.3.6.1.4.1.12148.10.13.29.1.2.7.4,Integer,0,
.1.3.6.1.4.1.12148.10.13.29.1.2.7.5,Integer,0,
.1.3.6.1.4.1.12148.10.13.29.1.2.7.6,Integer,0,
.1.3.6.1.4.1.12148.10.13.29.1.2.7.7,Integer,0,
.1.3.6.1.4.1.12148.10.13.29.1.2.7.8,Integer,0,
.1.3.6.1.4.1.12148.10.13.29.1.2.7.9,Integer,0,
.1.3.6.1.4.1.12148.10.13.29.1.2.7.10,Integer,0,
.1.3.6.1.4.1.12148.10.13.29.1.2.7.11,Integer,0,
.1.3.6.1.4.1.12148.10.13.29.1.2.7.12,Integer,0,
.1.3.6.1.4.1.12148.10.13.29.1.2.7.13,Integer,0,
.1.3.6.1.4.1.12148.10.13.29.1.2.7.14,Integer,0,
.1.3.6.1.4.1.12148.10.13.29.1.2.7.15,Integer,0,
.1.3.6.1.4.1.12148.10.13.29.1.2.7.16,Integer,0,
.1.3.6.1.4.1.12148.10.13.29.1.2.7.17,Integer,0,
.1.3.6.1.4.1.12148.10.13.29.1.2.7.18,Integer,0,
.1.3.6.1.4.1.12148.10.13.29.1.2.7.19,Integer,0,
.1.3.6.1.4.1.12148.10.13.29.1.2.7.20,Integer,0,
.1.3.6.1.4.1.12148.10.13.29.1.2.7.21,Integer,0,
.1.3.6.1.4.1.12148.10.13.29.1.2.7.22,Integer,0,
.1.3.6.1.4.1.12148.10.13.29.1.2.7.23,Integer,0,
.1.3.6.1.4.1.12148.10.13.29.1.2.7.24,Integer,0,
.1.3.6.1.4.1.12148.10.13.29.1.2.7.25,Integer,0,
.1.3.6.1.4.1.12148.10.13.29.1.2.7.26,Integer,0,
.1.3.6.1.4.1.12148.10.13.29.1.2.7.27,Integer,0,
.1.3.6.1.4.1.12148.10.13.29.1.2.7.28,Integer,0,
.1.3.6.1.4.1.12148.10.13.29.1.2.7.29,Integer,0,
.1.3.6.1.4.1.12148.10.13.29.1.2.7.30,Integer,0,
.1.3.6.1.4.1.12148.10.13.29.1.2.7.31,Integer,0,
.1.3.6.1.4.1.12148.10.13.29.1.2.7.32,Integer,0,
.1.3.6.1.4.1.12148.10.13.29.1.2.7.33,Integer,0,
.1.3.6.1.4.1.12148.10.13.29.1.2.7.34,Integer,0,
.1.3.6.1.4.1.12148.10.13.29.1.2.7.35,Integer,0,
.1.3.6.1.4.1.12148.10.13.29.1.2.7.36,Integer,0,
.1.3.6.1.4.1.12148.10.13.29.1.2.7.37,Integer,0,
.1.3.6.1.4.1.12148.10.13.29.1.2.7.38,Integer,0,
.1.3.6.1.4.1.12148.10.13.29.1.2.7.39,Integer,0,
.1.3.6.1.4.1.12148.10.13.29.1.2.7.40,Integer,0,
.1.3.6.1.4.1.12148.10.13.29.1.2.7.41,Integer,0,
.1.3.6.1.4.1.12148.10.13.29.1.2.7.42,Integer,0,
.1.3.6.1.4.1.12148.10.13.29.1.2.7.43,Integer,0,
.1.3.6.1.4.1.12148.10.13.29.1.2.7.44,Integer,0,
.1.3.6.1.4.1.12148.10.13.29.1.2.7.45,Integer,0,
.1.3.6.1.4.1.12148.10.13.29.1.2.7.46,Integer,0,
.1.3.6.1.4.1.12148.10.13.29.1.2.7.47,Integer,0,
.1.3.6.1.4.1.12148.10.13.29.1.2.7.48,Integer,0,
.1.3.6.1.4.1.12148.10.13.29.1.2.7.49,Integer,0,
.1.3.6.1.4.1.12148.10.13.29.1.2.7.50,Integer,0,
.1.3.6.1.4.1.12148.10.13.29.1.2.7.51,Integer,0,
.1.3.6.1.4.1.12148.10.13.29.1.2.7.52,Integer,0,
.1.3.6.1.4.1.12148.10.13.29.1.2.8.1,Integer,0,
.1.3.6.1.4.1.12148.10.13.29.1.2.8.2,Integer,0,
.1.3.6.1.4.1.12148.10.13.29.1.2.8.3,Integer,0,
.1.3.6.1.4.1.12148.10.13.29.1.2.8.4,Integer,0,
.1.3.6.1.4.1.12148.10.13.29.1.2.8.5,Integer,0,
.1.3.6.1.4.1.12148.10.13.29.1.2.8.6,Integer,0,
.1.3.6.1.4.1.12148.10.13.29.1.2.8.7,Integer,0,
.1.3.6.1.4.1.12148.10.13.29.1.2.8.8,Integer,0,
.1.3.6.1.4.1.12148.10.13.29.1.2.8.9,Integer,0,
.1.3.6.1.4.1.12148.10.13.29.1.2.8.10,Integer,0,
.1.3.6.1.4.1.12148.10.13.29.1.2.8.11,Integer,0,
.1.3.6.1.4.1.12148.10.13.29.1.2.8.12,Integer,0,
.1.3.6.1.4.1.12148.10.13.29.1.2.8.13,Integer,0,
.1.3.6.1.4.1.12148.10.13.29.1.2.8.14,Integer,0,
.1.3.6.1.4.1.12148.10.13.29.1.2.8.15,Integer,0,
.1.3.6.1.4.1.12148.10.13.29.1.2.8.16,Integer,0,
.1.3.6.1.4.1.12148.10.13.29.1.2.8.17,Integer,0,
.1.3.6.1.4.1.12148.10.13.29.1.2.8.18,Integer,0,
.1.3.6.1.4.1.12148.10.13.29.1.2.8.19,Integer,0,
.1.3.6.1.4.1.12148.10.13.29.1.2.8.20,Integer,0,
.1.3.6.1.4.1.12148.10.13.29.1.2.8.21,Integer,0,
.1.3.6.1.4.1.12148.10.13.29.1.2.8.22,Integer,0,
.1.3.6.1.4.1.12148.10.13.29.1.2.8.23,Integer,0,
.1.3.6.1.4.1.12148.10.13.29.1.2.8.24,Integer,0,
.1.3.6.1.4.1.12148.10.13.29.1.2.8.25,Integer,0,
.1.3.6.1.4.1.12148.10.13.29.1.2.8.26,Integer,0,
.1.3.6.1.4.1.12148.10.13.29.1.2.8.27,Integer,0,
.1.3.6.1.4.1.12148.10.13.29.1.2.8.28,Integer,0,
.1.3.6.1.4.1.12148.10.13.29.1.2.8.29,Integer,0,
.1.3.6.1.4.1.12148.10.13.29.1.2.8.30,Integer,0,
.1.3.6.1.4.1.12148.10.13.29.1.2.8.31,Integer,0,
.1.3.6.1.4.1.12148.10.13.29.1.2.8.32,Integer,0,
.1.3.6.1.4.1.12148.10.13.29.1.2.8.33,Integer,0,
.1.3.6.1.4.1.12148.10.13.29.1.2.8.34,Integer,0,
.1.3.6.1.4.1.12148.10.13.29.1.2.8.35,Integer,0,
.1.3.6.1.4.1.12148.10.13.29.1.2.8.36,Integer,0,
.1.3.6.1.4.1.12148.10.13.29.1.2.8.37,Integer,0,
.1.3.6.1.4.1.12148.10.13.29.1.2.8.38,Integer,0,
.1.3.6.1.4.1.12148.10.13.29.1.2.8.39,Integer,0,
.1.3.6.1.4.1.12148.10.13.29.1.2.8.40,Integer,0,
.1.3.6.1.4.1.12148.10.13.29.1.2.8.41,Integer,0,
.1.3.6.1.4.1.12148.10.13.29.1.2.8.42,Integer,0,
.1.3.6.1.4.1.12148.10.13.29.1.2.8.43,Integer,0,
.1.3.6.1.4.1.12148.10.13.29.1.2.8.44,Integer,0,
.1.3.6.1.4.1.12148.10.13.29.1.2.8.45,Integer,0,
.1.3.6.1.4.1.12148.10.13.29.1.2.8.46,Integer,0,
.1.3.6.1.4.1.12148.10.13.29.1.2.8.47,Integer,0,
.1.3.6.1.4.1.12148.10.13.29.1.2.8.48,Integer,0,
.1.3.6.1.4.1.12148.10.13.29.1.2.8.49,Integer,0,
.1.3.6.1.4.1.12148.10.13.29.1.2.8.50,Integer,0,
.1.3.6.1.4.1.12148.10.13.29.1.2.8.51,Integer,0,
.1.3.6.1.4.1.12148.10.13.29.1.2.8.52,Integer,0,
.1.3.6.1.4.1.12148.10.13.29.1.2.9.1,Integer,0,
.1.3.6.1.4.1.12148.10.13.29.1.2.9.2,Integer,0,
.1.3.6.1.4.1.12148.10.13.29.1.2.9.3,Integer,0,
.1.3.6.1.4.1.12148.10.13.29.1.2.9.4,Integer,0,
.1.3.6.1.4.1.12148.10.13.29.1.2.9.5,Integer,0,
.1.3.6.1.4.1.12148.10.13.29.1.2.9.6,Integer,0,
.1.3.6.1.4.1.12148.10.13.29.1.2.9.7,Integer,0,
.1.3.6.1.4.1.12148.10.13.29.1.2.9.8,Integer,0,
.1.3.6.1.4.1.12148.10.13.29.1.2.9.9,Integer,0,
.1.3.6.1.4.1.12148.10.13.29.1.2.9.10,Integer,0,
.1.3.6.1.4.1.12148.10.13.29.1.2.9.11,Integer,0,
.1.3.6.1.4.1.12148.10.13.29.1.2.9.12,Integer,0,
.1.3.6.1.4.1.12148.10.13.29.1.2.9.13,Integer,0,
.1.3.6.1.4.1.12148.10.13.29.1.2.9.14,Integer,0,
.1.3.6.1.4.1.12148.10.13.29.1.2.9.15,Integer,0,
.1.3.6.1.4.1.12148.10.13.29.1.2.9.16,Integer,0,
.1.3.6.1.4.1.12148.10.13.29.1.2.9.17,Integer,0,
.1.3.6.1.4.1.12148.10.13.29.1.2.9.18,Integer,0,
.1.3.6.1.4.1.12148.10.13.29.1.2.9.19,Integer,0,
.1.3.6.1.4.1.12148.10.13.29.1.2.9.20,Integer,0,
.1.3.6.1.4.1.12148.10.13.29.1.2.9.21,Integer,0,
.1.3.6.1.4.1.12148.10.13.29.1.2.9.22,Integer,0,
.1.3.6.1.4.1.12148.10.13.29.1.2.9.23,Integer,0,
.1.3.6.1.4.1.12148.10.13.29.1.2.9.24,Integer,0,
.1.3.6.1.4.1.12148.10.13.29.1.2.9.25,Integer,0,
.1.3.6.1.4.1.12148.10.13.29.1.2.9.26,Integer,0,
.1.3.6.1.4.1.12148.10.13.29.1.2.9.27,Integer,0,
.1.3.6.1.4.1.12148.10.13.29.1.2.9.28,Integer,0,
.1.3.6.1.4.1.12148.10.13.29.1.2.9.29,Integer,0,
.1.3.6.1.4.1.12148.10.13.29.1.2.9.30,Integer,0,
.1.3.6.1.4.1.12148.10.13.29.1.2.9.31,Integer,0,
.1.3.6.1.4.1.12148.10.13.29.1.2.9.32,Integer,0,
.1.3.6.1.4.1.12148.10.13.29.1.2.9.33,Integer,0,
.1.3.6.1.4.1.12148.10.13.29.1.2.9.34,Integer,0,
.1.3.6.1.4.1.12148.10.13.29.1.2.9.35,Integer,0,
.1.3.6.1.4.1.12148.10.13.29.1.2.9.36,Integer,0,
.1.3.6.1.4.1.12148.10.13.29.1.2.9.37,Integer,0,
.1.3.6.1.4.1.12148.10.13.29.1.2.9.38,Integer,0,
.1.3.6.1.4.1.12148.10.13.29.1.2.9.39,Integer,0,
.1.3.6.1.4.1.12148.10.13.29.1.2.9.40,Integer,0,
.1.3.6.1.4.1.12148.10.13.29.1.2.9.41,Integer,0,
.1.3.6.1.4.1.12148.10.13.29.1.2.9.42,Integer,0,
.1.3.6.1.4.1.12148.10.13.29.1.2.9.43,Integer,0,
.1.3.6.1.4.1.12148.10.13.29.1.2.9.44,Integer,0,
.1.3.6.1.4.1.12148.10.13.29.1.2.9.45,Integer,0,
.1.3.6.1.4.1.12148.10.13.29.1.2.9.46,Integer,0,
.1.3.6.1.4.1.12148.10.13.29.1.2.9.47,Integer,0,
.1.3.6.1.4.1.12148.10.13.29.1.2.9.48,Integer,0,
.1.3.6.1.4.1.12148.10.13.29.1.2.9.49,Integer,0,
.1.3.6.1.4.1.12148.10.13.29.1.2.9.50,Integer,0,
.1.3.6.1.4.1.12148.10.13.29.1.2.9.51,Integer,0,
.1.3.6.1.4.1.12148.10.13.29.1.2.9.52,Integer,0,
.1.3.6.1.4.1.12148.10.13.29.1.2.10.1,Integer,0,
.1.3.6.1.4.1.12148.10.13.29.1.2.10.2,Integer,0,
.1.3.6.1.4.1.12148.10.13.29.1.2.10.3,Integer,0,
.1.3.6.1.4.1.12148.10.13.29.1.2.10.4,Integer,0,
.1.3.6.1.4.1.12148.10.13.29.1.2.10.5,Integer,0,
.1.3.6.1.4.1.12148.10.13.29.1.2.10.6,Integer,0,
.1.3.6.1.4.1.12148.10.13.29.1.2.10.7,Integer,0,
.1.3.6.1.4.1.12148.10.13.29.1.2.10.8,Integer,0,
.1.3.6.1.4.1.12148.10.13.29.1.2.10.9,Integer,0,
.1.3.6.1.4.1.12148.10.13.29.1.2.10.10,Integer,0,
.1.3.6.1.4.1.12148.10.13.29.1.2.10.11,Integer,0,
.1.3.6.1.4.1.12148.10.13.29.1.2.10.12,Integer,0,
.1.3.6.1.4.1.12148.10.13.29.1.2.10.13,Integer,0,
.1.3.6.1.4.1.12148.10.13.29.1.2.10.14,Integer,0,
.1.3.6.1.4.1.12148.10.13.29.1.2.10.15,Integer,0,
.1.3.6.1.4.1.12148.10.13.29.1.2.10.16,Integer,0,
.1.3.6.1.4.1.12148.10.13.29.1.2.10.17,Integer,0,
.1.3.6.1.4.1.12148.10.13.29.1.2.10.18,Integer,0,
.1.3.6.1.4.1.12148.10.13.29.1.2.10.19,Integer,0,
.1.3.6.1.4.1.12148.10.13.29.1.2.10.20,Integer,0,
.1.3.6.1.4.1.12148.10.13.29.1.2.10.21,Integer,0,
.1.