oid,type,value
.1.3.6.1.4.1.12148.10.2.1.0,Integer,1
.1.3.6.1.4.1.12148.10.2.2.0,Integer,4
.1.3.6.1.4.1.12148.10.2.3.0,Integer,3
.1.3.6.1.4.1.12148.10.2.4.0,OctetString,"""ANTOSC"""
.1.3.6.1.4.1.12148.10.2.5.0,OctetString,"""VLA_ZANGO5(LDVIA011)"""
.1.3.6.1.4.1.12148.10.2.6.0,OctetString,"""FP2 48V 24KW 400V+N SPD BD LD1&2"""
.1.3.6.1.4.1.12148.10.2.7.0,OctetString,"""222309001057"""
.1.3.6.1.4.1.12148.10.2.8.0,OctetString,"""\a\xe8\v\a\x00\x00\x00\x00"""
.1.3.6.1.4.1.12148.10.2.9.0,Integer,48
.1.3.6.1.4.1.12148.10.2.10.0,Integer,0
.1.3.6.1.4.1.12148.10.2.11.0,Integer,0
.1.3.6.1.4.1.12148.10.2.12.0,Integer,0
.1.3.6.1.4.1.12148.10.2.13.0,Integer,0
.1.3.6.1.4.1.12148.10.2.14.0,Integer,0
.1.3.6.1.4.1.12148.10.2.15.0,Integer,0
.1.3.6.1.4.1.12148.10.2.16.0,Integer,0
.1.3.6.1.4.1.12148.10.2.17.0,Integer,0
.1.3.6.1.4.1.12148.10.2.18.0,Integer,1
.1.3.6.1.4.1.12148.10.3.1.0,Integer,1
.1.3.6.1.4.1.12148.10.3.2.1.0,Integer,1
.1.3.6.1.4.1.12148.10.3.2.2.0,OctetString,"""MainsLow        """
.1.3.6.1.4.1.12148.10.3.2.4.0,Integer,1
.1.3.6.1.4.1.12148.10.3.2.5.0,Integer,0
.1.3.6.1.4.1.12148.10.3.2.6.0,Integer,1
.1.3.6.1.4.1.12148.10.3.2.7.0,Integer,1
.1.3.6.1.4.1.12148.10.3.3.0,Integer,1
.1.3.6.1.4.1.12148.10.3.4.1.2.1,Integer,1
.1.3.6.1.4.1.12148.10.3.4.1.3.1,OctetString,"""MainsVolt 1    """
.1.3.6.1.4.1.12148.10.3.4.1.5.1,Integer,1
.1.3.6.1.4.1.12148.10.3.4.1.6.1,Integer,237
.1.3.6.1.4.1.12148.10.3.4.1.7.1,Integer,280
.1.3.6.1.4.1.12148.10.3.4.1.8.1,Integer,260
.1.3.6.1.4.1.12148.10.3.4.1.9.1,Integer,100
.1.3.6.1.4.1.12148.10.3.4.1.10.1,Integer,80
.1.3.6.1.4.1.12148.10.3.5.1.0,Integer,0
.1.3.6.1.4.1.12148.10.3.5.7.0,Integer,52
.1.3.6.1.4.1.12148.10.3.5.9.0,Integer,52
.1.3.6.1.4.1.12148.10.3.5.11.0,Integer,52
.1.3.6.1.4.1.12148.10.3.6.1.0,Integer,47
.1.3.6.1.4.1.12148.10.3.6.2.0,Integer,52
.1.3.6.1.4.1.12148.10.3.6.3.1.2.1,Integer,0
.1.3.6.1.4.1.12148.10.3.6.3.1.2.2,Integer,0
.1.3.6.1.4.1.12148.10.3.6.3.1.2.3,Integer,0
.1.3.6.1.4.1.12148.10.3.6.3.1.2.4,Integer,0
.1.3.6.1.4.1.12148.10.3.6.3.1.2.5,Integer,0
.1.3.6.1.4.1.12148.10.3.6.3.1.2.6,Integer,0
.1.3.6.1.4.1.12148.10.3.6.3.1.2.7,Integer,0
.1.3.6.1.4.1.12148.10.3.6.3.1.2.8,Integer,35
.1.3.6.1.4.1.12148.10.3.6.3.1.2.9,Integer,0
.1.3.6.1.4.1.12148.10.3.6.3.1.2.10,Integer,0
.1.3.6.1.4.1.12148.10.3.6.3.1.2.11,Integer,0
.1.3.6.1.4.1.12148.10.3.6.3.1.2.12,Integer,0
.1.3.6.1.4.1.12148.10.3.6.3.1.2.13,Integer,0
.1.3.6.1.4.1.12148.10.3.6.3.1.2.14,Integer,134
.1.3.6.1.4.1.12148.10.3.6.3.1.2.15,Integer,0
.1.3.6.1.4.1.12148.10.3.6.3.1.2.16,Integer,0
.1.3.6.1.4.1.12148.10.3.6.3.1.2.17,Integer,0
.1.3.6.1.4.1.12148.10.3.6.3.1.2.18,Integer,0
.1.3.6.1.4.1.12148.10.3.6.3.1.2.19,Integer,0
.1.3.6.1.4.1.12148.10.3.6.3.1.2.20,Integer,0
.1.3.6.1.4.1.12148.10.3.6.3.1.2.21,Integer,0
.1.3.6.1.4.1.12148.10.3.6.3.1.2.22,Integer,0
.1.3.6.1.4.1.12148.10.3.6.3.1.2.23,Integer,0
.1.3.6.1.4.1.12148.10.3.6.3.1.2.24,Integer,0
.1.3.6.1.4.1.12148.10.3.6.3.1.2.25,Integer,0
.1.3.6.1.4.1.12148.10.3.6.3.1.2.26,Integer,0
.1.3.6.1.4.1.12148.10.3.6.3.1.2.27,Integer,0
.1.3.6.1.4.1.12148.10.3.6.3.1.2.28,Integer,0
.1.3.6.1.4.1.12148.10.3.6.3.1.2.29,Integer,0
.1.3.6.1.4.1.12148.10.3.6.3.1.2.30,Integer,0
.1.3.6.1.4.1.12148.10.3.6.3.1.2.31,Integer,0
.1.3.6.1.4.1.12148.10.3.6.3.1.2.32,Integer,0
.1.3.6.1.4.1.12148.10.3.6.3.1.2.33,Integer,0
.1.3.6.1.4.1.12148.10.3.6.3.1.2.34,Integer,0
.1.3.6.1.4.1.12148.10.3.6.3.1.2.35,Integer,0
.1.3.6.1.4.1.12148.10.3.6.3.1.2.36,Integer,0
.1.3.6.1.4.1.12148.10.3.6.3.1.2.37,Integer,30
.1.3.6.1.4.1.12148.10.3.6.3.1.2.38,Integer,143
.1.3.6.1.4.1.12148.10.3.6.3.1.2.39,Integer,0
.1.3.6.1.4.1.12148.10.3.6.3.1.2.40,Integer,0
.1.3.6.1.4.1.12148.10.3.6.3.1.2.41,Integer,0
.1.3.6.1.4.1.12148.10.3.6.3.1.2.42,Integer,0
.1.3.6.1.4.1.12148.10.3.6.3.1.2.43,Integer,0
.1.3.6.1.4.1.12148.10.3.6.3.1.2.44,Integer,0
.1.3.6.1.4.1.12148.10.3.6.3.1.2.45,Integer,0
.1.3.6.1.4.1.12148.10.3.6.3.1.2.46,Integer,0
.1.3.6.1.4.1.12148.10.3.6.3.1.2.47,Integer,0
.1.3.6.1.4.1.12148.10.3.6.3.1.2.48,Integer,0
.1.3.6.1.4.1.12148.10.3.6.3.1.2.49,Integer,0
.1.3.6.1.4.1.12148.10.3.6.3.1.2.50,Integer,0
.1.3.6.1.4.1.12148.10.3.6.3.1.2.51,Integer,0
.1.3.6.1.4.1.12148.10.3.6.3.1.2.52,Integer,0
.1.3.6.1.4.1.12148.10.3.6.4.0,Integer,52
.1.3.6.1.4.1.12148.10.3.6.5.1.2.1,Integer,0
.1.3.6.1.4.1.12148.10.3.6.5.1.2.2,Integer,2
.1.3.6.1.4.1.12148.10.3.6.5.1.2.3,Integer,0
.1.3.6.1.4.1.12148.10.3.6.5.1.2.4,Integer,0
.1.3.6.1.4.1.12148.10.3.6.5.1.2.5,Integer,2
.1.3.6.1.4.1.12148.10.3.6.5.1.2.6,Integer,0
.1.3.6.1.4.1.12148.10.3.6.5.1.2.7,Integer,0
.1.3.6.1.4.1.12148.10.3.6.5.1.2.8,Integer,0
.1.3.6.1.4.1.12148.10.3.6.5.1.2.9,Integer,0
.1.3.6.1.4.1.12148.10.3.6.5.1.2.10,Integer,0
.1.3.6.1.4.1.12148.10.3.6.5.1.2.11,Integer,0
.1.3.6.1.4.1.12148.10.3.6.5.1.2.12,Integer,2
.1.3.6.1.4.1.12148.10.3.6.5.1.2.13,Integer,5
.1.3.6.1.4.1.12148.10.3.6.5.1.2.14,Integer,3
.1.3.6.1.4.1.12148.10.3.6.5.1.2.15,Integer,2
.1.3.6.1.4.1.12148.10.3.6.5.1.2.16,Integer,0
.1.3.6.1.4.1.12148.10.3.6.5.1.2.17,Integer,0
.1.3.6.1.4.1.12148.10.3.6.5.1.2.18,Integer,0
.1.3.6.1.4.1.12148.10.3.6.5.1.2.19,Integer,0
.1.3.6.1.4.1.12148.10.3.6.5.1.2.20,Integer,0
.1.3.6.1.4.1.12148.10.3.6.5.1.2.21,Integer,0
.1.3.6.1.4.1.12148.10.3.6.5.1.2.22,Integer,0
.1.3.6.1.4.1.12148.10.3.6.5.1.2.23,Integer,0
.1.3.6.1.4.1.12148.10.3.6.5.1.2.24,Integer,0
.1.3.6.1.4.1.12148.10.3.6.5.1.2.25,Integer,0
.1.3.6.1.4.1.12148.10.3.6.5.1.2.26,Integer,0
.1.3.6.1.4.1.12148.10.3.6.5.1.2.27,Integer,0
.1.3.6.1.4.1.12148.10.3.6.5.1.2.28,Integer,0
.1.3.6.1.4.1.12148.10.3.6.5.1.2.29,Integer,0
.1.3.6.1.4.1.12148.10.3.6.5.1.2.30,Integer,0
.1.3.6.1.4.1.12148.10.3.6.5.1.2.31,Integer,0
.1.3.6.1.4.1.12148.10.3.6.5.1.2.32,Integer,0
.1.3.6.1.4.1.12148.10.3.6.5.1.2.33,Integer,0
.1.3.6.1.4.1.12148.10.3.6.5.1.2.34,Integer,0
.1.3.6.1.4.1.12148.10.3.6.5.1.2.35,Integer,0
.1.3.6.1.4.1.12148.10.3.6.5.1.2.36,Integer,0
.1.3.6.1.4.1.12148.10.3.6.5.1.2.37,Integer,0
.1.3.6.1.4.1.12148.10.3.6.5.1.2.38,Integer,0
.1.3.6.1.4.1.12148.10.3.6.5.1.2.39,Integer,2
.1.3.6.1.4.1.12148.10.3.6.5.1.2.40,Integer,0
.1.3.6.1.4.1.12148.10.3.6.5.1.2.41,Integer,0
.1.3.6.1.4.1.12148.10.3.6.5.1.2.42,Integer,0
.1.3.6.1.4.1.12148.10.3.6.5.1.2.43,Integer,0
.1.3.6.1.4.1.12148.10.3.6.5.1.2.44,Integer,2
.1.3.6.1.4.1.12148.10.3.6.5.1.2.45,Integer,0
.1.3.6.1.4.1.12148.10.3.6.5.1.2.46,Integer,2
.1.3.6.1.4.1.12148.10.3.6.5.1.2.47,Integer,0
.1.3.6.1.4.1.12148.10.3.6.5.1.2.48,Integer,0
.1.3.6.1.4.1.12148.10.3.6.5.1.2.49,Integer,0
.1.3.6.1.4.1.12148.10.3.6.5.1.2.50,Integer,0
.1.3.6.1.4.1.12148.10.3.6.5.1.2.51,Integer,0
.1.3.6.1.4.1.12148.10.3.6.5.1.2.52,Integer,0
.1.3.6.1.4.1.12148.10.3.6.6.0,Integer,52
.1.3.6.1.4.1.12148.10.3.6.7.1.2.1,Integer,2
.1.3.6.1.4.1.12148.10.3.6.7.1.2.2,Integer,0
.1.3.6.1.4.1.12148.10.3.6.7.1.2.3,Integer,13
.1.3.6.1.4.1.12148.10.3.6.7.1.2.4,Integer,0
.1.3.6.1.4.1.12148.10.3.6.7.1.2.5,Integer,0
.1.3.6.1.4.1.12148.10.3.6.7.1.2.6,Integer,0
.1.3.6.1.4.1.12148.10.3.6.7.1.2.7,Integer,0
.1.3.6.1.4.1.12148.10.3.6.7.1.2.8,Integer,0
.1.3.6.1.4.1.12148.10.3.6.7.1.2.9,Integer,2
.1.3.6.1.4.1.12148.10.3.6.7.1.2.10,Integer,2
.1.3.6.1.4.1.12148.10.3.6.7.1.2.11,Integer,2
.1.3.6.1.4.1.12148.10.3.6.7.1.2.12,Integer,0
.1.3.6.1.4.1.12148.10.3.6.7.1.2.13,Integer,0
.1.3.6.1.4.1.12148.10.3.6.7.1.2.14,Integer,4
.1.3.6.1.4.1.12148.10.3.6.7.1.2.15,Integer,2
.1.3.6.1.4.1.12148.10.3.6.7.1.2.16,Integer,0
.1.3.6.1.4.1.12148.10.3.6.7.1.2.17,Integer,5
.1.3.6.1.4.1.12148.10.3.6.7.1.2.18,Integer,6
.1.3.6.1.4.1.12148.10.3.6.7.1.2.19,Integer,0
.1.3.6.1.4.1.12148.10.3.6.7.1.2.20,Integer,0
.1.3.6.1.4.1.12148.10.3.6.7.1.2.21,Integer,0
.1.3.6.1.4.1.12148.10.3.6.7.1.2.22,Integer,0
.1.3.6.1.4.1.12148.10.3.6.7.1.2.23,Integer,0
.1.3.6.1.4.1.12148.10.3.6.7.1.2.24,Integer,0
.1.3.6.1.4.1.12148.10.3.6.7.1.2.25,Integer,0
.1.3.6.1.4.1.12148.10.3.6.7.1.2.26,Integer,0
.1.3.6.1.4.1.12148.10.3.6.7.1.2.27,Integer,0
.1.3.6.1.4.1.12148.10.3.6.7.1.2.28,Integer,0
.1.3.6.1.4.1.12148.10.3.6.7.1.2.29,Integer,0
.1.3.6.1.4.1.12148.10.3.6.7.1.2.30,Integer,0
.1.3.6.1.4.1.12148.10.3.6.7.1.2.31,Integer,0
.1.3.6.1.4.1.12148.10.3.6.7.1.2.32,Integer,0
.1.3.6.1.4.1.12148.10.3.6.7.1.2.33,Integer,0
.1.3.6.1.4.1.12148.10.3.6.7.1.2.34,Integer,0
.1.3.6.1.4.1.12148.10.3.6.7.1.2.35,Integer,0
.1.3.6.1.4.1.12148.10.3.6.7.1.2.36,Integer,0
.1.3.6.1.4.1.12148.10.3.6.7.1.2.37,Integer,0
.1.3.6.1.4.1.12148.10.3.6.7.1.2.38,Integer,0
.1.3.6.1.4.1.12148.10.3.6.7.1.2.39,Integer,0
.1.3.6.1.4.1.12148.10.3.6.7.1.2.40,Integer,0
.1.3.6.1.4.1.12148.10.3.6.7.1.2.41,Integer,0
.1.3.6.1.4.1.12148.10.3.6.7.1.2.42,Integer,0
.1.3.6.1.4.1.12148.10.3.6.7.1.2.43,Integer,0
.1.3.6.1.4.1.12148.10.3.6.7.1.2.44,Integer,0
.1.3.6.1.4.1.12148.10.3.6.7.1.2.45,Integer,0
.1.3.6.1.4.1.12148.10.3.6.7.1.2.46,Integer,0
.1.3.6.1.4.1.12148.10.3.6.7.1.2.47,Integer,0
.1.3.6.1.4.1.12148.10.3.6.7.1.2.48,Integer,0
.1.3.6.1.4.1.12148.10.3.6.7.1.2.49,Integer,0
.1.3.6.1.4.1.12148.10.3.6.7.1.2.50,Integer,0
.1.3.6.1.4.1.12148.10.3.6.7.1.2.51,Integer,0
.1.3.6.1.4.1.12148.10.3.6.7.1.2.52,Integer,2
.1.3.6.1.4.1.12148.10.3.6.8.0,Integer,0
.1.3.6.1.4.1.12148.10.3.7.0,Integer,0
.1.3.6.1.4.1.12148.10.3.15.0,Gauge32,14631
.1.3.6.1.4.1.12148.10.4.1.0,Integer,1
.1.3.6.1.4.1.12148.10.4.2.0,Integer,4
.1.3.6.1.4.1.12148.10.4.3.0,Integer,0
.1.3.6.1.4.1.12148.10.4.4.0,Integer,0
.1.3.6.1.4.1.12148.10.4.5.0,Integer,0
.1.3.6.1.4.1.12148.10.4.6.0,Integer,0
.1.3.6.1.4.1.12148.10.4.7.0,Integer,0
.1.3.6.1.4.1.12148.10.4.8.0,Integer,20
.1.3.6.1.4.1.12148.10.4.9.0,Integer,90
.1.3.6.1.4.1.12148.10.4.10.0,Integer,0
.1.3.6.1.4.1.12148.10.4.11.0,Integer,10
.1.3.6.1.4.1.12148.10.4.12.0,Integer,0
.1.3.6.1.4.1.12148.10.4.13.0,Integer,4800
.1.3.6.1.4.1.12148.10.4.14.0,Integer,12
.1.3.6.1.4.1.12148.10.4.15.0,Integer,0
.1.3.6.1.4.1.12148.10.4.16.1.2.1,Integer,9
.1.3.6.1.4.1.12148.10.4.16.1.2.2,Integer,9
.1.3.6.1.4.1.12148.10.4.16.1.2.3,Integer,9
.1.3.6.1.4.1.12148.10.4.16.1.2.4,Integer,9
.1.3.6.1.4.1.12148.10.4.16.1.2.5,Integer,9
.1.3.6.1.4.1.12148.10.4.16.1.2.6,Integer,9
.1.3.6.1.4.1.12148.10.4.16.1.2.7,Integer,9
.1.3.6.1.4.1.12148.10.4.16.1.3.1,Integer,9
.1.3.6.1.4.1.12148.10.4.16.1.3.2,Integer,9
.1.3.6.1.4.1.12148.10.4.16.1.3.3,Integer,9
.1.3.6.1.4.1.12148.10.4.16.1.3.4,Integer,9
.1.3.6.1.4.1.12148.10.4.16.1.3.5,Integer,9
.1.3.6.1.4.1.12148.10.4.16.1.3.6,Integer,9
.1.3.6.1.4.1.12148.10.4.16.1.3.7,Integer,9
.1.3.6.1.4.1.12148.10.4.17.0,Integer,0
.1.3.6.1.4.1.12148.10.4.18.0,Integer,9
.1.3.6.1.4.1.12148.10.4.19.0,Integer,1
.1.3.6.1.4.1.12148.10.4.20.0,Integer,1
.1.3.6.1.4.1.12148.10.4.21.0,Integer,0
.1.3.6.1.4.1.12148.10.4.23.1.0,Integer,24003
.1.3.6.1.4.1.12148.10.4.23.2.0,Integer,52
.1.3.6.1.4.1.12148.10.4.23.3.1.2.1,Integer,0
.1.3.6.1.4.1.12148.10.4.23.3.1.2.2,Integer,0
.1.3.6.1.4.1.12148.10.4.23.3.1.2.3,Integer,0
.1.3.6.1.4.1.12148.10.4.23.3.1.2.4,Integer,0
.1.3.6.1.4.1.12148.10.4.23.3.1.2.5,Integer,0
.1.3.6.1.4.1.12148.10.4.23.3.1.2.6,Integer,0
.1.3.6.1.4.1.12148.10.4.23.3.1.2.7,Integer,0
.1.3.6.1.4.1.12148.10.4.23.3.1.2.8,Integer,0
.1.3.6.1.4.1.12148.10.4.23.3.1.2.9,Integer,0
.1.3.6.1.4.1.12148.10.4.23.3.1.2.10,Integer,0
.1.3.6.1.4.1.12148.10.4.23.3.1.2.11,Integer,0
.1.3.6.1.4.1.12148.10.4.23.3.1.2.12,Integer,0
.1.3.6.1.4.1.12148.10.4.23.3.1.2.13,Integer,0
.1.3.6.1.4.1.12148.10.4.23.3.1.2.14,Integer,0
.1.3.6.1.4.1.12148.10.4.23.3.1.2.15,Integer,0
.1.3.6.1.4.1.12148.10.4.23.3.1.2.16,Integer,0
.1.3.6.1.4.1.12148.10.4.23.3.1.2.17,Integer,0
.1.3.6.1.4.1.12148.10.4.23.3.1.2.18,Integer,0
.1.3.6.1.4.1.12148.10.4.23.3.1.2.19,Integer,0
.1.3.6.1.4.1.12148.10.4.23.3.1.2.20,Integer,0
.1.3.6.1.4.1.12148.10.4.23.3.1.2.21,Integer,0
.1.3.6.1.4.1.12148.10.4.23.3.1.2.22,Integer,0
.1.3.6.1.4.1.12148.10.4.23.3.1.2.23,Integer,0
.1.3.6.1.4.1.12148.10.4.23.3.1.2.24,Integer,0
.1.3.6.1.4.1.12148.10.4.23.3.1.2.25,Integer,0
.1.3.6.1.4.1.12148.10.4.23.3.1.2.26,Integer,0
.1.3.6.1.4.1.12148.10.4.23.3.1.2.27,Integer,0
.1.3.6.1.4.1.12148.10.4.23.3.1.2.28,Integer,0
.1.3.6.1.4.1.12148.10.4.23.3.1.2.29,Integer,0
.1.3.6.1.4.1.12148.10.4.23.3.1.2.30,Integer,0
.1.3.6.1.4.1.12148.10.4.23.3.1.2.31,Integer,0
.1.3.6.1.4.1.12148.10.4.23.3.1.2.32,Integer,0
.1.3.6.1.4.1.12148.10.4.23.3.1.2.33,Integer,0
.1.3.6.1.4.1.12148.10.4.23.3.1.2.34,Integer,0
.1.3.6.1.4.1.12148.10.4.23.3.1.2.35,Integer,0
.1.3.6.1.4.1.12148.10.4.23.3.1.2.36,Integer,0
.1.3.6.1.4.1.12148.10.4.23.3.1.2.37,Integer,0
.1.3.6.1.4.1.12148.10.4.23.3.1.2.38,Integer,0
.1.3.6.1.4.1.12148.10.4.23.3.1.2.39,Integer,0
.1.3.6.1.4.1.12148.10.4.23.3.1.2.40,Integer,0
.1.3.6.1.4.1.12148.10.4.23.3.1.2.41,Integer,0
.1.3.6.1.4.1.12148.10.4.23.3.1.2.42,Integer,0
.1.3.6.1.4.1.12148.10.4.23.3.1.2.43,Integer,0
.1.3.6.1.4.1.12148.10.4.23.3.1.2.44,Integer,0
.1.3.6.1.4.1.12148.10.4.23.3.1.2.45,Integer,0
.1.3.6.1.4.1.12148.10.4.23.3.1.2.46,Integer,0
.1.3.6.1.4.1.12148.10.4.23.3.1.2.47,Integer,0
.1.3.6.1.4.1.12148.10.4.23.3.1.2.48,Integer,0
.1.3.6.1.4.1.12148.10.4.23.3.1.2.49,Integer,0
.1.3.6.1.4.1.12148.10.4.23.3.1.2.50,Integer,0
.1.3.6.1.4.1.12148.10.4.23.3.1.2.51,Integer,0
.1.3.6.1.4.1.12148.10.4.23.3.1.2.52,Integer,0
.1.3.6.1.4.1.12148.10.4.23.4.0,Integer,52
.1.3.6.1.4.1.12148.10.4.23.5.1.2.1,Integer,0
.1.3.6.1.4.1.12148.10.4.23.5.1.2.2,Integer,0
.1.3.6.1.4.1.12148.10.4.23.5.1.2.3,Integer,0
.1.3.6.1.4.1.12148.10.4.23.5.1.2.4,Integer,0
.1.3.6.1.4.1.12148.10.4.23.5.1.2.5,Integer,0
.1.3.6.1.4.1.12148.10.4.23.5.1.2.6,Integer,0
.1.3.6.1.4.1.12148.10.4.23.5.1.2.7,Integer,0
.1.3.6.1.4.1.12148.10.4.23.5.1.2.8,Integer,0
.1.3.6.1.4.1.12148.10.4.23.5.1.2.9,Integer,0
.1.3.6.1.4.1.12148.10.4.23.5.1.2.10,Integer,0
.1.3.6.1.4.1.12148.10.4.23.5.1.2.11,Integer,0
.1.3.6.1.4.1.12148.10.4.23.5.1.2.12,Integer,0
.1.3.6.1.4.1.12148.10.4.23.5.1.2.13,Integer,0
.1.3.6.1.4.1.12148.10.4.23.5.1.2.14,Integer,0
.1.3.6.1.4.1.12148.10.4.23.5.1.2.15,Integer,0
.1.3.6.1.4.1.12148.10.4.23.5.1.2.16,Integer,0
.1.3.6.1.4.1.12148.10.4.23.5.1.2.17,Integer,0
.1.3.6.1.4.1.12148.10.4.23.5.1.2.18,Integer,0
.1.3.6.1.4.1.12148.10.4.23.5.1.2.19,Integer,0
.1.3.6.1.4.1.12148.10.4.23.5.1.2.20,Integer,0
.1.3.6.1.4.1.12148.10.4.23.5.1.2.21,Integer,0
.1.3.6.1.4.1.12148.10.4.23.5.1.2.22,Integer,0
.1.3.6.1.4.1.12148.10.4.23.5.1.2.23,Integer,0
.1.3.6.1.4.1.12148.10.4.23.5.1.2.24,Integer,0
.1.3.6.1.4.1.12148.10.4.23.5.1.2.25,Integer,0
.1.3.6.1.4.1.12148.10.4.23.5.1.2.26,Integer,0
.1.3.6.1.4.1.12148.10.4.23.5.1.2.27,Integer,0
.1.3.6.1.4.1.12148.10.4.23.5.1.2.28,Integer,0
.1.3.6.1.4.1.12148.10.4.23.5.1.2.29,Integer,0
.1.3.6.1.4.1.12148.10.4.23.5.1.2.30,Integer,0
.1.3.6.1.4.1.12148.10.4.23.5.1.2.31,Integer,0
.1.3.6.1.4.1.12148.10.4.23.5.1.2.32,Integer,0
.1.3.6.1.4.1.12148.10.4.23.5.1.2.33,Integer,0
.1.3.6.1.4.1.12148.10.4.23.5.1.2.34,Integer,0
.1.3.6.1.4.1.12148.10.4.23.5.1.2.35,Integer,0
.1.3.6.1.4.1.12148.10.4.23.5.1.2.36,Integer,0
.1.3.6.1.4.1.12148.10.4.23.5.1.2.37,Integer,0
.1.3.6.1.4.1.12148.10.4.23.5.1.2.38,Integer,0
.1.3.6.1.4.1.12148.10.4.23.5.1.2.39,Integer,0
.1.3.6.1.4.1.12148.10.4.23.5.1.2.40,Integer,0
.1.3.6.1.4.1.12148.10.4.23.5.1.2.41,Integer,0
.1.3.6.1.4.1.12148.10.4.23.5.1.2.42,Integer,0
.1.3.6.1.4.1.12148.10.4.23.5.1.2.43,Integer,0
.1.3.6.1.4.1.12148.10.4.23.5.1.2.44,Integer,0
.1.3.6.1.4.1.12148.10.4.23.5.1.2.45,Integer,0
.1.3.6.1.4.1.12148.10.4.23.5.1.2.46,Integer,0
.1.3.6.1.4.1.12148.10.4.23.5.1.2.47,Integer,0
.1.3.6.1.4.1.12148.10.4.23.5.1.2.48,Integer,0
.1.3.6.1.4.1.12148.10.4.23.5.1.2.49,Integer,0
.1.3.6.1.4.1.12148.10.4.23.5.1.2.50,Integer,0
.1.3.6.1.4.1.12148.10.4.23.5.1.2.51,Integer,0
.1.3.6.1.4.1.12148.10.4.23.5.1.2.52,Integer,0
.1.3.6.1.4.1.12148.10.4.23.6.0,Integer,52
.1.3.6.1.4.1.12148.10.4.23.7.1.2.1,Integer,0
.1.3.6.1.4.1.12148.10.4.23.7.1.2.2,Integer,0
.1.3.6.1.4.1.12148.10.4.23.7.1.2.3,Integer,0
.1.3.6.1.4.1.12148.10.4.23.7.1.2.4,Integer,0
.1.3.6.1.4.1.12148.10.4.23.7.1.2.5,Integer,0
.1.3.6.1.4.1.12148.10.4.23.7.1.2.6,Integer,0
.1.3.6.1.4.1.12148.10.4.23.7.1.2.7,Integer,0
.1.3.6.1.4.1.12148.10.4.23.7.1.2.8,Integer,0
.1.3.6.1.4.1.12148.10.4.23.7.1.2.9,Integer,0
.1.3.6.1.4.1.12148.10.4.23.7.1.2.10,Integer,0
.1.3.6.1.4.1.12148.10.4.23.7.1.2.11,Integer,0
.1.3.6.1.4.1.12148.10.4.23.7.1.2.12,Integer,0
.1.3.6.1.4.1.12148.10.4.23.7.1.2.13,Integer,0
.1.3.6.1.4.1.12148.10.4.23.7.1.2.14,Integer,0
.1.3.6.1.4.1.12148.10.4.23.7.1.2.15,Integer,0
.1.3.6.1.4.1.12148.10.4.23.7.1.2.16,Integer,0
.1.3.6.1.4.1.12148.10.4.23.7.1.2.17,Integer,0
.1.3.6.1.4.1.12148.10.4.23.7.1.2.18,Integer,0
.1.3.6.1.4.1.12148.10.4.23.7.1.2.19,Integer,0
.1.3.6.1.4.1.12148.10.4.23.7.1.2.20,Integer,0
.1.3.6.1.4.1.12148.10.4.23.7.1.2.21,Integer,0
.1.3.6.1.4.1.12148.10.4.23.7.1.2.22,Integer,0
.1.3.6.1.4.1.12148.10.4.23.7.1.2.23,Integer,0
.1.3.6.1.4.1.12148.10.4.23.7.1.2.24,Integer,0
.1.3.6.1.4.1.12148.10.4.23.7.1.2.25,Integer,0
.1.3.6.1.4.1.12148.10.4.23.7.1.2.26,Integer,0
.1.3.6.1.4.1.12148.10.4.23.7.1.2.27,Integer,0
.1.3.6.1.4.1.12148.10.4.23.7.1.2.28,Integer,0
.1.3.6.1.4.1.12148.10.4.23.7.1.2.29,Integer,0
.1.3.6.1.4.1.12148.10.4.23.7.1.2.30,Integer,0
.1.3.6.1.4.1.12148.10.4.23.7.1.2.31,Integer,0
.1.3.6.1.4.1.12148.10.4.23.7.1.2.32,Integer,0
.1.3.6.1.4.1.12148.10.4.23.7.1.2.33,Integer,0
.1.3.6.1.4.1.12148.10.4.23.7.1.2.34,Integer,0
.1.3.6.1.4.1.12148.10.4.23.7.1.2.35,Integer,0
.1.3.6.1.4.1.12148.10.4.23.7.1.2.36,Integer,0
.1.3.6.1.4.1.12148.10.4.23.7.1.2.37,Integer,0
.1.3.6.1.4.1.12148.10.4.23.7.1.2.38,Integer,0
.1.3.6.1.4.1.12148.10.4.23.7.1.2.39,Integer,0
.1.3.6.1.4.1.12148.10.4.23.7.1.2.40,Integer,0
.1.3.6.1.4.1.12148.10.4.23.7.1.2.41,Integer,0
.1.3.6.1.4.1.12148.10.4.23.7.1.2.42,Integer,0
.1.3.6.1.4.1.12148.10.4.23.7.1.2.43,Integer,0
.1.3.6.1.4.1.12148.10.4.23.7.1.2.44,Integer,0
.1.3.6.1.4.1.12148.10.4.23.7.1.2.45,Integer,0
.1.3.6.1.4.1.12148.10.4.23.7.1.2.46,Integer,0
.1.3.6.1.4.1.12148.10.4.23.7.1.2.47,Integer,0
.1.3.6.1.4.1.12148.10.4.23.7.1.2.48,Integer,0
.1.3.6.1.4.1.12148.10.4.23.7.1.2.49,Integer,0
.1.3.6.1.4.1.12148.10.4.23.7.1.2.50,Integer,0
.1.3.6.1.4.1.12148.10.4.23.7.1.2.51,Integer,0
.1.3.6.1.4.1.12148.10.4.23.7.1.2.52,Integer,0
.1.3.6.1.4.1.12148.10.4.24.1.0,Integer,0
.1.3.6.1.4.1.12148.10.4.24.2.0,Integer,52
.1.3.6.1.4.1.12148.10.4.24.3.1.2.1,Integer,0
.1.3.6.1.4.1.12148.10.4.24.3.1.2.2,Integer,0
.1.3.6.1.4.1.12148.10.4.24.3.1.2.3,Integer,0
.1.3.6.1.4.1.12148.10.4.24.3.1.2.4,Integer,0
.1.3.6.1.4.1.12148.10.4.24.3.1.2.5,Integer,0
.1.3.6.1.4.1.12148.10.4.24.3.1.2.6,Integer,0
.1.3.6.1.4.1.12148.10.4.24.3.1.2.7,Integer,0
.1.3.6.1.4.1.12148.10.4.24.3.1.2.8,Integer,0
.1.3.6.1.4.1.12148.10.4.24.3.1.2.9,Integer,0
.1.3.6.1.4.1.12148.10.4.24.3.1.2.10,Integer,0
.1.3.6.1.4.1.12148.10.4.24.3.1.2.11,Integer,0
.1.3.6.1.4.1.12148.10.4.24.3.1.2.12,Integer,0
.1.3.6.1.4.1.12148.10.4.24.3.1.2.13,Integer,0
.1.3.6.1.4.1.12148.10.4.24.3.1.2.14,Integer,0
.1.3.6.1.4.1.12148.10.4.24.3.1.2.15,Integer,0
.1.3.6.1.4.1.12148.10.4.24.3.1.2.16,Integer,0
.1.3.6.1.4.1.12148.10.4.24.3.1.2.17,Integer,0
.1.3.6.1.4.1.12148.10.4.24.3.1.2.18,Integer,0
.1.3.6.1.4.1.12148.10.4.24.3.1.2.19,Integer,0
.1.3.6.1.4.1.12148.10.4.24.3.1.2.20,Integer,0
.1.3.6.1.4.1.12148.10.4.24.3.1.2.21,Integer,0
.1.3.6.1.4.1.12148.10.4.24.3.1.2.22,Integer,0
.1.3.6.1.4.1.12148.10.4.24.3.1.2.23,Integer,0
.1.3.6.1.4.1.12148.10.4.24.3.1.2.24,Integer,0
.1.3.6.1.4.1.12148.10.4.24.3.1.2.25,Integer,0
.1.3.6.1.4.1.12148.10.4.24.3.1.2.26,Integer,0
.1.3.6.1.4.1.12148.10.4.24.3.1.2.27,Integer,0
.1.3.6.1.4.1.12148.10.4.24.3.1.2.28,Integer,0
.1.3.6.1.4.1.12148.10.4.24.3.1.2.29,Integer,0
.1.3.6.1.4.1.12148.10.4.24.3.1.2.30,Integer,0
.1.3.6.1.4.1.12148.10.4.24.3.1.2.31,Integer,0
.1.3.6.1.4.1.12148.10.4.24.3.1.2.32,Integer,0
.1.3.6.1.4.1.12148.10.4.24.3.1.2.33,Integer,0
.1.3.6.1.4.1.12148.10.4.24.3.1.2.34,Integer,0
.1.3.6.1.4.1.12148.10.4.24.3.1.2.35,Integer,0
.1.3.6.1.4.1.12148.10.4.24.3.1.2.36,Integer,0
.1.3.6.1.4.1.12148.10.4.24.3.1.2.37,Integer,0
.1.3.6.1.4.1.12148.10.4.24.3.1.2.38,Integer,0
.1.3.6.1.4.1.12148.10.4.24.3.1.2.39,Integer,0
.1.3.6.1.4.1.12148.10.4.24.3.1.2.40,Integer,0
.1.3.6.1.4.1.12148.10.4.24.3.1.2.41,Integer,0
.1.3.6.1.4.1.12148.10.4.24.3.1.2.42,Integer,0
.1.3.6.1.4.1.12148.10.4.24.3.1.2.43,Integer,0
.1.3.6.1.4.1.12148.10.4.24.3.1.2.44,Integer,0
.1.3.6.1.4.1.12148.10.4.24.3.1.2.45,Integer,0
.1.3.6.1.4.1.12148.10.4.24.3.1.2.46,Integer,0
.1.3.6.1.4.1.12148.10.4.24.3.1.2.47,Integer,0
.1.3.6.1.4.1.12148.10.4.24.3.1.2.48,Integer,0
.1.3.6.1.4.1.12148.10.4.24.3.1.2.49,Integer,0
.1.3.6.1.4.1.12148.10.4.24.3.1.2.50,Integer,0
.1.3.6.1.4.1.12148.10.4.24.3.1.2.51,Integer,0
.1.3.6.1.4.1.12148.10.4.24.3.1.2.52,Integer,0
.1.3.6.1.4.1.12148.10.4.24.4.0,Integer,52
.1.3.6.1.4.1.12148.10.4.24.5.1.2.1,Integer,0
.1.3.6.1.4.1.12148.10.4.24.5.1.2.2,Integer,0
.1.3.6.1.4.1.12148.10.4.24.5.1.2.3,Integer,0
.1.3.6.1.4.1.12148.10.4.24.5.1.2.4,Integer,0
.1.3.6.1.4.1.12148.10.4.24.5.1.2.5,Integer,0
.1.3.6.1.4.1.12148.10.4.24.5.1.2.6,Integer,0
.1.3.6.1.4.1.12148.10.4.24.5.1.2.7,Integer,0
.1.3.6.1.4.1.12148.10.4.24.5.1.2.8,Integer,0
.1.3.6.1.4.1.12148.10.4.24.5.1.2.9,Integer,0
.1.3.6.1.4.1.12148.10.4.24.5.1.2.10,Integer,0
.1.3.6.1.4.1.12148.10.4.24.5.1.2.11,Integer,0
.1.3.6.1.4.1.12148.10.4.24.5.1.2.12,Integer,0
.1.3.6.1.4.1.12148.10.4.24.5.1.2.13,Integer,0
.1.3.6.1.4.1.12148.10.4.24.5.1.2.14,Integer,0
.1.3.6.1.4.1.12148.10.4.24.5.1.2.15,Integer,0
.1.3.6.1.4.1.12148.10.4.24.5.1.2.16,Integer,0
.1.3.6.1.4.1.12148.10.4.24.5.1.2.17,Integer,0
.1.3.6.1.4.1.12148.10.4.24.5.1.2.18,Integer,0
.1.3.6.1.4.1.12148.10.4.24.5.1.2.19,Integer,0
.1.3.6.1.4.1.12148.10.4.24.5.1.2.20,Integer,0
.1.3.6.1.4.1.12148.10.4.24.5.1.2.21,Integer,0
.1.3.6.1.4.1.12148.10.4.24.5.1.2.22,Integer,0
.1.3.6.1.4.1.12148.10.4.24.5.1.2.23,Integer,0
.1.3.6.1.4.1.12148.10.4.24.5.1.2.24,Integer,0
.1.3.6.1.4.1.12148.10.4.24.5.1.2.25,Integer,0
.1.3.6.1.4.1.12148.10.4.24.5.1.2.26,Integer,0
.1.3.6.1.4.1.12148.10.4.24.5.1.2.27,Integer,0
.1.3.6.1.4.1.12148.10.4.24.5.1.2.28,Integer,0
.1.3.6.1.4.1.12148.10.4.24.5.1.2.29,Integer,0
.1.3.6.1.4.1.12148.10.4.24.5.1.2.30,Integer,0
.1.3.6.1.4.1.12148.10.4.24.5.1.2.31,Integer,0
.1.3.6.1.4.1.12148.10.4.24.5.1.2.32,Integer,0
.1.3.6.1.4.1.12148.10.4.24.5.1.2.33,Integer,0
.1.3.6.1.4.1.12148.10.4.24.5.1.2.34,Integer,0
.1.3.6.1.4.1.12148.10.4.24.5.1.2.35,Integer,0
.1.3.6.1.4.1.12148.10.4.24.5.1.2.36,Integer,0
.1.3.6.1.4.1.12148.10.4.24.5.1.2.37,Integer,0
.1.3.6.1.4.1.12148.10.4.24.5.1.2.38,Integer,0
.1.3.6.1.4.1.12148.10.4.24.5.1.2.39,Integer,0
.1.3.6.1.4.1.12148.10.4.24.5.1.2.40,Integer,0
.1.3.6.1.4.1.12148.10.4.24.5.1.2.41,Integer,0
.1.3.6.1.4.1.12148.10.4.24.5.1.2.42,Integer,0
.1.3.6.1.4.1.12148.10.4.24.5.1.2.43,Integer,0
.1.3.6.1.4.1.12148.10.4.24.5.1.2.44,Integer,0
.1.3.6.1.4.1.12148.10.4.24.5.1.2.45,Integer,0
.1.3.6.1.4.1.12148.10.4.24.5.1.2.46,Integer,0
.1.3.6.1.4.1.12148.10.4.24.5.1.2.47,Integer,0
.1.3.6.1.4.1.12148.10.4.24.5.1.2.48,Integer,0
.1.3.6.1.4.1.12148.10.4.24.5.1.2.49,Integer,0
.1.3.6.1.4.1.12148.10.4.24.5.1.2.50,Integer,0
.1.3.6.1.4.1.12148.10.4.24.5.1.2.51,Integer,0
.1.3.6.1.4.1.12148.10.4.24.5.1.2.52,Integer,0
.1.3.6.1.4.1.12148.10.4.24.6.0,Integer,52
.1.3.6.1.4.1.12148.10.4.24.7.1.2.1,Integer,0
.1.3.6.1.4.1.12148.10.4.24.7.1.2.2,Integer,0
.1.3.6.1.4.1.12148.10.4.24.7.1.2.3,Integer,0
.1.3.6.1.4.1.12148.10.4.24.7.1.2.4,Integer,0
.1.3.6.1.4.1.12148.10.4.24.7.1.2.5,Integer,0
.1.3.6.1.4.1.12148.10.4.24.7.1.2.6,Integer,0
.1.3.6.1.4.1.12148.10.4.24.7.1.2.7,Integer,0
.1.3.6.1.4.1.12148.10.4.24.7.1.2.8,Integer,0
.1.3.6.1.4.1.12148.10.4.24.7.1.2.9,Integer,0
.1.3.6.1.4.1.12148.10.4.24.7.1.2.10,Integer,0
.1.3.6.1.4.1.12148.10.4.24.7.1.2.11,Integer,0
.1.3.6.1.4.1.12148.10.4.24.7.1.2.12,Integer,0
.1.3.6.1.4.1.12148.10.4.24.7.1.2.13,Integer,0
.1.3.6.1.4.1.12148.10.4.24.7.1.2.14,Integer,0
.1.3.6.1.4.1.12148.10.4.24.7.1.2.15,Integer,0
.1.3.6.1.4.1.12148.10.4.24.7.1.2.16,Integer,0
.1.3.6.1.4.1.12148.10.4.24.7.1.2.17,Integer,0
.1.3.6.1.4.1.12148.10.4.24.7.1.2.18,Integer,0
.1.3.6.1.4.1.12148.10.4.24.7.1.2.19,Integer,0
.1.3.6.1.4.1.12148.10.4.24.7.1.2.20,Integer,0
.1.3.6.1.4.1.12148.10.4.24.7.1.2.21,Integer,0
.1.3.6.1.4.1.12148.10.4.24.7.1.2.22,Integer,0
.1.3.6.1.4.1.12148.10.4.24.7.1.2.23,Integer,0
.1.3.6.1.4.1.12148.10.4.24.7.1.2.24,Integer,0
.1.3.6.1.4.1.12148.10.4.24.7.1.2.25,Integer,0
.1.3.6.1.4.1.12148.10.4.24.7.1.2.26,Integer,0
.1.3.6.1.4.1.12148.10.4.24.7.1.2.27,Integer,0
.1.3.6.1.4.1.12148.10.4.24.7.1.2.28,Integer,0
.1.3.6.1.4.1.12148.10.4.24.7.1.2.29,Integer,0
.1.3.6.1.4.1.12148.10.4.24.7.1.2.30,Integer,0
.1.3.6.1.4.1.12148.10.4.24.7.1.2.31,Integer,0
.1.3.6.1.4.1.12148.10.4.24.7.1.2.32,Integer,0
.1.3.6.1.4.1.12148.10.4.24.7.1.2.33,Integer,0
.1.3.6.1.4.1.12148.10.4.24.7.1.2.34,Integer,0
.1.3.6.1.4.1.12148.10.4.24.7.1.2.35,Integer,0
.1.3.6.1.4.1.12148.10.4.24.7.1.2.36,Integer,0
.1.3.6.1.4.1.12148.10.4.24.7.1.2.37,Integer,0
.1.3.6.1.4.1.12148.10.4.24.7.1.2.38,Integer,0
.1.3.6.1.4.1.12148.10.4.24.7.1.2.39,Integer,0
.1.3.6.1.4.1.12148.10.4.24.7.1.2.40,Integer,0
.1.3.6.1.4.1.12148.10.4.24.7.1.2.41,Integer,0
.1.3.6.1.4.1.12148.10.4.24.7.1.2.42,Integer,0
.1.3.6.1.4.1.12148.10.4.24.7.1.2.43,Integer,0
.1.3.6.1.4.1.12148.10.4.24.7.1.2.44,Integer,0
.1.3.6.1.4.1.12148.10.4.24.7.1.2.45,Integer,0
.1.3.6.1.4.1.12148.10.4.24.7.1.2.46,Integer,0
.1.3.6.1.4.1.12148.10.4.24.7.1.2.47,Integer,0
.1.3.6.1.4.1.12148.10.4.24.7.1.2.48,Integer,0
.1.3.6.1.4.1.12148.10.4.24.7.1.2.49,Integer,0
.1.3.6.1.4.1.12148.10.4.24.7.1.2.50,Integer,0
.1.3.6.1.4.1.12148.10.4.24.7.1.2.51,Integer,0
.1.3.6.1.4.1.12148.10.4.24.7.1.2.52,Integer,0
.1.3.6.1.4.1.12148.10.4.25.2.0,Integer,52
.1.3.6.1.4.1.12148.10.4.25.4.0,Integer,52
.1.3.6.1.4.1.12148.10.4.25.6.0,Integer,52
.1.3.6.1.4.1.12148.10.4.26.1.0,Integer,0
.1.3.6.1.4.1.12148.10.4.26.2.0,Integer,0
.1.3.6.1.4.1.12148.10.4.26.3.0,Integer,0
.1.3.6.1.4.1.12148.10.4.26.4.0,Integer,0
.1.3.6.1.4.1.12148.10.4.26.5.0,Integer,0
.1.3.6.1.4.1.12148.10.4.26.6.0,Integer,0
.1.3.6.1.4.1.12148.10.4.26.7.0,Integer,0
.1.3.6.1.4.1.12148.10.4.26.8.0,Integer,0
.1.3.6.1.4.1.12148.10.4.26.9.0,Integer,0
.1.3.6.1.4.1.12148.10.4.26.10.0,Integer,0
.1.3.6.1.4.1.12148.10.4.26.11.0,Integer,0
.1.3.6.1.4.1.12148.10.4.26.12.0,Integer,0
.1.3.6.1.4.1.12148.10.4.26.13.0,Integer,0
.1.3.6.1.4.1.12148.10.4.26.14.0,Integer,0
.1.3.6.1.4.1.12148.10.4.26.15.0,Integer,0
.1.3.6.1.4.1.12148.10.4.26.16.0,Integer,0
.1.3.6.1.4.1.12148.10.4.27.1.0,Integer,4
.1.3.6.1.4.1.12148.10.4.27.2.0,OctetString,"""GeneratorFail   """
.1.3.6.1.4.1.12148.10.4.27.4.0,Integer,0
.1.3.6.1.4.1.12148.10.4.27.5.0,Integer,0
.1.3.6.1.4.1.12148.10.4.28.1.0,Gauge32,5450
.1.3.6.1.4.1.12148.10.4.28.2.0,Gauge32,0
.1.3.6.1.4.1.12148.10.4.28.3.0,Gauge32,0
.1.3.6.1.4.1.12148.10.4.28.4.0,Gauge32,5450
.1.3.6.1.4.1.12148.10.4.28.5.0,Gauge32,0
.1.3.6.1.4.1.12148.10.4.28.6.0,Gauge32,0
.1.3.6.1.4.1.12148.10.4.28.7.0,Integer,0
.1.3.6.1.4.1.12148.10.5.1.0,Integer,1
.1.3.6.1.4.1.12148.10.5.2.1.0,Integer,4
.1.3.6.1.4.1.12148.10.5.2.2.0,OctetString,"""Rect.current    """
.1.3.6.1.4.1.12148.10.5.2.4.0,Integer,0
.1.3.6.1.4.1.12148.10.5.2.5.0,Integer,222
.1.3.6.1.4.1.12148.10.5.2.6.0,Integer,5000
.1.3.6.1.4.1.12148.10.5.2.7.0,Integer,4000
.1.3.6.1.4.1.12148.10.5.3.1.0,Integer,4
.1.3.6.1.4.1.12148.10.5.3.2.0,OctetString,"""Rect.capacity   """
.1.3.6.1.4.1.12148.10.5.3.4.0,Integer,0
.1.3.6.1.4.1.12148.10.5.3.5.0,Integer,46
.1.3.6.1.4.1.12148.10.5.3.6.0,Integer,95
.1.3.6.1.4.1.12148.10.5.3.7.0,Integer,90
.1.3.6.1.4.1.12148.10.5.4.1.0,Integer,1
.1.3.6.1.4.1.12148.10.5.4.2.0,OctetString,"""Rect.error      """
.1.3.6.1.4.1.12148.10.5.4.4.0,Integer,1
.1.3.6.1.4.1.12148.10.5.4.5.0,Integer,0
.1.3.6.1.4.1.12148.10.5.4.6.0,Integer,2
.1.3.6.1.4.1.12148.10.5.4.7.0,Integer,1
.1.3.6.1.4.1.12148.10.5.5.0,Integer,6
.1.3.6.1.4.1.12148.10.5.6.1.2.1,Integer,1
.1.3.6.1.4.1.12148.10.5.6.1.2.2,Integer,1
.1.3.6.1.4.1.12148.10.5.6.1.2.3,Integer,1
.1.3.6.1.4.1.12148.10.5.6.1.2.4,Integer,1
.1.3.6.1.4.1.12148.10.5.6.1.2.5,Integer,1
.1.3.6.1.4.1.12148.10.5.6.1.2.6,Integer,1
.1.3.6.1.4.1.12148.10.5.6.1.3.1,Integer,344
.1.3.6.1.4.1.12148.10.5.6.1.3.2,Integer,362
.1.3.6.1.4.1.12148.10.5.6.1.3.3,Integer,350
.1.3.6.1.4.1.12148.10.5.6.1.3.4,Integer,359
.1.3.6.1.4.1.12148.10.5.6.1.3.5,Integer,359
.1.3.6.1.4.1.12148.10.5.6.1.3.6,Integer,351
.1.3.6.1.4.1.12148.10.5.6.1.4.1,Integer,236
.1.3.6.1.4.1.12148.10.5.6.1.4.2,Integer,236
.1.3.6.1.4.1.12148.10.5.6.1.4.3,Integer,236
.1.3.6.1.4.1.12148.10.5.6.1.4.4,Integer,235
.1.3.6.1.4.1.12148.10.5.6.1.4.5,Integer,236
.1.3.6.1.4.1.12148.10.5.6.1.4.6,Integer,236
.1.3.6.1.4.1.12148.10.5.6.1.5.1,OctetString,"""FLATPACK2 48/3000 HE"""
.1.3.6.1.4.1.12148.10.5.6.1.5.2,OctetString,"""FLATPACK2 48/3000 HE"""
.1.3.6.1.4.1.12148.10.5.6.1.5.3,OctetString,"""FLATPACK2 48/3000 HE"""
.1.3.6.1.4.1.12148.10.5.6.1.5.4,OctetString,"""FLATPACK2 48/3000 HE"""
.1.3.6.1.4.1.12148.10.5.6.1.5.5,OctetString,"""FLATPACK2 48/3000 HE"""
.1.3.6.1.4.1.12148.10.5.6.1.5.6,OctetString,"""FLATPACK2 48/3000 HE"""
.1.3.6.1.4.1.12148.10.5.6.1.6.1,OctetString,"""241119.105"""
.1.3.6.1.4.1.12148.10.5.6.1.6.2,OctetString,"""241119.105"""
.1.3.6.1.4.1.12148.10.5.6.1.6.3,OctetString,"""241119.105"""
.1.3.6.1.4.1.12148.10.5.6.1.6.4,OctetString,"""241119.105"""
.1.3.6.1.4.1.12148.10.5.6.1.6.5,OctetString,"""241119.105"""
.1.3.6.1.4.1.12148.10.5.6.1.6.6,OctetString,"""241119.105"""
.1.3.6.1.4.1.12148.10.5.6.1.7.1,OctetString,"""6"""
.1.3.6.1.4.1.12148.10.5.6.1.7.2,OctetString,"""6"""
.1.3.6.1.4.1.12148.10.5.6.1.7.3,OctetString,"""6"""
.1.3.6.1.4.1.12148.10.5.6.1.7.4,OctetString,"""6"""
.1.3.6.1.4.1.12148.10.5.6.1.7.5,OctetString,"""6"""
.1.3.6.1.4.1.12148.10.5.6.1.7.6,OctetString,"""6"""
.1.3.6.1.4.1.12148.10.5.6.1.8.1,OctetString,"""404317.009"""
.1.3.6.1.4.1.12148.10.5.6.1.8.2,OctetString,"""404317.009"""
.1.3.6.1.4.1.12148.10.5.6.1.8.3,OctetString,"""404317.009"""
.1.3.6.1.4.1.12148.10.5.6.1.8.4,OctetString,"""404317.009"""
.1.3.6.1.4.1.12148.10.5.6.1.8.5,OctetString,"""404317.009"""
.1.3.6.1.4.1.12148.10.5.6.1.8.6,OctetString,"""404317.009"""
.1.3.6.1.4.1.12148.10.5.6.1.9.1,OctetString,"""4.00"""
.1.3.6.1.4.1.12148.10.5.6.1.9.2,OctetString,"""4.00"""
.1.3.6.1.4.1.12148.10.5.6.1.9.3,OctetString,"""4.00"""
.1.3.6.1.4.1.12148.10.5.6.1.9.4,OctetString,"""4.00"""
.1.3.6.1.4.1.12148.10.5.6.1.9.5,OctetString,"""4.00"""
.1.3.6.1.4.1.12148.10.5.6.1.9.6,OctetString,"""4.00"""
.1.3.6.1.4.1.12148.10.5.6.1.10.1,OctetString,"""232150004441"""
.1.3.6.1.4.1.12148.10.5.6.1.10.2,OctetString,"""232150004420"""
.1.3.6.1.4.1.12148.10.5.6.1.10.3,OctetString,"""232150004405"""
.1.3.6.1.4.1.12148.10.5.6.1.10.4,OctetString,"""232150004440"""
.1.3.6.1.4.1.12148.10.5.6.1.10.5,OctetString,"""232150004413"""
.1.3.6.1.4.1.12148.10.5.6.1.10.6,OctetString,"""232150004417"""
.1.3.6.1.4.1.12148.10.5.7.1.0,Integer,143274320
.1.3.6.1.4.1.12148.10.5.7.2.0,Integer,52
.1.3.6.1.4.1.12148.10.5.7.3.1.2.1,Integer,10588
.1.3.6.1.4.1.12148.10.5.7.3.1.2.2,Integer,10544
.1.3.6.1.4.1.12148.10.5.7.3.1.2.3,Integer,10297
.1.3.6.1.4.1.12148.10.5.7.3.1.2.4,Integer,9970
.1.3.6.1.4.1.12148.10.5.7.3.1.2.5,Integer,8960
.1.3.6.1.4.1.12148.10.5.7.3.1.2.6,Integer,8239
.1.3.6.1.4.1.12148.10.5.7.3.1.2.7,Integer,8060
.1.3.6.1.4.1.12148.10.5.7.3.1.2.8,Integer,8073
.1.3.6.1.4.1.12148.10.5.7.3.1.2.9,Integer,8424
.1.3.6.1.4.1.12148.10.5.7.3.1.2.10,Integer,9353
.1.3.6.1.4.1.12148.10.5.7.3.1.2.11,Integer,10322
.1.3.6.1.4.1.12148.10.5.7.3.1.2.12,Integer,11583
.1.3.6.1.4.1.12148.10.5.7.3.1.2.13,Integer,12236
.1.3.6.1.4.1.12148.10.5.7.3.1.2.14,Integer,12048
.1.3.6.1.4.1.12148.10.5.7.3.1.2.15,Integer,11544
.1.3.6.1.4.1.12148.10.5.7.3.1.2.16,Integer,11424
.1.3.6.1.4.1.12148.10.5.7.3.1.2.17,Integer,11019
.1.3.6.1.4.1.12148.10.5.7.3.1.2.18,Integer,10641
.1.3.6.1.4.1.12148.10.5.7.3.1.2.19,Integer,10734
.1.3.6.1.4.1.12148.10.5.7.3.1.2.20,Integer,10816
.1.3.6.1.4.1.12148.10.5.7.3.1.2.21,Integer,10785
.1.3.6.1.4.1.12148.10.5.7.3.1.2.22,Integer,10878
.1.3.6.1.4.1.12148.10.5.7.3.1.2.23,Integer,10720
.1.3.6.1.4.1.12148.10.5.7.3.1.2.24,Integer,10678
.1.3.6.1.4.1.12148.10.5.7.3.1.2.25,Integer,10733
.1.3.6.1.4.1.12148.10.5.7.3.1.2.26,Integer,10575
.1.3.6.1.4.1.12148.10.5.7.3.1.2.27,Integer,10320
.1.3.6.1.4.1.12148.10.5.7.3.1.2.28,Integer,9809
.1.3.6.1.4.1.12148.10.5.7.3.1.2.29,Integer,8823
.1.3.6.1.4.1.12148.10.5.7.3.1.2.30,Integer,8113
.1.3.6.1.4.1.12148.10.5.7.3.1.2.31,Integer,8039
.1.3.6.1.4.1.12148.10.5.7.3.1.2.32,Integer,8177
.1.3.6.1.4.1.12148.10.5.7.3.1.2.33,Integer,8467
.1.3.6.1.4.1.12148.10.5.7.3.1.2.34,Integer,9017
.1.3.6.1.4.1.12148.10.5.7.3.1.2.35,Integer,10152
.1.3.6.1.4.1.12148.10.5.7.3.1.2.36,Integer,11425
.1.3.6.1.4.1.12148.10.5.7.3.1.2.37,Integer,12135
.1.3.6.1.4.1.12148.10.5.7.3.1.2.38,Integer,12178
.1.3.6.1.4.1.12148.10.5.7.3.1.2.39,Integer,11989
.1.3.6.1.4.1.12148.10.5.7.3.1.2.40,Integer,11599
.1.3.6.1.4.1.12148.10.5.7.3.1.2.41,Integer,11187
.1.3.6.1.4.1.12148.10.5.7.3.1.2.42,Integer,10970
.1.3.6.1.4.1.12148.10.5.7.3.1.2.43,Integer,10868
.1.3.6.1.4.1.12148.10.5.7.3.1.2.44,Integer,10923
.1.3.6.1.4.1.12148.10.5.7.3.1.2.45,Integer,10966
.1.3.6.1.4.1.12148.10.5.7.3.1.2.46,Integer,11109
.1.3.6.1.4.1.12148.10.5.7.3.1.2.47,Integer,11042
.1.3.6.1.4.1.12148.10.5.7.3.1.2.48,Integer,10705
.1.3.6.1.4.1.12148.10.5.7.3.1.2.49,Integer,10942
.1.3.6.1.4.1.12148.10.5.7.3.1.2.50,Integer,10514
.1.3.6.1.4.1.12148.10.5.7.3.1.2.51,Integer,10268
.1.3.6.1.4.1.12148.10.5.7.3.1.2.52,Integer,0
.1.3.6.1.4.1.12148.10.5.7.4.0,Integer,52
.1.3.6.1.4.1.12148.10.5.7.5.1.2.1,Integer,247
.1.3.6.1.4.1.12148.10.5.7.5.1.2.2,Integer,249
.1.3.6.1.4.1.12148.10.5.7.5.1.2.3,Integer,248
.1.3.6.1.4.1.12148.10.5.7.5.1.2.4,Integer,253
.1.3.6.1.4.1.12148.10.5.7.5.1.2.5,Integer,251
.1.3.6.1.4.1.12148.10.5.7.5.1.2.6,Integer,250
.1.3.6.1.4.1.12148.10.5.7.5.1.2.7,Integer,253
.1.3.6.1.4.1.12148.10.5.7.5.1.2.8,Integer,258
.1.3.6.1.4.1.12148.10.5.7.5.1.2.9,Integer,248
.1.3.6.1.4.1.12148.10.5.7.5.1.2.10,Integer,247
.1.3.6.1.4.1.12148.10.5.7.5.1.2.11,Integer,248
.1.3.6.1.4.1.12148.10.5.7.5.1.2.12,Integer,241
.1.3.6.1.4.1.12148.10.5.7.5.1.2.13,Integer,250
.1.3.6.1.4.1.12148.10.5.7.5.1.2.14,Integer,224
.1.3.6.1.4.1.12148.10.5.7.5.1.2.15,Integer,244
.1.3.6.1.4.1.12148.10.5.7.5.1.2.16,Integer,245
.1.3.6.1.4.1.12148.10.5.7.5.1.2.17,Integer,248
.1.3.6.1.4.1.12148.10.5.7.5.1.2.18,Integer,249
.1.3.6.1.4.1.12148.10.5.7.5.1.2.19,Integer,243
.1.3.6.1.4.1.12148.10.5.7.5.1.2.20,Integer,246
.1.3.6.1.4.1.12148.10.5.7.5.1.2.21,Integer,245
.1.3.6.1.4.1.12148.10.5.7.5.1.2.22,Integer,247
.1.3.6.1.4.1.12148.10.5.7.5.1.2.23,Integer,244
.1.3.6.1.4.1.12148.10.5.7.5.1.2.24,Integer,246
.1.3.6.1.4.1.12148.10.5.7.5.1.2.25,Integer,247
.1.3.6.1.4.1.12148.10.5.7.5.1.2.26,Integer,245
.1.3.6.1.4.1.12148.10.5.7.5.1.2.27,Integer,247
.1.3.6.1.4.1.12148.10.5.7.5.1.2.28,Integer,244
.1.3.6.1.4.1.12148.10.5.7.5.1.2.29,Integer,245
.1.3.6.1.4.1.12148.10.5.7.5.1.2.30,Integer,246
.1.3.6.1.4.1.12148.10.5.7.5.1.2.31,Integer,253
.1.3.6.1.4.1.12148.10.5.7.5.1.2.32,Integer,251
.1.3.6.1.4.1.12148.10.5.7.5.1.2.33,Integer,245
.1.3.6.1.4.1.12148.10.5.7.5.1.2.34,Integer,246
.1.3.6.1.4.1.12148.10.5.7.5.1.2.35,Integer,249
.1.3.6.1.4.1.12148.10.5.7.5.1.2.36,Integer,250
.1.3.6.1.4.1.12148.10.5.7.5.1.2.37,Integer,255
.1.3.6.1.4.1.12148.10.5.7.5.1.2.38,Integer,246
.1.3.6.1.4.1.12148.10.5.7.5.1.2.39,Integer,254
.1.3.6.1.4.1.12148.10.5.7.5.1.2.40,Integer,249
.1.3.6.1.4.1.12148.10.5.7.5.1.2.41,Integer,248
.1.3.6.1.4.1.12148.10.5.7.5.1.2.42,Integer,250
.1.3.6.1.4.1.12148.10.5.7.5.1.2.43,Integer,247
.1.3.6.1.4.1.12148.10.5.7.5.1.2.44,Integer,247
.1.3.6.1.4.1.12148.10.5.7.5.1.2.45,Integer,250
.1.3.6.1.4.1.12148.10.5.7.5.1.2.46,Integer,257
.1.3.6.1.4.1.12148.10.5.7.5.1.2.47,Integer,248
.1.3.6.1.4.1.12148.10.5.7.5.1.2.48,Integer,246
.1.3.6.1.4.1.12148.10.5.7.5.1.2.49,Integer,250
.1.3.6.1.4.1.12148.10.5.7.5.1.2.50,Integer,246
.1.3.6.1.4.1.12148.10.5.7.5.1.2.51,Integer,246
.1.3.6.1.4.1.12148.10.5.7.5.1.2.52,Integer,114
.1.3.6.1.4.1.12148.10.5.7.6.0,Integer,52
.1.3.6.1.4.1.12148.10.5.7.7.1.2.1,Integer,1759
.1.3.6.1.4.1.12148.10.5.7.7.1.2.2,Integer,1700
.1.3.6.1.4.1.12148.10.5.7.7.1.2.3,Integer,1719
.1.3.6.1.4.1.12148.10.5.7.7.1.2.4,Integer,1728
.1.3.6.1.4.1.12148.10.5.7.7.1.2.5,Integer,1741
.1.3.6.1.4.1.12148.10.5.7.7.1.2.6,Integer,1747
.1.3.6.1.4.1.12148.10.5.7.7.1.2.7,Integer,1745
.1.3.6.1.4.1.12148.10.5.7.7.1.2.8,Integer,1730
.1.3.6.1.4.1.12148.10.5.7.7.1.2.9,Integer,1734
.1.3.6.1.4.1.12148.10.5.7.7.1.2.10,Integer,1820
.1.3.6.1.4.1.12148.10.5.7.7.1.2.11,Integer,1742
.1.3.6.1.4.1.12148.10.5.7.7.1.2.12,Integer,1630
.1.3.6.1.4.1.12148.10.5.7.7.1.2.13,Integer,1400
.1.3.6.1.4.1.12148.10.5.7.7.1.2.14,Integer,1702
.1.3.6.1.4.1.12148.10.5.7.7.1.2.15,Integer,1711
.1.3.6.1.4.1.12148.10.5.7.7.1.2.16,Integer,1704
.1.3.6.1.4.1.12148.10.5.7.7.1.2.17,Integer,1705
.1.3.6.1.4.1.12148.10.5.7.7.1.2.18,Integer,1741
.1.3.6.1.4.1.12148.10.5.7.7.1.2.19,Integer,1693
.1.3.6.1.4.1.12148.10.5.7.7.1.2.20,Integer,1733
.1.3.6.1.4.1.12148.10.5.7.7.1.2.21,Integer,1736
.1.3.6.1.4.1.12148.10.5.7.7.1.2.22,Integer,1734
.1.3.6.1.4.1.12148.10.5.7.7.1.2.23,Integer,1719
.1.3.6.1.4.1.12148.10.5.7.7.1.2.24,Integer,1688
.1.3.6.1.4.1.12148.10.5.7.7.1.2.25,Integer,1679
.1.3.6.1.4.1.12148.10.5.7.7.1.2.26,Integer,1689
.1.3.6.1.4.1.12148.10.5.7.7.1.2.27,Integer,1683
.1.3.6.1.4.1.12148.10.5.7.7.1.2.28,Integer,1701
.1.3.6.1.4.1.12148.10.5.7.7.1.2.29,Integer,1686
.1.3.6.1.4.1.12148.10.5.7.7.1.2.30,Integer,1673
.1.3.6.1.4.1.12148.10.5.7.7.1.2.31,Integer,1691
.1.3.6.1.4.1.12148.10.5.7.7.1.2.32,Integer,1671
.1.3.6.1.4.1.12148.10.5.7.7.1.2.33,Integer,1675
.1.3.6.1.4.1.12148.10.5.7.7.1.2.34,Integer,1671
.1.3.6.1.4.1.12148.10.5.7.7.1.2.35,Integer,1706
.1.3.6.1.4.1.12148.10.5.7.7.1.2.36,Integer,1650
.1.3.6.1.4.1.12148.10.5.7.7.1.2.37,Integer,1627
.1.3.6.1.4.1.12148.10.5.7.7.1.2.38,Integer,1614
.1.3.6.1.4.1.12148.10.5.7.7.1.2.39,Integer,1591
.1.3.6.1.4.1.12148.10.5.7.7.1.2.40,Integer,1611
.1.3.6.1.4.1.12148.10.5.7.7.1.2.41,Integer,1609
.1.3.6.1.4.1.12148.10.5.7.7.1.2.42,Integer,1611
.1.3.6.1.4.1.12148.10.5.7.7.1.2.43,Integer,1592
.1.3.6.1.4.1.12148.10.5.7.7.1.2.44,Integer,1583
.1.3.6.1.4.1.12148.10.5.7.7.1.2.45,Integer,1617
.1.3.6.1.4.1.12148.10.5.7.7.1.2.46,Integer,1583
.1.3.6.1.4.1.12148.10.5.7.7.1.2.47,Integer,1575
.1.3.6.1.4.1.12148.10.5.7.7.1.2.48,Integer,1586
.1.3.6.1.4.1.12148.10.5.7.7.1.2.49,Integer,1609
.1.3.6.1.4.1.12148.10.5.7.7.1.2.50,Integer,1686
.1.3.6.1.4.1.12148.10.5.7.7.1.2.51,Integer,1644
.1.3.6.1.4.1.12148.10.5.7.7.1.2.52,Integer,859
.1.3.6.1.4.1.12148.10.5.8.0,Integer,0
.1.3.6.1.4.1.12148.10.5.18.1.0,Integer,4
.1.3.6.1.4.1.12148.10.5.18.2.0,OctetString,"""Rect.temp       """
.1.3.6.1.4.1.12148.10.5.18.4.0,Integer,0
.1.3.6.1.4.1.12148.10.5.18.5.0,Integer,30
.1.3.6.1.4.1.12148.10.5.18.6.0,Integer,80
.1.3.6.1.4.1.12148.10.5.18.7.0,Integer,70
.1.3.6.1.4.1.12148.10.5.18.8.0,Integer,-5
.1.3.6.1.4.1.12148.10.5.18.9.0,Integer,-10
.1.3.6.1.4.1.12148.10.5.20.0,Integer,0
.1.3.6.1.4.1.12148.10.5.21.0,Integer,360
.1.3.6.1.4.1.12148.10.6.1.0,Integer,0
.1.3.6.1.4.1.12148.10.6.2.1.2.1,Integer,1
.1.3.6.1.4.1.12148.10.6.2.1.3.1,Integer,0
.1.3.6.1.4.1.12148.10.6.2.1.4.1,Gauge32,0
.1.3.6.1.4.1.12148.10.6.2.1.5.1,Integer,0
.1.3.6.1.4.1.12148.10.6.2.1.6.1,Integer,0
.1.3.6.1.4.1.12148.10.6.2.1.7.1,Integer,0
.1.3.6.1.4.1.12148.10.6.3.1.1.1,Integer,4
.1.3.6.1.4.1.12148.10.6.3.1.2.1,OctetString,"""DcDc current    """
.1.3.6.1.4.1.12148.10.6.3.1.4.1,Integer,0
.1.3.6.1.4.1.12148.10.6.3.1.5.1,Integer,0
.1.3.6.1.4.1.12148.10.6.3.1.6.1,Integer,5000
.1.3.6.1.4.1.12148.10.6.3.1.7.1,Integer,4000
.1.3.6.1.4.1.12148.10.6.4.1.1.1,Integer,4
.1.3.6.1.4.1.12148.10.6.4.1.2.1,OctetString,"""DcDc capacity   """
.1.3.6.1.4.1.12148.10.6.4.1.4.1,Integer,0
.1.3.6.1.4.1.12148.10.6.4.1.5.1,Integer,0
.1.3.6.1.4.1.12148.10.6.4.1.6.1,Integer,95
.1.3.6.1.4.1.12148.10.6.4.1.7.1,Integer,90
.1.3.6.1.4.1.12148.10.6.5.1.2.1.1,Integer,0
.1.3.6.1.4.1.12148.10.6.5.1.3.1.1,Integer,0
.1.3.6.1.4.1.12148.10.6.5.1.4.1.1,Integer,0
.1.3.6.1.4.1.12148.10.6.5.1.5.1.1,OctetString,""""""
.1.3.6.1.4.1.12148.10.6.5.1.6.1.1,OctetString,""""""
.1.3.6.1.4.1.12148.10.6.5.1.7.1.1,OctetString,""""""
.1.3.6.1.4.1.12148.10.6.5.1.8.1.1,OctetString,""""""
.1.3.6.1.4.1.12148.10.6.5.1.9.1.1,OctetString,""""""
.1.3.6.1.4.1.12148.10.6.6.1.1.1,Integer,1
.1.3.6.1.4.1.12148.10.6.6.1.2.1,OctetString,"""DcDc error      """
.1.3.6.1.4.1.12148.10.6.6.1.4.1,Integer,1
.1.3.6.1.4.1.12148.10.6.6.1.5.1,Integer,0
.1.3.6.1.4.1.12148.10.6.6.1.6.1,Integer,2
.1.3.6.1.4.1.12148.10.6.6.1.7.1,Integer,1
.1.3.6.1.4.1.12148.10.7.1.0,Integer,1
.1.3.6.1.4.1.12148.10.7.2.1.0,Integer,4
.1.3.6.1.4.1.12148.10.7.2.2.0,OctetString,"""Solar current   """
.1.3.6.1.4.1.12148.10.7.2.4.0,Integer,0
.1.3.6.1.4.1.12148.10.7.2.5.0,Integer,0
.1.3.6.1.4.1.12148.10.7.2.6.0,Integer,5000
.1.3.6.1.4.1.12148.10.7.2.7.0,Integer,4000
.1.3.6.1.4.1.12148.10.7.4.1.0,Integer,1
.1.3.6.1.4.1.12148.10.7.4.2.0,OctetString,"""Solar error     """
.1.3.6.1.4.1.12148.10.7.4.4.0,Integer,1
.1.3.6.1.4.1.12148.10.7.4.5.0,Integer,0
.1.3.6.1.4.1.12148.10.7.4.6.0,Integer,2
.1.3.6.1.4.1.12148.10.7.4.7.0,Integer,1
.1.3.6.1.4.1.12148.10.7.5.0,Integer,0
.1.3.6.1.4.1.12148.10.7.7.1.0,Integer,0
.1.3.6.1.4.1.12148.10.7.7.2.0,Integer,52
.1.3.6.1.4.1.12148.10.7.7.3.1.2.1,Integer,0
.1.3.6.1.4.1.12148.10.7.7.3.1.2.2,Integer,0
.1.3.6.1.4.1.12148.10.7.7.3.1.2.3,Integer,0
.1.3.6.1.4.1.12148.10.7.7.3.1.2.4,Integer,0
.1.3.6.1.4.1.12148.10.7.7.3.1.2.5,Integer,0
.1.3.6.1.4.1.12148.10.7.7.3.1.2.6,Integer,0
.1.3.6.1.4.1.12148.10.7.7.3.1.2.7,Integer,0
.1.3.6.1.4.1.12148.10.7.7.3.1.2.8,Integer,0
.1.3.6.1.4.1.12148.10.7.7.3.1.2.9,Integer,0
.1.3.6.1.4.1.12148.10.7.7.3.1.2.10,Integer,0
.1.3.6.1.4.1.12148.10.7.7.3.1.2.11,Integer,0
.1.3.6.1.4.1.12148.10.7.7.3.1.2.12,Integer,0
.1.3.6.1.4.1.12148.10.7.7.3.1.2.13,Integer,0
.1.3.6.1.4.1.12148.10.7.7.3.1.2.14,Integer,0
.1.3.6.1.4.1.12148.10.7.7.3.1.2.15,Integer,0
.1.3.6.1.4.1.12148.10.7.7.3.1.2.16,Integer,0
.1.3.6.1.4.1.12148.10.7.7.3.1.2.17,Integer,0
.1.3.6.1.4.1.12148.10.7.7.3.1.2.18,Integer,0
.1.3.6.1.4.1.12148.10.7.7.3.1.2.19,Integer,0
.1.3.6.1.4.1.12148.10.7.7.3.1.2.20,Integer,0
.1.3.6.1.4.1.12148.10.7.7.3.1.2.21,Integer,0
.1.3.6.1.4.1.12148.10.7.7.3.1.2.22,Integer,0
.1.3.6.1.4.1.12148.10.7.7.3.1.2.23,Integer,0
.1.3.6.1.4.1.12148.10.7.7.3.1.2.24,Integer,0
.1.3.6.1.4.1.12148.10.7.7.3.1.2.25,Integer,0
.1.3.6.1.4.1.12148.10.7.7.3.1.2.26,Integer,0
.1.3.6.1.4.1.12148.10.7.7.3.1.2.27,Integer,0
.1.3.6.1.4.1.12148.10.7.7.3.1.2.28,Integer,0
.1.3.6.1.4.1.12148.10.7.7.3.1.2.29,Integer,0
.1.3.6.1.4.1.12148.10.7.7.3.1.2.30,Integer,0
.1.3.6.1.4.1.12148.10.7.7.3.1.2.31,Integer,0
.1.3.6.1.4.1.12148.10.7.7.3.1.2.32,Integer,0
.1.3.6.1.4.1.12148.10.7.7.3.1.2.33,Integer,0
.1.3.6.1.4.1.12148.10.7.7.3.1.2.34,Integer,0
.1.3.6.1.4.1.12148.10.7.7.3.1.2.35,Integer,0
.1.3.6.1.4.1.12148.10.7.7.3.1.2.36,Integer,0
.1.3.6.1.4.1.12148.10.7.7.3.1.2.37,Integer,0
.1.3.6.1.4.1.12148.10.7.7.3.1.2.38,Integer,0
.1.3.6.1.4.1.12148.10.7.7.3.1.2.39,Integer,0
.1.3.6.1.4.1.12148.10.7.7.3.1.2.40,Integer,0
.1.3.6.1.4.1.12148.10.7.7.3.1.2.41,Integer,0
.1.3.6.1.4.1.12148.10.7.7.3.1.2.42,Integer,0
.1.3.6.1.4.1.12148.10.7.7.3.1.2.43,Integer,0
.1.3.6.1.4.1.12148.10.7.7.3.1.2.44,Integer,0
.1.3.6.1.4.1.12148.10.7.7.3.1.2.45,Integer,0
.1.3.6.1.4.1.12148.10.7.7.3.1.2.46,Integer,0
.1.3.6.1.4.1.12148.10.7.7.3.1.2.47,Integer,0
.1.3.6.1.4.1.12148.10.7.7.3.1.2.48,Integer,0
.1.3.6.1.4.1.12148.10.7.7.3.1.2.49,Integer,0
.1.3.6.1.4.1.12148.10.7.7.3.1.2.50,Integer,0
.1.3.6.1.4.1.12148.10.7.7.3.1.2.51,Integer,0
.1.3.6.1.4.1.12148.10.7.7.3.1.2.52,Integer,0
.1.3.6.1.4.1.12148.10.7.7.4.0,Integer,52
.1.3.6.1.4.1.12148.10.7.7.5.1.2.1,Integer,0
.1.3.6.1.4.1.12148.10.7.7.5.1.2.2,Integer,0
.1.3.6.1.4.1.12148.10.7.7.5.1.2.3,Integer,0
.1.3.6.1.4.1.12148.10.7.7.5.1.2.4,Integer,0
.1.3.6.1.4.1.12148.10.7.7.5.1.2.5,Integer,0
.1.3.6.1.4.1.12148.10.7.7.5.1.2.6,Integer,0
.1.3.6.1.4.1.12148.10.7.7.5.1.2.7,Integer,0
.1.3.6.1.4.1.12148.10.7.7.5.1.2.8,Integer,0
.1.3.6.1.4.1.12148.10.7.7.5.1.2.9,Integer,0
.1.3.6.1.4.1.12148.10.7.7.5.1.2.10,Integer,0
.1.3.6.1.4.1.12148.10.7.7.5.1.2.11,Integer,0
.1.3.6.1.4.1.12148.10.7.7.5.1.2.12,Integer,0
.1.3.6.1.4.1.12148.10.7.7.5.1.2.13,Integer,0
.1.3.6.1.4.1.12148.10.7.7.5.1.2.14,Integer,0
.1.3.6.1.4.1.12148.10.7.7.5.1.2.15,Integer,0
.1.3.6.1.4.1.12148.10.7.7.5.1.2.16,Integer,0
.1.3.6.1.4.1.12148.10.7.7.5.1.2.17,Integer,0
.1.3.6.1.4.1.12148.10.7.7.5.1.2.18,Integer,0
.1.3.6.1.4.1.12148.10.7.7.5.1.2.19,Integer,0
.1.3.6.1.4.1.12148.10.7.7.5.1.2.20,Integer,0
.1.3.6.1.4.1.12148.10.7.7.5.1.2.21,Integer,0
.1.3.6.1.4.1.12148.10.7.7.5.1.2.22,Integer,0
.1.3.6.1.4.1.12148.10.7.7.5.1.2.23,Integer,0
.1.3.6.1.4.1.12148.10.7.7.5.1.2.24,Integer,0
.1.3.6.1.4.1.12148.10.7.7.5.1.2.25,Integer,0
.1.3.6.1.4.1.12148.10.7.7.5.1.2.26,Integer,0
.1.3.6.1.4.1.12148.10.7.7.5.1.2.27,Integer,0
.1.3.6.1.4.1.12148.10.7.7.5.1.2.28,Integer,0
.1.3.6.1.4.1.12148.10.7.7.5.1.2.29,Integer,0
.1.3.6.1.4.1.12148.10.7.7.5.1.2.30,Integer,0
.1.3.6.1.4.1.12148.10.7.7.5.1.2.31,Integer,0
.1.3.6.1.4.1.12148.10.7.7.5.1.2.32,Integer,0
.1.3.6.1.4.1.12148.10.7.7.5.1.2.33,Integer,0
.1.3.6.1.4.1.12148.10.7.7.5.1.2.34,Integer,0
.1.3.6.1.4.1.12148.10.7.7.5.1.2.35,Integer,0
.1.3.6.1.4.1.12148.10.7.7.5.1.2.36,Integer,0
.1.3.6.1.4.1.12148.10.7.7.5.1.2.37,Integer,0
.1.3.6.1.4.1.12148.10.7.7.5.1.2.38,Integer,0
.1.3.6.1.4.1.12148.10.7.7.5.1.2.39,Integer,0
.1.3.6.1.4.1.12148.10.7.7.5.1.2.40,Integer,0
.1.3.6.1.4.1.12148.10.7.7.5.1.2.41,Integer,0
.1.3.6.1.4.1.12148.10.7.7.5.1.2.42,Integer,0
.1.3.6.1.4.1.12148.10.7.7.5.1.2.43,Integer,0
.1.3.6.1.4.1.12148.10.7.7.5.1.2.44,Integer,0
.1.3.6.1.4.1.12148.10.7.7.5.1.2.45,Integer,0
.1.3.6.1.4.1.12148.10.7.7.5.1.2.46,Integer,0
.1.3.6.1.4.1.12148.10.7.7.5.1.2.47,Integer,0
.1.3.6.1.4.1.12148.10.7.7.5.1.2.48,Integer,0
.1.3.6.1.4.1.12148.10.7.7.5.1.2.49,Integer,0
.1.3.6.1.4.1.12148.10.7.7.5.1.2.50,Integer,0
.1.3.6.1.4.1.12148.10.7.7.5.1.2.51,Integer,0
.1.3.6.1.4.1.12148.10.7.7.5.1.2.52,Integer,0
.1.3.6.1.4.1.12148.10.7.7.6.0,Integer,52
.1.3.6.1.4.1.12148.10.7.7.7.1.2.1,Integer,0
.1.3.6.1.4.1.12148.10.7.7.7.1.2.2,Integer,0
.1.3.6.1.4.1.12148.10.7.7.7.1.2.3,Integer,0
.1.3.6.1.4.1.12148.10.7.7.7.1.2.4,Integer,0
.1.3.6.1.4.1.12148.10.7.7.7.1.2.5,Integer,0
.1.3.6.1.4.1.12148.10.7.7.7.1.2.6,Integer,0
.1.3.6.1.4.1.12148.10.7.7.7.1.2.7,Integer,0
.1.3.6.1.4.1.12148.10.7.7.7.1.2.8,Integer,0
.1.3.6.1.4.1.12148.10.7.7.7.1.2.9,Integer,0
.1.3.6.1.4.1.12148.10.7.7.7.1.2.10,Integer,0
.1.3.6.1.4.1.12148.10.7.7.7.1.2.11,Integer,0
.1.3.6.1.4.1.12148.10.7.7.7.1.2.12,Integer,0
.1.3.6.1.4.1.12148.10.7.7.7.1.2.13,Integer,0
.1.3.6.1.4.1.12148.10.7.7.7.1.2.14,Integer,0
.1.3.6.1.4.1.12148.10.7.7.7.1.2.15,Integer,0
.1.3.6.1.4.1.12148.10.7.7.7.1.2.16,Integer,0
.1.3.6.1.4.1.12148.10.7.7.7.1.2.17,Integer,0
.1.3.6.1.4.1.12148.10.7.7.7.1.2.18,Integer,0
.1.3.6.1.4.1.12148.10.7.7.7.1.2.19,Integer,0
.1.3.6.1.4.1.12148.10.7.7.7.1.2.20,Integer,0
.1.3.6.1.4.1.12148.10.7.7.7.1.2.21,Integer,0
.1.3.6.1.4.1.12148.10.7.7.7.1.2.22,Integer,0
.1.3.6.1.4.1.12148.10.7.7.7.1.2.23,Integer,0
.1.3.6.1.4.1.12148.10.7.7.7.1.2.24,Integer,0
.1.3.6.1.4.1.12148.10.7.7.7.1.2.25,Integer,0
.1.3.6.1.4.1.12148.10.7.7.7.1.2.26,Integer,0
.1.3.6.1.4.1.12148.10.7.7.7.1.2.27,Integer,0
.1.3.6.1.4.1.12148.10.7.7.7.1.2.28,Integer,0
.1.3.6.1.4.1.12148.10.7.7.7.1.2.29,Integer,0
.1.3.6.1.4.1.12148.10.7.7.7.1.2.30,Integer,0
.1.3.6.1.4.1.12148.10.7.7.7.1.2.31,Integer,0
.1.3.6.1.4.1.12148.10.7.7.7.1.2.32,Integer,0
.1.3.6.1.4.1.12148.10.7.7.7.1.2.33,Integer,0
.1.3.6.1.4.1.12148.10.7.7.7.1.2.34,Integer,0
.1.3.6.1.4.1.12148.10.7.7.7.1.2.35,Integer,0
.1.3.6.1.4.1.12148.10.7.7.7.1.2.36,Integer,0
.1.3.6.1.4.1.12148.10.7.7.7.1.2.37,Integer,0
.1.3.6.1.4.1.12148.10.7.7.7.1.2.38,Integer,0
.1.3.6.1.4.1.12148.10.7.7.7.1.2.39,Integer,0
.1.3.6.1.4.1.12148.10.7.7.7.1.2.40,Integer,0
.1.3.6.1.4.1.12148.10.7.7.7.1.2.41,Integer,0
.1.3.6.1.4.1.12148.10.7.7.7.1.2.42,Integer,0
.1.3.6.1.4.1.12148.10.7.7.7.1.2.43,Integer,0
.1.3.6.1.4.1.12148.10.7.7.7.1.2.44,Integer,0
.1.3.6.1.4.1.12148.10.7.7.7.1.2.45,Integer,0
.1.3.6.1.4.1.12148.10.7.7.7.1.2.46,Integer,0
.1.3.6.1.4.1.12148.10.7.7.7.1.2.47,Integer,0
.1.3.6.1.4.1.12148.10.7.7.7.1.2.48,Integer,0
.1.3.6.1.4.1.12148.10.7.7.7.1.2.49,Integer,0
.1.3.6.1.4.1.12148.10.7.7.7.1.2.50,Integer,0
.1.3.6.1.4.1.12148.10.7.7.7.1.2.51,Integer,0
.1.3.6.1.4.1.12148.10.7.7.7.1.2.52,Integer,0
.1.3.6.1.4.1.12148.10.7.8.0,Integer,4
.1.3.6.1.4.1.12148.10.8.1.0,Integer,1
.1.3.6.1.4.1.12148.10.8.2.1.0,Integer,4
.1.3.6.1.4.1.12148.10.8.2.2.0,OctetString,"""Wind current    """
.1.3.6.1.4.1.12148.10.8.2.4.0,Integer,0
.1.3.6.1.4.1.12148.10.8.2.5.0,Integer,0
.1.3.6.1.4.1.12148.10.8.2.6.0,Integer,5000
.1.3.6.1.4.1.12148.10.8.2.7.0,Integer,4000
.1.3.6.1.4.1.12148.10.8.4.1.0,Integer,1
.1.3.6.1.4.1.12148.10.8.4.2.0,OctetString,"""Wind error      """
.1.3.6.1.4.1.12148.10.8.4.4.0,Integer,1
.1.3.6.1.4.1.12148.10.8.4.5.0,Integer,0
.1.3.6.1.4.1.12148.10.8.4.6.0,Integer,2
.1.3.6.1.4.1.12148.10.8.4.7.0,Integer,1
.1.3.6.1.4.1.12148.10.8.5.0,Integer,0
.1.3.6.1.4.1.12148.10.8.7.1.0,Integer,0
.1.3.6.1.4.1.12148.10.8.7.2.0,Integer,52
.1.3.6.1.4.1.12148.10.8.7.3.1.2.1,Integer,0
.1.3.6.1.4.1.12148.10.8.7.3.1.2.2,Integer,0
.1.3.6.1.4.1.12148.10.8.7.3.1.2.3,Integer,0
.1.3.6.1.4.1.12148.10.8.7.3.1.2.4,Integer,0
.1.3.6.1.4.1.12148.10.8.7.3.1.2.5,Integer,0
.1.3.6.1.4.1.12148.10.8.7.3.1.2.6,Integer,0
.1.3.6.1.4.1.12148.10.8.7.3.1.2.7,Integer,0
.1.3.6.1.4.1.12148.10.8.7.3.1.2.8,Integer,0
.1.3.6.1.4.1.12148.10.8.7.3.1.2.9,Integer,0
.1.3.6.1.4.1.12148.10.8.7.3.1.2.10,Integer,0
.1.3.6.1.4.1.12148.10.8.7.3.1.2.11,Integer,0
.1.3.6.1.4.1.12148.10.8.7.3.1.2.12,Integer,0
.1.3.6.1.4.1.12148.10.8.7.3.1.2.13,Integer,0
.1.3.6.1.4.1.12148.10.8.7.3.1.2.14,Integer,0
.1.3.6.1.4.1.12148.10.8.7.3.1.2.15,Integer,0
.1.3.6.1.4.1.12148.10.8.7.3.1.2.16,Integer,0
.1.3.6.1.4.1.12148.10.8.7.3.1.2.17,Integer,0
.1.3.6.1.4.1.12148.10.8.7.3.1.2.18,Integer,0
.1.3.6.1.4.1.12148.10.8.7.3.1.2.19,Integer,0
.1.3.6.1.4.1.12148.10.8.7.3.1.2.20,Integer,0
.1.3.6.1.4.1.12148.10.8.7.3.1.2.21,Integer,0
.1.3.6.1.4.1.12148.10.8.7.3.1.2.22,Integer,0
.1.3.6.1.4.1.12148.10.8.7.3.1.2.23,Integer,0
.1.3.6.1.4.1.12148.10.8.7.3.1.2.24,Integer,0
.1.3.6.1.4.1.12148.10.8.7.3.1.2.25,Integer,0
.1.3.6.1.4.1.12148.10.8.7.3.1.2.26,Integer,0
.1.3.6.1.4.1.12148.10.8.7.3.1.2.27,Integer,0
.1.3.6.1.4.1.12148.10.8.7.3.1.2.28,Integer,0
.1.3.6.1.4.1.12148.10.8.7.3.1.2.29,Integer,0
.1.3.6.1.4.1.12148.10.8.7.3.1.2.30,Integer,0
.1.3.6.1.4.1.12148.10.8.7.3.1.2.31,Integer,0
.1.3.6.1.4.1.12148.10.8.7.3.1.2.32,Integer,0
.1.3.6.1.4.1.12148.10.8.7.3.1.2.33,Integer,0
.1.3.6.1.4.1.12148.10.8.7.3.1.2.34,Integer,0
.1.3.6.1.4.1.12148.10.8.7.3.1.2.35,Integer,0
.1.3.6.1.4.1.12148.10.8.7.3.1.2.36,Integer,0
.1.3.6.1.4.1.12148.10.8.7.3.1.2.37,Integer,0
.1.3.6.1.4.1.12148.10.8.7.3.1.2.38,Integer,0
.1.3.6.1.4.1.12148.10.8.7.3.1.2.39,Integer,0
.1.3.6.1.4.1.12148.10.8.7.3.1.2.40,Integer,0
.1.3.6.1.4.1.12148.10.8.7.3.1.2.41,Integer,0
.1.3.6.1.4.1.12148.10.8.7.3.1.2.42,Integer,0
.1.3.6.1.4.1.12148.10.8.7.3.1.2.43,Integer,0
.1.3.6.1.4.1.12148.10.8.7.3.1.2.44,Integer,0
.1.3.6.1.4.1.12148.10.8.7.3.1.2.45,Integer,0
.1.3.6.1.4.1.12148.10.8.7.3.1.2.46,Integer,0
.1.3.6.1.4.1.12148.10.8.7.3.1.2.47,Integer,0
.1.3.6.1.4.1.12148.10.8.7.3.1.2.48,Integer,0
.1.3.6.1.4.1.12148.10.8.7.3.1.2.49,Integer,0
.1.3.6.1.4.1.12148.10.8.7.3.1.2.50,Integer,0
.1.3.6.1.4.1.12148.10.8.7.3.1.2.51,Integer,0
.1.3.6.1.4.1.12148.10.8.7.3.1.2.52,Integer,0
.1.3.6.1.4.1.12148.10.8.7.4.0,Integer,52
.1.3.6.1.4.1.12148.10.8.7.5.1.2.1,Integer,0
.1.3.6.1.4.1.12148.10.8.7.5.1.2.2,Integer,0
.1.3.6.1.4.1.12148.10.8.7.5.1.2.3,Integer,0
.1.3.6.1.4.1.12148.10.8.7.5.1.2.4,Integer,0
.1.3.6.1.4.1.12148.10.8.7.5.1.2.5,Integer,0
.1.3.6.1.4.1.12148.10.8.7.5.1.2.6,Integer,0
.1.3.6.1.4.1.12148.10.8.7.5.1.2.7,Integer,0
.1.3.6.1.4.1.12148.10.8.7.5.1.2.8,Integer,0
.1.3.6.1.4.1.12148.10.8.7.5.1.2.9,Integer,0
.1.3.6.1.4.1.12148.10.8.7.5.1.2.10,Integer,0
.1.3.6.1.4.1.12148.10.8.7.5.1.2.11,Integer,0
.1.3.6.1.4.1.12148.10.8.7.5.1.2.12,Integer,0
.1.3.6.1.4.1.12148.10.8.7.5.1.2.13,Integer,0
.1.3.6.1.4.1.12148.10.8.7.5.1.2.14,Integer,0
.1.3.6.1.4.1.12148.10.8.7.5.1.2.15,Integer,0
.1.3.6.1.4.1.12148.10.8.7.5.1.2.16,Integer,0
.1.3.6.1.4.1.12148.10.8.7.5.1.2.17,Integer,0
.1.3.6.1.4.1.12148.10.8.7.5.1.2.18,Integer,0
.1.3.6.1.4.1.12148.10.8.7.5.1.2.19,Integer,0
.1.3.6.1.4.1.12148.10.8.7.5.1.2.20,Integer,0
.1.3.6.1.4.1.12148.10.8.7.5.1.2.21,Integer,0
.1.3.6.1.4.1.12148.10.8.7.5.1.2.22,Integer,0
.1.3.6.1.4.1.12148.10.8.7.5.1.2.23,Integer,0
.1.3.6.1.4.1.12148.10.8.7.5.1.2.24,Integer,0
.1.3.6.1.4.1.12148.10.8.7.5.1.2.25,Integer,0
.1.3.6.1.4.1.12148.10.8.7.5.1.2.26,Integer,0
.1.3.6.1.4.1.12148.10.8.7.5.1.2.27,Integer,0
.1.3.6.1.4.1.12148.10.8.7.5.1.2.28,Integer,0
.1.3.6.1.4.1.12148.10.8.7.5.1.2.29,Integer,0
.1.3.6.1.4.1.12148.10.8.7.5.1.2.30,Integer,0
.1.3.6.1.4.1.12148.10.8.7.5.1.2.31,Integer,0
.1.3.6.1.4.1.12148.10.8.7.5.1.2.32,Integer,0
.1.3.6.1.4.1.12148.10.8.7.5.1.2.33,Integer,0
.1.3.6.1.4.1.12148.10.8.7.5.1.2.34,Integer,0
.1.3.6.1.4.1.12148.10.8.7.5.1.2.35,Integer,0
.1.3.6.1.4.1.12148.10.8.7.5.1.2.36,Integer,0
.1.3.6.1.4.1.12148.10.8.7.5.1.2.37,Integer,0
.1.3.6.1.4.1.12148.10.8.7.5.1.2.38,Integer,0
.1.3.6.1.4.1.12148.10.8.7.5.1.2.39,Integer,0
.1.3.6.1.4.1.12148.10.8.7.5.1.2.40,Integer,0
.1.3.6.1.4.1.12148.10.8.7.5.1.2.41,Integer,0
.1.3.6.1.4.1.12148.10.8.7.5.1.2.42,Integer,0
.1.3.6.1.4.1.12148.10.8.7.5.1.2.43,Integer,0
.1.3.6.1.4.1.12148.10.8.7.5.1.2.44,Integer,0
.1.3.6.1.4.1.12148.10.8.7.5.1.2.45,Integer,0
.1.3.6.1.4.1.12148.10.8.7.5.1.2.46,Integer,0
.1.3.6.1.4.1.12148.10.8.7.5.1.2.47,Integer,0
.1.3.6.1.4.1.12148.10.8.7.5.1.2.48,Integer,0
.1.3.6.1.4.1.12148.10.8.7.5.1.2.49,Integer,0
.1.3.6.1.4.1.12148.10.8.7.5.1.2.50,Integer,0
.1.3.6.1.4.1.12148.10.8.7.5.1.2.51,Integer,0
.1.3.6.1.4.1.12148.10.8.7.5.1.2.52,Integer,0
.1.3.6.1.4.1.12148.10.8.7.6.0,Integer,52
.1.3.6.1.4.1.12148.10.8.7.7.1.2.1,Integer,0
.1.3.6.1.4.1.12148.10.8.7.7.1.2.2,Integer,0
.1.3.6.1.4.1.12148.10.8.7.7.1.2.3,Integer,0
.1.3.6.1.4.1.12148.10.8.7.7.1.2.4,Integer,0
.1.3.6.1.4.1.12148.10.8.7.7.1.2.5,Integer,0
.1.3.6.1.4.1.12148.10.8.7.7.1.2.6,Integer,0
.1.3.6.1.4.1.12148.10.8.7.7.1.2.7,Integer,0
.1.3.6.1.4.1.12148.10.8.7.7.1.2.8,Integer,0
.1.3.6.1.4.1.12148.10.8.7.7.1.2.9,Integer,0
.1.3.6.1.4.1.12148.10.8.7.7.1.2.10,Integer,0
.1.3.6.1.4.1.12148.10.8.7.7.1.2.11,Integer,0
.1.3.6.1.4.1.12148.10.8.7.7.1.2.12,Integer,0
.1.3.6.1.4.1.12148.10.8.7.7.1.2.13,Integer,0
.1.3.6.1.4.1.12148.10.8.7.7.1.2.14,Integer,0
.1.3.6.1.4.1.12148.10.8.7.7.1.2.15,Integer,0
.1.3.6.1.4.1.12148.10.8.7.7.1.2.16,Integer,0
.1.3.6.1.4.1.12148.10.8.7.7.1.2.17,Integer,0
.1.3.6.1.4.1.12148.10.8.7.7.1.2.18,Integer,0
.1.3.6.1.4.1.12148.10.8.7.7.1.2.19,Integer,0
.1.3.6.1.4.1.12148.10.8.7.7.1.2.20,Integer,0
.1.3.6.1.4.1.12148.10.8.7.7.1.2.21,Integer,0
.1.3.6.1.4.1.12148.10.8.7.7.1.2.22,Integer,0
.1.3.6.1.4.1.12148.10.8.7.7.1.2.23,Integer,0
.1.3.6.1.4.1.12148.10.8.7.7.1.2.24,Integer,0
.1.3.6.1.4.1.12148.10.8.7.7.1.2.25,Integer,0
.1.3.6.1.4.1.12148.10.8.7.7.1.2.26,Integer,0
.1.3.6.1.4.1.12148.10.8.7.7.1.2.27,Integer,0
.1.3.6.1.4.1.12148.10.8.7.7.1.2.28,Integer,0
.1.3.6.1.4.1.12148.10.8.7.7.1.2.29,Integer,0
.1.3.6.1.4.1.12148.10.8.7.7.1.2.30,Integer,0
.1.3.6.1.4.1.12148.10.8.7.7.1.2.31,Integer,0
.1.3.6.1.4.1.12148.10.8.7.7.1.2.32,Integer,0
.1.3.6.1.4.1.12148.10.8.7.7.1.2.33,Integer,0
.1.3.6.1.4.1.12148.10.8.7.7.1.2.34,Integer,0
.1.3.6.1.4.1.12148.10.8.7.7.1.2.35,Integer,0
.1.3.6.1.4.1.12148.10.8.7.7.1.2.36,Integer,0
.1.3.6.1.4.1.12148.10.8.7.7.1.2.37,Integer,0
.1.3.6.1.4.1.12148.10.8.7.7.1.2.38,Integer,0
.1.3.6.1.4.1.12148.10.8.7.7.1.2.39,Integer,0
.1.3.6.1.4.1.12148.10.8.7.7.1.2.40,Integer,0
.1.3.6.1.4.1.12148.10.8.7.7.1.2.41,Integer,0
.1.3.6.1.4.1.12148.10.8.7.7.1.2.42,Integer,0
.1.3.6.1.4.1.12148.10.8.7.7.1.2.43,Integer,0
.1.3.6.1.4.1.12148.10.8.7.7.1.2.44,Integer,0
.1.3.6.1.4.1.12148.10.8.7.7.1.2.45,Integer,0
.1.3.6.1.4.1.12148.10.8.7.7.1.2.46,Integer,0
.1.3.6.1.4.1.12148.10.8.7.7.1.2.47,Integer,0
.1.3.6.1.4.1.12148.10.8.7.7.1.2.48,Integer,0
.1.3.6.1.4.1.12148.10.8.7.7.1.2.49,Integer,0
.1.3.6.1.4.1.12148.10.8.7.7.1.2.50,Integer,0
.1.3.6.1.4.1.12148.10.8.7.7.1.2.51,Integer,0
.1.3.6.1.4.1.12148.10.8.7.7.1.2.52,Integer,0
.1.3.6.1.4.1.12148.10.9.1.0,Integer,1
.1.3.6.1.4.1.12148.10.9.2.1.0,Integer,4
.1.3.6.1.4.1.12148.10.9.2.2.0,OctetString,"""LoadCurrent     """
.1.3.6.1.4.1.12148.10.9.2.4.0,Integer,0
.1.3.6.1.4.1.12148.10.9.2.5.0,Integer,168
.1.3.6.1.4.1.12148.10.9.2.6.0,Integer,30000
.1.3.6.1.4.1.12148.10.9.2.7.0,Integer,20000
.1.3.6.1.4.1.12148.10.9.3.0,Integer,1
.1.3.6.1.4.1.12148.10.9.4.0,Integer,2
.1.3.6.1.4.1.12148.10.9.5.1.2.1,Integer,1
.1.3.6.1.4.1.12148.10.9.5.1.2.2,Integer,0
.1.3.6.1.4.1.12148.10.9.5.1.3.1,Integer,2
.1.3.6.1.4.1.12148.10.9.5.1.3.2,Integer,0
.1.3.6.1.4.1.12148.10.9.5.1.4.1,Integer,0
.1.3.6.1.4.1.12148.10.9.5.1.4.2,Integer,0
.1.3.6.1.4.1.12148.10.9.6.1.2.1.1,Integer,1
.1.3.6.1.4.1.12148.10.9.6.1.2.1.2,Integer,1
.1.3.6.1.4.1.12148.10.9.6.1.3.1.1,OctetString,"""LVLD 1.1 [NP]"""
.1.3.6.1.4.1.12148.10.9.6.1.3.1.2,OctetString,"""LVLD 1.2 [P]"""
.1.3.6.1.4.1.12148.10.9.6.1.5.1.1,Integer,1
.1.3.6.1.4.1.12148.10.9.6.1.5.1.2,Integer,1
.1.3.6.1.4.1.12148.10.9.6.1.6.1.1,Integer,0
.1.3.6.1.4.1.12148.10.9.6.1.6.1.2,Integer,0
.1.3.6.1.4.1.12148.10.9.6.1.7.1.1,Integer,4820
.1.3.6.1.4.1.12148.10.9.6.1.7.1.2,Integer,4780
.1.3.6.1.4.1.12148.10.9.6.1.8.1.1,Integer,4620
.1.3.6.1.4.1.12148.10.9.6.1.8.1.2,Integer,4600
.1.3.6.1.4.1.12148.10.9.6.1.9.1.1,Integer,0
.1.3.6.1.4.1.12148.10.9.6.1.9.1.2,Integer,0
.1.3.6.1.4.1.12148.10.9.6.1.10.1.1,Integer,30
.1.3.6.1.4.1.12148.10.9.6.1.10.1.2,Integer,30
.1.3.6.1.4.1.12148.10.9.7.1.1.1,Integer,1
.1.3.6.1.4.1.12148.10.9.7.1.1.2,Integer,0
.1.3.6.1.4.1.12148.10.9.7.1.2.1,OctetString,"""LoadFuse 1  """
.1.3.6.1.4.1.12148.10.9.7.1.2.2,OctetString,""""""
.1.3.6.1.4.1.12148.10.9.7.1.4.1,Integer,1
.1.3.6.1.4.1.12148.10.9.7.1.4.2,Integer,0
.1.3.6.1.4.1.12148.10.9.7.1.5.1,Integer,0
.1.3.6.1.4.1.12148.10.9.7.1.5.2,Integer,0
.1.3.6.1.4.1.12148.10.9.8.1.0,Integer,126287280
.1.3.6.1.4.1.12148.10.9.8.2.0,Integer,52
.1.3.6.1.4.1.12148.10.9.8.3.1.2.1,Integer,8434
.1.3.6.1.4.1.12148.10.9.8.3.1.2.2,Integer,8472
.1.3.6.1.4.1.12148.10.9.8.3.1.2.3,Integer,8401
.1.3.6.1.4.1.12148.10.9.8.3.1.2.4,Integer,8146
.1.3.6.1.4.1.12148.10.9.8.3.1.2.5,Integer,7358
.1.3.6.1.4.1.12148.10.9.8.3.1.2.6,Integer,6750
.1.3.6.1.4.1.12148.10.9.8.3.1.2.7,Integer,6516
.1.3.6.1.4.1.12148.10.9.8.3.1.2.8,Integer,6537
.1.3.6.1.4.1.12148.10.9.8.3.1.2.9,Integer,6942
.1.3.6.1.4.1.12148.10.9.8.3.1.2.10,Integer,7718
.1.3.6.1.4.1.12148.10.9.8.3.1.2.11,Integer,8454
.1.3.6.1.4.1.12148.10.9.8.3.1.2.12,Integer,9523
.1.3.6.1.4.1.12148.10.9.8.3.1.2.13,Integer,10122
.1.3.6.1.4.1.12148.10.9.8.3.1.2.14,Integer,9858
.1.3.6.1.4.1.12148.10.9.8.3.1.2.15,Integer,9375
.1.3.6.1.4.1.12148.10.9.8.3.1.2.16,Integer,9316
.1.3.6.1.4.1.12148.10.9.8.3.1.2.17,Integer,8934
.1.3.6.1.4.1.12148.10.9.8.3.1.2.18,Integer,8563
.1.3.6.1.4.1.12148.10.9.8.3.1.2.19,Integer,8558
.1.3.6.1.4.1.12148.10.9.8.3.1.2.20,Integer,8629
.1.3.6.1.4.1.12148.10.9.8.3.1.2.21,Integer,8609
.1.3.6.1.4.1.12148.10.9.8.3.1.2.22,Integer,8755
.1.3.6.1.4.1.12148.10.9.8.3.1.2.23,Integer,8665
.1.3.6.1.4.1.12148.10.9.8.3.1.2.24,Integer,8617
.1.3.6.1.4.1.12148.10.9.8.3.1.2.25,Integer,8647
.1.3.6.1.4.1.12148.10.9.8.3.1.2.26,Integer,8495
.1.3.6.1.4.1.12148.10.9.8.3.1.2.27,Integer,8428
.1.3.6.1.4.1.12148.10.9.8.3.1.2.28,Integer,8093
.1.3.6.1.4.1.12148.10.9.8.3.1.2.29,Integer,7342
.1.3.6.1.4.1.12148.10.9.8.3.1.2.30,Integer,6605
.1.3.6.1.4.1.12148.10.9.8.3.1.2.31,Integer,6543
.1.3.6.1.4.1.12148.10.9.8.3.1.2.32,Integer,6725
.1.3.6.1.4.1.12148.10.9.8.3.1.2.33,Integer,6854
.1.3.6.1.4.1.12148.10.9.8.3.1.2.34,Integer,7329
.1.3.6.1.4.1.12148.10.9.8.3.1.2.35,Integer,8242
.1.3.6.1.4.1.12148.10.9.8.3.1.2.36,Integer,9366
.1.3.6.1.4.1.12148.10.9.8.3.1.2.37,Integer,9840
.1.3.6.1.4.1.12148.10.9.8.3.1.2.38,Integer,9962
.1.3.6.1.4.1.12148.10.9.8.3.1.2.39,Integer,9841
.1.3.6.1.4.1.12148.10.9.8.3.1.2.40,Integer,9552
.1.3.6.1.4.1.12148.10.9.8.3.1.2.41,Integer,9229
.1.3.6.1.4.1.12148.10.9.8.3.1.2.42,Integer,8939
.1.3.6.1.4.1.12148.10.9.8.3.1.2.43,Integer,8786
.1.3.6.1.4.1.12148.10.9.8.3.1.2.44,Integer,8746
.1.3.6.1.4.1.12148.10.9.8.3.1.2.45,Integer,8713
.1.3.6.1.4.1.12148.10.9.8.3.1.2.46,Integer,8852
.1.3.6.1.4.1.12148.10.9.8.3.1.2.47,Integer,8929
.1.3.6.1.4.1.12148.10.9.8.3.1.2.48,Integer,8665
.1.3.6.1.4.1.12148.10.9.8.3.1.2.49,Integer,8806
.1.3.6.1.4.1.12148.10.9.8.3.1.2.50,Integer,8450
.1.3.6.1.4.1.12148.10.9.8.3.1.2.51,Integer,8349
.1.3.6.1.4.1.12148.10.9.8.3.1.2.52,Integer,0
.1.3.6.1.4.1.12148.10.9.8.4.0,Integer,52
.1.3.6.1.4.1.12148.10.9.8.5.1.2.1,Integer,201
.1.3.6.1.4.1.12148.10.9.8.5.1.2.2,Integer,203
.1.3.6.1.4.1.12148.10.9.8.5.1.2.3,Integer,203
.1.3.6.1.4.1.12148.10.9.8.5.1.2.4,Integer,207
.1.3.6.1.4.1.12148.10.9.8.5.1.2.5,Integer,205
.1.3.6.1.4.1.12148.10.9.8.5.1.2.6,Integer,205
.1.3.6.1.4.1.12148.10.9.8.5.1.2.7,Integer,205
.1.3.6.1.4.1.12148.10.9.8.5.1.2.8,Integer,213
.1.3.6.1.4.1.12148.10.9.8.5.1.2.9,Integer,202
.1.3.6.1.4.1.12148.10.9.8.5.1.2.10,Integer,204
.1.3.6.1.4.1.12148.10.9.8.5.1.2.11,Integer,204
.1.3.6.1.4.1.12148.10.9.8.5.1.2.12,Integer,199
.1.3.6.1.4.1.12148.10.9.8.5.1.2.13,Integer,199
.1.3.6.1.4.1.12148.10.9.8.5.1.2.14,Integer,189
.1.3.6.1.4.1.12148.10.9.8.5.1.2.15,Integer,200
.1.3.6.1.4.1.12148.10.9.8.5.1.2.16,Integer,201
.1.3.6.1.4.1.12148.10.9.8.5.1.2.17,Integer,205
.1.3.6.1.4.1.12148.10.9.8.5.1.2.18,Integer,205
.1.3.6.1.4.1.12148.10.9.8.5.1.2.19,Integer,199
.1.3.6.1.4.1.12148.10.9.8.5.1.2.20,Integer,200
.1.3.6.1.4.1.12148.10.9.8.5.1.2.21,Integer,200
.1.3.6.1.4.1.12148.10.9.8.5.1.2.22,Integer,201
.1.3.6.1.4.1.12148.10.9.8.5.1.2.23,Integer,199
.1.3.6.1.4.1.12148.10.9.8.5.1.2.24,Integer,201
.1.3.6.1.4.1.12148.10.9.8.5.1.2.25,Integer,201
.1.3.6.1.4.1.12148.10.9.8.5.1.2.26,Integer,199
.1.3.6.1.4.1.12148.10.9.8.5.1.2.27,Integer,200
.1.3.6.1.4.1.12148.10.9.8.5.1.2.28,Integer,199
.1.3.6.1.4.1.12148.10.9.8.5.1.2.29,Integer,199
.1.3.6.1.4.1.12148.10.9.8.5.1.2.30,Integer,199
.1.3.6.1.4.1.12148.10.9.8.5.1.2.31,Integer,205
.1.3.6.1.4.1.12148.10.9.8.5.1.2.32,Integer,202
.1.3.6.1.4.1.12148.10.9.8.5.1.2.33,Integer,199
.1.3.6.1.4.1.12148.10.9.8.5.1.2.34,Integer,199
.1.3.6.1.4.1.12148.10.9.8.5.1.2.35,Integer,202
.1.3.6.1.4.1.12148.10.9.8.5.1.2.36,Integer,202
.1.3.6.1.4.1.12148.10.9.8.5.1.2.37,Integer,202
.1.3.6.1.4.1.12148.10.9.8.5.1.2.38,Integer,201
.1.3.6.1.4.1.12148.10.9.8.5.1.2.39,Integer,207
.1.3.6.1.4.1.12148.10.9.8.5.1.2.40,Integer,202
.1.3.6.1.4.1.12148.10.9.8.5.1.2.41,Integer,202
.1.3.6.1.4.1.12148.10.9.8.5.1.2.42,Integer,203
.1.3.6.1.4.1.12148.10.9.8.5.1.2.43,Integer,202
.1.3.6.1.4.1.12148.10.9.8.5.1.2.44,Integer,201
.1.3.6.1.4.1.12148.10.9.8.5.1.2.45,Integer,205
.1.3.6.1.4.1.12148.10.9.8.5.1.2.46,Integer,210
.1.3.6.1.4.1.12148.10.9.8.5.1.2.47,Integer,202
.1.3.6.1.4.1.12148.10.9.8.5.1.2.48,Integer,200
.1.3.6.1.4.1.12148.10.9.8.5.1.2.49,Integer,206
.1.3.6.1.4.1.12148.10.9.8.5.1.2.50,Integer,203
.1.3.6.1.4.1.12148.10.9.8.5.1.2.51,Integer,203
.1.3.6.1.4.1.12148.10.9.8.5.1.2.52,Integer,93
.1.3.6.1.4.1.12148.10.9.8.6.0,Integer,52
.1.3.6.1.4.1.12148.10.9.8.7.1.2.1,Integer,1440
.1.3.6.1.4.1.12148.10.9.8.7.1.2.2,Integer,1397
.1.3.6.1.4.1.12148.10.9.8.7.1.2.3,Integer,1404
.1.3.6.1.4.1.12148.10.9.8.7.1.2.4,Integer,1402
.1.3.6.1.4.1.12148.10.9.8.7.1.2.5,Integer,1408
.1.3.6.1.4.1.12148.10.9.8.7.1.2.6,Integer,1422
.1.3.6.1.4.1.12148.10.9.8.7.1.2.7,Integer,1431
.1.3.6.1.4.1.12148.10.9.8.7.1.2.8,Integer,1426
.1.3.6.1.4.1.12148.10.9.8.7.1.2.9,Integer,1436
.1.3.6.1.4.1.12148.10.9.8.7.1.2.10,Integer,1515
.1.3.6.1.4.1.12148.10.9.8.7.1.2.11,Integer,1436
.1.3.6.1.4.1.12148.10.9.8.7.1.2.12,Integer,1349
.1.3.6.1.4.1.12148.10.9.8.7.1.2.13,Integer,1186
.1.3.6.1.4.1.12148.10.9.8.7.1.2.14,Integer,1407
.1.3.6.1.4.1.12148.10.9.8.7.1.2.15,Integer,1436
.1.3.6.1.4.1.12148.10.9.8.7.1.2.16,Integer,1425
.1.3.6.1.4.1.12148.10.9.8.7.1.2.17,Integer,1434
.1.3.6.1.4.1.12148.10.9.8.7.1.2.18,Integer,1501
.1.3.6.1.4.1.12148.10.9.8.7.1.2.19,Integer,1447
.1.3.6.1.4.1.12148.10.9.8.7.1.2.20,Integer,1442
.1.3.6.1.4.1.12148.10.9.8.7.1.2.21,Integer,1447
.1.3.6.1.4.1.12148.10.9.8.7.1.2.22,Integer,1464
.1.3.6.1.4.1.12148.10.9.8.7.1.2.23,Integer,1445
.1.3.6.1.4.1.12148.10.9.8.7.1.2.24,Integer,1423
.1.3.6.1.4.1.12148.10.9.8.7.1.2.25,Integer,1415
.1.3.6.1.4.1.12148.10.9.8.7.1.2.26,Integer,1418
.1.3.6.1.4.1.12148.10.9.8.7.1.2.27,Integer,1418
.1.3.6.1.4.1.12148.10.9.8.7.1.2.28,Integer,1434
.1.3.6.1.4.1.12148.10.9.8.7.1.2.29,Integer,1442
.1.3.6.1.4.1.12148.10.9.8.7.1.2.30,Integer,1425
.1.3.6.1.4.1.12148.10.9.8.7.1.2.31,Integer,1435
.1.3.6.1.4.1.12148.10.9.8.7.1.2.32,Integer,1416
.1.3.6.1.4.1.12148.10.9.8.7.1.2.33,Integer,1409
.1.3.6.1.4.1.12148.10.9.8.7.1.2.34,Integer,1411
.1.3.6.1.4.1.12148.10.9.8.7.1.2.35,Integer,1445
.1.3.6.1.4.1.12148.10.9.8.7.1.2.36,Integer,1406
.1.3.6.1.4.1.12148.10.9.8.7.1.2.37,Integer,1395
.1.3.6.1.4.1.12148.10.9.8.7.1.2.38,Integer,1379
.1.3.6.1.4.1.12148.10.9.8.7.1.2.39,Integer,1357
.1.3.6.1.4.1.12148.10.9.8.7.1.2.40,Integer,1377
.1.3.6.1.4.1.12148.10.9.8.7.1.2.41,Integer,1379
.1.3.6.1.4.1.12148.10.9.8.7.1.2.42,Integer,1372
.1.3.6.1.4.1.12148.10.9.8.7.1.2.43,Integer,1358
.1.3.6.1.4.1.12148.10.9.8.7.1.2.44,Integer,1345
.1.3.6.1.4.1.12148.10.9.8.7.1.2.45,Integer,1389
.1.3.6.1.4.1.12148.10.9.8.7.1.2.46,Integer,1346
.1.3.6.1.4.1.12148.10.9.8.7.1.2.47,Integer,1355
.1.3.6.1.4.1.12148.10.9.8.7.1.2.48,Integer,1366
.1.3.6.1.4.1.12148.10.9.8.7.1.2.49,Integer,1389
.1.3.6.1.4.1.12148.10.9.8.7.1.2.50,Integer,1468
.1.3.6.1.4.1.12148.10.9.8.7.1.2.51,Integer,1432
.1.3.6.1.4.1.12148.10.9.8.7.1.2.52,Integer,699
.1.3.6.1.4.1.12148.10.10.1.0,Integer,1
.1.3.6.1.4.1.12148.10.10.2.0,OctetString,"""LiIonTemplate"""
.1.3.6.1.4.1.12148.10.10.3.0,Integer,5120
.1.3.6.1.4.1.12148.10.10.4.0,Integer,1
.1.3.6.1.4.1.12148.10.10.5.1.0,Integer,1
.1.3.6.1.4.1.12148.10.10.5.2.0,OctetString,"""BatteryVoltage  """
.1.3.6.1.4.1.12148.10.10.5.4.0,Integer,1
.1.3.6.1.4.1.12148.10.10.5.5.0,Integer,5113
.1.3.6.1.4.1.12148.10.10.5.6.0,Integer,5700
.1.3.6.1.4.1.12148.10.10.5.7.0,Integer,5680
.1.3.6.1.4.1.12148.10.10.5.8.0,Integer,4800
.1.3.6.1.4.1.12148.10.10.5.9.0,Integer,4630
.1.3.6.1.4.1.12148.10.10.6.1.0,Integer,4
.1.3.6.1.4.1.12148.10.10.6.2.0,OctetString,"""BatteryCurrent  """
.1.3.6.1.4.1.12148.10.10.6.4.0,Integer,0
.1.3.6.1.4.1.12148.10.10.6.5.0,Integer,3
.1.3.6.1.4.1.12148.10.10.6.6.0,Integer,500
.1.3.6.1.4.1.12148.10.10.6.7.0,Integer,300
.1.3.6.1.4.1.12148.10.10.6.8.0,Integer,-300
.1.3.6.1.4.1.12148.10.10.6.9.0,Integer,-500
.1.3.6.1.4.1.12148.10.10.7.1.0,Integer,1
.1.3.6.1.4.1.12148.10.10.7.2.0,OctetString,"""BatteryTemp     """
.1.3.6.1.4.1.12148.10.10.7.4.0,Integer,1
.1.3.6.1.4.1.12148.10.10.7.5.0,Integer,20
.1.3.6.1.4.1.12148.10.10.7.6.0,Integer,40
.1.3.6.1.4.1.12148.10.10.7.7.0,Integer,33
.1.3.6.1.4.1.12148.10.10.7.8.0,Integer,-5
.1.3.6.1.4.1.12148.10.10.7.9.0,Integer,-10
.1.3.6.1.4.1.12148.10.10.8.1.0,Integer,4
.1.3.6.1.4.1.12148.10.10.8.2.0,OctetString,"""BatteryTimeLeft """
.1.3.6.1.4.1.12148.10.10.8.4.0,Integer,0
.1.3.6.1.4.1.12148.10.10.8.5.0,Gauge32,234
.1.3.6.1.4.1.12148.10.10.8.6.0,Gauge32,25
.1.3.6.1.4.1.12148.10.10.8.7.0,Gauge32,20
.1.3.6.1.4.1.12148.10.10.9.1.0,Integer,4
.1.3.6.1.4.1.12148.10.10.9.2.0,OctetString,"""BatteryRemCap   """
.1.3.6.1.4.1.12148.10.10.9.4.0,Integer,0
.1.3.6.1.4.1.12148.10.10.9.5.0,Integer,750
.1.3.6.1.4.1.12148.10.10.9.6.0,Integer,92
.1.3.6.1.4.1.12148.10.10.9.7.0,Integer,75
.1.3.6.1.4.1.12148.10.10.10.1.0,Integer,4
.1.3.6.1.4.1.12148.10.10.10.2.0,OctetString,"""BatteryUsedCap  """
.1.3.6.1.4.1.12148.10.10.10.4.0,Integer,0
.1.3.6.1.4.1.12148.10.10.10.5.0,Integer,0
.1.3.6.1.4.1.12148.10.10.10.6.0,Integer,92
.1.3.6.1.4.1.12148.10.10.10.7.0,Integer,75
.1.3.6.1.4.1.12148.10.10.11.1.0,Integer,4
.1.3.6.1.4.1.12148.10.10.11.2.0,OctetString,"""BatteryTotCap   """
.1.3.6.1.4.1.12148.10.10.11.4.0,Integer,0
.1.3.6.1.4.1.12148.10.10.11.5.0,Integer,750
.1.3.6.1.4.1.12148.10.10.11.6.0,Integer,300
.1.3.6.1.4.1.12148.10.10.11.7.0,Integer,280
.1.3.6.1.4.1.12148.10.10.12.1.0,Integer,1
.1.3.6.1.4.1.12148.10.10.12.2.0,OctetString,"""BatteryQuality  """
.1.3.6.1.4.1.12148.10.10.12.4.0,Integer,1
.1.3.6.1.4.1.12148.10.10.12.5.0,Integer,0
.1.3.6.1.4.1.12148.10.10.12.6.0,Integer,80
.1.3.6.1.4.1.12148.10.10.12.7.0,Integer,75
.1.3.6.1.4.1.12148.10.10.13.1.0,Integer,1
.1.3.6.1.4.1.12148.10.10.13.2.0,OctetString,"""LVBD """
.1.3.6.1.4.1.12148.10.10.13.4.0,Integer,1
.1.3.6.1.4.1.12148.10.10.13.5.0,Integer,0
.1.3.6.1.4.1.12148.10.10.13.6.0,Integer,4800
.1.3.6.1.4.1.12148.10.10.13.7.0,Integer,4580
.1.3.6.1.4.1.12148.10.10.14.1.0,Integer,1
.1.3.6.1.4.1.12148.10.10.14.2.0,Integer,90
.1.3.6.1.4.1.12148.10.10.15.1.0,Integer,5376
.1.3.6.1.4.1.12148.10.10.15.2.0,Integer,0
.1.3.6.1.4.1.12148.10.10.15.3.0,Integer,10
.1.3.6.1.4.1.12148.10.10.15.4.0,Integer,120
.1.3.6.1.4.1.12148.10.10.16.1.0,Integer,190
.1.3.6.1.4.1.12148.10.10.16.2.0,Integer,0
.1.3.6.1.4.1.12148.10.10.16.3.0,Integer,0
.1.3.6.1.4.1.12148.10.10.16.5.0,Gauge32,720
.1.3.6.1.4.1.12148.10.10.16.6.0,Integer,1
.1.3.6.1.4.1.12148.10.10.16.7.0,Integer,0
.1.3.6.1.4.1.12148.10.10.16.8.0,Integer,-10
.1.3.6.1.4.1.12148.10.10.16.9.0,Integer,0
.1.3.6.1.4.1.12148.10.10.17.1.0,Integer,0
.1.3.6.1.4.1.12148.10.10.18.1.0,Integer,1
.1.3.6.1.4.1.12148.10.10.18.2.1.2.1,Integer,1
.1.3.6.1.4.1.12148.10.10.18.2.1.3.1,Integer,3
.1.3.6.1.4.1.12148.10.10.18.2.1.4.1,Integer,1
.1.3.6.1.4.1.12148.10.10.18.2.1.5.1,Integer,1
.1.3.6.1.4.1.12148.10.10.18.2.1.6.1,Integer,0
.1.3.6.1.4.1.12148.10.10.18.3.1.2.1.1,Integer,1
.1.3.6.1.4.1.12148.10.10.18.3.1.2.1.2,Integer,1
.1.3.6.1.4.1.12148.10.10.18.3.1.2.1.3,Integer,4
.1.3.6.1.4.1.12148.10.10.18.3.1.3.1.1,OctetString,"""BatteryTemp1.1"""
.1.3.6.1.4.1.12148.10.10.18.3.1.3.1.2,OctetString,"""BatteryTemp1.2"""
.1.3.6.1.4.1.12148.10.10.18.3.1.3.1.3,OctetString,"""BatteryTemp1.3"""
.1.3.6.1.4.1.12148.10.10.18.3.1.5.1.1,Integer,1
.1.3.6.1.4.1.12148.10.10.18.3.1.5.1.2,Integer,1
.1.3.6.1.4.1.12148.10.10.18.3.1.5.1.3,Integer,0
.1.3.6.1.4.1.12148.10.10.18.3.1.6.1.1,Integer,20
.1.3.6.1.4.1.12148.10.10.18.3.1.6.1.2,Integer,16
.1.3.6.1.4.1.12148.10.10.18.3.1.6.1.3,Integer,-38
.1.3.6.1.4.1.12148.10.10.18.3.1.7.1.1,Integer,40
.1.3.6.1.4.1.12148.10.10.18.3.1.7.1.2,Integer,40
.1.3.6.1.4.1.12148.10.10.18.3.1.7.1.3,Integer,40
.1.3.6.1.4.1.12148.10.10.18.3.1.8.1.1,Integer,33
.1.3.6.1.4.1.12148.10.10.18.3.1.8.1.2,Integer,33
.1.3.6.1.4.1.12148.10.10.18.3.1.8.1.3,Integer,33
.1.3.6.1.4.1.12148.10.10.18.3.1.9.1.1,Integer,-5
.1.3.6.1.4.1.12148.10.10.18.3.1.9.1.2,Integer,-5
.1.3.6.1.4.1.12148.10.10.18.3.1.9.1.3,Integer,-5
.1.3.6.1.4.1.12148.10.10.18.3.1.10.1.1,Integer,-10
.1.3.6.1.4.1.12148.10.10.18.3.1.10.1.2,Integer,-10
.1.3.6.1.4.1.12148.10.10.18.3.1.10.1.3,Integer,-10
.1.3.6.1.4.1.12148.10.10.18.4.1.2.1.1,Integer,1
.1.3.6.1.4.1.12148.10.10.18.4.1.3.1.1,OctetString,"""BattCurr bank 1"""
.1.3.6.1.4.1.12148.10.10.18.4.1.5.1.1,Integer,1
.1.3.6.1.4.1.12148.10.10.18.4.1.6.1.1,Integer,3
.1.3.6.1.4.1.12148.10.10.18.4.1.7.1.1,Integer,450
.1.3.6.1.4.1.12148.10.10.18.4.1.8.1.1,Integer,400
.1.3.6.1.4.1.12148.10.10.18.4.1.9.1.1,Integer,-400
.1.3.6.1.4.1.12148.10.10.18.4.1.10.1.1,Integer,-450
.1.3.6.1.4.1.12148.10.10.18.5.1.2.1.1,Integer,1
.1.3.6.1.4.1.12148.10.10.18.5.1.3.1.1,OctetString,"""BattFuses  1"""
.1.3.6.1.4.1.12148.10.10.18.5.1.5.1.1,Integer,1
.1.3.6.1.4.1.12148.10.10.18.5.1.6.1.1,Integer,0
.1.3.6.1.4.1.12148.10.10.19.1.0,Integer,0
.1.3.6.1.4.1.12148.10.10.20.1.0,Integer,1627396
.1.3.6.1.4.1.12148.10.10.20.2.0,Integer,52
.1.3.6.1.4.1.12148.10.10.20.3.1.2.1,Integer,141
.1.3.6.1.4.1.12148.10.10.20.3.1.2.2,Integer,134
.1.3.6.1.4.1.12148.10.10.20.3.1.2.3,Integer,131
.1.3.6.1.4.1.12148.10.10.20.3.1.2.4,Integer,128
.1.3.6.1.4.1.12148.10.10.20.3.1.2.5,Integer,125
.1.3.6.1.4.1.12148.10.10.20.3.1.2.6,Integer,120
.1.3.6.1.4.1.12148.10.10.20.3.1.2.7,Integer,125
.1.3.6.1.4.1.12148.10.10.20.3.1.2.8,Integer,121
.1.3.6.1.4.1.12148.10.10.20.3.1.2.9,Integer,119
.1.3.6.1.4.1.12148.10.10.20.3.1.2.10,Integer,122
.1.3.6.1.4.1.12148.10.10.20.3.1.2.11,Integer,132
.1.3.6.1.4.1.12148.10.10.20.3.1.2.12,Integer,142
.1.3.6.1.4.1.12148.10.10.20.3.1.2.13,Integer,144
.1.3.6.1.4.1.12148.10.10.20.3.1.2.14,Integer,148
.1.3.6.1.4.1.12148.10.10.20.3.1.2.15,Integer,139
.1.3.6.1.4.1.12148.10.10.20.3.1.2.16,Integer,142
.1.3.6.1.4.1.12148.10.10.20.3.1.2.17,Integer,138
.1.3.6.1.4.1.12148.10.10.20.3.1.2.18,Integer,134
.1.3.6.1.4.1.12148.10.10.20.3.1.2.19,Integer,135
.1.3.6.1.4.1.12148.10.10.20.3.1.2.20,Integer,137
.1.3.6.1.4.1.12148.10.10.20.3.1.2.21,Integer,137
.1.3.6.1.4.1.12148.10.10.20.3.1.2.22,Integer,134
.1.3.6.1.4.1.12148.10.10.20.3.1.2.23,Integer,135
.1.3.6.1.4.1.12148.10.10.20.3.1.2.24,Integer,138
.1.3.6.1.4.1.12148.10.10.20.3.1.2.25,Integer,139
.1.3.6.1.4.1.12148.10.10.20.3.1.2.26,Integer,141
.1.3.6.1.4.1.12148.10.10.20.3.1.2.27,Integer,140
.1.3.6.1.4.1.12148.10.10.20.3.1.2.28,Integer,130
.1.3.6.1.4.1.12148.10.10.20.3.1.2.29,Integer,123
.1.3.6.1.4.1.12148.10.10.20.3.1.2.30,Integer,124
.1.3.6.1.4.1.12148.10.10.20.3.1.2.31,Integer,127
.1.3.6.1.4.1.12148.10.10.20.3.1.2.32,Integer,125
.1.3.6.1.4.1.12148.10.10.20.3.1.2.33,Integer,122
.1.3.6.1.4.1.12148.10.10.20.3.1.2.34,Integer,123
.1.3.6.1.4.1.12148.10.10.20.3.1.2.35,Integer,128
.1.3.6.1.4.1.12148.10.10.20.3.1.2.36,Integer,138
.1.3.6.1.4.1.12148.10.10.20.3.1.2.37,Integer,147
.1.3.6.1.4.1.12148.10.10.20.3.1.2.38,Integer,148
.1.3.6.1.4.1.12148.10.10.20.3.1.2.39,Integer,147
.1.3.6.1.4.1.12148.10.10.20.3.1.2.40,Integer,147
.1.3.6.1.4.1.12148.10.10.20.3.1.2.41,Integer,143
.1.3.6.1.4.1.12148.10.10.20.3.1.2.42,Integer,138
.1.3.6.1.4.1.12148.10.10.20.3.1.2.43,Integer,137
.1.3.6.1.4.1.12148.10.10.20.3.1.2.44,Integer,137
.1.3.6.1.4.1.12148.10.10.20.3.1.2.45,Integer,137
.1.3.6.1.4.1.12148.10.10.20.3.1.2.46,Integer,140
.1.3.6.1.4.1.12148.10.10.20.3.1.2.47,Integer,138
.1.3.6.1.4.1.12148.10.10.20.3.1.2.48,Integer,136
.1.3.6.1.4.1.12148.10.10.20.3.1.2.49,Integer,142
.1.3.6.1.4.1.12148.10.10.20.3.1.2.50,Integer,133
.1.3.6.1.4.1.12148.10.10.20.3.1.2.51,Integer,128
.1.3.6.1.4.1.12148.10.10.20.3.1.2.52,Integer,0
.1.3.6.1.4.1.12148.10.10.20.4.0,Integer,52
.1.3.6.1.4.1.12148.10.10.20.5.1.2.1,Integer,3
.1.3.6.1.4.1.12148.10.10.20.5.1.2.2,Integer,3
.1.3.6.1.4.1.12148.10.10.20.5.1.2.3,Integer,3
.1.3.6.1.4.1.12148.10.10.20.5.1.2.4,Integer,3
.1.3.6.1.4.1.12148.10.10.20.5.1.2.5,Integer,3
.1.3.6.1.4.1.12148.10.10.20.5.1.2.6,Integer,3
.1.3.6.1.4.1.12148.10.10.20.5.1.2.7,Integer,3
.1.3.6.1.4.1.12148.10.10.20.5.1.2.8,Integer,4
.1.3.6.1.4.1.12148.10.10.20.5.1.2.9,Integer,3
.1.3.6.1.4.1.12148.10.10.20.5.1.2.10,Integer,3
.1.3.6.1.4.1.12148.10.10.20.5.1.2.11,Integer,3
.1.3.6.1.4.1.12148.10.10.20.5.1.2.12,Integer,3
.1.3.6.1.4.1.12148.10.10.20.5.1.2.13,Integer,10
.1.3.6.1.4.1.12148.10.10.20.5.1.2.14,Integer,1
.1.3.6.1.4.1.12148.10.10.20.5.1.2.15,Integer,3
.1.3.6.1.4.1.12148.10.10.20.5.1.2.16,Integer,3
.1.3.6.1.4.1.12148.10.10.20.5.1.2.17,Integer,3
.1.3.6.1.4.1.12148.10.10.20.5.1.2.18,Integer,3
.1.3.6.1.4.1.12148.10.10.20.5.1.2.19,Integer,3
.1.3.6.1.4.1.12148.10.10.20.5.1.2.20,Integer,3
.1.3.6.1.4.1.12148.10.10.20.5.1.2.21,Integer,3
.1.3.6.1.4.1.12148.10.10.20.5.1.2.22,Integer,3
.1.3.6.1.4.1.12148.10.10.20.5.1.2.23,Integer,3
.1.3.6.1.4.1.12148.10.10.20.5.1.2.24,Integer,3
.1.3.6.1.4.1.12148.10.10.20.5.1.2.25,Integer,3
.1.3.6.1.4.1.12148.10.10.20.5.1.2.26,Integer,3
.1.3.6.1.4.1.12148.10.10.20.5.1.2.27,Integer,3
.1.3.6.1.4.1.12148.10.10.20.5.1.2.28,Integer,3
.1.3.6.1.4.1.12148.10.10.20.5.1.2.29,Integer,3
.1.3.6.1.4.1.12148.10.10.20.5.1.2.30,Integer,3
.1.3.6.1.4.1.12148.10.10.20.5.1.2.31,Integer,3
.1.3.6.1.4.1.12148.10.10.20.5.1.2.32,Integer,3
.1.3.6.1.4.1.12148.10.10.20.5.1.2.33,Integer,3
.1.3.6.1.4.1.12148.10.10.20.5.1.2.34,Integer,3
.1.3.6.1.4.1.12148.10.10.20.5.1.2.35,Integer,3
.1.3.6.1.4.1.12148.10.10.20.5.1.2.36,Integer,4
.1.3.6.1.4.1.12148.10.10.20.5.1.2.37,Integer,9
.1.3.6.1.4.1.12148.10.10.20.5.1.2.38,Integer,3
.1.3.6.1.4.1.12148.10.10.20.5.1.2.39,Integer,3
.1.3.6.1.4.1.12148.10.10.20.5.1.2.40,Integer,3
.1.3.6.1.4.1.12148.10.10.20.5.1.2.41,Integer,3
.1.3.6.1.4.1.12148.10.10.20.5.1.2.42,Integer,3
.1.3.6.1.4.1.12148.10.10.20.5.1.2.43,Integer,3
.1.3.6.1.4.1.12148.10.10.20.5.1.2.44,Integer,3
.1.3.6.1.4.1.12148.10.10.20.5.1.2.45,Integer,3
.1.3.6.1.4.1.12148.10.10.20.5.1.2.46,Integer,3
.1.3.6.1.4.1.12148.10.10.20.5.1.2.47,Integer,3
.1.3.6.1.4.1.12148.10.10.20.5.1.2.48,Integer,3
.1.3.6.1.4.1.12148.10.10.20.5.1.2.49,Integer,3
.1.3.6.1.4.1.12148.10.10.20.5.1.2.50,Integer,3
.1.3.6.1.4.1.12148.10.10.20.5.1.2.51,Integer,3
.1.3.6.1.4.1.12148.10.10.20.5.1.2.52,Integer,2
.1.3.6.1.4.1.12148.10.10.20.6.0,Integer,52
.1.3.6.1.4.1.12148.10.10.20.7.1.2.1,Integer,23
.1.3.6.1.4.1.12148.10.10.20.7.1.2.2,Integer,25
.1.3.6.1.4.1.12148.10.10.20.7.1.2.3,Integer,22
.1.3.6.1.4.1.12148.10.10.20.7.1.2.4,Integer,22
.1.3.6.1.4.1.12148.10.10.20.7.1.2.5,Integer,28
.1.3.6.1.4.1.12148.10.10.20.7.1.2.6,Integer,22
.1.3.6.1.4.1.12148.10.10.20.7.1.2.7,Integer,22
.1.3.6.1.4.1.12148.10.10.20.7.1.2.8,Integer,27
.1.3.6.1.4.1.12148.10.10.20.7.1.2.9,Integer,22
.1.3.6.1.4.1.12148.10.10.20.7.1.2.10,Integer,20
.1.3.6.1.4.1.12148.10.10.20.7.1.2.11,Integer,22
.1.3.6.1.4.1.12148.10.10.20.7.1.2.12,Integer,22
.1.3.6.1.4.1.12148.10.10.20.7.1.2.13,Integer,47
.1.3.6.1.4.1.12148.10.10.20.7.1.2.14,Integer,43
.1.3.6.1.4.1.12148.10.10.20.7.1.2.15,Integer,16
.1.3.6.1.4.1.12148.10.10.20.7.1.2.16,Integer,22
.1.3.6.1.4.1.12148.10.10.20.7.1.2.17,Integer,22
.1.3.6.1.4.1.12148.10.10.20.7.1.2.18,Integer,22
.1.3.6.1.4.1.12148.10.10.20.7.1.2.19,Integer,22
.1.3.6.1.4.1.12148.10.10.20.7.1.2.20,Integer,23
.1.3.6.1.4.1.12148.10.10.20.7.1.2.21,Integer,22
.1.3.6.1.4.1.12148.10.10.20.7.1.2.22,Integer,23
.1.3.6.1.4.1.12148.10.10.20.7.1.2.23,Integer,23
.1.3.6.1.4.1.12148.10.10.20.7.1.2.24,Integer,22
.1.3.6.1.4.1.12148.10.10.20.7.1.2.25,Integer,20
.1.3.6.1.4.1.12148.10.10.20.7.1.2.26,Integer,21
.1.3.6.1.4.1.12148.10.10.20.7.1.2.27,Integer,21
.1.3.6.1.4.1.12148.10.10.20.7.1.2.28,Integer,22
.1.3.6.1.4.1.12148.10.10.20.7.1.2.29,Integer,23
.1.3.6.1.4.1.12148.10.10.20.7.1.2.30,Integer,23
.1.3.6.1.4.1.12148.10.10.20.7.1.2.31,Integer,23
.1.3.6.1.4.1.12148.10.10.20.7.1.2.32,Integer,23
.1.3.6.1.4.1.12148.10.10.20.7.1.2.33,Integer,23
.1.3.6.1.4.1.12148.10.10.20.7.1.2.34,Integer,23
.1.3.6.1.4.1.12148.10.10.20.7.1.2.35,Integer,23
.1.3.6.1.4.1.12148.10.10.20.7.1.2.36,Integer,23
.1.3.6.1.4.1.12148.10.10.20.7.1.2.37,Integer,23
.1.3.6.1.4.1.12148.10.10.20.7.1.2.38,Integer,22
.1.3.6.1.4.1.12148.10.10.20.7.1.2.39,Integer,20
.1.3.6.1.4.1.12148.10.10.20.7.1.2.40,Integer,19
.1.3.6.1.4.1.12148.10.10.20.7.1.2.41,Integer,19
.1.3.6.1.4.1.12148.10.10.20.7.1.2.42,Integer,19
.1.3.6.1.4.1.12148.10.10.20.7.1.2.43,Integer,18
.1.3.6.1.4.1.12148.10.10.20.7.1.2.44,Integer,27
.1.3.6.1.4.1.12148.10.10.20.7.1.2.45,Integer,18
.1.3.6.1.4.1.12148.10.10.20.7.1.2.46,Integer,28
.1.3.6.1.4.1.12148.10.10.20.7.1.2.47,Integer,19
.1.3.6.1.4.1.12148.10.10.20.7.1.2.48,Integer,18
.1.3.6.1.4.1.12148.10.10.20.7.1.2.49,Integer,18
.1.3.6.1.4.1.12148.10.10.20.7.1.2.50,Integer,19
.1.3.6.1.4.1.12148.10.10.20.7.1.2.51,Integer,15
.1.3.6.1.4.1.12148.10.10.20.7.1.2.52,Integer,11
.1.3.6.1.4.1.12148.10.10.21.1.0,Integer,26
.1.3.6.1.4.1.12148.10.10.21.2.0,Integer,52
.1.3.6.1.4.1.12148.10.10.21.3.1.2.1,Integer,0
.1.3.6.1.4.1.12148.10.10.21.3.1.2.2,Integer,0
.1.3.6.1.4.1.12148.10.10.21.3.1.2.3,Integer,0
.1.3.6.1.4.1.12148.10.10.21.3.1.2.4,Integer,0
.1.3.6.1.4.1.12148.10.10.21.3.1.2.5,Integer,0
.1.3.6.1.4.1.12148.10.10.21.3.1.2.6,Integer,0
.1.3.6.1.4.1.12148.10.10.21.3.1.2.7,Integer,0
.1.3.6.1.4.1.12148.10.10.21.3.1.2.8,Integer,1
.1.3.6.1.4.1.12148.10.10.21.3.1.2.9,Integer,0
.1.3.6.1.4.1.12148.10.10.21.3.1.2.10,Integer,0
.1.3.6.1.4.1.12148.10.10.21.3.1.2.11,Integer,0
.1.3.6.1.4.1.12148.10.10.21.3.1.2.12,Integer,0
.1.3.6.1.4.1.12148.10.10.21.3.1.2.13,Integer,0
.1.3.6.1.4.1.12148.10.10.21.3.1.2.14,Integer,0
.1.3.6.1.4.1.12148.10.10.21.3.1.2.15,Integer,0
.1.3.6.1.4.1.12148.10.10.21.3.1.2.16,Integer,0
.1.3.6.1.4.1.12148.10.10.21.3.1.2.17,Integer,0
.1.3.6.1.4.1.12148.10.10.21.3.1.2.18,Integer,0
.1.3.6.1.4.1.12148.10.10.21.3.1.2.19,Integer,0
.1.3.6.1.4.1.12148.10.10.21.3.1.2.20,Integer,0
.1.3.6.1.4.1.12148.10.10.21.3.1.2.21,Integer,0
.1.3.6.1.4.1.12148.10.10.21.3.1.2.22,Integer,0
.1.3.6.1.4.1.12148.10.10.21.3.1.2.23,Integer,0
.1.3.6.1.4.1.12148.10.10.21.3.1.2.24,Integer,0
.1.3.6.1.4.1.12148.10.10.21.3.1.2.25,Integer,0
.1.3.6.1.4.1.12148.10.10.21.3.1.2.26,Integer,0
.1.3.6.1.4.1.12148.10.10.21.3.1.2.27,Integer,0
.1.3.6.1.4.1.12148.10.10.21.3.1.2.28,Integer,0
.1.3.6.1.4.1.12148.10.10.21.3.1.2.29,Integer,0
.1.3.6.1.4.1.12148.10.10.21.3.1.2.30,Integer,0
.1.3.6.1.4.1.12148.10.10.21.3.1.2.31,Integer,0
.1.3.6.1.4.1.12148.10.10.21.3.1.2.32,Integer,0
.1.3.6.1.4.1.12148.10.10.21.3.1.2.33,Integer,0
.1.3.6.1.4.1.12148.10.10.21.3.1.2.34,Integer,0
.1.3.6.1.4.1.12148.10.10.21.3.1.2.35,Integer,0
.1.3.6.1.4.1.12148.10.10.21.3.1.2.36,Integer,0
.1.3.6.1.4.1.12148.10.10.21.3.1.2.37,Integer,2
.1.3.6.1.4.1.12148.10.10.21.3.1.2.38,Integer,0
.1.3.6.1.4.1.12148.10.10.21.3.1.2.39,Integer,0
.1.3.6.1.4.1.12148.10.10.21.3.1.2.40,Integer,0
.1.3.6.1.4.1.12148.10.10.21.3.1.2.41,Integer,0
.1.3.6.1.4.1.12148.10.10.21.3.1.2.42,Integer,0
.1.3.6.1.4.1.12148.10.10.21.3.1.2.43,Integer,0
.1.3.6.1.4.1.12148.10.10.21.3.1.2.44,Integer,0
.1.3.6.1.4.1.12148.10.10.21.3.1.2.45,Integer,0
.1.3.6.1.4.1.12148.10.10.21.3.1.2.46,Integer,0
.1.3.6.1.4.1.12148.10.10.21.3.1.2.47,Integer,0
.1.3.6.1.4.1.12148.10.10.21.3.1.2.48,Integer,0
.1.3.6.1.4.1.12148.10.10.21.3.1.2.49,Integer,0
.1.3.6.1.4.1.12148.10.10.21.3.1.2.50,Integer,0
.1.3.6.1.4.1.12148.10.10.21.3.1.2.51,Integer,0
.1.3.6.1.4.1.12148.10.10.21.3.1.2.52,Integer,0
.1.3.6.1.4.1.12148.10.10.21.4.0,Integer,52
.1.3.6.1.4.1.12148.10.10.21.5.1.2.1,Integer,1
.1.3.6.1.4.1.12148.10.10.21.5.1.2.2,Integer,0
.1.3.6.1.4.1.12148.10.10.21.5.1.2.3,Integer,0
.1.3.6.1.4.1.12148.10.10.21.5.1.2.4,Integer,0
.1.3.6.1.4.1.12148.10.10.21.5.1.2.5,Integer,2
.1.3.6.1.4.1.12148.10.10.21.5.1.2.6,Integer,0
.1.3.6.1.4.1.12148.10.10.21.5.1.2.7,Integer,0
.1.3.6.1.4.1.12148.10.10.21.5.1.2.8,Integer,0
.1.3.6.1.4.1.12148.10.10.21.5.1.2.9,Integer,0
.1.3.6.1.4.1.12148.10.10.21.5.1.2.10,Integer,0
.1.3.6.1.4.1.12148.10.10.21.5.1.2.11,Integer,0
.1.3.6.1.4.1.12148.10.10.21.5.1.2.12,Integer,0
.1.3.6.1.4.1.12148.10.10.21.5.1.2.13,Integer,2
.1.3.6.1.4.1.12148.10.10.21.5.1.2.14,Integer,3
.1.3.6.1.4.1.12148.10.10.21.5.1.2.15,Integer,1
.1.3.6.1.4.1.12148.10.10.21.5.1.2.16,Integer,1
.1.3.6.1.4.1.12148.10.10.21.5.1.2.17,Integer,0
.1.3.6.1.4.1.12148.10.10.21.5.1.2.18,Integer,4
.1.3.6.1.4.1.12148.10.10.21.5.1.2.19,Integer,0
.1.3.6.1.4.1.12148.10.10.21.5.1.2.20,Integer,0
.1.3.6.1.4.1.12148.10.10.21.5.1.2.21,Integer,0
.1.3.6.1.4.1.12148.10.10.21.5.1.2.22,Integer,0
.1.3.6.1.4.1.12148.10.10.21.5.1.2.23,Integer,0
.1.3.6.1.4.1.12148.10.10.21.5.1.2.24,Integer,0
.1.3.6.1.4.1.12148.10.10.21.5.1.2.25,Integer,1
.1.3.6.1.4.1.12148.10.10.21.5.1.2.26,Integer,0
.1.3.6.1.4.1.12148.10.10.21.5.1.2.27,Integer,0
.1.3.6.1.4.1.12148.10.10.21.5.1.2.28,Integer,0
.1.3.6.1.4.1.12148.10.10.21.5.1.2.29,Integer,0
.1.3.6.1.4.1.12148.10.10.21.5.1.2.30,Integer,0
.1.3.6.1.4.1.12148.10.10.21.5.1.2.31,Integer,0
.1.3.6.1.4.1.12148.10.10.21.5.1.2.32,Integer,0
.1.3.6.1.4.1.12148.10.10.21.5.1.2.33,Integer,0
.1.3.6.1.4.1.12148.10.10.21.5.1.2.34,Integer,0
.1.3.6.1.4.1.12148.10.10.21.5.1.2.35,Integer,0
.1.3.6.1.4.1.12148.10.10.21.5.1.2.36,Integer,0
.1.3.6.1.4.1.12148.10.10.21.5.1.2.37,Integer,0
.1.3.6.1.4.1.12148.10.10.21.5.1.2.38,Integer,0
.1.3.6.1.4.1.12148.10.10.21.5.1.2.39,Integer,1
.1.3.6.1.4.1.12148.10.10.21.5.1.2.40,Integer,0
.1.3.6.1.4.1.12148.10.10.21.5.1.2.41,Integer,0
.1.3.6.1.4.1.12148.10.10.21.5.1.2.42,Integer,0
.1.3.6.1.4.1.12148.10.10.21.5.1.2.43,Integer,0
.1.3.6.1.4.1.12148.10.10.21.5.1.2.44,Integer,1
.1.3.6.1.4.1.12148.10.10.21.5.1.2.45,Integer,0
.1.3.6.1.4.1.12148.10.10.21.5.1.2.46,Integer,0
.1.3.6.1.4.1.12148.10.10.21.5.1.2.47,Integer,0
.1.3.6.1.4.1.12148.10.10.21.5.1.2.48,Integer,0
.1.3.6.1.4.1.12148.10.10.21.5.1.2.49,Integer,0
.1.3.6.1.4.1.12148.10.10.21.5.1.2.50,Integer,1
.1.3.6.1.4.1.12148.10.10.21.5.1.2.51,Integer,0
.1.3.6.1.4.1.12148.10.10.21.5.1.2.52,Integer,0
.1.3.6.1.4.1.12148.10.10.21.6.0,Integer,52
.1.3.6.1.4.1.12148.10.10.21.7.1.2.1,Integer,2
.1.3.6.1.4.1.12148.10.10.21.7.1.2.2,Integer,0
.1.3.6.1.4.1.12148.10.10.21.7.1.2.3,Integer,6
.1.3.6.1.4.1.12148.10.10.21.7.1.2.4,Integer,5
.1.3.6.1.4.1.12148.10.10.21.7.1.2.5,Integer,0
.1.3.6.1.4.1.12148.10.10.21.7.1.2.6,Integer,1
.1.3.6.1.4.1.12148.10.10.21.7.1.2.7,Integer,0
.1.3.6.1.4.1.12148.10.10.21.7.1.2.8,Integer,0
.1.3.6.1.4.1.12148.10.10.21.7.1.2.9,Integer,1
.1.3.6.1.4.1.12148.10.10.21.7.1.2.10,Integer,1
.1.3.6.1.4.1.12148.10.10.21.7.1.2.11,Integer,1
.1.3.6.1.4.1.12148.10.10.21.7.1.2.12,Integer,0
.1.3.6.1.4.1.12148.10.10.21.7.1.2.13,Integer,0
.1.3.6.1.4.1.12148.10.10.21.7.1.2.14,Integer,1
.1.3.6.1.4.1.12148.10.10.21.7.1.2.15,Integer,0
.1.3.6.1.4.1.12148.10.10.21.7.1.2.16,Integer,1
.1.3.6.1.4.1.12148.10.10.21.7.1.2.17,Integer,3
.1.3.6.1.4.1.12148.10.10.21.7.1.2.18,Integer,3
.1.3.6.1.4.1.12148.10.10.21.7.1.2.19,Integer,0
.1.3.6.1.4.1.12148.10.10.21.7.1.2.20,Integer,0
.1.3.6.1.4.1.12148.10.10.21.7.1.2.21,Integer,0
.1.3.6.1.4.1.12148.10.10.21.7.1.2.22,Integer,0
.1.3.6.1.4.1.12148.10.10.21.7.1.2.23,Integer,0
.1.3.6.1.4.1.12148.10.10.21.7.1.2.24,Integer,0
.1.3.6.1.4.1.12148.10.10.21.7.1.2.25,Integer,0
.1.3.6.1.4.1.12148.10.10.21.7.1.2.26,Integer,0
.1.3.6.1.4.1.12148.10.10.21.7.1.2.27,Integer,0
.1.3.6.1.4.1.12148.10.10.21.7.1.2.28,Integer,0
.1.3.6.1.4.1.12148.10.10.21.7.1.2.29,Integer,0
.1.3.6.1.4.1.12148.10.10.21.7.1.2.30,Integer,0
.1.3.6.1.4.1.12148.10.10.21.7.1.2.31,Integer,0
.1.3.6.1.4.1.12148.10.10.21.7.1.2.32,Integer,0
.1.3.6.1.4.1.12148.10.10.21.7.1.2.33,Integer,0
.1.3.6.1.4.1.12148.10.10.21.7.1.2.34,Integer,0
.1.3.6.1.4.1.12148.10.10.21.7.1.2.35,Integer,0
.1.3.6.1.4.1.12148.10.10.21.7.1.2.36,Integer,0
.1.3.6.1.4.1.12148.10.10.21.7.1.2.37,Integer,0
.1.3.6.1.4.1.12148.10.10.21.7.1.2.38,Integer,0
.1.3.6.1.4.1.12148.10.10.21.7.1.2.39,Integer,0
.1.3.6.1.4.1.12148.10.10.21.7.1.2.40,Integer,0
.1.3.6.1.4.1.12148.10.10.21.7.1.2.41,Integer,0
.1.3.6.1.4.1.12148.10.10.21.7.1.2.42,Integer,0
.1.3.6.1.4.1.12148.10.10.21.7.1.2.43,Integer,0
.1.3.6.1.4.1.12148.10.10.21.7.1.2.44,Integer,0
.1.3.6.1.4.1.12148.10.10.21.7.1.2.45,Integer,0
.1.3.6.1.4.1.12148.10.10.21.7.1.2.46,Integer,0
.1.3.6.1.4.1.12148.10.10.21.7.1.2.47,Integer,0
.1.3.6.1.4.1.12148.10.10.21.7.1.2.48,Integer,0
.1.3.6.1.4.1.12148.10.10.21.7.1.2.49,Integer,0
.1.3.6.1.4.1.12148.10.10.21.7.1.2.50,Integer,0
.1.3.6.1.4.1.12148.10.10.21.7.1.2.51,Integer,0
.1.3.6.1.4.1.12148.10.10.21.7.1.2.52,Integer,1
.1.3.6.1.4.1.12148.10.10.22.1.0,Integer,5650
.1.3.6.1.4.1.12148.10.10.22.2.0,Integer,0
.1.3.6.1.4.1.12148.10.10.22.3.0,Integer,10
.1.3.6.1.4.1.12148.10.10.22.4.0,Integer,120
.1.3.6.1.4.1.12148.10.10.23.1.0,Integer,4
.1.3.6.1.4.1.12148.10.10.23.2.0,OctetString,"""Ah Charged      """
.1.3.6.1.4.1.12148.10.10.23.4.0,Integer,0
.1.3.6.1.4.1.12148.10.10.23.5.0,Integer,397
.1.3.6.1.4.1.12148.10.10.23.6.0,Integer,900
.1.3.6.1.4.1.12148.10.10.23.7.0,Integer,1000
.1.3.6.1.4.1.12148.10.10.24.1.0,Integer,4
.1.3.6.1.4.1.12148.10.10.24.2.0,OctetString,"""Ah Discharged   """
.1.3.6.1.4.1.12148.10.10.24.4.0,Integer,0
.1.3.6.1.4.1.12148.10.10.24.5.0,Integer,93
.1.3.6.1.4.1.12148.10.10.24.6.0,Integer,900
.1.3.6.1.4.1.12148.10.10.24.7.0,Integer,1000
.1.3.6.1.4.1.12148.10.10.25.1.0,Gauge32,437
.1.3.6.1.4.1.12148.10.10.25.2.0,Integer,52
.1.3.6.1.4.1.12148.10.10.25.3.1.2.1,Integer,11
.1.3.6.1.4.1.12148.10.10.25.3.1.2.2,Integer,13
.1.3.6.1.4.1.12148.10.10.25.3.1.2.3,Integer,13
.1.3.6.1.4.1.12148.10.10.25.3.1.2.4,Integer,5
.1.3.6.1.4.1.12148.10.10.25.3.1.2.5,Integer,7
.1.3.6.1.4.1.12148.10.10.25.3.1.2.6,Integer,10
.1.3.6.1.4.1.12148.10.10.25.3.1.2.7,Integer,11
.1.3.6.1.4.1.12148.10.10.25.3.1.2.8,Integer,39
.1.3.6.1.4.1.12148.10.10.25.3.1.2.9,Integer,14
.1.3.6.1.4.1.12148.10.10.25.3.1.2.10,Integer,24
.1.3.6.1.4.1.12148.10.10.25.3.1.2.11,Integer,11
.1.3.6.1.4.1.12148.10.10.25.3.1.2.12,Integer,7
.1.3.6.1.4.1.12148.10.10.25.3.1.2.13,Integer,1
.1.3.6.1.4.1.12148.10.10.25.3.1.2.14,Integer,131
.1.3.6.1.4.1.12148.10.10.25.3.1.2.15,Integer,10
.1.3.6.1.4.1.12148.10.10.25.3.1.2.16,Integer,11
.1.3.6.1.4.1.12148.10.10.25.3.1.2.17,Integer,13
.1.3.6.1.4.1.12148.10.10.25.3.1.2.18,Integer,3
.1.3.6.1.4.1.12148.10.10.25.3.1.2.19,Integer,7
.1.3.6.1.4.1.12148.10.10.25.3.1.2.20,Integer,8
.1.3.6.1.4.1.12148.10.10.25.3.1.2.21,Integer,8
.1.3.6.1.4.1.12148.10.10.25.3.1.2.22,Integer,11
.1.3.6.1.4.1.12148.10.10.25.3.1.2.23,Integer,11
.1.3.6.1.4.1.12148.10.10.25.3.1.2.24,Integer,8
.1.3.6.1.4.1.12148.10.10.25.3.1.2.25,Integer,14
.1.3.6.1.4.1.12148.10.10.25.3.1.2.26,Integer,4
.1.3.6.1.4.1.12148.10.10.25.3.1.2.27,Integer,6
.1.3.6.1.4.1.12148.10.10.25.3.1.2.28,Integer,10
.1.3.6.1.4.1.12148.10.10.25.3.1.2.29,Integer,7
.1.3.6.1.4.1.12148.10.10.25.3.1.2.30,Integer,22
.1.3.6.1.4.1.12148.10.10.25.3.1.2.31,Integer,15
.1.3.6.1.4.1.12148.10.10.25.3.1.2.32,Integer,9
.1.3.6.1.4.1.12148.10.10.25.3.1.2.33,Integer,9
.1.3.6.1.4.1.12148.10.10.25.3.1.2.34,Integer,10
.1.3.6.1.4.1.12148.10.10.25.3.1.2.35,Integer,16
.1.3.6.1.4.1.12148.10.10.25.3.1.2.36,Integer,9
.1.3.6.1.4.1.12148.10.10.25.3.1.2.37,Integer,32
.1.3.6.1.4.1.12148.10.10.25.3.1.2.38,Integer,143
.1.3.6.1.4.1.12148.10.10.25.3.1.2.39,Integer,12
.1.3.6.1.4.1.12148.10.10.25.3.1.2.40,Integer,15
.1.3.6.1.4.1.12148.10.10.25.3.1.2.41,Integer,13
.1.3.6.1.4.1.12148.10.10.25.3.1.2.42,Integer,17
.1.3.6.1.4.1.12148.10.10.25.3.1.2.43,Integer,7
.1.3.6.1.4.1.12148.10.10.25.3.1.2.44,Integer,14
.1.3.6.1.4.1.12148.10.10.25.3.1.2.45,Integer,14
.1.3.6.1.4.1.12148.10.10.25.3.1.2.46,Integer,10
.1.3.6.1.4.1.12148.10.10.25.3.1.2.47,Integer,2
.1.3.6.1.4.1.12148.10.10.25.3.1.2.48,Integer,7
.1.3.6.1.4.1.12148.10.10.25.3.1.2.49,Integer,8
.1.3.6.1.4.1.12148.10.10.25.3.1.2.50,Integer,13
.1.3.6.1.4.1.12148.10.10.25.3.1.2.51,Integer,14
.1.3.6.1.4.1.12148.10.10.25.3.1.2.52,Integer,3
.1.3.6.1.4.1.12148.10.10.25.4.0,Integer,52
.1.3.6.1.4.1.12148.10.10.25.5.1.2.1,Integer,1
.1.3.6.1.4.1.12148.10.10.25.5.1.2.2,Integer,3
.1.3.6.1.4.1.12148.10.10.25.5.1.2.3,Integer,0
.1.3.6.1.4.1.12148.10.10.25.5.1.2.4,Integer,1
.1.3.6.1.4.1.12148.10.10.25.5.1.2.5,Integer,3
.1.3.6.1.4.1.12148.10.10.25.5.1.2.6,Integer,1
.1.3.6.1.4.1.12148.10.10.25.5.1.2.7,Integer,1
.1.3.6.1.4.1.12148.10.10.25.5.1.2.8,Integer,1
.1.3.6.1.4.1.12148.10.10.25.5.1.2.9,Integer,0
.1.3.6.1.4.1.12148.10.10.25.5.1.2.10,Integer,1
.1.3.6.1.4.1.12148.10.10.25.5.1.2.11,Integer,0
.1.3.6.1.4.1.12148.10.10.25.5.1.2.12,Integer,3
.1.3.6.1.4.1.12148.10.10.25.5.1.2.13,Integer,5
.1.3.6.1.4.1.12148.10.10.25.5.1.2.14,Integer,5
.1.3.6.1.4.1.12148.10.10.25.5.1.2.15,Integer,4
.1.3.6.1.4.1.12148.10.10.25.5.1.2.16,Integer,2
.1.3.6.1.4.1.12148.10.10.25.5.1.2.17,Integer,1
.1.3.6.1.4.1.12148.10.10.25.5.1.2.18,Integer,1
.1.3.6.1.4.1.12148.10.10.25.5.1.2.19,Integer,1
.1.3.6.1.4.1.12148.10.10.25.5.1.2.20,Integer,1
.1.3.6.1.4.1.12148.10.10.25.5.1.2.21,Integer,1
.1.3.6.1.4.1.12148.10.10.25.5.1.2.22,Integer,1
.1.3.6.1.4.1.12148.10.10.25.5.1.2.23,Integer,1
.1.3.6.1.4.1.12148.10.10.25.5.1.2.24,Integer,1
.1.3.6.1.4.1.12148.10.10.25.5.1.2.25,Integer,1
.1.3.6.1.4.1.12148.10.10.25.5.1.2.26,Integer,1
.1.3.6.1.4.1.12148.10.10.25.5.1.2.27,Integer,1
.1.3.6.1.4.1.12148.10.10.25.5.1.2.28,Integer,1
.1.3.6.1.4.1.12148.10.10.25.5.1.2.29,Integer,1
.1.3.6.1.4.1.12148.10.10.25.5.1.2.30,Integer,1
.1.3.6.1.4.1.12148.10.10.25.5.1.2.31,Integer,0
.1.3.6.1.4.1.12148.10.10.25.5.1.2.32,Integer,0
.1.3.6.1.4.1.12148.10.10.25.5.1.2.33,Integer,1
.1.3.6.1.4.1.12148.10.10.25.5.1.2.34,Integer,1
.1.3.6.1.4.1.12148.10.10.25.5.1.2.35,Integer,1
.1.3.6.1.4.1.12148.10.10.25.5.1.2.36,Integer,0
.1.3.6.1.4.1.12148.10.10.25.5.1.2.37,Integer,0
.1.3.6.1.4.1.12148.10.10.25.5.1.2.38,Integer,1
.1.3.6.1.4.1.12148.10.10.25.5.1.2.39,Integer,3
.1.3.6.1.4.1.12148.10.10.25.5.1.2.40,Integer,2
.1.3.6.1.4.1.12148.10.10.25.5.1.2.41,Integer,2
.1.3.6.1.4.1.12148.10.10.25.5.1.2.42,Integer,2
.1.3.6.1.4.1.12148.10.10.25.5.1.2.43,Integer,2
.1.3.6.1.4.1.12148.10.10.25.5.1.2.44,Integer,3
.1.3.6.1.4.1.12148.10.10.25.5.1.2.45,Integer,2
.1.3.6.1.4.1.12148.10.10.25.5.1.2.46,Integer,3
.1.3.6.1.4.1.12148.10.10.25.5.1.2.47,Integer,2
.1.3.6.1.4.1.12148.10.10.25.5.1.2.48,Integer,2
.1.3.6.1.4.1.12148.10.10.25.5.1.2.49,Integer,2
.1.3.6.1.4.1.12148.10.10.25.5.1.2.50,Integer,2
.1.3.6.1.4.1.12148.10.10.25.5.1.2.51,Integer,7
.1.3.6.1.4.1.12148.10.10.25.5.1.2.52,Integer,0
.1.3.6.1.4.1.12148.10.10.25.6.0,Integer,52
.1.3.6.1.4.1.12148.10.10.25.7.1.2.1,Integer,7
.1.3.6.1.4.1.12148.10.10.25.7.1.2.2,Integer,4
.1.3.6.1.4.1.12148.10.10.25.7.1.2.3,Integer,17
.1.3.6.1.4.1.12148.10.10.25.7.1.2.4,Integer,7
.1.3.6.1.4.1.12148.10.10.25.7.1.2.5,Integer,4
.1.3.6.1.4.1.12148.10.10.25.7.1.2.6,Integer,6
.1.3.6.1.4.1.12148.10.10.25.7.1.2.7,Integer,5
.1.3.6.1.4.1.12148.10.10.25.7.1.2.8,Integer,4
.1.3.6.1.4.1.12148.10.10.25.7.1.2.9,Integer,9
.1.3.6.1.4.1.12148.10.10.25.7.1.2.10,Integer,12
.1.3.6.1.4.1.12148.10.10.25.7.1.2.11,Integer,12
.1.3.6.1.4.1.12148.10.10.25.7.1.2.12,Integer,50
.1.3.6.1.4.1.12148.10.10.25.7.1.2.13,Integer,82
.1.3.6.1.4.1.12148.10.10.25.7.1.2.14,Integer,99
.1.3.6.1.4.1.12148.10.10.25.7.1.2.15,Integer,12
.1.3.6.1.4.1.12148.10.10.25.7.1.2.16,Integer,17
.1.3.6.1.4.1.12148.10.10.25.7.1.2.17,Integer,21
.1.3.6.1.4.1.12148.10.10.25.7.1.2.18,Integer,22
.1.3.6.1.4.1.12148.10.10.25.7.1.2.19,Integer,19
.1.3.6.1.4.1.12148.10.10.25.7.1.2.20,Integer,15
.1.3.6.1.4.1.12148.10.10.25.7.1.2.21,Integer,0
.1.3.6.1.4.1.12148.10.10.25.7.1.2.22,Integer,0
.1.3.6.1.4.1.12148.10.10.25.7.1.2.23,Integer,0
.1.3.6.1.4.1.12148.10.10.25.7.1.2.24,Integer,0
.1.3.6.1.4.1.12148.10.10.25.7.1.2.25,Integer,0
.1.3.6.1.4.1.12148.10.10.25.7.1.2.26,Integer,0
.1.3.6.1.4.1.12148.10.10.25.7.1.2.27,Integer,0
.1.3.6.1.4.1.12148.10.10.25.7.1.2.28,Integer,0
.1.3.6.1.4.1.12148.10.10.25.7.1.2.29,Integer,0
.1.3.6.1.4.1.12148.10.10.25.7.1.2.30,Integer,0
.1.3.6.1.4.1.12148.10.10.25.7.1.2.31,Integer,0
.1.3.6.1.4.1.12148.10.10.25.7.1.2.32,Integer,0
.1.3.6.1.4.1.12148.10.10.25.7.1.2.33,Integer,0
.1.3.6.1.4.1.12148.10.10.25.7.1.2.34,Integer,0
.1.3.6.1.4.1.12148.10.10.25.7.1.2.35,Integer,0
.1.3.6.1.4.1.12148.10.10.25.7.1.2.36,Integer,0
.1.3.6.1.4.1.12148.10.10.25.7.1.2.37,Integer,0
.1.3.6.1.4.1.12148.10.10.25.7.1.2.38,Integer,0
.1.3.6.1.4.1.12148.10.10.25.7.1.2.39,Integer,0
.1.3.6.1.4.1.12148.10.10.25.7.1.2.40,Integer,0
.1.3.6.1.4.1.12148.10.10.25.7.1.2.41,Integer,0
.1.3.6.1.4.1.12148.10.10.25.7.1.2.42,Integer,0
.1.3.6.1.4.1.12148.10.10.25.7.1.2.43,Integer,0
.1.3.6.1.4.1.12148.10.10.25.7.1.2.44,Integer,0
.1.3.6.1.4.1.12148.10.10.25.7.1.2.45,Integer,0
.1.3.6.1.4.1.12148.10.10.25.7.1.2.46,Integer,0
.1.3.6.1.4.1.12148.10.10.25.7.1.2.47,Integer,0
.1.3.6.1.4.1.12148.10.10.25.7.1.2.48,Integer,0
.1.3.6.1.4.1.12148.10.10.25.7.1.2.49,Integer,0
.1.3.6.1.4.1.12148.10.10.25.7.1.2.50,Integer,0
.1.3.6.1.4.1.12148.10.10.25.7.1.2.51,Integer,0
.1.3.6.1.4.1.12148.10.10.25.7.1.2.52,Integer,5
.1.3.6.1.4.1.12148.10.10.26.1.0,Integer,0
.1.3.6.1.4.1.12148.10.10.26.2.1.0,Integer,4
.1.3.6.1.4.1.12148.10.10.26.2.2.0,OctetString,"""BatteryError    """
.1.3.6.1.4.1.12148.10.10.26.2.4.0,Integer,0
.1.3.6.1.4.1.12148.10.10.26.2.5.0,Integer,0
.1.3.6.1.4.1.12148.10.10.26.2.6.0,Integer,2
.1.3.6.1.4.1.12148.10.10.26.2.7.0,Integer,1
.1.3.6.1.4.1.12148.10.10.26.3.1.0,Integer,4
.1.3.6.1.4.1.12148.10.10.26.3.2.0,OctetString,"""BatteryCommErr. """
.1.3.6.1.4.1.12148.10.10.26.3.4.0,Integer,0
.1.3.6.1.4.1.12148.10.10.26.3.5.0,Integer,0
.1.3.6.1.4.1.12148.10.10.26.3.6.0,Integer,1
.1.3.6.1.4.1.12148.10.10.26.3.7.0,Integer,1
.1.3.6.1.4.1.12148.10.11.1.1.2.1,Integer,3
.1.3.6.1.4.1.12148.10.11.2.1.2.1.1,Integer,4
.1.3.6.1.4.1.12148.10.11.2.1.2.1.2,Integer,4
.1.3.6.1.4.1.12148.10.11.2.1.2.1.3,Integer,4
.1.3.6.1.4.1.12148.10.11.2.1.3.1.1,OctetString,"""BatteryTemp"""
.1.3.6.1.4.1.12148.10.11.2.1.3.1.2,OctetString,"""ProgInput 1.2 """
.1.3.6.1.4.1.12148.10.11.2.1.3.1.3,OctetString,"""ProgInput 1.3 """
.1.3.6.1.4.1.12148.10.11.2.1.5.1.1,Integer,0
.1.3.6.1.4.1.12148.10.11.2.1.5.1.2,Integer,0
.1.3.6.1.4.1.12148.10.11.2.1.5.1.3,Integer,0
.1.3.6.1.4.1.12148.10.11.2.1.6.1.1,Integer,5
.1.3.6.1.4.1.12148.10.11.2.1.6.1.2,Integer,5
.1.3.6.1.4.1.12148.10.11.2.1.6.1.3,Integer,9
.1.3.6.1.4.1.12148.10.11.2.1.7.1.1,Integer,2
.1.3.6.1.4.1.12148.10.11.2.1.7.1.2,Integer,2
.1.3.6.1.4.1.12148.10.11.2.1.7.1.3,Integer,2
.1.3.6.1.4.1.12148.10.11.3.1.2.1,Integer,6
.1.3.6.1.4.1.12148.10.11.4.1.2.1.1,Integer,1
.1.3.6.1.4.1.12148.10.11.4.1.2.1.2,Integer,4
.1.3.6.1.4.1.12148.10.11.4.1.2.1.3,Integer,4
.1.3.6.1.4.1.12148.10.11.4.1.2.1.4,Integer,1
.1.3.6.1.4.1.12148.10.11.4.1.2.1.5,Integer,1
.1.3.6.1.4.1.12148.10.11.4.1.2.1.6,Integer,1
.1.3.6.1.4.1.12148.10.11.4.1.3.1.1,OctetString,"""Mains SPD Alarm"""
.1.3.6.1.4.1.12148.10.11.4.1.3.1.2,OctetString,""""""
.1.3.6.1.4.1.12148.10.11.4.1.3.1.3,OctetString,""""""
.1.3.6.1.4.1.12148.10.11.4.1.3.1.4,OctetString,"""Aircon Alarm"""
.1.3.6.1.4.1.12148.10.11.4.1.3.1.5,OctetString,"""Door Alarm"""
.1.3.6.1.4.1.12148.10.11.4.1.3.1.6,OctetString,"""Smoke Alarm"""
.1.3.6.1.4.1.12148.10.11.4.1.5.1.1,Integer,1
.1.3.6.1.4.1.12148.10.11.4.1.5.1.2,Integer,0
.1.3.6.1.4.1.12148.10.11.4.1.5.1.3,Integer,0
.1.3.6.1.4.1.12148.10.11.4.1.5.1.4,Integer,1
.1.3.6.1.4.1.12148.10.11.4.1.5.1.5,Integer,1
.1.3.6.1.4.1.12148.10.11.4.1.5.1.6,Integer,1
.1.3.6.1.4.1.12148.10.11.4.1.6.1.1,Integer,0
.1.3.6.1.4.1.12148.10.11.4.1.6.1.2,Integer,1
.1.3.6.1.4.1.12148.10.11.4.1.6.1.3,Integer,1
.1.3.6.1.4.1.12148.10.11.4.1.6.1.4,Integer,0
.1.3.6.1.4.1.12148.10.11.4.1.6.1.5,Integer,0
.1.3.6.1.4.1.12148.10.11.4.1.6.1.6,Integer,0
.1.3.6.1.4.1.12148.10.11.4.1.7.1.1,Integer,2
.1.3.6.1.4.1.12148.10.11.4.1.7.1.2,Integer,2
.1.3.6.1.4.1.12148.10.11.4.1.7.1.3,Integer,2
.1.3.6.1.4.1.12148.10.11.4.1.7.1.4,Integer,2
.1.3.6.1.4.1.12148.10.11.4.1.7.1.5,Integer,2
.1.3.6.1.4.1.12148.10.11.4.1.7.1.6,Integer,2
.1.3.6.1.4.1.12148.10.12.1.1.2.1,Integer,3
.1.3.6.1.4.1.12148.10.12.2.1.2.1.1,Integer,3
.1.3.6.1.4.1.12148.10.12.2.1.2.1.2,Integer,3
.1.3.6.1.4.1.12148.10.12.2.1.2.1.3,Integer,3
.1.3.6.1.4.1.12148.10.12.2.1.3.1.1,OctetString,"""Batt contactor  """
.1.3.6.1.4.1.12148.10.12.2.1.3.1.2,OctetString,"""Load contactor 1"""
.1.3.6.1.4.1.12148.10.12.2.1.3.1.3,OctetString,"""Load contactor 2"""
.1.3.6.1.4.1.12148.10.12.3.1.2.1,Integer,6
.1.3.6.1.4.1.12148.10.12.4.1.2.1.1,Integer,1
.1.3.6.1.4.1.12148.10.12.4.1.2.1.2,Integer,1
.1.3.6.1.4.1.12148.10.12.4.1.2.1.3,Integer,1
.1.3.6.1.4.1.12148.10.12.4.1.2.1.4,Integer,1
.1.3.6.1.4.1.12148.10.12.4.1.2.1.5,Integer,1
.1.3.6.1.4.1.12148.10.12.4.1.2.1.6,Integer,1
.1.3.6.1.4.1.12148.10.12.4.1.3.1.1,OctetString,"""Rect. Priority"""
.1.3.6.1.4.1.12148.10.12.4.1.3.1.2,OctetString,"""Rect. N-Priority"""
.1.3.6.1.4.1.12148.10.12.4.1.3.1.3,OctetString,"""Battery Voltage"""
.1.3.6.1.4.1.12148.10.12.4.1.3.1.4,OctetString,"""Gen. Control"""
.1.3.6.1.4.1.12148.10.12.4.1.3.1.5,OctetString,"""High Temp."""
.1.3.6.1.4.1.12148.10.12.4.1.3.1.6,OctetString,"""Mains Fail"""
.1.3.6.1.4.1.12148.10.13.1.0,Integer,1
.1.3.6.1.4.1.12148.10.13.2.0,OctetString,"""\a\xea\a\x0f\f&\x1e\x00"""
.1.3.6.1.4.1.12148.10.13.3.0,Integer,1
.1.3.6.1.4.1.12148.10.13.4.1.0,Integer,0
.1.3.6.1.4.1.12148.10.13.4.2.0,Integer,0
.1.3.6.1.4.1.12148.10.13.4.3.0,Integer,0
.1.3.6.1.4.1.12148.10.13.4.4.0,Integer,0
.1.3.6.1.4.1.12148.10.13.4.5.0,Integer,0
.1.3.6.1.4.1.12148.10.13.4.6.1.2.1,OctetString,"""127.0.0.1"""
.1.3.6.1.4.1.12148.10.13.4.6.1.2.2,OctetString,"""127.0.0.1"""
.1.3.6.1.4.1.12148.10.13.4.6.1.2.3,OctetString,"""127.0.0.1"""
.1.3.6.1.4.1.12148.10.13.4.6.1.2.4,OctetString,"""::1"""
.1.3.6.1.4.1.12148.10.13.4.6.1.2.5,OctetString,"""0.0.0.0"""
.1.3.6.1.4.1.12148.10.13.4.6.1.2.6,OctetString,"""0.0.0.0"""
.1.3.6.1.4.1.12148.10.13.4.6.1.2.7,OctetString,"""0.0.0.0"""
.1.3.6.1.4.1.12148.10.13.4.6.1.2.8,OctetString,"""0.0.0.0"""
.1.3.6.1.4.1.12148.10.13.4.6.1.2.9,OctetString,"""0.0.0.0"""
.1.3.6.1.4.1.12148.10.13.4.6.1.2.10,OctetString,"""0.0.0.0"""
.1.3.6.1.4.1.12148.10.13.4.6.1.3.1,Integer,162
.1.3.6.1.4.1.12148.10.13.4.6.1.3.2,Integer,162
.1.3.6.1.4.1.12148.10.13.4.6.1.3.3,Integer,162
.1.3.6.1.4.1.12148.10.13.4.6.1.3.4,Integer,162
.1.3.6.1.4.1.12148.10.13.4.6.1.3.5,Integer,0
.1.3.6.1.4.1.12148.10.13.4.6.1.3.6,Integer,0
.1.3.6.1.4.1.12148.10.13.4.6.1.3.7,Integer,0
.1.3.6.1.4.1.12148.10.13.4.6.1.3.8,Integer,0
.1.3.6.1.4.1.12148.10.13.4.6.1.3.9,Integer,0
.1.3.6.1.4.1.12148.10.13.4.6.1.3.10,Integer,0
.1.3.6.1.4.1.12148.10.13.4.6.1.4.1,Integer,1
.1.3.6.1.4.1.12148.10.13.4.6.1.4.2,Integer,2
.1.3.6.1.4.1.12148.10.13.4.6.1.4.3,Integer,3
.1.3.6.1.4.1.12148.10.13.4.6.1.4.4,Integer,3
.1.3.6.1.4.1.12148.10.13.4.6.1.4.5,Integer,0
.1.3.6.1.4.1.12148.10.13.4.6.1.4.6,Integer,0
.1.3.6.1.4.1.12148.10.13.4.6.1.4.7,Integer,0
.1.3.6.1.4.1.12148.10.13.4.6.1.4.8,Integer,0
.1.3.6.1.4.1.12148.10.13.4.6.1.4.9,Integer,0
.1.3.6.1.4.1.12148.10.13.4.6.1.4.10,Integer,0
.1.3.6.1.4.1.12148.10.13.5.0,Integer,0
.1.3.6.1.4.1.12148.10.13.6.0,Integer,0
.1.3.6.1.4.1.12148.10.13.7.1.0,Integer,1
.1.3.6.1.4.1.12148.10.13.7.2.1.2.1,Integer,0
.1.3.6.1.4.1.12148.10.13.7.2.1.3.1,Integer,0
.1.3.6.1.4.1.12148.10.13.7.3.1.2.1.1,Integer,6
.1.3.6.1.4.1.12148.10.13.7.3.1.2.1.2,Integer,6
.1.3.6.1.4.1.12148.10.13.7.3.1.3.1.1,OctetString,""""""
.1.3.6.1.4.1.12148.10.13.7.3.1.3.1.2,OctetString,""""""
.1.3.6.1.4.1.12148.10.13.7.3.1.5.1.1,Integer,0
.1.3.6.1.4.1.12148.10.13.7.3.1.5.1.2,Integer,0
.1.3.6.1.4.1.12148.10.13.7.3.1.6.1.1,Integer,0
.1.3.6.1.4.1.12148.10.13.7.3.1.6.1.2,Integer,0
.1.3.6.1.4.1.12148.10.13.7.3.1.7.1.1,Integer,0
.1.3.6.1.4.1.12148.10.13.7.3.1.7.1.2,Integer,0
.1.3.6.1.4.1.12148.10.13.7.3.1.8.1.1,Integer,0
.1.3.6.1.4.1.12148.10.13.7.3.1.8.1.2,Integer,0
.1.3.6.1.4.1.12148.10.13.7.3.1.9.1.1,Integer,0
.1.3.6.1.4.1.12148.10.13.7.3.1.9.1.2,Integer,0
.1.3.6.1.4.1.12148.10.13.7.3.1.10.1.1,Integer,0
.1.3.6.1.4.1.12148.10.13.7.3.1.10.1.2,Integer,0
.1.3.6.1.4.1.12148.10.13.7.4.1.2.1.1,Integer,0
.1.3.6.1.4.1.12148.10.13.7.4.1.2.1.2,Integer,0
.1.3.6.1.4.1.12148.10.13.7.4.1.3.1.1,Integer,0
.1.3.6.1.4.1.12148.10.13.7.4.1.3.1.2,Integer,0
.1.3.6.1.4.1.12148.10.13.7.4.1.4.1.1,Integer,0
.1.3.6.1.4.1.12148.10.13.7.4.1.4.1.2,Integer,0
.1.3.6.1.4.1.12148.10.13.8.1.0,Integer,4
.1.3.6.1.4.1.12148.10.13.8.2.1.2.1,OctetString,"""SP2 Touch 1    """
.1.3.6.1.4.1.12148.10.13.8.2.1.2.2,OctetString,"""SP2 Basic 1 """
.1.3.6.1.4.1.12148.10.13.8.2.1.2.3,OctetString,"""Fleximonitor 1 """
.1.3.6.1.4.1.12148.10.13.8.2.1.2.4,OctetString,"""I/O unit 1     """
.1.3.6.1.4.1.12148.10.13.8.2.1.3.1,Integer,1
.1.3.6.1.4.1.12148.10.13.8.2.1.3.2,Integer,1
.1.3.6.1.4.1.12148.10.13.8.2.1.3.3,Integer,1
.1.3.6.1.4.1.12148.10.13.8.2.1.3.4,Integer,1
.1.3.6.1.4.1.12148.10.13.8.2.1.4.1,OctetString,"""221050025948"""
.1.3.6.1.4.1.12148.10.13.8.2.1.4.2,OctetString,"""221050047930"""
.1.3.6.1.4.1.12148.10.13.8.2.1.4.3,OctetString,"""221450030022"""
.1.3.6.1.4.1.12148.10.13.8.2.1.4.4,OctetString,"""221950066231"""
.1.3.6.1.4.1.12148.10.13.8.2.1.5.1,OctetString,"""242100.510"""
.1.3.6.1.4.1.12148.10.13.8.2.1.5.2,OctetString,"""242100.501"""
.1.3.6.1.4.1.12148.10.13.8.2.1.5.3,OctetString,"""242100.608"""
.1.3.6.1.4.1.12148.10.13.8.2.1.5.4,OctetString,"""242100.502"""
.1.3.6.1.4.1.12148.10.13.8.2.1.6.1,OctetString,"""3.0"""
.1.3.6.1.4.1.12148.10.13.8.2.1.6.2,OctetString,"""5"""
.1.3.6.1.4.1.12148.10.13.8.2.1.6.3,OctetString,"""03"""
.1.3.6.1.4.1.12148.10.13.8.2.1.6.4,OctetString,"""3"""
.1.3.6.1.4.1.12148.10.13.8.2.1.7.1,OctetString,"""405036.009"""
.1.3.6.1.4.1.12148.10.13.8.2.1.7.2,OctetString,"""405007.009"""
.1.3.6.1.4.1.12148.10.13.8.2.1.7.3,OctetString,"""405028.009"""
.1.3.6.1.4.1.12148.10.13.8.2.1.7.4,OctetString,"""402088.009"""
.1.3.6.1.4.1.12148.10.13.8.2.1.8.1,OctetString,"""2.14.1 """
.1.3.6.1.4.1.12148.10.13.8.2.1.8.2,OctetString,"""1.5"""
.1.3.6.1.4.1.12148.10.13.8.2.1.8.3,OctetString,"""1.4.3"""
.1.3.6.1.4.1.12148.10.13.8.2.1.8.4,OctetString,"""4.2"""
.1.3.6.1.4.1.12148.10.13.9.1.0,Integer,0
.1.3.6.1.4.1.12148.10.13.9.6.0,Integer,52
.1.3.6.1.4.1.12148.10.13.9.8.0,Integer,52
.1.3.6.1.4.1.12148.10.13.9.10.0,Integer,52
.1.3.6.1.4.1.12148.10.13.10.1.0,Integer,1
.1.3.6.1.4.1.12148.10.13.10.2.1.2.1,Integer,2
.1.3.6.1.4.1.12148.10.13.10.2.1.3.1,Integer,1
.1.3.6.1.4.1.12148.10.13.10.2.1.4.1,Integer,16
.1.3.6.1.4.1.12148.10.13.10.2.1.5.1,Integer,0
.1.3.6.1.4.1.12148.10.13.10.2.1.6.1,Integer,4
.1.3.6.1.4.1.12148.10.13.10.3.1.2.1.1,Integer,1
.1.3.6.1.4.1.12148.10.13.10.3.1.2.1.2,Integer,1
.1.3.6.1.4.1.12148.10.13.10.3.1.2.1.3,Integer,1
.1.3.6.1.4.1.12148.10.13.10.3.1.2.1.4,Integer,1
.1.3.6.1.4.1.12148.10.13.10.3.1.2.1.5,Integer,4
.1.3.6.1.4.1.12148.10.13.10.3.1.2.1.6,Integer,4
.1.3.6.1.4.1.12148.10.13.10.3.1.2.1.7,Integer,4
.1.3.6.1.4.1.12148.10.13.10.3.1.2.1.8,Integer,4
.1.3.6.1.4.1.12148.10.13.10.3.1.2.1.9,Integer,4
.1.3.6.1.4.1.12148.10.13.10.3.1.2.1.10,Integer,4
.1.3.6.1.4.1.12148.10.13.10.3.1.2.1.11,Integer,4
.1.3.6.1.4.1.12148.10.13.10.3.1.2.1.12,Integer,4
.1.3.6.1.4.1.12148.10.13.10.3.1.2.1.13,Integer,4
.1.3.6.1.4.1.12148.10.13.10.3.1.2.1.14,Integer,4
.1.3.6.1.4.1.12148.10.13.10.3.1.2.1.15,Integer,4
.1.3.6.1.4.1.12148.10.13.10.3.1.2.1.16,Integer,4
.1.3.6.1.4.1.12148.10.13.10.3.1.3.1.1,OctetString,"""UNITEL"""
.1.3.6.1.4.1.12148.10.13.10.3.1.3.1.2,OctetString,"""AFRICELL"""
.1.3.6.1.4.1.12148.10.13.10.3.1.3.1.3,OctetString,"""Shunt 3"""
.1.3.6.1.4.1.12148.10.13.10.3.1.3.1.4,OctetString,"""Shunt 4"""
.1.3.6.1.4.1.12148.10.13.10.3.1.3.1.5,OctetString,"""ProgInput 1.5"""
.1.3.6.1.4.1.12148.10.13.10.3.1.3.1.6,OctetString,"""ProgInput 1.6"""
.1.3.6.1.4.1.12148.10.13.10.3.1.3.1.7,OctetString,"""ProgInput 1.7"""
.1.3.6.1.4.1.12148.10.13.10.3.1.3.1.8,OctetString,"""ProgInput 1.8"""
.1.3.6.1.4.1.12148.10.13.10.3.1.3.1.9,OctetString,"""ProgInput 1.9"""
.1.3.6.1.4.1.12148.10.13.10.3.1.3.1.10,OctetString,"""ProgInput 1.10"""
.1.3.6.1.4.1.12148.10.13.10.3.1.3.1.11,OctetString,"""ProgInput 1.11"""
.1.3.6.1.4.1.12148.10.13.10.3.1.3.1.12,OctetString,"""ProgInput 1.12"""
.1.3.6.1.4.1.12148.10.13.10.3.1.3.1.13,OctetString,"""ProgInput 1.13"""
.1.3.6.1.4.1.12148.10.13.10.3.1.3.1.14,OctetString,"""ProgInput 1.14"""
.1.3.6.1.4.1.12148.10.13.10.3.1.3.1.15,OctetString,"""ProgInput 1.15"""
.1.3.6.1.4.1.12148.10.13.10.3.1.3.1.16,OctetString,"""ProgInput 1.16"""
.1.3.6.1.4.1.12148.10.13.10.3.1.5.1.1,Integer,1
.1.3.6.1.4.1.12148.10.13.10.3.1.5.1.2,Integer,1
.1.3.6.1.4.1.12148.10.13.10.3.1.5.1.3,Integer,1
.1.3.6.1.4.1.12148.10.13.10.3.1.5.1.4,Integer,1
.1.3.6.1.4.1.12148.10.13.10.3.1.5.1.5,Integer,0
.1.3.6.1.4.1.12148.10.13.10.3.1.5.1.6,Integer,0
.1.3.6.1.4.1.12148.10.13.10.3.1.5.1.7,Integer,0
.1.3.6.1.4.1.12148.10.13.10.3.1.5.1.8,Integer,0
.1.3.6.1.4.1.12148.10.13.10.3.1.5.1.9,Integer,0
.1.3.6.1.4.1.12148.10.13.10.3.1.5.1.10,Integer,0
.1.3.6.1.4.1.12148.10.13.10.3.1.5.1.11,Integer,0
.1.3.6.1.4.1.12148.10.13.10.3.1.5.1.12,Integer,0
.1.3.6.1.4.1.12148.10.13.10.3.1.5.1.13,Integer,0
.1.3.6.1.4.1.12148.10.13.10.3.1.5.1.14,Integer,0
.1.3.6.1.4.1.12148.10.13.10.3.1.5.1.15,Integer,0
.1.3.6.1.4.1.12148.10.13.10.3.1.5.1.16,Integer,0
.1.3.6.1.4.1.12148.10.13.10.3.1.6.1.1,Integer,86
.1.3.6.1.4.1.12148.10.13.10.3.1.6.1.2,Integer,76
.1.3.6.1.4.1.12148.10.13.10.3.1.6.1.3,Integer,0
.1.3.6.1.4.1.12148.10.13.10.3.1.6.1.4,Integer,0
.1.3.6.1.4.1.12148.10.13.10.3.1.6.1.5,Integer,1
.1.3.6.1.4.1.12148.10.13.10.3.1.6.1.6,Integer,1
.1.3.6.1.4.1.12148.10.13.10.3.1.6.1.7,Integer,1
.1.3.6.1.4.1.12148.10.13.10.3.1.6.1.8,Integer,1
.1.3.6.1.4.1.12148.10.13.10.3.1.6.1.9,Integer,1
.1.3.6.1.4.1.12148.10.13.10.3.1.6.1.10,Integer,1
.1.3.6.1.4.1.12148.10.13.10.3.1.6.1.11,Integer,1
.1.3.6.1.4.1.12148.10.13.10.3.1.6.1.12,Integer,1
.1.3.6.1.4.1.12148.10.13.10.3.1.6.1.13,Integer,1
.1.3.6.1.4.1.12148.10.13.10.3.1.6.1.14,Integer,1
.1.3.6.1.4.1.12148.10.13.10.3.1.6.1.15,Integer,1
.1.3.6.1.4.1.12148.10.13.10.3.1.6.1.16,Integer,1
.1.3.6.1.4.1.12148.10.13.10.3.1.7.1.1,Integer,5
.1.3.6.1.4.1.12148.10.13.10.3.1.7.1.2,Integer,5
.1.3.6.1.4.1.12148.10.13.10.3.1.7.1.3,Integer,5
.1.3.6.1.4.1.12148.10.13.10.3.1.7.1.4,Integer,5
.1.3.6.1.4.1.12148.10.13.10.3.1.7.1.5,Integer,2
.1.3.6.1.4.1.12148.10.13.10.3.1.7.1.6,Integer,2
.1.3.6.1.4.1.12148.10.13.10.3.1.7.1.7,Integer,2
.1.3.6.1.4.1.12148.10.13.10.3.1.7.1.8,Integer,2
.1.3.6.1.4.1.12148.10.13.10.3.1.7.1.9,Integer,2
.1.3.6.1.4.1.12148.10.13.10.3.1.7.1.10,Integer,2
.1.3.6.1.4.1.12148.10.13.10.3.1.7.1.11,Integer,2
.1.3.6.1.4.1.12148.10.13.10.3.1.7.1.12,Integer,2
.1.3.6.1.4.1.12148.10.13.10.3.1.7.1.13,Integer,2
.1.3.6.1.4.1.12148.10.13.10.3.1.7.1.14,Integer,2
.1.3.6.1.4.1.12148.10.13.10.3.1.7.1.15,Integer,2
.1.3.6.1.4.1.12148.10.13.10.3.1.7.1.16,Integer,2
.1.3.6.1.4.1.12148.10.13.10.5.1.2.1.1,OctetString,"""UNITEL"""
.1.3.6.1.4.1.12148.10.13.10.5.1.2.1.2,OctetString,"""AFRICELL"""
.1.3.6.1.4.1.12148.10.13.10.5.1.2.1.3,OctetString,"""Shunt 3"""
.1.3.6.1.4.1.12148.10.13.10.5.1.2.1.4,OctetString,"""Shunt 4"""
.1.3.6.1.4.1.12148.10.13.10.5.1.3.1.1,OctetString,"""0.320000"""
.1.3.6.1.4.1.12148.10.13.10.5.1.3.1.2,OctetString,"""0.320000"""
.1.3.6.1.4.1.12148.10.13.10.5.1.3.1.3,OctetString,"""0.320000"""
.1.3.6.1.4.1.12148.10.13.10.5.1.3.1.4,OctetString,"""0.320000"""
.1.3.6.1.4.1.12148.10.13.10.5.1.4.1.1,OctetString,"""USD"""
.1.3.6.1.4.1.12148.10.13.10.5.1.4.1.2,OctetString,"""USD"""
.1.3.6.1.4.1.12148.10.13.10.5.1.4.1.3,OctetString,"""USD"""
.1.3.6.1.4.1.12148.10.13.10.5.1.4.1.4,OctetString,"""USD"""
.1.3.6.1.4.1.12148.10.13.10.6.0,Integer,12
.1.3.6.1.4.1.12148.10.13.10.7.1.2.1.1.1,Integer,7
.1.3.6.1.4.1.12148.10.13.10.7.1.2.1.1.2,Integer,6
.1.3.6.1.4.1.12148.10.13.10.7.1.2.1.1.3,Integer,5
.1.3.6.1.4.1.12148.10.13.10.7.1.2.1.1.4,Integer,4
.1.3.6.1.4.1.12148.10.13.10.7.1.2.1.1.5,Integer,3
.1.3.6.1.4.1.12148.10.13.10.7.1.2.1.1.6,Integer,2
.1.3.6.1.4.1.12148.10.13.10.7.1.2.1.1.7,Integer,1
.1.3.6.1.4.1.12148.10.13.10.7.1.2.1.1.8,Integer,12
.1.3.6.1.4.1.12148.10.13.10.7.1.2.1.1.9,Integer,11
.1.3.6.1.4.1.12148.10.13.10.7.1.2.1.1.10,Integer,10
.1.3.6.1.4.1.12148.10.13.10.7.1.2.1.1.11,Integer,9
.1.3.6.1.4.1.12148.10.13.10.7.1.2.1.1.12,Integer,8
.1.3.6.1.4.1.12148.10.13.10.7.1.2.1.2.1,Integer,7
.1.3.6.1.4.1.12148.10.13.10.7.1.2.1.2.2,Integer,6
.1.3.6.1.4.1.12148.10.13.10.7.1.2.1.2.3,Integer,5
.1.3.6.1.4.1.12148.10.13.10.7.1.2.1.2.4,Integer,4
.1.3.6.1.4.1.12148.10.13.10.7.1.2.1.2.5,Integer,3
.1.3.6.1.4.1.12148.10.13.10.7.1.2.1.2.6,Integer,2
.1.3.6.1.4.1.12148.10.13.10.7.1.2.1.2.7,Integer,1
.1.3.6.1.4.1.12148.10.13.10.7.1.2.1.2.8,Integer,12
.1.3.6.1.4.1.12148.10.13.10.7.1.2.1.2.9,Integer,11
.1.3.6.1.4.1.12148.10.13.10.7.1.2.1.2.10,Integer,10
.1.3.6.1.4.1.12148.10.13.10.7.1.2.1.2.11,Integer,9
.1.3.6.1.4.1.12148.10.13.10.7.1.2.1.2.12,Integer,8
.1.3.6.1.4.1.12148.10.13.10.7.1.2.1.3.1,Integer,7
.1.3.6.1.4.1.12148.10.13.10.7.1.2.1.3.2,Integer,6
.1.3.6.1.4.1.12148.10.13.10.7.1.2.1.3.3,Integer,5
.1.3.6.1.4.1.12148.10.13.10.7.1.2.1.3.4,Integer,4
.1.3.6.1.4.1.12148.10.13.10.7.1.2.1.3.5,Integer,3
.1.3.6.1.4.1.12148.10.13.10.7.1.2.1.3.6,Integer,2
.1.3.6.1.4.1.12148.10.13.10.7.1.2.1.3.7,Integer,1
.1.3.6.1.4.1.12148.10.13.10.7.1.2.1.3.8,Integer,12
.1.3.6.1.4.1.12148.10.13.10.7.1.2.1.3.9,Integer,11
.1.3.6.1.4.1.12148.10.13.10.7.1.2.1.3.10,Integer,10
.1.3.6.1.4.1.12148.10.13.10.7.1.2.1.3.11,Integer,9
.1.3.6.1.4.1.12148.10.13.10.7.1.2.1.3.12,Integer,8
.1.3.6.1.4.1.12148.10.13.10.7.1.2.1.4.1,Integer,7
.1.3.6.1.4.1.12148.10.13.10.7.1.2.1.4.2,Integer,6
.1.3.6.1.4.1.12148.10.13.10.7.1.2.1.4.3,Integer,5
.1.3.6.1.4.1.12148.10.13.10.7.1.2.1.4.4,Integer,4
.1.3.6.1.4.1.12148.10.13.10.7.1.2.1.4.5,Integer,3
.1.3.6.1.4.1.12148.10.13.10.7.1.2.1.4.6,Integer,2
.1.3.6.1.4.1.12148.10.13.10.7.1.2.1.4.7,Integer,1
.1.3.6.1.4.1.12148.10.13.10.7.1.2.1.4.8,Integer,12
.1.3.6.1.4.1.12148.10.13.10.7.1.2.1.4.9,Integer,11
.1.3.6.1.4.1.12148.10.13.10.7.1.2.1.4.10,Integer,10
.1.3.6.1.4.1.12148.10.13.10.7.1.2.1.4.11,Integer,9
.1.3.6.1.4.1.12148.10.13.10.7.1.2.1.4.12,Integer,8
.1.3.6.1.4.1.12148.10.13.10.7.1.3.1.1.1,Integer,1425808
.1.3.6.1.4.1.12148.10.13.10.7.1.3.1.1.2,Integer,3127688
.1.3.6.1.4.1.12148.10.13.10.7.1.3.1.1.3,Integer,3377204
.1.3.6.1.4.1.12148.10.13.10.7.1.3.1.1.4,Integer,2629760
.1.3.6.1.4.1.12148.10.13.10.7.1.3.1.1.5,Integer,3440676
.1.3.6.1.4.1.12148.10.13.10.7.1.3.1.1.6,Integer,3074236
.1.3.6.1.4.1.12148.10.13.10.7.1.3.1.1.7,Integer,3315848
.1.3.6.1.4.1.12148.10.13.10.7.1.3.1.1.8,Integer,3339208
.1.3.6.1.4.1.12148.10.13.10.7.1.3.1.1.9,Integer,3177664
.1.3.6.1.4.1.12148.10.13.10.7.1.3.1.1.10,Integer,3087748
.1.3.6.1.4.1.12148.10.13.10.7.1.3.1.1.11,Integer,2958692
.1.3.6.1.4.1.12148.10.13.10.7.1.3.1.1.12,Integer,3079944
.1.3.6.1.4.1.12148.10.13.10.7.1.3.1.2.1,Integer,1306328
.1.3.6.1.4.1.12148.10.13.10.7.1.3.1.2.2,Integer,2818332
.1.3.6.1.4.1.12148.10.13.10.7.1.3.1.2.3,Integer,3061100
.1.3.6.1.4.1.12148.10.13.10.7.1.3.1.2.4,Integer,2314924
.1.3.6.1.4.1.12148.10.13.10.7.1.3.1.2.5,Integer,2986484
.1.3.6.1.4.1.12148.10.13.10.7.1.3.1.2.6,Integer,2724360
.1.3.6.1.4.1.12148.10.13.10.7.1.3.1.2.7,Integer,2978080
.1.3.6.1.4.1.12148.10.13.10.7.1.3.1.2.8,Integer,2991240
.1.3.6.1.4.1.12148.10.13.10.7.1.3.1.2.9,Integer,2901144
.1.3.6.1.4.1.12148.10.13.10.7.1.3.1.2.10,Integer,2880628
.1.3.6.1.4.1.12148.10.13.10.7.1.3.1.2.11,Integer,2722474
.1.3.6.1.4.1.12148.10.13.10.7.1.3.1.2.12,Integer,2865048
.1.3.6.1.4.1.12148.10.13.10.7.1.3.1.3.1,Integer,0
.1.3.6.1.4.1.12148.10.13.10.7.1.3.1.3.2,Integer,0
.1.3.6.1.4.1.12148.10.13.10.7.1.3.1.3.3,Integer,329
.1.3.6.1.4.1.12148.10.13.10.7.1.3.1.3.4,Integer,0
.1.3.6.1.4.1.12148.10.13.10.7.1.3.1.3.5,Integer,0
.1.3.6.1.4.1.12148.10.13.10.7.1.3.1.3.6,Integer,0
.1.3.6.1.4.1.12148.10.13.10.7.1.3.1.3.7,Integer,0
.1.3.6.1.4.1.12148.10.13.10.7.1.3.1.3.8,Integer,0
.1.3.6.1.4.1.12148.10.13.10.7.1.3.1.3.9,Integer,0
.1.3.6.1.4.1.12148.10.13.10.7.1.3.1.3.10,Integer,0
.1.3.6.1.4.1.12148.10.13.10.7.1.3.1.3.11,Integer,0
.1.3.6.1.4.1.12148.10.13.10.7.1.3.1.3.12,Integer,0
.1.3.6.1.4.1.12148.10.13.10.7.1.3.1.4.1,Integer,0
.1.3.6.1.4.1.12148.10.13.10.7.1.3.1.4.2,Integer,0
.1.3.6.1.4.1.12148.10.13.10.7.1.3.1.4.3,Integer,0
.1.3.6.1.4.1.12148.10.13.10.7.1.3.1.4.4,Integer,0
.1.3.6.1.4.1.12148.10.13.10.7.1.3.1.4.5,Integer,0
.1.3.6.1.4.1.12148.10.13.10.7.1.3.1.4.6,Integer,0
.1.3.6.1.4.1.12148.10.13.10.7.1.3.1.4.7,Integer,0
.1.3.6.1.4.1.12148.10.13.10.7.1.3.1.4.8,Integer,0
.1.3.6.1.4.1.12148.10.13.10.7.1.3.1.4.9,Integer,0
.1.3.6.1.4.1.12148.10.13.10.7.1.3.1.4.10,Integer,0
.1.3.6.1.4.1.12148.10.13.10.7.1.3.1.4.11,Integer,0
.1.3.6.1.4.1.12148.10.13.10.7.1.3.1.4.12,Integer,0
.1.3.6.1.4.1.12148.10.13.10.7.1.4.1.1.1,OctetString,"""456.258545"""
.1.3.6.1.4.1.12148.10.13.10.7.1.4.1.1.2,OctetString,"""1000.860168"""
.1.3.6.1.4.1.12148.10.13.10.7.1.4.1.1.3,OctetString,"""1080.705200"""
.1.3.6.1.4.1.12148.10.13.10.7.1.4.1.1.4,OctetString,"""841.523193"""
.1.3.6.1.4.1.12148.10.13.10.7.1.4.1.1.5,OctetString,"""1101.016479"""
.1.3.6.1.4.1.12148.10.13.10.7.1.4.1.1.6,OctetString,"""983.755493"""
.1.3.6.1.4.1.12148.10.13.10.7.1.4.1.1.7,OctetString,"""1061.071167"""
.1.3.6.1.4.1.12148.10.13.10.7.1.4.1.1.8,OctetString,"""1068.546631"""
.1.3.6.1.4.1.12148.10.13.10.7.1.4.1.1.9,OctetString,"""1016.852539"""
.1.3.6.1.4.1.12148.10.13.10.7.1.4.1.1.10,OctetString,"""988.079346"""
.1.3.6.1.4.1.12148.10.13.10.7.1.4.1.1.11,OctetString,"""946.781555"""
.1.3.6.1.4.1.12148.10.13.10.7.1.4.1.1.12,OctetString,"""985.582092"""
.1.3.6.1.4.1.12148.10.13.10.7.1.4.1.2.1,OctetString,"""418.024933"""
.1.3.6.1.4.1.12148.10.13.10.7.1.4.1.2.2,OctetString,"""901.866272"""
.1.3.6.1.4.1.12148.10.13.10.7.1.4.1.2.3,OctetString,"""979.552002"""
.1.3.6.1.4.1.12148.10.13.10.7.1.4.1.2.4,OctetString,"""740.775757"""
.1.3.6.1.4.1.12148.10.13.10.7.1.4.1.2.5,OctetString,"""955.674866"""
.1.3.6.1.4.1.12148.10.13.10.7.1.4.1.2.6,OctetString,"""871.795227"""
.1.3.6.1.4.1.12148.10.13.10.7.1.4.1.2.7,OctetString,"""952.985657"""
.1.3.6.1.4.1.12148.10.13.10.7.1.4.1.2.8,OctetString,"""957.196777"""
.1.3.6.1.4.1.12148.10.13.10.7.1.4.1.2.9,OctetString,"""928.365967"""
.1.3.6.1.4.1.12148.10.13.10.7.1.4.1.2.10,OctetString,"""921.801025"""
.1.3.6.1.4.1.12148.10.13.10.7.1.4.1.2.11,OctetString,"""871.191650"""
.1.3.6.1.4.1.12148.10.13.10.7.1.4.1.2.12,OctetString,"""916.815369"""
.1.3.6.1.4.1.12148.10.13.10.7.1.4.1.3.1,OctetString,"""0.000000"""
.1.3.6.1.4.1.12148.10.13.10.7.1.4.1.3.2,OctetString,"""0.000000"""
.1.3.6.1.4.1.12148.10.13.10.7.1.4.1.3.3,OctetString,"""0.105280"""
.1.3.6.1.4.1.12148.10.13.10.7.1.4.1.3.4,OctetString,"""0.000000"""
.1.3.6.1.4.1.12148.10.13.10.7.1.4.1.3.5,OctetString,"""0.000000"""
.1.3.6.1.4.1.12148.10.13.10.7.1.4.1.3.6,OctetString,"""0.000000"""
.1.3.6.1.4.1.12148.10.13.10.7.1.4.1.3.7,OctetString,"""0.000000"""
.1.3.6.1.4.1.12148.10.13.10.7.1.4.1.3.8,OctetString,"""0.000000"""
.1.3.6.1.4.1.12148.10.13.10.7.1.4.1.3.9,OctetString,"""0.000000"""
.1.3.6.1.4.1.12148.10.13.10.7.1.4.1.3.10,OctetString,"""0.000000"""
.1.3.6.1.4.1.12148.10.13.10.7.1.4.1.3.11,OctetString,"""0.000000"""
.1.3.6.1.4.1.12148.10.13.10.7.1.4.1.3.12,OctetString,"""0.000000"""
.1.3.6.1.4.1.12148.10.13.10.7.1.4.1.4.1,OctetString,"""0.000000"""
.1.3.6.1.4.1.12148.10.13.10.7.1.4.1.4.2,OctetString,"""0.000000"""
.1.3.6.1.4.1.12148.10.13.10.7.1.4.1.4.3,OctetString,"""0.000000"""
.1.3.6.1.4.1.12148.10.13.10.7.1.4.1.4.4,OctetString,"""0.000000"""
.1.3.6.1.4.1.12148.10.13.10.7.1.4.1.4.5,OctetString,"""0.000000"""
.1.3.6.1.4.1.12148.10.13.10.7.1.4.1.4.6,OctetString,"""0.000000"""
.1.3.6.1.4.1.12148.10.13.10.7.1.4.1.4.7,OctetString,"""0.000000"""
.1.3.6.1.4.1.12148.10.13.10.7.1.4.1.4.8,OctetString,"""0.000000"""
.1.3.6.1.4.1.12148.10.13.10.7.1.4.1.4.9,OctetString,"""0.000000"""
.1.3.6.1.4.1.12148.10.13.10.7.1.4.1.4.10,OctetString,"""0.000000"""
.1.3.6.1.4.1.12148.10.13.10.7.1.4.1.4.11,OctetString,"""0.000000"""
.1.3.6.1.4.1.12148.10.13.10.7.1.4.1.4.12,OctetString,"""0.000000"""
.1.3.6.1.4.1.12148.10.13.10.8.0,Integer,12
.1.3.6.1.4.1.12148.10.13.10.9.1.2.1.1.1,OctetString,"""2026"""
.1.3.6.1.4.1.12148.10.13.10.9.1.2.1.1.2,OctetString,"""2025"""
.1.3.6.1.4.1.12148.10.13.10.9.1.2.1.1.3,OctetString,"""2024"""
.1.3.6.1.4.1.12148.10.13.10.9.1.2.1.1.4,OctetString,"""2023"""
.1.3.6.1.4.1.12148.10.13.10.9.1.2.1.1.5,OctetString,"""2022"""
.1.3.6.1.4.1.12148.10.13.10.9.1.2.1.1.6,OctetString,"""2021"""
.1.3.6.1.4.1.12148.10.13.10.9.1.2.1.1.7,OctetString,"""2020"""
.1.3.6.1.4.1.12148.10.13.10.9.1.2.1.1.8,OctetString,"""2019"""
.1.3.6.1.4.1.12148.10.13.10.9.1.2.1.1.9,OctetString,"""2018"""
.1.3.6.1.4.1.12148.10.13.10.9.1.2.1.1.10,OctetString,"""2017"""
.1.3.6.1.4.1.12148.10.13.10.9.1.2.1.1.11,OctetString,"""2016"""
.1.3.6.1.4.1.12148.10.13.10.9.1.2.1.1.12,OctetString,"""2015"""
.1.3.6.1.4.1.12148.10.13.10.9.1.2.1.2.1,OctetString,"""2026"""
.1.3.6.1.4.1.12148.10.13.10.9.1.2.1.2.2,OctetString,"""2025"""
.1.3.6.1.4.1.12148.10.13.10.9.1.2.1.2.3,OctetString,"""2024"""
.1.3.6.1.4.1.12148.10.13.10.9.1.2.1.2.4,OctetString,"""2023"""
.1.3.6.1.4.1.12148.10.13.10.9.1.2.1.2.5,OctetString,"""2022"""
.1.3.6.1.4.1.12148.10.13.10.9.1.2.1.2.6,OctetString,"""2021"""
.1.3.6.1.4.1.12148.10.13.10.9.1.2.1.2.7,OctetString,"""2020"""
.1.3.6.1.4.1.12148.10.13.10.9.1.2.1.2.8,OctetString,"""2019"""
.1.3.6.1.4.1.12148.10.13.10.9.1.2.1.2.9,OctetString,"""2018"""
.1.3.6.1.4.1.12148.10.13.10.9.1.2.1.2.10,OctetString,"""2017"""
.1.3.6.1.4.1.12148.10.13.10.9.1.2.1.2.11,OctetString,"""2016"""
.1.3.6.1.4.1.12148.10.13.10.9.1.2.1.2.12,OctetString,"""2015"""
.1.3.6.1.4.1.12148.10.13.10.9.1.2.1.3.1,OctetString,"""2026"""
.1.3.6.1.4.1.12148.10.13.10.9.1.2.1.3.2,OctetString,"""2025"""
.1.3.6.1.4.1.12148.10.13.10.9.1.2.1.3.3,OctetString,"""2024"""
.1.3.6.1.4.1.12148.10.13.10.9.1.2.1.3.4,OctetString,"""2023"""
.1.3.6.1.4.1.12148.10.13.10.9.1.2.1.3.5,OctetString,"""2022"""
.1.3.6.1.4.1.12148.10.13.10.9.1.2.1.3.6,OctetString,"""2021"""
.1.3.6.1.4.1.12148.10.13.10.9.1.2.1.3.7,OctetString,"""2020"""
.1.3.6.1.4.1.12148.10.13.10.9.1.2.1.3.8,OctetString,"""2019"""
.1.3.6.1.4.1.12148.10.13.10.9.1.2.1.3.9,OctetString,"""2018"""
.1.3.6.1.4.1.12148.10.13.10.9.1.2.1.3.10,OctetString,"""2017"""
.1.3.6.1.4.1.12148.10.13.10.9.1.2.1.3.11,OctetString,"""2016"""
.1.3.6.1.4.1.12148.10.13.10.9.1.2.1.3.12,OctetString,"""2015"""
.1.3.6.1.4.1.12148.10.13.10.9.1.2.1.4.1,OctetString,"""2026"""
.1.3.6.1.4.1.12148.10.13.10.9.1.2.1.4.2,OctetString,"""2025"""
.1.3.6.1.4.1.12148.10.13.10.9.1.2.1.4.3,OctetString,"""2024"""
.1.3.6.1.4.1.12148.10.13.10.9.1.2.1.4.4,OctetString,"""2023"""
.1.3.6.1.4.1.12148.10.13.10.9.1.2.1.4.5,OctetString,"""2022"""
.1.3.6.1.4.1.12148.10.13.10.9.1.2.1.4.6,OctetString,"""2021"""
.1.3.6.1.4.1.12148.10.13.10.9.1.2.1.4.7,OctetString,"""2020"""
.1.3.6.1.4.1.12148.10.13.10.9.1.2.1.4.8,OctetString,"""2019"""
.1.3.6.1.4.1.12148.10.13.10.9.1.2.1.4.9,OctetString,"""2018"""
.1.3.6.1.4.1.12148.10.13.10.9.1.2.1.4.10,OctetString,"""2017"""
.1.3.6.1.4.1.12148.10.13.10.9.1.2.1.4.11,OctetString,"""2016"""
.1.3.6.1.4.1.12148.10.13.10.9.1.2.1.4.12,OctetString,"""2015"""
.1.3.6.1.4.1.12148.10.13.10.9.1.3.1.1.1,Integer,18965412
.1.3.6.1.4.1.12148.10.13.10.9.1.3.1.1.2,Integer,38694758
.1.3.6.1.4.1.12148.10.13.10.9.1.3.1.1.3,Integer,6258283
.1.3.6.1.4.1.12148.10.13.10.9.1.3.1.1.4,Integer,1101
.1.3.6.1.4.1.12148.10.13.10.9.1.3.1.1.5,Integer,0
.1.3.6.1.4.1.12148.10.13.10.9.1.3.1.1.6,Integer,0
.1.3.6.1.4.1.12148.10.13.10.9.1.3.1.1.7,Integer,0
.1.3.6.1.4.1.12148.10.13.10.9.1.3.1.1.8,Integer,0
.1.3.6.1.4.1.12148.10.13.10.9.1.3.1.1.9,Integer,0
.1.3.6.1.4.1.12148.10.13.10.9.1.3.1.1.10,Integer,0
.1.3.6.1.4.1.12148.10.13.10.9.1.3.1.1.11,Integer,0
.1.3.6.1.4.1.12148.10.13.10.9.1.3.1.1.12,Integer,0
.1.3.6.1.4.1.12148.10.13.10.9.1.3.1.2.1,Integer,16883280
.1.3.6.1.4.1.12148.10.13.10.9.1.3.1.2.2,Integer,35279965
.1.3.6.1.4.1.12148.10.13.10.9.1.3.1.2.3,Integer,5216332
.1.3.6.1.4.1.12148.10.13.10.9.1.3.1.2.4,Integer,647
.1.3.6.1.4.1.12148.10.13.10.9.1.3.1.2.5,Integer,0
.1.3.6.1.4.1.12148.10.13.10.9.1.3.1.2.6,Integer,0
.1.3.6.1.4.1.12148.10.13.10.9.1.3.1.2.7,Integer,0
.1.3.6.1.4.1.12148.10.13.10.9.1.3.1.2.8,Integer,0
.1.3.6.1.4.1.12148.10.13.10.9.1.3.1.2.9,Integer,0
.1.3.6.1.4.1.12148.10.13.10.9.1.3.1.2.10,Integer,0
.1.3.6.1.4.1.12148.10.13.10.9.1.3.1.2.11,Integer,0
.1.3.6.1.4.1.12148.10.13.10.9.1.3.1.2.12,Integer,0
.1.3.6.1.4.1.12148.10.13.10.9.1.3.1.3.1,Integer,329
.1.3.6.1.4.1.12148.10.13.10.9.1.3.1.3.2,Integer,46840
.1.3.6.1.4.1.12148.10.13.10.9.1.3.1.3.3,Integer,1160
.1.3.6.1.4.1.12148.10.13.10.9.1.3.1.3.4,Integer,770
.1.3.6.1.4.1.12148.10.13.10.9.1.3.1.3.5,Integer,0
.1.3.6.1.4.1.12148.10.13.10.9.1.3.1.3.6,Integer,0
.1.3.6.1.4.1.12148.10.13.10.9.1.3.1.3.7,Integer,0
.1.3.6.1.4.1.12148.10.13.10.9.1.3.1.3.8,Integer,0
.1.3.6.1.4.1.12148.10.13.10.9.1.3.1.3.9,Integer,0
.1.3.6.1.4.1.12148.10.13.10.9.1.3.1.3.10,Integer,0
.1.3.6.1.4.1.12148.10.13.10.9.1.3.1.3.11,Integer,0
.1.3.6.1.4.1.12148.10.13.10.9.1.3.1.3.12,Integer,0
.1.3.6.1.4.1.12148.10.13.10.9.1.3.1.4.1,Integer,0
.1.3.6.1.4.1.12148.10.13.10.9.1.3.1.4.2,Integer,0
.1.3.6.1.4.1.12148.10.13.10.9.1.3.1.4.3,Integer,0
.1.3.6.1.4.1.12148.10.13.10.9.1.3.1.4.4,Integer,0
.1.3.6.1.4.1.12148.10.13.10.9.1.3.1.4.5,Integer,0
.1.3.6.1.4.1.12148.10.13.10.9.1.3.1.4.6,Integer,0
.1.3.6.1.4.1.12148.10.13.10.9.1.3.1.4.7,Integer,0
.1.3.6.1.4.1.12148.10.13.10.9.1.3.1.4.8,Integer,0
.1.3.6.1.4.1.12148.10.13.10.9.1.3.1.4.9,Integer,0
.1.3.6.1.4.1.12148.10.13.10.9.1.3.1.4.10,Integer,0
.1.3.6.1.4.1.12148.10.13.10.9.1.3.1.4.11,Integer,0
.1.3.6.1.4.1.12148.10.13.10.9.1.3.1.4.12,Integer,0
.1.3.6.1.4.1.12148.10.13.10.9.1.4.1.1.1,OctetString,"""6068.932129"""
.1.3.6.1.4.1.12148.10.13.10.9.1.4.1.1.2,OctetString,"""12382.323242"""
.1.3.6.1.4.1.12148.10.13.10.9.1.4.1.1.3,OctetString,"""2002.650391"""
.1.3.6.1.4.1.12148.10.13.10.9.1.4.1.1.4,OctetString,"""0.352320"""
.1.3.6.1.4.1.12148.10.13.10.9.1.4.1.1.5,OctetString,"""0.000000"""
.1.3.6.1.4.1.12148.10.13.10.9.1.4.1.1.6,OctetString,"""0.000000"""
.1.3.6.1.4.1.12148.10.13.10.9.1.4.1.1.7,OctetString,"""0.000000"""
.1.3.6.1.4.1.12148.10.13.10.9.1.4.1.1.8,OctetString,"""0.000000"""
.1.3.6.1.4.1.12148.10.13.10.9.1.4.1.1.9,OctetString,"""0.000000"""
.1.3.6.1.4.1.12148.10.13.10.9.1.4.1.1.10,OctetString,"""0.000000"""
.1.3.6.1.4.1.12148.10.13.10.9.1.4.1.1.11,OctetString,"""0.000000"""
.1.3.6.1.4.1.12148.10.13.10.9.1.4.1.1.12,OctetString,"""0.000000"""
.1.3.6.1.4.1.12148.10.13.10.9.1.4.1.2.1,OctetString,"""5402.649414"""
.1.3.6.1.4.1.12148.10.13.10.9.1.4.1.2.2,OctetString,"""11289.589844"""
.1.3.6.1.4.1.12148.10.13.10.9.1.4.1.2.3,OctetString,"""1669.226196"""
.1.3.6.1.4.1.12148.10.13.10.9.1.4.1.2.4,OctetString,"""0.207040"""
.1.3.6.1.4.1.12148.10.13.10.9.1.4.1.2.5,OctetString,"""0.000000"""
.1.3.6.1.4.1.12148.10.13.10.9.1.4.1.2.6,OctetString,"""0.000000"""
.1.3.6.1.4.1.12148.10.13.10.9.1.4.1.2.7,OctetString,"""0.000000"""
.1.3.6.1.4.1.12148.10.13.10.9.1.4.1.2.8,OctetString,"""0.000000"""
.1.3.6.1.4.1.12148.10.13.10.9.1.4.1.2.9,OctetString,"""0.000000"""
.1.3.6.1.4.1.12148.10.13.10.9.1.4.1.2.10,OctetString,"""0.000000"""
.1.3.6.1.4.1.12148.10.13.10.9.1.4.1.2.11,OctetString,"""0.000000"""
.1.3.6.1.4.1.12148.10.13.10.9.1.4.1.2.12,OctetString,"""0.000000"""
.1.3.6.1.4.1.12148.10.13.10.9.1.4.1.3.1,OctetString,"""0.105280"""
.1.3.6.1.4.1.12148.10.13.10.9.1.4.1.3.2,OctetString,"""14.988800"""
.1.3.6.1.4.1.12148.10.13.10.9.1.4.1.3.3,OctetString,"""0.371200"""
.1.3.6.1.4.1.12148.10.13.10.9.1.4.1.3.4,OctetString,"""0.246400"""
.1.3.6.1.4.1.12148.10.13.10.9.1.4.1.3.5,OctetString,"""0.000000"""
.1.3.6.1.4.1.12148.10.13.10.9.1.4.1.3.6,OctetString,"""0.000000"""
.1.3.6.1.4.1.12148.10.13.10.9.1.4.1.3.7,OctetString,"""0.000000"""
.1.3.6.1.4.1.12148.10.13.10.9.1.4.1.3.8,OctetString,"""0.000000"""
.1.3.6.1.4.1.12148.10.13.10.9.1.4.1.3.9,OctetString,"""0.000000"""
.1.3.6.1.4.1.12148.10.13.10.9.1.4.1.3.10,OctetString,"""0.000000"""
.1.3.6.1.4.1.12148.10.13.10.9.1.4.1.3.11,OctetString,"""0.000000"""
.1.3.6.1.4.1.12148.10.13.10.9.1.4.1.3.12,OctetString,"""0.000000"""
.1.3.6.1.4.1.12148.10.13.10.9.1.4.1.4.1,OctetString,"""0.000000"""
.1.3.6.1.4.1.12148.10.13.10.9.1.4.1.4.2,OctetString,"""0.000000"""
.1.3.6.1.4.1.12148.10.13.10.9.1.4.1.4.3,OctetString,"""0.000000"""
.1.3.6.1.4.1.12148.10.13.10.9.1.4.1.4.4,OctetString,"""0.000000"""
.1.3.6.1.4.1.12148.10.13.10.9.1.4.1.4.5,OctetString,"""0.000000"""
.1.3.6.1.4.1.12148.10.13.10.9.1.4.1.4.6,OctetString,"""0.000000"""
.1.3.6.1.4.1.12148.10.13.10.9.1.4.1.4.7,OctetString,"""0.000000"""
.1.3.6.1.4.1.12148.10.13.10.9.1.4.1.4.8,OctetString,"""0.000000"""
.1.3.6.1.4.1.12148.10.13.10.9.1.4.1.4.9,OctetString,"""0.000000"""
.1.3.6.1.4.1.12148.10.13.10.9.1.4.1.4.10,OctetString,"""0.000000"""
.1.3.6.1.4.1.12148.10.13.10.9.1.4.1.4.11,OctetString,"""0.000000"""
.1.3.6.1.4.1.12148.10.13.10.9.1.4.1.4.12,OctetString,"""0.000000"""
.1.3.6.1.4.1.12148.10.13.10.10.1.1.1.1,Integer,66501304
.1.3.6.1.4.1.12148.10.13.10.10.1.1.1.2,Integer,59724300
.1.3.6.1.4.1.12148.10.13.10.10.1.1.1.3,Integer,50673
.1.3.6.1.4.1.12148.10.13.10.10.1.1.1.4,Integer,21
.1.3.6.1.4.1.12148.10.13.10.11.0,Integer,52
.1.3.6.1.4.1.12148.10.13.10.12.1.2.1.1.1,Integer,4415
.1.3.6.1.4.1.12148.10.13.10.12.1.2.1.1.2,Integer,4480
.1.3.6.1.4.1.12148.10.13.10.12.1.2.1.1.3,Integer,4469
.1.3.6.1.4.1.12148.10.13.10.12.1.2.1.1.4,Integer,4250
.1.3.6.1.4.1.12148.10.13.10.12.1.2.1.1.5,Integer,3864
.1.3.6.1.4.1.12148.10.13.10.12.1.2.1.1.6,Integer,3529
.1.3.6.1.4.1.12148.10.13.10.12.1.2.1.1.7,Integer,3420
.1.3.6.1.4.1.12148.10.13.10.12.1.2.1.1.8,Integer,3418
.1.3.6.1.4.1.12148.10.13.10.12.1.2.1.1.9,Integer,3618
.1.3.6.1.4.1.12148.10.13.10.12.1.2.1.1.10,Integer,3949
.1.3.6.1.4.1.12148.10.13.10.12.1.2.1.1.11,Integer,4347
.1.3.6.1.4.1.12148.10.13.10.12.1.2.1.1.12,Integer,4989
.1.3.6.1.4.1.12148.10.13.10.12.1.2.1.1.13,Integer,5310
.1.3.6.1.4.1.12148.10.13.10.12.1.2.1.1.14,Integer,5003
.1.3.6.1.4.1.12148.10.13.10.12.1.2.1.1.15,Integer,4866
.1.3.6.1.4.1.12148.10.13.10.12.1.2.1.1.16,Integer,4836
.1.3.6.1.4.1.12148.10.13.10.12.1.2.1.1.17,Integer,4555
.1.3.6.1.4.1.12148.10.13.10.12.1.2.1.1.18,Integer,4451
.1.3.6.1.4.1.12148.10.13.10.12.1.2.1.1.19,Integer,4435
.1.3.6.1.4.1.12148.10.13.10.12.1.2.1.1.20,Integer,4404
.1.3.6.1.4.1.12148.10.13.10.12.1.2.1.1.21,Integer,4360
.1.3.6.1.4.1.12148.10.13.10.12.1.2.1.1.22,Integer,4492
.1.3.6.1.4.1.12148.10.13.10.12.1.2.1.1.23,Integer,4518
.1.3.6.1.4.1.12148.10.13.10.12.1.2.1.1.24,Integer,4506
.1.3.6.1.4.1.12148.10.13.10.12.1.2.1.1.25,Integer,4493
.1.3.6.1.4.1.12148.10.13.10.12.1.2.1.1.26,Integer,4474
.1.3.6.1.4.1.12148.10.13.10.12.1.2.1.1.27,Integer,4432
.1.3.6.1.4.1.12148.10.13.10.12.1.2.1.1.28,Integer,4220
.1.3.6.1.4.1.12148.10.13.10.12.1.2.1.1.29,Integer,3829
.1.3.6.1.4.1.12148.10.13.10.12.1.2.1.1.30,Integer,3468
.1.3.6.1.4.1.12148.10.13.10.12.1.2.1.1.31,Integer,3422
.1.3.6.1.4.1.12148.10.13.10.12.1.2.1.1.32,Integer,3525
.1.3.6.1.4.1.12148.10.13.10.12.1.2.1.1.33,Integer,3621
.1.3.6.1.4.1.12148.10.13.10.12.1.2.1.1.34,Integer,3842
.1.3.6.1.4.1.12148.10.13.10.12.1.2.1.1.35,Integer,4380
.1.3.6.1.4.1.12148.10.13.10.12.1.2.1.1.36,Integer,5004
.1.3.6.1.4.1.12148.10.13.10.12.1.2.1.1.37,Integer,5283
.1.3.6.1.4.1.12148.10.13.10.12.1.2.1.1.38,Integer,5230
.1.3.6.1.4.1.12148.10.13.10.12.1.2.1.1.39,Integer,5086
.1.3.6.1.4.1.12148.10.13.10.12.1.2.1.1.40,Integer,4832
.1.3.6.1.4.1.12148.10.13.10.12.1.2.1.1.41,Integer,4688
.1.3.6.1.4.1.12148.10.13.10.12.1.2.1.1.42,Integer,4595
.1.3.6.1.4.1.12148.10.13.10.12.1.2.1.1.43,Integer,4550
.1.3.6.1.4.1.12148.10.13.10.12.1.2.1.1.44,Integer,4501
.1.3.6.1.4.1.12148.10.13.10.12.1.2.1.1.45,Integer,4535
.1.3.6.1.4.1.12148.10.13.10.12.1.2.1.1.46,Integer,4543
.1.3.6.1.4.1.12148.10.13.10.12.1.2.1.1.47,Integer,4510
.1.3.6.1.4.1.12148.10.13.10.12.1.2.1.1.48,Integer,4495
.1.3.6.1.4.1.12148.10.13.10.12.1.2.1.1.49,Integer,4565
.1.3.6.1.4.1.12148.10.13.10.12.1.2.1.1.50,Integer,4435
.1.3.6.1.4.1.12148.10.13.10.12.1.2.1.1.51,Integer,4465
.1.3.6.1.4.1.12148.10.13.10.12.1.2.1.1.52,Integer,0
.1.3.6.1.4.1.12148.10.13.10.12.1.2.1.2.1,Integer,4013
.1.3.6.1.4.1.12148.10.13.10.12.1.2.1.2.2,Integer,3987
.1.3.6.1.4.1.12148.10.13.10.12.1.2.1.2.3,Integer,3924
.1.3.6.1.4.1.12148.10.13.10.12.1.2.1.2.4,Integer,3895
.1.3.6.1.4.1.12148.10.13.10.12.1.2.1.2.5,Integer,3503
.1.3.6.1.4.1.12148.10.13.10.12.1.2.1.2.6,Integer,3221
.1.3.6.1.4.1.12148.10.13.10.12.1.2.1.2.7,Integer,3098
.1.3.6.1.4.1.12148.10.13.10.12.1.2.1.2.8,Integer,3118
.1.3.6.1.4.1.12148.10.13.10.12.1.2.1.2.9,Integer,3322
.1.3.6.1.4.1.12148.10.13.10.12.1.2.1.2.10,Integer,3789
.1.3.6.1.4.1.12148.10.13.10.12.1.2.1.2.11,Integer,4102
.1.3.6.1.4.1.12148.10.13.10.12.1.2.1.2.12,Integer,4549
.1.3.6.1.4.1.12148.10.13.10.12.1.2.1.2.13,Integer,4792
.1.3.6.1.4.1.12148.10.13.10.12.1.2.1.2.14,Integer,4843
.1.3.6.1.4.1.12148.10.13.10.12.1.2.1.2.15,Integer,4500
.1.3.6.1.4.1.12148.10.13.10.12.1.2.1.2.16,Integer,4474
.1.3.6.1.4.1.12148.10.13.10.12.1.2.1.2.17,Integer,4381
.1.3.6.1.4.1.12148.10.13.10.12.1.2.1.2.18,Integer,4119
.1.3.6.1.4.1.12148.10.13.10.12.1.2.1.2.19,Integer,4129
.1.3.6.1.4.1.12148.10.13.10.12.1.2.1.2.20,Integer,4226
.1.3.6.1.4.1.12148.10.13.10.12.1.2.1.2.21,Integer,4241
.1.3.6.1.4.1.12148.10.13.10.12.1.2.1.2.22,Integer,4261
.1.3.6.1.4.1.12148.10.13.10.12.1.2.1.2.23,Integer,4165
.1.3.6.1.4.1.12148.10.13.10.12.1.2.1.2.24,Integer,4116
.1.3.6.1.4.1.12148.10.13.10.12.1.2.1.2.25,Integer,4149
.1.3.6.1.4.1.12148.10.13.10.12.1.2.1.2.26,Integer,4031
.1.3.6.1.4.1.12148.10.13.10.12.1.2.1.2.27,Integer,3983
.1.3.6.1.4.1.12148.10.13.10.12.1.2.1.2.28,Integer,3863
.1.3.6.1.4.1.12148.10.13.10.12.1.2.1.2.29,Integer,3505
.1.3.6.1.4.1.12148.10.13.10.12.1.2.1.2.30,Integer,3135
.1.3.6.1.4.1.12148.10.13.10.12.1.2.1.2.31,Integer,3114
.1.3.6.1.4.1.12148.10.13.10.12.1.2.1.2.32,Integer,3187
.1.3.6.1.4.1.12148.10.13.10.12.1.2.1.2.33,Integer,3229
.1.3.6.1.4.1.12148.10.13.10.12.1.2.1.2.34,Integer,3479
.1.3.6.1.4.1.12148.10.13.10.12.1.2.1.2.35,Integer,3864
.1.3.6.1.4.1.12148.10.13.10.12.1.2.1.2.36,Integer,4358
.1.3.6.1.4.1.12148.10.13.10.12.1.2.1.2.37,Integer,4572
.1.3.6.1.4.1.12148.10.13.10.12.1.2.1.2.38,Integer,4735
.1.3.6.1.4.1.12148.10.13.10.12.1.2.1.2.39,Integer,4761
.1.3.6.1.4.1.12148.10.13.10.12.1.2.1.2.40,Integer,4720
.1.3.6.1.4.1.12148.10.13.10.12.1.2.1.2.41,Integer,4528
.1.3.6.1.4.1.12148.10.13.10.12.1.2.1.2.42,Integer,4342
.1.3.6.1.4.1.12148.10.13.10.12.1.2.1.2.43,Integer,4245
.1.3.6.1.4.1.12148.10.13.10.12.1.2.1.2.44,Integer,4241
.1.3.6.1.4.1.12148.10.13.10.12.1.2.1.2.45,Integer,4174
.1.3.6.1.4.1.12148.10.13.10.12.1.2.1.2.46,Integer,4314
.1.3.6.1.4.1.12148.10.13.10.12.1.2.1.2.47,Integer,4407
.1.3.6.1.4.1.12148.10.13.10.12.1.2.1.2.48,Integer,4166
.1.3.6.1.4.1.12148.10.13.10.12.1.2.1.2.49,Integer,4233
.1.3.6.1.4.1.12148.10.13.10.12.1.2.1.2.50,Integer,4003
.1.3.6.1.4.1.12148.10.13.10.12.1.2.1.2.51,Integer,3889
.1.3.6.1.4.1.12148.10.13.10.12.1.2.1.2.52,Integer,0
.1.3.6.1.4.1.12148.10.13.10.12.1.2.1.3.1,Integer,0
.1.3.6.1.4.1.12148.10.13.10.12.1.2.1.3.2,Integer,0
.1.3.6.1.4.1.12148.10.13.10.12.1.2.1.3.3,Integer,0
.1.3.6.1.4.1.12148.10.13.10.12.1.2.1.3.4,Integer,0
.1.3.6.1.4.1.12148.10.13.10.12.1.2.1.3.5,Integer,0
.1.3.6.1.4.1.12148.10.13.10.12.1.2.1.3.6,Integer,0
.1.3.6.1.4.1.12148.10.13.10.12.1.2.1.3.7,Integer,0
.1.3.6.1.4.1.12148.10.13.10.12.1.2.1.3.8,Integer,0
.1.3.6.1.4.1.12148.10.13.10.12.1.2.1.3.9,Integer,0
.1.3.6.1.4.1.12148.10.13.10.12.1.2.1.3.10,Integer,0
.1.3.6.1.4.1.12148.10.13.10.12.1.2.1.3.11,Integer,0
.1.3.6.1.4.1.12148.10.13.10.12.1.2.1.3.12,Integer,0
.1.3.6.1.4.1.12148.10.13.10.12.1.2.1.3.13,Integer,0
.1.3.6.1.4.1.12148.10.13.10.12.1.2.1.3.14,Integer,0
.1.3.6.1.4.1.12148.10.13.10.12.1.2.1.3.15,Integer,0
.1.3.6.1.4.1.12148.10.13.10.12.1.2.1.3.16,Integer,0
.1.3.6.1.4.1.12148.10.13.10.12.1.2.1.3.17,Integer,0
.1.3.6.1.4.1.12148.10.13.10.12.1.2.1.3.18,Integer,0
.1.3.6.1.4.1.12148.10.13.10.12.1.2.1.3.19,Integer,0
.1.3.6.1.4.1.12148.10.13.10.12.1.2.1.3.20,Integer,0
.1.3.6.1.4.1.12148.10.13.10.12.1.2.1.3.21,Integer,0
.1.3.6.1.4.1.12148.10.13.10.12.1.2.1.3.22,Integer,0
.1.3.6.1.4.1.12148.10.13.10.12.1.2.1.3.23,Integer,0
.1.3.6.1.4.1.12148.10.13.10.12.1.2.1.3.24,Integer,0
.1.3.6.1.4.1.12148.10.13.10.12.1.2.1.3.25,Integer,0
.1.3.6.1.4.1.12148.10.13.10.12.1.2.1.3.26,Integer,0
.1.3.6.1.4.1.12148.10.13.10.12.1.2.1.3.27,Integer,0
.1.3.6.1.4.1.12148.10.13.10.12.1.2.1.3.28,Integer,0
.1.3.6.1.4.1.12148.10.13.10.12.1.2.1.3.29,Integer,0
.1.3.6.1.4.1.12148.10.13.10.12.1.2.1.3.30,Integer,0
.1.3.6.1.4.1.12148.10.13.10.12.1.2.1.3.31,Integer,0
.1.3.6.1.4.1.12148.10.13.10.12.1.2.1.3.32,Integer,0
.1.3.6.1.4.1.12148.10.13.10.12.1.2.1.3.33,Integer,0
.1.3.6.1.4.1.12148.10.13.10.12.1.2.1.3.34,Integer,0
.1.3.6.1.4.1.12148.10.13.10.12.1.2.1.3.35,Integer,0
.1.3.6.1.4.1.12148.10.13.10.12.1.2.1.3.36,Integer,0
.1.3.6.1.4.1.12148.10.13.10.12.1.2.1.3.37,Integer,0
.1.3.6.1.4.1.12148.10.13.10.12.1.2.1.3.38,Integer,0
.1.3.6.1.4.1.12148.10.13.10.12.1.2.1.3.39,Integer,0
.1.3.6.1.4.1.12148.10.13.10.12.1.2.1.3.40,Integer,0
.1.3.6.1.4.1.12148.10.13.10.12.1.2.1.3.41,Integer,0
.1.3.6.1.4.1.12148.10.13.10.12.1.2.1.3.42,Integer,0
.1.3.6.1.4.1.12148.10.13.10.12.1.2.1.3.43,Integer,0
.1.3.6.1.4.1.12148.10.13.10.12.1.2.1.3.44,Integer,0
.1.3.6.1.4.1.12148.10.13.10.12.1.2.1.3.45,Integer,0
.1.3.6.1.4.1.12148.10.13.10.12.1.2.1.3.46,Integer,0
.1.3.6.1.4.1.12148.10.13.10.12.1.2.1.3.47,Integer,0
.1.3.6.1.4.1.12148.10.13.10.12.1.2.1.3.48,Integer,0
.1.3.6.1.4.1.12148.10.13.10.12.1.2.1.3.49,Integer,0
.1.3.6.1.4.1.12148.10.13.10.12.1.2.1.3.50,Integer,0
.1.3.6.1.4.1.12148.10.13.10.12.1.2.1.3.51,Integer,0
.1.3.6.1.4.1.12148.10.13.10.12.1.2.1.3.52,Integer,0
.1.3.6.1.4.1.12148.10.13.10.12.1.2.1.4.1,Integer,0
.1.3.6.1.4.1.12148.10.13.10.12.1.2.1.4.2,Integer,0
.1.3.6.1.4.1.12148.10.13.10.12.1.2.1.4.3,Integer,0
.1.3.6.1.4.1.12148.10.13.10.12.1.2.1.4.4,Integer,0
.1.3.6.1.4.1.12148.10.13.10.12.1.2.1.4.5,Integer,0
.1.3.6.1.4.1.12148.10.13.10.12.1.2.1.4.6,Integer,0
.1.3.6.1.4.1.12148.10.13.10.12.1.2.1.4.7,Integer,0
.1.3.6.1.4.1.12148.10.13.10.12.1.2.1.4.8,Integer,0
.1.3.6.1.4.1.12148.10.13.10.12.1.2.1.4.9,Integer,0
.1.3.6.1.4.1.12148.10.13.10.12.1.2.1.4.10,Integer,0
.1.3.6.1.4.1.12148.10.13.10.12.1.2.1.4.11,Integer,0
.1.3.6.1.4.1.12148.10.13.10.12.1.2.1.4.12,Integer,0
.1.3.6.1.4.1.12148.10.13.10.12.1.2.1.4.13,Integer,0
.1.3.6.1.4.1.12148.10.13.10.12.1.2.1.4.14,Integer,0
.1.3.6.1.4.1.12148.10.13.10.12.1.2.1.4.15,Integer,0
.1.3.6.1.4.1.12148.10.13.10.12.1.2.1.4.16,Integer,0
.1.3.6.1.4.1.12148.10.13.10.12.1.2.1.4.17,Integer,0
.1.3.6.1.4.1.12148.10.13.10.12.1.2.1.4.18,Integer,0
.1.3.6.1.4.1.12148.10.13.10.12.1.2.1.4.19,Integer,0
.1.3.6.1.4.1.12148.10.13.10.12.1.2.1.4.20,Integer,0
.1.3.6.1.4.1.12148.10.13.10.12.1.2.1.4.21,Integer,0
.1.3.6.1.4.1.12148.10.13.10.12.1.2.1.4.22,Integer,0
.1.3.6.1.4.1.12148.10.13.10.12.1.2.1.4.23,Integer,0
.1.3.6.1.4.1.12148.10.13.10.12.1.2.1.4.24,Integer,0
.1.3.6.1.4.1.12148.10.13.10.12.1.2.1.4.25,Integer,0
.1.3.6.1.4.1.12148.10.13.10.12.1.2.1.4.26,Integer,0
.1.3.6.1.4.1.12148.10.13.10.12.1.2.1.4.27,Integer,0
.1.3.6.1.4.1.12148.10.13.10.12.1.2.1.4.28,Integer,0
.1.3.6.1.4.1.12148.10.13.10.12.1.2.1.4.29,Integer,0
.1.3.6.1.4.1.12148.10.13.10.12.1.2.1.4.30,Integer,0
.1.3.6.1.4.1.12148.10.13.10.12.1.2.1.4.31,Integer,0
.1.3.6.1.4.1.12148.10.13.10.12.1.2.1.4.32,Integer,0
.1.3.6.1.4.1.12148.10.13.10.12.1.2.1.4.33,Integer,0
.1.3.6.1.4.1.12148.10.13.10.12.1.2.1.4.34,Integer,0
.1.3.6.1.4.1.12148.10.13.10.12.1.2.1.4.35,Integer,0
.1.3.6.1.4.1.12148.10.13.10.12.1.2.1.4.36,Integer,0
.1.3.6.1.4.1.12148.10.13.10.12.1.2.1.4.37,Integer,0
.1.3.6.1.4.1.12148.10.13.10.12.1.2.1.4.38,Integer,0
.1.3.6.1.4.1.12148.10.13.10.12.1.2.1.4.39,Integer,0
.1.3.6.1.4.1.12148.10.13.10.12.1.2.1.4.40,Integer,0
.1.3.6.1.4.1.12148.10.13.10.12.1.2.1.4.41,Integer,0
.1.3.6.1.4.1.12148.10.13.10.12.1.2.1.4.42,Integer,0
.1.3.6.1.4.1.12148.10.13.10.12.1.2.1.4.43,Integer,0
.1.3.6.1.4.1.12148.10.13.10.12.1.2.1.4.44,Integer,0
.1.3.6.1.4.1.12148.10.13.10.12.1.2.1.4.45,Integer,0
.1.3.6.1.4.1.12148.10.13.10.12.1.2.1.4.46,Integer,0
.1.3.6.1.4.1.12148.10.13.10.12.1.2.1.4.47,Integer,0
.1.3.6.1.4.1.12148.10.13.10.12.1.2.1.4.48,Integer,0
.1.3.6.1.4.1.12148.10.13.10.12.1.2.1.4.49,Integer,0
.1.3.6.1.4.1.12148.10.13.10.12.1.2.1.4.50,Integer,0
.1.3.6.1.4.1.12148.10.13.10.12.1.2.1.4.51,Integer,0
.1.3.6.1.4.1.12148.10.13.10.12.1.2.1.4.52,Integer,0
.1.3.6.1.4.1.12148.10.13.10.13.0,Integer,52
.1.3.6.1.4.1.12148.10.13.10.14.1.2.1.1.1,Integer,104
.1.3.6.1.4.1.12148.10.13.10.14.1.2.1.1.2,Integer,105
.1.3.6.1.4.1.12148.10.13.10.14.1.2.1.1.3,Integer,108
.1.3.6.1.4.1.12148.10.13.10.14.1.2.1.1.4,Integer,109
.1.3.6.1.4.1.12148.10.13.10.14.1.2.1.1.5,Integer,106
.1.3.6.1.4.1.12148.10.13.10.14.1.2.1.1.6,Integer,105
.1.3.6.1.4.1.12148.10.13.10.14.1.2.1.1.7,Integer,106
.1.3.6.1.4.1.12148.10.13.10.14.1.2.1.1.8,Integer,108
.1.3.6.1.4.1.12148.10.13.10.14.1.2.1.1.9,Integer,107
.1.3.6.1.4.1.12148.10.13.10.14.1.2.1.1.10,Integer,108
.1.3.6.1.4.1.12148.10.13.10.14.1.2.1.1.11,Integer,108
.1.3.6.1.4.1.12148.10.13.10.14.1.2.1.1.12,Integer,103
.1.3.6.1.4.1.12148.10.13.10.14.1.2.1.1.13,Integer,103
.1.3.6.1.4.1.12148.10.13.10.14.1.2.1.1.14,Integer,100
.1.3.6.1.4.1.12148.10.13.10.14.1.2.1.1.15,Integer,104
.1.3.6.1.4.1.12148.10.13.10.14.1.2.1.1.16,Integer,105
.1.3.6.1.4.1.12148.10.13.10.14.1.2.1.1.17,Integer,110
.1.3.6.1.4.1.12148.10.13.10.14.1.2.1.1.18,Integer,109
.1.3.6.1.4.1.12148.10.13.10.14.1.2.1.1.19,Integer,104
.1.3.6.1.4.1.12148.10.13.10.14.1.2.1.1.20,Integer,104
.1.3.6.1.4.1.12148.10.13.10.14.1.2.1.1.21,Integer,103
.1.3.6.1.4.1.12148.10.13.10.14.1.2.1.1.22,Integer,104
.1.3.6.1.4.1.12148.10.13.10.14.1.2.1.1.23,Integer,103
.1.3.6.1.4.1.12148.10.13.10.14.1.2.1.1.24,Integer,106
.1.3.6.1.4.1.12148.10.13.10.14.1.2.1.1.25,Integer,107
.1.3.6.1.4.1.12148.10.13.10.14.1.2.1.1.26,Integer,104
.1.3.6.1.4.1.12148.10.13.10.14.1.2.1.1.27,Integer,104
.1.3.6.1.4.1.12148.10.13.10.14.1.2.1.1.28,Integer,104
.1.3.6.1.4.1.12148.10.13.10.14.1.2.1.1.29,Integer,104
.1.3.6.1.4.1.12148.10.13.10.14.1.2.1.1.30,Integer,104
.1.3.6.1.4.1.12148.10.13.10.14.1.2.1.1.31,Integer,108
.1.3.6.1.4.1.12148.10.13.10.14.1.2.1.1.32,Integer,108
.1.3.6.1.4.1.12148.10.13.10.14.1.2.1.1.33,Integer,104
.1.3.6.1.4.1.12148.10.13.10.14.1.2.1.1.34,Integer,104
.1.3.6.1.4.1.12148.10.13.10.14.1.2.1.1.35,Integer,105
.1.3.6.1.4.1.12148.10.13.10.14.1.2.1.1.36,Integer,104
.1.3.6.1.4.1.12148.10.13.10.14.1.2.1.1.37,Integer,106
.1.3.6.1.4.1.12148.10.13.10.14.1.2.1.1.38,Integer,107
.1.3.6.1.4.1.12148.10.13.10.14.1.2.1.1.39,Integer,112
.1.3.6.1.4.1.12148.10.13.10.14.1.2.1.1.40,Integer,106
.1.3.6.1.4.1.12148.10.13.10.14.1.2.1.1.41,Integer,107
.1.3.6.1.4.1.12148.10.13.10.14.1.2.1.1.42,Integer,108
.1.3.6.1.4.1.12148.10.13.10.14.1.2.1.1.43,Integer,107
.1.3.6.1.4.1.12148.10.13.10.14.1.2.1.1.44,Integer,107
.1.3.6.1.4.1.12148.10.13.10.14.1.2.1.1.45,Integer,112
.1.3.6.1.4.1.12148.10.13.10.14.1.2.1.1.46,Integer,112
.1.3.6.1.4.1.12148.10.13.10.14.1.2.1.1.47,Integer,106
.1.3.6.1.4.1.12148.10.13.10.14.1.2.1.1.48,Integer,106
.1.3.6.1.4.1.12148.10.13.10.14.1.2.1.1.49,Integer,107
.1.3.6.1.4.1.12148.10.13.10.14.1.2.1.1.50,Integer,106
.1.3.6.1.4.1.12148.10.13.10.14.1.2.1.1.51,Integer,107
.1.3.6.1.4.1.12148.10.13.10.14.1.2.1.1.52,Integer,49
.1.3.6.1.4.1.12148.10.13.10.14.1.2.1.2.1,Integer,96
.1.3.6.1.4.1.12148.10.13.10.14.1.2.1.2.2,Integer,98
.1.3.6.1.4.1.12148.10.13.10.14.1.2.1.2.3,Integer,95
.1.3.6.1.4.1.12148.10.13.10.14.1.2.1.2.4,Integer,98
.1.3.6.1.4.1.12148.10.13.10.14.1.2.1.2.5,Integer,99
.1.3.6.1.4.1.12148.10.13.10.14.1.2.1.2.6,Integer,100
.1.3.6.1.4.1.12148.10.13.10.14.1.2.1.2.7,Integer,100
.1.3.6.1.4.1.12148.10.13.10.14.1.2.1.2.8,Integer,104
.1.3.6.1.4.1.12148.10.13.10.14.1.2.1.2.9,Integer,95
.1.3.6.1.4.1.12148.10.13.10.14.1.2.1.2.10,Integer,96
.1.3.6.1.4.1.12148.10.13.10.14.1.2.1.2.11,Integer,97
.1.3.6.1.4.1.12148.10.13.10.14.1.2.1.2.12,Integer,96
.1.3.6.1.4.1.12148.10.13.10.14.1.2.1.2.13,Integer,96
.1.3.6.1.4.1.12148.10.13.10.14.1.2.1.2.14,Integer,88
.1.3.6.1.4.1.12148.10.13.10.14.1.2.1.2.15,Integer,96
.1.3.6.1.4.1.12148.10.13.10.14.1.2.1.2.16,Integer,95
.1.3.6.1.4.1.12148.10.13.10.14.1.2.1.2.17,Integer,95
.1.3.6.1.4.1.12148.10.13.10.14.1.2.1.2.18,Integer,96
.1.3.6.1.4.1.12148.10.13.10.14.1.2.1.2.19,Integer,94
.1.3.6.1.4.1.12148.10.13.10.14.1.2.1.2.20,Integer,96
.1.3.6.1.4.1.12148.10.13.10.14.1.2.1.2.21,Integer,97
.1.3.6.1.4.1.12148.10.13.10.14.1.2.1.2.22,Integer,96
.1.3.6.1.4.1.12148.10.13.10.14.1.2.1.2.23,Integer,95
.1.3.6.1.4.1.12148.10.13.10.14.1.2.1.2.24,Integer,94
.1.3.6.1.4.1.12148.10.13.10.14.1.2.1.2.25,Integer,94
.1.3.6.1.4.1.12148.10.13.10.14.1.2.1.2.26,Integer,95
.1.3.6.1.4.1.12148.10.13.10.14.1.2.1.2.27,Integer,95
.1.3.6.1.4.1.12148.10.13.10.14.1.2.1.2.28,Integer,95
.1.3.6.1.4.1.12148.10.13.10.14.1.2.1.2.29,Integer,95
.1.3.6.1.4.1.12148.10.13.10.14.1.2.1.2.30,Integer,95
.1.3.6.1.4.1.12148.10.13.10.14.1.2.1.2.31,Integer,97
.1.3.6.1.4.1.12148.10.13.10.14.1.2.1.2.32,Integer,94
.1.3.6.1.4.1.12148.10.13.10.14.1.2.1.2.33,Integer,96
.1.3.6.1.4.1.12148.10.13.10.14.1.2.1.2.34,Integer,96
.1.3.6.1.4.1.12148.10.13.10.14.1.2.1.2.35,Integer,96
.1.3.6.1.4.1.12148.10.13.10.14.1.2.1.2.36,Integer,98
.1.3.6.1.4.1.12148.10.13.10.14.1.2.1.2.37,Integer,96
.1.3.6.1.4.1.12148.10.13.10.14.1.2.1.2.38,Integer,94
.1.3.6.1.4.1.12148.10.13.10.14.1.2.1.2.39,Integer,95
.1.3.6.1.4.1.12148.10.13.10.14.1.2.1.2.40,Integer,95
.1.3.6.1.4.1.12148.10.13.10.14.1.2.1.2.41,Integer,95
.1.3.6.1.4.1.12148.10.13.10.14.1.2.1.2.42,Integer,96
.1.3.6.1.4.1.12148.10.13.10.14.1.2.1.2.43,Integer,95
.1.3.6.1.4.1.12148.10.13.10.14.1.2.1.2.44,Integer,94
.1.3.6.1.4.1.12148.10.13.10.14.1.2.1.2.45,Integer,93
.1.3.6.1.4.1.12148.10.13.10.14.1.2.1.2.46,Integer,98
.1.3.6.1.4.1.12148.10.13.10.14.1.2.1.2.47,Integer,96
.1.3.6.1.4.1.12148.10.13.10.14.1.2.1.2.48,Integer,95
.1.3.6.1.4.1.12148.10.13.10.14.1.2.1.2.49,Integer,99
.1.3.6.1.4.1.12148.10.13.10.14.1.2.1.2.50,Integer,97
.1.3.6.1.4.1.12148.10.13.10.14.1.2.1.2.51,Integer,95
.1.3.6.1.4.1.12148.10.13.10.14.1.2.1.2.52,Integer,45
.1.3.6.1.4.1.12148.10.13.10.14.1.2.1.3.1,Integer,0
.1.3.6.1.4.1.12148.10.13.10.14.1.2.1.3.2,Integer,0
.1.3.6.1.4.1.12148.10.13.10.14.1.2.1.3.3,Integer,0
.1.3.6.1.4.1.12148.10.13.10.14.1.2.1.3.4,Integer,0
.1.3.6.1.4.1.12148.10.13.10.14.1.2.1.3.5,Integer,0
.1.3.6.1.4.1.12148.10.13.10.14.1.2.1.3.6,Integer,0
.1.3.6.1.4.1.12148.10.13.10.14.1.2.1.3.7,Integer,0
.1.3.6.1.4.1.12148.10.13.10.14.1.2.1.3.8,Integer,0
.1.3.6.1.4.1.12148.10.13.10.14.1.2.1.3.9,Integer,0
.1.3.6.1.4.1.12148.10.13.10.14.1.2.1.3.10,Integer,0
.1.3.6.1.4.1.12148.10.13.10.14.1.2.1.3.11,Integer,0
.1.3.6.1.4.1.12148.10.13.10.14.1.2.1.3.12,Integer,0
.1.3.6.1.4.1.12148.10.13.10.14.1.2.1.3.13,Integer,0
.1.3.6.1.4.1.12148.10.13.10.14.1.2.1.3.14,Integer,0
.1.3.6.1.4.1.12148.10.13.10.14.1.2.1.3.15,Integer,0
.1.3.6.1.4.1.12148.10.13.10.14.1.2.1.3.16,Integer,0
.1.3.6.1.4.1.12148.10.13.10.14.1.2.1.3.17,Integer,0
.1.3.6.1.4.1.12148.10.13.10.14.1.2.1.3.18,Integer,0
.1.3.6.1.4.1.12148.10.13.10.14.1.2.1.3.19,Integer,0
.1.3.6.1.4.1.12148.10.13.10.14.1.2.1.3.20,Integer,0
.1.3.6.1.4.1.12148.10.13.10.14.1.2.1.3.21,Integer,0
.1.3.6.1.4.1.12148.10.13.10.14.1.2.1.3.22,Integer,0
.1.3.6.1.4.1.12148.10.13.10.14.1.2.1.3.23,Integer,0
.1.3.6.1.4.1.12148.10.13.10.14.1.2.1.3.24,Integer,0
.1.3.6.1.4.1.12148.10.13.10.14.1.2.1.3.25,Integer,0
.1.3.6.1.4.1.12148.10.13.10.14.1.2.1.3.26,Integer,0
.1.3.6.1.4.1.12148.10.13.10.14.1.2.1.3.27,Integer,0
.1.3.6.1.4.1.12148.10.13.10.14.1.2.1.3.28,Integer,0
.1.3.6.1.4.1.12148.10.13.10.14.1.2.1.3.29,Integer,0
.1.3.6.1.4.1.12148.10.13.10.14.1.2.1.3.30,Integer,0
.1.3.6.1.4.1.12148.10.13.10.14.1.2.1.3.31,Integer,0
.1.3.6.1.4.1.12148.10.13.10.14.1.2.1.3.32,Integer,0
.1.3.6.1.4.1.12148.10.13.10.14.1.2.1.3.33,Integer,0
.1.3.6.1.4.1.12148.10.13.10.14.1.2.1.3.34,Integer,0
.1.3.6.1.4.1.12148.10.13.10.14.1.2.1.3.35,Integer,0
.1.3.6.1.4.1.12148.10.13.10.14.1.2.1.3.36,Integer,0
.1.3.6.1.4.1.12148.10.13.10.14.1.2.1.3.37,Integer,0
.1.3.6.1.4.1.12148.10.13.10.14.1.2.1.3.38,Integer,0
.1.3.6.1.4.1.12148.10.13.10.14.1.2.1.3.39,Integer,0
.1.3.6.1.4.1.12148.10.13.10.14.1.2.1.3.40,Integer,0
.1.3.6.1.4.1.12148.10.13.10.14.1.2.1.3.41,Integer,0
.1.3.6.1.4.1.12148.10.13.10.14.1.2.1.3.42,Integer,0
.1.3.6.1.4.1.12148.10.13.10.14.1.2.1.3.43,Integer,0
.1.3.6.1.4.1.12148.10.13.10.14.1.2.1.3.44,Integer,0
.1.3.6.1.4.1.12148.10.13.10.14.1.2.1.3.45,Integer,0
.1.3.6.1.4.1.12148.10.13.10.14.1.2.1.3.46,Integer,0
.1.3.6.1.4.1.12148.10.13.10.14.1.2.1.3.47,Integer,0
.1.3.6.1.4.1.12148.10.13.10.14.1.2.1.3.48,Integer,0
.1.3.6.1.4.1.12148.10.13.10.14.1.2.1.3.49,Integer,0
.1.3.6.1.4.1.12148.10.13.10.14.1.2.1.3.50,Integer,0
.1.3.6.1.4.1.12148.10.13.10.14.1.2.1.3.51,Integer,0
.1.3.6.1.4.1.12148.10.13.10.14.1.2.1.3.52,Integer,0
.1.3.6.1.4.1.12148.10.13.10.14.1.2.1.4.1,Integer,0
.1.3.6.1.4.1.12148.10.13.10.14.1.2.1.4.2,Integer,0
.1.3.6.1.4.1.12148.10.13.10.14.1.2.1.4.3,Integer,0
.1.3.6.1.4.1.12148.10.13.10.14.1.2.1.4.4,Integer,0
.1.3.6.1.4.1.12148.10.13.10.14.1.2.1.4.5,Integer,0
.1.3.6.1.4.1.12148.10.13.10.14.1.2.1.4.6,Integer,0
.1.3.6.1.4.1.12148.10.13.10.14.1.2.1.4.7,Integer,0
.1.3.6.1.4.1.12148.10.13.10.14.1.2.1.4.8,Integer,0
.1.3.6.1.4.1.12148.10.13.10.14.1.2.1.4.9,Integer,0
.1.3.6.1.4.1.12148.10.13.10.14.1.2.1.4.10,Integer,0
.1.3.6.1.4.1.12148.10.13.10.14.1.2.1.4.11,Integer,0
.1.3.6.1.4.1.12148.10.13.10.14.1.2.1.4.12,Integer,0
.1.3.6.1.4.1.12148.10.13.10.14.1.2.1.4.13,Integer,0
.1.3.6.1.4.1.12148.10.13.10.14.1.2.1.4.14,Integer,0
.1.3.6.1.4.1.12148.10.13.10.14.1.2.1.4.15,Integer,0
.1.3.6.1.4.1.12148.10.13.10.14.1.2.1.4.16,Integer,0
.1.3.6.1.4.1.12148.10.13.10.14.1.2.1.4.17,Integer,0
.1.3.6.1.4.1.12148.10.13.10.14.1.2.1.4.18,Integer,0
.1.3.6.1.4.1.12148.10.13.10.14.1.2.1.4.19,Integer,0
.1.3.6.1.4.1.12148.10.13.10.14.1.2.1.4.20,Integer,0
.1.3.6.1.4.1.12148.10.13.10.14.1.2.1.4.21,Integer,0
.1.3.6.1.4.1.12148.10.13.10.14.1.2.1.4.22,Integer,0
.1.3.6.1.4.1.12148.10.13.10.14.1.2.1.4.23,Integer,0
.1.3.6.1.4.1.12148.10.13.10.14.1.2.1.4.24,Integer,0
.1.3.6.1.4.1.12148.10.13.10.14.1.2.1.4.25,Integer,0
.1.3.6.1.4.1.12148.10.13.10.14.1.2.1.4.26,Integer,0
.1.3.6.1.4.1.12148.10.13.10.14.1.2.1.4.27,Integer,0
.1.3.6.1.4.1.12148.10.13.10.14.1.2.1.4.28,Integer,0
.1.3.6.1.4.1.12148.10.13.10.14.1.2.1.4.29,Integer,0
.1.3.6.1.4.1.12148.10.13.10.14.1.2.1.4.30,Integer,0
.1.3.6.1.4.1.12148.10.13.10.14.1.2.1.4.31,Integer,0
.1.3.6.1.4.1.12148.10.13.10.14.1.2.1.4.32,Integer,0
.1.3.6.1.4.1.12148.10.13.10.14.1.2.1.4.33,Integer,0
.1.3.6.1.4.1.12148.10.13.10.14.1.2.1.4.34,Integer,0
.1.3.6.1.4.1.12148.10.13.10.14.1.2.1.4.35,Integer,0
.1.3.6.1.4.1.12148.10.13.10.14.1.2.1.4.36,Integer,0
.1.3.6.1.4.1.12148.10.13.10.14.1.2.1.4.37,Integer,0
.1.3.6.1.4.1.12148.10.13.10.14.1.2.1.4.38,Integer,0
.1.3.6.1.4.1.12148.10.13.10.14.1.2.1.4.39,Integer,0
.1.3.6.1.4.1.12148.10.13.10.14.1.2.1.4.40,Integer,0
.1.3.6.1.4.1.12148.10.13.10.14.1.2.1.4.41,Integer,0
.1.3.6.1.4.1.12148.10.13.10.14.1.2.1.4.42,Integer,0
.1.3.6.1.4.1.12148.10.13.10.14.1.2.1.4.43,Integer,0
.1.3.6.1.4.1.12148.10.13.10.14.1.2.1.4.44,Integer,0
.1.3.6.1.4.1.12148.10.13.10.14.1.2.1.4.45,Integer,0
.1.3.6.1.4.1.12148.10.13.10.14.1.2.1.4.46,Integer,0
.1.3.6.1.4.1.12148.10.13.10.14.1.2.1.4.47,Integer,0
.1.3.6.1.4.1.12148.10.13.10.14.1.2.1.4.48,Integer,0
.1.3.6.1.4.1.12148.10.13.10.14.1.2.1.4.49,Integer,0
.1.3.6.1.4.1.12148.10.13.10.14.1.2.1.4.50,Integer,0
.1.3.6.1.4.1.12148.10.13.10.14.1.2.1.4.51,Integer,0
.1.3.6.1.4.1.12148.10.13.10.14.1.2.1.4.52,Integer,0
.1.3.6.1.4.1.12148.10.13.10.15.0,Integer,52
.1.3.6.1.4.1.12148.10.13.10.16.1.2.1.1.1,Integer,750
.1.3.6.1.4.1.12148.10.13.10.16.1.2.1.1.2,Integer,733
.1.3.6.1.4.1.12148.10.13.10.16.1.2.1.1.3,Integer,735
.1.3.6.1.4.1.12148.10.13.10.16.1.2.1.1.4,Integer,736
.1.3.6.1.4.1.12148.10.13.10.16.1.2.1.1.5,Integer,738
.1.3.6.1.4.1.12148.10.13.10.16.1.2.1.1.6,Integer,759
.1.3.6.1.4.1.12148.10.13.10.16.1.2.1.1.7,Integer,756
.1.3.6.1.4.1.12148.10.13.10.16.1.2.1.1.8,Integer,758
.1.3.6.1.4.1.12148.10.13.10.16.1.2.1.1.9,Integer,751
.1.3.6.1.4.1.12148.10.13.10.16.1.2.1.1.10,Integer,776
.1.3.6.1.4.1.12148.10.13.10.16.1.2.1.1.11,Integer,759
.1.3.6.1.4.1.12148.10.13.10.16.1.2.1.1.12,Integer,719
.1.3.6.1.4.1.12148.10.13.10.16.1.2.1.1.13,Integer,636
.1.3.6.1.4.1.12148.10.13.10.16.1.2.1.1.14,Integer,741
.1.3.6.1.4.1.12148.10.13.10.16.1.2.1.1.15,Integer,767
.1.3.6.1.4.1.12148.10.13.10.16.1.2.1.1.16,Integer,750
.1.3.6.1.4.1.12148.10.13.10.16.1.2.1.1.17,Integer,766
.1.3.6.1.4.1.12148.10.13.10.16.1.2.1.1.18,Integer,821
.1.3.6.1.4.1.12148.10.13.10.16.1.2.1.1.19,Integer,774
.1.3.6.1.4.1.12148.10.13.10.16.1.2.1.1.20,Integer,770
.1.3.6.1.4.1.12148.10.13.10.16.1.2.1.1.21,Integer,772
.1.3.6.1.4.1.12148.10.13.10.16.1.2.1.1.22,Integer,775
.1.3.6.1.4.1.12148.10.13.10.16.1.2.1.1.23,Integer,756
.1.3.6.1.4.1.12148.10.13.10.16.1.2.1.1.24,Integer,748
.1.3.6.1.4.1.12148.10.13.10.16.1.2.1.1.25,Integer,743
.1.3.6.1.4.1.12148.10.13.10.16.1.2.1.1.26,Integer,745
.1.3.6.1.4.1.12148.10.13.10.16.1.2.1.1.27,Integer,746
.1.3.6.1.4.1.12148.10.13.10.16.1.2.1.1.28,Integer,761
.1.3.6.1.4.1.12148.10.13.10.16.1.2.1.1.29,Integer,764
.1.3.6.1.4.1.12148.10.13.10.16.1.2.1.1.30,Integer,751
.1.3.6.1.4.1.12148.10.13.10.16.1.2.1.1.31,Integer,758
.1.3.6.1.4.1.12148.10.13.10.16.1.2.1.1.32,Integer,746
.1.3.6.1.4.1.12148.10.13.10.16.1.2.1.1.33,Integer,737
.1.3.6.1.4.1.12148.10.13.10.16.1.2.1.1.34,Integer,737
.1.3.6.1.4.1.12148.10.13.10.16.1.2.1.1.35,Integer,757
.1.3.6.1.4.1.12148.10.13.10.16.1.2.1.1.36,Integer,732
.1.3.6.1.4.1.12148.10.13.10.16.1.2.1.1.37,Integer,722
.1.3.6.1.4.1.12148.10.13.10.16.1.2.1.1.38,Integer,710
.1.3.6.1.4.1.12148.10.13.10.16.1.2.1.1.39,Integer,704
.1.3.6.1.4.1.12148.10.13.10.16.1.2.1.1.40,Integer,714
.1.3.6.1.4.1.12148.10.13.10.16.1.2.1.1.41,Integer,718
.1.3.6.1.4.1.12148.10.13.10.16.1.2.1.1.42,Integer,712
.1.3.6.1.4.1.12148.10.13.10.16.1.2.1.1.43,Integer,710
.1.3.6.1.4.1.12148.10.13.10.16.1.2.1.1.44,Integer,695
.1.3.6.1.4.1.12148.10.13.10.16.1.2.1.1.45,Integer,731
.1.3.6.1.4.1.12148.10.13.10.16.1.2.1.1.46,Integer,698
.1.3.6.1.4.1.12148.10.13.10.16.1.2.1.1.47,Integer,704
.1.3.6.1.4.1.12148.10.13.10.16.1.2.1.1.48,Integer,705
.1.3.6.1.4.1.12148.10.13.10.16.1.2.1.1.49,Integer,713
.1.3.6.1.4.1.12148.10.13.10.16.1.2.1.1.50,Integer,775
.1.3.6.1.4.1.12148.10.13.10.16.1.2.1.1.51,Integer,766
.1.3.6.1.4.1.12148.10.13.10.16.1.2.1.1.52,Integer,366
.1.3.6.1.4.1.12148.10.13.10.16.1.2.1.2.1,Integer,690
.1.3.6.1.4.1.12148.10.13.10.16.1.2.1.2.2,Integer,663
.1.3.6.1.4.1.12148.10.13.10.16.1.2.1.2.3,Integer,669
.1.3.6.1.4.1.12148.10.13.10.16.1.2.1.2.4,Integer,667
.1.3.6.1.4.1.12148.10.13.10.16.1.2.1.2.5,Integer,670
.1.3.6.1.4.1.12148.10.13.10.16.1.2.1.2.6,Integer,663
.1.3.6.1.4.1.12148.10.13.10.16.1.2.1.2.7,Integer,675
.1.3.6.1.4.1.12148.10.13.10.16.1.2.1.2.8,Integer,667
.1.3.6.1.4.1.12148.10.13.10.16.1.2.1.2.9,Integer,685
.1.3.6.1.4.1.12148.10.13.10.16.1.2.1.2.10,Integer,739
.1.3.6.1.4.1.12148.10.13.10.16.1.2.1.2.11,Integer,676
.1.3.6.1.4.1.12148.10.13.10.16.1.2.1.2.12,Integer,629
.1.3.6.1.4.1.12148.10.13.10.16.1.2.1.2.13,Integer,550
.1.3.6.1.4.1.12148.10.13.10.16.1.2.1.2.14,Integer,665
.1.3.6.1.4.1.12148.10.13.10.16.1.2.1.2.15,Integer,669
.1.3.6.1.4.1.12148.10.13.10.16.1.2.1.2.16,Integer,675
.1.3.6.1.4.1.12148.10.13.10.16.1.2.1.2.17,Integer,668
.1.3.6.1.4.1.12148.10.13.10.16.1.2.1.2.18,Integer,679
.1.3.6.1.4.1.12148.10.13.10.16.1.2.1.2.19,Integer,673
.1.3.6.1.4.1.12148.10.13.10.16.1.2.1.2.20,Integer,672
.1.3.6.1.4.1.12148.10.13.10.16.1.2.1.2.21,Integer,674
.1.3.6.1.4.1.12148.10.13.10.16.1.2.1.2.22,Integer,689
.1.3.6.1.4.1.12148.10.13.10.16.1.2.1.2.23,Integer,689
.1.3.6.1.4.1.12148.10.13.10.16.1.2.1.2.24,Integer,675
.1.3.6.1.4.1.12148.10.13.10.16.1.2.1.2.25,Integer,671
.1.3.6.1.4.1.12148.10.13.10.16.1.2.1.2.26,Integer,672
.1.3.6.1.4.1.12148.10.13.10.16.1.2.1.2.27,Integer,672
.1.3.6.1.4.1.12148.10.13.10.16.1.2.1.2.28,Integer,673
.1.3.6.1.4.1.12148.10.13.10.16.1.2.1.2.29,Integer,678
.1.3.6.1.4.1.12148.10.13.10.16.1.2.1.2.30,Integer,673
.1.3.6.1.4.1.12148.10.13.10.16.1.2.1.2.31,Integer,677
.1.3.6.1.4.1.12148.10.13.10.16.1.2.1.2.32,Integer,670
.1.3.6.1.4.1.12148.10.13.10.16.1.2.1.2.33,Integer,672
.1.3.6.1.4.1.12148.10.13.10.16.1.2.1.2.34,Integer,674
.1.3.6.1.4.1.12148.10.13.10.16.1.2.1.2.35,Integer,688
.1.3.6.1.4.1.12148.10.13.10.16.1.2.1.2.36,Integer,674
.1.3.6.1.4.1.12148.10.13.10.16.1.2.1.2.37,Integer,673
.1.3.6.1.4.1.12148.10.13.10.16.1.2.1.2.38,Integer,669
.1.3.6.1.4.1.12148.10.13.10.16.1.2.1.2.39,Integer,654
.1.3.6.1.4.1.12148.10.13.10.16.1.2.1.2.40,Integer,664
.1.3.6.1.4.1.12148.10.13.10.16.1.2.1.2.41,Integer,660
.1.3.6.1.4.1.12148.10.13.10.16.1.2.1.2.42,Integer,660
.1.3.6.1.4.1.12148.10.13.10.16.1.2.1.2.43,Integer,648
.1.3.6.1.4.1.12148.10.13.10.16.1.2.1.2.44,Integer,650
.1.3.6.1.4.1.12148.10.13.10.16.1.2.1.2.45,Integer,659
.1.3.6.1.4.1.12148.10.13.10.16.1.2.1.2.46,Integer,648
.1.3.6.1.4.1.12148.10.13.10.16.1.2.1.2.47,Integer,650
.1.3.6.1.4.1.12148.10.13.10.16.1.2.1.2.48,Integer,661
.1.3.6.1.4.1.12148.10.13.10.16.1.2.1.2.49,Integer,676
.1.3.6.1.4.1.12148.10.13.10.16.1.2.1.2.50,Integer,693
.1.3.6.1.4.1.12148.10.13.10.16.1.2.1.2.51,Integer,665
.1.3.6.1.4.1.12148.10.13.10.16.1.2.1.2.52,Integer,333
.1.3.6.1.4.1.12148.10.13.10.16.1.2.1.3.1,Integer,0
.1.3.6.1.4.1.12148.10.13.10.16.1.2.1.3.2,Integer,0
.1.3.6.1.4.1.12148.10.13.10.16.1.2.1.3.3,Integer,0
.1.3.6.1.4.1.12148.10.13.10.16.1.2.1.3.4,Integer,0
.1.3.6.1.4.1.12148.10.13.10.16.1.2.1.3.5,Integer,0
.1.3.6.1.4.1.12148.10.13.10.16.1.2.1.3.6,Integer,0
.1.3.6.1.4.1.12148.10.13.10.16.1.2.1.3.7,Integer,0
.1.3.6.1.4.1.12148.10.13.10.16.1.2.1.3.8,Integer,0
.1.3.6.1.4.1.12148.10.13.10.16.1.2.1.3.9,Integer,0
.1.3.6.1.4.1.12148.10.13.10.16.1.2.1.3.10,Integer,0
.1.3.6.1.4.1.12148.10.13.10.16.1.2.1.3.11,Integer,0
.1.3.6.1.4.1.12148.10.13.10.16.1.2.1.3.12,Integer,0
.1.3.6.1.4.1.12148.10.13.10.16.1.2.1.3.13,Integer,0
.1.3.6.1.4.1.12148.10.13.10.16.1.2.1.3.14,Integer,0
.1.3.6.1.4.1.12148.10.13.10.16.1.2.1.3.15,Integer,0
.1.3.6.1.4.1.12148.10.13.10.16.1.2.1.3.16,Integer,0
.1.3.6.1.4.1.12148.10.13.10.16.1.2.1.3.17,Integer,0
.1.3.6.1.4.1.12148.10.13.10.16.1.2.1.3.18,Integer,0
.1.3.6.1.4.1.12148.10.13.10.16.1.2.1.3.19,Integer,0
.1.3.6.1.4.1.12148.10.13.10.16.1.2.1.3.20,Integer,0
.1.3.6.1.4.1.12148.10.13.10.16.1.2.1.3.21,Integer,0
.1.3.6.1.4.1.12148.10.13.10.16.1.2.1.3.22,Integer,0
.1.3.6.1.4.1.12148.10.13.10.16.1.2.1.3.23,Integer,0
.1.3.6.1.4.1.12148.10.13.10.16.1.2.1.3.24,Integer,0
.1.3.6.1.4.1.12148.10.13.10.16.1.2.1.3.25,Integer,0
.1.3.6.1.4.1.12148.10.13.10.16.1.2.1.3.26,Integer,0
.1.3.6.1.4.1.12148.10.13.10.16.1.2.1.3.27,Integer,0
.1.3.6.1.4.1.12148.10.13.10.16.1.2.1.3.28,Integer,0
.1.3.6.1.4.1.12148.10.13.10.16.1.2.1.3.29,Integer,0
.1.3.6.1.4.1.12148.10.13.10.16.1.2.1.3.30,Integer,0
.1.3.6.1.4.1.12148.10.13.10.16.1.2.1.3.31,Integer,0
.1.3.6.1.4.1.12148.10.13.10.16.1.2.1.3.32,Integer,0
.1.3.6.1.4.1.12148.10.13.10.16.1.2.1.3.33,Integer,0
.1.3.6.1.4.1.12148.10.13.10.16.1.2.1.3.34,Integer,0
.1.3.6.1.4.1.12148.10.13.10.16.1.2.1.3.35,Integer,0
.1.3.6.1.4.1.12148.10.13.10.16.1.2.1.3.36,Integer,0
.1.3.6.1.4.1.12148.10.13.10.16.1.2.1.3.37,Integer,0
.1.3.6.1.4.1.12148.10.13.10.16.1.2.1.3.38,Integer,0
.1.3.6.1.4.1.12148.10.13.10.16.1.2.1.3.39,Integer,0
.1.3.6.1.4.1.12148.10.13.10.16.1.2.1.3.40,Integer,0
.1.3.6.1.4.1.12148.10.13.10.16.1.2.1.3.41,Integer,0
.1.3.6.1.4.1.12148.10.13.10.16.1.2.1.3.42,Integer,0
.1.3.6.1.4.1.12148.10.13.10.16.1.2.1.3.43,Integer,0
.1.3.6.1.4.1.12148.10.13.10.16.1.2.1.3.44,Integer,0
.1.3.6.1.4.1.12148.10.13.10.16.1.2.1.3.45,Integer,0
.1.3.6.1.4.1.12148.10.13.10.16.1.2.1.3.46,Integer,0
.1.3.6.1.4.1.12148.10.13.10.16.1.2.1.3.47,Integer,0
.1.3.6.1.4.1.12148.10.13.10.16.1.2.1.3.48,Integer,0
.1.3.6.1.4.1.12148.10.13.10.16.1.2.1.3.49,Integer,0
.1.3.6.1.4.1.12148.10.13.10.16.1.2.1.3.50,Integer,0
.1.3.6.1.4.1.12148.10.13.10.16.1.2.1.3.51,Integer,0
.1.3.6.1.4.1.12148.10.13.10.16.1.2.1.3.52,Integer,0
.1.3.6.1.4.1.12148.10.13.10.16.1.2.1.4.1,Integer,0
.1.3.6.1.4.1.12148.10.13.10.16.1.2.1.4.2,Integer,0
.1.3.6.1.4.1.12148.10.13.10.16.1.2.1.4.3,Integer,0
.1.3.6.1.4.1.12148.10.13.10.16.1.2.1.4.4,Integer,0
.1.3.6.1.4.1.12148.10.13.10.16.1.2.1.4.5,Integer,0
.1.3.6.1.4.1.12148.10.13.10.16.1.2.1.4.6,Integer,0
.1.3.6.1.4.1.12148.10.13.10.16.1.2.1.4.7,Integer,0
.1.3.6.1.4.1.12148.10.13.10.16.1.2.1.4.8,Integer,0
.1.3.6.1.4.1.12148.10.13.10.16.1.2.1.4.9,Integer,0
.1.3.6.1.4.1.12148.10.13.10.16.1.2.1.4.10,Integer,0
.1.3.6.1.4.1.12148.10.13.10.16.1.2.1.4.11,Integer,0
.1.3.6.1.4.1.12148.10.13.10.16.1.2.1.4.12,Integer,0
.1.3.6.1.4.1.12148.10.13.10.16.1.2.1.4.13,Integer,0
.1.3.6.1.4.1.12148.10.13.10.16.1.2.1.4.14,Integer,0
.1.3.6.1.4.1.12148.10.13.10.16.1.2.1.4.15,Integer,0
.1.3.6.1.4.1.12148.10.13.10.16.1.2.1.4.16,Integer,0
.1.3.6.1.4.1.12148.10.13.10.16.1.2.1.4.17,Integer,0
.1.3.6.1.4.1.12148.10.13.10.16.1.2.1.4.18,Integer,0
.1.3.6.1.4.1.12148.10.13.10.16.1.2.1.4.19,Integer,0
.1.3.6.1.4.1.12148.10.13.10.16.1.2.1.4.20,Integer,0
.1.3.6.1.4.1.12148.10.13.10.16.1.2.1.4.21,Integer,0
.1.3.6.1.4.1.12148.10.13.10.16.1.2.1.4.22,Integer,0
.1.3.6.1.4.1.12148.10.13.10.16.1.2.1.4.23,Integer,0
.1.3.6.1.4.1.12148.10.13.10.16.1.2.1.4.24,Integer,0
.1.3.6.1.4.1.12148.10.13.10.16.1.2.1.4.25,Integer,0
.1.3.6.1.4.1.12148.10.13.10.16.1.2.1.4.26,Integer,0
.1.3.6.1.4.1.12148.10.13.10.16.1.2.1.4.27,Integer,0
.1.3.6.1.4.1.12148.10.13.10.16.1.2.1.4.28,Integer,0
.1.3.6.1.4.1.12148.10.13.10.16.1.2.1.4.29,Integer,0
.1.3.6.1.4.1.12148.10.13.10.16.1.2.1.4.30,Integer,0
.1.3.6.1.4.1.12148.10.13.10.16.1.2.1.4.31,Integer,0
.1.3.6.1.4.1.12148.10.13.10.16.1.2.1.4.32,Integer,0
.1.3.6.1.4.1.12148.10.13.10.16.1.2.1.4.33,Integer,0
.1.3.6.1.4.1.12148.10.13.10.16.1.2.1.4.34,Integer,0
.1.3.6.1.4.1.12148.10.13.10.16.1.2.1.4.35,Integer,0
.1.3.6.1.4.1.12148.10.13.10.16.1.2.1.4.36,Integer,0
.1.3.6.1.4.1.12148.10.13.10.16.1.2.1.4.37,Integer,0
.1.3.6.1.4.1.12148.10.13.10.16.1.2.1.4.38,Integer,0
.1.3.6.1.4.1.12148.10.13.10.16.1.2.1.4.39,Integer,0
.1.3.6.1.4.1.12148.10.13.10.16.1.2.1.4.40,Integer,0
.1.3.6.1.4.1.12148.10.13.10.16.1.2.1.4.41,Integer,0
.1.3.6.1.4.1.12148.10.13.10.16.1.2.1.4.42,Integer,0
.1.3.6.1.4.1.12148.10.13.10.16.1.2.1.4.43,Integer,0
.1.3.6.1.4.1.12148.10.13.10.16.1.2.1.4.44,Integer,0
.1.3.6.1.4.1.12148.10.13.10.16.1.2.1.4.45,Integer,0
.1.3.6.1.4.1.12148.10.13.10.16.1.2.1.4.46,Integer,0
.1.3.6.1.4.1.12148.10.13.10.16.1.2.1.4.47,Integer,0
.1.3.6.1.4.1.12148.10.13.10.16.1.2.1.4.48,Integer,0
.1.3.6.1.4.1.12148.10.13.10.16.1.2.1.4.49,Integer,0
.1.3.6.1.4.1.12148.10.13.10.16.1.2.1.4.50,Integer,0
.1.3.6.1.4.1.12148.10.13.10.16.1.2.1.4.51,Integer,0
.1.3.6.1.4.1.12148.10.13.10.16.1.2.1.4.52,Integer,0
.1.3.6.1.4.1.12148.10.13.11.1.1.2.1,Integer,3
.1.3.6.1.4.1.12148.10.13.11.2.1.2.1.1,Integer,4
.1.3.6.1.4.1.12148.10.13.11.2.1.2.1.2,Integer,4
.1.3.6.1.4.1.12148.10.13.11.2.1.2.1.3,Integer,4
.1.3.6.1.4.1.12148.10.13.11.2.1.3.1.1,OctetString,"""Temperature1.1"""
.1.3.6.1.4.1.12148.10.13.11.2.1.3.1.2,OctetString,"""Temperature1.2"""
.1.3.6.1.4.1.12148.10.13.11.2.1.3.1.3,OctetString,"""Temperature1.3"""
.1.3.6.1.4.1.12148.10.13.11.2.1.5.1.1,Integer,0
.1.3.6.1.4.1.12148.10.13.11.2.1.5.1.2,Integer,0
.1.3.6.1.4.1.12148.10.13.11.2.1.5.1.3,Integer,0
.1.3.6.1.4.1.12148.10.13.11.2.1.6.1.1,Integer,20
.1.3.6.1.4.1.12148.10.13.11.2.1.6.1.2,Integer,16
.1.3.6.1.4.1.12148.10.13.11.2.1.6.1.3,Integer,-38
.1.3.6.1.4.1.12148.10.13.11.2.1.7.1.1,Integer,40
.1.3.6.1.4.1.12148.10.13.11.2.1.7.1.2,Integer,40
.1.3.6.1.4.1.12148.10.13.11.2.1.7.1.3,Integer,40
.1.3.6.1.4.1.12148.10.13.11.2.1.8.1.1,Integer,30
.1.3.6.1.4.1.12148.10.13.11.2.1.8.1.2,Integer,30
.1.3.6.1.4.1.12148.10.13.11.2.1.8.1.3,Integer,30
.1.3.6.1.4.1.12148.10.13.11.2.1.9.1.1,Integer,-5
.1.3.6.1.4.1.12148.10.13.11.2.1.9.1.2,Integer,-5
.1.3.6.1.4.1.12148.10.13.11.2.1.9.1.3,Integer,-5
.1.3.6.1.4.1.12148.10.13.11.2.1.10.1.1,Integer,-10
.1.3.6.1.4.1.12148.10.13.11.2.1.10.1.2,Integer,-10
.1.3.6.1.4.1.12148.10.13.11.2.1.10.1.3,Integer,-10
.1.3.6.1.4.1.12148.10.13.11.3.1.1.1,Integer,4
.1.3.6.1.4.1.12148.10.13.11.3.1.2.1,OctetString,"""EarthFault      """
.1.3.6.1.4.1.12148.10.13.11.3.1.4.1,Integer,0
.1.3.6.1.4.1.12148.10.13.11.3.1.5.1,Integer,1
.1.3.6.1.4.1.12148.10.13.11.3.1.6.1,Integer,96
.1.3.6.1.4.1.12148.10.13.12.1.1.0,Integer,1
.1.3.6.1.4.1.12148.10.13.12.1.2.0,OctetString,"""CtrlUnitError   """
.1.3.6.1.4.1.12148.10.13.12.1.4.0,Integer,1
.1.3.6.1.4.1.12148.10.13.12.1.5.0,Integer,0
.1.3.6.1.4.1.12148.10.13.12.1.6.0,Integer,1
.1.3.6.1.4.1.12148.10.13.12.1.7.0,Integer,1
.1.3.6.1.4.1.12148.10.13.12.2.1.0,Integer,1
.1.3.6.1.4.1.12148.10.13.12.2.2.0,OctetString,"""CU Err.SmartNode"""
.1.3.6.1.4.1.12148.10.13.12.2.4.0,Integer,1
.1.3.6.1.4.1.12148.10.13.12.2.5.0,Integer,0
.1.3.6.1.4.1.12148.10.13.12.2.6.0,Integer,1
.1.3.6.1.4.1.12148.10.13.12.2.7.0,Integer,1
.1.3.6.1.4.1.12148.10.13.12.3.1.0,Integer,1
.1.3.6.1.4.1.12148.10.13.12.3.2.0,OctetString,"""CU Err.BattMon  """
.1.3.6.1.4.1.12148.10.13.12.3.4.0,Integer,1
.1.3.6.1.4.1.12148.10.13.12.3.5.0,Integer,0
.1.3.6.1.4.1.12148.10.13.12.3.6.0,Integer,1
.1.3.6.1.4.1.12148.10.13.12.3.7.0,Integer,1
.1.3.6.1.4.1.12148.10.13.12.4.1.0,Integer,1
.1.3.6.1.4.1.12148.10.13.12.4.2.0,OctetString,"""CU Err.LoadMon  """
.1.3.6.1.4.1.12148.10.13.12.4.4.0,Integer,1
.1.3.6.1.4.1.12148.10.13.12.4.5.0,Integer,0
.1.3.6.1.4.1.12148.10.13.12.4.6.0,Integer,1
.1.3.6.1.4.1.12148.10.13.12.4.7.0,Integer,1
.1.3.6.1.4.1.12148.10.13.12.5.1.0,Integer,1
.1.3.6.1.4.1.12148.10.13.12.5.2.0,OctetString,"""CU Err.IO-Unit  """
.1.3.6.1.4.1.12148.10.13.12.5.4.0,Integer,1
.1.3.6.1.4.1.12148.10.13.12.5.5.0,Integer,0
.1.3.6.1.4.1.12148.10.13.12.5.6.0,Integer,1
.1.3.6.1.4.1.12148.10.13.12.5.7.0,Integer,1
.1.3.6.1.4.1.12148.10.13.12.6.1.0,Integer,1
.1.3.6.1.4.1.12148.10.13.12.6.2.0,OctetString,"""CU Err.MainsMon """
.1.3.6.1.4.1.12148.10.13.12.6.4.0,Integer,1
.1.3.6.1.4.1.12148.10.13.12.6.5.0,Integer,0
.1.3.6.1.4.1.12148.10.13.12.6.6.0,Integer,1
.1.3.6.1.4.1.12148.10.13.12.6.7.0,Integer,1
.1.3.6.1.4.1.12148.10.13.12.7.1.0,Integer,1
.1.3.6.1.4.1.12148.10.13.12.7.2.0,OctetString,"""CU Err.FlexiMon """
.1.3.6.1.4.1.12148.10.13.12.7.4.0,Integer,1
.1.3.6.1.4.1.12148.10.13.12.7.5.0,Integer,0
.1.3.6.1.4.1.12148.10.13.12.7.6.0,Integer,1
.1.3.6.1.4.1.12148.10.13.12.7.7.0,Integer,1
.1.3.6.1.4.1.12148.10.13.13.1.0,Integer,4
.1.3.6.1.4.1.12148.10.13.13.2.0,OctetString,"""AmbientTemp """
.1.3.6.1.4.1.12148.10.13.13.4.0,Integer,0
.1.3.6.1.4.1.12148.10.13.13.5.0,Integer,0
.1.3.6.1.4.1.12148.10.13.13.6.0,Integer,40
.1.3.6.1.4.1.12148.10.13.13.7.0,Integer,30
.1.3.6.1.4.1.12148.10.13.13.8.0,Integer,-5
.1.3.6.1.4.1.12148.10.13.13.9.0,Integer,-10
.1.3.6.1.4.1.12148.10.13.14.1.0,Integer,4
.1.3.6.1.4.1.12148.10.13.14.2.0,OctetString,"""Batt-AmbientTemp"""
.1.3.6.1.4.1.12148.10.13.14.4.0,Integer,0
.1.3.6.1.4.1.12148.10.13.14.5.0,Integer,0
.1.3.6.1.4.1.12148.10.13.14.6.0,Integer,12
.1.3.6.1.4.1.12148.10.13.14.7.0,Integer,5
.1.3.6.1.4.1.12148.10.13.14.8.0,Integer,-5
.1.3.6.1.4.1.12148.10.13.14.9.0,Integer,-10
.1.3.6.1.4.1.12148.10.13.15.1.0,Integer,1
.1.3.6.1.4.1.12148.10.13.15.2.0,OctetString,"""UserSuspended """
.1.3.6.1.4.1.12148.10.13.15.4.0,Integer,1
.1.3.6.1.4.1.12148.10.13.15.5.0,Integer,0
.1.3.6.1.4.1.12148.10.13.15.6.0,Integer,1
.1.3.6.1.4.1.12148.10.13.16.0,Integer,0
.1.3.6.1.4.1.12148.10.13.17.0,Integer,0
.1.3.6.1.4.1.12148.10.13.18.0,OctetString,""""""
.1.3.6.1.4.1.12148.10.13.19.0,Integer,0
.1.3.6.1.4.1.12148.10.13.20.0,Integer,0
.1.3.6.1.4.1.12148.10.13.21.0,Integer,0
.1.3.6.1.4.1.12148.10.13.22.0,Integer,0
.1.3.6.1.4.1.12148.10.13.23.0,Integer,0
.1.3.6.1.4.1.12148.10.13.25.1.0,Integer,1
.1.3.6.1.4.1.12148.10.13.25.2.0,Integer,120
.1.3.6.1.4.1.12148.10.13.25.3.0,Integer,0
.1.3.6.1.4.1.12148.10.13.25.4.0,Integer,17624
.1.3.6.1.4.1.12148.10.13.25.5.0,Integer,10
.1.3.6.1.4.1.12148.10.13.25.6.0,Integer,60
.1.3.6.1.4.1.12148.10.13.25.7.0,Integer,0
.1.3.6.1.4.1.12148.10.13.27.1.2.1,Gauge32,0
.1.3.6.1.4.1.12148.10.13.27.1.2.2,Gauge32,0
.1.3.6.1.4.1.12148.10.13.27.1.2.3,Gauge32,0
.1.3.6.1.4.1.12148.10.13.27.1.2.4,Gauge32,0
.1.3.6.1.4.1.12148.10.13.27.1.2.5,Gauge32,0
.1.3.6.1.4.1.12148.10.13.27.1.2.6,Gauge32,0
.1.3.6.1.4.1.12148.10.13.27.1.2.7,Gauge32,0
.1.3.6.1.4.1.12148.10.13.27.1.2.8,Gauge32,0
.1.3.6.1.4.1.12148.10.13.27.1.2.9,Gauge32,0
.1.3.6.1.4.1.12148.10.13.27.1.2.10,Gauge32,0
.1.3.6.1.4.1.12148.10.13.27.1.3.1,Integer,52
.1.3.6.1.4.1.12148.10.13.27.1.3.2,Integer,52
.1.3.6.1.4.1.12148.10.13.27.1.3.3,Integer,52
.1.3.6.1.4.1.12148.10.13.27.1.3.4,Integer,52
.1.3.6.1.4.1.12148.10.13.27.1.3.5,Integer,52
.1.3.6.1.4.1.12148.10.13.27.1.3.6,Integer,52
.1.3.6.1.4.1.12148.10.13.27.1.3.7,Integer,52
.1.3.6.1.4.1.12148.10.13.27.1.3.8,Integer,52
.1.3.6.1.4.1.12148.10.13.27.1.3.9,Integer,52
.1.3.6.1.4.1.12148.10.13.27.1.3.10,Integer,52
.1.3.6.1.4.1.12148.10.13.27.1.4.1,Integer,52
.1.3.6.1.4.1.12148.10.13.27.1.4.2,Integer,52
.1.3.6.1.4.1.12148.10.13.27.1.4.3,Integer,52
.1.3.6.1.4.1.12148.10.13.27.1.4.4,Integer,52
.1.3.6.1.4.1.12148.10.13.27.1.4.5,Integer,52
.1.3.6.1.4.1.12148.10.13.27.1.4.6,Integer,52
.1.3.6.1.4.1.12148.10.13.27.1.4.7,Integer,52
.1.3.6.1.4.1.12148.10.13.27.1.4.8,Integer,52
.1.3.6.1.4.1.12148.10.13.27.1.4.9,Integer,52
.1.3.6.1.4.1.12148.10.13.27.1.4.10,Integer,52
.1.3.6.1.4.1.12148.10.13.27.1.5.1,Integer,52
.1.3.6.1.4.1.12148.10.13.27.1.5.2,Integer,52
.1.3.6.1.4.1.12148.10.13.27.1.5.3,Integer,52
.1.3.6.1.4.1.12148.10.13.27.1.5.4,Integer,52
.1.3.6.1.4.1.12148.10.13.27.1.5.5,Integer,52
.1.3.6.1.4.1.12148.10.13.27.1.5.6,Integer,52
.1.3.6.1.4.1.12148.10.13.27.1.5.7,Integer,52
.1.3.6.1.4.1.12148.10.13.27.1.5.8,Integer,52
.1.3.6.1.4.1.12148.10.13.27.1.5.9,Integer,52
.1.3.6.1.4.1.12148.10.13.27.1.5.10,Integer,52
.1.3.6.1.4.1.12148.10.13.28.1.2.1.1,Integer,0
.1.3.6.1.4.1.12148.10.13.28.1.2.1.2,Integer,0
.1.3.6.1.4.1.12148.10.13.28.1.2.1.3,Integer,0
.1.3.6.1.4.1.12148.10.13.28.1.2.1.4,Integer,0
.1.3.6.1.4.1.12148.10.13.28.1.2.1.5,Integer,0
.1.3.6.1.4.1.12148.10.13.28.1.2.1.6,Integer,0
.1.3.6.1.4.1.12148.10.13.28.1.2.1.7,Integer,0
.1.3.6.1.4.1.12148.10.13.28.1.2.1.8,Integer,0
.1.3.6.1.4.1.12148.10.13.28.1.2.1.9,Integer,0
.1.3.6.1.4.1.12148.10.13.28.1.2.1.10,Integer,0
.1.3.6.1.4.1.12148.10.13.28.1.2.1.11,Integer,0
.1.3.6.1.4.1.12148.10.13.28.1.2.1.12,Integer,0
.1.3.6.1.4.1.12148.10.13.28.1.2.1.13,Integer,0
.1.3.6.1.4.1.12148.10.13.28.1.2.1.14,Integer,0
.1.3.6.1.4.1.12148.10.13.28.1.2.1.15,Integer,0
.1.3.6.1.4.1.12148.10.13.28.1.2.1.16,Integer,0
.1.3.6.1.4.1.12148.10.13.28.1.2.1.17,Integer,0
.1.3.6.1.4.1.12148.10.13.28.1.2.1.18,Integer,0
.1.3.6.1.4.1.12148.10.13.28.1.2.1.19,Integer,0
.1.3.6.1.4.1.12148.10.13.28.1.2.1.20,Integer,0
.1.3.6.1.4.1.12148.10.13.28.1.2.1.21,Integer,0
.1.3.6.1.4.1.12148.10.13.28.1.2.1.22,Integer,0
.1.3.6.1.4.1.12148.10.13.28.1.2.1.23,Integer,0
.1.3.6.1.4.1.12148.10.13.28.1.2.1.24,Integer,0
.1.3.6.1.4.1.12148.10.13.28.1.2.1.25,Integer,0
.1.3.6.1.4.1.12148.10.13.28.1.2.1.26,Integer,0
.1.3.6.1.4.1.12148.10.13.28.1.2.1.27,Integer,0
.1.3.6.1.4.1.12148.10.13.28.1.2.1.28,Integer,0
.1.3.6.1.4.1.12148.10.13.28.1.2.1.29,Integer,0
.1.3.6.1.4.1.12148.10.13.28.1.2.1.30,Integer,0
.1.3.6.1.4.1.12148.10.13.28.1.2.1.31,Integer,0
.1.3.6.1.4.1.12148.10.13.28.1.2.1.32,Integer,0
.1.3.6.1.4.1.12148.10.13.28.1.2.1.33,Integer,0
.1.3.6.1.4.1.12148.10.13.28.1.2.1.34,Integer,0
.1.3.6.1.4.1.12148.10.13.28.1.2.1.35,Integer,0
.1.3.6.1.4.1.12148.10.13.28.1.2.1.36,Integer,0
.1.3.6.1.4.1.12148.10.13.28.1.2.1.37,Integer,0
.1.3.6.1.4.1.12148.10.13.28.1.2.1.38,Integer,0
.1.3.6.1.4.1.12148.10.13.28.1.2.1.39,Integer,0
.1.3.6.1.4.1.12148.10.13.28.1.2.1.40,Integer,0
.1.3.6.1.4.1.12148.10.13.28.1.2.1.41,Integer,0
.1.3.6.1.4.1.12148.10.13.28.1.2.1.42,Integer,0
.1.3.6.1.4.1.12148.10.13.28.1.2.1.43,Integer,0
.1.3.6.1.4.1.12148.10.13.28.1.2.1.44,Integer,0
.1.3.6.1.4.1.12148.10.13.28.1.2.1.45,Integer,0
.1.3.6.1.4.1.12148.10.13.28.1.2.1.46,Integer,0
.1.3.6.1.4.1.12148.10.13.28.1.2.1.47,Integer,0
.1.3.6.1.4.1.12148.10.13.28.1.2.1.48,Integer,0
.1.3.6.1.4.1.12148.10.13.28.1.2.1.49,Integer,0
.1.3.6.1.4.1.12148.10.13.28.1.2.1.50,Integer,0
.1.3.6.1.4.1.12148.10.13.28.1.2.1.51,Integer,0
.1.3.6.1.4.1.12148.10.13.28.1.2.1.52,Integer,0
.1.3.6.1.4.1.12148.10.13.28.1.2.2.1,Integer,0
.1.3.6.1.4.1.12148.10.13.28.1.2.2.2,Integer,0
.1.3.6.1.4.1.12148.10.13.28.1.2.2.3,Integer,0
.1.3.6.1.4.1.12148.10.13.28.1.2.2.4,Integer,0
.1.3.6.1.4.1.12148.10.13.28.1.2.2.5,Integer,0
.1.3.6.1.4.1.12148.10.13.28.1.2.2.6,Integer,0
.1.3.6.1.4.1.12148.10.13.28.1.2.2.7,Integer,0
.1.3.6.1.4.1.12148.10.13.28.1.2.2.8,Integer,0
.1.3.6.1.4.1.12148.10.13.28.1.2.2.9,Integer,0
.1.3.6.1.4.1.12148.10.13.28.1.2.2.10,Integer,0
.1.3.6.1.4.1.12148.10.13.28.1.2.2.11,Integer,0
.1.3.6.1.4.1.12148.10.13.28.1.2.2.12,Integer,0
.1.3.6.1.4.1.12148.10.13.28.1.2.2.13,Integer,0
.1.3.6.1.4.1.12148.10.13.28.1.2.2.14,Integer,0
.1.3.6.1.4.1.12148.10.13.28.1.2.2.15,Integer,0
.1.3.6.1.4.1.12148.10.13.28.1.2.2.16,Integer,0
.1.3.6.1.4.1.12148.10.13.28.1.2.2.17,Integer,0
.1.3.6.1.4.1.12148.10.13.28.1.2.2.18,Integer,0
.1.3.6.1.4.1.12148.10.13.28.1.2.2.19,Integer,0
.1.3.6.1.4.1.12148.10.13.28.1.2.2.20,Integer,0
.1.3.6.1.4.1.12148.10.13.28.1.2.2.21,Integer,0
.1.3.6.1.4.1.12148.10.13.28.1.2.2.22,Integer,0
.1.3.6.1.4.1.12148.10.13.28.1.2.2.23,Integer,0
.1.3.6.1.4.1.12148.10.13.28.1.2.2.24,Integer,0
.1.3.6.1.4.1.12148.10.13.28.1.2.2.25,Integer,0
.1.3.6.1.4.1.12148.10.13.28.1.2.2.26,Integer,0
.1.3.6.1.4.1.12148.10.13.28.1.2.2.27,Integer,0
.1.3.6.1.4.1.12148.10.13.28.1.2.2.28,Integer,0
.1.3.6.1.4.1.12148.10.13.28.1.2.2.29,Integer,0
.1.3.6.1.4.1.12148.10.13.28.1.2.2.30,Integer,0
.1.3.6.1.4.1.12148.10.13.28.1.2.2.31,Integer,0
.1.3.6.1.4.1.12148.10.13.28.1.2.2.32,Integer,0
.1.3.6.1.4.1.12148.10.13.28.1.2.2.33,Integer,0
.1.3.6.1.4.1.12148.10.13.28.1.2.2.34,Integer,0
.1.3.6.1.4.1.12148.10.13.28.1.2.2.35,Integer,0
.1.3.6.1.4.1.12148.10.13.28.1.2.2.36,Integer,0
.1.3.6.1.4.1.12148.10.13.28.1.2.2.37,Integer,0
.1.3.6.1.4.1.12148.10.13.28.1.2.2.38,Integer,0
.1.3.6.1.4.1.12148.10.13.28.1.2.2.39,Integer,0
.1.3.6.1.4.1.12148.10.13.28.1.2.2.40,Integer,0
.1.3.6.1.4.1.12148.10.13.28.1.2.2.41,Integer,0
.1.3.6.1.4.1.12148.10.13.28.1.2.2.42,Integer,0
.1.3.6.1.4.1.12148.10.13.28.1.2.2.43,Integer,0
.1.3.6.1.4.1.12148.10.13.28.1.2.2.44,Integer,0
.1.3.6.1.4.1.12148.10.13.28.1.2.2.45,Integer,0
.1.3.6.1.4.1.12148.10.13.28.1.2.2.46,Integer,0
.1.3.6.1.4.1.12148.10.13.28.1.2.2.47,Integer,0
.1.3.6.1.4.1.12148.10.13.28.1.2.2.48,Integer,0
.1.3.6.1.4.1.12148.10.13.28.1.2.2.49,Integer,0
.1.3.6.1.4.1.12148.10.13.28.1.2.2.50,Integer,0
.1.3.6.1.4.1.12148.10.13.28.1.2.2.51,Integer,0
.1.3.6.1.4.1.12148.10.13.28.1.2.2.52,Integer,0
.1.3.6.1.4.1.12148.10.13.28.1.2.3.1,Integer,0
.1.3.6.1.4.1.12148.10.13.28.1.2.3.2,Integer,0
.1.3.6.1.4.1.12148.10.13.28.1.2.3.3,Integer,0
.1.3.6.1.4.1.12148.10.13.28.1.2.3.4,Integer,0
.1.3.6.1.4.1.12148.10.13.28.1.2.3.5,Integer,0
.1.3.6.1.4.1.12148.10.13.28.1.2.3.6,Integer,0
.1.3.6.1.4.1.12148.10.13.28.1.2.3.7,Integer,0
.1.3.6.1.4.1.12148.10.13.28.1.2.3.8,Integer,0
.1.3.6.1.4.1.12148.10.13.28.1.2.3.9,Integer,0
.1.3.6.1.4.1.12148.10.13.28.1.2.3.10,Integer,0
.1.3.6.1.4.1.12148.10.13.28.1.2.3.11,Integer,0
.1.3.6.1.4.1.12148.10.13.28.1.2.3.12,Integer,0
.1.3.6.1.4.1.12148.10.13.28.1.2.3.13,Integer,0
.1.3.6.1.4.1.12148.10.13.28.1.2.3.14,Integer,0
.1.3.6.1.4.1.12148.10.13.28.1.2.3.15,Integer,0
.1.3.6.1.4.1.12148.10.13.28.1.2.3.16,Integer,0
.1.3.6.1.4.1.12148.10.13.28.1.2.3.17,Integer,0
.1.3.6.1.4.1.12148.10.13.28.1.2.3.18,Integer,0
.1.3.6.1.4.1.12148.10.13.28.1.2.3.19,Integer,0
.1.3.6.1.4.1.12148.10.13.28.1.2.3.20,Integer,0
.1.3.6.1.4.1.12148.10.13.28.1.2.3.21,Integer,0
.1.3.6.1.4.1.12148.10.13.28.1.2.3.22,Integer,0
.1.3.6.1.4.1.12148.10.13.28.1.2.3.23,Integer,0
.1.3.6.1.4.1.12148.10.13.28.1.2.3.24,Integer,0
.1.3.6.1.4.1.12148.10.13.28.1.2.3.25,Integer,0
.1.3.6.1.4.1.12148.10.13.28.1.2.3.26,Integer,0
.1.3.6.1.4.1.12148.10.13.28.1.2.3.27,Integer,0
.1.3.6.1.4.1.12148.10.13.28.1.2.3.28,Integer,0
.1.3.6.1.4.1.12148.10.13.28.1.2.3.29,Integer,0
.1.3.6.1.4.1.12148.10.13.28.1.2.3.30,Integer,0
.1.3.6.1.4.1.12148.10.13.28.1.2.3.31,Integer,0
.1.3.6.1.4.1.12148.10.13.28.1.2.3.32,Integer,0
.1.3.6.1.4.1.12148.10.13.28.1.2.3.33,Integer,0
.1.3.6.1.4.1.12148.10.13.28.1.2.3.34,Integer,0
.1.3.6.1.4.1.12148.10.13.28.1.2.3.35,Integer,0
.1.3.6.1.4.1.12148.10.13.28.1.2.3.36,Integer,0
.1.3.6.1.4.1.12148.10.13.28.1.2.3.37,Integer,0
.1.3.6.1.4.1.12148.10.13.28.1.2.3.38,Integer,0
.1.3.6.1.4.1.12148.10.13.28.1.2.3.39,Integer,0
.1.3.6.1.4.1.12148.10.13.28.1.2.3.40,Integer,0
.1.3.6.1.4.1.12148.10.13.28.1.2.3.41,Integer,0
.1.3.6.1.4.1.12148.10.13.28.1.2.3.42,Integer,0
.1.3.6.1.4.1.12148.10.13.28.1.2.3.43,Integer,0
.1.3.6.1.4.1.12148.10.13.28.1.2.3.44,Integer,0
.1.3.6.1.4.1.12148.10.13.28.1.2.3.45,Integer,0
.1.3.6.1.4.1.12148.10.13.28.1.2.3.46,Integer,0
.1.3.6.1.4.1.12148.10.13.28.1.2.3.47,Integer,0
.1.3.6.1.4.1.12148.10.13.28.1.2.3.48,Integer,0
.1.3.6.1.4.1.12148.10.13.28.1.2.3.49,Integer,0
.1.3.6.1.4.1.12148.10.13.28.1.2.3.50,Integer,0
.1.3.6.1.4.1.12148.10.13.28.1.2.3.51,Integer,0
.1.3.6.1.4.1.12148.10.13.28.1.2.3.52,Integer,0
.1.3.6.1.4.1.12148.10.13.28.1.2.4.1,Integer,0
.1.3.6.1.4.1.12148.10.13.28.1.2.4.2,Integer,0
.1.3.6.1.4.1.12148.10.13.28.1.2.4.3,Integer,0
.1.3.6.1.4.1.12148.10.13.28.1.2.4.4,Integer,0
.1.3.6.1.4.1.12148.10.13.28.1.2.4.5,Integer,0
.1.3.6.1.4.1.12148.10.13.28.1.2.4.6,Integer,0
.1.3.6.1.4.1.12148.10.13.28.1.2.4.7,Integer,0
.1.3.6.1.4.1.12148.10.13.28.1.2.4.8,Integer,0
.1.3.6.1.4.1.12148.10.13.28.1.2.4.9,Integer,0
.1.3.6.1.4.1.12148.10.13.28.1.2.4.10,Integer,0
.1.3.6.1.4.1.12148.10.13.28.1.2.4.11,Integer,0
.1.3.6.1.4.1.12148.10.13.28.1.2.4.12,Integer,0
.1.3.6.1.4.1.12148.10.13.28.1.2.4.13,Integer,0
.1.3.6.1.4.1.12148.10.13.28.1.2.4.14,Integer,0
.1.3.6.1.4.1.12148.10.13.28.1.2.4.15,Integer,0
.1.3.6.1.4.1.12148.10.13.28.1.2.4.16,Integer,0
.1.3.6.1.4.1.12148.10.13.28.1.2.4.17,Integer,0
.1.3.6.1.4.1.12148.10.13.28.1.2.4.18,Integer,0
.1.3.6.1.4.1.12148.10.13.28.1.2.4.19,Integer,0
.1.3.6.1.4.1.12148.10.13.28.1.2.4.20,Integer,0
.1.3.6.1.4.1.12148.10.13.28.1.2.4.21,Integer,0
.1.3.6.1.4.1.12148.10.13.28.1.2.4.22,Integer,0
.1.3.6.1.4.1.12148.10.13.28.1.2.4.23,Integer,0
.1.3.6.1.4.1.12148.10.13.28.1.2.4.24,Integer,0
.1.3.6.1.4.1.12148.10.13.28.1.2.4.25,Integer,0
.1.3.6.1.4.1.12148.10.13.28.1.2.4.26,Integer,0
.1.3.6.1.4.1.12148.10.13.28.1.2.4.27,Integer,0
.1.3.6.1.4.1.12148.10.13.28.1.2.4.28,Integer,0
.1.3.6.1.4.1.12148.10.13.28.1.2.4.29,Integer,0
.1.3.6.1.4.1.12148.10.13.28.1.2.4.30,Integer,0
.1.3.6.1.4.1.12148.10.13.28.1.2.4.31,Integer,0
.1.3.6.1.4.1.12148.10.13.28.1.2.4.32,Integer,0
.1.3.6.1.4.1.12148.10.13.28.1.2.4.33,Integer,0
.1.3.6.1.4.1.12148.10.13.28.1.2.4.34,Integer,0
.1.3.6.1.4.1.12148.10.13.28.1.2.4.35,Integer,0
.1.3.6.1.4.1.12148.10.13.28.1.2.4.36,Integer,0
.1.3.6.1.4.1.12148.10.13.28.1.2.4.37,Integer,0
.1.3.6.1.4.1.12148.10.13.28.1.2.4.38,Integer,0
.1.3.6.1.4.1.12148.10.13.28.1.2.4.39,Integer,0
.1.3.6.1.4.1.12148.10.13.28.1.2.4.40,Integer,0
.1.3.6.1.4.1.12148.10.13.28.1.2.4.41,Integer,0
.1.3.6.1.4.1.12148.10.13.28.1.2.4.42,Integer,0
.1.3.6.1.4.1.12148.10.13.28.1.2.4.43,Integer,0
.1.3.6.1.4.1.12148.10.13.28.1.2.4.44,Integer,0
.1.3.6.1.4.1.12148.10.13.28.1.2.4.45,Integer,0
.1.3.6.1.4.1.12148.10.13.28.1.2.4.46,Integer,0
.1.3.6.1.4.1.12148.10.13.28.1.2.4.47,Integer,0
.1.3.6.1.4.1.12148.10.13.28.1.2.4.48,Integer,0
.1.3.6.1.4.1.12148.10.13.28.1.2.4.49,Integer,0
.1.3.6.1.4.1.12148.10.13.28.1.2.4.50,Integer,0
.1.3.6.1.4.1.12148.10.13.28.1.2.4.51,Integer,0
.1.3.6.1.4.1.12148.10.13.28.1.2.4.52,Integer,0
.1.3.6.1.4.1.12148.10.13.28.1.2.5.1,Integer,0
.1.3.6.1.4.1.12148.10.13.28.1.2.5.2,Integer,0
.1.3.6.1.4.1.12148.10.13.28.1.2.5.3,Integer,0
.1.3.6.1.4.1.12148.10.13.28.1.2.5.4,Integer,0
.1.3.6.1.4.1.12148.10.13.28.1.2.5.5,Integer,0
.1.3.6.1.4.1.12148.10.13.28.1.2.5.6,Integer,0
.1.3.6.1.4.1.12148.10.13.28.1.2.5.7,Integer,0
.1.3.6.1.4.1.12148.10.13.28.1.2.5.8,Integer,0
.1.3.6.1.4.1.12148.10.13.28.1.2.5.9,Integer,0
.1.3.6.1.4.1.12148.10.13.28.1.2.5.10,Integer,0
.1.3.6.1.4.1.12148.10.13.28.1.2.5.11,Integer,0
.1.3.6.1.4.1.12148.10.13.28.1.2.5.12,Integer,0
.1.3.6.1.4.1.12148.10.13.28.1.2.5.13,Integer,0
.1.3.6.1.4.1.12148.10.13.28.1.2.5.14,Integer,0
.1.3.6.1.4.1.12148.10.13.28.1.2.5.15,Integer,0
.1.3.6.1.4.1.12148.10.13.28.1.2.5.16,Integer,0
.1.3.6.1.4.1.12148.10.13.28.1.2.5.17,Integer,0
.1.3.6.1.4.1.12148.10.13.28.1.2.5.18,Integer,0
.1.3.6.1.4.1.12148.10.13.28.1.2.5.19,Integer,0
.1.3.6.1.4.1.12148.10.13.28.1.2.5.20,Integer,0
.1.3.6.1.4.1.12148.10.13.28.1.2.5.21,Integer,0
.1.3.6.1.4.1.12148.10.13.28.1.2.5.22,Integer,0
.1.3.6.1.4.1.12148.10.13.28.1.2.5.23,Integer,0
.1.3.6.1.4.1.12148.10.13.28.1.2.5.24,Integer,0
.1.3.6.1.4.1.12148.10.13.28.1.2.5.25,Integer,0
.1.3.6.1.4.1.12148.10.13.28.1.2.5.26,Integer,0
.1.3.6.1.4.1.12148.10.13.28.1.2.5.27,Integer,0
.1.3.6.1.4.1.12148.10.13.28.1.2.5.28,Integer,0
.1.3.6.1.4.1.12148.10.13.28.1.2.5.29,Integer,0
.1.3.6.1.4.1.12148.10.13.28.1.2.5.30,Integer,0
.1.3.6.1.4.1.12148.10.13.28.1.2.5.31,Integer,0
.1.3.6.1.4.1.12148.10.13.28.1.2.5.32,Integer,0
.1.3.6.1.4.1.12148.10.13.28.1.2.5.33,Integer,0
.1.3.6.1.4.1.12148.10.13.28.1.2.5.34,Integer,0
.1.3.6.1.4.1.12148.10.13.28.1.2.5.35,Integer,0
.1.3.6.1.4.1.12148.10.13.28.1.2.5.36,Integer,0
.1.3.6.1.4.1.12148.10.13.28.1.2.5.37,Integer,0
.1.3.6.1.4.1.12148.10.13.28.1.2.5.38,Integer,0
.1.3.6.1.4.1.12148.10.13.28.1.2.5.39,Integer,0
.1.3.6.1.4.1.12148.10.13.28.1.2.5.40,Integer,0
.1.3.6.1.4.1.12148.10.13.28.1.2.5.41,Integer,0
.1.3.6.1.4.1.12148.10.13.28.1.2.5.42,Integer,0
.1.3.6.1.4.1.12148.10.13.28.1.2.5.43,Integer,0
.1.3.6.1.4.1.12148.10.13.28.1.2.5.44,Integer,0
.1.3.6.1.4.1.12148.10.13.28.1.2.5.45,Integer,0
.1.3.6.1.4.1.12148.10.13.28.1.2.5.46,Integer,0
.1.3.6.1.4.1.12148.10.13.28.1.2.5.47,Integer,0
.1.3.6.1.4.1.12148.10.13.28.1.2.5.48,Integer,0
.1.3.6.1.4.1.12148.10.13.28.1.2.5.49,Integer,0
.1.3.6.1.4.1.12148.10.13.28.1.2.5.50,Integer,0
.1.3.6.1.4.1.12148.10.13.28.1.2.5.51,Integer,0
.1.3.6.1.4.1.12148.10.13.28.1.2.5.52,Integer,0
.1.3.6.1.4.1.12148.10.13.28.1.2.6.1,Integer,0
.1.3.6.1.4.1.12148.10.13.28.1.2.6.2,Integer,0
.1.3.6.1.4.1.12148.10.13.28.1.2.6.3,Integer,0
.1.3.6.1.4.1.12148.10.13.28.1.2.6.4,Integer,0
.1.3.6.1.4.1.12148.10.13.28.1.2.6.5,Integer,0
.1.3.6.1.4.1.12148.10.13.28.1.2.6.6,Integer,0
.1.3.6.1.4.1.12148.10.13.28.1.2.6.7,Integer,0
.1.3.6.1.4.1.12148.10.13.28.1.2.6.8,Integer,0
.1.3.6.1.4.1.12148.10.13.28.1.2.6.9,Integer,0
.1.3.6.1.4.1.12148.10.13.28.1.2.6.10,Integer,0
.1.3.6.1.4.1.12148.10.13.28.1.2.6.11,Integer,0
.1.3.6.1.4.1.12148.10.13.28.1.2.6.12,Integer,0
.1.3.6.1.4.1.12148.10.13.28.1.2.6.13,Integer,0
.1.3.6.1.4.1.12148.10.13.28.1.2.6.14,Integer,0
.1.3.6.1.4.1.12148.10.13.28.1.2.6.15,Integer,0
.1.3.6.1.4.1.12148.10.13.28.1.2.6.16,Integer,0
.1.3.6.1.4.1.12148.10.13.28.1.2.6.17,Integer,0
.1.3.6.1.4.1.12148.10.13.28.1.2.6.18,Integer,0
.1.3.6.1.4.1.12148.10.13.28.1.2.6.19,Integer,0
.1.3.6.1.4.1.12148.10.13.28.1.2.6.20,Integer,0
.1.3.6.1.4.1.12148.10.13.28.1.2.6.21,Integer,0
.1.3.6.1.4.1.12148.10.13.28.1.2.6.22,Integer,0
.1.3.6.1.4.1.12148.10.13.28.1.2.6.23,Integer,0
.1.3.6.1.4.1.12148.10.13.28.1.2.6.24,Integer,0
.1.3.6.1.4.1.12148.10.13.28.1.2.6.25,Integer,0
.1.3.6.1.4.1.12148.10.13.28.1.2.6.26,Integer,0
.1.3.6.1.4.1.12148.10.13.28.1.2.6.27,Integer,0
.1.3.6.1.4.1.12148.10.13.28.1.2.6.28,Integer,0
.1.3.6.1.4.1.12148.10.13.28.1.2.6.29,Integer,0
.1.3.6.1.4.1.12148.10.13.28.1.2.6.30,Integer,0
.1.3.6.1.4.1.12148.10.13.28.1.2.6.31,Integer,0
.1.3.6.1.4.1.12148.10.13.28.1.2.6.32,Integer,0
.1.3.6.1.4.1.12148.10.13.28.1.2.6.33,Integer,0
.1.3.6.1.4.1.12148.10.13.28.1.2.6.34,Integer,0
.1.3.6.1.4.1.12148.10.13.28.1.2.6.35,Integer,0
.1.3.6.1.4.1.12148.10.13.28.1.2.6.36,Integer,0
.1.3.6.1.4.1.12148.10.13.28.1.2.6.37,Integer,0
.1.3.6.1.4.1.12148.10.13.28.1.2.6.38,Integer,0
.1.3.6.1.4.1.12148.10.13.28.1.2.6.39,Integer,0
.1.3.6.1.4.1.12148.10.13.28.1.2.6.40,Integer,0
.1.3.6.1.4.1.12148.10.13.28.1.2.6.41,Integer,0
.1.3.6.1.4.1.12148.10.13.28.1.2.6.42,Integer,0
.1.3.6.1.4.1.12148.10.13.28.1.2.6.43,Integer,0
.1.3.6.1.4.1.12148.10.13.28.1.2.6.44,Integer,0
.1.3.6.1.4.1.12148.10.13.28.1.2.6.45,Integer,0
.1.3.6.1.4.1.12148.10.13.28.1.2.6.46,Integer,0
.1.3.6.1.4.1.12148.10.13.28.1.2.6.47,Integer,0
.1.3.6.1.4.1.12148.10.13.28.1.2.6.48,Integer,0
.1.3.6.1.4.1.12148.10.13.28.1.2.6.49,Integer,0
.1.3.6.1.4.1.12148.10.13.28.1.2.6.50,Integer,0
.1.3.6.1.4.1.12148.10.13.28.1.2.6.51,Integer,0
.1.3.6.1.4.1.12148.10.13.28.1.2.6.52,Integer,0
.1.3.6.1.4.1.12148.10.13.28.1.2.7.1,Integer,0
.1.3.6.1.4.1.12148.10.13.28.1.2.7.2,Integer,0
.1.3.6.1.4.1.12148.10.13.28.1.2.7.3,Integer,0
.1.3.6.1.4.1.12148.10.13.28.1.2.7.4,Integer,0
.1.3.6.1.4.1.12148.10.13.28.1.2.7.5,Integer,0
.1.3.6.1.4.1.12148.10.13.28.1.2.7.6,Integer,0
.1.3.6.1.4.1.12148.10.13.28.1.2.7.7,Integer,0
.1.3.6.1.4.1.12148.10.13.28.1.2.7.8,Integer,0
.1.3.6.1.4.1.12148.10.13.28.1.2.7.9,Integer,0
.1.3.6.1.4.1.12148.10.13.28.1.2.7.10,Integer,0
.1.3.6.1.4.1.12148.10.13.28.1.2.7.11,Integer,0
.1.3.6.1.4.1.12148.10.13.28.1.2.7.12,Integer,0
.1.3.6.1.4.1.12148.10.13.28.1.2.7.13,Integer,0
.1.3.6.1.4.1.12148.10.13.28.1.2.7.14,Integer,0
.1.3.6.1.4.1.12148.10.13.28.1.2.7.15,Integer,0
.1.3.6.1.4.1.12148.10.13.28.1.2.7.16,Integer,0
.1.3.6.1.4.1.12148.10.13.28.1.2.7.17,Integer,0
.1.3.6.1.4.1.12148.10.13.28.1.2.7.18,Integer,0
.1.3.6.1.4.1.12148.10.13.28.1.2.7.19,Integer,0
.1.3.6.1.4.1.12148.10.13.28.1.2.7.20,Integer,0
.1.3.6.1.4.1.12148.10.13.28.1.2.7.21,Integer,0
.1.3.6.1.4.1.12148.10.13.28.1.2.7.22,Integer,0
.1.3.6.1.4.1.12148.10.13.28.1.2.7.23,Integer,0
.1.3.6.1.4.1.12148.10.13.28.1.2.7.24,Integer,0
.1.3.6.1.4.1.12148.10.13.28.1.2.7.25,Integer,0
.1.3.6.1.4.1.12148.10.13.28.1.2.7.26,Integer,0
.1.3.6.1.4.1.12148.10.13.28.1.2.7.27,Integer,0
.1.3.6.1.4.1.12148.10.13.28.1.2.7.28,Integer,0
.1.3.6.1.4.1.12148.10.13.28.1.2.7.29,Integer,0
.1.3.6.1.4.1.12148.10.13.28.1.2.7.30,Integer,0
.1.3.6.1.4.1.12148.10.13.28.1.2.7.31,Integer,0
.1.3.6.1.4.1.12148.10.13.28.1.2.7.32,Integer,0
.1.3.6.1.4.1.12148.10.13.28.1.2.7.33,Integer,0
.1.3.6.1.4.1.12148.10.13.28.1.2.7.34,Integer,0
.1.3.6.1.4.1.12148.10.13.28.1.2.7.35,Integer,0
.1.3.6.1.4.1.12148.10.13.28.1.2.7.36,Integer,0
.1.3.6.1.4.1.12148.10.13.28.1.2.7.37,Integer,0
.1.3.6.1.4.1.12148.10.13.28.1.2.7.38,Integer,0
.1.3.6.1.4.1.12148.10.13.28.1.2.7.39,Integer,0
.1.3.6.1.4.1.12148.10.13.28.1.2.7.40,Integer,0
.1.3.6.1.4.1.12148.10.13.28.1.2.7.41,Integer,0
.1.3.6.1.4.1.12148.10.13.28.1.2.7.42,Integer,0
.1.3.6.1.4.1.12148.10.13.28.1.2.7.43,Integer,0
.1.3.6.1.4.1.12148.10.13.28.1.2.7.44,Integer,0
.1.3.6.1.4.1.12148.10.13.28.1.2.7.45,Integer,0
.1.3.6.1.4.1.12148.10.13.28.1.2.7.46,Integer,0
.1.3.6.1.4.1.12148.10.13.28.1.2.7.47,Integer,0
.1.3.6.1.4.1.12148.10.13.28.1.2.7.48,Integer,0
.1.3.6.1.4.1.12148.10.13.28.1.2.7.49,Integer,0
.1.3.6.1.4.1.12148.10.13.28.1.2.7.50,Integer,0
.1.3.6.1.4.1.12148.10.13.28.1.2.7.51,Integer,0
.1.3.6.1.4.1.12148.10.13.28.1.2.7.52,Integer,0
.1.3.6.1.4.1.12148.10.13.28.1.2.8.1,Integer,0
.1.3.6.1.4.1.12148.10.13.28.1.2.8.2,Integer,0
.1.3.6.1.4.1.12148.10.13.28.1.2.8.3,Integer,0
.1.3.6.1.4.1.12148.10.13.28.1.2.8.4,Integer,0
.1.3.6.1.4.1.12148.10.13.28.1.2.8.5,Integer,0
.1.3.6.1.4.1.12148.10.13.28.1.2.8.6,Integer,0
.1.3.6.1.4.1.12148.10.13.28.1.2.8.7,Integer,0
.1.3.6.1.4.1.12148.10.13.28.1.2.8.8,Integer,0
.1.3.6.1.4.1.12148.10.13.28.1.2.8.9,Integer,0
.1.3.6.1.4.1.12148.10.13.28.1.2.8.10,Integer,0
.1.3.6.1.4.1.12148.10.13.28.1.2.8.11,Integer,0
.1.3.6.1.4.1.12148.10.13.28.1.2.8.12,Integer,0
.1.3.6.1.4.1.12148.10.13.28.1.2.8.13,Integer,0
.1.3.6.1.4.1.12148.10.13.28.1.2.8.14,Integer,0
.1.3.6.1.4.1.12148.10.13.28.1.2.8.15,Integer,0
.1.3.6.1.4.1.12148.10.13.28.1.2.8.16,Integer,0
.1.3.6.1.4.1.12148.10.13.28.1.2.8.17,Integer,0
.1.3.6.1.4.1.12148.10.13.28.1.2.8.18,Integer,0
.1.3.6.1.4.1.12148.10.13.28.1.2.8.19,Integer,0
.1.3.6.1.4.1.12148.10.13.28.1.2.8.20,Integer,0
.1.3.6.1.4.1.12148.10.13.28.1.2.8.21,Integer,0
.1.3.6.1.4.1.12148.10.13.28.1.2.8.22,Integer,0
.1.3.6.1.4.1.12148.10.13.28.1.2.8.23,Integer,0
.1.3.6.1.4.1.12148.10.13.28.1.2.8.24,Integer,0
.1.3.6.1.4.1.12148.10.13.28.1.2.8.25,Integer,0
.1.3.6.1.4.1.12148.10.13.28.1.2.8.26,Integer,0
.1.3.6.1.4.1.12148.10.13.28.1.2.8.27,Integer,0
.1.3.6.1.4.1.12148.10.13.28.1.2.8.28,Integer,0
.1.3.6.1.4.1.12148.10.13.28.1.2.8.29,Integer,0
.1.3.6.1.4.1.12148.10.13.28.1.2.8.30,Integer,0
.1.3.6.1.4.1.12148.10.13.28.1.2.8.31,Integer,0
.1.3.6.1.4.1.12148.10.13.28.1.2.8.32,Integer,0
.1.3.6.1.4.1.12148.10.13.28.1.2.8.33,Integer,0
.1.3.6.1.4.1.12148.10.13.28.1.2.8.34,Integer,0
.1.3.6.1.4.1.12148.10.13.28.1.2.8.35,Integer,0
.1.3.6.1.4.1.12148.10.13.28.1.2.8.36,Integer,0
.1.3.6.1.4.1.12148.10.13.28.1.2.8.37,Integer,0
.1.3.6.1.4.1.12148.10.13.28.1.2.8.38,Integer,0
.1.3.6.1.4.1.12148.10.13.28.1.2.8.39,Integer,0
.1.3.6.1.4.1.12148.10.13.28.1.2.8.40,Integer,0
.1.3.6.1.4.1.12148.10.13.28.1.2.8.41,Integer,0
.1.3.6.1.4.1.12148.10.13.28.1.2.8.42,Integer,0
.1.3.6.1.4.1.12148.10.13.28.1.2.8.43,Integer,0
.1.3.6.1.4.1.12148.10.13.28.1.2.8.44,Integer,0
.1.3.6.1.4.1.12148.10.13.28.1.2.8.45,Integer,0
.1.3.6.1.4.1.12148.10.13.28.1.2.8.46,Integer,0
.1.3.6.1.4.1.12148.10.13.28.1.2.8.47,Integer,0
.1.3.6.1.4.1.12148.10.13.28.1.2.8.48,Integer,0
.1.3.6.1.4.1.12148.10.13.28.1.2.8.49,Integer,0
.1.3.6.1.4.1.12148.10.13.28.1.2.8.50,Integer,0
.1.3.6.1.4.1.12148.10.13.28.1.2.8.51,Integer,0
.1.3.6.1.4.1.12148.10.13.28.1.2.8.52,Integer,0
.1.3.6.1.4.1.12148.10.13.28.1.2.9.1,Integer,0
.1.3.6.1.4.1.12148.10.13.28.1.2.9.2,Integer,0
.1.3.6.1.4.1.12148.10.13.28.1.2.9.3,Integer,0
.1.3.6.1.4.1.12148.10.13.28.1.2.9.4,Integer,0
.1.3.6.1.4.1.12148.10.13.28.1.2.9.5,Integer,0
.1.3.6.1.4.1.12148.10.13.28.1.2.9.6,Integer,0
.1.3.6.1.4.1.12148.10.13.28.1.2.9.7,Integer,0
.1.3.6.1.4.1.12148.10.13.28.1.2.9.8,Integer,0
.1.3.6.1.4.1.12148.10.13.28.1.2.9.9,Integer,0
.1.3.6.1.4.1.12148.10.13.28.1.2.9.10,Integer,0
.1.3.6.1.4.1.12148.10.13.28.1.2.9.11,Integer,0
.1.3.6.1.4.1.12148.10.13.28.1.2.9.12,Integer,0
.1.3.6.1.4.1.12148.10.13.28.1.2.9.13,Integer,0
.1.3.6.1.4.1.12148.10.13.28.1.2.9.14,Integer,0
.1.3.6.1.4.1.12148.10.13.28.1.2.9.15,Integer,0
.1.3.6.1.4.1.12148.10.13.28.1.2.9.16,Integer,0
.1.3.6.1.4.1.12148.10.13.28.1.2.9.17,Integer,0
.1.3.6.1.4.1.12148.10.13.28.1.2.9.18,Integer,0
.1.3.6.1.4.1.12148.10.13.28.1.2.9.19,Integer,0
.1.3.6.1.4.1.12148.10.13.28.1.2.9.20,Integer,0
.1.3.6.1.4.1.12148.10.13.28.1.2.9.21,Integer,0
.1.3.6.1.4.1.12148.10.13.28.1.2.9.22,Integer,0
.1.3.6.1.4.1.12148.10.13.28.1.2.9.23,Integer,0
.1.3.6.1.4.1.12148.10.13.28.1.2.9.24,Integer,0
.1.3.6.1.4.1.12148.10.13.28.1.2.9.25,Integer,0
.1.3.6.1.4.1.12148.10.13.28.1.2.9.26,Integer,0
.1.3.6.1.4.1.12148.10.13.28.1.2.9.27,Integer,0
.1.3.6.1.4.1.12148.10.13.28.1.2.9.28,Integer,0
.1.3.6.1.4.1.12148.10.13.28.1.2.9.29,Integer,0
.1.3.6.1.4.1.12148.10.13.28.1.2.9.30,Integer,0
.1.3.6.1.4.1.12148.10.13.28.1.2.9.31,Integer,0
.1.3.6.1.4.1.12148.10.13.28.1.2.9.32,Integer,0
.1.3.6.1.4.1.12148.10.13.28.1.2.9.33,Integer,0
.1.3.6.1.4.1.12148.10.13.28.1.2.9.34,Integer,0
.1.3.6.1.4.1.12148.10.13.28.1.2.9.35,Integer,0
.1.3.6.1.4.1.12148.10.13.28.1.2.9.36,Integer,0
.1.3.6.1.4.1.12148.10.13.28.1.2.9.37,Integer,0
.1.3.6.1.4.1.12148.10.13.28.1.2.9.38,Integer,0
.1.3.6.1.4.1.12148.10.13.28.1.2.9.39,Integer,0
.1.3.6.1.4.1.12148.10.13.28.1.2.9.40,Integer,0
.1.3.6.1.4.1.12148.10.13.28.1.2.9.41,Integer,0
.1.3.6.1.4.1.12148.10.13.28.1.2.9.42,Integer,0
.1.3.6.1.4.1.12148.10.13.28.1.2.9.43,Integer,0
.1.3.6.1.4.1.12148.10.13.28.1.2.9.44,Integer,0
.1.3.6.1.4.1.12148.10.13.28.1.2.9.45,Integer,0
.1.3.6.1.4.1.12148.10.13.28.1.2.9.46,Integer,0
.1.3.6.1.4.1.12148.10.13.28.1.2.9.47,Integer,0
.1.3.6.1.4.1.12148.10.13.28.1.2.9.48,Integer,0
.1.3.6.1.4.1.12148.10.13.28.1.2.9.49,Integer,0
.1.3.6.1.4.1.12148.10.13.28.1.2.9.50,Integer,0
.1.3.6.1.4.1.12148.10.13.28.1.2.9.51,Integer,0
.1.3.6.1.4.1.12148.10.13.28.1.2.9.52,Integer,0
.1.3.6.1.4.1.12148.10.13.28.1.2.10.1,Integer,0
.1.3.6.1.4.1.12148.10.13.28.1.2.10.2,Integer,0
.1.3.6.1.4.1.12148.10.13.28.1.2.10.3,Integer,0
.1.3.6.1.4.1.12148.10.13.28.1.2.10.4,Integer,0
.1.3.6.1.4.1.12148.10.13.28.1.2.10.5,Integer,0
.1.3.6.1.4.1.12148.10.13.28.1.2.10.6,Integer,0
.1.3.6.1.4.1.12148.10.13.28.1.2.10.7,Integer,0
.1.3.6.1.4.1.12148.10.13.28.1.2.10.8,Integer,0
.1.3.6.1.4.1.12148.10.13.28.1.2.10.9,Integer,0
.1.3.6.1.4.1.12148.10.13.28.1.2.10.10,Integer,0
.1.3.6.1.4.1.12148.10.13.28.1.2.10.11,Integer,0
.1.3.6.1.4.1.12148.10.13.28.1.2.10.12,Integer,0
.1.3.6.1.4.1.12148.10.13.28.1.2.10.13,Integer,0
.1.3.6.1.4.1.12148.10.13.28.1.2.10.14,Integer,0
.1.3.6.1.4.1.12148.10.13.28.1.2.10.15,Integer,0
.1.3.6.1.4.1.12148.10.13.28.1.2.10.16,Integer,0
.1.3.6.1.4.1.12148.10.13.28.1.2.10.17,Integer,0
.1.3.6.1.4.1.12148.10.13.28.1.2.10.18,Integer,0
.1.3.6.1.4.1.12148.10.13.28.1.2.10.19,Integer,0
.1.3.6.1.4.1.12148.10.13.28.1.2.10.20,Integer,0
.1.3.6.1.4.1.12148.10.13.28.1.2.10.21,Integer,0
.1.3.6.1.4.1.12148.10.13.28.1.2.10.22,Integer,0
.1.3.6.1.4.1.12148.10.13.28.1.2.10.23,Integer,0
.1.3.6.1.4.1.12148.10.13.28.1.2.10.24,Integer,0
.1.3.6.1.4.1.12148.10.13.28.1.2.10.25,Integer,0
.1.3.6.1.4.1.12148.10.13.28.1.2.10.26,Integer,0
.1.3.6.1.4.1.12148.10.13.28.1.2.10.27,Integer,0
.1.3.6.1.4.1.12148.10.13.28.1.2.10.28,Integer,0
.1.3.6.1.4.1.12148.10.13.28.1.2.10.29,Integer,0
.1.3.6.1.4.1.12148.10.13.28.1.2.10.30,Integer,0
.1.3.6.1.4.1.12148.10.13.28.1.2.10.31,Integer,0
.1.3.6.1.4.1.12148.10.13.28.1.2.10.32,Integer,0
.1.3.6.1.4.1.12148.10.13.28.1.2.10.33,Integer,0
.1.3.6.1.4.1.12148.10.13.28.1.2.10.34,Integer,0
.1.3.6.1.4.1.12148.10.13.28.1.2.10.35,Integer,0
.1.3.6.1.4.1.12148.10.13.28.1.2.10.36,Integer,0
.1.3.6.1.4.1.12148.10.13.28.1.2.10.37,Integer,0
.1.3.6.1.4.1.12148.10.13.28.1.2.10.38,Integer,0
.1.3.6.1.4.1.12148.10.13.28.1.2.10.39,Integer,0
.1.3.6.1.4.1.12148.10.13.28.1.2.10.40,Integer,0
.1.3.6.1.4.1.12148.10.13.28.1.2.10.41,Integer,0
.1.3.6.1.4.1.12148.10.13.28.1.2.10.42,Integer,0
.1.3.6.1.4.1.12148.10.13.28.1.2.10.43,Integer,0
.1.3.6.1.4.1.12148.10.13.28.1.2.10.44,Integer,0
.1.3.6.1.4.1.12148.10.13.28.1.2.10.45,Integer,0
.1.3.6.1.4.1.12148.10.13.28.1.2.10.46,Integer,0
.1.3.6.1.4.1.12148.10.13.28.1.2.10.47,Integer,0
.1.3.6.1.4.1.12148.10.13.28.1.2.10.48,Integer,0
.1.3.6.1.4.1.12148.10.13.28.1.2.10.49,Integer,0
.1.3.6.1.4.1.12148.10.13.28.1.2.10.50,Integer,0
.1.3.6.1.4.1.12148.10.13.28.1.2.10.51,Integer,0
.1.3.6.1.4.1.12148.10.13.28.1.2.10.52,Integer,0
.1.3.6.1.4.1.12148.10.13.29.1.2.1.1,Integer,0
.1.3.6.1.4.1.12148.10.13.29.1.2.1.2,Integer,0
.1.3.6.1.4.1.12148.10.13.29.1.2.1.3,Integer,0
.1.3.6.1.4.1.12148.10.13.29.1.2.1.4,Integer,0
.1.3.6.1.4.1.12148.10.13.29.1.2.1.5,Integer,0
.1.3.6.1.4.1.12148.10.13.29.1.2.1.6,Integer,0
.1.3.6.1.4.1.12148.10.13.29.1.2.1.7,Integer,0
.1.3.6.1.4.1.12148.10.13.29.1.2.1.8,Integer,0
.1.3.6.1.4.1.12148.10.13.29.1.2.1.9,Integer,0
.1.3.6.1.4.1.12148.10.13.29.1.2.1.10,Integer,0
.1.3.6.1.4.1.12148.10.13.29.1.2.1.11,Integer,0
.1.3.6.1.4.1.12148.10.13.29.1.2.1.12,Integer,0
.1.3.6.1.4.1.12148.10.13.29.1.2.1.13,Integer,0
.1.3.6.1.4.1.12148.10.13.29.1.2.1.14,Integer,0
.1.3.6.1.4.1.12148.10.13.29.1.2.1.15,Integer,0
.1.3.6.1.4.1.12148.10.13.29.1.2.1.16,Integer,0
.1.3.6.1.4.1.12148.10.13.29.1.2.1.17,Integer,0
.1.3.6.1.4.1.12148.10.13.29.1.2.1.18,Integer,0
.1.3.6.1.4.1.12148.10.13.29.1.2.1.19,Integer,0
.1.3.6.1.4.1.12148.10.13.29.1.2.1.20,Integer,0
.1.3.6.1.4.1.12148.10.13.29.1.2.1.21,Integer,0
.1.3.6.1.4.1.12148.10.13.29.1.2.1.22,Integer,0
.1.3.6.1.4.1.12148.10.13.29.1.2.1.23,Integer,0
.1.3.6.1.4.1.12148.10.13.29.1.2.1.24,Integer,0
.1.3.6.1.4.1.12148.10.13.29.1.2.1.25,Integer,0
.1.3.6.1.4.1.12148.10.13.29.1.2.1.26,Integer,0
.1.3.6.1.4.1.12148.10.13.29.1.2.1.27,Integer,0
.1.3.6.1.4.1.12148.10.13.29.1.2.1.28,Integer,0
.1.3.6.1.4.1.12148.10.13.29.1.2.1.29,Integer,0
.1.3.6.1.4.1.12148.10.13.29.1.2.1.30,Integer,0
.1.3.6.1.4.1.12148.10.13.29.1.2.1.31,Integer,0
.1.3.6.1.4.1.12148.10.13.29.1.2.1.32,Integer,0
.1.3.6.1.4.1.12148.10.13.29.1.2.1.33,Integer,0
.1.3.6.1.4.1.12148.10.13.29.1.2.1.34,Integer,0
.1.3.6.1.4.1.12148.10.13.29.1.2.1.35,Integer,0
.1.3.6.1.4.1.12148.10.13.29.1.2.1.36,Integer,0
.1.3.6.1.4.1.12148.10.13.29.1.2.1.37,Integer,0
.1.3.6.1.4.1.12148.10.13.29.1.2.1.38,Integer,0
.1.3.6.1.4.1.12148.10.13.29.1.2.1.39,Integer,0
.1.3.6.1.4.1.12148.10.13.29.1.2.1.40,Integer,0
.1.3.6.1.4.1.12148.10.13.29.1.2.1.41,Integer,0
.1.3.6.1.4.1.12148.10.13.29.1.2.1.42,Integer,0
.1.3.6.1.4.1.12148.10.13.29.1.2.1.43,Integer,0
.1.3.6.1.4.1.12148.10.13.29.1.2.1.44,Integer,0
.1.3.6.1.4.1.12148.10.13.29.1.2.1.45,Integer,0
.1.3.6.1.4.1.12148.10.13.29.1.2.1.46,Integer,0
.1.3.6.1.4.1.12148.10.13.29.1.2.1.47,Integer,0
.1.3.6.1.4.1.12148.10.13.29.1.2.1.48,Integer,0
.1.3.6.1.4.1.12148.10.13.29.1.2.1.49,Integer,0
.1.3.6.1.4.1.12148.10.13.29.1.2.1.50,Integer,0
.1.3.6.1.4.1.12148.10.13.29.1.2.1.51,Integer,0
.1.3.6.1.4.1.12148.10.13.29.1.2.1.52,Integer,0
.1.3.6.1.4.1.12148.10.13.29.1.2.2.1,Integer,0
.1.3.6.1.4.1.12148.10.13.29.1.2.2.2,Integer,0
.1.3.6.1.4.1.12148.10.13.29.1.2.2.3,Integer,0
.1.3.6.1.4.1.12148.10.13.29.1.2.2.4,Integer,0
.1.3.6.1.4.1.12148.10.13.29.1.2.2.5,Integer,0
.1.3.6.1.4.1.12148.10.13.29.1.2.2.6,Integer,0
.1.3.6.1.4.1.12148.10.13.29.1.2.2.7,Integer,0
.1.3.6.1.4.1.12148.10.13.29.1.2.2.8,Integer,0
.1.3.6.1.4.1.12148.10.13.29.1.2.2.9,Integer,0
.1.3.6.1.4.1.12148.10.13.29.1.2.2.10,Integer,0
.1.3.6.1.4.1.12148.10.13.29.1.2.2.11,Integer,0
.1.3.6.1.4.1.12148.10.13.29.1.2.2.12,Integer,0
.1.3.6.1.4.1.12148.10.13.29.1.2.2.13,Integer,0
.1.3.6.1.4.1.12148.10.13.29.1.2.2.14,Integer,0
.1.3.6.1.4.1.12148.10.13.29.1.2.2.15,Integer,0
.1.3.6.1.4.1.12148.10.13.29.1.2.2.16,Integer,0
.1.3.6.1.4.1.12148.10.13.29.1.2.2.17,Integer,0
.1.3.6.1.4.1.12148.10.13.29.1.2.2.18,Integer,0
.1.3.6.1.4.1.12148.10.13.29.1.2.2.19,Integer,0
.1.3.6.1.4.1.12148.10.13.29.1.2.2.20,Integer,0
.1.3.6.1.4.1.12148.10.13.29.1.2.2.21,Integer,0
.1.3.6.1.4.1.12148.10.13.29.1.2.2.22,Integer,0
.1.3.6.1.4.1.12148.10.13.29.1.2.2.23,Integer,0
.1.3.6.1.4.1.12148.10.13.29.1.2.2.24,Integer,0
.1.3.6.1.4.1.12148.10.13.29.1.2.2.25,Integer,0
.1.3.6.1.4.1.12148.10.13.29.1.2.2.26,Integer,0
.1.3.6.1.4.1.12148.10.13.29.1.2.2.27,Integer,0
.1.3.6.1.4.1.12148.10.13.29.1.2.2.28,Integer,0
.1.3.6.1.4.1.12148.10.13.29.1.2.2.29,Integer,0
.1.3.6.1.4.1.12148.10.13.29.1.2.2.30,Integer,0
.1.3.6.1.4.1.12148.10.13.29.1.2.2.31,Integer,0
.1.3.6.1.4.1.12148.10.13.29.1.2.2.32,Integer,0
.1.3.6.1.4.1.12148.10.13.29.1.2.2.33,Integer,0
.1.3.6.1.4.1.12148.10.13.29.1.2.2.34,Integer,0
.1.3.6.1.4.1.12148.10.13.29.1.2.2.35,Integer,0
.1.3.6.1.4.1.12148.10.13.29.1.2.2.36,Integer,0
.1.3.6.1.4.1.12148.10.13.29.1.2.2.37,Integer,0
.1.3.6.1.4.1.12148.10.13.29.1.2.2.38,Integer,0
.1.3.6.1.4.1.12148.10.13.29.1.2.2.39,Integer,0
.1.3.6.1.4.1.12148.10.13.29.1.2.2.40,Integer,0
.1.3.6.1.4.1.12148.10.13.29.1.2.2.41,Integer,0
.1.3.6.1.4.1.12148.10.13.29.1.2.2.42,Integer,0
.1.3.6.1.4.1.12148.10.13.29.1.2.2.43,Integer,0
.1.3.6.1.4.1.12148.10.13.29.1.2.2.44,Integer,0
.1.3.6.1.4.1.12148.10.13.29.1.2.2.45,Integer,0
.1.3.6.1.4.1.12148.10.13.29.1.2.2.46,Integer,0
.1.3.6.1.4.1.12148.10.13.29.1.2.2.47,Integer,0
.1.3.6.1.4.1.12148.10.13.29.1.2.2.48,Integer,0
.1.3.6.1.4.1.12148.10.13.29.1.2.2.49,Integer,0
.1.3.6.1.4.1.12148.10.13.29.1.2.2.50,Integer,0
.1.3.6.1.4.1.12148.10.13.29.1.2.2.51,Integer,0
.1.3.6.1.4.1.12148.10.13.29.1.2.2.52,Integer,0
.1.3.6.1.4.1.12148.10.13.29.1.2.3.1,Integer,0
.1.3.6.1.4.1.12148.10.13.29.1.2.3.2,Integer,0
.1.3.6.1.4.1.12148.10.13.29.1.2.3.3,Integer,0
.1.3.6.1.4.1.12148.10.13.29.1.2.3.4,Integer,0
.1.3.6.1.4.1.12148.10.13.29.1.2.3.5,Integer,0
.1.3.6.1.4.1.12148.10.13.29.1.2.3.6,Integer,0
.1.3.6.1.4.1.12148.10.13.29.1.2.3.7,Integer,0
.1.3.6.1.4.1.12148.10.13.29.1.2.3.8,Integer,0
.1.3.6.1.4.1.12148.10.13.29.1.2.3.9,Integer,0
.1.3.6.1.4.1.12148.10.13.29.1.2.3.10,Integer,0
.1.3.6.1.4.1.12148.10.13.29.1.2.3.11,Integer,0
.1.3.6.1.4.1.12148.10.13.29.1.2.3.12,Integer,0
.1.3.6.1.4.1.12148.10.13.29.1.2.3.13,Integer,0
.1.3.6.1.4.1.12148.10.13.29.1.2.3.14,Integer,0
.1.3.6.1.4.1.12148.10.13.29.1.2.3.15,Integer,0
.1.3.6.1.4.1.12148.10.13.29.1.2.3.16,Integer,0
.1.3.6.1.4.1.12148.10.13.29.1.2.3.17,Integer,0
.1.3.6.1.4.1.12148.10.13.29.1.2.3.18,Integer,0
.1.3.6.1.4.1.12148.10.13.29.1.2.3.19,Integer,0
.1.3.6.1.4.1.12148.10.13.29.1.2.3.20,Integer,0
.1.3.6.1.4.1.12148.10.13.29.1.2.3.21,Integer,0
.1.3.6.1.4.1.12148.10.13.29.1.2.3.22,Integer,0
.1.3.6.1.4.1.12148.10.13.29.1.2.3.23,Integer,0
.1.3.6.1.4.1.12148.10.13.29.1.2.3.24,Integer,0
.1.3.6.1.4.1.12148.10.13.29.1.2.3.25,Integer,0
.1.3.6.1.4.1.12148.10.13.29.1.2.3.26,Integer,0
.1.3.6.1.4.1.12148.10.13.29.1.2.3.27,Integer,0
.1.3.6.1.4.1.12148.10.13.29.1.2.3.28,Integer,0
.1.3.6.1.4.1.12148.10.13.29.1.2.3.29,Integer,0
.1.3.6.1.4.1.12148.10.13.29.1.2.3.30,Integer,0
.1.3.6.1.4.1.12148.10.13.29.1.2.3.31,Integer,0
.1.3.6.1.4.1.12148.10.13.29.1.2.3.32,Integer,0
.1.3.6.1.4.1.12148.10.13.29.1.2.3.33,Integer,0
.1.3.6.1.4.1.12148.10.13.29.1.2.3.34,Integer,0
.1.3.6.1.4.1.12148.10.13.29.1.2.3.35,Integer,0
.1.3.6.1.4.1.12148.10.13.29.1.2.3.36,Integer,0
.1.3.6.1.4.1.12148.10.13.29.1.2.3.37,Integer,0
.1.3.6.1.4.1.12148.10.13.29.1.2.3.38,Integer,0
.1.3.6.1.4.1.12148.10.13.29.1.2.3.39,Integer,0
.1.3.6.1.4.1.12148.10.13.29.1.2.3.40,Integer,0
.1.3.6.1.4.1.12148.10.13.29.1.2.3.41,Integer,0
.1.3.6.1.4.1.12148.10.13.29.1.2.3.42,Integer,0
.1.3.6.1.4.1.12148.10.13.29.1.2.3.43,Integer,0
.1.3.6.1.4.1.12148.10.13.29.1.2.3.44,Integer,0
.1.3.6.1.4.1.12148.10.13.29.1.2.3.45,Integer,0
.1.3.6.1.4.1.12148.10.13.29.1.2.3.46,Integer,0
.1.3.6.1.4.1.12148.10.13.29.1.2.3.47,Integer,0
.1.3.6.1.4.1.12148.10.13.29.1.2.3.48,Integer,0
.1.3.6.1.4.1.12148.10.13.29.1.2.3.49,Integer,0
.1.3.6.1.4.1.12148.10.13.29.1.2.3.50,Integer,0
.1.3.6.1.4.1.12148.10.13.29.1.2.3.51,Integer,0
.1.3.6.1.4.1.12148.10.13.29.1.2.3.52,Integer,0
.1.3.6.1.4.1.12148.10.13.29.1.2.4.1,Integer,0
.1.3.6.1.4.1.12148.10.13.29.1.2.4.2,Integer,0
.1.3.6.1.4.1.12148.10.13.29.1.2.4.3,Integer,0
.1.3.6.1.4.1.12148.10.13.29.1.2.4.4,Integer,0
.1.3.6.1.4.1.12148.10.13.29.1.2.4.5,Integer,0
.1.3.6.1.4.1.12148.10.13.29.1.2.4.6,Integer,0
.1.3.6.1.4.1.12148.10.13.29.1.2.4.7,Integer,0
.1.3.6.1.4.1.12148.10.13.29.1.2.4.8,Integer,0
.1.3.6.1.4.1.12148.10.13.29.1.2.4.9,Integer,0
.1.3.6.1.4.1.12148.10.13.29.1.2.4.10,Integer,0
.1.3.6.1.4.1.12148.10.13.29.1.2.4.11,Integer,0
.1.3.6.1.4.1.12148.10.13.29.1.2.4.12,Integer,0
.1.3.6.1.4.1.12148.10.13.29.1.2.4.13,Integer,0
.1.3.6.1.4.1.12148.10.13.29.1.2.4.14,Integer,0
.1.3.6.1.4.1.12148.10.13.29.1.2.4.15,Integer,0
.1.3.6.1.4.1.12148.10.13.29.1.2.4.16,Integer,0
.1.3.6.1.4.1.12148.10.13.29.1.2.4.17,Integer,0
.1.3.6.1.4.1.12148.10.13.29.1.2.4.18,Integer,0
.1.3.6.1.4.1.12148.10.13.29.1.2.4.19,Integer,0
.1.3.6.1.4.1.12148.10.13.29.1.2.4.20,Integer,0
.1.3.6.1.4.1.12148.10.13.29.1.2.4.21,Integer,0
.1.3.6.1.4.1.12148.10.13.29.1.2.4.22,Integer,0
.1.3.6.1.4.1.12148.10.13.29.1.2.4.23,Integer,0
.1.3.6.1.4.1.12148.10.13.29.1.2.4.24,Integer,0
.1.3.6.1.4.1.12148.10.13.29.1.2.4.25,Integer,0
.1.3.6.1.4.1.12148.10.13.29.1.2.4.26,Integer,0
.1.3.6.1.4.1.12148.10.13.29.1.2.4.27,Integer,0
.1.3.6.1.4.1.12148.10.13.29.1.2.4.28,Integer,0
.1.3.6.1.4.1.12148.10.13.29.1.2.4.29,Integer,0
.1.3.6.1.4.1.12148.10.13.29.1.2.4.30,Integer,0
.1.3.6.1.4.1.12148.10.13.29.1.2.4.31,Integer,0
.1.3.6.1.4.1.12148.10.13.29.1.2.4.32,Integer,0
.1.3.6.1.4.1.12148.10.13.29.1.2.4.33,Integer,0
.1.3.6.1.4.1.12148.10.13.29.1.2.4.34,Integer,0
.1.3.6.1.4.1.12148.10.13.29.1.2.4.35,Integer,0
.1.3.6.1.4.1.12148.10.13.29.1.2.4.36,Integer,0
.1.3.6.1.4.1.12148.10.13.29.1.2.4.37,Integer,0
.1.3.6.1.4.1.12148.10.13.29.1.2.4.38,Integer,0
.1.3.6.1.4.1.12148.10.13.29.1.2.4.39,Integer,0
.1.3.6.1.4.1.12148.10.13.29.1.2.4.40,Integer,0
.1.3.6.1.4.1.12148.10.13.29.1.2.4.41,Integer,0
.1.3.6.1.4.1.12148.10.13.29.1.2.4.42,Integer,0
.1.3.6.1.4.1.12148.10.13.29.1.2.4.43,Integer,0
.1.3.6.1.4.1.12148.10.13.29.1.2.4.44,Integer,0
.1.3.6.1.4.1.12148.10.13.29.1.2.4.45,Integer,0
.1.3.6.1.4.1.12148.10.13.29.1.2.4.46,Integer,0
.1.3.6.1.4.1.12148.10.13.29.1.2.4.47,Integer,0
.1.3.6.1.4.1.12148.10.13.29.1.2.4.48,Integer,0
.1.3.6.1.4.1.12148.10.13.29.1.2.4.49,Integer,0
.1.3.6.1.4.1.12148.10.13.29.1.2.4.50,Integer,0
.1.3.6.1.4.1.12148.10.13.29.1.2.4.51,Integer,0
.1.3.6.1.4.1.12148.10.13.29.1.2.4.52,Integer,0
.1.3.6.1.4.1.12148.10.13.29.1.2.5.1,Integer,0
.1.3.6.1.4.1.12148.10.13.29.1.2.5.2,Integer,0
.1.3.6.1.4.1.12148.10.13.29.1.2.5.3,Integer,0
.1.3.6.1.4.1.12148.10.13.29.1.2.5.4,Integer,0
.1.3.6.1.4.1.12148.10.13.29.1.2.5.5,Integer,0
.1.3.6.1.4.1.12148.10.13.29.1.2.5.6,Integer,0
.1.3.6.1.4.1.12148.10.13.29.1.2.5.7,Integer,0
.1.3.6.1.4.1.12148.10.13.29.1.2.5.8,Integer,0
.1.3.6.1.4.1.12148.10.13.29.1.2.5.9,Integer,0
.1.3.6.1.4.1.12148.10.13.29.1.2.5.10,Integer,0
.1.3.6.1.4.1.12148.10.13.29.1.2.5.11,Integer,0
.1.3.6.1.4.1.12148.10.13.29.1.2.5.12,Integer,0
.1.3.6.1.4.1.12148.10.13.29.1.2.5.13,Integer,0
.1.3.6.1.4.1.12148.10.13.29.1.2.5.14,Integer,0
.1.3.6.1.4.1.12148.10.13.29.1.2.5.15,Integer,0
.1.3.6.1.4.1.12148.10.13.29.1.2.5.16,Integer,0
.1.3.6.1.4.1.12148.10.13.29.1.2.5.17,Integer,0
.1.3.6.1.4.1.12148.10.13.29.1.2.5.18,Integer,0
.1.3.6.1.4.1.12148.10.13.29.1.2.5.19,Integer,0
.1.3.6.1.4.1.12148.10.13.29.1.2.5.20,Integer,0
.1.3.6.1.4.1.12148.10.13.29.1.2.5.21,Integer,0
.1.3.6.1.4.1.12148.10.13.29.1.2.5.22,Integer,0
.1.3.6.1.4.1.12148.10.13.29.1.2.5.23,Integer,0
.1.3.6.1.4.1.12148.10.13.29.1.2.5.24,Integer,0
.1.3.6.1.4.1.12148.10.13.29.1.2.5.25,Integer,0
.1.3.6.1.4.1.12148.10.13.29.1.2.5.26,Integer,0
.1.3.6.1.4.1.12148.10.13.29.1.2.5.27,Integer,0
.1.3.6.1.4.1.12148.10.13.29.1.2.5.28,Integer,0
.1.3.6.1.4.1.12148.10.13.29.1.2.5.29,Integer,0
.1.3.6.1.4.1.12148.10.13.29.1.2.5.30,Integer,0
.1.3.6.1.4.1.12148.10.13.29.1.2.5.31,Integer,0
.1.3.6.1.4.1.12148.10.13.29.1.2.5.32,Integer,0
.1.3.6.1.4.1.12148.10.13.29.1.2.5.33,Integer,0
.1.3.6.1.4.1.12148.10.13.29.1.2.5.34,Integer,0
.1.3.6.1.4.1.12148.10.13.29.1.2.5.35,Integer,0
.1.3.6.1.4.1.12148.10.13.29.1.2.5.36,Integer,0
.1.3.6.1.4.1.12148.10.13.29.1.2.5.37,Integer,0
.1.3.6.1.4.1.12148.10.13.29.1.2.5.38,Integer,0
.1.3.6.1.4.1.12148.10.13.29.1.2.5.39,Integer,0
.1.3.6.1.4.1.12148.10.13.29.1.2.5.40,Integer,0
.1.3.6.1.4.1.12148.10.13.29.1.2.5.41,Integer,0
.1.3.6.1.4.1.12148.10.13.29.1.2.5.42,Integer,0
.1.3.6.1.4.1.12148.10.13.29.1.2.5.43,Integer,0
.1.3.6.1.4.1.12148.10.13.29.1.2.5.44,Integer,0
.1.3.6.1.4.1.12148.10.13.29.1.2.5.45,Integer,0
.1.3.6.1.4.1.12148.10.13.29.1.2.5.46,Integer,0
.1.3.6.1.4.1.12148.10.13.29.1.2.5.47,Integer,0
.1.3.6.1.4.1.12148.10.13.29.1.2.5.48,Integer,0
.1.3.6.1.4.1.12148.10.13.29.1.2.5.49,Integer,0
.1.3.6.1.4.1.12148.10.13.29.1.2.5.50,Integer,0
.1.3.6.1.4.1.12148.10.13.29.1.2.5.51,Integer,0
.1.3.6.1.4.1.12148.10.13.29.1.2.5.52,Integer,0
.1.3.6.1.4.1.12148.10.13.29.1.2.6.1,Integer,0
.1.3.6.1.4.1.12148.10.13.29.1.2.6.2,Integer,0
.1.3.6.1.4.1.12148.10.13.29.1.2.6.3,Integer,0
.1.3.6.1.4.1.12148.10.13.29.1.2.6.4,Integer,0
.1.3.6.1.4.1.12148.10.13.29.1.2.6.5,Integer,0
.1.3.6.1.4.1.12148.10.13.29.1.2.6.6,Integer,0
.1.3.6.1.4.1.12148.10.13.29.1.2.6.7,Integer,0
.1.3.6.1.4.1.12148.10.13.29.1.2.6.8,Integer,0
.1.3.6.1.4.1.12148.10.13.29.1.2.6.9,Integer,0
.1.3.6.1.4.1.12148.10.13.29.1.2.6.10,Integer,0
.1.3.6.1.4.1.12148.10.13.29.1.2.6.11,Integer,0
.1.3.6.1.4.1.12148.10.13.29.1.2.6.12,Integer,0
.1.3.6.1.4.1.12148.10.13.29.1.2.6.13,Integer,0
.1.3.6.1.4.1.12148.10.13.29.1.2.6.14,Integer,0
.1.3.6.1.4.1.12148.10.13.29.1.2.6.15,Integer,0
.1.3.6.1.4.1.12148.10.13.29.1.2.6.16,Integer,0
.1.3.6.1.4.1.12148.10.13.29.1.2.6.17,Integer,0
.1.3.6.1.4.1.12148.10.13.29.1.2.6.18,Integer,0
.1.3.6.1.4.1.12148.10.13.29.1.2.6.19,Integer,0
.1.3.6.1.4.1.12148.10.13.29.1.2.6.20,Integer,0
.1.3.6.1.4.1.12148.10.13.29.1.2.6.21,Integer,0
.1.3.6.1.4.1.12148.10.13.29.1.2.6.22,Integer,0
.1.3.6.1.4.1.12148.10.13.29.1.2.6.23,Integer,0
.1.3.6.1.4.1.12148.10.13.29.1.2.6.24,Integer,0
.1.3.6.1.4.1.12148.10.13.29.1.2.6.25,Integer,0
.1.3.6.1.4.1.12148.10.13.29.1.2.6.26,Integer,0
.1.3.6.1.4.1.12148.10.13.29.1.2.6.27,Integer,0
.1.3.6.1.4.1.12148.10.13.29.1.2.6.28,Integer,0
.1.3.6.1.4.1.12148.10.13.29.1.2.6.29,Integer,0
.1.3.6.1.4.1.12148.10.13.29.1.2.6.30,Integer,0
.1.3.6.1.4.1.12148.10.13.29.1.2.6.31,Integer,0
.1.3.6.1.4.1.12148.10.13.29.1.2.6.32,Integer,0
.1.3.6.1.4.1.12148.10.13.29.1.2.6.33,Integer,0
.1.3.6.1.4.1.12148.10.13.29.1.2.6.34,Integer,0
.1.3.6.1.4.1.12148.10.13.29.1.2.6.35,Integer,0
.1.3.6.1.4.1.12148.10.13.29.1.2.6.36,Integer,0
.1.3.6.1.4.1.12148.10.13.29.1.2.6.37,Integer,0
.1.3.6.1.4.1.12148.10.13.29.1.2.6.38,Integer,0
.1.3.6.1.4.1.12148.10.13.29.1.2.6.39,Integer,0
.1.3.6.1.4.1.12148.10.13.29.1.2.6.40,Integer,0
.1.3.6.1.4.1.12148.10.13.29.1.2.6.41,Integer,0
.1.3.6.1.4.1.12148.10.13.29.1.2.6.42,Integer,0
.1.3.6.1.4.1.12148.10.13.29.1.2.6.43,Integer,0
.1.3.6.1.4.1.12148.10.13.29.1.2.6.44,Integer,0
.1.3.6.1.4.1.12148.10.13.29.1.2.6.45,Integer,0
.1.3.6.1.4.1.12148.10.13.29.1.2.6.46,Integer,0
.1.3.6.1.4.1.12148.10.13.29.1.2.6.47,Integer,0
.1.3.6.1.4.1.12148.10.13.29.1.2.6.48,Integer,0
.1.3.6.1.4.1.12148.10.13.29.1.2.6.49,Integer,0
.1.3.6.1.4.1.12148.10.13.29.1.2.6.50,Integer,0
.1.3.6.1.4.1.12148.10.13.29.1.2.6.51,Integer,0
.1.3.6.1.4.1.12148.10.13.29.1.2.6.52,Integer,0
.1.3.6.1.4.1.12148.10.13.29.1.2.7.1,Integer,0
.1.3.6.1.4.1.12148.10.13.29.1.2.7.2,Integer,0
.1.3.6.1.4.1.12148.10.13.29.1.2.7.3,Integer,0
.1.3.6.1.4.1.12148.10.13.29.1.2.7.4,Integer,0
.1.3.6.1.4.1.12148.10.13.29.1.2.7.5,Integer,0
.1.3.6.1.4.1.12148.10.13.29.1.2.7.6,Integer,0
.1.3.6.1.4.1.12148.10.13.29.1.2.7.7,Integer,0
.1.3.6.1.4.1.12148.10.13.29.1.2.7.8,Integer,0
.1.3.6.1.4.1.12148.10.13.29.1.2.7.9,Integer,0
.1.3.6.1.4.1.12148.10.13.29.1.2.7.10,Integer,0
.1.3.6.1.4.1.12148.10.13.29.1.2.7.11,Integer,0
.1.3.6.1.4.1.12148.10.13.29.1.2.7.12,Integer,0
.1.3.6.1.4.1.12148.10.13.29.1.2.7.13,Integer,0
.1.3.6.1.4.1.12148.10.13.29.1.2.7.14,Integer,0
.1.3.6.1.4.1.12148.10.13.29.1.2.7.15,Integer,0
.1.3.6.1.4.1.12148.10.13.29.1.2.7.16,Integer,0
.1.3.6.1.4.1.12148.10.13.29.1.2.7.17,Integer,0
.1.3.6.1.4.1.12148.10.13.29.1.2.7.18,Integer,0
.1.3.6.1.4.1.12148.10.13.29.1.2.7.19,Integer,0
.1.3.6.1.4.1.12148.10.13.29.1.2.7.20,Integer,0
.1.3.6.1.4.1.12148.10.13.29.1.2.7.21,Integer,0
.1.3.6.1.4.1.12148.10.13.29.1.2.7.22,Integer,0
.1.3.6.1.4.1.12148.10.13.29.1.2.7.23,Integer,0
.1.3.6.1.4.1.12148.10.13.29.1.2.7.24,Integer,0
.1.3.6.1.4.1.12148.10.13.29.1.2.7.25,Integer,0
.1.3.6.1.4.1.12148.10.13.29.1.2.7.26,Integer,0
.1.3.6.1.4.1.12148.10.13.29.1.2.7.27,Integer,0
.1.3.6.1.4.1.12148.10.13.29.1.2.7.28,Integer,0
.1.3.6.1.4.1.12148.10.13.29.1.2.7.29,Integer,0
.1.3.6.1.4.1.12148.10.13.29.1.2.7.30,Integer,0
.1.3.6.1.4.1.12148.10.13.29.1.2.7.31,Integer,0
.1.3.6.1.4.1.12148.10.13.29.1.2.7.32,Integer,0
.1.3.6.1.4.1.12148.10.13.29.1.2.7.33,Integer,0
.1.3.6.1.4.1.12148.10.13.29.1.2.7.34,Integer,0
.1.3.6.1.4.1.12148.10.13.29.1.2.7.35,Integer,0
.1.3.6.1.4.1.12148.10.13.29.1.2.7.36,Integer,0
.1.3.6.1.4.1.12148.10.13.29.1.2.7.37,Integer,0
.1.3.6.1.4.1.12148.10.13.29.1.2.7.38,Integer,0
.1.3.6.1.4.1.12148.10.13.29.1.2.7.39,Integer,0
.1.3.6.1.4.1.12148.10.13.29.1.2.7.40,Integer,0
.1.3.6.1.4.1.12148.10.13.29.1.2.7.41,Integer,0
.1.3.6.1.4.1.12148.10.13.29.1.2.7.42,Integer,0
.1.3.6.1.4.1.12148.10.13.29.1.2.7.43,Integer,0
.1.3.6.1.4.1.12148.10.13.29.1.2.7.44,Integer,0
.1.3.6.1.4.1.12148.10.13.29.1.2.7.45,Integer,0
.1.3.6.1.4.1.12148.10.13.29.1.2.7.46,Integer,0
.1.3.6.1.4.1.12148.10.13.29.1.2.7.47,Integer,0
.1.3.6.1.4.1.12148.10.13.29.1.2.7.48,Integer,0
.1.3.6.1.4.1.12148.10.13.29.1.2.7.49,Integer,0
.1.3.6.1.4.1.12148.10.13.29.1.2.7.50,Integer,0
.1.3.6.1.4.1.12148.10.13.29.1.2.7.51,Integer,0
.1.3.6.1.4.1.12148.10.13.29.1.2.7.52,Integer,0
.1.3.6.1.4.1.12148.10.13.29.1.2.8.1,Integer,0
.1.3.6.1.4.1.12148.10.13.29.1.2.8.2,Integer,0
.1.3.6.1.4.1.12148.10.13.29.1.2.8.3,Integer,0
.1.3.6.1.4.1.12148.10.13.29.1.2.8.4,Integer,0
.1.3.6.1.4.1.12148.10.13.29.1.2.8.5,Integer,0
.1.3.6.1.4.1.12148.10.13.29.1.2.8.6,Integer,0
.1.3.6.1.4.1.12148.10.13.29.1.2.8.7,Integer,0
.1.3.6.1.4.1.12148.10.13.29.1.2.8.8,Integer,0
.1.3.6.1.4.1.12148.10.13.29.1.2.8.9,Integer,0
.1.3.6.1.4.1.12148.10.13.29.1.2.8.10,Integer,0
.1.3.6.1.4.1.12148.10.13.29.1.2.8.11,Integer,0
.1.3.6.1.4.1.12148.10.13.29.1.2.8.12,Integer,0
.1.3.6.1.4.1.12148.10.13.29.1.2.8.13,Integer,0
.1.3.6.1.4.1.12148.10.13.29.1.2.8.14,Integer,0
.1.3.6.1.4.1.12148.10.13.29.1.2.8.15,Integer,0
.1.3.6.1.4.1.12148.10.13.29.1.2.8.16,Integer,0
.1.3.6.1.4.1.12148.10.13.29.1.2.8.17,Integer,0
.1.3.6.1.4.1.12148.10.13.29.1.2.8.18,Integer,0
.1.3.6.1.4.1.12148.10.13.29.1.2.8.19,Integer,0
.1.3.6.1.4.1.12148.10.13.29.1.2.8.20,Integer,0
.1.3.6.1.4.1.12148.10.13.29.1.2.8.21,Integer,0
.1.3.6.1.4.1.12148.10.13.29.1.2.8.22,Integer,0
.1.3.6.1.4.1.12148.10.13.29.1.2.8.23,Integer,0
.1.3.6.1.4.1.12148.10.13.29.1.2.8.24,Integer,0
.1.3.6.1.4.1.12148.10.13.29.1.2.8.25,Integer,0
.1.3.6.1.4.1.12148.10.13.29.1.2.8.26,Integer,0
.1.3.6.1.4.1.12148.10.13.29.1.2.8.27,Integer,0
.1.3.6.1.4.1.12148.10.13.29.1.2.8.28,Integer,0
.1.3.6.1.4.1.12148.10.13.29.1.2.8.29,Integer,0
.1.3.6.1.4.1.12148.10.13.29.1.2.8.30,Integer,0
.1.3.6.1.4.1.12148.10.13.29.1.2.8.31,Integer,0
.1.3.6.1.4.1.12148.10.13.29.1.2.8.32,Integer,0
.1.3.6.1.4.1.12148.10.13.29.1.2.8.33,Integer,0
.1.3.6.1.4.1.12148.10.13.29.1.2.8.34,Integer,0
.1.3.6.1.4.1.12148.10.13.29.1.2.8.35,Integer,0
.1.3.6.1.4.1.12148.10.13.29.1.2.8.36,Integer,0
.1.3.6.1.4.1.12148.10.13.29.1.2.8.37,Integer,0
.1.3.6.1.4.1.12148.10.13.29.1.2.8.38,Integer,0
.1.3.6.1.4.1.12148.10.13.29.1.2.8.39,Integer,0
.1.3.6.1.4.1.12148.10.13.29.1.2.8.40,Integer,0
.1.3.6.1.4.1.12148.10.13.29.1.2.8.41,Integer,0
.1.3.6.1.4.1.12148.10.13.29.1.2.8.42,Integer,0
.1.3.6.1.4.1.12148.10.13.29.1.2.8.43,Integer,0
.1.3.6.1.4.1.12148.10.13.29.1.2.8.44,Integer,0
.1.3.6.1.4.1.12148.10.13.29.1.2.8.45,Integer,0
.1.3.6.1.4.1.12148.10.13.29.1.2.8.46,Integer,0
.1.3.6.1.4.1.12148.10.13.29.1.2.8.47,Integer,0
.1.3.6.1.4.1.12148.10.13.29.1.2.8.48,Integer,0
.1.3.6.1.4.1.12148.10.13.29.1.2.8.49,Integer,0
.1.3.6.1.4.1.12148.10.13.29.1.2.8.50,Integer,0
.1.3.6.1.4.1.12148.10.13.29.1.2.8.51,Integer,0
.1.3.6.1.4.1.12148.10.13.29.1.2.8.52,Integer,0
.1.3.6.1.4.1.12148.10.13.29.1.2.9.1,Integer,0
.1.3.6.1.4.1.12148.10.13.29.1.2.9.2,Integer,0
.1.3.6.1.4.1.12148.10.13.29.1.2.9.3,Integer,0
.1.3.6.1.4.1.12148.10.13.29.1.2.9.4,Integer,0
.1.3.6.1.4.1.12148.10.13.29.1.2.9.5,Integer,0
.1.3.6.1.4.1.12148.10.13.29.1.2.9.6,Integer,0
.1.3.6.1.4.1.12148.10.13.29.1.2.9.7,Integer,0
.1.3.6.1.4.1.12148.10.13.29.1.2.9.8,Integer,0
.1.3.6.1.4.1.12148.10.13.29.1.2.9.9,Integer,0
.1.3.6.1.4.1.12148.10.13.29.1.2.9.10,Integer,0
.1.3.6.1.4.1.12148.10.13.29.1.2.9.11,Integer,0
.1.3.6.1.4.1.12148.10.13.29.1.2.9.12,Integer,0
.1.3.6.1.4.1.12148.10.13.29.1.2.9.13,Integer,0
.1.3.6.1.4.1.12148.10.13.29.1.2.9.14,Integer,0
.1.3.6.1.4.1.12148.10.13.29.1.2.9.15,Integer,0
.1.3.6.1.4.1.12148.10.13.29.1.2.9.16,Integer,0
.1.3.6.1.4.1.12148.10.13.29.1.2.9.17,Integer,0
.1.3.6.1.4.1.12148.10.13.29.1.2.9.18,Integer,0
.1.3.6.1.4.1.12148.10.13.29.1.2.9.19,Integer,0
.1.3.6.1.4.1.12148.10.13.29.1.2.9.20,Integer,0
.1.3.6.1.4.1.12148.10.13.29.1.2.9.21,Integer,0
.1.3.6.1.4.1.12148.10.13.29.1.2.9.22,Integer,0
.1.3.6.1.4.1.12148.10.13.29.1.2.9.23,Integer,0
.1.3.6.1.4.1.12148.10.13.29.1.2.9.24,Integer,0
.1.3.6.1.4.1.12148.10.13.29.1.2.9.25,Integer,0
.1.3.6.1.4.1.12148.10.13.29.1.2.9.26,Integer,0
.1.3.6.1.4.1.12148.10.13.29.1.2.9.27,Integer,0
.1.3.6.1.4.1.12148.10.13.29.1.2.9.28,Integer,0
.1.3.6.1.4.1.12148.10.13.29.1.2.9.29,Integer,0
.1.3.6.1.4.1.12148.10.13.29.1.2.9.30,Integer,0
.1.3.6.1.4.1.12148.10.13.29.1.2.9.31,Integer,0
.1.3.6.1.4.1.12148.10.13.29.1.2.9.32,Integer,0
.1.3.6.1.4.1.12148.10.13.29.1.2.9.33,Integer,0
.1.3.6.1.4.1.12148.10.13.29.1.2.9.34,Integer,0
.1.3.6.1.4.1.12148.10.13.29.1.2.9.35,Integer,0
.1.3.6.1.4.1.12148.10.13.29.1.2.9.36,Integer,0
.1.3.6.1.4.1.12148.10.13.29.1.2.9.37,Integer,0
.1.3.6.1.4.1.12148.10.13.29.1.2.9.38,Integer,0
.1.3.6.1.4.1.12148.10.13.29.1.2.9.39,Integer,0
.1.3.6.1.4.1.12148.10.13.29.1.2.9.40,Integer,0
.1.3.6.1.4.1.12148.10.13.29.1.2.9.41,Integer,0
.1.3.6.1.4.1.12148.10.13.29.1.2.9.42,Integer,0
.1.3.6.1.4.1.12148.10.13.29.1.2.9.43,Integer,0
.1.3.6.1.4.1.12148.10.13.29.1.2.9.44,Integer,0
.1.3.6.1.4.1.12148.10.13.29.1.2.9.45,Integer,0
.1.3.6.1.4.1.12148.10.13.29.1.2.9.46,Integer,0
.1.3.6.1.4.1.12148.10.13.29.1.2.9.47,Integer,0
.1.3.6.1.4.1.12148.10.13.29.1.2.9.48,Integer,0
.1.3.6.1.4.1.12148.10.13.29.1.2.9.49,Integer,0
.1.3.6.1.4.1.12148.10.13.29.1.2.9.50,Integer,0
.1.3.6.1.4.1.12148.10.13.29.1.2.9.51,Integer,0
.1.3.6.1.4.1.12148.10.13.29.1.2.9.52,Integer,0
.1.3.6.1.4.1.12148.10.13.29.1.2.10.1,Integer,0
.1.3.6.1.4.1.12148.10.13.29.1.2.10.2,Integer,0
.1.3.6.1.4.1.12148.10.13.29.1.2.10.3,Integer,0
.1.3.6.1.4.1.12148.10.13.29.1.2.10.4,Integer,0
.1.3.6.1.4.1.12148.10.13.29.1.2.10.5,Integer,0
.1.3.6.1.4.1.12148.10.13.29.1.2.10.6,Integer,0
.1.3.6.1.4.1.12148.10.13.29.1.2.10.7,Integer,0
.1.3.6.1.4.1.12148.10.13.29.1.2.10.8,Integer,0
.1.3.6.1.4.1.12148.10.13.29.1.2.10.9,Integer,0
.1.3.6.1.4.1.12148.10.13.29.1.2.10.10,Integer,0
.1.3.6.1.4.1.12148.10.13.29.1.2.10.11,Integer,0
.1.3.6.1.4.1.12148.10.13.29.1.2.10.12,Integer,0
.1.3.6.1.4.1.12148.10.13.29.1.2.10.13,Integer,0
.1.3.6.1.4.1.12148.10.13.29.1.2.10.14,Integer,0
.1.3.6.1.4.1.12148.10.13.29.1.2.10.15,Integer,0
.1.3.6.1.4.1.12148.10.13.29.1.2.10.16,Integer,0
.1.3.6.1.4.1.12148.10.13.29.1.2.10.17,Integer,0
.1.3.6.1.4.1.12148.10.13.29.1.2.10.18,Integer,0
.1.3.6.1.4.1.12148.10.13.29.1.2.10.19,Integer,0
.1.3.6.1.4.1.12148.10.13.29.1.2.10.20,Integer,0
.1.3.6.1.4.1.12148.10.13.29.1.2.10.21,Integer,0
.1.3.6.1.4.1.12148.10.13.29.1.2.10.22,Integer,0
.1.3.6.1.4.1.12148.10.13.29.1.2.10.23,Integer,0
.1.3.6.1.4.1.12148.10.13.29.1.2.10.24,Integer,0
.1.3.6.1.4.1.12148.10.13.29.1.2.10.25,Integer,0
.1.3.6.1.4.1.12148.10.13.29.1.2.10.26,Integer,0
.1.3.6.1.4.1.12148.10.13.29.1.2.10.27,Integer,0
.1.3.6.1.4.1.12148.10.13.29.1.2.10.28,Integer,0
.1.3.6.1.4.1.12148.10.13.29.1.2.10.29,Integer,0
.1.3.6.1.4.1.12148.10.13.29.1.2.10.30,Integer,0
.1.3.6.1.4.1.12148.10.13.29.1.2.10.31,Integer,0
.1.3.6.1.4.1.12148.10.13.29.1.2.10.32,Integer,0
.1.3.6.1.4.1.12148.10.13.29.1.2.10.33,Integer,0
.1.3.6.1.4.1.12148.10.13.29.1.2.10.34,Integer,0
.1.3.6.1.4.1.12148.10.13.29.1.2.10.35,Integer,0
.1.3.6.1.4.1.12148.10.13.29.1.2.10.36,Integer,0
.1.3.6.1.4.1.12148.10.13.29.1.2.10.37,Integer,0
.1.3.6.1.4.1.12148.10.13.29.1.2.10.38,Integer,0
.1.3.6.1.4.1.12148.10.13.29.1.2.10.39,Integer,0
.1.3.6.1.4.1.12148.10.13.29.1.2.10.40,Integer,0
.1.3.6.1.4.1.12148.10.13.29.1.2.10.41,Integer,0
.1.3.6.1.4.1.12148.10.13.29.1.2.10.42,Integer,0
.1.3.6.1.4.1.12148.10.13.29.1.2.10.43,Integer,0
.1.3.6.1.4.1.12148.10.13.29.1.2.10.44,Integer,0
.1.3.6.1.4.1.12148.10.13.29.1.2.10.45,Integer,0
.1.3.6.1.4.1.12148.10.13.29.1.2.10.46,Integer,0
.1.3.6.1.4.1.12148.10.13.29.1.2.10.47,Integer,0
.1.3.6.1.4.1.12148.10.13.29.1.2.10.48,Integer,0
.1.3.6.1.4.1.12148.10.13.29.1.2.10.49,Integer,0
.1.3.6.1.4.1.12148.10.13.29.1.2.10.50,Integer,0
.1.3.6.1.4.1.12148.10.13.29.1.2.10.51,Integer,0
.1.3.6.1.4.1.12148.10.13.29.1.2.10.52,Integer,0
.1.3.6.1.4.1.12148.10.13.30.1.2.1.1,Integer,0
.1.3.6.1.4.1.12148.10.13.30.1.2.1.2,Integer,0
.1.3.6.1.4.1.12148.10.13.30.1.2.1.3,Integer,0
.1.3.6.1.4.1.12148.10.13.30.1.2.1.4,Integer,0
.1.3.6.1.4.1.12148.10.13.30.1.2.1.5,Integer,0
.1.3.6.1.4.1.12148.10.13.30.1.2.1.6,Integer,0
.1.3.6.1.4.1.12148.10.13.30.1.2.1.7,Integer,0
.1.3.6.1.4.1.12148.10.13.30.1.2.1.8,Integer,0
.1.3.6.1.4.1.12148.10.13.30.1.2.1.9,Integer,0
.1.3.6.1.4.1.12148.10.13.30.1.2.1.10,Integer,0
.1.3.6.1.4.1.12148.10.13.30.1.2.1.11,Integer,0
.1.3.6.1.4.1.12148.10.13.30.1.2.1.12,Integer,0
.1.3.6.1.4.1.12148.10.13.30.1.2.1.13,Integer,0
.1.3.6.1.4.1.12148.10.13.30.1.2.1.14,Integer,0
.1.3.6.1.4.1.12148.10.13.30.1.2.1.15,Integer,0
.1.3.6.1.4.1.12148.10.13.30.1.2.1.16,Integer,0
.1.3.6.1.4.1.12148.10.13.30.1.2.1.17,Integer,0
.1.3.6.1.4.1.12148.10.13.30.1.2.1.18,Integer,0
.1.3.6.1.4.1.12148.10.13.30.1.2.1.19,Integer,0
.1.3.6.1.4.1.12148.10.13.30.1.2.1.20,Integer,0
.1.3.6.1.4.1.12148.10.13.30.1.2.1.21,Integer,0
.1.3.6.1.4.1.12148.10.13.30.1.2.1.22,Integer,0
.1.3.6.1.4.1.12148.10.13.30.1.2.1.23,Integer,0
.1.3.6.1.4.1.12148.10.13.30.1.2.1.24,Integer,0
.1.3.6.1.4.1.12148.10.13.30.1.2.1.25,Integer,0
.1.3.6.1.4.1.12148.10.13.30.1.2.1.26,Integer,0
.1.3.6.1.4.1.12148.10.13.30.1.2.1.27,Integer,0
.1.3.6.1.4.1.12148.10.13.30.1.2.1.28,Integer,0
.1.3.6.1.4.1.12148.10.13.30.1.2.1.29,Integer,0
.1.3.6.1.4.1.12148.10.13.30.1.2.1.30,Integer,0
.1.3.6.1.4.1.12148.10.13.30.1.2.1.31,Integer,0
.1.3.6.1.4.1.12148.10.13.30.1.2.1.32,Integer,0
.1.3.6.1.4.1.12148.10.13.30.1.2.1.33,Integer,0
.1.3.6.1.4.1.12148.10.13.30.1.2.1.34,Integer,0
.1.3.6.1.4.1.12148.10.13.30.1.2.1.35,Integer,0
.1.3.6.1.4.1.12148.10.13.30.1.2.1.36,Integer,0
.1.3.6.1.4.1.12148.10.13.30.1.2.1.37,Integer,0
.1.3.6.1.4.1.12148.10.13.30.1.2.1.38,Integer,0
.1.3.6.1.4.1.12148.10.13.30.1.2.1.39,Integer,0
.1.3.6.1.4.1.12148.10.13.30.1.2.1.40,Integer,0
.1.3.6.1.4.1.12148.10.13.30.1.2.1.41,Integer,0
.1.3.6.1.4.1.12148.10.13.30.1.2.1.42,Integer,0
.1.3.6.1.4.1.12148.10.13.30.1.2.1.43,Integer,0
.1.3.6.1.4.1.12148.10.13.30.1.2.1.44,Integer,0
.1.3.6.1.4.1.12148.10.13.30.1.2.1.45,Integer,0
.1.3.6.1.4.1.12148.10.13.30.1.2.1.46,Integer,0
.1.3.6.1.4.1.12148.10.13.30.1.2.1.47,Integer,0
.1.3.6.1.4.1.12148.10.13.30.1.2.1.48,Integer,0
.1.3.6.1.4.1.12148.10.13.30.1.2.1.49,Integer,0
.1.3.6.1.4.1.12148.10.13.30.1.2.1.50,Integer,0
.1.3.6.1.4.1.12148.10.13.30.1.2.1.51,Integer,0
.1.3.6.1.4.1.12148.10.13.30.1.2.1.52,Integer,0
.1.3.6.1.4.1.12148.10.13.30.1.2.2.1,Integer,0
.1.3.6.1.4.1.12148.10.13.30.1.2.2.2,Integer,0
.1.3.6.1.4.1.12148.10.13.30.1.2.2.3,Integer,0
.1.3.6.1.4.1.12148.10.13.30.1.2.2.4,Integer,0
.1.3.6.1.4.1.12148.10.13.30.1.2.2.5,Integer,0
.1.3.6.1.4.1.12148.10.13.30.1.2.2.6,Integer,0
.1.3.6.1.4.1.12148.10.13.30.1.2.2.7,Integer,0
.1.3.6.1.4.1.12148.10.13.30.1.2.2.8,Integer,0
.1.3.6.1.4.1.12148.10.13.30.1.2.2.9,Integer,0
.1.3.6.1.4.1.12148.10.13.30.1.2.2.10,Integer,0
.1.3.6.1.4.1.12148.10.13.30.1.2.2.11,Integer,0
.1.3.6.1.4.1.12148.10.13.30.1.2.2.12,Integer,0
.1.3.6.1.4.1.12148.10.13.30.1.2.2.13,Integer,0
.1.3.6.1.4.1.12148.10.13.30.1.2.2.14,Integer,0
.1.3.6.1.4.1.12148.10.13.30.1.2.2.15,Integer,0
.1.3.6.1.4.1.12148.10.13.30.1.2.2.16,Integer,0
.1.3.6.1.4.1.12148.10.13.30.1.2.2.17,Integer,0
.1.3.6.1.4.1.12148.10.13.30.1.2.2.18,Integer,0
.1.3.6.1.4.1.12148.10.13.30.1.2.2.19,Integer,0
.1.3.6.1.4.1.12148.10.13.30.1.2.2.20,Integer,0
.1.3.6.1.4.1.12148.10.13.30.1.2.2.21,Integer,0
.1.3.6.1.4.1.12148.10.13.30.1.2.2.22,Integer,0
.1.3.6.1.4.1.12148.10.13.30.1.2.2.23,Integer,0
.1.3.6.1.4.1.12148.10.13.30.1.2.2.24,Integer,0
.1.3.6.1.4.1.12148.10.13.30.1.2.2.25,Integer,0
.1.3.6.1.4.1.12148.10.13.30.1.2.2.26,Integer,0
.1.3.6.1.4.1.12148.10.13.30.1.2.2.27,Integer,0
.1.3.6.1.4.1.12148.10.13.30.1.2.2.28,Integer,0
.1.3.6.1.4.1.12148.10.13.30.1.2.2.29,Integer,0
.1.3.6.1.4.1.12148.10.13.30.1.2.2.30,Integer,0
.1.3.6.1.4.1.12148.10.13.30.1.2.2.31,Integer,0
.1.3.6.1.4.1.12148.10.13.30.1.2.2.32,Integer,0
.1.3.6.1.4.1.12148.10.13.30.1.2.2.33,Integer,0
.1.3.6.1.4.1.12148.10.13.30.1.2.2.34,Integer,0
.1.3.6.1.4.1.12148.10.13.30.1.2.2.35,Integer,0
.1.3.6.1.4.1.12148.10.13.30.1.2.2.36,Integer,0
.1.3.6.1.4.1.12148.10.13.30.1.2.2.37,Integer,0
.1.3.6.1.4.1.12148.10.13.30.1.2.2.38,Integer,0
.1.3.6.1.4.1.12148.10.13.30.1.2.2.39,Integer,0
.1.3.6.1.4.1.12148.10.13.30.1.2.2.40,Integer,0
.1.3.6.1.4.1.12148.10.13.30.1.2.2.41,Integer,0
.1.3.6.1.4.1.12148.10.13.30.1.2.2.42,Integer,0
.1.3.6.1.4.1.12148.10.13.30.1.2.2.43,Integer,0
.1.3.6.1.4.1.12148.10.13.30.1.2.2.44,Integer,0
.1.3.6.1.4.1.12148.10.13.30.1.2.2.45,Integer,0
.1.3.6.1.4.1.12148.10.13.30.1.2.2.46,Integer,0
.1.3.6.1.4.1.12148.10.13.30.1.2.2.47,Integer,0
.1.3.6.1.4.1.12148.10.13.30.1.2.2.48,Integer,0
.1.3.6.1.4.1.12148.10.13.30.1.2.2.49,Integer,0
.1.3.6.1.4.1.12148.10.13.30.1.2.2.50,Integer,0
.1.3.6.1.4.1.12148.10.13.30.1.2.2.51,Integer,0
.1.3.6.1.4.1.12148.10.13.30.1.2.2.52,Integer,0
.1.3.6.1.4.1.12148.10.13.30.1.2.3.1,Integer,0
.1.3.6.1.4.1.12148.10.13.30.1.2.3.2,Integer,0
.1.3.6.1.4.1.12148.10.13.30.1.2.3.3,Integer,0
.1.3.6.1.4.1.12148.10.13.30.1.2.3.4,Integer,0
.1.3.6.1.4.1.12148.10.13.30.1.2.3.5,Integer,0
.1.3.6.1.4.1.12148.10.13.30.1.2.3.6,Integer,0
.1.3.6.1.4.1.12148.10.13.30.1.2.3.7,Integer,0
.1.3.6.1.4.1.12148.10.13.30.1.2.3.8,Integer,0
.1.3.6.1.4.1.12148.10.13.30.1.2.3.9,Integer,0
.1.3.6.1.4.1.12148.10.13.30.1.2.3.10,Integer,0
.1.3.6.1.4.1.12148.10.13.30.1.2.3.11,Integer,0
.1.3.6.1.4.1.12148.10.13.30.1.2.3.12,Integer,0
.1.3.6.1.4.1.12148.10.13.30.1.2.3.13,Integer,0
.1.3.6.1.4.1.12148.10.13.30.1.2.3.14,Integer,0
.1.3.6.1.4.1.12148.10.13.30.1.2.3.15,Integer,0
.1.3.6.1.4.1.12148.10.13.30.1.2.3.16,Integer,0
.1.3.6.1.4.1.12148.10.13.30.1.2.3.17,Integer,0
.1.3.6.1.4.1.12148.10.13.30.1.2.3.18,Integer,0
.1.3.6.1.4.1.12148.10.13.30.1.2.3.19,Integer,0
.1.3.6.1.4.1.12148.10.13.30.1.2.3.20,Integer,0
.1.3.6.1.4.1.12148.10.13.30.1.2.3.21,Integer,0
.1.3.6.1.4.1.12148.10.13.30.1.2.3.22,Integer,0
.1.3.6.1.4.1.12148.10.13.30.1.2.3.23,Integer,0
.1.3.6.1.4.1.12148.10.13.30.1.2.3.24,Integer,0
.1.3.6.1.4.1.12148.10.13.30.1.2.3.25,Integer,0
.1.3.6.1.4.1.12148.10.13.30.1.2.3.26,Integer,0
.1.3.6.1.4.1.12148.10.13.30.1.2.3.27,Integer,0
.1.3.6.1.4.1.12148.10.13.30.1.2.3.28,Integer,0
.1.3.6.1.4.1.12148.10.13.30.1.2.3.29,Integer,0
.1.3.6.1.4.1.12148.10.13.30.1.2.3.30,Integer,0
.1.3.6.1.4.1.12148.10.13.30.1.2.3.31,Integer,0
.1.3.6.1.4.1.12148.10.13.30.1.2.3.32,Integer,0
.1.3.6.1.4.1.12148.10.13.30.1.2.3.33,Integer,0
.1.3.6.1.4.1.12148.10.13.30.1.2.3.34,Integer,0
.1.3.6.1.4.1.12148.10.13.30.1.2.3.35,Integer,0
.1.3.6.1.4.1.12148.10.13.30.1.2.3.36,Integer,0
.1.3.6.1.4.1.12148.10.13.30.1.2.3.37,Integer,0
.1.3.6.1.4.1.12148.10.13.30.1.2.3.38,Integer,0
.1.3.6.1.4.1.12148.10.13.30.1.2.3.39,Integer,0
.1.3.6.1.4.1.12148.10.13.30.1.2.3.40,Integer,0
.1.3.6.1.4.1.12148.10.13.30.1.2.3.41,Integer,0
.1.3.6.1.4.1.12148.10.13.30.1.2.3.42,Integer,0
.1.3.6.1.4.1.12148.10.13.30.1.2.3.43,Integer,0
.1.3.6.1.4.1.12148.10.13.30.1.2.3.44,Integer,0
.1.3.6.1.4.1.12148.10.13.30.1.2.3.45,Integer,0
.1.3.6.1.4.1.12148.10.13.30.1.2.3.46,Integer,0
.1.3.6.1.4.1.12148.10.13.30.1.2.3.47,Integer,0
.1.3.6.1.4.1.12148.10.13.30.1.2.3.48,Integer,0
.1.3.6.1.4.1.12148.10.13.30.1.2.3.49,Integer,0
.1.3.6.1.4.1.12148.10.13.30.1.2.3.50,Integer,0
.1.3.6.1.4.1.12148.10.13.30.1.2.3.51,Integer,0
.1.3.6.1.4.1.12148.10.13.30.1.2.3.52,Integer,0
.1.3.6.1.4.1.12148.10.13.30.1.2.4.1,Integer,0
.1.3.6.1.4.1.12148.10.13.30.1.2.4.2,Integer,0
.1.3.6.1.4.1.12148.10.13.30.1.2.4.3,Integer,0
.1.3.6.1.4.1.12148.10.13.30.1.2.4.4,Integer,0
.1.3.6.1.4.1.12148.10.13.30.1.2.4.5,Integer,0
.1.3.6.1.4.1.12148.10.13.30.1.2.4.6,Integer,0
.1.3.6.1.4.1.12148.10.13.30.1.2.4.7,Integer,0
.1.3.6.1.4.1.12148.10.13.30.1.2.4.8,Integer,0
.1.3.6.1.4.1.12148.10.13.30.1.2.4.9,Integer,0
.1.3.6.1.4.1.12148.10.13.30.1.2.4.10,Integer,0
.1.3.6.1.4.1.12148.10.13.30.1.2.4.11,Integer,0
.1.3.6.1.4.1.12148.10.13.30.1.2.4.12,Integer,0
.1.3.6.1.4.1.12148.10.13.30.1.2.4.13,Integer,0
.1.3.6.1.4.1.12148.10.13.30.1.2.4.14,Integer,0
.1.3.6.1.4.1.12148.10.13.30.1.2.4.15,Integer,0
.1.3.6.1.4.1.12148.10.13.30.1.2.4.16,Integer,0
.1.3.6.1.4.1.12148.10.13.30.1.2.4.17,Integer,0
.1.3.6.1.4.1.12148.10.13.30.1.2.4.18,Integer,0
.1.3.6.1.4.1.12148.10.13.30.1.2.4.19,Integer,0
.1.3.6.1.4.1.12148.10.13.30.1.2.4.20,Integer,0
.1.3.6.1.4.1.12148.10.13.30.1.2.4.21,Integer,0
.1.3.6.1.4.1.12148.10.13.30.1.2.4.22,Integer,0
.1.3.6.1.4.1.12148.10.13.30.1.2.4.23,Integer,0
.1.3.6.1.4.1.12148.10.13.30.1.2.4.24,Integer,0
.1.3.6.1.4.1.12148.10.13.30.1.2.4.25,Integer,0
.1.3.6.1.4.1.12148.10.13.30.1.2.4.26,Integer,0
.1.3.6.1.4.1.12148.10.13.30.1.2.4.27,Integer,0
.1.3.6.1.4.1.12148.10.13.30.1.2.4.28,Integer,0
.1.3.6.1.4.1.12148.10.13.30.1.2.4.29,Integer,0
.1.3.6.1.4.1.12148.10.13.30.1.2.4.30,Integer,0
.1.3.6.1.4.1.12148.10.13.30.1.2.4.31,Integer,0
.1.3.6.1.4.1.12148.10.13.30.1.2.4.32,Integer,0
.1.3.6.1.4.1.12148.10.13.30.1.2.4.33,Integer,0
.1.3.6.1.4.1.12148.10.13.30.1.2.4.34,Integer,0
.1.3.6.1.4.1.12148.10.13.30.1.2.4.35,Integer,0
.1.3.6.1.4.1.12148.10.13.30.1.2.4.36,Integer,0
.1.3.6.1.4.1.12148.10.13.30.1.2.4.37,Integer,0
.1.3.6.1.4.1.12148.10.13.30.1.2.4.38,Integer,0
.1.3.6.1.4.1.12148.10.13.30.1.2.4.39,Integer,0
.1.3.6.1.4.1.12148.10.13.30.1.2.4.40,Integer,0
.1.3.6.1.4.1.12148.10.13.30.1.2.4.41,Integer,0
.1.3.6.1.4.1.12148.10.13.30.1.2.4.42,Integer,0
.1.3.6.1.4.1.12148.10.13.30.1.2.4.43,Integer,0
.1.3.6.1.4.1.12148.10.13.30.1.2.4.44,Integer,0
.1.3.6.1.4.1.12148.10.13.30.1.2.4.45,Integer,0
.1.3.6.1.4.1.12148.10.13.30.1.2.4.46,Integer,0
.1.3.6.1.4.1.12148.10.13.30.1.2.4.47,Integer,0
.1.3.6.1.4.1.12148.10.13.30.1.2.4.48,Integer,0
.1.3.6.1.4.1.12148.10.13.30.1.2.4.49,Integer,0
.1.3.6.1.4.1.12148.10.13.30.1.2.4.50,Integer,0
.1.3.6.1.4.1.12148.10.13.30.1.2.4.51,Integer,0
.1.3.6.1.4.1.12148.10.13.30.1.2.4.52,Integer,0
.1.3.6.1.4.1.12148.10.13.30.1.2.5.1,Integer,0
.1.3.6.1.4.1.12148.10.13.30.1.2.5.2,Integer,0
.1.3.6.1.4.1.12148.10.13.30.1.2.5.3,Integer,0
.1.3.6.1.4.1.12148.10.13.30.1.2.5.4,Integer,0
.1.3.6.1.4.1.12148.10.13.30.1.2.5.5,Integer,0
.1.3.6.1.4.1.12148.10.13.30.1.2.5.6,Integer,0
.1.3.6.1.4.1.12148.10.13.30.1.2.5.7,Integer,0
.1.3.6.1.4.1.12148.10.13.30.1.2.5.8,Integer,0
.1.3.6.1.4.1.12148.10.13.30.1.2.5.9,Integer,0
.1.3.6.1.4.1.12148.10.13.30.1.2.5.10,Integer,0
.1.3.6.1.4.1.12148.10.13.30.1.2.5.11,Integer,0
.1.3.6.1.4.1.12148.10.13.30.1.2.5.12,Integer,0
.1.3.6.1.4.1.12148.10.13.30.1.2.5.13,Integer,0
.1.3.6.1.4.1.12148.10.13.30.1.2.5.14,Integer,0
.1.3.6.1.4.1.12148.10.13.30.1.2.5.15,Integer,0
.1.3.6.1.4.1.12148.10.13.30.1.2.5.16,Integer,0
.1.3.6.1.4.1.12148.10.13.30.1.2.5.17,Integer,0
.1.3.6.1.4.1.12148.10.13.30.1.2.5.18,Integer,0
.1.3.6.1.4.1.12148.10.13.30.1.2.5.19,Integer,0
.1.3.6.1.4.1.12148.10.13.30.1.2.5.20,Integer,0
.1.3.6.1.4.1.12148.10.13.30.1.2.5.21,Integer,0
.1.3.6.1.4.1.12148.10.13.30.1.2.5.22,Integer,0
.1.3.6.1.4.1.12148.10.13.30.1.2.5.23,Integer,0
.1.3.6.1.4.1.12148.10.13.30.1.2.5.24,Integer,0
.1.3.6.1.4.1.12148.10.13.30.1.2.5.25,Integer,0
.1.3.6.1.4.1.12148.10.13.30.1.2.5.26,Integer,0
.1.3.6.1.4.1.12148.10.13.30.1.2.5.27,Integer,0
.1.3.6.1.4.1.12148.10.13.30.1.2.5.28,Integer,0
.1.3.6.1.4.1.12148.10.13.30.1.2.5.29,Integer,0
.1.3.6.1.4.1.12148.10.13.30.1.2.5.30,Integer,0
.1.3.6.1.4.1.12148.10.13.30.1.2.5.31,Integer,0
.1.3.6.1.4.1.12148.10.13.30.1.2.5.32,Integer,0
.1.3.6.1.4.1.12148.10.13.30.1.2.5.33,Integer,0
.1.3.6.1.4.1.12148.10.13.30.1.2.5.34,Integer,0
.1.3.6.1.4.1.12148.10.13.30.1.2.5.35,Integer,0
.1.3.6.1.4.1.12148.10.13.30.1.2.5.36,Integer,0
.1.3.6.1.4.1.12148.10.13.30.1.2.5.37,Integer,0
.1.3.6.1.4.1.12148.10.13.30.1.2.5.38,Integer,0
.1.3.6.1.4.1.12148.10.13.30.1.2.5.39,Integer,0
.1.3.6.1.4.1.12148.10.13.30.1.2.5.40,Integer,0
.1.3.6.1.4.1.12148.10.13.30.1.2.5.41,Integer,0
.1.3.6.1.4.1.12148.10.13.30.1.2.5.42,Integer,0
.1.3.6.1.4.1.12148.10.13.30.1.2.5.43,Integer,0
.1.3.6.1.4.1.12148.10.13.30.1.2.5.44,Integer,0
.1.3.6.1.4.1.12148.10.13.30.1.2.5.45,Integer,0
.1.3.6.1.4.1.12148.10.13.30.1.2.5.46,Integer,0
.1.3.6.1.4.1.12148.10.13.30.1.2.5.47,Integer,0
.1.3.6.1.4.1.12148.10.13.30.1.2.5.48,Integer,0
.1.3.6.1.4.1.12148.10.13.30.1.2.5.49,Integer,0
.1.3.6.1.4.1.12148.10.13.30.1.2.5.50,Integer,0
.1.3.6.1.4.1.12148.10.13.30.1.2.5.51,Integer,0
.1.3.6.1.4.1.12148.10.13.30.1.2.5.52,Integer,0
.1.3.6.1.4.1.12148.10.13.30.1.2.6.1,Integer,0
.1.3.6.1.4.1.12148.10.13.30.1.2.6.2,Integer,0
.1.3.6.1.4.1.12148.10.13.30.1.2.6.3,Integer,0
.1.3.6.1.4.1.12148.10.13.30.1.2.6.4,Integer,0
.1.3.6.1.4.1.12148.10.13.30.1.2.6.5,Integer,0
.1.3.6.1.4.1.12148.10.13.30.1.2.6.6,Integer,0
.1.3.6.1.4.1.12148.10.13.30.1.2.6.7,Integer,0
.1.3.6.1.4.1.12148.10.13.30.1.2.6.8,Integer,0
.1.3.6.1.4.1.12148.10.13.30.1.2.6.9,Integer,0
.1.3.6.1.4.1.12148.10.13.30.1.2.6.10,Integer,0
.1.3.6.1.4.1.12148.10.13.30.1.2.6.11,Integer,0
.1.3.6.1.4.1.12148.10.13.30.1.2.6.12,Integer,0
.1.3.6.1.4.1.12148.10.13.30.1.2.6.13,Integer,0
.1.3.6.1.4.1.12148.10.13.30.1.2.6.14,Integer,0
.1.3.6.1.4.1.12148.10.13.30.1.2.6.15,Integer,0
.1.3.6.1.4.1.12148.10.13.30.1.2.6.16,Integer,0
.1.3.6.1.4.1.12148.10.13.30.1.2.6.17,Integer,0
.1.3.6.1.4.1.12148.10.13.30.1.2.6.18,Integer,0
.1.3.6.1.4.1.12148.10.13.30.1.2.6.19,Integer,0
.1.3.6.1.4.1.12148.10.13.30.1.2.6.20,Integer,0
.1.3.6.1.4.1.12148.10.13.30.1.2.6.21,Integer,0
.1.3.6.1.4.1.12148.10.13.30.1.2.6.22,Integer,0
.1.3.6.1.4.1.12148.10.13.30.1.2.6.23,Integer,0
.1.3.6.1.4.1.12148.10.13.30.1.2.6.24,Integer,0
.1.3.6.1.4.1.12148.10.13.30.1.2.6.25,Integer,0
.1.3.6.1.4.1.12148.10.13.30.1.2.6.26,Integer,0
.1.3.6.1.4.1.12148.10.13.30.1.2.6.27,Integer,0
.1.3.6.1.4.1.12148.10.13.30.1.2.6.28,Integer,0
.1.3.6.1.4.1.12148.10.13.30.1.2.6.29,Integer,0
.1.3.6.1.4.1.12148.10.13.30.1.2.6.30,Integer,0
.1.3.6.1.4.1.12148.10.13.30.1.2.6.31,Integer,0
.1.3.6.1.4.1.12148.10.13.30.1.2.6.32,Integer,0
.1.3.6.1.4.1.12148.10.13.30.1.2.6.33,Integer,0
.1.3.6.1.4.1.12148.10.13.30.1.2.6.34,Integer,0
.1.3.6.1.4.1.12148.10.13.30.1.2.6.35,Integer,0
.1.3.6.1.4.1.12148.10.13.30.1.2.6.36,Integer,0
.1.3.6.1.4.1.12148.10.13.30.1.2.6.37,Integer,0
.1.3.6.1.4.1.12148.10.13.30.1.2.6.38,Integer,0
.1.3.6.1.4.1.12148.10.13.30.1.2.6.39,Integer,0
.1.3.6.1.4.1.12148.10.13.30.1.2.6.40,Integer,0
.1.3.6.1.4.1.12148.10.13.30.1.2.6.41,Integer,0
.1.3.6.1.4.1.12148.10.13.30.1.2.6.42,Integer,0
.1.3.6.1.4.1.12148.10.13.30.1.2.6.43,Integer,0
.1.3.6.1.4.1.12148.10.13.30.1.2.6.44,Integer,0
.1.3.6.1.4.1.12148.10.13.30.1.2.6.45,Integer,0
.1.3.6.1.4.1.12148.10.13.30.1.2.6.46,Integer,0
.1.3.6.1.4.1.12148.10.13.30.1.2.6.47,Integer,0
.1.3.6.1.4.1.12148.10.13.30.1.2.6.48,Integer,0
.1.3.6.1.4.1.12148.10.13.30.1.2.6.49,Integer,0
.1.3.6.1.4.1.12148.10.13.30.1.2.6.50,Integer,0
.1.3.6.1.4.1.12148.10.13.30.1.2.6.51,Integer,0
.1.3.6.1.4.1.12148.10.13.30.1.2.6.52,Integer,0
.1.3.6.1.4.1.12148.10.13.30.1.2.7.1,Integer,0
.1.3.6.1.4.1.12148.10.13.30.1.2.7.2,Integer,0
.1.3.6.1.4.1.12148.10.13.30.1.2.7.3,Integer,0
.1.3.6.1.4.1.12148.10.13.30.1.2.7.4,Integer,0
.1.3.6.1.4.1.12148.10.13.30.1.2.7.5,Integer,0
.1.3.6.1.4.1.12148.10.13.30.1.2.7.6,Integer,0
.1.3.6.1.4.1.12148.10.13.30.1.2.7.7,Integer,0
.1.3.6.1.4.1.12148.10.13.30.1.2.7.8,Integer,0
.1.3.6.1.4.1.12148.10.13.30.1.2.7.9,Integer,0
.1.3.6.1.4.1.12148.10.13.30.1.2.7.10,Integer,0
.1.3.6.1.4.1.12148.10.13.30.1.2.7.11,Integer,0
.1.3.6.1.4.1.12148.10.13.30.1.2.7.12,Integer,0
.1.3.6.1.4.1.12148.10.13.30.1.2.7.13,Integer,0
.1.3.6.1.4.1.12148.10.13.30.1.2.7.14,Integer,0
.1.3.6.1.4.1.12148.10.13.30.1.2.7.15,Integer,0
.1.3.6.1.4.1.12148.10.13.30.1.2.7.16,Integer,0
.1.3.6.1.4.1.12148.10.13.30.1.2.7.17,Integer,0
.1.3.6.1.4.1.12148.10.13.30.1.2.7.18,Integer,0
.1.3.6.1.4.1.12148.10.13.30.1.2.7.19,Integer,0
.1.3.6.1.4.1.12148.10.13.30.1.2.7.20,Integer,0
.1.3.6.1.4.1.12148.10.13.30.1.2.7.21,Integer,0
.1.3.6.1.4.1.12148.10.13.30.1.2.7.22,Integer,0
.1.3.6.1.4.1.12148.10.13.30.1.2.7.23,Integer,0
.1.3.6.1.4.1.12148.10.13.30.1.2.7.24,Integer,0
.1.3.6.1.4.1.12148.10.13.30.1.2.7.25,Integer,0
.1.3.6.1.4.1.12148.10.13.30.1.2.7.26,Integer,0
.1.3.6.1.4.1.12148.10.13.30.1.2.7.27,Integer,0
.1.3.6.1.4.1.12148.10.13.30.1.2.7.28,Integer,0
.1.3.6.1.4.1.12148.10.13.30.1.2.7.29,Integer,0
.1.3.6.1.4.1.12148.10.13.30.1.2.7.30,Integer,0
.1.3.6.1.4.1.12148.10.13.30.1.2.7.31,Integer,0
.1.3.6.1.4.1.12148.10.13.30.1.2.7.32,Integer,0
.1.3.6.1.4.1.12148.10.13.30.1.2.7.33,Integer,0
.1.3.6.1.4.1.12148.10.13.30.1.2.7.34,Integer,0
.1.3.6.1.4.1.12148.10.13.30.1.2.7.35,Integer,0
.1.3.6.1.4.1.12148.10.13.30.1.2.7.36,Integer,0
.1.3.6.1.4.1.12148.10.13.30.1.2.7.37,Integer,0
.1.3.6.1.4.1.12148.10.13.30.1.2.7.38,Integer,0
.1.3.6.1.4.1.12148.10.13.30.1.2.7.39,Integer,0
.1.3.6.1.4.1.12148.10.13.30.1.2.7.40,Integer,0
.1.3.6.1.4.1.12148.10.13.30.1.2.7.41,Integer,0
.1.3.6.1.4.1.12148.10.13.30.1.2.7.42,Integer,0
.1.3.6.1.4.1.12148.10.13.30.1.2.7.43,Integer,0
.1.3.6.1.4.1.12148.10.13.30.1.2.7.44,Integer,0
.1.3.6.1.4.1.12148.10.13.30.1.2.7.45,Integer,0
.1.3.6.1.4.1.12148.10.13.30.1.2.7.46,Integer,0
.1.3.6.1.4.1.12148.10.13.30.1.2.7.47,Integer,0
.1.3.6.1.4.1.12148.10.13.30.1.2.7.48,Integer,0
.1.3.6.1.4.1.12148.10.13.30.1.2.7.49,Integer,0
.1.3.6.1.4.1.12148.10.13.30.1.2.7.50,Integer,0
.1.3.6.1.4.1.12148.10.13.30.1.2.7.51,Integer,0
.1.3.6.1.4.1.12148.10.13.30.1.2.7.52,Integer,0
.1.3.6.1.4.1.12148.10.13.30.1.2.8.1,Integer,0
.1.3.6.1.4.1.12148.10.13.30.1.2.8.2,Integer,0
.1.3.6.1.4.1.12148.10.13.30.1.2.8.3,Integer,0
.1.3.6.1.4.1.12148.10.13.30.1.2.8.4,Integer,0
.1.3.6.1.4.1.12148.10.13.30.1.2.8.5,Integer,0
.1.3.6.1.4.1.12148.10.13.30.1.2.8.6,Integer,0
.1.3.6.1.4.1.12148.10.13.30.1.2.8.7,Integer,0
.1.3.6.1.4.1.12148.10.13.30.1.2.8.8,Integer,0
.1.3.6.1.4.1.12148.10.13.30.1.2.8.9,Integer,0
.1.3.6.1.4.1.12148.10.13.30.1.2.8.10,Integer,0
.1.3.6.1.4.1.12148.10.13.30.1.2.8.11,Integer,0
.1.3.6.1.4.1.12148.10.13.30.1.2.8.12,Integer,0
.1.3.6.1.4.1.12148.10.13.30.1.2.8.13,Integer,0
.1.3.6.1.4.1.12148.10.13.30.1.2.8.14,Integer,0
.1.3.6.1.4.1.12148.10.13.30.1.2.8.15,Integer,0
.1.3.6.1.4.1.12148.10.13.30.1.2.8.16,Integer,0
.1.3.6.1.4.1.12148.10.13.30.1.2.8.17,Integer,0
.1.3.6.1.4.1.12148.10.13.30.1.2.8.18,Integer,0
.1.3.6.1.4.1.12148.10.13.30.1.2.8.19,Integer,0
.1.3.6.1.4.1.12148.10.13.30.1.2.8.20,Integer,0
.1.3.6.1.4.1.12148.10.13.30.1.2.8.21,Integer,0
.1.3.6.1.4.1.12148.10.13.30.1.2.8.22,Integer,0
.1.3.6.1.4.1.12148.10.13.30.1.2.8.23,Integer,0
.1.3.6.1.4.1.12148.10.13.30.1.2.8.24,Integer,0
.1.3.6.1.4.1.12148.10.13.30.1.2.8.25,Integer,0
.1.3.6.1.4.1.12148.10.13.30.1.2.8.26,Integer,0
.1.3.6.1.4.1.12148.10.13.30.1.2.8.27,Integer,0
.1.3.6.1.4.1.12148.10.13.30.1.2.8.28,Integer,0
.1.3.6.1.4.1.12148.10.13.30.1.2.8.29,Integer,0
.1.3.6.1.4.1.12148.10.13.30.1.2.8.30,Integer,0
.1.3.6.1.4.1.12148.10.13.30.1.2.8.31,Integer,0
.1.3.6.1.4.1.12148.10.13.30.1.2.8.32,Integer,0
.1.3.6.1.4.1.12148.10.13.30.1.2.8.33,Integer,0
.1.3.6.1.4.1.12148.10.13.30.1.2.8.34,Integer,0
.1.3.6.1.4.1.12148.10.13.30.1.2.8.35,Integer,0
.1.3.6.1.4.1.12148.10.13.30.1.2.8.36,Integer,0
.1.3.6.1.4.1.12148.10.13.30.1.2.8.37,Integer,0
.1.3.6.1.4.1.12148.10.13.30.1.2.8.38,Integer,0
.1.3.6.1.4.1.12148.10.13.30.1.2.8.39,Integer,0
.1.3.6.1.4.1.12148.10.13.30.1.2.8.40,Integer,0
.1.3.6.1.4.1.12148.10.13.30.1.2.8.41,Integer,0
.1.3.6.1.4.1.12148.10.13.30.1.2.8.42,Integer,0
.1.3.6.1.4.1.12148.10.13.30.1.2.8.43,Integer,0
.1.3.6.1.4.1.12148.10.13.30.1.2.8.44,Integer,0
.1.3.6.1.4.1.12148.10.13.30.1.2.8.45,Integer,0
.1.3.6.1.4.1.12148.10.13.30.1.2.8.46,Integer,0
.1.3.6.1.4.1.12148.10.13.30.1.2.8.47,Integer,0
.1.3.6.1.4.1.12148.10.13.30.1.2.8.48,Integer,0
.1.3.6.1.4.1.12148.10.13.30.1.2.8.49,Integer,0
.1.3.6.1.4.1.12148.10.13.30.1.2.8.50,Integer,0
.1.3.6.1.4.1.12148.10.13.30.1.2.8.51,Integer,0
.1.3.6.1.4.1.12148.10.13.30.1.2.8.52,Integer,0
.1.3.6.1.4.1.12148.10.13.30.1.2.9.1,Integer,0
.1.3.6.1.4.1.12148.10.13.30.1.2.9.2,Integer,0
.1.3.6.1.4.1.12148.10.13.30.1.2.9.3,Integer,0
.1.3.6.1.4.1.12148.10.13.30.1.2.9.4,Integer,0
.1.3.6.1.4.1.12148.10.13.30.1.2.9.5,Integer,0
.1.3.6.1.4.1.12148.10.13.30.1.2.9.6,Integer,0
.1.3.6.1.4.1.12148.10.13.30.1.2.9.7,Integer,0
.1.3.6.1.4.1.12148.10.13.30.1.2.9.8,Integer,0
.1.3.6.1.4.1.12148.10.13.30.1.2.9.9,Integer,0
.1.3.6.1.4.1.12148.10.13.30.1.2.9.10,Integer,0
.1.3.6.1.4.1.12148.10.13.30.1.2.9.11,Integer,0
.1.3.6.1.4.1.12148.10.13.30.1.2.9.12,Integer,0
.1.3.6.1.4.1.12148.10.13.30.1.2.9.13,Integer,0
.1.3.6.1.4.1.12148.10.13.30.1.2.9.14,Integer,0
.1.3.6.1.4.1.12148.10.13.30.1.2.9.15,Integer,0
.1.3.6.1.4.1.12148.10.13.30.1.2.9.16,Integer,0
.1.3.6.1.4.1.12148.10.13.30.1.2.9.17,Integer,0
.1.3.6.1.4.1.12148.10.13.30.1.2.9.18,Integer,0
.1.3.6.1.4.1.12148.10.13.30.1.2.9.19,Integer,0
.1.3.6.1.4.1.12148.10.13.30.1.2.9.20,Integer,0
.1.3.6.1.4.1.12148.10.13.30.1.2.9.21,Integer,0
.1.3.6.1.4.1.12148.10.13.30.1.2.9.22,Integer,0
.1.3.6.1.4.1.12148.10.13.30.1.2.9.23,Integer,0
.1.3.6.1.4.1.12148.10.13.30.1.2.9.24,Integer,0
.1.3.6.1.4.1.12148.10.13.30.1.2.9.25,Integer,0
.1.3.6.1.4.1.12148.10.13.30.1.2.9.26,Integer,0
.1.3.6.1.4.1.12148.10.13.30.1.2.9.27,Integer,0
.1.3.6.1.4.1.12148.10.13.30.1.2.9.28,Integer,0
.1.3.6.1.4.1.12148.10.13.30.1.2.9.29,Integer,0
.1.3.6.1.4.1.12148.10.13.30.1.2.9.30,Integer,0
.1.3.6.1.4.1.12148.10.13.30.1.2.9.31,Integer,0
.1.3.6.1.4.1.12148.10.13.30.1.2.9.32,Integer,0
.1.3.6.1.4.1.12148.10.13.30.1.2.9.33,Integer,0
.1.3.6.1.4.1.12148.10.13.30.1.2.9.34,Integer,0
.1.3.6.1.4.1.12148.10.13.30.1.2.9.35,Integer,0
.1.3.6.1.4.1.12148.10.13.30.1.2.9.36,Integer,0
.1.3.6.1.4.1.12148.10.13.30.1.2.9.37,Integer,0
.1.3.6.1.4.1.12148.10.13.30.1.2.9.38,Integer,0
.1.3.6.1.4.1.12148.10.13.30.1.2.9.39,Integer,0
.1.3.6.1.4.1.12148.10.13.30.1.2.9.40,Integer,0
.1.3.6.1.4.1.12148.10.13.30.1.2.9.41,Integer,0
.1.3.6.1.4.1.12148.10.13.30.1.2.9.42,Integer,0
.1.3.6.1.4.1.12148.10.13.30.1.2.9.43,Integer,0
.1.3.6.1.4.1.12148.10.13.30.1.2.9.44,Integer,0
.1.3.6.1.4.1.12148.10.13.30.1.2.9.45,Integer,0
.1.3.6.1.4.1.12148.10.13.30.1.2.9.46,Integer,0
.1.3.6.1.4.1.12148.10.13.30.1.2.9.47,Integer,0
.1.3.6.1.4.1.12148.10.13.30.1.2.9.48,Integer,0
.1.3.6.1.4.1.12148.10.13.30.1.2.9.49,Integer,0
.1.3.6.1.4.1.12148.10.13.30.1.2.9.50,Integer,0
.1.3.6.1.4.1.12148.10.13.30.1.2.9.51,Integer,0
.1.3.6.1.4.1.12148.10.13.30.1.2.9.52,Integer,0
.1.3.6.1.4.1.12148.10.13.30.1.2.10.1,Integer,0
.1.3.6.1.4.1.12148.10.13.30.1.2.10.2,Integer,0
.1.3.6.1.4.1.12148.10.13.30.1.2.10.3,Integer,0
.1.3.6.1.4.1.12148.10.13.30.1.2.10.4,Integer,0
.1.3.6.1.4.1.12148.10.13.30.1.2.10.5,Integer,0
.1.3.6.1.4.1.12148.10.13.30.1.2.10.6,Integer,0
.1.3.6.1.4.1.12148.10.13.30.1.2.10.7,Integer,0
.1.3.6.1.4.1.12148.10.13.30.1.2.10.8,Integer,0
.1.3.6.1.4.1.12148.10.13.30.1.2.10.9,Integer,0
.1.3.6.1.4.1.12148.10.13.30.1.2.10.10,Integer,0
.1.3.6.1.4.1.12148.10.13.30.1.2.10.11,Integer,0
.1.3.6.1.4.1.12148.10.13.30.1.2.10.12,Integer,0
.1.3.6.1.4.1.12148.10.13.30.1.2.10.13,Integer,0
.1.3.6.1.4.1.12148.10.13.30.1.2.10.14,Integer,0
.1.3.6.1.4.1.12148.10.13.30.1.2.10.15,Integer,0
.1.3.6.1.4.1.12148.10.13.30.1.2.10.16,Integer,0
.1.3.6.1.4.1.12148.10.13.30.1.2.10.17,Integer,0
.1.3.6.1.4.1.12148.10.13.30.1.2.10.18,Integer,0
.1.3.6.1.4.1.12148.10.13.30.1.2.10.19,Integer,0
.1.3.6.1.4.1.12148.10.13.30.1.2.10.20,Integer,0
.1.3.6.1.4.1.12148.10.13.30.1.2.10.21,Integer,0
.1.3.6.1.4.1.12148.10.13.30.1.2.10.22,Integer,0
.1.3.6.1.4.1.12148.10.13.30.1.2.10.23,Integer,0
.1.3.6.1.4.1.12148.10.13.30.1.2.10.24,Integer,0
.1.3.6.1.4.1.12148.10.13.30.1.2.10.25,Integer,0
.1.3.6.1.4.1.12148.10.13.30.1.2.10.26,Integer,0
.1.3.6.1.4.1.12148.10.13.30.1.2.10.27,Integer,0
.1.3.6.1.4.1.12148.10.13.30.1.2.10.28,Integer,0
.1.3.6.1.4.1.12148.10.13.30.1.2.10.29,Integer,0
.1.3.6.1.4.1.12148.10.13.30.1.2.10.30,Integer,0
.1.3.6.1.4.1.12148.10.13.30.1.2.10.31,Integer,0
.1.3.6.1.4.1.12148.10.13.30.1.2.10.32,Integer,0
.1.3.6.1.4.1.12148.10.13.30.1.2.10.33,Integer,0
.1.3.6.1.4.1.12148.10.13.30.1.2.10.34,Integer,0
.1.3.6.1.4.1.12148.10.13.30.1.2.10.35,Integer,0
.1.3.6.1.4.1.12148.10.13.30.1.2.10.36,Integer,0
.1.3.6.1.4.1.12148.10.13.30.1.2.10.37,Integer,0
.1.3.6.1.4.1.12148.10.13.30.1.2.10.38,Integer,0
.1.3.6.1.4.1.12148.10.13.30.1.2.10.39,Integer,0
.1.3.6.1.4.1.12148.10.13.30.1.2.10.40,Integer,0
.1.3.6.1.4.1.12148.10.13.30.1.2.10.41,Integer,0
.1.3.6.1.4.1.12148.10.13.30.1.2.10.42,Integer,0
.1.3.6.1.4.1.12148.10.13.30.1.2.10.43,Integer,0
.1.3.6.1.4.1.12148.10.13.30.1.2.10.44,Integer,0
.1.3.6.1.4.1.12148.10.13.30.1.2.10.45,Integer,0
.1.3.6.1.4.1.12148.10.13.30.1.2.10.46,Integer,0
.1.3.6.1.4.1.12148.10.13.30.1.2.10.47,Integer,0
.1.3.6.1.4.1.12148.10.13.30.1.2.10.48,Integer,0
.1.3.6.1.4.1.12148.10.13.30.1.2.10.49,Integer,0
.1.3.6.1.4.1.12148.10.13.30.1.2.10.50,Integer,0
.1.3.6.1.4.1.12148.10.13.30.1.2.10.51,Integer,0
.1.3.6.1.4.1.12148.10.13.30.1.2.10.52,Integer,0
.1.3.6.1.4.1.12148.10.13.31.1.0,Integer,0
.1.3.6.1.4.1.12148.10.13.31.2.0,Integer,1
.1.3.6.1.4.1.12148.10.13.31.3.0,Integer,60
.1.3.6.1.4.1.12148.10.13.31.4.0,Integer,1
.1.3.6.1.4.1.12148.10.13.31.5.0,Integer,19583
.1.3.6.1.4.1.12148.10.13.31.6.0,Integer,1250
.1.3.6.1.4.1.12148.10.13.31.7.0,Integer,0
.1.3.6.1.4.1.12148.10.13.32.0,Integer,0
.1.3.6.1.4.1.12148.10.14.1.1.2.1,Integer,0
.1.3.6.1.4.1.12148.10.14.1.1.2.2,Integer,0
.1.3.6.1.4.1.12148.10.14.1.1.2.3,Integer,0
.1.3.6.1.4.1.12148.10.14.1.1.2.4,Integer,0
.1.3.6.1.4.1.12148.10.14.1.1.2.5,Integer,0
.1.3.6.1.4.1.12148.10.14.1.1.2.6,Integer,0
.1.3.6.1.4.1.12148.10.14.1.1.2.7,Integer,0
.1.3.6.1.4.1.12148.10.14.1.1.2.8,Integer,0
.1.3.6.1.4.1.12148.10.14.1.1.2.9,Integer,0
.1.3.6.1.4.1.12148.10.14.1.1.2.10,Integer,0
.1.3.6.1.4.1.12148.10.14.1.1.2.11,Integer,0
.1.3.6.1.4.1.12148.10.14.1.1.2.12,Integer,0
.1.3.6.1.4.1.12148.10.14.1.1.2.13,Integer,0
.1.3.6.1.4.1.12148.10.14.1.1.2.14,Integer,0
.1.3.6.1.4.1.12148.10.14.1.1.2.15,Integer,0
.1.3.6.1.4.1.12148.10.14.1.1.2.16,Integer,0
.1.3.6.1.4.1.12148.10.14.1.1.2.17,Integer,0
.1.3.6.1.4.1.12148.10.14.1.1.2.18,Integer,0
.1.3.6.1.4.1.12148.10.14.1.1.2.19,Integer,0
.1.3.6.1.4.1.12148.10.14.1.1.2.20,Integer,0
.1.3.6.1.4.1.12148.10.14.1.1.2.21,Integer,0
.1.3.6.1.4.1.12148.10.14.1.1.2.22,Integer,0
.1.3.6.1.4.1.12148.10.14.1.1.2.23,Integer,0
.1.3.6.1.4.1.12148.10.14.1.1.2.24,Integer,0
.1.3.6.1.4.1.12148.10.14.1.1.2.25,Integer,0
.1.3.6.1.4.1.12148.10.14.1.1.2.26,Integer,0
.1.3.6.1.4.1.12148.10.14.1.1.2.27,Integer,0
.1.3.6.1.4.1.12148.10.14.1.1.2.28,Integer,0
.1.3.6.1.4.1.12148.10.14.1.1.2.29,Integer,0
.1.3.6.1.4.1.12148.10.14.1.1.2.30,Integer,0
.1.3.6.1.4.1.12148.10.14.1.1.2.31,Integer,0
.1.3.6.1.4.1.12148.10.14.1.1.2.32,Integer,0
.1.3.6.1.4.1.12148.10.14.1.1.2.33,Integer,0
.1.3.6.1.4.1.12148.10.14.1.1.2.34,Integer,0
.1.3.6.1.4.1.12148.10.14.1.1.2.35,Integer,0
.1.3.6.1.4.1.12148.10.14.1.1.2.36,Integer,0
.1.3.6.1.4.1.12148.10.14.1.1.2.37,Integer,0
.1.3.6.1.4.1.12148.10.14.1.1.2.38,Integer,0
.1.3.6.1.4.1.12148.10.14.1.1.2.39,Integer,0
.1.3.6.1.4.1.12148.10.14.1.1.2.40,Integer,0
.1.3.6.1.4.1.12148.10.14.1.1.2.41,Integer,0
.1.3.6.1.4.1.12148.10.14.1.1.2.42,Integer,0
.1.3.6.1.4.1.12148.10.14.1.1.2.43,Integer,0
.1.3.6.1.4.1.12148.10.14.1.1.2.44,Integer,0
.1.3.6.1.4.1.12148.10.14.1.1.2.45,Integer,0
.1.3.6.1.4.1.12148.10.14.1.1.2.46,Integer,0
.1.3.6.1.4.1.12148.10.14.1.1.2.47,Integer,0
.1.3.6.1.4.1.12148.10.14.1.1.2.48,Integer,0
.1.3.6.1.4.1.12148.10.14.1.1.2.49,Integer,0
.1.3.6.1.4.1.12148.10.14.1.1.3.1,OctetString,"""Major alarm     """
.1.3.6.1.4.1.12148.10.14.1.1.3.2,OctetString,"""Minor alarm     """
.1.3.6.1.4.1.12148.10.14.1.1.3.3,OctetString,"""Mains alarm     """
.1.3.6.1.4.1.12148.10.14.1.1.3.4,OctetString,"""Fuse alarm      """
.1.3.6.1.4.1.12148.10.14.1.1.3.5,OctetString,"""Battery high    """
.1.3.6.1.4.1.12148.10.14.1.1.3.6,OctetString,"""Battery low     """
.1.3.6.1.4.1.12148.10.14.1.1.3.7,OctetString,"""Module alarm    """
.1.3.6.1.4.1.12148.10.14.1.1.3.8,OctetString,"""SPD alarm"""
.1.3.6.1.4.1.12148.10.14.1.1.3.9,OctetString,"""Alarm Group 09  """
.1.3.6.1.4.1.12148.10.14.1.1.3.10,OctetString,"""Alarm Group 10  """
.1.3.6.1.4.1.12148.10.14.1.1.3.11,OctetString,"""Alarm Group 11  """
.1.3.6.1.4.1.12148.10.14.1.1.3.12,OctetString,"""Alarm Group 12  """
.1.3.6.1.4.1.12148.10.14.1.1.3.13,OctetString,"""Alarm Group 13  """
.1.3.6.1.4.1.12148.10.14.1.1.3.14,OctetString,"""Alarm Group 14  """
.1.3.6.1.4.1.12148.10.14.1.1.3.15,OctetString,"""Alarm Group 15  """
.1.3.6.1.4.1.12148.10.14.1.1.3.16,OctetString,"""Alarm Group 16  """
.1.3.6.1.4.1.12148.10.14.1.1.3.17,OctetString,"""Alarm Group 17  """
.1.3.6.1.4.1.12148.10.14.1.1.3.18,OctetString,"""OutpBlocked     """
.1.3.6.1.4.1.12148.10.14.1.1.3.19,OctetString,"""LVBD            """
.1.3.6.1.4.1.12148.10.14.1.1.3.20,OctetString,"""LVLD1           """
.1.3.6.1.4.1.12148.10.14.1.1.3.21,OctetString,"""LVLD2           """
.1.3.6.1.4.1.12148.10.14.1.1.3.22,OctetString,"""Alarm Group 22  """
.1.3.6.1.4.1.12148.10.14.1.1.3.23,OctetString,"""Alarm Group 23  """
.1.3.6.1.4.1.12148.10.14.1.1.3.24,OctetString,"""Alarm Group 24  """
.1.3.6.1.4.1.12148.10.14.1.1.3.25,OctetString,"""Alarm Group 25  """
.1.3.6.1.4.1.12148.10.14.1.1.3.26,OctetString,"""Alarm Group 26  """
.1.3.6.1.4.1.12148.10.14.1.1.3.27,OctetString,"""Alarm Group 27  """
.1.3.6.1.4.1.12148.10.14.1.1.3.28,OctetString,"""Alarm Group 28  """
.1.3.6.1.4.1.12148.10.14.1.1.3.29,OctetString,"""Alarm Group 29  """
.1.3.6.1.4.1.12148.10.14.1.1.3.30,OctetString,"""Safetypack alarm"""
.1.3.6.1.4.1.12148.10.14.1.1.3.31,OctetString,"""Alarm Group 31  """
.1.3.6.1.4.1.12148.10.14.1.1.3.32,OctetString,""""""
.1.3.6.1.4.1.12148.10.14.1.1.3.33,OctetString,""""""
.1.3.6.1.4.1.12148.10.14.1.1.3.34,OctetString,""""""
.1.3.6.1.4.1.12148.10.14.1.1.3.35,OctetString,""""""
.1.3.6.1.4.1.12148.10.14.1.1.3.36,OctetString,""""""
.1.3.6.1.4.1.12148.10.14.1.1.3.37,OctetString,""""""
.1.3.6.1.4.1.12148.10.14.1.1.3.38,OctetString,""""""
.1.3.6.1.4.1.12148.10.14.1.1.3.39,OctetString,""""""
.1.3.6.1.4.1.12148.10.14.1.1.3.40,OctetString,""""""
.1.3.6.1.4.1.12148.10.14.1.1.3.41,OctetString,""""""
.1.3.6.1.4.1.12148.10.14.1.1.3.42,OctetString,""""""
.1.3.6.1.4.1.12148.10.14.1.1.3.43,OctetString,""""""
.1.3.6.1.4.1.12148.10.14.1.1.3.44,OctetString,""""""
.1.3.6.1.4.1.12148.10.14.1.1.3.45,OctetString,""""""
.1.3.6.1.4.1.12148.10.14.1.1.3.46,OctetString,""""""
.1.3.6.1.4.1.12148.10.14.1.1.3.47,OctetString,""""""
.1.3.6.1.4.1.12148.10.14.1.1.3.48,OctetString,""""""
.1.3.6.1.4.1.12148.10.14.1.1.3.49,OctetString,""""""
.1.3.6.1.4.1.12148.10.15.1.0,Integer,0
.1.3.6.1.4.1.12148.10.15.2.0,OctetString,""" """
.1.3.6.1.4.1.12148.10.15.3.0,Integer,0
.1.3.6.1.4.1.12148.10.15.4.0,Integer,0
.1.3.6.1.4.1.12148.10.15.5.1.0,Integer,0
.1.3.6.1.4.1.12148.10.15.5.2.0,OctetString,""" """
.1.3.6.1.4.1.12148.10.15.5.4.0,Integer,0
.1.3.6.1.4.1.12148.10.15.5.5.0,Integer,0
.1.3.6.1.4.1.12148.10.15.5.6.0,Integer,0
.1.3.6.1.4.1.12148.10.15.5.7.0,Integer,0
.1.3.6.1.4.1.12148.10.15.5.8.0,Integer,0
.1.3.6.1.4.1.12148.10.15.5.9.0,Integer,0
.1.3.6.1.4.1.12148.10.15.6.1.0,Integer,0
.1.3.6.1.4.1.12148.10.15.6.2.0,OctetString,""" """
.1.3.6.1.4.1.12148.10.15.6.4.0,Integer,0
.1.3.6.1.4.1.12148.10.15.6.5.0,Integer,0
.1.3.6.1.4.1.12148.10.15.6.6.0,Integer,0
.1.3.6.1.4.1.12148.10.15.6.7.0,Integer,0
.1.3.6.1.4.1.12148.10.15.6.8.0,Integer,0
.1.3.6.1.4.1.12148.10.15.6.9.0,Integer,0
.1.3.6.1.4.1.12148.10.15.7.1.0,Integer,0
.1.3.6.1.4.1.12148.10.15.7.2.0,OctetString,""" """
.1.3.6.1.4.1.12148.10.15.7.4.0,Integer,0
.1.3.6.1.4.1.12148.10.15.7.5.0,Integer,0
.1.3.6.1.4.1.12148.10.15.7.6.0,Integer,0
.1.3.6.1.4.1.12148.10.15.7.7.0,Integer,0
.1.3.6.1.4.1.12148.10.15.7.8.0,Integer,0
.1.3.6.1.4.1.12148.10.15.7.9.0,Integer,0
.1.3.6.1.4.1.12148.10.15.8.1.0,Integer,0
.1.3.6.1.4.1.12148.10.15.8.2.0,OctetString,""" """
.1.3.6.1.4.1.12148.10.15.8.4.0,Integer,0
.1.3.6.1.4.1.12148.10.15.8.5.0,Gauge32,0
.1.3.6.1.4.1.12148.10.15.8.6.0,Gauge32,0
.1.3.6.1.4.1.12148.10.15.8.7.0,Gauge32,0
.1.3.6.1.4.1.12148.10.15.9.1.0,Integer,0
.1.3.6.1.4.1.12148.10.15.9.2.0,OctetString,""" """
.1.3.6.1.4.1.12148.10.15.9.4.0,Integer,0
.1.3.6.1.4.1.12148.10.15.9.5.0,Integer,0
.1.3.6.1.4.1.12148.10.15.9.6.0,Integer,0
.1.3.6.1.4.1.12148.10.15.9.7.0,Integer,0
.1.3.6.1.4.1.12148.10.15.10.1.0,Integer,0
.1.3.6.1.4.1.12148.10.15.10.2.0,OctetString,""" """
.1.3.6.1.4.1.12148.10.15.10.4.0,Integer,0
.1.3.6.1.4.1.12148.10.15.10.5.0,Integer,0
.1.3.6.1.4.1.12148.10.15.10.6.0,Integer,0
.1.3.6.1.4.1.12148.10.15.10.7.0,Integer,0
.1.3.6.1.4.1.12148.10.15.11.1.0,Integer,0
.1.3.6.1.4.1.12148.10.15.11.2.0,OctetString,""" """
.1.3.6.1.4.1.12148.10.15.11.4.0,Integer,0
.1.3.6.1.4.1.12148.10.15.11.5.0,Integer,0
.1.3.6.1.4.1.12148.10.15.11.6.0,Integer,0
.1.3.6.1.4.1.12148.10.15.11.7.0,Integer,0
.1.3.6.1.4.1.12148.10.15.12.1.0,Integer,0
.1.3.6.1.4.1.12148.10.15.12.2.0,OctetString,""" """
.1.3.6.1.4.1.12148.10.15.12.4.0,Integer,0
.1.3.6.1.4.1.12148.10.15.12.5.0,Integer,0
.1.3.6.1.4.1.12148.10.15.12.6.0,Integer,0
.1.3.6.1.4.1.12148.10.15.12.7.0,Integer,0
.1.3.6.1.4.1.12148.10.15.13.1.0,Integer,0
.1.3.6.1.4.1.12148.10.15.13.2.0,OctetString,""" """
.1.3.6.1.4.1.12148.10.15.13.4.0,Integer,0
.1.3.6.1.4.1.12148.10.15.13.5.0,Integer,0
.1.3.6.1.4.1.12148.10.15.13.6.0,Integer,0
.1.3.6.1.4.1.12148.10.15.13.7.0,Integer,0
.1.3.6.1.4.1.12148.10.15.14.1.0,Integer,0
.1.3.6.1.4.1.12148.10.15.14.2.0,Integer,0
.1.3.6.1.4.1.12148.10.15.15.1.0,Integer,0
.1.3.6.1.4.1.12148.10.15.15.2.0,Integer,0
.1.3.6.1.4.1.12148.10.15.15.3.0,Integer,0
.1.3.6.1.4.1.12148.10.15.15.4.0,Integer,0
.1.3.6.1.4.1.12148.10.15.16.1.0,Integer,0
.1.3.6.1.4.1.12148.10.15.16.2.0,Integer,0
.1.3.6.1.4.1.12148.10.15.16.3.0,Integer,0
.1.3.6.1.4.1.12148.10.15.16.5.0,Gauge32,0
.1.3.6.1.4.1.12148.10.15.16.6.0,Integer,0
.1.3.6.1.4.1.12148.10.15.16.7.0,Integer,0
.1.3.6.1.4.1.12148.10.15.17.1.0,Integer,0
.1.3.6.1.4.1.12148.10.15.18.1.0,Integer,0
.1.3.6.1.4.1.12148.10.15.18.2.0,Integer,0
.1.3.6.1.4.1.12148.10.15.18.3.0,Integer,0
.1.3.6.1.4.1.12148.10.15.18.4.0,Integer,0
.1.3.6.1.4.1.12148.10.15.18.5.0,Integer,0
.1.3.6.1.4.1.12148.10.15.19.1.0,Integer,0
.1.3.6.1.4.1.12148.10.15.19.2.0,Integer,52
.1.3.6.1.4.1.12148.10.15.19.3.1.2.1,Integer,0
.1.3.6.1.4.1.12148.10.15.19.3.1.2.2,Integer,0
.1.3.6.1.4.1.12148.10.15.19.3.1.2.3,Integer,0
.1.3.6.1.4.1.12148.10.15.19.3.1.2.4,Integer,0
.1.3.6.1.4.1.12148.10.15.19.3.1.2.5,Integer,0
.1.3.6.1.4.1.12148.10.15.19.3.1.2.6,Integer,0
.1.3.6.1.4.1.12148.10.15.19.3.1.2.7,Integer,0
.1.3.6.1.4.1.12148.10.15.19.3.1.2.8,Integer,0
.1.3.6.1.4.1.12148.10.15.19.3.1.2.9,Integer,0
.1.3.6.1.4.1.12148.10.15.19.3.1.2.10,Integer,0
.1.3.6.1.4.1.12148.10.15.19.3.1.2.11,Integer,0
.1.3.6.1.4.1.12148.10.15.19.3.1.2.12,Integer,0
.1.3.6.1.4.1.12148.10.15.19.3.1.2.13,Integer,0
.1.3.6.1.4.1.12148.10.15.19.3.1.2.14,Integer,0
.1.3.6.1.4.1.12148.10.15.19.3.1.2.15,Integer,0
.1.3.6.1.4.1.12148.10.15.19.3.1.2.16,Integer,0
.1.3.6.1.4.1.12148.10.15.19.3.1.2.17,Integer,0
.1.3.6.1.4.1.12148.10.15.19.3.1.2.18,Integer,0
.1.3.6.1.4.1.12148.10.15.19.3.1.2.19,Integer,0
.1.3.6.1.4.1.12148.10.15.19.3.1.2.20,Integer,0
.1.3.6.1.4.1.12148.10.15.19.3.1.2.21,Integer,0
.1.3.6.1.4.1.12148.10.15.19.3.1.2.22,Integer,0
.1.3.6.1.4.1.12148.10.15.19.3.1.2.23,Integer,0
.1.3.6.1.4.1.12148.10.15.19.3.1.2.24,Integer,0
.1.3.6.1.4.1.12148.10.15.19.3.1.2.25,Integer,0
.1.3.6.1.4.1.12148.10.15.19.3.1.2.26,Integer,0
.1.3.6.1.4.1.12148.10.15.19.3.1.2.27,Integer,0
.1.3.6.1.4.1.12148.10.15.19.3.1.2.28,Integer,0
.1.3.6.1.4.1.12148.10.15.19.3.1.2.29,Integer,0
.1.3.6.1.4.1.12148.10.15.19.3.1.2.30,Integer,0
.1.3.6.1.4.1.12148.10.15.19.3.1.2.31,Integer,0
.1.3.6.1.4.1.12148.10.15.19.3.1.2.32,Integer,0
.1.3.6.1.4.1.12148.10.15.19.3.1.2.33,Integer,0
.1.3.6.1.4.1.12148.10.15.19.3.1.2.34,Integer,0
.1.3.6.1.4.1.12148.10.15.19.3.1.2.35,Integer,0
.1.3.6.1.4.1.12148.10.15.19.3.1.2.36,Integer,0
.1.3.6.1.4.1.12148.10.15.19.3.1.2.37,Integer,0
.1.3.6.1.4.1.12148.10.15.19.3.1.2.38,Integer,0
.1.3.6.1.4.1.12148.10.15.19.3.1.2.39,Integer,0
.1.3.6.1.4.1.12148.10.15.19.3.1.2.40,Integer,0
.1.3.6.1.4.1.12148.10.15.19.3.1.2.41,Integer,0
.1.3.6.1.4.1.12148.10.15.19.3.1.2.42,Integer,0
.1.3.6.1.4.1.12148.10.15.19.3.1.2.43,Integer,0
.1.3.6.1.4.1.12148.10.15.19.3.1.2.44,Integer,0
.1.3.6.1.4.1.12148.10.15.19.3.1.2.45,Integer,0
.1.3.6.1.4.1.12148.10.15.19.3.1.2.46,Integer,0
.1.3.6.1.4.1.12148.10.15.19.3.1.2.47,Integer,0
.1.3.6.1.4.1.12148.10.15.19.3.1.2.48,Integer,0
.1.3.6.1.4.1.12148.10.15.19.3.1.2.49,Integer,0
.1.3.6.1.4.1.12148.10.15.19.3.1.2.50,Integer,0
.1.3.6.1.4.1.12148.10.15.19.3.1.2.51,Integer,0
.1.3.6.1.4.1.12148.10.15.19.3.1.2.52,Integer,0
.1.3.6.1.4.1.12148.10.15.19.4.0,Integer,52
.1.3.6.1.4.1.12148.10.15.19.5.1.2.1,Integer,0
.1.3.6.1.4.1.12148.10.15.19.5.1.2.2,Integer,0
.1.3.6.1.4.1.12148.10.15.19.5.1.2.3,Integer,0
.1.3.6.1.4.1.12148.10.15.19.5.1.2.4,Integer,0
.1.3.6.1.4.1.12148.10.15.19.5.1.2.5,Integer,0
.1.3.6.1.4.1.12148.10.15.19.5.1.2.6,Integer,0
.1.3.6.1.4.1.12148.10.15.19.5.1.2.7,Integer,0
.1.3.6.1.4.1.12148.10.15.19.5.1.2.8,Integer,0
.1.3.6.1.4.1.12148.10.15.19.5.1.2.9,Integer,0
.1.3.6.1.4.1.12148.10.15.19.5.1.2.10,Integer,0
.1.3.6.1.4.1.12148.10.15.19.5.1.2.11,Integer,0
.1.3.6.1.4.1.12148.10.15.19.5.1.2.12,Integer,0
.1.3.6.1.4.1.12148.10.15.19.5.1.2.13,Integer,0
.1.3.6.1.4.1.12148.10.15.19.5.1.2.14,Integer,0
.1.3.6.1.4.1.12148.10.15.19.5.1.2.15,Integer,0
.1.3.6.1.4.1.12148.10.15.19.5.1.2.16,Integer,0
.1.3.6.1.4.1.12148.10.15.19.5.1.2.17,Integer,0
.1.3.6.1.4.1.12148.10.15.19.5.1.2.18,Integer,0
.1.3.6.1.4.1.12148.10.15.19.5.1.2.19,Integer,0
.1.3.6.1.4.1.12148.10.15.19.5.1.2.20,Integer,0
.1.3.6.1.4.1.12148.10.15.19.5.1.2.21,Integer,0
.1.3.6.1.4.1.12148.10.15.19.5.1.2.22,Integer,0
.1.3.6.1.4.1.12148.10.15.19.5.1.2.23,Integer,0
.1.3.6.1.4.1.12148.10.15.19.5.1.2.24,Integer,0
.1.3.6.1.4.1.12148.10.15.19.5.1.2.25,Integer,0
.1.3.6.1.4.1.12148.10.15.19.5.1.2.26,Integer,0
.1.3.6.1.4.1.12148.10.15.19.5.1.2.27,Integer,0
.1.3.6.1.4.1.12148.10.15.19.5.1.2.28,Integer,0
.1.3.6.1.4.1.12148.10.15.19.5.1.2.29,Integer,0
.1.3.6.1.4.1.12148.10.15.19.5.1.2.30,Integer,0
.1.3.6.1.4.1.12148.10.15.19.5.1.2.31,Integer,0
.1.3.6.1.4.1.12148.10.15.19.5.1.2.32,Integer,0
.1.3.6.1.4.1.12148.10.15.19.5.1.2.33,Integer,0
.1.3.6.1.4.1.12148.10.15.19.5.1.2.34,Integer,0
.1.3.6.1.4.1.12148.10.15.19.5.1.2.35,Integer,0
.1.3.6.1.4.1.12148.10.15.19.5.1.2.36,Integer,0
.1.3.6.1.4.1.12148.10.15.19.5.1.2.37,Integer,0
.1.3.6.1.4.1.12148.10.15.19.5.1.2.38,Integer,0
.1.3.6.1.4.1.12148.10.15.19.5.1.2.39,Integer,0
.1.3.6.1.4.1.12148.10.15.19.5.1.2.40,Integer,0
.1.3.6.1.4.1.12148.10.15.19.5.1.2.41,Integer,0
.1.3.6.1.4.1.12148.10.15.19.5.1.2.42,Integer,0
.1.3.6.1.4.1.12148.10.15.19.5.1.2.43,Integer,0
.1.3.6.1.4.1.12148.10.15.19.5.1.2.44,Integer,0
.1.3.6.1.4.1.12148.10.15.19.5.1.2.45,Integer,0
.1.3.6.1.4.1.12148.10.15.19.5.1.2.46,Integer,0
.1.3.6.1.4.1.12148.10.15.19.5.1.2.47,Integer,0
.1.3.6.1.4.1.12148.10.15.19.5.1.2.48,Integer,0
.1.3.6.1.4.1.12148.10.15.19.5.1.2.49,Integer,0
.1.3.6.1.4.1.12148.10.15.19.5.1.2.50,Integer,0
.1.3.6.1.4.1.12148.10.15.19.5.1.2.51,Integer,0
.1.3.6.1.4.1.12148.10.15.19.5.1.2.52,Integer,0
.1.3.6.1.4.1.12148.10.15.19.6.0,Integer,52
.1.3.6.1.4.1.12148.10.15.19.7.1.2.1,Integer,0
.1.3.6.1.4.1.12148.10.15.19.7.1.2.2,Integer,0
.1.3.6.1.4.1.12148.10.15.19.7.1.2.3,Integer,0
.1.3.6.1.4.1.12148.10.15.19.7.1.2.4,Integer,0
.1.3.6.1.4.1.12148.10.15.19.7.1.2.5,Integer,0
.1.3.6.1.4.1.12148.10.15.19.7.1.2.6,Integer,0
.1.3.6.1.4.1.12148.10.15.19.7.1.2.7,Integer,0
.1.3.6.1.4.1.12148.10.15.19.7.1.2.8,Integer,0
.1.3.6.1.4.1.12148.10.15.19.7.1.2.9,Integer,0
.1.3.6.1.4.1.12148.10.15.19.7.1.2.10,Integer,0
.1.3.6.1.4.1.12148.10.15.19.7.1.2.11,Integer,0
.1.3.6.1.4.1.12148.10.15.19.7.1.2.12,Integer,0
.1.3.6.1.4.1.12148.10.15.19.7.1.2.13,Integer,0
.1.3.6.1.4.1.12148.10.15.19.7.1.2.14,Integer,0
.1.3.6.1.4.1.12148.10.15.19.7.1.2.15,Integer,0
.1.3.6.1.4.1.12148.10.15.19.7.1.2.16,Integer,0
.1.3.6.1.4.1.12148.10.15.19.7.1.2.17,Integer,0
.1.3.6.1.4.1.12148.10.15.19.7.1.2.18,Integer,0
.1.3.6.1.4.1.12148.10.15.19.7.1.2.19,Integer,0
.1.3.6.1.4.1.12148.10.15.19.7.1.2.20,Integer,0
.1.3.6.1.4.1.12148.10.15.19.7.1.2.21,Integer,0
.1.3.6.1.4.1.12148.10.15.19.7.1.2.22,Integer,0
.1.3.6.1.4.1.12148.10.15.19.7.1.2.23,Integer,0
.1.3.6.1.4.1.12148.10.15.19.7.1.2.24,Integer,0
.1.3.6.1.4.1.12148.10.15.19.7.1.2.25,Integer,0
.1.3.6.1.4.1.12148.10.15.19.7.1.2.26,Integer,0
.1.3.6.1.4.1.12148.10.15.19.7.1.2.27,Integer,0
.1.3.6.1.4.1.12148.10.15.19.7.1.2.28,Integer,0
.1.3.6.1.4.1.12148.10.15.19.7.1.2.29,Integer,0
.1.3.6.1.4.1.12148.10.15.19.7.1.2.30,Integer,0
.1.3.6.1.4.1.12148.10.15.19.7.1.2.31,Integer,0
.1.3.6.1.4.1.12148.10.15.19.7.1.2.32,Integer,0
.1.3.6.1.4.1.12148.10.15.19.7.1.2.33,Integer,0
.1.3.6.1.4.1.12148.10.15.19.7.1.2.34,Integer,0
.1.3.6.1.4.1.12148.10.15.19.7.1.2.35,Integer,0
.1.3.6.1.4.1.12148.10.15.19.7.1.2.36,Integer,0
.1.3.6.1.4.1.12148.10.15.19.7.1.2.37,Integer,0
.1.3.6.1.4.1.12148.10.15.19.7.1.2.38,Integer,0
.1.3.6.1.4.1.12148.10.15.19.7.1.2.39,Integer,0
.1.3.6.1.4.1.12148.10.15.19.7.1.2.40,Integer,0
.1.3.6.1.4.1.12148.10.15.19.7.1.2.41,Integer,0
.1.3.6.1.4.1.12148.10.15.19.7.1.2.42,Integer,0
.1.3.6.1.4.1.12148.10.15.19.7.1.2.43,Integer,0
.1.3.6.1.4.1.12148.10.15.19.7.1.2.44,Integer,0
.1.3.6.1.4.1.12148.10.15.19.7.1.2.45,Integer,0
.1.3.6.1.4.1.12148.10.15.19.7.1.2.46,Integer,0
.1.3.6.1.4.1.12148.10.15.19.7.1.2.47,Integer,0
.1.3.6.1.4.1.12148.10.15.19.7.1.2.48,Integer,0
.1.3.6.1.4.1.12148.10.15.19.7.1.2.49,Integer,0
.1.3.6.1.4.1.12148.10.15.19.7.1.2.50,Integer,0
.1.3.6.1.4.1.12148.10.15.19.7.1.2.51,Integer,0
.1.3.6.1.4.1.12148.10.15.19.7.1.2.52,Integer,0
.1.3.6.1.4.1.12148.10.15.20.1.0,Integer,0
.1.3.6.1.4.1.12148.10.15.20.2.0,Integer,52
.1.3.6.1.4.1.12148.10.15.20.3.1.2.1,Integer,0
.1.3.6.1.4.1.12148.10.15.20.3.1.2.2,Integer,0
.1.3.6.1.4.1.12148.10.15.20.3.1.2.3,Integer,0
.1.3.6.1.4.1.12148.10.15.20.3.1.2.4,Integer,0
.1.3.6.1.4.1.12148.10.15.20.3.1.2.5,Integer,0
.1.3.6.1.4.1.12148.10.15.20.3.1.2.6,Integer,0
.1.3.6.1.4.1.12148.10.15.20.3.1.2.7,Integer,0
.1.3.6.1.4.1.12148.10.15.20.3.1.2.8,Integer,0
.1.3.6.1.4.1.12148.10.15.20.3.1.2.9,Integer,0
.1.3.6.1.4.1.12148.10.15.20.3.1.2.10,Integer,0
.1.3.6.1.4.1.12148.10.15.20.3.1.2.11,Integer,0
.1.3.6.1.4.1.12148.10.15.20.3.1.2.12,Integer,0
.1.3.6.1.4.1.12148.10.15.20.3.1.2.13,Integer,0
.1.3.6.1.4.1.12148.10.15.20.3.1.2.14,Integer,0
.1.3.6.1.4.1.12148.10.15.20.3.1.2.15,Integer,0
.1.3.6.1.4.1.12148.10.15.20.3.1.2.16,Integer,0
.1.3.6.1.4.1.12148.10.15.20.3.1.2.17,Integer,0
.1.3.6.1.4.1.12148.10.15.20.3.1.2.18,Integer,0
.1.3.6.1.4.1.12148.10.15.20.3.1.2.19,Integer,0
.1.3.6.1.4.1.12148.10.15.20.3.1.2.20,Integer,0
.1.3.6.1.4.1.12148.10.15.20.3.1.2.21,Integer,0
.1.3.6.1.4.1.12148.10.15.20.3.1.2.22,Integer,0
.1.3.6.1.4.1.12148.10.15.20.3.1.2.23,Integer,0
.1.3.6.1.4.1.12148.10.15.20.3.1.2.24,Integer,0
.1.3.6.1.4.1.12148.10.15.20.3.1.2.25,Integer,0
.1.3.6.1.4.1.12148.10.15.20.3.1.2.26,Integer,0
.1.3.6.1.4.1.12148.10.15.20.3.1.2.27,Integer,0
.1.3.6.1.4.1.12148.10.15.20.3.1.2.28,Integer,0
.1.3.6.1.4.1.12148.10.15.20.3.1.2.29,Integer,0
.1.3.6.1.4.1.12148.10.15.20.3.1.2.30,Integer,0
.1.3.6.1.4.1.12148.10.15.20.3.1.2.31,Integer,0
.1.3.6.1.4.1.12148.10.15.20.3.1.2.32,Integer,0
.1.3.6.1.4.1.12148.10.15.20.3.1.2.33,Integer,0
.1.3.6.1.4.1.12148.10.15.20.3.1.2.34,Integer,0
.1.3.6.1.4.1.12148.10.15.20.3.1.2.35,Integer,0
.1.3.6.1.4.1.12148.10.15.20.3.1.2.36,Integer,0
.1.3.6.1.4.1.12148.10.15.20.3.1.2.37,Integer,0
.1.3.6.1.4.1.12148.10.15.20.3.1.2.38,Integer,0
.1.3.6.1.4.1.12148.10.15.20.3.1.2.39,Integer,0
.1.3.6.1.4.1.12148.10.15.20.3.1.2.40,Integer,0
.1.3.6.1.4.1.12148.10.15.20.3.1.2.41,Integer,0
.1.3.6.1.4.1.12148.10.15.20.3.1.2.42,Integer,0
.1.3.6.1.4.1.12148.10.15.20.3.1.2.43,Integer,0
.1.3.6.1.4.1.12148.10.15.20.3.1.2.44,Integer,0
.1.3.6.1.4.1.12148.10.15.20.3.1.2.45,Integer,0
.1.3.6.1.4.1.12148.10.15.20.3.1.2.46,Integer,0
.1.3.6.1.4.1.12148.10.15.20.3.1.2.47,Integer,0
.1.3.6.1.4.1.12148.10.15.20.3.1.2.48,Integer,0
.1.3.6.1.4.1.12148.10.15.20.3.1.2.49,Integer,0
.1.3.6.1.4.1.12148.10.15.20.3.1.2.50,Integer,0
.1.3.6.1.4.1.12148.10.15.20.3.1.2.51,Integer,0
.1.3.6.1.4.1.12148.10.15.20.3.1.2.52,Integer,0
.1.3.6.1.4.1.12148.10.15.20.4.0,Integer,52
.1.3.6.1.4.1.12148.10.15.20.5.1.2.1,Integer,0
.1.3.6.1.4.1.12148.10.15.20.5.1.2.2,Integer,0
.1.3.6.1.4.1.12148.10.15.20.5.1.2.3,Integer,0
.1.3.6.1.4.1.12148.10.15.20.5.1.2.4,Integer,0
.1.3.6.1.4.1.12148.10.15.20.5.1.2.5,Integer,0
.1.3.6.1.4.1.12148.10.15.20.5.1.2.6,Integer,0
.1.3.6.1.4.1.12148.10.15.20.5.1.2.7,Integer,0
.1.3.6.1.4.1.12148.10.15.20.5.1.2.8,Integer,0
.1.3.6.1.4.1.12148.10.15.20.5.1.2.9,Integer,0
.1.3.6.1.4.1.12148.10.15.20.5.1.2.10,Integer,0
.1.3.6.1.4.1.12148.10.15.20.5.1.2.11,Integer,0
.1.3.6.1.4.1.12148.10.15.20.5.1.2.12,Integer,0
.1.3.6.1.4.1.12148.10.15.20.5.1.2.13,Integer,0
.1.3.6.1.4.1.12148.10.15.20.5.1.2.14,Integer,0
.1.3.6.1.4.1.12148.10.15.20.5.1.2.15,Integer,0
.1.3.6.1.4.1.12148.10.15.20.5.1.2.16,Integer,0
.1.3.6.1.4.1.12148.10.15.20.5.1.2.17,Integer,0
.1.3.6.1.4.1.12148.10.15.20.5.1.2.18,Integer,0
.1.3.6.1.4.1.12148.10.15.20.5.1.2.19,Integer,0
.1.3.6.1.4.1.12148.10.15.20.5.1.2.20,Integer,0
.1.3.6.1.4.1.12148.10.15.20.5.1.2.21,Integer,0
.1.3.6.1.4.1.12148.10.15.20.5.1.2.22,Integer,0
.1.3.6.1.4.1.12148.10.15.20.5.1.2.23,Integer,0
.1.3.6.1.4.1.12148.10.15.20.5.1.2.24,Integer,0
.1.3.6.1.4.1.12148.10.15.20.5.1.2.25,Integer,0
.1.3.6.1.4.1.12148.10.15.20.5.1.2.26,Integer,0
.1.3.6.1.4.1.12148.10.15.20.5.1.2.27,Integer,0
.1.3.6.1.4.1.12148.10.15.20.5.1.2.28,Integer,0
.1.3.6.1.4.1.12148.10.15.20.5.1.2.29,Integer,0
.1.3.6.1.4.1.12148.10.15.20.5.1.2.30,Integer,0
.1.3.6.1.4.1.12148.10.15.20.5.1.2.31,Integer,0
.1.3.6.1.4.1.12148.10.15.20.5.1.2.32,Integer,0
.1.3.6.1.4.1.12148.10.15.20.5.1.2.33,Integer,0
.1.3.6.1.4.1.12148.10.15.20.5.1.2.34,Integer,0
.1.3.6.1.4.1.12148.10.15.20.5.1.2.35,Integer,0
.1.3.6.1.4.1.12148.10.15.20.5.1.2.36,Integer,0
.1.3.6.1.4.1.12148.10.15.20.5.1.2.37,Integer,0
.1.3.6.1.4.1.12148.10.15.20.5.1.2.38,Integer,0
.1.3.6.1.4.1.12148.10.15.20.5.1.2.39,Integer,0
.1.3.6.1.4.1.12148.10.15.20.5.1.2.40,Integer,0
.1.3.6.1.4.1.12148.10.15.20.5.1.2.41,Integer,0
.1.3.6.1.4.1.12148.10.15.20.5.1.2.42,Integer,0
.1.3.6.1.4.1.12148.10.15.20.5.1.2.43,Integer,0
.1.3.6.1.4.1.12148.10.15.20.5.1.2.44,Integer,0
.1.3.6.1.4.1.12148.10.15.20.5.1.2.45,Integer,0
.1.3.6.1.4.1.12148.10.15.20.5.1.2.46,Integer,0
.1.3.6.1.4.1.12148.10.15.20.5.1.2.47,Integer,0
.1.3.6.1.4.1.12148.10.15.20.5.1.2.48,Integer,0
.1.3.6.1.4.1.12148.10.15.20.5.1.2.49,Integer,0
.1.3.6.1.4.1.12148.10.15.20.5.1.2.50,Integer,0
.1.3.6.1.4.1.12148.10.15.20.5.1.2.51,Integer,0
.1.3.6.1.4.1.12148.10.15.20.5.1.2.52,Integer,0
.1.3.6.1.4.1.12148.10.15.20.6.0,Integer,52
.1.3.6.1.4.1.12148.10.15.20.7.1.2.1,Integer,0
.1.3.6.1.4.1.12148.10.15.20.7.1.2.2,Integer,0
.1.3.6.1.4.1.12148.10.15.20.7.1.2.3,Integer,0
.1.3.6.1.4.1.12148.10.15.20.7.1.2.4,Integer,0
.1.3.6.1.4.1.12148.10.15.20.7.1.2.5,Integer,0
.1.3.6.1.4.1.12148.10.15.20.7.1.2.6,Integer,0
.1.3.6.1.4.1.12148.10.15.20.7.1.2.7,Integer,0
.1.3.6.1.4.1.12148.10.15.20.7.1.2.8,Integer,0
.1.3.6.1.4.1.12148.10.15.20.7.1.2.9,Integer,0
.1.3.6.1.4.1.12148.10.15.20.7.1.2.10,Integer,0
.1.3.6.1.4.1.12148.10.15.20.7.1.2.11,Integer,0
.1.3.6.1.4.1.12148.10.15.20.7.1.2.12,Integer,0
.1.3.6.1.4.1.12148.10.15.20.7.1.2.13,Integer,0
.1.3.6.1.4.1.12148.10.15.20.7.1.2.14,Integer,0
.1.3.6.1.4.1.12148.10.15.20.7.1.2.15,Integer,0
.1.3.6.1.4.1.12148.10.15.20.7.1.2.16,Integer,0
.1.3.6.1.4.1.12148.10.15.20.7.1.2.17,Integer,0
.1.3.6.1.4.1.12148.10.15.20.7.1.2.18,Integer,0
.1.3.6.1.4.1.12148.10.15.20.7.1.2.19,Integer,0
.1.3.6.1.4.1.12148.10.15.20.7.1.2.20,Integer,0
.1.3.6.1.4.1.12148.10.15.20.7.1.2.21,Integer,0
.1.3.6.1.4.1.12148.10.15.20.7.1.2.22,Integer,0
.1.3.6.1.4.1.12148.10.15.20.7.1.2.23,Integer,0
.1.3.6.1.4.1.12148.10.15.20.7.1.2.24,Integer,0
.1.3.6.1.4.1.12148.10.15.20.7.1.2.25,Integer,0
.1.3.6.1.4.1.12148.10.15.20.7.1.2.26,Integer,0
.1.3.6.1.4.1.12148.10.15.20.7.1.2.27,Integer,0
.1.3.6.1.4.1.12148.10.15.20.7.1.2.28,Integer,0
.1.3.6.1.4.1.12148.10.15.20.7.1.2.29,Integer,0
.1.3.6.1.4.1.12148.10.15.20.7.1.2.30,Integer,0
.1.3.6.1.4.1.12148.10.15.20.7.1.2.31,Integer,0
.1.3.6.1.4.1.12148.10.15.20.7.1.2.32,Integer,0
.1.3.6.1.4.1.12148.10.15.20.7.1.2.33,Integer,0
.1.3.6.1.4.1.12148.10.15.20.7.1.2.34,Integer,0
.1.3.6.1.4.1.12148.10.15.20.7.1.2.35,Integer,0
.1.3.6.1.4.1.12148.10.15.20.7.1.2.36,Integer,0
.1.3.6.1.4.1.12148.10.15.20.7.1.2.37,Integer,0
.1.3.6.1.4.1.12148.10.15.20.7.1.2.38,Integer,0
.1.3.6.1.4.1.12148.10.15.20.7.1.2.39,Integer,0
.1.3.6.1.4.1.12148.10.15.20.7.1.2.40,Integer,0
.1.3.6.1.4.1.12148.10.15.20.7.1.2.41,Integer,0
.1.3.6.1.4.1.12148.10.15.20.7.1.2.42,Integer,0
.1.3.6.1.4.1.12148.10.15.20.7.1.2.43,Integer,0
.1.3.6.1.4.1.12148.10.15.20.7.1.2.44,Integer,0
.1.3.6.1.4.1.12148.10.15.20.7.1.2.45,Integer,0
.1.3.6.1.4.1.12148.10.15.20.7.1.2.46,Integer,0
.1.3.6.1.4.1.12148.10.15.20.7.1.2.47,Integer,0
.1.3.6.1.4.1.12148.10.15.20.7.1.2.48,Integer,0
.1.3.6.1.4.1.12148.10.15.20.7.1.2.49,Integer,0
.1.3.6.1.4.1.12148.10.15.20.7.1.2.50,Integer,0
.1.3.6.1.4.1.12148.10.15.20.7.1.2.51,Integer,0
.1.3.6.1.4.1.12148.10.15.20.7.1.2.52,Integer,0
.1.3.6.1.4.1.12148.10.15.21.1.0,Integer,0
.1.3.6.1.4.1.12148.10.15.21.2.0,Integer,0
.1.3.6.1.4.1.12148.10.15.21.3.0,Integer,0
.1.3.6.1.4.1.12148.10.15.21.4.0,Integer,0
.1.3.6.1.4.1.12148.10.15.22.1.0,Integer,0
.1.3.6.1.4.1.12148.10.15.22.2.0,OctetString,""" """
.1.3.6.1.4.1.12148.10.15.22.4.0,Integer,0
.1.3.6.1.4.1.12148.10.15.22.5.0,Integer,0
.1.3.6.1.4.1.12148.10.15.22.6.0,Integer,0
.1.3.6.1.4.1.12148.10.15.22.7.0,Integer,0
.1.3.6.1.4.1.12148.10.15.23.1.0,Integer,0
.1.3.6.1.4.1.12148.10.15.23.2.0,OctetString,""" """
.1.3.6.1.4.1.12148.10.15.23.4.0,Integer,0
.1.3.6.1.4.1.12148.10.15.23.5.0,Integer,0
.1.3.6.1.4.1.12148.10.15.23.6.0,Integer,0
.1.3.6.1.4.1.12148.10.15.23.7.0,Integer,0
.1.3.6.1.4.1.12148.10.16.1.0,Integer,0
.1.3.6.1.4.1.12148.10.16.2.1.0,Integer,0
.1.3.6.1.4.1.12148.10.16.2.2.0,OctetString,""" """
.1.3.6.1.4.1.12148.10.16.2.4.0,Integer,0
.1.3.6.1.4.1.12148.10.16.2.5.0,Integer,0
.1.3.6.1.4.1.12148.10.16.2.6.0,Integer,0
.1.3.6.1.4.1.12148.10.16.2.7.0,Integer,0
.1.3.6.1.4.1.12148.10.16.3.1.0,Integer,0
.1.3.6.1.4.1.12148.10.16.3.2.0,OctetString,""" """
.1.3.6.1.4.1.12148.10.16.3.4.0,Integer,0
.1.3.6.1.4.1.12148.10.16.3.5.0,Integer,0
.1.3.6.1.4.1.12148.10.16.3.6.0,Integer,0
.1.3.6.1.4.1.12148.10.16.3.7.0,Integer,0
.1.3.6.1.4.1.12148.10.16.3.8.0,Integer,0
.1.3.6.1.4.1.12148.10.16.3.9.0,Integer,0
.1.3.6.1.4.1.12148.10.16.4.1.0,Integer,0
.1.3.6.1.4.1.12148.10.16.4.2.0,OctetString,""" """
.1.3.6.1.4.1.12148.10.16.4.4.0,Integer,0
.1.3.6.1.4.1.12148.10.16.4.5.0,Integer,0
.1.3.6.1.4.1.12148.10.16.4.6.0,Integer,0
.1.3.6.1.4.1.12148.10.16.4.7.0,Integer,0
.1.3.6.1.4.1.12148.10.16.5.1.0,Integer,0
.1.3.6.1.4.1.12148.10.16.5.2.0,OctetString,""" """
.1.3.6.1.4.1.12148.10.16.5.4.0,Integer,0
.1.3.6.1.4.1.12148.10.16.5.5.0,Integer,0
.1.3.6.1.4.1.12148.10.16.5.6.0,Integer,0
.1.3.6.1.4.1.12148.10.16.5.7.0,Integer,0
.1.3.6.1.4.1.12148.10.16.6.1.0,Integer,0
.1.3.6.1.4.1.12148.10.16.6.2.0,OctetString,""" """
.1.3.6.1.4.1.12148.10.16.6.4.0,Integer,0
.1.3.6.1.4.1.12148.10.16.6.5.0,Integer,0
.1.3.6.1.4.1.12148.10.16.6.6.0,Integer,0
.1.3.6.1.4.1.12148.10.16.6.7.0,Integer,0
.1.3.6.1.4.1.12148.10.16.7.1.0,Integer,0
.1.3.6.1.4.1.12148.10.16.7.2.0,OctetString,""" """
.1.3.6.1.4.1.12148.10.16.7.4.0,Integer,0
.1.3.6.1.4.1.12148.10.16.7.5.0,Integer,0
.1.3.6.1.4.1.12148.10.16.7.6.0,Integer,0
.1.3.6.1.4.1.12148.10.16.7.7.0,Integer,0
.1.3.6.1.4.1.12148.10.16.7.8.0,Integer,0
.1.3.6.1.4.1.12148.10.16.7.9.0,Integer,0
.1.3.6.1.4.1.12148.10.16.8.1.0,Integer,0
.1.3.6.1.4.1.12148.10.16.8.2.0,OctetString,""" """
.1.3.6.1.4.1.12148.10.16.8.4.0,Integer,0
.1.3.6.1.4.1.12148.10.16.8.5.0,Integer,0
.1.3.6.1.4.1.12148.10.16.8.6.0,Integer,0
.1.3.6.1.4.1.12148.10.16.8.7.0,Integer,0
.1.3.6.1.4.1.12148.10.16.8.8.0,Integer,0
.1.3.6.1.4.1.12148.10.16.8.9.0,Integer,0
.1.3.6.1.4.1.12148.10.16.9.1.0,Integer,0
.1.3.6.1.4.1.12148.10.16.9.2.0,OctetString,""" """
.1.3.6.1.4.1.12148.10.16.9.4.0,Integer,0
.1.3.6.1.4.1.12148.10.16.9.5.0,Integer,0
.1.3.6.1.4.1.12148.10.16.9.6.0,Integer,0
.1.3.6.1.4.1.12148.10.16.9.7.0,Integer,0
.1.3.6.1.4.1.12148.10.16.9.8.0,Integer,0
.1.3.6.1.4.1.12148.10.16.9.9.0,Integer,0
.1.3.6.1.4.1.12148.10.16.10.1.0,Integer,0
.1.3.6.1.4.1.12148.10.16.10.2.0,OctetString,""" """
.1.3.6.1.4.1.12148.10.16.10.4.0,Integer,0
.1.3.6.1.4.1.12148.10.16.10.5.0,Integer,0
.1.3.6.1.4.1.12148.10.16.10.6.0,Integer,0
.1.3.6.1.4.1.12148.10.16.10.7.0,Integer,0
.1.3.6.1.4.1.12148.10.16.10.8.0,Integer,0
.1.3.6.1.4.1.12148.10.16.10.9.0,Integer,0
.1.3.6.1.4.1.12148.10.16.11.0,Integer,0
.1.3.6.1.4.1.12148.10.18.1.0,Integer,1
.1.3.6.1.4.1.12148.10.18.2.1.0,Integer,4
.1.3.6.1.4.1.12148.10.18.2.2.0,OctetString,"""Recv.DC current """
.1.3.6.1.4.1.12148.10.18.2.4.0,Integer,0
.1.3.6.1.4.1.12148.10.18.2.5.0,Integer,0
.1.3.6.1.4.1.12148.10.18.2.6.0,Integer,2000
.1.3.6.1.4.1.12148.10.18.2.7.0,Integer,1000
.1.3.6.1.4.1.12148.10.18.3.1.0,Integer,1
.1.3.6.1.4.1.12148.10.18.3.2.0,OctetString,"""Recv.error      """
.1.3.6.1.4.1.12148.10.18.3.4.0,Integer,1
.1.3.6.1.4.1.12148.10.18.3.5.0,Integer,0
.1.3.6.1.4.1.12148.10.18.3.6.0,Integer,2
.1.3.6.1.4.1.12148.10.18.3.7.0,Integer,1
.1.3.6.1.4.1.12148.10.18.4.1.0,Integer,4
.1.3.6.1.4.1.12148.10.18.4.2.0,OctetString,"""Recv.temp       """
.1.3.6.1.4.1.12148.10.18.4.4.0,Integer,0
.1.3.6.1.4.1.12148.10.18.4.5.0,Integer,0
.1.3.6.1.4.1.12148.10.18.4.6.0,Integer,80
.1.3.6.1.4.1.12148.10.18.4.7.0,Integer,70
.1.3.6.1.4.1.12148.10.18.4.8.0,Integer,-5
.1.3.6.1.4.1.12148.10.18.4.9.0,Integer,-10
.1.3.6.1.4.1.12148.10.18.5.1.0,Integer,4
.1.3.6.1.4.1.12148.10.18.5.2.0,OctetString,"""Recv.L1 current """
.1.3.6.1.4.1.12148.10.18.5.4.0,Integer,0
.1.3.6.1.4.1.12148.10.18.5.5.0,Integer,0
.1.3.6.1.4.1.12148.10.18.5.6.0,Integer,2000
.1.3.6.1.4.1.12148.10.18.5.7.0,Integer,1000
.1.3.6.1.4.1.12148.10.18.6.1.0,Integer,4
.1.3.6.1.4.1.12148.10.18.6.2.0,OctetString,"""Recv.L2 current """
.1.3.6.1.4.1.12148.10.18.6.4.0,Integer,0
.1.3.6.1.4.1.12148.10.18.6.5.0,Integer,0
.1.3.6.1.4.1.12148.10.18.6.6.0,Integer,2000
.1.3.6.1.4.1.12148.10.18.6.7.0,Integer,1000
.1.3.6.1.4.1.12148.10.18.7.1.0,Integer,4
.1.3.6.1.4.1.12148.10.18.7.2.0,OctetString,"""Recv.L3 current """
.1.3.6.1.4.1.12148.10.18.7.4.0,Integer,0
.1.3.6.1.4.1.12148.10.18.7.5.0,Integer,0
.1.3.6.1.4.1.12148.10.18.7.6.0,Integer,2000
.1.3.6.1.4.1.12148.10.18.7.7.0,Integer,1000
.1.3.6.1.4.1.12148.10.18.8.1.0,Integer,4
.1.3.6.1.4.1.12148.10.18.8.2.0,OctetString,"""Recv.L1 voltage """
.1.3.6.1.4.1.12148.10.18.8.4.0,Integer,0
.1.3.6.1.4.1.12148.10.18.8.5.0,Integer,0
.1.3.6.1.4.1.12148.10.18.8.6.0,Integer,250
.1.3.6.1.4.1.12148.10.18.8.7.0,Integer,245
.1.3.6.1.4.1.12148.10.18.8.8.0,Integer,195
.1.3.6.1.4.1.12148.10.18.8.9.0,Integer,190
.1.3.6.1.4.1.12148.10.18.9.1.0,Integer,4
.1.3.6.1.4.1.12148.10.18.9.2.0,OctetString,"""Recv.L2 voltage """
.1.3.6.1.4.1.12148.10.18.9.4.0,Integer,0
.1.3.6.1.4.1.12148.10.18.9.5.0,Integer,0
.1.3.6.1.4.1.12148.10.18.9.6.0,Integer,250
.1.3.6.1.4.1.12148.10.18.9.7.0,Integer,245
.1.3.6.1.4.1.12148.10.18.9.8.0,Integer,195
.1.3.6.1.4.1.12148.10.18.9.9.0,Integer,190
.1.3.6.1.4.1.12148.10.18.10.1.0,Integer,4
.1.3.6.1.4.1.12148.10.18.10.2.0,OctetString,"""Recv.L3 voltage """
.1.3.6.1.4.1.12148.10.18.10.4.0,Integer,0
.1.3.6.1.4.1.12148.10.18.10.5.0,Integer,0
.1.3.6.1.4.1.12148.10.18.10.6.0,Integer,250
.1.3.6.1.4.1.12148.10.18.10.7.0,Integer,245
.1.3.6.1.4.1.12148.10.18.10.8.0,Integer,195
.1.3.6.1.4.1.12148.10.18.10.9.0,Integer,190
.1.3.6.1.4.1.12148.10.18.11.1.0,Integer,4
.1.3.6.1.4.1.12148.10.18.11.2.0,OctetString,"""Recv.freqDev    """
.1.3.6.1.4.1.12148.10.18.11.4.0,Integer,0
.1.3.6.1.4.1.12148.10.18.11.5.0,Integer,0
.1.3.6.1.4.1.12148.10.18.11.6.0,Integer,200
.1.3.6.1.4.1.12148.10.18.11.7.0,Integer,100
.1.3.6.1.4.1.12148.10.18.11.8.0,Integer,-100
.1.3.6.1.4.1.12148.10.18.11.9.0,Integer,-200
.1.3.6.1.4.1.12148.10.18.12.0,Integer,0
.1.3.6.1.4.1.12148.10.18.13.0,Integer,230
.1.3.6.1.4.1.12148.10.18.14.0,Integer,5000
.1.3.6.1.4.1.12148.10.18.15.1.0,Integer,0
.1.3.6.1.4.1.12148.10.18.15.2.0,Integer,52
.1.3.6.1.4.1.12148.10.18.15.3.1.2.1,Integer,0
.1.3.6.1.4.1.12148.10.18.15.3.1.2.2,Integer,0
.1.3.6.1.4.1.12148.10.18.15.3.1.2.3,Integer,0
.1.3.6.1.4.1.12148.10.18.15.3.1.2.4,Integer,0
.1.3.6.1.4.1.12148.10.18.15.3.1.2.5,Integer,0
.1.3.6.1.4.1.12148.10.18.15.3.1.2.6,Integer,0
.1.3.6.1.4.1.12148.10.18.15.3.1.2.7,Integer,0
.1.3.6.1.4.1.12148.10.18.15.3.1.2.8,Integer,0
.1.3.6.1.4.1.12148.10.18.15.3.1.2.9,Integer,0
.1.3.6.1.4.1.12148.10.18.15.3.1.2.10,Integer,0
.1.3.6.1.4.1.12148.10.18.15.3.1.2.11,Integer,0
.1.3.6.1.4.1.12148.10.18.15.3.1.2.12,Integer,0
.1.3.6.1.4.1.12148.10.18.15.3.1.2.13,Integer,0
.1.3.6.1.4.1.12148.10.18.15.3.1.2.14,Integer,0
.1.3.6.1.4.1.12148.10.18.15.3.1.2.15,Integer,0
.1.3.6.1.4.1.12148.10.18.15.3.1.2.16,Integer,0
.1.3.6.1.4.1.12148.10.18.15.3.1.2.17,Integer,0
.1.3.6.1.4.1.12148.10.18.15.3.1.2.18,Integer,0
.1.3.6.1.4.1.12148.10.18.15.3.1.2.19,Integer,0
.1.3.6.1.4.1.12148.10.18.15.3.1.2.20,Integer,0
.1.3.6.1.4.1.12148.10.18.15.3.1.2.21,Integer,0
.1.3.6.1.4.1.12148.10.18.15.3.1.2.22,Integer,0
.1.3.6.1.4.1.12148.10.18.15.3.1.2.23,Integer,0
.1.3.6.1.4.1.12148.10.18.15.3.1.2.24,Integer,0
.1.3.6.1.4.1.12148.10.18.15.3.1.2.25,Integer,0
.1.3.6.1.4.1.12148.10.18.15.3.1.2.26,Integer,0
.1.3.6.1.4.1.12148.10.18.15.3.1.2.27,Integer,0
.1.3.6.1.4.1.12148.10.18.15.3.1.2.28,Integer,0
.1.3.6.1.4.1.12148.10.18.15.3.1.2.29,Integer,0
.1.3.6.1.4.1.12148.10.18.15.3.1.2.30,Integer,0
.1.3.6.1.4.1.12148.10.18.15.3.1.2.31,Integer,0
.1.3.6.1.4.1.12148.10.18.15.3.1.2.32,Integer,0
.1.3.6.1.4.1.12148.10.18.15.3.1.2.33,Integer,0
.1.3.6.1.4.1.12148.10.18.15.3.1.2.34,Integer,0
.1.3.6.1.4.1.12148.10.18.15.3.1.2.35,Integer,0
.1.3.6.1.4.1.12148.10.18.15.3.1.2.36,Integer,0
.1.3.6.1.4.1.12148.10.18.15.3.1.2.37,Integer,0
.1.3.6.1.4.1.12148.10.18.15.3.1.2.38,Integer,0
.1.3.6.1.4.1.12148.10.18.15.3.1.2.39,Integer,0
.1.3.6.1.4.1.12148.10.18.15.3.1.2.40,Integer,0
.1.3.6.1.4.1.12148.10.18.15.3.1.2.41,Integer,0
.1.3.6.1.4.1.12148.10.18.15.3.1.2.42,Integer,0
.1.3.6.1.4.1.12148.10.18.15.3.1.2.43,Integer,0
.1.3.6.1.4.1.12148.10.18.15.3.1.2.44,Integer,0
.1.3.6.1.4.1.12148.10.18.15.3.1.2.45,Integer,0
.1.3.6.1.4.1.12148.10.18.15.3.1.2.46,Integer,0
.1.3.6.1.4.1.12148.10.18.15.3.1.2.47,Integer,0
.1.3.6.1.4.1.12148.10.18.15.3.1.2.48,Integer,0
.1.3.6.1.4.1.12148.10.18.15.3.1.2.49,Integer,0
.1.3.6.1.4.1.12148.10.18.15.3.1.2.50,Integer,0
.1.3.6.1.4.1.12148.10.18.15.3.1.2.51,Integer,0
.1.3.6.1.4.1.12148.10.18.15.3.1.2.52,Integer,0
.1.3.6.1.4.1.12148.10.18.15.4.0,Integer,52
.1.3.6.1.4.1.12148.10.18.15.5.1.2.1,Integer,0
.1.3.6.1.4.1.12148.10.18.15.5.1.2.2,Integer,0
.1.3.6.1.4.1.12148.10.18.15.5.1.2.3,Integer,0
.1.3.6.1.4.1.12148.10.18.15.5.1.2.4,Integer,0
.1.3.6.1.4.1.12148.10.18.15.5.1.2.5,Integer,0
.1.3.6.1.4.1.12148.10.18.15.5.1.2.6,Integer,0
.1.3.6.1.4.1.12148.10.18.15.5.1.2.7,Integer,0
.1.3.6.1.4.1.12148.10.18.15.5.1.2.8,Integer,0
.1.3.6.1.4.1.12148.10.18.15.5.1.2.9,Integer,0
.1.3.6.1.4.1.12148.10.18.15.5.1.2.10,Integer,0
.1.3.6.1.4.1.12148.10.18.15.5.1.2.11,Integer,0
.1.3.6.1.4.1.12148.10.18.15.5.1.2.12,Integer,0
.1.3.6.1.4.1.12148.10.18.15.5.1.2.13,Integer,0
.1.3.6.1.4.1.12148.10.18.15.5.1.2.14,Integer,0
.1.3.6.1.4.1.12148.10.18.15.5.1.2.15,Integer,0
.1.3.6.1.4.1.12148.10.18.15.5.1.2.16,Integer,0
.1.3.6.1.4.1.12148.10.18.15.5.1.2.17,Integer,0
.1.3.6.1.4.1.12148.10.18.15.5.1.2.18,Integer,0
.1.3.6.1.4.1.12148.10.18.15.5.1.2.19,Integer,0
.1.3.6.1.4.1.12148.10.18.15.5.1.2.20,Integer,0
.1.3.6.1.4.1.12148.10.18.15.5.1.2.21,Integer,0
.1.3.6.1.4.1.12148.10.18.15.5.1.2.22,Integer,0
.1.3.6.1.4.1.12148.10.18.15.5.1.2.23,Integer,0
.1.3.6.1.4.1.12148.10.18.15.5.1.2.24,Integer,0
.1.3.6.1.4.1.12148.10.18.15.5.1.2.25,Integer,0
.1.3.6.1.4.1.12148.10.18.15.5.1.2.26,Integer,0
.1.3.6.1.4.1.12148.10.18.15.5.1.2.27,Integer,0
.1.3.6.1.4.1.12148.10.18.15.5.1.2.28,Integer,0
.1.3.6.1.4.1.12148.10.18.15.5.1.2.29,Integer,0
.1.3.6.1.4.1.12148.10.18.15.5.1.2.30,Integer,0
.1.3.6.1.4.1.12148.10.18.15.5.1.2.31,Integer,0
.1.3.6.1.4.1.12148.10.18.15.5.1.2.32,Integer,0
.1.3.6.1.4.1.12148.10.18.15.5.1.2.33,Integer,0
.1.3.6.1.4.1.12148.10.18.15.5.1.2.34,Integer,0
.1.3.6.1.4.1.12148.10.18.15.5.1.2.35,Integer,0
.1.3.6.1.4.1.12148.10.18.15.5.1.2.36,Integer,0
.1.3.6.1.4.1.12148.10.18.15.5.1.2.37,Integer,0
.1.3.6.1.4.1.12148.10.18.15.5.1.2.38,Integer,0
.1.3.6.1.4.1.12148.10.18.15.5.1.2.39,Integer,0
.1.3.6.1.4.1.12148.10.18.15.5.1.2.40,Integer,0
.1.3.6.1.4.1.12148.10.18.15.5.1.2.41,Integer,0
.1.3.6.1.4.1.12148.10.18.15.5.1.2.42,Integer,0
.1.3.6.1.4.1.12148.10.18.15.5.1.2.43,Integer,0
.1.3.6.1.4.1.12148.10.18.15.5.1.2.44,Integer,0
.1.3.6.1.4.1.12148.10.18.15.5.1.2.45,Integer,0
.1.3.6.1.4.1.12148.10.18.15.5.1.2.46,Integer,0
.1.3.6.1.4.1.12148.10.18.15.5.1.2.47,Integer,0
.1.3.6.1.4.1.12148.10.18.15.5.1.2.48,Integer,0
.1.3.6.1.4.1.12148.10.18.15.5.1.2.49,Integer,0
.1.3.6.1.4.1.12148.10.18.15.5.1.2.50,Integer,0
.1.3.6.1.4.1.12148.10.18.15.5.1.2.51,Integer,0
.1.3.6.1.4.1.12148.10.18.15.5.1.2.52,Integer,0
.1.3.6.1.4.1.12148.10.18.15.6.0,Integer,52
.1.3.6.1.4.1.12148.10.18.15.7.1.2.1,Integer,0
.1.3.6.1.4.1.12148.10.18.15.7.1.2.2,Integer,0
.1.3.6.1.4.1.12148.10.18.15.7.1.2.3,Integer,0
.1.3.6.1.4.1.12148.10.18.15.7.1.2.4,Integer,0
.1.3.6.1.4.1.12148.10.18.15.7.1.2.5,Integer,0
.1.3.6.1.4.1.12148.10.18.15.7.1.2.6,Integer,0
.1.3.6.1.4.1.12148.10.18.15.7.1.2.7,Integer,0
.1.3.6.1.4.1.12148.10.18.15.7.1.2.8,Integer,0
.1.3.6.1.4.1.12148.10.18.15.7.1.2.9,Integer,0
.1.3.6.1.4.1.12148.10.18.15.7.1.2.10,Integer,0
.1.3.6.1.4.1.12148.10.18.15.7.1.2.11,Integer,0
.1.3.6.1.4.1.12148.10.18.15.7.1.2.12,Integer,0
.1.3.6.1.4.1.12148.10.18.15.7.1.2.13,Integer,0
.1.3.6.1.4.1.12148.10.18.15.7.1.2.14,Integer,0
.1.3.6.1.4.1.12148.10.18.15.7.1.2.15,Integer,0
.1.3.6.1.4.1.12148.10.18.15.7.1.2.16,Integer,0
.1.3.6.1.4.1.12148.10.18.15.7.1.2.17,Integer,0
.1.3.6.1.4.1.12148.10.18.15.7.1.2.18,Integer,0
.1.3.6.1.4.1.12148.10.18.15.7.1.2.19,Integer,0
.1.3.6.1.4.1.12148.10.18.15.7.1.2.20,Integer,0
.1.3.6.1.4.1.12148.10.18.15.7.1.2.21,Integer,0
.1.3.6.1.4.1.12148.10.18.15.7.1.2.22,Integer,0
.1.3.6.1.4.1.12148.10.18.15.7.1.2.23,Integer,0
.1.3.6.1.4.1.12148.10.18.15.7.1.2.24,Integer,0
.1.3.6.1.4.1.12148.10.18.15.7.1.2.25,Integer,0
.1.3.6.1.4.1.12148.10.18.15.7.1.2.26,Integer,0
.1.3.6.1.4.1.12148.10.18.15.7.1.2.27,Integer,0
.1.3.6.1.4.1.12148.10.18.15.7.1.2.28,Integer,0
.1.3.6.1.4.1.12148.10.18.15.7.1.2.29,Integer,0
.1.3.6.1.4.1.12148.10.18.15.7.1.2.30,Integer,0
.1.3.6.1.4.1.12148.10.18.15.7.1.2.31,Integer,0
.1.3.6.1.4.1.12148.10.18.15.7.1.2.32,Integer,0
.1.3.6.1.4.1.12148.10.18.15.7.1.2.33,Integer,0
.1.3.6.1.4.1.12148.10.18.15.7.1.2.34,Integer,0
.1.3.6.1.4.1.12148.10.18.15.7.1.2.35,Integer,0
.1.3.6.1.4.1.12148.10.18.15.7.1.2.36,Integer,0
.1.3.6.1.4.1.12148.10.18.15.7.1.2.37,Integer,0
.1.3.6.1.4.1.12148.10.18.15.7.1.2.38,Integer,0
.1.3.6.1.4.1.12148.10.18.15.7.1.2.39,Integer,0
.1.3.6.1.4.1.12148.10.18.15.7.1.2.40,Integer,0
.1.3.6.1.4.1.12148.10.18.15.7.1.2.41,Integer,0
.1.3.6.1.4.1.12148.10.18.15.7.1.2.42,Integer,0
.1.3.6.1.4.1.12148.10.18.15.7.1.2.43,Integer,0
.1.3.6.1.4.1.12148.10.18.15.7.1.2.44,Integer,0
.1.3.6.1.4.1.12148.10.18.15.7.1.2.45,Integer,0
.1.3.6.1.4.1.12148.10.18.15.7.1.2.46,Integer,0
.1.3.6.1.4.1.12148.10.18.15.7.1.2.47,Integer,0
.1.3.6.1.4.1.12148.10.18.15.7.1.2.48,Integer,0
.1.3.6.1.4.1.12148.10.18.15.7.1.2.49,Integer,0
.1.3.6.1.4.1.12148.10.18.15.7.1.2.50,Integer,0
.1.3.6.1.4.1.12148.10.18.15.7.1.2.51,Integer,0
.1.3.6.1.4.1.12148.10.18.15.7.1.2.52,Integer,0
.1.3.6.1.4.1.12148.10.18.16.1.0,Integer,0
.1.3.6.1.4.1.12148.10.18.16.2.0,Integer,52
.1.3.6.1.4.1.12148.10.18.16.3.1.2.1,Integer,0
.1.3.6.1.4.1.12148.10.18.16.3.1.2.2,Integer,0
.1.3.6.1.4.1.12148.10.18.16.3.1.2.3,Integer,0
.1.3.6.1.4.1.12148.10.18.16.3.1.2.4,Integer,0
.1.3.6.1.4.1.12148.10.18.16.3.1.2.5,Integer,0
.1.3.6.1.4.1.12148.10.18.16.3.1.2.6,Integer,0
.1.3.6.1.4.1.12148.10.18.16.3.1.2.7,Integer,0
.1.3.6.1.4.1.12148.10.18.16.3.1.2.8,Integer,0
.1.3.6.1.4.1.12148.10.18.16.3.1.2.9,Integer,0
.1.3.6.1.4.1.12148.10.18.16.3.1.2.10,Integer,0
.1.3.6.1.4.1.12148.10.18.16.3.1.2.11,Integer,0
.1.3.6.1.4.1.12148.10.18.16.3.1.2.12,Integer,0
.1.3.6.1.4.1.12148.10.18.16.3.1.2.13,Integer,0
.1.3.6.1.4.1.12148.10.18.16.3.1.2.14,Integer,0
.1.3.6.1.4.1.12148.10.18.16.3.1.2.15,Integer,0
.1.3.6.1.4.1.12148.10.18.16.3.1.2.16,Integer,0
.1.3.6.1.4.1.12148.10.18.16.3.1.2.17,Integer,0
.1.3.6.1.4.1.12148.10.18.16.3.1.2.18,Integer,0
.1.3.6.1.4.1.12148.10.18.16.3.1.2.19,Integer,0
.1.3.6.1.4.1.12148.10.18.16.3.1.2.20,Integer,0
.1.3.6.1.4.1.12148.10.18.16.3.1.2.21,Integer,0
.1.3.6.1.4.1.12148.10.18.16.3.1.2.22,Integer,0
.1.3.6.1.4.1.12148.10.18.16.3.1.2.23,Integer,0
.1.3.6.1.4.1.12148.10.18.16.3.1.2.24,Integer,0
.1.3.6.1.4.1.12148.10.18.16.3.1.2.25,Integer,0
.1.3.6.1.4.1.12148.10.18.16.3.1.2.26,Integer,0
.1.3.6.1.4.1.12148.10.18.16.3.1.2.27,Integer,0
.1.3.6.1.4.1.12148.10.18.16.3.1.2.28,Integer,0
.1.3.6.1.4.1.12148.10.18.16.3.1.2.29,Integer,0
.1.3.6.1.4.1.12148.10.18.16.3.1.2.30,Integer,0
.1.3.6.1.4.1.12148.10.18.16.3.1.2.31,Integer,0
.1.3.6.1.4.1.12148.10.18.16.3.1.2.32,Integer,0
.1.3.6.1.4.1.12148.10.18.16.3.1.2.33,Integer,0
.1.3.6.1.4.1.12148.10.18.16.3.1.2.34,Integer,0
.1.3.6.1.4.1.12148.10.18.16.3.1.2.35,Integer,0
.1.3.6.1.4.1.12148.10.18.16.3.1.2.36,Integer,0
.1.3.6.1.4.1.12148.10.18.16.3.1.2.37,Integer,0
.1.3.6.1.4.1.12148.10.18.16.3.1.2.38,Integer,0
.1.3.6.1.4.1.12148.10.18.16.3.1.2.39,Integer,0
.1.3.6.1.4.1.12148.10.18.16.3.1.2.40,Integer,0
.1.3.6.1.4.1.12148.10.18.16.3.1.2.41,Integer,0
.1.3.6.1.4.1.12148.10.18.16.3.1.2.42,Integer,0
.1.3.6.1.4.1.12148.10.18.16.3.1.2.43,Integer,0
.1.3.6.1.4.1.12148.10.18.16.3.1.2.44,Integer,0
.1.3.6.1.4.1.12148.10.18.16.3.1.2.45,Integer,0
.1.3.6.1.4.1.12148.10.18.16.3.1.2.46,Integer,0
.1.3.6.1.4.1.12148.10.18.16.3.1.2.47,Integer,0
.1.3.6.1.4.1.12148.10.18.16.3.1.2.48,Integer,0
.1.3.6.1.4.1.12148.10.18.16.3.1.2.49,Integer,0
.1.3.6.1.4.1.12148.10.18.16.3.1.2.50,Integer,0
.1.3.6.1.4.1.12148.10.18.16.3.1.2.51,Integer,0
.1.3.6.1.4.1.12148.10.18.16.3.1.2.52,Integer,0
.1.3.6.1.4.1.12148.10.18.16.4.0,Integer,52
.1.3.6.1.4.1.12148.10.18.16.5.1.2.1,Integer,0
.1.3.6.1.4.1.12148.10.18.16.5.1.2.2,Integer,0
.1.3.6.1.4.1.12148.10.18.16.5.1.2.3,Integer,0
.1.3.6.1.4.1.12148.10.18.16.5.1.2.4,Integer,0
.1.3.6.1.4.1.12148.10.18.16.5.1.2.5,Integer,0
.1.3.6.1.4.1.12148.10.18.16.5.1.2.6,Integer,0
.1.3.6.1.4.1.12148.10.18.16.5.1.2.7,Integer,0
.1.3.6.1.4.1.12148.10.18.16.5.1.2.8,Integer,0
.1.3.6.1.4.1.12148.10.18.16.5.1.2.9,Integer,0
.1.3.6.1.4.1.12148.10.18.16.5.1.2.10,Integer,0
.1.3.6.1.4.1.12148.10.18.16.5.1.2.11,Integer,0
.1.3.6.1.4.1.12148.10.18.16.5.1.2.12,Integer,0
.1.3.6.1.4.1.12148.10.18.16.5.1.2.13,Integer,0
.1.3.6.1.4.1.12148.10.18.16.5.1.2.14,Integer,0
.1.3.6.1.4.1.12148.10.18.16.5.1.2.15,Integer,0
.1.3.6.1.4.1.12148.10.18.16.5.1.2.16,Integer,0
.1.3.6.1.4.1.12148.10.18.16.5.1.2.17,Integer,0
.1.3.6.1.4.1.12148.10.18.16.5.1.2.18,Integer,0
.1.3.6.1.4.1.12148.10.18.16.5.1.2.19,Integer,0
.1.3.6.1.4.1.12148.10.18.16.5.1.2.20,Integer,0
.1.3.6.1.4.1.12148.10.18.16.5.1.2.21,Integer,0
.1.3.6.1.4.1.12148.10.18.16.5.1.2.22,Integer,0
.1.3.6.1.4.1.12148.10.18.16.5.1.2.23,Integer,0
.1.3.6.1.4.1.12148.10.18.16.5.1.2.24,Integer,0
.1.3.6.1.4.1.12148.10.18.16.5.1.2.25,Integer,0
.1.3.6.1.4.1.12148.10.18.16.5.1.2.26,Integer,0
.1.3.6.1.4.1.12148.10.18.16.5.1.2.27,Integer,0
.1.3.6.1.4.1.12148.10.18.16.5.1.2.28,Integer,0
.1.3.6.1.4.1.12148.10.18.16.5.1.2.29,Integer,0
.1.3.6.1.4.1.12148.10.18.16.5.1.2.30,Integer,0
.1.3.6.1.4.1.12148.10.18.16.5.1.2.31,Integer,0
.1.3.6.1.4.1.12148.10.18.16.5.1.2.32,Integer,0
.1.3.6.1.4.1.12148.10.18.16.5.1.2.33,Integer,0
.1.3.6.1.4.1.12148.10.18.16.5.1.2.34,Integer,0
.1.3.6.1.4.1.12148.10.18.16.5.1.2.35,Integer,0
.1.3.6.1.4.1.12148.10.18.16.5.1.2.36,Integer,0
.1.3.6.1.4.1.12148.10.18.16.5.1.2.37,Integer,0
.1.3.6.1.4.1.12148.10.18.16.5.1.2.38,Integer,0
.1.3.6.1.4.1.12148.10.18.16.5.1.2.39,Integer,0
.1.3.6.1.4.1.12148.10.18.16.5.1.2.40,Integer,0
.1.3.6.1.4.1.12148.10.18.16.5.1.2.41,Integer,0
.1.3.6.1.4.1.12148.10.18.16.5.1.2.42,Integer,0
.1.3.6.1.4.1.12148.10.18.16.5.1.2.43,Integer,0
.1.3.6.1.4.1.12148.10.18.16.5.1.2.44,Integer,0
.1.3.6.1.4.1.12148.10.18.16.5.1.2.45,Integer,0
.1.3.6.1.4.1.12148.10.18.16.5.1.2.46,Integer,0
.1.3.6.1.4.1.12148.10.18.16.5.1.2.47,Integer,0
.1.3.6.1.4.1.12148.10.18.16.5.1.2.48,Integer,0
.1.3.6.1.4.1.12148.10.18.16.5.1.2.49,Integer,0
.1.3.6.1.4.1.12148.10.18.16.5.1.2.50,Integer,0
.1.3.6.1.4.1.12148.10.18.16.5.1.2.51,Integer,0
.1.3.6.1.4.1.12148.10.18.16.5.1.2.52,Integer,0
.1.3.6.1.4.1.12148.10.18.16.6.0,Integer,52
.1.3.6.1.4.1.12148.10.18.16.7.1.2.1,Integer,0
.1.3.6.1.4.1.12148.10.18.16.7.1.2.2,Integer,0
.1.3.6.1.4.1.12148.10.18.16.7.1.2.3,Integer,0
.1.3.6.1.4.1.12148.10.18.16.7.1.2.4,Integer,0
.1.3.6.1.4.1.12148.10.18.16.7.1.2.5,Integer,0
.1.3.6.1.4.1.12148.10.18.16.7.1.2.6,Integer,0
.1.3.6.1.4.1.12148.10.18.16.7.1.2.7,Integer,0
.1.3.6.1.4.1.12148.10.18.16.7.1.2.8,Integer,0
.1.3.6.1.4.1.12148.10.18.16.7.1.2.9,Integer,0
.1.3.6.1.4.1.12148.10.18.16.7.1.2.10,Integer,0
.1.3.6.1.4.1.12148.10.18.16.7.1.2.11,Integer,0
.1.3.6.1.4.1.12148.10.18.16.7.1.2.12,Integer,0
.1.3.6.1.4.1.12148.10.18.16.7.1.2.13,Integer,0
.1.3.6.1.4.1.12148.10.18.16.7.1.2.14,Integer,0
.1.3.6.1.4.1.12148.10.18.16.7.1.2.15,Integer,0
.1.3.6.1.4.1.12148.10.18.16.7.1.2.16,Integer,0
.1.3.6.1.4.1.12148.10.18.16.7.1.2.17,Integer,0
.1.3.6.1.4.1.12148.10.18.16.7.1.2.18,Integer,0
.1.3.6.1.4.1.12148.10.18.16.7.1.2.19,Integer,0
.1.3.6.1.4.1.12148.10.18.16.7.1.2.20,Integer,0
.1.3.6.1.4.1.12148.10.18.16.7.1.2.21,Integer,0
.1.3.6.1.4.1.12148.10.18.16.7.1.2.22,Integer,0
.1.3.6.1.4.1.12148.10.18.16.7.1.2.23,Integer,0
.1.3.6.1.4.1.12148.10.18.16.7.1.2.24,Integer,0
.1.3.6.1.4.1.12148.10.18.16.7.1.2.25,Integer,0
.1.3.6.1.4.1.12148.10.18.16.7.1.2.26,Integer,0
.1.3.6.1.4.1.12148.10.18.16.7.1.2.27,Integer,0
.1.3.6.1.4.1.12148.10.18.16.7.1.2.28,Integer,0
.1.3.6.1.4.1.12148.10.18.16.7.1.2.29,Integer,0
.1.3.6.1.4.1.12148.10.18.16.7.1.2.30,Integer,0
.1.3.6.1.4.1.12148.10.18.16.7.1.2.31,Integer,0
.1.3.6.1.4.1.12148.10.18.16.7.1.2.32,Integer,0
.1.3.6.1.4.1.12148.10.18.16.7.1.2.33,Integer,0
.1.3.6.1.4.1.12148.10.18.16.7.1.2.34,Integer,0
.1.3.6.1.4.1.12148.10.18.16.7.1.2.35,Integer,0
.1.3.6.1.4.1.12148.10.18.16.7.1.2.36,Integer,0
.1.3.6.1.4.1.12148.10.18.16.7.1.2.37,Integer,0
.1.3.6.1.4.1.12148.10.18.16.7.1.2.38,Integer,0
.1.3.6.1.4.1.12148.10.18.16.7.1.2.39,Integer,0
.1.3.6.1.4.1.12148.10.18.16.7.1.2.40,Integer,0
.1.3.6.1.4.1.12148.10.18.16.7.1.2.41,Integer,0
.1.3.6.1.4.1.12148.10.18.16.7.1.2.42,Integer,0
.1.3.6.1.4.1.12148.10.18.16.7.1.2.43,Integer,0
.1.3.6.1.4.1.12148.10.18.16.7.1.2.44,Integer,0
.1.3.6.1.4.1.12148.10.18.16.7.1.2.45,Integer,0
.1.3.6.1.4.1.12148.10.18.16.7.1.2.46,Integer,0
.1.3.6.1.4.1.12148.10.18.16.7.1.2.47,Integer,0
.1.3.6.1.4.1.12148.10.18.16.7.1.2.48,Integer,0
.1.3.6.1.4.1.12148.10.18.16.7.1.2.49,Integer,0
.1.3.6.1.4.1.12148.10.18.16.7.1.2.50,Integer,0
.1.3.6.1.4.1.12148.10.18.16.7.1.2.51,Integer,0
.1.3.6.1.4.1.12148.10.18.16.7.1.2.52,Integer,0
.1.3.6.1.4.1.12148.10.18.17.0,Integer,0
.1.3.6.1.4.1.12148.10.19.1.0,Integer,1
.1.3.6.1.4.1.12148.10.19.2.1.0,Integer,0
.1.3.6.1.4.1.12148.10.19.2.2.0,OctetString,"""FuelCellCurrent """
.1.3.6.1.4.1.12148.10.19.2.4.0,Integer,0
.1.3.6.1.4.1.12148.10.19.2.5.0,Integer,0
.1.3.6.1.4.1.12148.10.19.2.6.0,Integer,5000
.1.3.6.1.4.1.12148.10.19.2.7.0,Integer,4000
.1.3.6.1.4.1.12148.10.19.3.1.0,Integer,0
.1.3.6.1.4.1.12148.10.19.3.2.0,OctetString,"""Fuelcell power"""
.1.3.6.1.4.1.12148.10.19.3.4.0,Integer,0
.1.3.6.1.4.1.12148.10.19.3.5.0,Integer,0
.1.3.6.1.4.1.12148.10.19.3.6.0,Integer,20000
.1.3.6.1.4.1.12148.10.19.3.7.0,Integer,18000
.1.3.6.1.4.1.12148.10.19.4.1.0,Integer,0
.1.3.6.1.4.1.12148.10.19.4.2.0,OctetString,"""FuelCellError   """
.1.3.6.1.4.1.12148.10.19.4.4.0,Integer,1
.1.3.6.1.4.1.12148.10.19.4.5.0,Integer,0
.1.3.6.1.4.1.12148.10.19.4.6.0,Integer,2
.1.3.6.1.4.1.12148.10.19.4.7.0,Integer,1
.1.3.6.1.4.1.12148.10.19.5.0,Integer,0
.1.3.6.1.4.1.12148.10.19.7.1.0,Integer,0
.1.3.6.1.4.1.12148.10.19.7.2.0,Integer,52
.1.3.6.1.4.1.12148.10.19.7.3.1.2.1,Integer,0
.1.3.6.1.4.1.12148.10.19.7.3.1.2.2,Integer,0
.1.3.6.1.4.1.12148.10.19.7.3.1.2.3,Integer,0
.1.3.6.1.4.1.12148.10.19.7.3.1.2.4,Integer,0
.1.3.6.1.4.1.12148.10.19.7.3.1.2.5,Integer,0
.1.3.6.1.4.1.12148.10.19.7.3.1.2.6,Integer,0
.1.3.6.1.4.1.12148.10.19.7.3.1.2.7,Integer,0
.1.3.6.1.4.1.12148.10.19.7.3.1.2.8,Integer,0
.1.3.6.1.4.1.12148.10.19.7.3.1.2.9,Integer,0
.1.3.6.1.4.1.12148.10.19.7.3.1.2.10,Integer,0
.1.3.6.1.4.1.12148.10.19.7.3.1.2.11,Integer,0
.1.3.6.1.4.1.12148.10.19.7.3.1.2.12,Integer,0
.1.3.6.1.4.1.12148.10.19.7.3.1.2.13,Integer,0
.1.3.6.1.4.1.12148.10.19.7.3.1.2.14,Integer,0
.1.3.6.1.4.1.12148.10.19.7.3.1.2.15,Integer,0
.1.3.6.1.4.1.12148.10.19.7.3.1.2.16,Integer,0
.1.3.6.1.4.1.12148.10.19.7.3.1.2.17,Integer,0
.1.3.6.1.4.1.12148.10.19.7.3.1.2.18,Integer,0
.1.3.6.1.4.1.12148.10.19.7.3.1.2.19,Integer,0
.1.3.6.1.4.1.12148.10.19.7.3.1.2.20,Integer,0
.1.3.6.1.4.1.12148.10.19.7.3.1.2.21,Integer,0
.1.3.6.1.4.1.12148.10.19.7.3.1.2.22,Integer,0
.1.3.6.1.4.1.12148.10.19.7.3.1.2.23,Integer,0
.1.3.6.1.4.1.12148.10.19.7.3.1.2.24,Integer,0
.1.3.6.1.4.1.12148.10.19.7.3.1.2.25,Integer,0
.1.3.6.1.4.1.12148.10.19.7.3.1.2.26,Integer,0
.1.3.6.1.4.1.12148.10.19.7.3.1.2.27,Integer,0
.1.3.6.1.4.1.12148.10.19.7.3.1.2.28,Integer,0
.1.3.6.1.4.1.12148.10.19.7.3.1.2.29,Integer,0
.1.3.6.1.4.1.12148.10.19.7.3.1.2.30,Integer,0
.1.3.6.1.4.1.12148.10.19.7.3.1.2.31,Integer,0
.1.3.6.1.4.1.12148.10.19.7.3.1.2.32,Integer,0
.1.3.6.1.4.1.12148.10.19.7.3.1.2.33,Integer,0
.1.3.6.1.4.1.12148.10.19.7.3.1.2.34,Integer,0
.1.3.6.1.4.1.12148.10.19.7.3.1.2.35,Integer,0
.1.3.6.1.4.1.12148.10.19.7.3.1.2.36,Integer,0
.1.3.6.1.4.1.12148.10.19.7.3.1.2.37,Integer,0
.1.3.6.1.4.1.12148.10.19.7.3.1.2.38,Integer,0
.1.3.6.1.4.1.12148.10.19.7.3.1.2.39,Integer,0
.1.3.6.1.4.1.12148.10.19.7.3.1.2.40,Integer,0
.1.3.6.1.4.1.12148.10.19.7.3.1.2.41,Integer,0
.1.3.6.1.4.1.12148.10.19.7.3.1.2.42,Integer,0
.1.3.6.1.4.1.12148.10.19.7.3.1.2.43,Integer,0
.1.3.6.1.4.1.12148.10.19.7.3.1.2.44,Integer,0
.1.3.6.1.4.1.12148.10.19.7.3.1.2.45,Integer,0
.1.3.6.1.4.1.12148.10.19.7.3.1.2.46,Integer,0
.1.3.6.1.4.1.12148.10.19.7.3.1.2.47,Integer,0
.1.3.6.1.4.1.12148.10.19.7.3.1.2.48,Integer,0
.1.3.6.1.4.1.12148.10.19.7.3.1.2.49,Integer,0
.1.3.6.1.4.1.12148.10.19.7.3.1.2.50,Integer,0
.1.3.6.1.4.1.12148.10.19.7.3.1.2.51,Integer,0
.1.3.6.1.4.1.12148.10.19.7.3.1.2.52,Integer,0
.1.3.6.1.4.1.12148.10.19.7.4.0,Integer,52
.1.3.6.1.4.1.12148.10.19.7.5.1.2.1,Integer,0
.1.3.6.1.4.1.12148.10.19.7.5.1.2.2,Integer,0
.1.3.6.1.4.1.12148.10.19.7.5.1.2.3,Integer,0
.1.3.6.1.4.1.12148.10.19.7.5.1.2.4,Integer,0
.1.3.6.1.4.1.12148.10.19.7.5.1.2.5,Integer,0
.1.3.6.1.4.1.12148.10.19.7.5.1.2.6,Integer,0
.1.3.6.1.4.1.12148.10.19.7.5.1.2.7,Integer,0
.1.3.6.1.4.1.12148.10.19.7.5.1.2.8,Integer,0
.1.3.6.1.4.1.12148.10.19.7.5.1.2.9,Integer,0
.1.3.6.1.4.1.12148.10.19.7.5.1.2.10,Integer,0
.1.3.6.1.4.1.12148.10.19.7.5.1.2.11,Integer,0
.1.3.6.1.4.1.12148.10.19.7.5.1.2.12,Integer,0
.1.3.6.1.4.1.12148.10.19.7.5.1.2.13,Integer,0
.1.3.6.1.4.1.12148.10.19.7.5.1.2.14,Integer,0
.1.3.6.1.4.1.12148.10.19.7.5.1.2.15,Integer,0
.1.3.6.1.4.1.12148.10.19.7.5.1.2.16,Integer,0
.1.3.6.1.4.1.12148.10.19.7.5.1.2.17,Integer,0
.1.3.6.1.4.1.12148.10.19.7.5.1.2.18,Integer,0
.1.3.6.1.4.1.12148.10.19.7.5.1.2.19,Integer,0
.1.3.6.1.4.1.12148.10.19.7.5.1.2.20,Integer,0
.1.3.6.1.4.1.12148.10.19.7.5.1.2.21,Integer,0
.1.3.6.1.4.1.12148.10.19.7.5.1.2.22,Integer,0
.1.3.6.1.4.1.12148.10.19.7.5.1.2.23,Integer,0
.1.3.6.1.4.1.12148.10.19.7.5.1.2.24,Integer,0
.1.3.6.1.4.1.12148.10.19.7.5.1.2.25,Integer,0
.1.3.6.1.4.1.12148.10.19.7.5.1.2.26,Integer,0
.1.3.6.1.4.1.12148.10.19.7.5.1.2.27,Integer,0
.1.3.6.1.4.1.12148.10.19.7.5.1.2.28,Integer,0
.1.3.6.1.4.1.12148.10.19.7.5.1.2.29,Integer,0
.1.3.6.1.4.1.12148.10.19.7.5.1.2.30,Integer,0
.1.3.6.1.4.1.12148.10.19.7.5.1.2.31,Integer,0
.1.3.6.1.4.1.12148.10.19.7.5.1.2.32,Integer,0
.1.3.6.1.4.1.12148.10.19.7.5.1.2.33,Integer,0
.1.3.6.1.4.1.12148.10.19.7.5.1.2.34,Integer,0
.1.3.6.1.4.1.12148.10.19.7.5.1.2.35,Integer,0
.1.3.6.1.4.1.12148.10.19.7.5.1.2.36,Integer,0
.1.3.6.1.4.1.12148.10.19.7.5.1.2.37,Integer,0
.1.3.6.1.4.1.12148.10.19.7.5.1.2.38,Integer,0
.1.3.6.1.4.1.12148.10.19.7.5.1.2.39,Integer,0
.1.3.6.1.4.1.12148.10.19.7.5.1.2.40,Integer,0
.1.3.6.1.4.1.12148.10.19.7.5.1.2.41,Integer,0
.1.3.6.1.4.1.12148.10.19.7.5.1.2.42,Integer,0
.1.3.6.1.4.1.12148.10.19.7.5.1.2.43,Integer,0
.1.3.6.1.4.1.12148.10.19.7.5.1.2.44,Integer,0
.1.3.6.1.4.1.12148.10.19.7.5.1.2.45,Integer,0
.1.3.6.1.4.1.12148.10.19.7.5.1.2.46,Integer,0
.1.3.6.1.4.1.12148.10.19.7.5.1.2.47,Integer,0
.1.3.6.1.4.1.12148.10.19.7.5.1.2.48,Integer,0
.1.3.6.1.4.1.12148.10.19.7.5.1.2.49,Integer,0
.1.3.6.1.4.1.12148.10.19.7.5.1.2.50,Integer,0
.1.3.6.1.4.1.12148.10.19.7.5.1.2.51,Integer,0
.1.3.6.1.4.1.12148.10.19.7.5.1.2.52,Integer,0
.1.3.6.1.4.1.12148.10.19.7.6.0,Integer,52
.1.3.6.1.4.1.12148.10.19.7.7.1.2.1,Integer,0
.1.3.6.1.4.1.12148.10.19.7.7.1.2.2,Integer,0
.1.3.6.1.4.1.12148.10.19.7.7.1.2.3,Integer,0
.1.3.6.1.4.1.12148.10.19.7.7.1.2.4,Integer,0
.1.3.6.1.4.1.12148.10.19.7.7.1.2.5,Integer,0
.1.3.6.1.4.1.12148.10.19.7.7.1.2.6,Integer,0
.1.3.6.1.4.1.12148.10.19.7.7.1.2.7,Integer,0
.1.3.6.1.4.1.12148.10.19.7.7.1.2.8,Integer,0
.1.3.6.1.4.1.12148.10.19.7.7.1.2.9,Integer,0
.1.3.6.1.4.1.12148.10.19.7.7.1.2.10,Integer,0
.1.3.6.1.4.1.12148.10.19.7.7.1.2.11,Integer,0
.1.3.6.1.4.1.12148.10.19.7.7.1.2.12,Integer,0
.1.3.6.1.4.1.12148.10.19.7.7.1.2.13,Integer,0
.1.3.6.1.4.1.12148.10.19.7.7.1.2.14,Integer,0
.1.3.6.1.4.1.12148.10.19.7.7.1.2.15,Integer,0
.1.3.6.1.4.1.12148.10.19.7.7.1.2.16,Integer,0
.1.3.6.1.4.1.12148.10.19.7.7.1.2.17,Integer,0
.1.3.6.1.4.1.12148.10.19.7.7.1.2.18,Integer,0
.1.3.6.1.4.1.12148.10.19.7.7.1.2.19,Integer,0
.1.3.6.1.4.1.12148.10.19.7.7.1.2.20,Integer,0
.1.3.6.1.4.1.12148.10.19.7.7.1.2.21,Integer,0
.1.3.6.1.4.1.12148.10.19.7.7.1.2.22,Integer,0
.1.3.6.1.4.1.12148.10.19.7.7.1.2.23,Integer,0
.1.3.6.1.4.1.12148.10.19.7.7.1.2.24,Integer,0
.1.3.6.1.4.1.12148.10.19.7.7.1.2.25,Integer,0
.1.3.6.1.4.1.12148.10.19.7.7.1.2.26,Integer,0
.1.3.6.1.4.1.12148.10.19.7.7.1.2.27,Integer,0
.1.3.6.1.4.1.12148.10.19.7.7.1.2.28,Integer,0
.1.3.6.1.4.1.12148.10.19.7.7.1.2.29,Integer,0
.1.3.6.1.4.1.12148.10.19.7.7.1.2.30,Integer,0
.1.3.6.1.4.1.12148.10.19.7.7.1.2.31,Integer,0
.1.3.6.1.4.1.12148.10.19.7.7.1.2.32,Integer,0
.1.3.6.1.4.1.12148.10.19.7.7.1.2.33,Integer,0
.1.3.6.1.4.1.12148.10.19.7.7.1.2.34,Integer,0
.1.3.6.1.4.1.12148.10.19.7.7.1.2.35,Integer,0
.1.3.6.1.4.1.12148.10.19.7.7.1.2.36,Integer,0
.1.3.6.1.4.1.12148.10.19.7.7.1.2.37,Integer,0
.1.3.6.1.4.1.12148.10.19.7.7.1.2.38,Integer,0
.1.3.6.1.4.1.12148.10.19.7.7.1.2.39,Integer,0
.1.3.6.1.4.1.12148.10.19.7.7.1.2.40,Integer,0
.1.3.6.1.4.1.12148.10.19.7.7.1.2.41,Integer,0
.1.3.6.1.4.1.12148.10.19.7.7.1.2.42,Integer,0
.1.3.6.1.4.1.12148.10.19.7.7.1.2.43,Integer,0
.1.3.6.1.4.1.12148.10.19.7.7.1.2.44,Integer,0
.1.3.6.1.4.1.12148.10.19.7.7.1.2.45,Integer,0
.1.3.6.1.4.1.12148.10.19.7.7.1.2.46,Integer,0
.1.3.6.1.4.1.12148.10.19.7.7.1.2.47,Integer,0
.1.3.6.1.4.1.12148.10.19.7.7.1.2.48,Integer,0
.1.3.6.1.4.1.12148.10.19.7.7.1.2.49,Integer,0
.1.3.6.1.4.1.12148.10.19.7.7.1.2.50,Integer,0
.1.3.6.1.4.1.12148.10.19.7.7.1.2.51,Integer,0
.1.3.6.1.4.1.12148.10.19.7.7.1.2.52,Integer,0
.1.3.6.1.4.1.12148.10.19.8.0,Integer,0
.1.3.6.1.4.1.12148.10.19.9.0,Integer,0
.1.3.6.1.4.1.12148.10.19.10.0,Integer,0
