oid,type,value
.1.3.6.1.4.1.2011.6.164.1.1.1.1.0,OctetString,"""KNROD001"""
.1.3.6.1.4.1.2011.6.164.1.1.1.2.0,OctetString,"""Huawei eMap"""
.1.3.6.1.4.1.2011.6.164.1.1.1.3.0,Gauge32,1
.1.3.6.1.4.1.2011.6.164.1.1.1.4.0,OctetString,"""huawei description"""
.1.3.6.1.4.1.2011.6.164.1.1.1.5.0,OctetString,"""net identifier"""
.1.3.6.1.4.1.2011.6.164.1.1.1.6.0,OctetString,"""192.168.198.5"""
.1.3.6.1.4.1.2011.6.164.1.1.1.7.0,OctetString,"""255.255.255.0"""
.1.3.6.1.4.1.2011.6.164.1.1.1.8.0,OctetString,"""192.168.198.1"""
.1.3.6.1.4.1.2011.6.164.1.1.1.9.0,Integer,2
.1.3.6.1.4.1.2011.6.164.1.1.1.10.0,Integer,2
.1.3.6.1.4.1.2011.6.164.1.1.1.12.0,OctetString,"""P017A0001027\r"""
.1.3.6.1.4.1.2011.6.164.1.1.1.13.0,OctetString,"""2026-07-17 09:19:08"""
.1.3.6.1.4.1.2011.6.164.1.1.1.14.0,OctetString,"""10.137.46.62"""
.1.3.6.1.4.1.2011.6.164.1.1.1.15.0,OctetString,"""10.137.46.62"""
.1.3.6.1.4.1.2011.6.164.1.1.1.16.0,Gauge32,31220
.1.3.6.1.4.1.2011.6.164.1.1.2.1.0,Gauge32,0
.1.3.6.1.4.1.2011.6.164.1.1.2.2.0,Gauge32,63
.1.3.6.1.4.1.2011.6.164.1.1.2.3.0,Gauge32,1696
.1.3.6.1.4.1.2011.6.164.1.1.2.99.1.1.24098,Integer,24098
.1.3.6.1.4.1.2011.6.164.1.1.2.99.1.1.24100,Integer,24100
.1.3.6.1.4.1.2011.6.164.1.1.2.99.1.1.24102,Integer,24102
.1.3.6.1.4.1.2011.6.164.1.1.2.99.1.1.24103,Integer,24103
.1.3.6.1.4.1.2011.6.164.1.1.2.99.1.1.24104,Integer,24104
.1.3.6.1.4.1.2011.6.164.1.1.2.99.1.1.24127,Integer,24127
.1.3.6.1.4.1.2011.6.164.1.1.2.99.1.2.24098,OctetString,"""Calendar Days Maintenance Reminder"""
.1.3.6.1.4.1.2011.6.164.1.1.2.99.1.2.24100,OctetString,"""Battery Temperature Compensation Activated"""
.1.3.6.1.4.1.2011.6.164.1.1.2.99.1.2.24102,OctetString,"""Stop Failure"""
.1.3.6.1.4.1.2011.6.164.1.1.2.99.1.2.24103,OctetString,"""Genset Generator Fault"""
.1.3.6.1.4.1.2011.6.164.1.1.2.99.1.2.24104,OctetString,"""Over Frequency"""
.1.3.6.1.4.1.2011.6.164.1.1.2.99.1.2.24127,OctetString,"""High Rectifier Remaining Capacity"""
.1.3.6.1.4.1.2011.6.164.1.1.2.99.1.3.24098,Integer,4
.1.3.6.1.4.1.2011.6.164.1.1.2.99.1.3.24100,Integer,4
.1.3.6.1.4.1.2011.6.164.1.1.2.99.1.3.24102,Integer,3
.1.3.6.1.4.1.2011.6.164.1.1.2.99.1.3.24103,Integer,2
.1.3.6.1.4.1.2011.6.164.1.1.2.99.1.3.24104,Integer,2
.1.3.6.1.4.1.2011.6.164.1.1.2.99.1.3.24127,Integer,3
.1.3.6.1.4.1.2011.6.164.1.1.2.99.1.4.24098,OctetString,""""""
.1.3.6.1.4.1.2011.6.164.1.1.2.99.1.4.24100,OctetString,""""""
.1.3.6.1.4.1.2011.6.164.1.1.2.99.1.4.24102,OctetString,""""""
.1.3.6.1.4.1.2011.6.164.1.1.2.99.1.4.24103,OctetString,""""""
.1.3.6.1.4.1.2011.6.164.1.1.2.99.1.4.24104,OctetString,""""""
.1.3.6.1.4.1.2011.6.164.1.1.2.99.1.4.24127,OctetString,""""""
.1.3.6.1.4.1.2011.6.164.1.1.2.99.1.5.24098,OctetString,"""2026-07-15 10:53:32"""
.1.3.6.1.4.1.2011.6.164.1.1.2.99.1.5.24100,OctetString,"""2026-07-15 11:07:43"""
.1.3.6.1.4.1.2011.6.164.1.1.2.99.1.5.24102,OctetString,"""2026-07-15 17:13:37"""
.1.3.6.1.4.1.2011.6.164.1.1.2.99.1.5.24103,OctetString,"""2026-07-16 03:53:00"""
.1.3.6.1.4.1.2011.6.164.1.1.2.99.1.5.24104,OctetString,"""2026-07-16 03:53:00"""
.1.3.6.1.4.1.2011.6.164.1.1.2.99.1.5.24127,OctetString,"""2026-07-17 02:21:27"""
.1.3.6.1.4.1.2011.6.164.1.1.2.99.1.6.24098,OctetString,"""Huawei eMap"""
.1.3.6.1.4.1.2011.6.164.1.1.2.99.1.6.24100,OctetString,"""Huawei eMap"""
.1.3.6.1.4.1.2011.6.164.1.1.2.99.1.6.24102,OctetString,"""Huawei eMap"""
.1.3.6.1.4.1.2011.6.164.1.1.2.99.1.6.24103,OctetString,"""Huawei eMap"""
.1.3.6.1.4.1.2011.6.164.1.1.2.99.1.6.24104,OctetString,"""Huawei eMap"""
.1.3.6.1.4.1.2011.6.164.1.1.2.99.1.6.24127,OctetString,"""Huawei eMap"""
.1.3.6.1.4.1.2011.6.164.1.1.2.99.1.7.24098,Gauge32,1
.1.3.6.1.4.1.2011.6.164.1.1.2.99.1.7.24100,Gauge32,1
.1.3.6.1.4.1.2011.6.164.1.1.2.99.1.7.24102,Gauge32,1
.1.3.6.1.4.1.2011.6.164.1.1.2.99.1.7.24103,Gauge32,1
.1.3.6.1.4.1.2011.6.164.1.1.2.99.1.7.24104,Gauge32,1
.1.3.6.1.4.1.2011.6.164.1.1.2.99.1.7.24127,Gauge32,1
.1.3.6.1.4.1.2011.6.164.1.1.2.99.1.8.24098,OctetString,"""net identifier"""
.1.3.6.1.4.1.2011.6.164.1.1.2.99.1.8.24100,OctetString,"""net identifier"""
.1.3.6.1.4.1.2011.6.164.1.1.2.99.1.8.24102,OctetString,"""net identifier"""
.1.3.6.1.4.1.2011.6.164.1.1.2.99.1.8.24103,OctetString,"""net identifier"""
.1.3.6.1.4.1.2011.6.164.1.1.2.99.1.8.24104,OctetString,"""net identifier"""
.1.3.6.1.4.1.2011.6.164.1.1.2.99.1.8.24127,OctetString,"""net identifier"""
.1.3.6.1.4.1.2011.6.164.1.1.2.99.1.9.24098,OctetString,"""huawei description"""
.1.3.6.1.4.1.2011.6.164.1.1.2.99.1.9.24100,OctetString,"""huawei description"""
.1.3.6.1.4.1.2011.6.164.1.1.2.99.1.9.24102,OctetString,"""huawei description"""
.1.3.6.1.4.1.2011.6.164.1.1.2.99.1.9.24103,OctetString,"""huawei description"""
.1.3.6.1.4.1.2011.6.164.1.1.2.99.1.9.24104,OctetString,"""huawei description"""
.1.3.6.1.4.1.2011.6.164.1.1.2.99.1.9.24127,OctetString,"""huawei description"""
.1.3.6.1.4.1.2011.6.164.1.1.2.99.1.10.24098,Gauge32,0
.1.3.6.1.4.1.2011.6.164.1.1.2.99.1.10.24100,Gauge32,0
.1.3.6.1.4.1.2011.6.164.1.1.2.99.1.10.24102,Gauge32,0
.1.3.6.1.4.1.2011.6.164.1.1.2.99.1.10.24103,Gauge32,0
.1.3.6.1.4.1.2011.6.164.1.1.2.99.1.10.24104,Gauge32,0
.1.3.6.1.4.1.2011.6.164.1.1.2.99.1.10.24127,Gauge32,0
.1.3.6.1.4.1.2011.6.164.1.1.2.99.1.11.24098,OctetString,""""""
.1.3.6.1.4.1.2011.6.164.1.1.2.99.1.11.24100,OctetString,""""""
.1.3.6.1.4.1.2011.6.164.1.1.2.99.1.11.24102,OctetString,""""""
.1.3.6.1.4.1.2011.6.164.1.1.2.99.1.11.24103,OctetString,""""""
.1.3.6.1.4.1.2011.6.164.1.1.2.99.1.11.24104,OctetString,""""""
.1.3.6.1.4.1.2011.6.164.1.1.2.99.1.11.24127,OctetString,""""""
.1.3.6.1.4.1.2011.6.164.1.1.2.100.1.1.538322929,Gauge32,538322929
.1.3.6.1.4.1.2011.6.164.1.1.2.100.1.1.538322930,Gauge32,538322930
.1.3.6.1.4.1.2011.6.164.1.1.2.100.1.1.538327968,Gauge32,538327968
.1.3.6.1.4.1.2011.6.164.1.1.2.100.1.1.538327973,Gauge32,538327973
.1.3.6.1.4.1.2011.6.164.1.1.2.100.1.1.538328000,Gauge32,538328000
.1.3.6.1.4.1.2011.6.164.1.1.2.100.1.1.538328001,Gauge32,538328001
.1.3.6.1.4.1.2011.6.164.1.1.2.100.1.1.538328002,Gauge32,538328002
.1.3.6.1.4.1.2011.6.164.1.1.2.100.1.1.538328010,Gauge32,538328010
.1.3.6.1.4.1.2011.6.164.1.1.2.100.1.1.538374144,Gauge32,538374144
.1.3.6.1.4.1.2011.6.164.1.1.2.100.1.1.538374145,Gauge32,538374145
.1.3.6.1.4.1.2011.6.164.1.1.2.100.1.1.538374285,Gauge32,538374285
.1.3.6.1.4.1.2011.6.164.1.1.2.100.1.1.538374286,Gauge32,538374286
.1.3.6.1.4.1.2011.6.164.1.1.2.100.1.1.538374355,Gauge32,538374355
.1.3.6.1.4.1.2011.6.164.1.1.2.100.1.1.538374356,Gauge32,538374356
.1.3.6.1.4.1.2011.6.164.1.1.2.100.1.1.538374360,Gauge32,538374360
.1.3.6.1.4.1.2011.6.164.1.1.2.100.1.1.538374361,Gauge32,538374361
.1.3.6.1.4.1.2011.6.164.1.1.2.100.1.1.538374416,Gauge32,538374416
.1.3.6.1.4.1.2011.6.164.1.1.2.100.1.1.538374538,Gauge32,538374538
.1.3.6.1.4.1.2011.6.164.1.1.2.100.1.1.538374539,Gauge32,538374539
.1.3.6.1.4.1.2011.6.164.1.1.2.100.1.1.2147549292,Gauge32,2147549292
.1.3.6.1.4.1.2011.6.164.1.1.2.100.1.1.2147549604,Gauge32,2147549604
.1.3.6.1.4.1.2011.6.164.1.1.2.100.1.1.2147550734,Gauge32,2147550734
.1.3.6.1.4.1.2011.6.164.1.1.2.100.1.1.2147550736,Gauge32,2147550736
.1.3.6.1.4.1.2011.6.164.1.1.2.100.1.1.2147550737,Gauge32,2147550737
.1.3.6.1.4.1.2011.6.164.1.1.2.100.1.1.2147550739,Gauge32,2147550739
.1.3.6.1.4.1.2011.6.164.1.1.2.100.1.1.2147550740,Gauge32,2147550740
.1.3.6.1.4.1.2011.6.164.1.1.2.100.1.1.2147550741,Gauge32,2147550741
.1.3.6.1.4.1.2011.6.164.1.1.2.100.1.1.2147550742,Gauge32,2147550742
.1.3.6.1.4.1.2011.6.164.1.1.2.100.1.1.2147550743,Gauge32,2147550743
.1.3.6.1.4.1.2011.6.164.1.1.2.100.1.1.2147550744,Gauge32,2147550744
.1.3.6.1.4.1.2011.6.164.1.1.2.100.1.1.2147550751,Gauge32,2147550751
.1.3.6.1.4.1.2011.6.164.1.1.2.100.1.1.2147550752,Gauge32,2147550752
.1.3.6.1.4.1.2011.6.164.1.1.2.100.1.1.2147550753,Gauge32,2147550753
.1.3.6.1.4.1.2011.6.164.1.1.2.100.1.1.2147558008,Gauge32,2147558008
.1.3.6.1.4.1.2011.6.164.1.1.2.100.1.1.2147558009,Gauge32,2147558009
.1.3.6.1.4.1.2011.6.164.1.1.2.100.1.1.2147559284,Gauge32,2147559284
.1.3.6.1.4.1.2011.6.164.1.1.2.100.1.1.2147559315,Gauge32,2147559315
.1.3.6.1.4.1.2011.6.164.1.1.2.100.1.1.2147559336,Gauge32,2147559336
.1.3.6.1.4.1.2011.6.164.1.1.2.100.1.1.2147559337,Gauge32,2147559337
.1.3.6.1.4.1.2011.6.164.1.1.2.100.1.1.2147559338,Gauge32,2147559338
.1.3.6.1.4.1.2011.6.164.1.1.2.100.1.1.2147559339,Gauge32,2147559339
.1.3.6.1.4.1.2011.6.164.1.1.2.100.1.1.2147559353,Gauge32,2147559353
.1.3.6.1.4.1.2011.6.164.1.1.2.100.1.1.2147559354,Gauge32,2147559354
.1.3.6.1.4.1.2011.6.164.1.1.2.100.1.1.2147559355,Gauge32,2147559355
.1.3.6.1.4.1.2011.6.164.1.1.2.100.1.1.2147559356,Gauge32,2147559356
.1.3.6.1.4.1.2011.6.164.1.1.2.100.1.1.2147559357,Gauge32,2147559357
.1.3.6.1.4.1.2011.6.164.1.1.2.100.1.1.2147559359,Gauge32,2147559359
.1.3.6.1.4.1.2011.6.164.1.1.2.100.1.1.2147559360,Gauge32,2147559360
.1.3.6.1.4.1.2011.6.164.1.1.2.100.1.1.2147559361,Gauge32,2147559361
.1.3.6.1.4.1.2011.6.164.1.1.2.100.1.1.2147559362,Gauge32,2147559362
.1.3.6.1.4.1.2011.6.164.1.1.2.100.1.1.2147559363,Gauge32,2147559363
.1.3.6.1.4.1.2011.6.164.1.1.2.100.1.1.2147559364,Gauge32,2147559364
.1.3.6.1.4.1.2011.6.164.1.1.2.100.1.1.2147559365,Gauge32,2147559365
.1.3.6.1.4.1.2011.6.164.1.1.2.100.1.1.2147559366,Gauge32,2147559366
.1.3.6.1.4.1.2011.6.164.1.1.2.100.1.1.2147559367,Gauge32,2147559367
.1.3.6.1.4.1.2011.6.164.1.1.2.100.1.1.2147559368,Gauge32,2147559368
.1.3.6.1.4.1.2011.6.164.1.1.2.100.1.1.2147559369,Gauge32,2147559369
.1.3.6.1.4.1.2011.6.164.1.1.2.100.1.1.2147559370,Gauge32,2147559370
.1.3.6.1.4.1.2011.6.164.1.1.2.100.1.1.2147559371,Gauge32,2147559371
.1.3.6.1.4.1.2011.6.164.1.1.2.100.1.1.2147559372,Gauge32,2147559372
.1.3.6.1.4.1.2011.6.164.1.1.2.100.1.1.2147559373,Gauge32,2147559373
.1.3.6.1.4.1.2011.6.164.1.1.2.100.1.1.2147559374,Gauge32,2147559374
.1.3.6.1.4.1.2011.6.164.1.1.2.100.1.1.2147559375,Gauge32,2147559375
.1.3.6.1.4.1.2011.6.164.1.1.2.100.1.1.2147559376,Gauge32,2147559376
.1.3.6.1.4.1.2011.6.164.1.1.2.100.1.1.2147559377,Gauge32,2147559377
.1.3.6.1.4.1.2011.6.164.1.1.2.100.1.1.2147559396,Gauge32,2147559396
.1.3.6.1.4.1.2011.6.164.1.1.2.100.1.1.2147559408,Gauge32,2147559408
.1.3.6.1.4.1.2011.6.164.1.1.2.100.1.1.2147559415,Gauge32,2147559415
.1.3.6.1.4.1.2011.6.164.1.1.2.100.1.1.2147559416,Gauge32,2147559416
.1.3.6.1.4.1.2011.6.164.1.1.2.100.1.1.2147559417,Gauge32,2147559417
.1.3.6.1.4.1.2011.6.164.1.1.2.100.1.1.2147559418,Gauge32,2147559418
.1.3.6.1.4.1.2011.6.164.1.1.2.100.1.1.2147559419,Gauge32,2147559419
.1.3.6.1.4.1.2011.6.164.1.1.2.100.1.1.2147559420,Gauge32,2147559420
.1.3.6.1.4.1.2011.6.164.1.1.2.100.1.1.2147559421,Gauge32,2147559421
.1.3.6.1.4.1.2011.6.164.1.1.2.100.1.1.2147559422,Gauge32,2147559422
.1.3.6.1.4.1.2011.6.164.1.1.2.100.1.1.2147559423,Gauge32,2147559423
.1.3.6.1.4.1.2011.6.164.1.1.2.100.1.1.2147559424,Gauge32,2147559424
.1.3.6.1.4.1.2011.6.164.1.1.2.100.1.1.2147559425,Gauge32,2147559425
.1.3.6.1.4.1.2011.6.164.1.1.2.100.1.1.2147559426,Gauge32,2147559426
.1.3.6.1.4.1.2011.6.164.1.1.2.100.1.1.2147559427,Gauge32,2147559427
.1.3.6.1.4.1.2011.6.164.1.1.2.100.1.1.2147559428,Gauge32,2147559428
.1.3.6.1.4.1.2011.6.164.1.1.2.100.1.1.2147559429,Gauge32,2147559429
.1.3.6.1.4.1.2011.6.164.1.1.2.100.1.1.2147559430,Gauge32,2147559430
.1.3.6.1.4.1.2011.6.164.1.1.2.100.1.1.2147559431,Gauge32,2147559431
.1.3.6.1.4.1.2011.6.164.1.1.2.100.1.1.2147559432,Gauge32,2147559432
.1.3.6.1.4.1.2011.6.164.1.1.2.100.1.1.2147559433,Gauge32,2147559433
.1.3.6.1.4.1.2011.6.164.1.1.2.100.1.1.2147559434,Gauge32,2147559434
.1.3.6.1.4.1.2011.6.164.1.1.2.100.1.1.2147559447,Gauge32,2147559447
.1.3.6.1.4.1.2011.6.164.1.1.2.100.1.1.2147559448,Gauge32,2147559448
.1.3.6.1.4.1.2011.6.164.1.1.2.100.1.1.2147559449,Gauge32,2147559449
.1.3.6.1.4.1.2011.6.164.1.1.2.100.1.1.2147559451,Gauge32,2147559451
.1.3.6.1.4.1.2011.6.164.1.1.2.100.1.1.2147559452,Gauge32,2147559452
.1.3.6.1.4.1.2011.6.164.1.1.2.100.1.1.2147559453,Gauge32,2147559453
.1.3.6.1.4.1.2011.6.164.1.1.2.100.1.1.2147559454,Gauge32,2147559454
.1.3.6.1.4.1.2011.6.164.1.1.2.100.1.1.2147559455,Gauge32,2147559455
.1.3.6.1.4.1.2011.6.164.1.1.2.100.1.1.2147559456,Gauge32,2147559456
.1.3.6.1.4.1.2011.6.164.1.1.2.100.1.1.2147559457,Gauge32,2147559457
.1.3.6.1.4.1.2011.6.164.1.1.2.100.1.1.2147559458,Gauge32,2147559458
.1.3.6.1.4.1.2011.6.164.1.1.2.100.1.1.2147559459,Gauge32,2147559459
.1.3.6.1.4.1.2011.6.164.1.1.2.100.1.1.2147559480,Gauge32,2147559480
.1.3.6.1.4.1.2011.6.164.1.1.2.100.1.1.2147559481,Gauge32,2147559481
.1.3.6.1.4.1.2011.6.164.1.1.2.100.1.1.2147559483,Gauge32,2147559483
.1.3.6.1.4.1.2011.6.164.1.1.2.100.1.1.2147564440,Gauge32,2147564440
.1.3.6.1.4.1.2011.6.164.1.1.2.100.1.1.2147564441,Gauge32,2147564441
.1.3.6.1.4.1.2011.6.164.1.1.2.100.1.1.2147564444,Gauge32,2147564444
.1.3.6.1.4.1.2011.6.164.1.1.2.100.1.1.2147564445,Gauge32,2147564445
.1.3.6.1.4.1.2011.6.164.1.1.2.100.1.1.2147564449,Gauge32,2147564449
.1.3.6.1.4.1.2011.6.164.1.1.2.100.1.1.2147564450,Gauge32,2147564450
.1.3.6.1.4.1.2011.6.164.1.1.2.100.1.1.2147564454,Gauge32,2147564454
.1.3.6.1.4.1.2011.6.164.1.1.2.100.1.1.2147564455,Gauge32,2147564455
.1.3.6.1.4.1.2011.6.164.1.1.2.100.1.1.2147564456,Gauge32,2147564456
.1.3.6.1.4.1.2011.6.164.1.1.2.100.1.1.2147564466,Gauge32,2147564466
.1.3.6.1.4.1.2011.6.164.1.1.2.100.1.1.2147564467,Gauge32,2147564467
.1.3.6.1.4.1.2011.6.164.1.1.2.100.1.1.2147564468,Gauge32,2147564468
.1.3.6.1.4.1.2011.6.164.1.1.2.100.1.1.2147564469,Gauge32,2147564469
.1.3.6.1.4.1.2011.6.164.1.1.2.100.1.1.2147564473,Gauge32,2147564473
.1.3.6.1.4.1.2011.6.164.1.1.2.100.1.1.2147564474,Gauge32,2147564474
.1.3.6.1.4.1.2011.6.164.1.1.2.100.1.1.2147564475,Gauge32,2147564475
.1.3.6.1.4.1.2011.6.164.1.1.2.100.1.1.2147564476,Gauge32,2147564476
.1.3.6.1.4.1.2011.6.164.1.1.2.100.1.1.2147564477,Gauge32,2147564477
.1.3.6.1.4.1.2011.6.164.1.1.2.100.1.1.2147564478,Gauge32,2147564478
.1.3.6.1.4.1.2011.6.164.1.1.2.100.1.1.2147564479,Gauge32,2147564479
.1.3.6.1.4.1.2011.6.164.1.1.2.100.1.1.2147564480,Gauge32,2147564480
.1.3.6.1.4.1.2011.6.164.1.1.2.100.1.1.2147564489,Gauge32,2147564489
.1.3.6.1.4.1.2011.6.164.1.1.2.100.1.1.2147564491,Gauge32,2147564491
.1.3.6.1.4.1.2011.6.164.1.1.2.100.1.1.2147564492,Gauge32,2147564492
.1.3.6.1.4.1.2011.6.164.1.1.2.100.1.1.2147564493,Gauge32,2147564493
.1.3.6.1.4.1.2011.6.164.1.1.2.100.1.1.2147564514,Gauge32,2147564514
.1.3.6.1.4.1.2011.6.164.1.1.2.100.1.1.2147564516,Gauge32,2147564516
.1.3.6.1.4.1.2011.6.164.1.1.2.100.1.1.2147569971,Gauge32,2147569971
.1.3.6.1.4.1.2011.6.164.1.1.2.100.1.1.2147569972,Gauge32,2147569972
.1.3.6.1.4.1.2011.6.164.1.1.2.100.1.1.2147569973,Gauge32,2147569973
.1.3.6.1.4.1.2011.6.164.1.1.2.100.1.1.2147569974,Gauge32,2147569974
.1.3.6.1.4.1.2011.6.164.1.1.2.100.1.1.2147569977,Gauge32,2147569977
.1.3.6.1.4.1.2011.6.164.1.1.2.100.1.1.2147569978,Gauge32,2147569978
.1.3.6.1.4.1.2011.6.164.1.1.2.100.1.1.2147569979,Gauge32,2147569979
.1.3.6.1.4.1.2011.6.164.1.1.2.100.1.1.2147569980,Gauge32,2147569980
.1.3.6.1.4.1.2011.6.164.1.1.2.100.1.1.2147569982,Gauge32,2147569982
.1.3.6.1.4.1.2011.6.164.1.1.2.100.1.1.2147569983,Gauge32,2147569983
.1.3.6.1.4.1.2011.6.164.1.1.2.100.1.1.2147569984,Gauge32,2147569984
.1.3.6.1.4.1.2011.6.164.1.1.2.100.1.1.2147569985,Gauge32,2147569985
.1.3.6.1.4.1.2011.6.164.1.1.2.100.1.1.2147569987,Gauge32,2147569987
.1.3.6.1.4.1.2011.6.164.1.1.2.100.1.1.2147569988,Gauge32,2147569988
.1.3.6.1.4.1.2011.6.164.1.1.2.100.1.1.2147569989,Gauge32,2147569989
.1.3.6.1.4.1.2011.6.164.1.1.2.100.1.1.2147569990,Gauge32,2147569990
.1.3.6.1.4.1.2011.6.164.1.1.2.100.1.1.2147586150,Gauge32,2147586150
.1.3.6.1.4.1.2011.6.164.1.1.2.100.1.1.2147586152,Gauge32,2147586152
.1.3.6.1.4.1.2011.6.164.1.1.2.100.1.1.2147586160,Gauge32,2147586160
.1.3.6.1.4.1.2011.6.164.1.1.2.100.1.1.2147589338,Gauge32,2147589338
.1.3.6.1.4.1.2011.6.164.1.1.2.100.1.1.2147589340,Gauge32,2147589340
.1.3.6.1.4.1.2011.6.164.1.1.2.100.1.1.2147589341,Gauge32,2147589341
.1.3.6.1.4.1.2011.6.164.1.1.2.100.1.1.2147610780,Gauge32,2147610780
.1.3.6.1.4.1.2011.6.164.1.1.2.100.1.1.2147610790,Gauge32,2147610790
.1.3.6.1.4.1.2011.6.164.1.1.2.100.1.1.2147611028,Gauge32,2147611028
.1.3.6.1.4.1.2011.6.164.1.1.2.100.1.1.2147611029,Gauge32,2147611029
.1.3.6.1.4.1.2011.6.164.1.1.2.100.1.1.2147611030,Gauge32,2147611030
.1.3.6.1.4.1.2011.6.164.1.1.2.100.1.1.2147616322,Gauge32,2147616322
.1.3.6.1.4.1.2011.6.164.1.1.2.100.1.1.2147616323,Gauge32,2147616323
.1.3.6.1.4.1.2011.6.164.1.1.2.100.1.1.2147616324,Gauge32,2147616324
.1.3.6.1.4.1.2011.6.164.1.1.2.100.1.1.2147616327,Gauge32,2147616327
.1.3.6.1.4.1.2011.6.164.1.1.2.100.1.1.2147616328,Gauge32,2147616328
.1.3.6.1.4.1.2011.6.164.1.1.2.100.1.1.2147616329,Gauge32,2147616329
.1.3.6.1.4.1.2011.6.164.1.1.2.100.1.1.2147616333,Gauge32,2147616333
.1.3.6.1.4.1.2011.6.164.1.1.2.100.1.1.2147616334,Gauge32,2147616334
.1.3.6.1.4.1.2011.6.164.1.1.2.100.1.1.2147616335,Gauge32,2147616335
.1.3.6.1.4.1.2011.6.164.1.1.2.100.1.1.2147616336,Gauge32,2147616336
.1.3.6.1.4.1.2011.6.164.1.1.2.100.1.1.2147616337,Gauge32,2147616337
.1.3.6.1.4.1.2011.6.164.1.1.2.100.1.1.2147623533,Gauge32,2147623533
.1.3.6.1.4.1.2011.6.164.1.1.2.100.1.1.2147623534,Gauge32,2147623534
.1.3.6.1.4.1.2011.6.164.1.1.2.100.1.1.2147676357,Gauge32,2147676357
.1.3.6.1.4.1.2011.6.164.1.1.2.100.1.1.2147689056,Gauge32,2147689056
.1.3.6.1.4.1.2011.6.164.1.1.2.100.1.1.2147689058,Gauge32,2147689058
.1.3.6.1.4.1.2011.6.164.1.1.2.100.1.1.2147689059,Gauge32,2147689059
.1.3.6.1.4.1.2011.6.164.1.1.2.100.1.1.2147689060,Gauge32,2147689060
.1.3.6.1.4.1.2011.6.164.1.1.2.100.1.1.2147689061,Gauge32,2147689061
.1.3.6.1.4.1.2011.6.164.1.1.2.100.1.1.2147689062,Gauge32,2147689062
.1.3.6.1.4.1.2011.6.164.1.1.2.100.1.1.2147689063,Gauge32,2147689063
.1.3.6.1.4.1.2011.6.164.1.1.2.100.1.1.2147689064,Gauge32,2147689064
.1.3.6.1.4.1.2011.6.164.1.1.2.100.1.1.2147689065,Gauge32,2147689065
.1.3.6.1.4.1.2011.6.164.1.1.2.100.1.1.2147689066,Gauge32,2147689066
.1.3.6.1.4.1.2011.6.164.1.1.2.100.1.1.2147689069,Gauge32,2147689069
.1.3.6.1.4.1.2011.6.164.1.1.2.100.1.1.2147689071,Gauge32,2147689071
.1.3.6.1.4.1.2011.6.164.1.1.2.100.1.1.2147689075,Gauge32,2147689075
.1.3.6.1.4.1.2011.6.164.1.1.2.100.1.1.2147746495,Gauge32,2147746495
.1.3.6.1.4.1.2011.6.164.1.1.2.100.1.1.2147746496,Gauge32,2147746496
.1.3.6.1.4.1.2011.6.164.1.1.2.100.1.1.2147746497,Gauge32,2147746497
.1.3.6.1.4.1.2011.6.164.1.1.2.100.1.1.2147746498,Gauge32,2147746498
.1.3.6.1.4.1.2011.6.164.1.1.2.100.1.1.2147746528,Gauge32,2147746528
.1.3.6.1.4.1.2011.6.164.1.1.2.100.1.1.2147755893,Gauge32,2147755893
.1.3.6.1.4.1.2011.6.164.1.1.2.100.1.1.2147755895,Gauge32,2147755895
.1.3.6.1.4.1.2011.6.164.1.1.2.100.1.1.2147755898,Gauge32,2147755898
.1.3.6.1.4.1.2011.6.164.1.1.2.100.1.1.2147755900,Gauge32,2147755900
.1.3.6.1.4.1.2011.6.164.1.1.2.100.1.1.2147756512,Gauge32,2147756512
.1.3.6.1.4.1.2011.6.164.1.1.2.100.1.1.2147756513,Gauge32,2147756513
.1.3.6.1.4.1.2011.6.164.1.1.2.100.1.1.2147756515,Gauge32,2147756515
.1.3.6.1.4.1.2011.6.164.1.1.2.100.1.1.2147756518,Gauge32,2147756518
.1.3.6.1.4.1.2011.6.164.1.1.2.100.1.1.2147756523,Gauge32,2147756523
.1.3.6.1.4.1.2011.6.164.1.1.2.100.1.1.2147756524,Gauge32,2147756524
.1.3.6.1.4.1.2011.6.164.1.1.2.100.1.1.2147756525,Gauge32,2147756525
.1.3.6.1.4.1.2011.6.164.1.1.2.100.1.1.2147756526,Gauge32,2147756526
.1.3.6.1.4.1.2011.6.164.1.1.2.100.1.1.2147756527,Gauge32,2147756527
.1.3.6.1.4.1.2011.6.164.1.1.2.100.1.1.2147756540,Gauge32,2147756540
.1.3.6.1.4.1.2011.6.164.1.1.2.100.1.1.2147756548,Gauge32,2147756548
.1.3.6.1.4.1.2011.6.164.1.1.2.100.1.1.2147756549,Gauge32,2147756549
.1.3.6.1.4.1.2011.6.164.1.1.2.100.1.1.2147756574,Gauge32,2147756574
.1.3.6.1.4.1.2011.6.164.1.1.2.100.1.1.2147756575,Gauge32,2147756575
.1.3.6.1.4.1.2011.6.164.1.1.2.100.1.1.2147756576,Gauge32,2147756576
.1.3.6.1.4.1.2011.6.164.1.1.2.100.1.1.2147756585,Gauge32,2147756585
.1.3.6.1.4.1.2011.6.164.1.1.2.100.1.1.2147756587,Gauge32,2147756587
.1.3.6.1.4.1.2011.6.164.1.1.2.100.1.1.2147756588,Gauge32,2147756588
.1.3.6.1.4.1.2011.6.164.1.1.2.100.1.1.2147756589,Gauge32,2147756589
.1.3.6.1.4.1.2011.6.164.1.1.2.100.1.1.2147756590,Gauge32,2147756590
.1.3.6.1.4.1.2011.6.164.1.1.2.100.1.1.2147756591,Gauge32,2147756591
.1.3.6.1.4.1.2011.6.164.1.1.2.100.1.1.2147765557,Gauge32,2147765557
.1.3.6.1.4.1.2011.6.164.1.1.2.100.1.1.2147765558,Gauge32,2147765558
.1.3.6.1.4.1.2011.6.164.1.1.2.100.1.1.2147765559,Gauge32,2147765559
.1.3.6.1.4.1.2011.6.164.1.1.2.100.1.1.2147765575,Gauge32,2147765575
.1.3.6.1.4.1.2011.6.164.1.1.2.100.1.1.2147765576,Gauge32,2147765576
.1.3.6.1.4.1.2011.6.164.1.1.2.100.1.1.2147765577,Gauge32,2147765577
.1.3.6.1.4.1.2011.6.164.1.1.2.100.1.1.2147765578,Gauge32,2147765578
.1.3.6.1.4.1.2011.6.164.1.1.2.100.1.1.2147765580,Gauge32,2147765580
.1.3.6.1.4.1.2011.6.164.1.1.2.100.1.1.2147768496,Gauge32,2147768496
.1.3.6.1.4.1.2011.6.164.1.1.2.100.1.1.2147768497,Gauge32,2147768497
.1.3.6.1.4.1.2011.6.164.1.1.2.100.1.1.2147821886,Gauge32,2147821886
.1.3.6.1.4.1.2011.6.164.1.1.2.100.1.1.2147821887,Gauge32,2147821887
.1.3.6.1.4.1.2011.6.164.1.1.2.100.1.1.2147822086,Gauge32,2147822086
.1.3.6.1.4.1.2011.6.164.1.1.2.100.1.1.2147822092,Gauge32,2147822092
.1.3.6.1.4.1.2011.6.164.1.1.2.100.1.1.2147822098,Gauge32,2147822098
.1.3.6.1.4.1.2011.6.164.1.1.2.100.1.1.2147822113,Gauge32,2147822113
.1.3.6.1.4.1.2011.6.164.1.1.2.100.1.1.2147822114,Gauge32,2147822114
.1.3.6.1.4.1.2011.6.164.1.1.2.100.1.1.2147822115,Gauge32,2147822115
.1.3.6.1.4.1.2011.6.164.1.1.2.100.1.1.2147822116,Gauge32,2147822116
.1.3.6.1.4.1.2011.6.164.1.1.2.100.1.1.2148082822,Gauge32,2148082822
.1.3.6.1.4.1.2011.6.164.1.1.2.100.1.1.2148082823,Gauge32,2148082823
.1.3.6.1.4.1.2011.6.164.1.1.2.100.1.1.2148082825,Gauge32,2148082825
.1.3.6.1.4.1.2011.6.164.1.1.2.100.1.1.2148082826,Gauge32,2148082826
.1.3.6.1.4.1.2011.6.164.1.1.2.100.1.1.2148082827,Gauge32,2148082827
.1.3.6.1.4.1.2011.6.164.1.1.2.100.1.1.2148082828,Gauge32,2148082828
.1.3.6.1.4.1.2011.6.164.1.1.2.100.1.1.2148082836,Gauge32,2148082836
.1.3.6.1.4.1.2011.6.164.1.1.2.100.1.1.2148082837,Gauge32,2148082837
.1.3.6.1.4.1.2011.6.164.1.1.2.100.1.1.2148082838,Gauge32,2148082838
.1.3.6.1.4.1.2011.6.164.1.1.2.100.1.1.2148082840,Gauge32,2148082840
.1.3.6.1.4.1.2011.6.164.1.1.2.100.1.1.2148082841,Gauge32,2148082841
.1.3.6.1.4.1.2011.6.164.1.1.2.100.1.1.2148082842,Gauge32,2148082842
.1.3.6.1.4.1.2011.6.164.1.1.2.100.1.1.2148082844,Gauge32,2148082844
.1.3.6.1.4.1.2011.6.164.1.1.2.100.1.1.2148082846,Gauge32,2148082846
.1.3.6.1.4.1.2011.6.164.1.1.2.100.1.1.2148082847,Gauge32,2148082847
.1.3.6.1.4.1.2011.6.164.1.1.2.100.1.1.2148082848,Gauge32,2148082848
.1.3.6.1.4.1.2011.6.164.1.1.2.100.1.1.2148082849,Gauge32,2148082849
.1.3.6.1.4.1.2011.6.164.1.1.2.100.1.1.2148082850,Gauge32,2148082850
.1.3.6.1.4.1.2011.6.164.1.1.2.100.1.1.2148082851,Gauge32,2148082851
.1.3.6.1.4.1.2011.6.164.1.1.2.100.1.1.2148082852,Gauge32,2148082852
.1.3.6.1.4.1.2011.6.164.1.1.2.100.1.1.2148142458,Gauge32,2148142458
.1.3.6.1.4.1.2011.6.164.1.1.2.100.1.1.2148151419,Gauge32,2148151419
.1.3.6.1.4.1.2011.6.164.1.1.2.100.1.1.2148151420,Gauge32,2148151420
.1.3.6.1.4.1.2011.6.164.1.1.2.100.1.1.2148151421,Gauge32,2148151421
.1.3.6.1.4.1.2011.6.164.1.1.2.100.1.1.2148151422,Gauge32,2148151422
.1.3.6.1.4.1.2011.6.164.1.1.2.100.1.1.2148214494,Gauge32,2148214494
.1.3.6.1.4.1.2011.6.164.1.1.2.100.1.1.2148214495,Gauge32,2148214495
.1.3.6.1.4.1.2011.6.164.1.1.2.100.1.1.2148214496,Gauge32,2148214496
.1.3.6.1.4.1.2011.6.164.1.1.2.100.1.1.2148214497,Gauge32,2148214497
.1.3.6.1.4.1.2011.6.164.1.1.2.100.1.1.2148214498,Gauge32,2148214498
.1.3.6.1.4.1.2011.6.164.1.1.2.100.1.1.2148214510,Gauge32,2148214510
.1.3.6.1.4.1.2011.6.164.1.1.2.100.1.1.2148214512,Gauge32,2148214512
.1.3.6.1.4.1.2011.6.164.1.1.2.100.1.1.2148266387,Gauge32,2148266387
.1.3.6.1.4.1.2011.6.164.1.1.2.100.1.1.2148280038,Gauge32,2148280038
.1.3.6.1.4.1.2011.6.164.1.1.2.100.1.1.2148280039,Gauge32,2148280039
.1.3.6.1.4.1.2011.6.164.1.1.2.100.1.1.2148280040,Gauge32,2148280040
.1.3.6.1.4.1.2011.6.164.1.1.2.100.1.1.2148280041,Gauge32,2148280041
.1.3.6.1.4.1.2011.6.164.1.1.2.100.1.1.2148280056,Gauge32,2148280056
.1.3.6.1.4.1.2011.6.164.1.1.2.100.1.1.2148332027,Gauge32,2148332027
.1.3.6.1.4.1.2011.6.164.1.1.2.100.1.1.2148335723,Gauge32,2148335723
.1.3.6.1.4.1.2011.6.164.1.1.2.100.1.1.2148335738,Gauge32,2148335738
.1.3.6.1.4.1.2011.6.164.1.1.2.100.1.1.2148355367,Gauge32,2148355367
.1.3.6.1.4.1.2011.6.164.1.1.2.100.1.1.2148355368,Gauge32,2148355368
.1.3.6.1.4.1.2011.6.164.1.1.2.100.1.1.2148355369,Gauge32,2148355369
.1.3.6.1.4.1.2011.6.164.1.1.2.100.1.1.2148397066,Gauge32,2148397066
.1.3.6.1.4.1.2011.6.164.1.1.2.100.1.1.2148477939,Gauge32,2148477939
.1.3.6.1.4.1.2011.6.164.1.1.2.100.1.1.2148477940,Gauge32,2148477940
.1.3.6.1.4.1.2011.6.164.1.1.2.100.1.1.2148477941,Gauge32,2148477941
.1.3.6.1.4.1.2011.6.164.1.1.2.100.1.1.2148477942,Gauge32,2148477942
.1.3.6.1.4.1.2011.6.164.1.1.2.100.1.1.2148477943,Gauge32,2148477943
.1.3.6.1.4.1.2011.6.164.1.1.2.100.1.1.2148477944,Gauge32,2148477944
.1.3.6.1.4.1.2011.6.164.1.1.2.100.1.1.2148477945,Gauge32,2148477945
.1.3.6.1.4.1.2011.6.164.1.1.2.100.1.1.2148477946,Gauge32,2148477946
.1.3.6.1.4.1.2011.6.164.1.1.2.100.1.1.2148477947,Gauge32,2148477947
.1.3.6.1.4.1.2011.6.164.1.1.2.100.1.1.2148477948,Gauge32,2148477948
.1.3.6.1.4.1.2011.6.164.1.1.2.100.1.1.2148477949,Gauge32,2148477949
.1.3.6.1.4.1.2011.6.164.1.1.2.100.1.1.2148477950,Gauge32,2148477950
.1.3.6.1.4.1.2011.6.164.1.1.2.100.1.1.2148536024,Gauge32,2148536024
.1.3.6.1.4.1.2011.6.164.1.1.2.100.1.1.2148606612,Gauge32,2148606612
.1.3.6.1.4.1.2011.6.164.1.1.2.100.1.1.2148606614,Gauge32,2148606614
.1.3.6.1.4.1.2011.6.164.1.1.2.100.1.1.2148664946,Gauge32,2148664946
.1.3.6.1.4.1.2011.6.164.1.1.2.100.1.1.2148664948,Gauge32,2148664948
.1.3.6.1.4.1.2011.6.164.1.1.2.100.1.1.2148664949,Gauge32,2148664949
.1.3.6.1.4.1.2011.6.164.1.1.2.100.1.1.2148664950,Gauge32,2148664950
.1.3.6.1.4.1.2011.6.164.1.1.2.100.1.1.2148672146,Gauge32,2148672146
.1.3.6.1.4.1.2011.6.164.1.1.2.100.1.1.2148803566,Gauge32,2148803566
.1.3.6.1.4.1.2011.6.164.1.1.2.100.1.1.2148803567,Gauge32,2148803567
.1.3.6.1.4.1.2011.6.164.1.1.2.100.1.1.2148803568,Gauge32,2148803568
.1.3.6.1.4.1.2011.6.164.1.1.2.100.1.1.2148803569,Gauge32,2148803569
.1.3.6.1.4.1.2011.6.164.1.1.2.100.1.1.2148803570,Gauge32,2148803570
.1.3.6.1.4.1.2011.6.164.1.1.2.100.1.1.2148803571,Gauge32,2148803571
.1.3.6.1.4.1.2011.6.164.1.1.2.100.1.1.2148803572,Gauge32,2148803572
.1.3.6.1.4.1.2011.6.164.1.1.2.100.1.1.2148803573,Gauge32,2148803573
.1.3.6.1.4.1.2011.6.164.1.1.2.100.1.1.2148803574,Gauge32,2148803574
.1.3.6.1.4.1.2011.6.164.1.1.2.100.1.1.2148803575,Gauge32,2148803575
.1.3.6.1.4.1.2011.6.164.1.1.2.100.1.1.2148803576,Gauge32,2148803576
.1.3.6.1.4.1.2011.6.164.1.1.2.100.1.1.2148803577,Gauge32,2148803577
.1.3.6.1.4.1.2011.6.164.1.1.2.100.1.1.2148803578,Gauge32,2148803578
.1.3.6.1.4.1.2011.6.164.1.1.2.100.1.1.2148803579,Gauge32,2148803579
.1.3.6.1.4.1.2011.6.164.1.1.2.100.1.1.2148803580,Gauge32,2148803580
.1.3.6.1.4.1.2011.6.164.1.1.2.100.1.1.2148803581,Gauge32,2148803581
.1.3.6.1.4.1.2011.6.164.1.1.2.100.1.1.2148803582,Gauge32,2148803582
.1.3.6.1.4.1.2011.6.164.1.1.2.100.1.1.2148803583,Gauge32,2148803583
.1.3.6.1.4.1.2011.6.164.1.1.2.100.1.1.2148803584,Gauge32,2148803584
.1.3.6.1.4.1.2011.6.164.1.1.2.100.1.1.2148803585,Gauge32,2148803585
.1.3.6.1.4.1.2011.6.164.1.1.2.100.1.1.2148803586,Gauge32,2148803586
.1.3.6.1.4.1.2011.6.164.1.1.2.100.1.1.2148803587,Gauge32,2148803587
.1.3.6.1.4.1.2011.6.164.1.1.2.100.1.1.2148803588,Gauge32,2148803588
.1.3.6.1.4.1.2011.6.164.1.1.2.100.1.1.2148803589,Gauge32,2148803589
.1.3.6.1.4.1.2011.6.164.1.1.2.100.1.1.2148803590,Gauge32,2148803590
.1.3.6.1.4.1.2011.6.164.1.1.2.100.1.1.2148803591,Gauge32,2148803591
.1.3.6.1.4.1.2011.6.164.1.1.2.100.1.1.2148803592,Gauge32,2148803592
.1.3.6.1.4.1.2011.6.164.1.1.2.100.1.1.2148803593,Gauge32,2148803593
.1.3.6.1.4.1.2011.6.164.1.1.2.100.1.1.2148803594,Gauge32,2148803594
.1.3.6.1.4.1.2011.6.164.1.1.2.100.1.1.2148803595,Gauge32,2148803595
.1.3.6.1.4.1.2011.6.164.1.1.2.100.1.1.2148803596,Gauge32,2148803596
.1.3.6.1.4.1.2011.6.164.1.1.2.100.1.1.2148803597,Gauge32,2148803597
.1.3.6.1.4.1.2011.6.164.1.1.2.100.1.1.2148803598,Gauge32,2148803598
.1.3.6.1.4.1.2011.6.164.1.1.2.100.1.1.2148803599,Gauge32,2148803599
.1.3.6.1.4.1.2011.6.164.1.1.2.100.1.1.2148803600,Gauge32,2148803600
.1.3.6.1.4.1.2011.6.164.1.1.2.100.1.1.2148803601,Gauge32,2148803601
.1.3.6.1.4.1.2011.6.164.1.1.2.100.1.1.2148803602,Gauge32,2148803602
.1.3.6.1.4.1.2011.6.164.1.1.2.100.1.1.2148803603,Gauge32,2148803603
.1.3.6.1.4.1.2011.6.164.1.1.2.100.1.1.2148803604,Gauge32,2148803604
.1.3.6.1.4.1.2011.6.164.1.1.2.100.1.1.2148803605,Gauge32,2148803605
.1.3.6.1.4.1.2011.6.164.1.1.2.100.1.1.2148803606,Gauge32,2148803606
.1.3.6.1.4.1.2011.6.164.1.1.2.100.1.1.2148803607,Gauge32,2148803607
.1.3.6.1.4.1.2011.6.164.1.1.2.100.1.1.2148855813,Gauge32,2148855813
.1.3.6.1.4.1.2011.6.164.1.1.2.100.1.1.2148855814,Gauge32,2148855814
.1.3.6.1.4.1.2011.6.164.1.1.2.100.1.1.2148855815,Gauge32,2148855815
.1.3.6.1.4.1.2011.6.164.1.1.2.100.1.1.2148855816,Gauge32,2148855816
.1.3.6.1.4.1.2011.6.164.1.1.2.100.1.1.2148855817,Gauge32,2148855817
.1.3.6.1.4.1.2011.6.164.1.1.2.100.1.1.2148936641,Gauge32,2148936641
.1.3.6.1.4.1.2011.6.164.1.1.2.100.1.1.2148936642,Gauge32,2148936642
.1.3.6.1.4.1.2011.6.164.1.1.2.100.1.1.2148936644,Gauge32,2148936644
.1.3.6.1.4.1.2011.6.164.1.1.2.100.1.1.2148936645,Gauge32,2148936645
.1.3.6.1.4.1.2011.6.164.1.1.2.100.1.1.2148945391,Gauge32,2148945391
.1.3.6.1.4.1.2011.6.164.1.1.2.100.1.1.2148945392,Gauge32,2148945392
.1.3.6.1.4.1.2011.6.164.1.1.2.100.1.1.2148945393,Gauge32,2148945393
.1.3.6.1.4.1.2011.6.164.1.1.2.100.1.1.2148945394,Gauge32,2148945394
.1.3.6.1.4.1.2011.6.164.1.1.2.100.1.1.2148945395,Gauge32,2148945395
.1.3.6.1.4.1.2011.6.164.1.1.2.100.1.1.2148945396,Gauge32,2148945396
.1.3.6.1.4.1.2011.6.164.1.1.2.100.1.1.2148945397,Gauge32,2148945397
.1.3.6.1.4.1.2011.6.164.1.1.2.100.1.1.2148945398,Gauge32,2148945398
.1.3.6.1.4.1.2011.6.164.1.1.2.100.1.1.2148945399,Gauge32,2148945399
.1.3.6.1.4.1.2011.6.164.1.1.2.100.1.1.2148945400,Gauge32,2148945400
.1.3.6.1.4.1.2011.6.164.1.1.2.100.1.1.2148945402,Gauge32,2148945402
.1.3.6.1.4.1.2011.6.164.1.1.2.100.1.1.2148945403,Gauge32,2148945403
.1.3.6.1.4.1.2011.6.164.1.1.2.100.1.1.2148945404,Gauge32,2148945404
.1.3.6.1.4.1.2011.6.164.1.1.2.100.1.1.2148945405,Gauge32,2148945405
.1.3.6.1.4.1.2011.6.164.1.1.2.100.1.1.2148945406,Gauge32,2148945406
.1.3.6.1.4.1.2011.6.164.1.1.2.100.1.1.2148945407,Gauge32,2148945407
.1.3.6.1.4.1.2011.6.164.1.1.2.100.1.1.2148945408,Gauge32,2148945408
.1.3.6.1.4.1.2011.6.164.1.1.2.100.1.1.2148945409,Gauge32,2148945409
.1.3.6.1.4.1.2011.6.164.1.1.2.100.1.1.2148945410,Gauge32,2148945410
.1.3.6.1.4.1.2011.6.164.1.1.2.100.1.1.2148945413,Gauge32,2148945413
.1.3.6.1.4.1.2011.6.164.1.1.2.100.1.1.2148945414,Gauge32,2148945414
.1.3.6.1.4.1.2011.6.164.1.1.2.100.1.1.2148945415,Gauge32,2148945415
.1.3.6.1.4.1.2011.6.164.1.1.2.100.1.1.2148945416,Gauge32,2148945416
.1.3.6.1.4.1.2011.6.164.1.1.2.100.1.1.2148945417,Gauge32,2148945417
.1.3.6.1.4.1.2011.6.164.1.1.2.100.1.1.2148945419,Gauge32,2148945419
.1.3.6.1.4.1.2011.6.164.1.1.2.100.1.1.2148945422,Gauge32,2148945422
.1.3.6.1.4.1.2011.6.164.1.1.2.100.1.1.2148945423,Gauge32,2148945423
.1.3.6.1.4.1.2011.6.164.1.1.2.100.1.1.2148945424,Gauge32,2148945424
.1.3.6.1.4.1.2011.6.164.1.1.2.100.1.1.2148945426,Gauge32,2148945426
.1.3.6.1.4.1.2011.6.164.1.1.2.100.1.1.2148945427,Gauge32,2148945427
.1.3.6.1.4.1.2011.6.164.1.1.2.100.1.1.2148945431,Gauge32,2148945431
.1.3.6.1.4.1.2011.6.164.1.1.2.100.1.1.2148945434,Gauge32,2148945434
.1.3.6.1.4.1.2011.6.164.1.1.2.100.1.1.2148945437,Gauge32,2148945437
.1.3.6.1.4.1.2011.6.164.1.1.2.100.1.1.2148945439,Gauge32,2148945439
.1.3.6.1.4.1.2011.6.164.1.1.2.100.1.1.2148945440,Gauge32,2148945440
.1.3.6.1.4.1.2011.6.164.1.1.2.100.1.1.2148947544,Gauge32,2148947544
.1.3.6.1.4.1.2011.6.164.1.1.2.100.1.1.2148947545,Gauge32,2148947545
.1.3.6.1.4.1.2011.6.164.1.1.2.100.1.1.2148947546,Gauge32,2148947546
.1.3.6.1.4.1.2011.6.164.1.1.2.100.1.1.2148947548,Gauge32,2148947548
.1.3.6.1.4.1.2011.6.164.1.1.2.100.1.1.2148947549,Gauge32,2148947549
.1.3.6.1.4.1.2011.6.164.1.1.2.100.1.1.2148947550,Gauge32,2148947550
.1.3.6.1.4.1.2011.6.164.1.1.2.100.1.1.2148962336,Gauge32,2148962336
.1.3.6.1.4.1.2011.6.164.1.1.2.100.1.1.2148962337,Gauge32,2148962337
.1.3.6.1.4.1.2011.6.164.1.1.2.100.1.1.2148962338,Gauge32,2148962338
.1.3.6.1.4.1.2011.6.164.1.1.2.100.1.1.2148962339,Gauge32,2148962339
.1.3.6.1.4.1.2011.6.164.1.1.2.100.1.1.2148962340,Gauge32,2148962340
.1.3.6.1.4.1.2011.6.164.1.1.2.100.1.1.2148962341,Gauge32,2148962341
.1.3.6.1.4.1.2011.6.164.1.1.2.100.1.1.2148962342,Gauge32,2148962342
.1.3.6.1.4.1.2011.6.164.1.1.2.100.1.1.2148962343,Gauge32,2148962343
.1.3.6.1.4.1.2011.6.164.1.1.2.100.1.1.2148962344,Gauge32,2148962344
.1.3.6.1.4.1.2011.6.164.1.1.2.100.1.1.2148962351,Gauge32,2148962351
.1.3.6.1.4.1.2011.6.164.1.1.2.100.1.1.2148966001,Gauge32,2148966001
.1.3.6.1.4.1.2011.6.164.1.1.2.100.1.1.2148966002,Gauge32,2148966002
.1.3.6.1.4.1.2011.6.164.1.1.2.100.1.1.2148966003,Gauge32,2148966003
.1.3.6.1.4.1.2011.6.164.1.1.2.100.1.1.2148966004,Gauge32,2148966004
.1.3.6.1.4.1.2011.6.164.1.1.2.100.1.1.2149009129,Gauge32,2149009129
.1.3.6.1.4.1.2011.6.164.1.1.2.100.1.1.2149013083,Gauge32,2149013083
.1.3.6.1.4.1.2011.6.164.1.1.2.100.1.1.2149057218,Gauge32,2149057218
.1.3.6.1.4.1.2011.6.164.1.1.2.100.1.1.2149067065,Gauge32,2149067065
.1.3.6.1.4.1.2011.6.164.1.1.2.100.1.1.2149070312,Gauge32,2149070312
.1.3.6.1.4.1.2011.6.164.1.1.2.100.1.1.2149070313,Gauge32,2149070313
.1.3.6.1.4.1.2011.6.164.1.1.2.100.1.1.2149070324,Gauge32,2149070324
.1.3.6.1.4.1.2011.6.164.1.1.2.100.1.1.2149070325,Gauge32,2149070325
.1.3.6.1.4.1.2011.6.164.1.1.2.100.1.1.2149070326,Gauge32,2149070326
.1.3.6.1.4.1.2011.6.164.1.1.2.100.1.1.2149070328,Gauge32,2149070328
.1.3.6.1.4.1.2011.6.164.1.1.2.100.1.1.2149070329,Gauge32,2149070329
.1.3.6.1.4.1.2011.6.164.1.1.2.100.1.1.2149070330,Gauge32,2149070330
.1.3.6.1.4.1.2011.6.164.1.1.2.100.1.1.2149070331,Gauge32,2149070331
.1.3.6.1.4.1.2011.6.164.1.1.2.100.1.1.2149070332,Gauge32,2149070332
.1.3.6.1.4.1.2011.6.164.1.1.2.100.1.1.2149070333,Gauge32,2149070333
.1.3.6.1.4.1.2011.6.164.1.1.2.100.1.1.2149118137,Gauge32,2149118137
.1.3.6.1.4.1.2011.6.164.1.1.2.100.1.1.2149132606,Gauge32,2149132606
.1.3.6.1.4.1.2011.6.164.1.1.2.100.1.1.2149135798,Gauge32,2149135798
.1.3.6.1.4.1.2011.6.164.1.1.2.100.1.1.2149135799,Gauge32,2149135799
.1.3.6.1.4.1.2011.6.164.1.1.2.100.1.1.2149135800,Gauge32,2149135800
.1.3.6.1.4.1.2011.6.164.1.1.2.100.1.1.2149135801,Gauge32,2149135801
.1.3.6.1.4.1.2011.6.164.1.1.2.100.1.1.2149135802,Gauge32,2149135802
.1.3.6.1.4.1.2011.6.164.1.1.2.100.1.1.2149135803,Gauge32,2149135803
.1.3.6.1.4.1.2011.6.164.1.1.2.100.1.1.2149135804,Gauge32,2149135804
.1.3.6.1.4.1.2011.6.164.1.1.2.100.1.1.2149135805,Gauge32,2149135805
.1.3.6.1.4.1.2011.6.164.1.1.2.100.1.1.2149135806,Gauge32,2149135806
.1.3.6.1.4.1.2011.6.164.1.1.2.100.1.1.2149135807,Gauge32,2149135807
.1.3.6.1.4.1.2011.6.164.1.1.2.100.1.1.2149135808,Gauge32,2149135808
.1.3.6.1.4.1.2011.6.164.1.1.2.100.1.1.2149135809,Gauge32,2149135809
.1.3.6.1.4.1.2011.6.164.1.1.2.100.1.1.2149135810,Gauge32,2149135810
.1.3.6.1.4.1.2011.6.164.1.1.2.100.1.1.2149135811,Gauge32,2149135811
.1.3.6.1.4.1.2011.6.164.1.1.2.100.1.1.2149135812,Gauge32,2149135812
.1.3.6.1.4.1.2011.6.164.1.1.2.100.1.1.2149135813,Gauge32,2149135813
.1.3.6.1.4.1.2011.6.164.1.1.2.100.1.1.2149135814,Gauge32,2149135814
.1.3.6.1.4.1.2011.6.164.1.1.2.100.1.1.2149135815,Gauge32,2149135815
.1.3.6.1.4.1.2011.6.164.1.1.2.100.1.1.2149135816,Gauge32,2149135816
.1.3.6.1.4.1.2011.6.164.1.1.2.100.1.1.2149135817,Gauge32,2149135817
.1.3.6.1.4.1.2011.6.164.1.1.2.100.1.1.2149135818,Gauge32,2149135818
.1.3.6.1.4.1.2011.6.164.1.1.2.100.1.1.2149135819,Gauge32,2149135819
.1.3.6.1.4.1.2011.6.164.1.1.2.100.1.1.2149135820,Gauge32,2149135820
.1.3.6.1.4.1.2011.6.164.1.1.2.100.1.1.2149135821,Gauge32,2149135821
.1.3.6.1.4.1.2011.6.164.1.1.2.100.1.1.2149135822,Gauge32,2149135822
.1.3.6.1.4.1.2011.6.164.1.1.2.100.1.1.2149135823,Gauge32,2149135823
.1.3.6.1.4.1.2011.6.164.1.1.2.100.1.1.2149135824,Gauge32,2149135824
.1.3.6.1.4.1.2011.6.164.1.1.2.100.1.1.2149135825,Gauge32,2149135825
.1.3.6.1.4.1.2011.6.164.1.1.2.100.1.1.2149135826,Gauge32,2149135826
.1.3.6.1.4.1.2011.6.164.1.1.2.100.1.1.2149135827,Gauge32,2149135827
.1.3.6.1.4.1.2011.6.164.1.1.2.100.1.1.2149135828,Gauge32,2149135828
.1.3.6.1.4.1.2011.6.164.1.1.2.100.1.1.2149135829,Gauge32,2149135829
.1.3.6.1.4.1.2011.6.164.1.1.2.100.1.1.2149135830,Gauge32,2149135830
.1.3.6.1.4.1.2011.6.164.1.1.2.100.1.1.2149135831,Gauge32,2149135831
.1.3.6.1.4.1.2011.6.164.1.1.2.100.1.1.2149135832,Gauge32,2149135832
.1.3.6.1.4.1.2011.6.164.1.1.2.100.1.1.2149135833,Gauge32,2149135833
.1.3.6.1.4.1.2011.6.164.1.1.2.100.1.1.2149135835,Gauge32,2149135835
.1.3.6.1.4.1.2011.6.164.1.1.2.100.1.1.2149135837,Gauge32,2149135837
.1.3.6.1.4.1.2011.6.164.1.1.2.100.1.1.2149135840,Gauge32,2149135840
.1.3.6.1.4.1.2011.6.164.1.1.2.100.1.1.2149135841,Gauge32,2149135841
.1.3.6.1.4.1.2011.6.164.1.1.2.100.1.1.2149135842,Gauge32,2149135842
.1.3.6.1.4.1.2011.6.164.1.1.2.100.1.1.2149135843,Gauge32,2149135843
.1.3.6.1.4.1.2011.6.164.1.1.2.100.1.1.2149135844,Gauge32,2149135844
.1.3.6.1.4.1.2011.6.164.1.1.2.100.1.1.2149144679,Gauge32,2149144679
.1.3.6.1.4.1.2011.6.164.1.1.2.100.1.1.2149183520,Gauge32,2149183520
.1.3.6.1.4.1.2011.6.164.1.1.2.100.1.1.2149183521,Gauge32,2149183521
.1.3.6.1.4.1.2011.6.164.1.1.2.100.1.1.2149183522,Gauge32,2149183522
.1.3.6.1.4.1.2011.6.164.1.1.2.100.1.1.2149183684,Gauge32,2149183684
.1.3.6.1.4.1.2011.6.164.1.1.2.100.1.1.2149183693,Gauge32,2149183693
.1.3.6.1.4.1.2011.6.164.1.1.2.100.1.1.2149183694,Gauge32,2149183694
.1.3.6.1.4.1.2011.6.164.1.1.2.100.1.1.2149183695,Gauge32,2149183695
.1.3.6.1.4.1.2011.6.164.1.1.2.100.1.1.2149183696,Gauge32,2149183696
.1.3.6.1.4.1.2011.6.164.1.1.2.100.1.1.2149183697,Gauge32,2149183697
.1.3.6.1.4.1.2011.6.164.1.1.2.100.1.1.2149183698,Gauge32,2149183698
.1.3.6.1.4.1.2011.6.164.1.1.2.100.1.1.2149183854,Gauge32,2149183854
.1.3.6.1.4.1.2011.6.164.1.1.2.100.1.1.2149184107,Gauge32,2149184107
.1.3.6.1.4.1.2011.6.164.1.1.2.100.1.1.2149195235,Gauge32,2149195235
.1.3.6.1.4.1.2011.6.164.1.1.2.100.1.1.2149195236,Gauge32,2149195236
.1.3.6.1.4.1.2011.6.164.1.1.2.100.1.1.2149195237,Gauge32,2149195237
.1.3.6.1.4.1.2011.6.164.1.1.2.100.1.1.2149195238,Gauge32,2149195238
.1.3.6.1.4.1.2011.6.164.1.1.2.100.1.1.2149195239,Gauge32,2149195239
.1.3.6.1.4.1.2011.6.164.1.1.2.100.1.1.2149195240,Gauge32,2149195240
.1.3.6.1.4.1.2011.6.164.1.1.2.100.1.1.2149195241,Gauge32,2149195241
.1.3.6.1.4.1.2011.6.164.1.1.2.100.1.1.2149195242,Gauge32,2149195242
.1.3.6.1.4.1.2011.6.164.1.1.2.100.1.1.2149195243,Gauge32,2149195243
.1.3.6.1.4.1.2011.6.164.1.1.2.100.1.1.2149195244,Gauge32,2149195244
.1.3.6.1.4.1.2011.6.164.1.1.2.100.1.1.2149195245,Gauge32,2149195245
.1.3.6.1.4.1.2011.6.164.1.1.2.100.1.1.2149195248,Gauge32,2149195248
.1.3.6.1.4.1.2011.6.164.1.1.2.100.1.1.2149195250,Gauge32,2149195250
.1.3.6.1.4.1.2011.6.164.1.1.2.100.1.1.2149195251,Gauge32,2149195251
.1.3.6.1.4.1.2011.6.164.1.1.2.100.1.1.2149249035,Gauge32,2149249035
.1.3.6.1.4.1.2011.6.164.1.1.2.100.1.1.2149406455,Gauge32,2149406455
.1.3.6.1.4.1.2011.6.164.1.1.2.100.1.1.2149406456,Gauge32,2149406456
.1.3.6.1.4.1.2011.6.164.1.1.2.100.1.1.2149406457,Gauge32,2149406457
.1.3.6.1.4.1.2011.6.164.1.1.2.100.1.1.2149406458,Gauge32,2149406458
.1.3.6.1.4.1.2011.6.164.1.1.2.100.1.1.2149469629,Gauge32,2149469629
.1.3.6.1.4.1.2011.6.164.1.1.2.100.1.1.2149469630,Gauge32,2149469630
.1.3.6.1.4.1.2011.6.164.1.1.2.100.1.1.2149469631,Gauge32,2149469631
.1.3.6.1.4.1.2011.6.164.1.1.2.100.1.1.2149469632,Gauge32,2149469632
.1.3.6.1.4.1.2011.6.164.1.1.2.100.1.1.2149469633,Gauge32,2149469633
.1.3.6.1.4.1.2011.6.164.1.1.2.100.1.1.2149469634,Gauge32,2149469634
.1.3.6.1.4.1.2011.6.164.1.1.2.100.1.1.2149469635,Gauge32,2149469635
.1.3.6.1.4.1.2011.6.164.1.1.2.100.1.1.2149511366,Gauge32,2149511366
.1.3.6.1.4.1.2011.6.164.1.1.2.100.1.1.2149511370,Gauge32,2149511370
.1.3.6.1.4.1.2011.6.164.1.1.2.100.1.1.2149590756,Gauge32,2149590756
.1.3.6.1.4.1.2011.6.164.1.1.2.100.1.1.2149656293,Gauge32,2149656293
.1.3.6.1.4.1.2011.6.164.1.1.2.100.1.1.2149722481,Gauge32,2149722481
.1.3.6.1.4.1.2011.6.164.1.1.2.100.1.1.2149722483,Gauge32,2149722483
.1.3.6.1.4.1.2011.6.164.1.1.2.100.1.1.2149722484,Gauge32,2149722484
.1.3.6.1.4.1.2011.6.164.1.1.2.100.1.1.2149722485,Gauge32,2149722485
.1.3.6.1.4.1.2011.6.164.1.1.2.100.1.1.2149722486,Gauge32,2149722486
.1.3.6.1.4.1.2011.6.164.1.1.2.100.1.1.2149722487,Gauge32,2149722487
.1.3.6.1.4.1.2011.6.164.1.1.2.100.1.1.2149722488,Gauge32,2149722488
.1.3.6.1.4.1.2011.6.164.1.1.2.100.1.1.2149722492,Gauge32,2149722492
.1.3.6.1.4.1.2011.6.164.1.1.2.100.1.1.2149722493,Gauge32,2149722493
.1.3.6.1.4.1.2011.6.164.1.1.2.100.1.1.2149722495,Gauge32,2149722495
.1.3.6.1.4.1.2011.6.164.1.1.2.100.1.1.2149722496,Gauge32,2149722496
.1.3.6.1.4.1.2011.6.164.1.1.2.100.1.1.2149722498,Gauge32,2149722498
.1.3.6.1.4.1.2011.6.164.1.1.2.100.1.1.2149722499,Gauge32,2149722499
.1.3.6.1.4.1.2011.6.164.1.1.2.100.1.1.2149722500,Gauge32,2149722500
.1.3.6.1.4.1.2011.6.164.1.1.2.100.1.1.2149722501,Gauge32,2149722501
.1.3.6.1.4.1.2011.6.164.1.1.2.100.1.1.2149722502,Gauge32,2149722502
.1.3.6.1.4.1.2011.6.164.1.1.2.100.1.1.2149722503,Gauge32,2149722503
.1.3.6.1.4.1.2011.6.164.1.1.2.100.1.1.2149722504,Gauge32,2149722504
.1.3.6.1.4.1.2011.6.164.1.1.2.100.1.1.2149722505,Gauge32,2149722505
.1.3.6.1.4.1.2011.6.164.1.1.2.100.1.1.2149722508,Gauge32,2149722508
.1.3.6.1.4.1.2011.6.164.1.1.2.100.1.1.2149724973,Gauge32,2149724973
.1.3.6.1.4.1.2011.6.164.1.1.2.100.1.1.2149725012,Gauge32,2149725012
.1.3.6.1.4.1.2011.6.164.1.1.2.100.1.1.2149725013,Gauge32,2149725013
.1.3.6.1.4.1.2011.6.164.1.1.2.100.1.1.2149790512,Gauge32,2149790512
.1.3.6.1.4.1.2011.6.164.1.1.2.100.1.1.2149790513,Gauge32,2149790513
.1.3.6.1.4.1.2011.6.164.1.1.2.100.1.1.2149790514,Gauge32,2149790514
.1.3.6.1.4.1.2011.6.164.1.1.2.100.1.1.2149790700,Gauge32,2149790700
.1.3.6.1.4.1.2011.6.164.1.1.2.100.1.1.2149790701,Gauge32,2149790701
.1.3.6.1.4.1.2011.6.164.1.1.2.100.1.1.2149790702,Gauge32,2149790702
.1.3.6.1.4.1.2011.6.164.1.1.2.100.1.1.2149791259,Gauge32,2149791259
.1.3.6.1.4.1.2011.6.164.1.1.2.100.1.1.2149791260,Gauge32,2149791260
.1.3.6.1.4.1.2011.6.164.1.1.2.100.1.1.2149791264,Gauge32,2149791264
.1.3.6.1.4.1.2011.6.164.1.1.2.100.1.1.2149791265,Gauge32,2149791265
.1.3.6.1.4.1.2011.6.164.1.1.2.100.1.1.2149791266,Gauge32,2149791266
.1.3.6.1.4.1.2011.6.164.1.1.2.100.1.1.2149791267,Gauge32,2149791267
.1.3.6.1.4.1.2011.6.164.1.1.2.100.1.1.2149791268,Gauge32,2149791268
.1.3.6.1.4.1.2011.6.164.1.1.2.100.1.1.2149791269,Gauge32,2149791269
.1.3.6.1.4.1.2011.6.164.1.1.2.100.1.1.2149791270,Gauge32,2149791270
.1.3.6.1.4.1.2011.6.164.1.1.2.100.1.1.2149791271,Gauge32,2149791271
.1.3.6.1.4.1.2011.6.164.1.1.2.100.1.1.2149791272,Gauge32,2149791272
.1.3.6.1.4.1.2011.6.164.1.1.2.100.1.1.2149791273,Gauge32,2149791273
.1.3.6.1.4.1.2011.6.164.1.1.2.100.1.1.2149791274,Gauge32,2149791274
.1.3.6.1.4.1.2011.6.164.1.1.2.100.1.1.2149791275,Gauge32,2149791275
.1.3.6.1.4.1.2011.6.164.1.1.2.100.1.1.2149791276,Gauge32,2149791276
.1.3.6.1.4.1.2011.6.164.1.1.2.100.1.1.2149791277,Gauge32,2149791277
.1.3.6.1.4.1.2011.6.164.1.1.2.100.1.1.2149791279,Gauge32,2149791279
.1.3.6.1.4.1.2011.6.164.1.1.2.100.1.1.2149791280,Gauge32,2149791280
.1.3.6.1.4.1.2011.6.164.1.1.2.100.1.1.2149791326,Gauge32,2149791326
.1.3.6.1.4.1.2011.6.164.1.1.2.100.1.1.2149791340,Gauge32,2149791340
.1.3.6.1.4.1.2011.6.164.1.1.2.100.1.1.2149791471,Gauge32,2149791471
.1.3.6.1.4.1.2011.6.164.1.1.2.100.1.1.2149859995,Gauge32,2149859995
.1.3.6.1.4.1.2011.6.164.1.1.2.100.1.1.2149990667,Gauge32,2149990667
.1.3.6.1.4.1.2011.6.164.1.1.2.100.1.1.2149990668,Gauge32,2149990668
.1.3.6.1.4.1.2011.6.164.1.1.2.100.1.1.2149990669,Gauge32,2149990669
.1.3.6.1.4.1.2011.6.164.1.1.2.100.1.1.2149990670,Gauge32,2149990670
.1.3.6.1.4.1.2011.6.164.1.1.2.100.1.1.2149990671,Gauge32,2149990671
.1.3.6.1.4.1.2011.6.164.1.1.2.100.1.1.2149990672,Gauge32,2149990672
.1.3.6.1.4.1.2011.6.164.1.1.2.100.1.1.2149990673,Gauge32,2149990673
.1.3.6.1.4.1.2011.6.164.1.1.2.100.1.1.2149990674,Gauge32,2149990674
.1.3.6.1.4.1.2011.6.164.1.1.2.100.1.1.2149990675,Gauge32,2149990675
.1.3.6.1.4.1.2011.6.164.1.1.2.100.1.1.2149990676,Gauge32,2149990676
.1.3.6.1.4.1.2011.6.164.1.1.2.100.1.1.2149990677,Gauge32,2149990677
.1.3.6.1.4.1.2011.6.164.1.1.2.100.1.1.2149990678,Gauge32,2149990678
.1.3.6.1.4.1.2011.6.164.1.1.2.100.1.1.2150056103,Gauge32,2150056103
.1.3.6.1.4.1.2011.6.164.1.1.2.100.1.1.2150056104,Gauge32,2150056104
.1.3.6.1.4.1.2011.6.164.1.1.2.100.1.1.2150056105,Gauge32,2150056105
.1.3.6.1.4.1.2011.6.164.1.1.2.100.1.1.2150056106,Gauge32,2150056106
.1.3.6.1.4.1.2011.6.164.1.1.2.100.1.1.2150056107,Gauge32,2150056107
.1.3.6.1.4.1.2011.6.164.1.1.2.100.1.1.2150056108,Gauge32,2150056108
.1.3.6.1.4.1.2011.6.164.1.1.2.100.1.1.2150056109,Gauge32,2150056109
.1.3.6.1.4.1.2011.6.164.1.1.2.100.1.1.2150056110,Gauge32,2150056110
.1.3.6.1.4.1.2011.6.164.1.1.2.100.1.1.2150056111,Gauge32,2150056111
.1.3.6.1.4.1.2011.6.164.1.1.2.100.1.1.2150056112,Gauge32,2150056112
.1.3.6.1.4.1.2011.6.164.1.1.2.100.1.1.2150056113,Gauge32,2150056113
.1.3.6.1.4.1.2011.6.164.1.1.2.100.1.1.2150056114,Gauge32,2150056114
.1.3.6.1.4.1.2011.6.164.1.1.2.100.1.1.2150056115,Gauge32,2150056115
.1.3.6.1.4.1.2011.6.164.1.1.2.100.1.1.2150056116,Gauge32,2150056116
.1.3.6.1.4.1.2011.6.164.1.1.2.100.1.1.2150056117,Gauge32,2150056117
.1.3.6.1.4.1.2011.6.164.1.1.2.100.1.1.2150056118,Gauge32,2150056118
.1.3.6.1.4.1.2011.6.164.1.1.2.100.1.1.2150056119,Gauge32,2150056119
.1.3.6.1.4.1.2011.6.164.1.1.2.100.1.1.2150056120,Gauge32,2150056120
.1.3.6.1.4.1.2011.6.164.1.1.2.100.1.1.2150056121,Gauge32,2150056121
.1.3.6.1.4.1.2011.6.164.1.1.2.100.1.1.2150056122,Gauge32,2150056122
.1.3.6.1.4.1.2011.6.164.1.1.2.100.1.1.2150056123,Gauge32,2150056123
.1.3.6.1.4.1.2011.6.164.1.1.2.100.1.1.2150318081,Gauge32,2150318081
.1.3.6.1.4.1.2011.6.164.1.1.2.100.1.1.2150327077,Gauge32,2150327077
.1.3.6.1.4.1.2011.6.164.1.1.2.100.1.1.2150834384,Gauge32,2150834384
.1.3.6.1.4.1.2011.6.164.1.1.2.100.1.1.2150834385,Gauge32,2150834385
.1.3.6.1.4.1.2011.6.164.1.1.2.100.1.1.2150834386,Gauge32,2150834386
.1.3.6.1.4.1.2011.6.164.1.1.2.100.1.1.2150834389,Gauge32,2150834389
.1.3.6.1.4.1.2011.6.164.1.1.2.100.1.1.2150834390,Gauge32,2150834390
.1.3.6.1.4.1.2011.6.164.1.1.2.100.1.1.2150834391,Gauge32,2150834391
.1.3.6.1.4.1.2011.6.164.1.1.2.100.1.1.2150834392,Gauge32,2150834392
.1.3.6.1.4.1.2011.6.164.1.1.2.100.1.1.2150834393,Gauge32,2150834393
.1.3.6.1.4.1.2011.6.164.1.1.2.100.1.1.2150834394,Gauge32,2150834394
.1.3.6.1.4.1.2011.6.164.1.1.2.100.1.1.2150834395,Gauge32,2150834395
.1.3.6.1.4.1.2011.6.164.1.1.2.100.1.1.2150834396,Gauge32,2150834396
.1.3.6.1.4.1.2011.6.164.1.1.2.100.1.1.2150834397,Gauge32,2150834397
.1.3.6.1.4.1.2011.6.164.1.1.2.100.1.1.2150834398,Gauge32,2150834398
.1.3.6.1.4.1.2011.6.164.1.1.2.100.1.1.2150834441,Gauge32,2150834441
.1.3.6.1.4.1.2011.6.164.1.1.2.100.1.1.2150834452,Gauge32,2150834452
.1.3.6.1.4.1.2011.6.164.1.1.2.100.1.1.2150834453,Gauge32,2150834453
.1.3.6.1.4.1.2011.6.164.1.1.2.100.1.1.2150834454,Gauge32,2150834454
.1.3.6.1.4.1.2011.6.164.1.1.2.100.1.1.2150834455,Gauge32,2150834455
.1.3.6.1.4.1.2011.6.164.1.1.2.100.1.1.2150834456,Gauge32,2150834456
.1.3.6.1.4.1.2011.6.164.1.1.2.100.1.1.2150834457,Gauge32,2150834457
.1.3.6.1.4.1.2011.6.164.1.1.2.100.1.1.2150834458,Gauge32,2150834458
.1.3.6.1.4.1.2011.6.164.1.1.2.100.1.1.2150834459,Gauge32,2150834459
.1.3.6.1.4.1.2011.6.164.1.1.2.100.1.1.2150834460,Gauge32,2150834460
.1.3.6.1.4.1.2011.6.164.1.1.2.100.1.1.2150834461,Gauge32,2150834461
.1.3.6.1.4.1.2011.6.164.1.1.2.100.1.1.2150834462,Gauge32,2150834462
.1.3.6.1.4.1.2011.6.164.1.1.2.100.1.1.2150834463,Gauge32,2150834463
.1.3.6.1.4.1.2011.6.164.1.1.2.100.1.1.2150834464,Gauge32,2150834464
.1.3.6.1.4.1.2011.6.164.1.1.2.100.1.1.2150834465,Gauge32,2150834465
.1.3.6.1.4.1.2011.6.164.1.1.2.100.1.1.2150834466,Gauge32,2150834466
.1.3.6.1.4.1.2011.6.164.1.1.2.100.1.1.2150834467,Gauge32,2150834467
.1.3.6.1.4.1.2011.6.164.1.1.2.100.1.1.2150834468,Gauge32,2150834468
.1.3.6.1.4.1.2011.6.164.1.1.2.100.1.1.2150834469,Gauge32,2150834469
.1.3.6.1.4.1.2011.6.164.1.1.2.100.1.1.2150834470,Gauge32,2150834470
.1.3.6.1.4.1.2011.6.164.1.1.2.100.1.1.2150834471,Gauge32,2150834471
.1.3.6.1.4.1.2011.6.164.1.1.2.100.1.1.2150834472,Gauge32,2150834472
.1.3.6.1.4.1.2011.6.164.1.1.2.100.1.1.2150834473,Gauge32,2150834473
.1.3.6.1.4.1.2011.6.164.1.1.2.100.1.1.2150834474,Gauge32,2150834474
.1.3.6.1.4.1.2011.6.164.1.1.2.100.1.1.2150834475,Gauge32,2150834475
.1.3.6.1.4.1.2011.6.164.1.1.2.100.1.1.2150834476,Gauge32,2150834476
.1.3.6.1.4.1.2011.6.164.1.1.2.100.1.1.2150834477,Gauge32,2150834477
.1.3.6.1.4.1.2011.6.164.1.1.2.100.1.1.2150834478,Gauge32,2150834478
.1.3.6.1.4.1.2011.6.164.1.1.2.100.1.1.2150834479,Gauge32,2150834479
.1.3.6.1.4.1.2011.6.164.1.1.2.100.1.1.2150834480,Gauge32,2150834480
.1.3.6.1.4.1.2011.6.164.1.1.2.100.1.1.2150834481,Gauge32,2150834481
.1.3.6.1.4.1.2011.6.164.1.1.2.100.1.1.2150887436,Gauge32,2150887436
.1.3.6.1.4.1.2011.6.164.1.1.2.100.1.1.2150887437,Gauge32,2150887437
.1.3.6.1.4.1.2011.6.164.1.1.2.100.1.1.2150887438,Gauge32,2150887438
.1.3.6.1.4.1.2011.6.164.1.1.2.100.1.1.2150887439,Gauge32,2150887439
.1.3.6.1.4.1.2011.6.164.1.1.2.100.1.1.2151166265,Gauge32,2151166265
.1.3.6.1.4.1.2011.6.164.1.1.2.100.1.1.2151166267,Gauge32,2151166267
.1.3.6.1.4.1.2011.6.164.1.1.2.100.1.1.2152011218,Gauge32,2152011218
.1.3.6.1.4.1.2011.6.164.1.1.2.100.1.1.2152011219,Gauge32,2152011219
.1.3.6.1.4.1.2011.6.164.1.1.2.100.1.1.2152011484,Gauge32,2152011484
.1.3.6.1.4.1.2011.6.164.1.1.2.100.1.1.2152930801,Gauge32,2152930801
.1.3.6.1.4.1.2011.6.164.1.1.2.100.1.1.2155039039,Gauge32,2155039039
.1.3.6.1.4.1.2011.6.164.1.1.2.100.1.1.2155039040,Gauge32,2155039040
.1.3.6.1.4.1.2011.6.164.1.1.2.100.1.1.2155878346,Gauge32,2155878346
.1.3.6.1.4.1.2011.6.164.1.1.2.100.1.1.2155943862,Gauge32,2155943862
.1.3.6.1.4.1.2011.6.164.1.1.2.100.1.1.2156009408,Gauge32,2156009408
.1.3.6.1.4.1.2011.6.164.1.1.2.100.1.1.2156069280,Gauge32,2156069280
.1.3.6.1.4.1.2011.6.164.1.1.2.100.1.1.2156069281,Gauge32,2156069281
.1.3.6.1.4.1.2011.6.164.1.1.2.100.1.1.2156069282,Gauge32,2156069282
.1.3.6.1.4.1.2011.6.164.1.1.2.100.1.1.2156069283,Gauge32,2156069283
.1.3.6.1.4.1.2011.6.164.1.1.2.100.1.1.2156078974,Gauge32,2156078974
.1.3.6.1.4.1.2011.6.164.1.1.2.100.1.1.2156078975,Gauge32,2156078975
.1.3.6.1.4.1.2011.6.164.1.1.2.100.1.1.2156078978,Gauge32,2156078978
.1.3.6.1.4.1.2011.6.164.1.1.2.100.1.1.2156078979,Gauge32,2156078979
.1.3.6.1.4.1.2011.6.164.1.1.2.100.1.1.2156079075,Gauge32,2156079075
.1.3.6.1.4.1.2011.6.164.1.1.2.100.1.1.2156149662,Gauge32,2156149662
.1.3.6.1.4.1.2011.6.164.1.1.2.100.1.1.2156469530,Gauge32,2156469530
.1.3.6.1.4.1.2011.6.164.1.1.2.100.1.1.2156469531,Gauge32,2156469531
.1.3.6.1.4.1.2011.6.164.1.1.2.100.1.1.2156469532,Gauge32,2156469532
.1.3.6.1.4.1.2011.6.164.1.1.2.100.1.1.2156469533,Gauge32,2156469533
.1.3.6.1.4.1.2011.6.164.1.1.2.100.1.1.2156469534,Gauge32,2156469534
.1.3.6.1.4.1.2011.6.164.1.1.2.100.1.1.2156469535,Gauge32,2156469535
.1.3.6.1.4.1.2011.6.164.1.1.2.100.1.1.2156469536,Gauge32,2156469536
.1.3.6.1.4.1.2011.6.164.1.1.2.100.1.1.2156469537,Gauge32,2156469537
.1.3.6.1.4.1.2011.6.164.1.1.2.100.1.1.2156469538,Gauge32,2156469538
.1.3.6.1.4.1.2011.6.164.1.1.2.100.1.1.2156469539,Gauge32,2156469539
.1.3.6.1.4.1.2011.6.164.1.1.2.100.1.1.2156469540,Gauge32,2156469540
.1.3.6.1.4.1.2011.6.164.1.1.2.100.1.1.2156469541,Gauge32,2156469541
.1.3.6.1.4.1.2011.6.164.1.1.2.100.1.1.2156469542,Gauge32,2156469542
.1.3.6.1.4.1.2011.6.164.1.1.2.100.1.1.2156469543,Gauge32,2156469543
.1.3.6.1.4.1.2011.6.164.1.1.2.100.1.1.2156469544,Gauge32,2156469544
.1.3.6.1.4.1.2011.6.164.1.1.2.100.1.1.2156469545,Gauge32,2156469545
.1.3.6.1.4.1.2011.6.164.1.1.2.100.1.1.2156469546,Gauge32,2156469546
.1.3.6.1.4.1.2011.6.164.1.1.2.100.1.1.2156469547,Gauge32,2156469547
.1.3.6.1.4.1.2011.6.164.1.1.2.100.1.1.2156469548,Gauge32,2156469548
.1.3.6.1.4.1.2011.6.164.1.1.2.100.1.1.2156469549,Gauge32,2156469549
.1.3.6.1.4.1.2011.6.164.1.1.2.100.1.1.2156469550,Gauge32,2156469550
.1.3.6.1.4.1.2011.6.164.1.1.2.100.1.1.2156469551,Gauge32,2156469551
.1.3.6.1.4.1.2011.6.164.1.1.2.100.1.1.2156469552,Gauge32,2156469552
.1.3.6.1.4.1.2011.6.164.1.1.2.100.1.1.2156469553,Gauge32,2156469553
.1.3.6.1.4.1.2011.6.164.1.1.2.100.1.1.2156469554,Gauge32,2156469554
.1.3.6.1.4.1.2011.6.164.1.1.2.100.1.1.2156469555,Gauge32,2156469555
.1.3.6.1.4.1.2011.6.164.1.1.2.100.1.1.2156469556,Gauge32,2156469556
.1.3.6.1.4.1.2011.6.164.1.1.2.100.1.1.2156469557,Gauge32,2156469557
.1.3.6.1.4.1.2011.6.164.1.1.2.100.1.1.2156469558,Gauge32,2156469558
.1.3.6.1.4.1.2011.6.164.1.1.2.100.1.1.2156469559,Gauge32,2156469559
.1.3.6.1.4.1.2011.6.164.1.1.2.100.1.1.2156469560,Gauge32,2156469560
.1.3.6.1.4.1.2011.6.164.1.1.2.100.1.1.2156469561,Gauge32,2156469561
.1.3.6.1.4.1.2011.6.164.1.1.2.100.1.1.2156469562,Gauge32,2156469562
.1.3.6.1.4.1.2011.6.164.1.1.2.100.1.1.2156469563,Gauge32,2156469563
.1.3.6.1.4.1.2011.6.164.1.1.2.100.1.1.2156469564,Gauge32,2156469564
.1.3.6.1.4.1.2011.6.164.1.1.2.100.1.1.2156527923,Gauge32,2156527923
.1.3.6.1.4.1.2011.6.164.1.1.2.100.1.1.2161006315,Gauge32,2161006315
.1.3.6.1.4.1.2011.6.164.1.1.2.100.1.1.2161006316,Gauge32,2161006316
.1.3.6.1.4.1.2011.6.164.1.1.2.100.1.1.2161006317,Gauge32,2161006317
.1.3.6.1.4.1.2011.6.164.1.1.2.100.1.1.2161006318,Gauge32,2161006318
.1.3.6.1.4.1.2011.6.164.1.1.2.100.1.1.2164523711,Gauge32,2164523711
.1.3.6.1.4.1.2011.6.164.1.1.2.100.1.1.2164523712,Gauge32,2164523712
.1.3.6.1.4.1.2011.6.164.1.1.2.100.1.1.2164523713,Gauge32,2164523713
.1.3.6.1.4.1.2011.6.164.1.1.2.100.1.1.2164523714,Gauge32,2164523714
.1.3.6.1.4.1.2011.6.164.1.1.2.100.1.1.2164523744,Gauge32,2164523744
.1.3.6.1.4.1.2011.6.164.1.1.2.100.1.1.2164533109,Gauge32,2164533109
.1.3.6.1.4.1.2011.6.164.1.1.2.100.1.1.2164533111,Gauge32,2164533111
.1.3.6.1.4.1.2011.6.164.1.1.2.100.1.1.2164533739,Gauge32,2164533739
.1.3.6.1.4.1.2011.6.164.1.1.2.100.1.1.2164533740,Gauge32,2164533740
.1.3.6.1.4.1.2011.6.164.1.1.2.100.1.1.2164533764,Gauge32,2164533764
.1.3.6.1.4.1.2011.6.164.1.1.2.100.1.1.2164533765,Gauge32,2164533765
.1.3.6.1.4.1.2011.6.164.1.1.2.100.1.1.2164533790,Gauge32,2164533790
.1.3.6.1.4.1.2011.6.164.1.1.2.100.1.1.2164533791,Gauge32,2164533791
.1.3.6.1.4.1.2011.6.164.1.1.2.100.1.1.2164533792,Gauge32,2164533792
.1.3.6.1.4.1.2011.6.164.1.1.2.100.1.1.2164533801,Gauge32,2164533801
.1.3.6.1.4.1.2011.6.164.1.1.2.100.1.1.2164533806,Gauge32,2164533806
.1.3.6.1.4.1.2011.6.164.1.1.2.100.1.1.2164533807,Gauge32,2164533807
.1.3.6.1.4.1.2011.6.164.1.1.2.100.1.1.2164542773,Gauge32,2164542773
.1.3.6.1.4.1.2011.6.164.1.1.2.100.1.1.2164542774,Gauge32,2164542774
.1.3.6.1.4.1.2011.6.164.1.1.2.100.1.1.2164542775,Gauge32,2164542775
.1.3.6.1.4.1.2011.6.164.1.1.2.100.1.1.2164599102,Gauge32,2164599102
.1.3.6.1.4.1.2011.6.164.1.1.2.100.1.1.2164599103,Gauge32,2164599103
.1.3.6.1.4.1.2011.6.164.1.1.2.100.1.1.2164654783,Gauge32,2164654783
.1.3.6.1.4.1.2011.6.164.1.1.2.100.1.1.2164654784,Gauge32,2164654784
.1.3.6.1.4.1.2011.6.164.1.1.2.100.1.1.2164654785,Gauge32,2164654785
.1.3.6.1.4.1.2011.6.164.1.1.2.100.1.1.2164654786,Gauge32,2164654786
.1.3.6.1.4.1.2011.6.164.1.1.2.100.1.1.2164654816,Gauge32,2164654816
.1.3.6.1.4.1.2011.6.164.1.1.2.100.1.1.2164664181,Gauge32,2164664181
.1.3.6.1.4.1.2011.6.164.1.1.2.100.1.1.2164664183,Gauge32,2164664183
.1.3.6.1.4.1.2011.6.164.1.1.2.100.1.1.2164664811,Gauge32,2164664811
.1.3.6.1.4.1.2011.6.164.1.1.2.100.1.1.2164664812,Gauge32,2164664812
.1.3.6.1.4.1.2011.6.164.1.1.2.100.1.1.2164664836,Gauge32,2164664836
.1.3.6.1.4.1.2011.6.164.1.1.2.100.1.1.2164664837,Gauge32,2164664837
.1.3.6.1.4.1.2011.6.164.1.1.2.100.1.1.2164664862,Gauge32,2164664862
.1.3.6.1.4.1.2011.6.164.1.1.2.100.1.1.2164664863,Gauge32,2164664863
.1.3.6.1.4.1.2011.6.164.1.1.2.100.1.1.2164664864,Gauge32,2164664864
.1.3.6.1.4.1.2011.6.164.1.1.2.100.1.1.2164664873,Gauge32,2164664873
.1.3.6.1.4.1.2011.6.164.1.1.2.100.1.1.2164664878,Gauge32,2164664878
.1.3.6.1.4.1.2011.6.164.1.1.2.100.1.1.2164664879,Gauge32,2164664879
.1.3.6.1.4.1.2011.6.164.1.1.2.100.1.1.2164673845,Gauge32,2164673845
.1.3.6.1.4.1.2011.6.164.1.1.2.100.1.1.2164673846,Gauge32,2164673846
.1.3.6.1.4.1.2011.6.164.1.1.2.100.1.1.2164673847,Gauge32,2164673847
.1.3.6.1.4.1.2011.6.164.1.1.2.100.1.1.2164730174,Gauge32,2164730174
.1.3.6.1.4.1.2011.6.164.1.1.2.100.1.1.2164730175,Gauge32,2164730175
.1.3.6.1.4.1.2011.6.164.1.1.2.100.1.1.2164785855,Gauge32,2164785855
.1.3.6.1.4.1.2011.6.164.1.1.2.100.1.1.2164785856,Gauge32,2164785856
.1.3.6.1.4.1.2011.6.164.1.1.2.100.1.1.2164785857,Gauge32,2164785857
.1.3.6.1.4.1.2011.6.164.1.1.2.100.1.1.2164785858,Gauge32,2164785858
.1.3.6.1.4.1.2011.6.164.1.1.2.100.1.1.2164785888,Gauge32,2164785888
.1.3.6.1.4.1.2011.6.164.1.1.2.100.1.1.2164795253,Gauge32,2164795253
.1.3.6.1.4.1.2011.6.164.1.1.2.100.1.1.2164795255,Gauge32,2164795255
.1.3.6.1.4.1.2011.6.164.1.1.2.100.1.1.2164795883,Gauge32,2164795883
.1.3.6.1.4.1.2011.6.164.1.1.2.100.1.1.2164795884,Gauge32,2164795884
.1.3.6.1.4.1.2011.6.164.1.1.2.100.1.1.2164795908,Gauge32,2164795908
.1.3.6.1.4.1.2011.6.164.1.1.2.100.1.1.2164795909,Gauge32,2164795909
.1.3.6.1.4.1.2011.6.164.1.1.2.100.1.1.2164795934,Gauge32,2164795934
.1.3.6.1.4.1.2011.6.164.1.1.2.100.1.1.2164795935,Gauge32,2164795935
.1.3.6.1.4.1.2011.6.164.1.1.2.100.1.1.2164795936,Gauge32,2164795936
.1.3.6.1.4.1.2011.6.164.1.1.2.100.1.1.2164795945,Gauge32,2164795945
.1.3.6.1.4.1.2011.6.164.1.1.2.100.1.1.2164795950,Gauge32,2164795950
.1.3.6.1.4.1.2011.6.164.1.1.2.100.1.1.2164795951,Gauge32,2164795951
.1.3.6.1.4.1.2011.6.164.1.1.2.100.1.1.2164804917,Gauge32,2164804917
.1.3.6.1.4.1.2011.6.164.1.1.2.100.1.1.2164804918,Gauge32,2164804918
.1.3.6.1.4.1.2011.6.164.1.1.2.100.1.1.2164804919,Gauge32,2164804919
.1.3.6.1.4.1.2011.6.164.1.1.2.100.1.1.2164861246,Gauge32,2164861246
.1.3.6.1.4.1.2011.6.164.1.1.2.100.1.1.2164861247,Gauge32,2164861247
.1.3.6.1.4.1.2011.6.164.1.1.2.100.1.1.2165985301,Gauge32,2165985301
.1.3.6.1.4.1.2011.6.164.1.1.2.100.1.1.2166839119,Gauge32,2166839119
.1.3.6.1.4.1.2011.6.164.1.1.2.100.1.1.2166839120,Gauge32,2166839120
.1.3.6.1.4.1.2011.6.164.1.1.2.100.1.1.2166839121,Gauge32,2166839121
.1.3.6.1.4.1.2011.6.164.1.1.2.100.1.1.2166839122,Gauge32,2166839122
.1.3.6.1.4.1.2011.6.164.1.1.2.100.1.1.2166839123,Gauge32,2166839123
.1.3.6.1.4.1.2011.6.164.1.1.2.100.1.1.2166839124,Gauge32,2166839124
.1.3.6.1.4.1.2011.6.164.1.1.2.100.1.1.2166839125,Gauge32,2166839125
.1.3.6.1.4.1.2011.6.164.1.1.2.100.1.1.2166839126,Gauge32,2166839126
.1.3.6.1.4.1.2011.6.164.1.1.2.100.1.1.2166839127,Gauge32,2166839127
.1.3.6.1.4.1.2011.6.164.1.1.2.100.1.1.2166839128,Gauge32,2166839128
.1.3.6.1.4.1.2011.6.164.1.1.2.100.1.1.2166839129,Gauge32,2166839129
.1.3.6.1.4.1.2011.6.164.1.1.2.100.1.1.2166839130,Gauge32,2166839130
.1.3.6.1.4.1.2011.6.164.1.1.2.100.1.1.2166839132,Gauge32,2166839132
.1.3.6.1.4.1.2011.6.164.1.1.2.100.1.1.2166839133,Gauge32,2166839133
.1.3.6.1.4.1.2011.6.164.1.1.2.100.1.1.2166839134,Gauge32,2166839134
.1.3.6.1.4.1.2011.6.164.1.1.2.100.1.1.2166839135,Gauge32,2166839135
.1.3.6.1.4.1.2011.6.164.1.1.2.100.1.1.2166839137,Gauge32,2166839137
.1.3.6.1.4.1.2011.6.164.1.1.2.100.1.1.2166839138,Gauge32,2166839138
.1.3.6.1.4.1.2011.6.164.1.1.2.100.1.1.2167035637,Gauge32,2167035637
.1.3.6.1.4.1.2011.6.164.1.1.2.100.1.1.2167035638,Gauge32,2167035638
.1.3.6.1.4.1.2011.6.164.1.1.2.100.1.1.2168132640,Gauge32,2168132640
.1.3.6.1.4.1.2011.6.164.1.1.2.100.1.1.2168132641,Gauge32,2168132641
.1.3.6.1.4.1.2011.6.164.1.1.2.100.1.1.2168132642,Gauge32,2168132642
.1.3.6.1.4.1.2011.6.164.1.1.2.100.1.1.2168132643,Gauge32,2168132643
.1.3.6.1.4.1.2011.6.164.1.1.2.100.1.1.2174501931,Gauge32,2174501931
.1.3.6.1.4.1.2011.6.164.1.1.2.100.1.1.2175145930,Gauge32,2175145930
.1.3.6.1.4.1.2011.6.164.1.1.2.100.1.1.2175180407,Gauge32,2175180407
.1.3.6.1.4.1.2011.6.164.1.1.2.100.1.1.2175180408,Gauge32,2175180408
.1.3.6.1.4.1.2011.6.164.1.1.2.100.1.1.2175276992,Gauge32,2175276992
.1.3.6.1.4.1.2011.6.164.1.1.2.100.1.1.2175311481,Gauge32,2175311481
.1.3.6.1.4.1.2011.6.164.1.1.2.100.1.1.2175311482,Gauge32,2175311482
.1.3.6.1.4.1.2011.6.164.1.1.2.100.1.1.2175311483,Gauge32,2175311483
.1.3.6.1.4.1.2011.6.164.1.1.2.100.1.1.2175417246,Gauge32,2175417246
.1.3.6.1.4.1.2011.6.164.1.1.2.100.1.1.2175442549,Gauge32,2175442549
.1.3.6.1.4.1.2011.6.164.1.1.2.100.1.1.2175442550,Gauge32,2175442550
.1.3.6.1.4.1.2011.6.164.1.1.2.100.1.1.2175479920,Gauge32,2175479920
.1.3.6.1.4.1.2011.6.164.1.1.2.100.1.1.2175479921,Gauge32,2175479921
.1.3.6.1.4.1.2011.6.164.1.1.2.100.1.1.2175479935,Gauge32,2175479935
.1.3.6.1.4.1.2011.6.164.1.1.2.100.1.1.2175479936,Gauge32,2175479936
.1.3.6.1.4.1.2011.6.164.1.1.2.100.1.1.2175479937,Gauge32,2175479937
.1.3.6.1.4.1.2011.6.164.1.1.2.100.1.1.2175479938,Gauge32,2175479938
.1.3.6.1.4.1.2011.6.164.1.1.2.100.1.1.2175479952,Gauge32,2175479952
.1.3.6.1.4.1.2011.6.164.1.1.2.100.1.1.2175507982,Gauge32,2175507982
.1.3.6.1.4.1.2011.6.164.1.1.2.100.1.1.2175507983,Gauge32,2175507983
.1.3.6.1.4.1.2011.6.164.1.1.2.100.1.1.2175529158,Gauge32,2175529158
.1.3.6.1.4.1.2011.6.164.1.1.2.100.1.1.2175536856,Gauge32,2175536856
.1.3.6.1.4.1.2011.6.164.1.1.2.100.1.1.2175549441,Gauge32,2175549441
.1.3.6.1.4.1.2011.6.164.1.1.2.100.1.1.2175549457,Gauge32,2175549457
.1.3.6.1.4.1.2011.6.164.1.1.2.100.1.1.2175549458,Gauge32,2175549458
.1.3.6.1.4.1.2011.6.164.1.1.2.100.1.1.2175549459,Gauge32,2175549459
.1.3.6.1.4.1.2011.6.164.1.1.2.100.1.1.2175549460,Gauge32,2175549460
.1.3.6.1.4.1.2011.6.164.1.1.2.100.1.1.2176032009,Gauge32,2176032009
.1.3.6.1.4.1.2011.6.164.1.1.2.100.1.1.2176032011,Gauge32,2176032011
.1.3.6.1.4.1.2011.6.164.1.1.2.100.1.1.2176032013,Gauge32,2176032013
.1.3.6.1.4.1.2011.6.164.1.1.2.100.1.1.2176032014,Gauge32,2176032014
.1.3.6.1.4.1.2011.6.164.1.1.2.100.1.1.2176730155,Gauge32,2176730155
.1.3.6.1.4.1.2011.6.164.1.1.2.100.1.1.2178040875,Gauge32,2178040875
.1.3.6.1.4.1.2011.6.164.1.1.2.100.1.1.2178325869,Gauge32,2178325869
.1.3.6.1.4.1.2011.6.164.1.1.2.100.1.1.2178325870,Gauge32,2178325870
.1.3.6.1.4.1.2011.6.164.1.1.2.100.1.1.2178325871,Gauge32,2178325871
.1.3.6.1.4.1.2011.6.164.1.1.2.100.1.1.2178325872,Gauge32,2178325872
.1.3.6.1.4.1.2011.6.164.1.1.2.100.1.1.2178325873,Gauge32,2178325873
.1.3.6.1.4.1.2011.6.164.1.1.2.100.1.1.2178325874,Gauge32,2178325874
.1.3.6.1.4.1.2011.6.164.1.1.2.100.1.1.2178325875,Gauge32,2178325875
.1.3.6.1.4.1.2011.6.164.1.1.2.100.1.1.2178325876,Gauge32,2178325876
.1.3.6.1.4.1.2011.6.164.1.1.2.100.1.1.2178325877,Gauge32,2178325877
.1.3.6.1.4.1.2011.6.164.1.1.2.100.1.1.2178325878,Gauge32,2178325878
.1.3.6.1.4.1.2011.6.164.1.1.2.100.1.1.2178325879,Gauge32,2178325879
.1.3.6.1.4.1.2011.6.164.1.1.2.100.1.1.2178325880,Gauge32,2178325880
.1.3.6.1.4.1.2011.6.164.1.1.2.100.1.1.2178325881,Gauge32,2178325881
.1.3.6.1.4.1.2011.6.164.1.1.2.100.1.1.2178325882,Gauge32,2178325882
.1.3.6.1.4.1.2011.6.164.1.1.2.100.1.1.2178325883,Gauge32,2178325883
.1.3.6.1.4.1.2011.6.164.1.1.2.100.1.1.2178325884,Gauge32,2178325884
.1.3.6.1.4.1.2011.6.164.1.1.2.100.1.1.2178325885,Gauge32,2178325885
.1.3.6.1.4.1.2011.6.164.1.1.2.100.1.1.2178325886,Gauge32,2178325886
.1.3.6.1.4.1.2011.6.164.1.1.2.100.1.1.2178325887,Gauge32,2178325887
.1.3.6.1.4.1.2011.6.164.1.1.2.100.1.1.2178325888,Gauge32,2178325888
.1.3.6.1.4.1.2011.6.164.1.1.2.100.1.1.2178325889,Gauge32,2178325889
.1.3.6.1.4.1.2011.6.164.1.1.2.100.1.1.2178325890,Gauge32,2178325890
.1.3.6.1.4.1.2011.6.164.1.1.2.100.1.1.2178325891,Gauge32,2178325891
.1.3.6.1.4.1.2011.6.164.1.1.2.100.1.1.2178325892,Gauge32,2178325892
.1.3.6.1.4.1.2011.6.164.1.1.2.100.1.1.2178325893,Gauge32,2178325893
.1.3.6.1.4.1.2011.6.164.1.1.2.100.1.1.2178347656,Gauge32,2178347656
.1.3.6.1.4.1.2011.6.164.1.1.2.100.1.1.2178391455,Gauge32,2178391455
.1.3.6.1.4.1.2011.6.164.1.1.2.100.1.1.2179010264,Gauge32,2179010264
.1.3.6.1.4.1.2011.6.164.1.1.2.100.1.1.2179022849,Gauge32,2179022849
.1.3.6.1.4.1.2011.6.164.1.1.2.100.1.1.2179022865,Gauge32,2179022865
.1.3.6.1.4.1.2011.6.164.1.1.2.100.1.1.2179022866,Gauge32,2179022866
.1.3.6.1.4.1.2011.6.164.1.1.2.100.1.1.2179022867,Gauge32,2179022867
.1.3.6.1.4.1.2011.6.164.1.1.2.100.1.1.2179022868,Gauge32,2179022868
.1.3.6.1.4.1.2011.6.164.1.1.2.100.1.1.2179149936,Gauge32,2179149936
.1.3.6.1.4.1.2011.6.164.1.1.2.100.1.1.2179149937,Gauge32,2179149937
.1.3.6.1.4.1.2011.6.164.1.1.2.100.1.1.2179149951,Gauge32,2179149951
.1.3.6.1.4.1.2011.6.164.1.1.2.100.1.1.2179149952,Gauge32,2179149952
.1.3.6.1.4.1.2011.6.164.1.1.2.100.1.1.2179149953,Gauge32,2179149953
.1.3.6.1.4.1.2011.6.164.1.1.2.100.1.1.2179149954,Gauge32,2179149954
.1.3.6.1.4.1.2011.6.164.1.1.2.100.1.1.2179149966,Gauge32,2179149966
.1.3.6.1.4.1.2011.6.164.1.1.2.100.1.1.2179149967,Gauge32,2179149967
.1.3.6.1.4.1.2011.6.164.1.1.2.100.1.1.2179149968,Gauge32,2179149968
.1.3.6.1.4.1.2011.6.164.1.1.2.100.1.1.2179177998,Gauge32,2179177998
.1.3.6.1.4.1.2011.6.164.1.1.2.100.1.1.2179177999,Gauge32,2179177999
.1.3.6.1.4.1.2011.6.164.1.1.2.100.1.1.2179339731,Gauge32,2179339731
.1.3.6.1.4.1.2011.6.164.1.1.2.100.1.1.2179339996,Gauge32,2179339996
.1.3.6.1.4.1.2011.6.164.1.1.2.100.1.1.2179374576,Gauge32,2179374576
.1.3.6.1.4.1.2011.6.164.1.1.2.100.1.1.2179374577,Gauge32,2179374577
.1.3.6.1.4.1.2011.6.164.1.1.2.100.1.1.2179374579,Gauge32,2179374579
.1.3.6.1.4.1.2011.6.164.1.1.2.100.1.1.2179374580,Gauge32,2179374580
.1.3.6.1.4.1.2011.6.164.1.1.2.100.1.1.2181121066,Gauge32,2181121066
.1.3.6.1.4.1.2011.6.164.1.1.2.100.1.1.2181121067,Gauge32,2181121067
.1.3.6.1.4.1.2011.6.164.1.1.2.100.1.1.2181309046,Gauge32,2181309046
.1.3.6.1.4.1.2011.6.164.1.1.2.100.1.1.2181337190,Gauge32,2181337190
.1.3.6.1.4.1.2011.6.164.1.1.2.100.1.1.2181337191,Gauge32,2181337191
.1.3.6.1.4.1.2011.6.164.1.1.2.100.1.1.2181337200,Gauge32,2181337200
.1.3.6.1.4.1.2011.6.164.1.1.2.100.1.1.2181337201,Gauge32,2181337201
.1.3.6.1.4.1.2011.6.164.1.1.2.100.1.1.2181388011,Gauge32,2181388011
.1.3.6.1.4.1.2011.6.164.1.1.2.100.1.1.2181388012,Gauge32,2181388012
.1.3.6.1.4.1.2011.6.164.1.1.2.100.1.1.2181388013,Gauge32,2181388013
.1.3.6.1.4.1.2011.6.164.1.1.2.100.1.1.2181388014,Gauge32,2181388014
.1.3.6.1.4.1.2011.6.164.1.1.2.100.1.1.2181388015,Gauge32,2181388015
.1.3.6.1.4.1.2011.6.164.1.1.2.100.1.1.2181395791,Gauge32,2181395791
.1.3.6.1.4.1.2011.6.164.1.1.2.100.1.1.2181395792,Gauge32,2181395792
.1.3.6.1.4.1.2011.6.164.1.1.2.100.1.1.2181395793,Gauge32,2181395793
.1.3.6.1.4.1.2011.6.164.1.1.2.100.1.1.2181395794,Gauge32,2181395794
.1.3.6.1.4.1.2011.6.164.1.1.2.100.1.1.2181395795,Gauge32,2181395795
.1.3.6.1.4.1.2011.6.164.1.1.2.100.1.1.2181395796,Gauge32,2181395796
.1.3.6.1.4.1.2011.6.164.1.1.2.100.1.1.2181402652,Gauge32,2181402652
.1.3.6.1.4.1.2011.6.164.1.1.2.100.1.1.2181402653,Gauge32,2181402653
.1.3.6.1.4.1.2011.6.164.1.1.2.100.1.1.2183528868,Gauge32,2183528868
.1.3.6.1.4.1.2011.6.164.1.1.2.100.1.1.2183537270,Gauge32,2183537270
.1.3.6.1.4.1.2011.6.164.1.1.2.100.1.1.2183537272,Gauge32,2183537272
.1.3.6.1.4.1.2011.6.164.1.1.2.100.1.1.2183537273,Gauge32,2183537273
.1.3.6.1.4.1.2011.6.164.1.1.2.100.1.1.2183538548,Gauge32,2183538548
.1.3.6.1.4.1.2011.6.164.1.1.2.100.1.1.2183538600,Gauge32,2183538600
.1.3.6.1.4.1.2011.6.164.1.1.2.100.1.1.2183538601,Gauge32,2183538601
.1.3.6.1.4.1.2011.6.164.1.1.2.100.1.1.2183538602,Gauge32,2183538602
.1.3.6.1.4.1.2011.6.164.1.1.2.100.1.1.2183538603,Gauge32,2183538603
.1.3.6.1.4.1.2011.6.164.1.1.2.100.1.1.2183538617,Gauge32,2183538617
.1.3.6.1.4.1.2011.6.164.1.1.2.100.1.1.2183538618,Gauge32,2183538618
.1.3.6.1.4.1.2011.6.164.1.1.2.100.1.1.2183538619,Gauge32,2183538619
.1.3.6.1.4.1.2011.6.164.1.1.2.100.1.1.2183538620,Gauge32,2183538620
.1.3.6.1.4.1.2011.6.164.1.1.2.100.1.1.2183538621,Gauge32,2183538621
.1.3.6.1.4.1.2011.6.164.1.1.2.100.1.1.2183538623,Gauge32,2183538623
.1.3.6.1.4.1.2011.6.164.1.1.2.100.1.1.2183538624,Gauge32,2183538624
.1.3.6.1.4.1.2011.6.164.1.1.2.100.1.1.2183538625,Gauge32,2183538625
.1.3.6.1.4.1.2011.6.164.1.1.2.100.1.1.2183538626,Gauge32,2183538626
.1.3.6.1.4.1.2011.6.164.1.1.2.100.1.1.2183538627,Gauge32,2183538627
.1.3.6.1.4.1.2011.6.164.1.1.2.100.1.1.2183538628,Gauge32,2183538628
.1.3.6.1.4.1.2011.6.164.1.1.2.100.1.1.2183538629,Gauge32,2183538629
.1.3.6.1.4.1.2011.6.164.1.1.2.100.1.1.2183538630,Gauge32,2183538630
.1.3.6.1.4.1.2011.6.164.1.1.2.100.1.1.2183538631,Gauge32,2183538631
.1.3.6.1.4.1.2011.6.164.1.1.2.100.1.1.2183538632,Gauge32,2183538632
.1.3.6.1.4.1.2011.6.164.1.1.2.100.1.1.2183538633,Gauge32,2183538633
.1.3.6.1.4.1.2011.6.164.1.1.2.100.1.1.2183538634,Gauge32,2183538634
.1.3.6.1.4.1.2011.6.164.1.1.2.100.1.1.2183538635,Gauge32,2183538635
.1.3.6.1.4.1.2011.6.164.1.1.2.100.1.1.2183538636,Gauge32,2183538636
.1.3.6.1.4.1.2011.6.164.1.1.2.100.1.1.2183538637,Gauge32,2183538637
.1.3.6.1.4.1.2011.6.164.1.1.2.100.1.1.2183538638,Gauge32,2183538638
.1.3.6.1.4.1.2011.6.164.1.1.2.100.1.1.2183538639,Gauge32,2183538639
.1.3.6.1.4.1.2011.6.164.1.1.2.100.1.1.2183538640,Gauge32,2183538640
.1.3.6.1.4.1.2011.6.164.1.1.2.100.1.1.2183538641,Gauge32,2183538641
.1.3.6.1.4.1.2011.6.164.1.1.2.100.1.1.2183538672,Gauge32,2183538672
.1.3.6.1.4.1.2011.6.164.1.1.2.100.1.1.2183538711,Gauge32,2183538711
.1.3.6.1.4.1.2011.6.164.1.1.2.100.1.1.2183538713,Gauge32,2183538713
.1.3.6.1.4.1.2011.6.164.1.1.2.100.1.1.2183538744,Gauge32,2183538744
.1.3.6.1.4.1.2011.6.164.1.1.2.100.1.1.2183538745,Gauge32,2183538745
.1.3.6.1.4.1.2011.6.164.1.1.2.100.1.1.2183543704,Gauge32,2183543704
.1.3.6.1.4.1.2011.6.164.1.1.2.100.1.1.2183543705,Gauge32,2183543705
.1.3.6.1.4.1.2011.6.164.1.1.2.100.1.1.2183543708,Gauge32,2183543708
.1.3.6.1.4.1.2011.6.164.1.1.2.100.1.1.2183543709,Gauge32,2183543709
.1.3.6.1.4.1.2011.6.164.1.1.2.100.1.1.2183543719,Gauge32,2183543719
.1.3.6.1.4.1.2011.6.164.1.1.2.100.1.1.2183543732,Gauge32,2183543732
.1.3.6.1.4.1.2011.6.164.1.1.2.100.1.1.2183543733,Gauge32,2183543733
.1.3.6.1.4.1.2011.6.164.1.1.2.100.1.1.2183543737,Gauge32,2183543737
.1.3.6.1.4.1.2011.6.164.1.1.2.100.1.1.2183543738,Gauge32,2183543738
.1.3.6.1.4.1.2011.6.164.1.1.2.100.1.1.2183543739,Gauge32,2183543739
.1.3.6.1.4.1.2011.6.164.1.1.2.100.1.1.2183543740,Gauge32,2183543740
.1.3.6.1.4.1.2011.6.164.1.1.2.100.1.1.2183543741,Gauge32,2183543741
.1.3.6.1.4.1.2011.6.164.1.1.2.100.1.1.2183543742,Gauge32,2183543742
.1.3.6.1.4.1.2011.6.164.1.1.2.100.1.1.2183543744,Gauge32,2183543744
.1.3.6.1.4.1.2011.6.164.1.1.2.100.1.1.2183543753,Gauge32,2183543753
.1.3.6.1.4.1.2011.6.164.1.1.2.100.1.1.2183543778,Gauge32,2183543778
.1.3.6.1.4.1.2011.6.164.1.1.2.100.1.1.2183543779,Gauge32,2183543779
.1.3.6.1.4.1.2011.6.164.1.1.2.100.1.1.2183549235,Gauge32,2183549235
.1.3.6.1.4.1.2011.6.164.1.1.2.100.1.1.2183549236,Gauge32,2183549236
.1.3.6.1.4.1.2011.6.164.1.1.2.100.1.1.2183549237,Gauge32,2183549237
.1.3.6.1.4.1.2011.6.164.1.1.2.100.1.1.2183549238,Gauge32,2183549238
.1.3.6.1.4.1.2011.6.164.1.1.2.100.1.1.2183549241,Gauge32,2183549241
.1.3.6.1.4.1.2011.6.164.1.1.2.100.1.1.2183549242,Gauge32,2183549242
.1.3.6.1.4.1.2011.6.164.1.1.2.100.1.1.2183549243,Gauge32,2183549243
.1.3.6.1.4.1.2011.6.164.1.1.2.100.1.1.2183549244,Gauge32,2183549244
.1.3.6.1.4.1.2011.6.164.1.1.2.100.1.1.2183549246,Gauge32,2183549246
.1.3.6.1.4.1.2011.6.164.1.1.2.100.1.1.2183549247,Gauge32,2183549247
.1.3.6.1.4.1.2011.6.164.1.1.2.100.1.1.2183549248,Gauge32,2183549248
.1.3.6.1.4.1.2011.6.164.1.1.2.100.1.1.2183549249,Gauge32,2183549249
.1.3.6.1.4.1.2011.6.164.1.1.2.100.1.1.2183549251,Gauge32,2183549251
.1.3.6.1.4.1.2011.6.164.1.1.2.100.1.1.2183549252,Gauge32,2183549252
.1.3.6.1.4.1.2011.6.164.1.1.2.100.1.1.2183549253,Gauge32,2183549253
.1.3.6.1.4.1.2011.6.164.1.1.2.100.1.1.2183549254,Gauge32,2183549254
.1.3.6.1.4.1.2011.6.164.1.1.2.100.1.1.2183589908,Gauge32,2183589908
.1.3.6.1.4.1.2011.6.164.1.1.2.100.1.1.2183589909,Gauge32,2183589909
.1.3.6.1.4.1.2011.6.164.1.1.2.100.1.1.2183589910,Gauge32,2183589910
.1.3.6.1.4.1.2011.6.164.1.1.2.100.1.1.2183589911,Gauge32,2183589911
.1.3.6.1.4.1.2011.6.164.1.1.2.100.1.1.2183589912,Gauge32,2183589912
.1.3.6.1.4.1.2011.6.164.1.1.2.100.1.1.2183589913,Gauge32,2183589913
.1.3.6.1.4.1.2011.6.164.1.1.2.100.1.1.2183589914,Gauge32,2183589914
.1.3.6.1.4.1.2011.6.164.1.1.2.100.1.1.2183589915,Gauge32,2183589915
.1.3.6.1.4.1.2011.6.164.1.1.2.100.1.1.2183589916,Gauge32,2183589916
.1.3.6.1.4.1.2011.6.164.1.1.2.100.1.1.2183589917,Gauge32,2183589917
.1.3.6.1.4.1.2011.6.164.1.1.2.100.1.1.2183589918,Gauge32,2183589918
.1.3.6.1.4.1.2011.6.164.1.1.2.100.1.1.2183589919,Gauge32,2183589919
.1.3.6.1.4.1.2011.6.164.1.1.2.100.1.1.2183590015,Gauge32,2183590015
.1.3.6.1.4.1.2011.6.164.1.1.2.100.1.1.2183590040,Gauge32,2183590040
.1.3.6.1.4.1.2011.6.164.1.1.2.100.1.1.2183590041,Gauge32,2183590041
.1.3.6.1.4.1.2011.6.164.1.1.2.100.1.1.2183590042,Gauge32,2183590042
.1.3.6.1.4.1.2011.6.164.1.1.2.100.1.1.2183590043,Gauge32,2183590043
.1.3.6.1.4.1.2011.6.164.1.1.2.100.1.1.2183590044,Gauge32,2183590044
.1.3.6.1.4.1.2011.6.164.1.1.2.100.1.1.2183590045,Gauge32,2183590045
.1.3.6.1.4.1.2011.6.164.1.1.2.100.1.1.2183590046,Gauge32,2183590046
.1.3.6.1.4.1.2011.6.164.1.1.2.100.1.1.2183590047,Gauge32,2183590047
.1.3.6.1.4.1.2011.6.164.1.1.2.100.1.1.2183590109,Gauge32,2183590109
.1.3.6.1.4.1.2011.6.164.1.1.2.100.1.1.2183590111,Gauge32,2183590111
.1.3.6.1.4.1.2011.6.164.1.1.2.100.1.1.2183590112,Gauge32,2183590112
.1.3.6.1.4.1.2011.6.164.1.1.2.100.1.1.2183590113,Gauge32,2183590113
.1.3.6.1.4.1.2011.6.164.1.1.2.100.1.1.2183590114,Gauge32,2183590114
.1.3.6.1.4.1.2011.6.164.1.1.2.100.1.1.2183590115,Gauge32,2183590115
.1.3.6.1.4.1.2011.6.164.1.1.2.100.1.1.2183590116,Gauge32,2183590116
.1.3.6.1.4.1.2011.6.164.1.1.2.100.1.1.2183590117,Gauge32,2183590117
.1.3.6.1.4.1.2011.6.164.1.1.2.100.1.1.2183590118,Gauge32,2183590118
.1.3.6.1.4.1.2011.6.164.1.1.2.100.1.1.2183590119,Gauge32,2183590119
.1.3.6.1.4.1.2011.6.164.1.1.2.100.1.1.2183590120,Gauge32,2183590120
.1.3.6.1.4.1.2011.6.164.1.1.2.100.1.1.2183590121,Gauge32,2183590121
.1.3.6.1.4.1.2011.6.164.1.1.2.100.1.1.2183590122,Gauge32,2183590122
.1.3.6.1.4.1.2011.6.164.1.1.2.100.1.1.2183590123,Gauge32,2183590123
.1.3.6.1.4.1.2011.6.164.1.1.2.100.1.1.2183590124,Gauge32,2183590124
.1.3.6.1.4.1.2011.6.164.1.1.2.100.1.1.2183590125,Gauge32,2183590125
.1.3.6.1.4.1.2011.6.164.1.1.2.100.1.1.2183590126,Gauge32,2183590126
.1.3.6.1.4.1.2011.6.164.1.1.2.100.1.1.2183590127,Gauge32,2183590127
.1.3.6.1.4.1.2011.6.164.1.1.2.100.1.1.2183590128,Gauge32,2183590128
.1.3.6.1.4.1.2011.6.164.1.1.2.100.1.1.2183590129,Gauge32,2183590129
.1.3.6.1.4.1.2011.6.164.1.1.2.100.1.1.2183590130,Gauge32,2183590130
.1.3.6.1.4.1.2011.6.164.1.1.2.100.1.1.2183590131,Gauge32,2183590131
.1.3.6.1.4.1.2011.6.164.1.1.2.100.1.1.2183590132,Gauge32,2183590132
.1.3.6.1.4.1.2011.6.164.1.1.2.100.1.1.2183590133,Gauge32,2183590133
.1.3.6.1.4.1.2011.6.164.1.1.2.100.1.1.2183590134,Gauge32,2183590134
.1.3.6.1.4.1.2011.6.164.1.1.2.100.1.1.2183590135,Gauge32,2183590135
.1.3.6.1.4.1.2011.6.164.1.1.2.100.1.1.2183590136,Gauge32,2183590136
.1.3.6.1.4.1.2011.6.164.1.1.2.100.1.1.2183590137,Gauge32,2183590137
.1.3.6.1.4.1.2011.6.164.1.1.2.100.1.1.2183590138,Gauge32,2183590138
.1.3.6.1.4.1.2011.6.164.1.1.2.100.1.1.2183590139,Gauge32,2183590139
.1.3.6.1.4.1.2011.6.164.1.1.2.100.1.1.2183590140,Gauge32,2183590140
.1.3.6.1.4.1.2011.6.164.1.1.2.100.1.1.2183590141,Gauge32,2183590141
.1.3.6.1.4.1.2011.6.164.1.1.2.100.1.1.2183590142,Gauge32,2183590142
.1.3.6.1.4.1.2011.6.164.1.1.2.100.1.1.2183590143,Gauge32,2183590143
.1.3.6.1.4.1.2011.6.164.1.1.2.100.1.1.2183590144,Gauge32,2183590144
.1.3.6.1.4.1.2011.6.164.1.1.2.100.1.1.2183590145,Gauge32,2183590145
.1.3.6.1.4.1.2011.6.164.1.1.2.100.1.1.2183590146,Gauge32,2183590146
.1.3.6.1.4.1.2011.6.164.1.1.2.100.1.1.2183590147,Gauge32,2183590147
.1.3.6.1.4.1.2011.6.164.1.1.2.100.1.1.2183590148,Gauge32,2183590148
.1.3.6.1.4.1.2011.6.164.1.1.2.100.1.1.2183590149,Gauge32,2183590149
.1.3.6.1.4.1.2011.6.164.1.1.2.100.1.1.2183590150,Gauge32,2183590150
.1.3.6.1.4.1.2011.6.164.1.1.2.100.1.1.2183590151,Gauge32,2183590151
.1.3.6.1.4.1.2011.6.164.1.1.2.100.1.1.2183590152,Gauge32,2183590152
.1.3.6.1.4.1.2011.6.164.1.1.2.100.1.1.2183590153,Gauge32,2183590153
.1.3.6.1.4.1.2011.6.164.1.1.2.100.1.1.2183590154,Gauge32,2183590154
.1.3.6.1.4.1.2011.6.164.1.1.2.100.1.1.2183590155,Gauge32,2183590155
.1.3.6.1.4.1.2011.6.164.1.1.2.100.1.1.2183590156,Gauge32,2183590156
.1.3.6.1.4.1.2011.6.164.1.1.2.100.1.1.2183590157,Gauge32,2183590157
.1.3.6.1.4.1.2011.6.164.1.1.2.100.1.1.2183590158,Gauge32,2183590158
.1.3.6.1.4.1.2011.6.164.1.1.2.100.1.1.2183590159,Gauge32,2183590159
.1.3.6.1.4.1.2011.6.164.1.1.2.100.1.1.2183590169,Gauge32,2183590169
.1.3.6.1.4.1.2011.6.164.1.1.2.100.1.1.2183590170,Gauge32,2183590170
.1.3.6.1.4.1.2011.6.164.1.1.2.100.1.1.2184249452,Gauge32,2184249452
.1.3.6.1.4.1.2011.6.164.1.1.2.100.1.1.2184250894,Gauge32,2184250894
.1.3.6.1.4.1.2011.6.164.1.1.2.100.1.1.2184250896,Gauge32,2184250896
.1.3.6.1.4.1.2011.6.164.1.1.2.100.1.1.2184250897,Gauge32,2184250897
.1.3.6.1.4.1.2011.6.164.1.1.2.100.1.1.2184250899,Gauge32,2184250899
.1.3.6.1.4.1.2011.6.164.1.1.2.100.1.1.2184250900,Gauge32,2184250900
.1.3.6.1.4.1.2011.6.164.1.1.2.100.1.1.2184250901,Gauge32,2184250901
.1.3.6.1.4.1.2011.6.164.1.1.2.100.1.1.2184250902,Gauge32,2184250902
.1.3.6.1.4.1.2011.6.164.1.1.2.100.1.1.2184250903,Gauge32,2184250903
.1.3.6.1.4.1.2011.6.164.1.1.2.100.1.1.2184250904,Gauge32,2184250904
.1.3.6.1.4.1.2011.6.164.1.1.2.100.1.1.2184250911,Gauge32,2184250911
.1.3.6.1.4.1.2011.6.164.1.1.2.100.1.1.2184250912,Gauge32,2184250912
.1.3.6.1.4.1.2011.6.164.1.1.2.100.1.1.2184250913,Gauge32,2184250913
.1.3.6.1.4.1.2011.6.164.1.1.2.100.1.1.2184259556,Gauge32,2184259556
.1.3.6.1.4.1.2011.6.164.1.1.2.100.1.1.2184259608,Gauge32,2184259608
.1.3.6.1.4.1.2011.6.164.1.1.2.100.1.1.2184259614,Gauge32,2184259614
.1.3.6.1.4.1.2011.6.164.1.1.2.100.1.1.2184259615,Gauge32,2184259615
.1.3.6.1.4.1.2011.6.164.1.1.2.100.1.1.2184259616,Gauge32,2184259616
.1.3.6.1.4.1.2011.6.164.1.1.2.100.1.1.2184259617,Gauge32,2184259617
.1.3.6.1.4.1.2011.6.164.1.1.2.100.1.1.2184259618,Gauge32,2184259618
.1.3.6.1.4.1.2011.6.164.1.1.2.100.1.1.2184259619,Gauge32,2184259619
.1.3.6.1.4.1.2011.6.164.1.1.2.100.1.1.2184264616,Gauge32,2184264616
.1.3.6.1.4.1.2011.6.164.1.1.2.100.1.1.2184264626,Gauge32,2184264626
.1.3.6.1.4.1.2011.6.164.1.1.2.100.1.1.2184310902,Gauge32,2184310902
.1.3.6.1.4.1.2011.6.164.1.1.2.100.1.1.2184310903,Gauge32,2184310903
.1.3.6.1.4.1.2011.6.164.1.1.2.100.1.1.2184310983,Gauge32,2184310983
.1.3.6.1.4.1.2011.6.164.1.1.2.100.1.1.2184311186,Gauge32,2184311186
.1.3.6.1.4.1.2011.6.164.1.1.2.100.1.1.2184537702,Gauge32,2184537702
.1.3.6.1.4.1.2011.6.164.1.1.2.100.1.1.2184537703,Gauge32,2184537703
.1.3.6.1.4.1.2011.6.164.1.1.2.100.1.1.2184537704,Gauge32,2184537704
.1.3.6.1.4.1.2011.6.164.1.1.2.100.1.1.2184537705,Gauge32,2184537705
.1.3.6.1.4.1.2011.6.164.1.1.2.100.1.1.2184537712,Gauge32,2184537712
.1.3.6.1.4.1.2011.6.164.1.1.2.100.1.1.2184537713,Gauge32,2184537713
.1.3.6.1.4.1.2011.6.164.1.1.2.100.1.1.2184537714,Gauge32,2184537714
.1.3.6.1.4.1.2011.6.164.1.1.2.100.1.1.2184537715,Gauge32,2184537715
.1.3.6.1.4.1.2011.6.164.1.1.2.100.1.1.2184537716,Gauge32,2184537716
.1.3.6.1.4.1.2011.6.164.1.1.2.100.1.1.2184537717,Gauge32,2184537717
.1.3.6.1.4.1.2011.6.164.1.1.2.100.1.1.2184537718,Gauge32,2184537718
.1.3.6.1.4.1.2011.6.164.1.1.2.100.1.1.2184537719,Gauge32,2184537719
.1.3.6.1.4.1.2011.6.164.1.1.2.100.1.1.2184537720,Gauge32,2184537720
.1.3.6.1.4.1.2011.6.164.1.1.2.100.1.1.2184537721,Gauge32,2184537721
.1.3.6.1.4.1.2011.6.164.1.1.2.100.1.1.2184537728,Gauge32,2184537728
.1.3.6.1.4.1.2011.6.164.1.1.2.100.1.1.2184537729,Gauge32,2184537729
.1.3.6.1.4.1.2011.6.164.1.1.2.100.1.1.2184537730,Gauge32,2184537730
.1.3.6.1.4.1.2011.6.164.1.1.2.100.1.1.2184537731,Gauge32,2184537731
.1.3.6.1.4.1.2011.6.164.1.1.2.100.1.1.2184537732,Gauge32,2184537732
.1.3.6.1.4.1.2011.6.164.1.1.2.100.1.1.2184537733,Gauge32,2184537733
.1.3.6.1.4.1.2011.6.164.1.1.2.100.1.1.2184537734,Gauge32,2184537734
.1.3.6.1.4.1.2011.6.164.1.1.2.100.1.1.2184537735,Gauge32,2184537735
.1.3.6.1.4.1.2011.6.164.1.1.2.100.1.1.2184537736,Gauge32,2184537736
.1.3.6.1.4.1.2011.6.164.1.1.2.100.1.1.2184537737,Gauge32,2184537737
.1.3.6.1.4.1.2011.6.164.1.1.2.100.1.1.2184537744,Gauge32,2184537744
.1.3.6.1.4.1.2011.6.164.1.1.2.100.1.1.2184537745,Gauge32,2184537745
.1.3.6.1.4.1.2011.6.164.1.1.2.100.1.1.2184537746,Gauge32,2184537746
.1.3.6.1.4.1.2011.6.164.1.1.2.100.1.1.2184537747,Gauge32,2184537747
.1.3.6.1.4.1.2011.6.164.1.1.2.100.1.1.2184537748,Gauge32,2184537748
.1.3.6.1.4.1.2011.6.164.1.1.2.100.1.1.2184537749,Gauge32,2184537749
.1.3.6.1.4.1.2011.6.164.1.1.2.100.1.1.2184537750,Gauge32,2184537750
.1.3.6.1.4.1.2011.6.164.1.1.2.100.1.1.2184537751,Gauge32,2184537751
.1.3.6.1.4.1.2011.6.164.1.1.2.100.1.1.2184537752,Gauge32,2184537752
.1.3.6.1.4.1.2011.6.164.1.1.2.100.1.1.2184537753,Gauge32,2184537753
.1.3.6.1.4.1.2011.6.164.1.1.2.100.1.1.2184537856,Gauge32,2184537856
.1.3.6.1.4.1.2011.6.164.1.1.2.100.1.1.2184537857,Gauge32,2184537857
.1.3.6.1.4.1.2011.6.164.1.1.2.100.1.1.2184537858,Gauge32,2184537858
.1.3.6.1.4.1.2011.6.164.1.1.2.100.1.1.2184537859,Gauge32,2184537859
.1.3.6.1.4.1.2011.6.164.1.1.2.100.1.1.2184537860,Gauge32,2184537860
.1.3.6.1.4.1.2011.6.164.1.1.2.100.1.1.2184537861,Gauge32,2184537861
.1.3.6.1.4.1.2011.6.164.1.1.2.100.1.1.2184537862,Gauge32,2184537862
.1.3.6.1.4.1.2011.6.164.1.1.2.100.1.1.2184537863,Gauge32,2184537863
.1.3.6.1.4.1.2011.6.164.1.1.2.100.1.1.2184537864,Gauge32,2184537864
.1.3.6.1.4.1.2011.6.164.1.1.2.100.1.1.2184537865,Gauge32,2184537865
.1.3.6.1.4.1.2011.6.164.1.1.2.100.1.1.2184537872,Gauge32,2184537872
.1.3.6.1.4.1.2011.6.164.1.1.2.100.1.1.2184537873,Gauge32,2184537873
.1.3.6.1.4.1.2011.6.164.1.1.2.100.1.1.2184537874,Gauge32,2184537874
.1.3.6.1.4.1.2011.6.164.1.1.2.100.1.1.2184537875,Gauge32,2184537875
.1.3.6.1.4.1.2011.6.164.1.1.2.100.1.1.2184537876,Gauge32,2184537876
.1.3.6.1.4.1.2011.6.164.1.1.2.100.1.1.2184537877,Gauge32,2184537877
.1.3.6.1.4.1.2011.6.164.1.1.2.100.1.1.2184537878,Gauge32,2184537878
.1.3.6.1.4.1.2011.6.164.1.1.2.100.1.1.2184537879,Gauge32,2184537879
.1.3.6.1.4.1.2011.6.164.1.1.2.100.1.1.2184537880,Gauge32,2184537880
.1.3.6.1.4.1.2011.6.164.1.1.2.100.1.1.2184537881,Gauge32,2184537881
.1.3.6.1.4.1.2011.6.164.1.1.2.100.1.1.2184537888,Gauge32,2184537888
.1.3.6.1.4.1.2011.6.164.1.1.2.100.1.1.2184537889,Gauge32,2184537889
.1.3.6.1.4.1.2011.6.164.1.1.2.100.1.1.2184537890,Gauge32,2184537890
.1.3.6.1.4.1.2011.6.164.1.1.2.100.1.1.2184537891,Gauge32,2184537891
.1.3.6.1.4.1.2011.6.164.1.1.2.100.1.1.2184537892,Gauge32,2184537892
.1.3.6.1.4.1.2011.6.164.1.1.2.100.1.1.2184537893,Gauge32,2184537893
.1.3.6.1.4.1.2011.6.164.1.1.2.100.1.1.2184537894,Gauge32,2184537894
.1.3.6.1.4.1.2011.6.164.1.1.2.100.1.1.2184537895,Gauge32,2184537895
.1.3.6.1.4.1.2011.6.164.1.1.2.100.1.1.2184537896,Gauge32,2184537896
.1.3.6.1.4.1.2011.6.164.1.1.2.100.1.1.2184537897,Gauge32,2184537897
.1.3.6.1.4.1.2011.6.164.1.1.2.100.1.1.2184537904,Gauge32,2184537904
.1.3.6.1.4.1.2011.6.164.1.1.2.100.1.1.2184537905,Gauge32,2184537905
.1.3.6.1.4.1.2011.6.164.1.1.2.100.1.1.2184537906,Gauge32,2184537906
.1.3.6.1.4.1.2011.6.164.1.1.2.100.1.1.2184537907,Gauge32,2184537907
.1.3.6.1.4.1.2011.6.164.1.1.2.100.1.1.2184537908,Gauge32,2184537908
.1.3.6.1.4.1.2011.6.164.1.1.2.100.1.1.2184537909,Gauge32,2184537909
.1.3.6.1.4.1.2011.6.164.1.1.2.100.1.1.2184537910,Gauge32,2184537910
.1.3.6.1.4.1.2011.6.164.1.1.2.100.1.1.2184537911,Gauge32,2184537911
.1.3.6.1.4.1.2011.6.164.1.1.2.100.1.1.2184537912,Gauge32,2184537912
.1.3.6.1.4.1.2011.6.164.1.1.2.100.1.1.2184537913,Gauge32,2184537913
.1.3.6.1.4.1.2011.6.164.1.1.2.100.1.1.2184537920,Gauge32,2184537920
.1.3.6.1.4.1.2011.6.164.1.1.2.100.1.1.2184537921,Gauge32,2184537921
.1.3.6.1.4.1.2011.6.164.1.1.2.100.1.1.2184537922,Gauge32,2184537922
.1.3.6.1.4.1.2011.6.164.1.1.2.100.1.1.2184537923,Gauge32,2184537923
.1.3.6.1.4.1.2011.6.164.1.1.2.100.1.1.2184537924,Gauge32,2184537924
.1.3.6.1.4.1.2011.6.164.1.1.2.100.1.1.2184537925,Gauge32,2184537925
.1.3.6.1.4.1.2011.6.164.1.1.2.100.1.1.2184537926,Gauge32,2184537926
.1.3.6.1.4.1.2011.6.164.1.1.2.100.1.1.2184537927,Gauge32,2184537927
.1.3.6.1.4.1.2011.6.164.1.1.2.100.1.1.2184537928,Gauge32,2184537928
.1.3.6.1.4.1.2011.6.164.1.1.2.100.1.1.2184537929,Gauge32,2184537929
.1.3.6.1.4.1.2011.6.164.1.1.2.100.1.1.2184537936,Gauge32,2184537936
.1.3.6.1.4.1.2011.6.164.1.1.2.100.1.1.2184537937,Gauge32,2184537937
.1.3.6.1.4.1.2011.6.164.1.1.2.100.1.1.2184537938,Gauge32,2184537938
.1.3.6.1.4.1.2011.6.164.1.1.2.100.1.1.2184537939,Gauge32,2184537939
.1.3.6.1.4.1.2011.6.164.1.1.2.100.1.1.2184537940,Gauge32,2184537940
.1.3.6.1.4.1.2011.6.164.1.1.2.100.1.1.2184537941,Gauge32,2184537941
.1.3.6.1.4.1.2011.6.164.1.1.2.100.1.1.2184537942,Gauge32,2184537942
.1.3.6.1.4.1.2011.6.164.1.1.2.100.1.1.2184537943,Gauge32,2184537943
.1.3.6.1.4.1.2011.6.164.1.1.2.100.1.1.2184537944,Gauge32,2184537944
.1.3.6.1.4.1.2011.6.164.1.1.2.100.1.1.2184537945,Gauge32,2184537945
.1.3.6.1.4.1.2011.6.164.1.1.2.100.1.1.2184537952,Gauge32,2184537952
.1.3.6.1.4.1.2011.6.164.1.1.2.100.1.1.2184537953,Gauge32,2184537953
.1.3.6.1.4.1.2011.6.164.1.1.2.100.1.1.2184537954,Gauge32,2184537954
.1.3.6.1.4.1.2011.6.164.1.1.2.100.1.1.2184537955,Gauge32,2184537955
.1.3.6.1.4.1.2011.6.164.1.1.2.100.1.1.2184537956,Gauge32,2184537956
.1.3.6.1.4.1.2011.6.164.1.1.2.100.1.1.2184537957,Gauge32,2184537957
.1.3.6.1.4.1.2011.6.164.1.1.2.100.1.1.2184537958,Gauge32,2184537958
.1.3.6.1.4.1.2011.6.164.1.1.2.100.1.1.2184537960,Gauge32,2184537960
.1.3.6.1.4.1.2011.6.164.1.1.2.100.1.1.2184537961,Gauge32,2184537961
.1.3.6.1.4.1.2011.6.164.1.1.2.100.1.1.2184537968,Gauge32,2184537968
.1.3.6.1.4.1.2011.6.164.1.1.2.100.1.1.2184537970,Gauge32,2184537970
.1.3.6.1.4.1.2011.6.164.1.1.2.100.1.1.2184537971,Gauge32,2184537971
.1.3.6.1.4.1.2011.6.164.1.1.2.100.1.1.2184537972,Gauge32,2184537972
.1.3.6.1.4.1.2011.6.164.1.1.2.100.1.1.2184537974,Gauge32,2184537974
.1.3.6.1.4.1.2011.6.164.1.1.2.100.1.1.2184537975,Gauge32,2184537975
.1.3.6.1.4.1.2011.6.164.1.1.2.100.1.1.2184537976,Gauge32,2184537976
.1.3.6.1.4.1.2011.6.164.1.1.2.100.1.1.2184537977,Gauge32,2184537977
.1.3.6.1.4.1.2011.6.164.1.1.2.100.1.1.2184537984,Gauge32,2184537984
.1.3.6.1.4.1.2011.6.164.1.1.2.100.1.1.2184537985,Gauge32,2184537985
.1.3.6.1.4.1.2011.6.164.1.1.2.100.1.1.2184537986,Gauge32,2184537986
.1.3.6.1.4.1.2011.6.164.1.1.2.100.1.1.2184537987,Gauge32,2184537987
.1.3.6.1.4.1.2011.6.164.1.1.2.100.1.1.2184537988,Gauge32,2184537988
.1.3.6.1.4.1.2011.6.164.1.1.2.100.1.1.2184537989,Gauge32,2184537989
.1.3.6.1.4.1.2011.6.164.1.1.2.100.1.1.2184728039,Gauge32,2184728039
.1.3.6.1.4.1.2011.6.164.1.1.2.100.1.1.2184728067,Gauge32,2184728067
.1.3.6.1.4.1.2011.6.164.1.1.2.100.1.1.2184728068,Gauge32,2184728068
.1.3.6.1.4.1.2011.6.164.1.1.2.100.1.1.2184728074,Gauge32,2184728074
.1.3.6.1.4.1.2011.6.164.1.1.2.100.1.1.2184728077,Gauge32,2184728077
.1.3.6.1.4.1.2011.6.164.1.1.2.100.1.1.2184728085,Gauge32,2184728085
.1.3.6.1.4.1.2011.6.164.1.1.2.100.1.1.2184728088,Gauge32,2184728088
.1.3.6.1.4.1.2011.6.164.1.1.2.100.1.1.2184728089,Gauge32,2184728089
.1.3.6.1.4.1.2011.6.164.1.1.2.100.1.1.2184728091,Gauge32,2184728091
.1.3.6.1.4.1.2011.6.164.1.1.2.100.1.1.2184728092,Gauge32,2184728092
.1.3.6.1.4.1.2011.6.164.1.1.2.100.1.1.2184728093,Gauge32,2184728093
.1.3.6.1.4.1.2011.6.164.1.1.2.100.1.1.2184769656,Gauge32,2184769656
.1.3.6.1.4.1.2011.6.164.1.1.2.100.1.1.2185490496,Gauge32,2185490496
.1.3.6.1.4.1.2011.6.164.1.1.2.100.1.1.2185490497,Gauge32,2185490497
.1.3.6.1.4.1.2011.6.164.1.1.2.100.1.1.2185490498,Gauge32,2185490498
.1.3.6.1.4.1.2011.6.164.1.1.2.100.1.1.2185556006,Gauge32,2185556006
.1.3.6.1.4.1.2011.6.164.1.1.2.100.1.1.2185556007,Gauge32,2185556007
.1.3.6.1.4.1.2011.6.164.1.1.2.100.1.1.2185556008,Gauge32,2185556008
.1.3.6.1.4.1.2011.6.164.1.1.2.100.1.1.2185556009,Gauge32,2185556009
.1.3.6.1.4.1.2011.6.164.1.1.2.100.1.1.2185556010,Gauge32,2185556010
.1.3.6.1.4.1.2011.6.164.1.1.2.100.1.1.2185556011,Gauge32,2185556011
.1.3.6.1.4.1.2011.6.164.1.1.2.100.1.1.2185556012,Gauge32,2185556012
.1.3.6.1.4.1.2011.6.164.1.1.2.100.1.1.2185556013,Gauge32,2185556013
.1.3.6.1.4.1.2011.6.164.1.1.2.100.1.1.2185556014,Gauge32,2185556014
.1.3.6.1.4.1.2011.6.164.1.1.2.100.1.1.2185556015,Gauge32,2185556015
.1.3.6.1.4.1.2011.6.164.1.1.2.100.1.1.2185556016,Gauge32,2185556016
.1.3.6.1.4.1.2011.6.164.1.1.2.100.1.1.2185556017,Gauge32,2185556017
.1.3.6.1.4.1.2011.6.164.1.1.2.100.1.1.2185556018,Gauge32,2185556018
.1.3.6.1.4.1.2011.6.164.1.1.2.100.1.1.2185556019,Gauge32,2185556019
.1.3.6.1.4.1.2011.6.164.1.1.2.100.1.1.2185556020,Gauge32,2185556020
.1.3.6.1.4.1.2011.6.164.1.1.2.100.1.1.2185556021,Gauge32,2185556021
.1.3.6.1.4.1.2011.6.164.1.1.2.100.1.1.2185556022,Gauge32,2185556022
.1.3.6.1.4.1.2011.6.164.1.1.2.100.1.1.2185556023,Gauge32,2185556023
.1.3.6.1.4.1.2011.6.164.1.1.2.100.1.1.2185556024,Gauge32,2185556024
.1.3.6.1.4.1.2011.6.164.1.1.2.100.1.1.2185556025,Gauge32,2185556025
.1.3.6.1.4.1.2011.6.164.1.1.2.100.1.1.2185556026,Gauge32,2185556026
.1.3.6.1.4.1.2011.6.164.1.1.2.100.1.1.2185556027,Gauge32,2185556027
.1.3.6.1.4.1.2011.6.164.1.1.2.100.1.1.2185556028,Gauge32,2185556028
.1.3.6.1.4.1.2011.6.164.1.1.2.100.1.1.2185556029,Gauge32,2185556029
.1.3.6.1.4.1.2011.6.164.1.1.2.100.1.1.2185556030,Gauge32,2185556030
.1.3.6.1.4.1.2011.6.164.1.1.2.100.1.1.2185556103,Gauge32,2185556103
.1.3.6.1.4.1.2011.6.164.1.1.2.100.1.1.2185556104,Gauge32,2185556104
.1.3.6.1.4.1.2011.6.164.1.1.2.100.1.1.2185897913,Gauge32,2185897913
.1.3.6.1.4.1.2011.6.164.1.1.2.100.1.1.2185903028,Gauge32,2185903028
.1.3.6.1.4.1.2011.6.164.1.1.2.100.1.1.2185903029,Gauge32,2185903029
.1.3.6.1.4.1.2011.6.164.1.1.2.100.1.1.2185949204,Gauge32,2185949204
.1.3.6.1.4.1.2011.6.164.1.1.2.100.1.1.2185949205,Gauge32,2185949205
.1.3.6.1.4.1.2011.6.164.1.1.2.100.1.1.2185949311,Gauge32,2185949311
.1.3.6.1.4.1.2011.6.164.1.1.2.100.1.1.2185949341,Gauge32,2185949341
.1.3.6.1.4.1.2011.6.164.1.1.2.100.1.1.2185949342,Gauge32,2185949342
.1.3.6.1.4.1.2011.6.164.1.1.2.100.1.1.2185949343,Gauge32,2185949343
.1.3.6.1.4.1.2011.6.164.1.1.2.100.1.1.2185949348,Gauge32,2185949348
.1.3.6.1.4.1.2011.6.164.1.1.2.100.1.1.2186625026,Gauge32,2186625026
.1.3.6.1.4.1.2011.6.164.1.1.2.100.1.1.2186675778,Gauge32,2186675778
.1.3.6.1.4.1.2011.6.164.1.1.2.100.1.1.2186675779,Gauge32,2186675779
.1.3.6.1.4.1.2011.6.164.1.1.2.100.1.1.2186675780,Gauge32,2186675780
.1.3.6.1.4.1.2011.6.164.1.1.2.100.1.1.2186675783,Gauge32,2186675783
.1.3.6.1.4.1.2011.6.164.1.1.2.100.1.1.2187011257,Gauge32,2187011257
.1.3.6.1.4.1.2011.6.164.1.1.2.100.1.1.2187981083,Gauge32,2187981083
.1.3.6.1.4.1.2011.6.164.1.1.2.100.1.1.2187981084,Gauge32,2187981084
.1.3.6.1.4.1.2011.6.164.1.1.2.100.1.1.2187981085,Gauge32,2187981085
.1.3.6.1.4.1.2011.6.164.1.1.2.100.1.1.2187981086,Gauge32,2187981086
.1.3.6.1.4.1.2011.6.164.1.1.2.100.1.1.2187981087,Gauge32,2187981087
.1.3.6.1.4.1.2011.6.164.1.1.2.100.1.1.2187981088,Gauge32,2187981088
.1.3.6.1.4.1.2011.6.164.1.1.2.100.1.1.2187981089,Gauge32,2187981089
.1.3.6.1.4.1.2011.6.164.1.1.2.100.1.1.2187981090,Gauge32,2187981090
.1.3.6.1.4.1.2011.6.164.1.1.2.100.1.1.2187981313,Gauge32,2187981313
.1.3.6.1.4.1.2011.6.164.1.1.2.100.1.1.2188046672,Gauge32,2188046672
.1.3.6.1.4.1.2011.6.164.1.1.2.100.1.1.2188046673,Gauge32,2188046673
.1.3.6.1.4.1.2011.6.164.1.1.2.100.1.1.2188046674,Gauge32,2188046674
.1.3.6.1.4.1.2011.6.164.1.1.2.100.1.1.2188046675,Gauge32,2188046675
.1.3.6.1.4.1.2011.6.164.1.1.2.100.1.1.2188046676,Gauge32,2188046676
.1.3.6.1.4.1.2011.6.164.1.1.2.100.1.1.2188046677,Gauge32,2188046677
.1.3.6.1.4.1.2011.6.164.1.1.2.100.1.1.2188046678,Gauge32,2188046678
.1.3.6.1.4.1.2011.6.164.1.1.2.100.1.1.2188046679,Gauge32,2188046679
.1.3.6.1.4.1.2011.6.164.1.1.2.100.1.1.2188046680,Gauge32,2188046680
.1.3.6.1.4.1.2011.6.164.1.1.2.100.1.1.2188046681,Gauge32,2188046681
.1.3.6.1.4.1.2011.6.164.1.1.2.100.1.1.2188046850,Gauge32,2188046850
.1.3.6.1.4.1.2011.6.164.1.1.2.100.1.1.2188243311,Gauge32,2188243311
.1.3.6.1.4.1.2011.6.164.1.1.2.100.1.1.2188243312,Gauge32,2188243312
.1.3.6.1.4.1.2011.6.164.1.1.2.100.1.1.2188243313,Gauge32,2188243313
.1.3.6.1.4.1.2011.6.164.1.1.2.100.1.1.2196828801,Gauge32,2196828801
.1.3.6.1.4.1.2011.6.164.1.1.2.100.1.1.2196828802,Gauge32,2196828802
.1.3.6.1.4.1.2011.6.164.1.1.2.100.1.1.2196828803,Gauge32,2196828803
.1.3.6.1.4.1.2011.6.164.1.1.2.100.1.1.2196828804,Gauge32,2196828804
.1.3.6.1.4.1.2011.6.164.1.1.2.100.1.1.2196828805,Gauge32,2196828805
.1.3.6.1.4.1.2011.6.164.1.1.2.100.1.1.2196894329,Gauge32,2196894329
.1.3.6.1.4.1.2011.6.164.1.1.2.100.1.1.2196894330,Gauge32,2196894330
.1.3.6.1.4.1.2011.6.164.1.1.2.100.1.1.2196894331,Gauge32,2196894331
.1.3.6.1.4.1.2011.6.164.1.1.2.100.1.1.2196894332,Gauge32,2196894332
.1.3.6.1.4.1.2011.6.164.1.1.2.100.1.1.2196894333,Gauge32,2196894333
.1.3.6.1.4.1.2011.6.164.1.1.2.100.1.1.2196894334,Gauge32,2196894334
.1.3.6.1.4.1.2011.6.164.1.1.2.100.1.1.2196894335,Gauge32,2196894335
.1.3.6.1.4.1.2011.6.164.1.1.2.100.1.1.2196894336,Gauge32,2196894336
.1.3.6.1.4.1.2011.6.164.1.1.2.100.1.1.2196959862,Gauge32,2196959862
.1.3.6.1.4.1.2011.6.164.1.1.2.100.1.1.2196959863,Gauge32,2196959863
.1.3.6.1.4.1.2011.6.164.1.1.2.100.1.1.2196959864,Gauge32,2196959864
.1.3.6.1.4.1.2011.6.164.1.1.2.100.1.1.2415872118,Gauge32,2415872118
.1.3.6.1.4.1.2011.6.164.1.1.2.100.1.1.2415872119,Gauge32,2415872119
.1.3.6.1.4.1.2011.6.164.1.1.2.100.1.1.2415872120,Gauge32,2415872120
.1.3.6.1.4.1.2011.6.164.1.1.2.100.1.1.2415872121,Gauge32,2415872121
.1.3.6.1.4.1.2011.6.164.1.1.2.100.1.1.2415872122,Gauge32,2415872122
.1.3.6.1.4.1.2011.6.164.1.1.2.100.1.1.2415872123,Gauge32,2415872123
.1.3.6.1.4.1.2011.6.164.1.1.2.100.1.1.2415872124,Gauge32,2415872124
.1.3.6.1.4.1.2011.6.164.1.1.2.100.1.1.2415872125,Gauge32,2415872125
.1.3.6.1.4.1.2011.6.164.1.1.2.100.1.1.2415872126,Gauge32,2415872126
.1.3.6.1.4.1.2011.6.164.1.1.2.100.1.1.2415872127,Gauge32,2415872127
.1.3.6.1.4.1.2011.6.164.1.1.2.100.1.1.2415872128,Gauge32,2415872128
.1.3.6.1.4.1.2011.6.164.1.1.2.100.1.1.2415872129,Gauge32,2415872129
.1.3.6.1.4.1.2011.6.164.1.1.2.100.1.1.2415872130,Gauge32,2415872130
.1.3.6.1.4.1.2011.6.164.1.1.2.100.1.1.2415872131,Gauge32,2415872131
.1.3.6.1.4.1.2011.6.164.1.1.2.100.1.1.2415872132,Gauge32,2415872132
.1.3.6.1.4.1.2011.6.164.1.1.2.100.1.1.2415872133,Gauge32,2415872133
.1.3.6.1.4.1.2011.6.164.1.1.2.100.1.1.2415872134,Gauge32,2415872134
.1.3.6.1.4.1.2011.6.164.1.1.2.100.1.1.2415872135,Gauge32,2415872135
.1.3.6.1.4.1.2011.6.164.1.1.2.100.1.1.2415872136,Gauge32,2415872136
.1.3.6.1.4.1.2011.6.164.1.1.2.100.1.1.2415872137,Gauge32,2415872137
.1.3.6.1.4.1.2011.6.164.1.1.2.100.1.1.2415872138,Gauge32,2415872138
.1.3.6.1.4.1.2011.6.164.1.1.2.100.1.1.2415872139,Gauge32,2415872139
.1.3.6.1.4.1.2011.6.164.1.1.2.100.1.1.2415872140,Gauge32,2415872140
.1.3.6.1.4.1.2011.6.164.1.1.2.100.1.1.2415872141,Gauge32,2415872141
.1.3.6.1.4.1.2011.6.164.1.1.2.100.1.1.2415872142,Gauge32,2415872142
.1.3.6.1.4.1.2011.6.164.1.1.2.100.1.1.2415872143,Gauge32,2415872143
.1.3.6.1.4.1.2011.6.164.1.1.2.100.1.1.2415872144,Gauge32,2415872144
.1.3.6.1.4.1.2011.6.164.1.1.2.100.1.1.2415872145,Gauge32,2415872145
.1.3.6.1.4.1.2011.6.164.1.1.2.100.1.1.2415872146,Gauge32,2415872146
.1.3.6.1.4.1.2011.6.164.1.1.2.100.1.1.2415872147,Gauge32,2415872147
.1.3.6.1.4.1.2011.6.164.1.1.2.100.1.1.2415872148,Gauge32,2415872148
.1.3.6.1.4.1.2011.6.164.1.1.2.100.1.1.2415872149,Gauge32,2415872149
.1.3.6.1.4.1.2011.6.164.1.1.2.100.1.1.2415872150,Gauge32,2415872150
.1.3.6.1.4.1.2011.6.164.1.1.2.100.1.1.2415872151,Gauge32,2415872151
.1.3.6.1.4.1.2011.6.164.1.1.2.100.1.1.2415872152,Gauge32,2415872152
.1.3.6.1.4.1.2011.6.164.1.1.2.100.1.1.2415872153,Gauge32,2415872153
.1.3.6.1.4.1.2011.6.164.1.1.2.100.1.1.2415872154,Gauge32,2415872154
.1.3.6.1.4.1.2011.6.164.1.1.2.100.1.1.2415872155,Gauge32,2415872155
.1.3.6.1.4.1.2011.6.164.1.1.2.100.1.1.2415872156,Gauge32,2415872156
.1.3.6.1.4.1.2011.6.164.1.1.2.100.1.1.2415872157,Gauge32,2415872157
.1.3.6.1.4.1.2011.6.164.1.1.2.100.1.1.2415872158,Gauge32,2415872158
.1.3.6.1.4.1.2011.6.164.1.1.2.100.1.1.2415872159,Gauge32,2415872159
.1.3.6.1.4.1.2011.6.164.1.1.2.100.1.1.2415872160,Gauge32,2415872160
.1.3.6.1.4.1.2011.6.164.1.1.2.100.1.1.2415872161,Gauge32,2415872161
.1.3.6.1.4.1.2011.6.164.1.1.2.100.1.1.2415872162,Gauge32,2415872162
.1.3.6.1.4.1.2011.6.164.1.1.2.100.1.1.2415872163,Gauge32,2415872163
.1.3.6.1.4.1.2011.6.164.1.1.2.100.1.1.2415872164,Gauge32,2415872164
.1.3.6.1.4.1.2011.6.164.1.1.2.100.1.1.2416129088,Gauge32,2416129088
.1.3.6.1.4.1.2011.6.164.1.1.2.100.1.1.2416177498,Gauge32,2416177498
.1.3.6.1.4.1.2011.6.164.1.1.2.100.1.1.2416177499,Gauge32,2416177499
.1.3.6.1.4.1.2011.6.164.1.1.2.100.1.1.2416177500,Gauge32,2416177500
.1.3.6.1.4.1.2011.6.164.1.1.2.100.1.1.2416177501,Gauge32,2416177501
.1.3.6.1.4.1.2011.6.164.1.1.2.100.1.1.2416177502,Gauge32,2416177502
.1.3.6.1.4.1.2011.6.164.1.1.2.100.1.1.2416177503,Gauge32,2416177503
.1.3.6.1.4.1.2011.6.164.1.1.2.100.1.1.2416177504,Gauge32,2416177504
.1.3.6.1.4.1.2011.6.164.1.1.2.100.1.1.2416177505,Gauge32,2416177505
.1.3.6.1.4.1.2011.6.164.1.1.2.100.1.1.2416177506,Gauge32,2416177506
.1.3.6.1.4.1.2011.6.164.1.1.2.100.1.1.2416177515,Gauge32,2416177515
.1.3.6.1.4.1.2011.6.164.1.1.2.100.1.1.2416177618,Gauge32,2416177618
.1.3.6.1.4.1.2011.6.164.1.1.2.100.1.1.2416177619,Gauge32,2416177619
.1.3.6.1.4.1.2011.6.164.1.1.2.100.1.1.2416177620,Gauge32,2416177620
.1.3.6.1.4.1.2011.6.164.1.1.2.100.1.1.2416177621,Gauge32,2416177621
.1.3.6.1.4.1.2011.6.164.1.1.2.100.1.1.2416177622,Gauge32,2416177622
.1.3.6.1.4.1.2011.6.164.1.1.2.100.1.1.2416177623,Gauge32,2416177623
.1.3.6.1.4.1.2011.6.164.1.1.2.100.1.1.2416177624,Gauge32,2416177624
.1.3.6.1.4.1.2011.6.164.1.1.2.100.1.1.2416177625,Gauge32,2416177625
.1.3.6.1.4.1.2011.6.164.1.1.2.100.1.1.2416177626,Gauge32,2416177626
.1.3.6.1.4.1.2011.6.164.1.1.2.100.1.1.2416177627,Gauge32,2416177627
.1.3.6.1.4.1.2011.6.164.1.1.2.100.1.1.2416194537,Gauge32,2416194537
.1.3.6.1.4.1.2011.6.164.1.1.2.100.1.1.2416243052,Gauge32,2416243052
.1.3.6.1.4.1.2011.6.164.1.1.2.100.1.1.2416243053,Gauge32,2416243053
.1.3.6.1.4.1.2011.6.164.1.1.2.100.1.1.2416255534,Gauge32,2416255534
.1.3.6.1.4.1.2011.6.164.1.1.2.100.1.1.2416255536,Gauge32,2416255536
.1.3.6.1.4.1.2011.6.164.1.1.2.100.1.1.2416321020,Gauge32,2416321020
.1.3.6.1.4.1.2011.6.164.1.1.2.100.1.1.2416321021,Gauge32,2416321021
.1.3.6.1.4.1.2011.6.164.1.1.2.100.1.1.2416321022,Gauge32,2416321022
.1.3.6.1.4.1.2011.6.164.1.1.2.100.1.1.2416392106,Gauge32,2416392106
.1.3.6.1.4.1.2011.6.164.1.1.2.100.1.1.2416454119,Gauge32,2416454119
.1.3.6.1.4.1.2011.6.164.1.1.2.100.1.1.2416454120,Gauge32,2416454120
.1.3.6.1.4.1.2011.6.164.1.1.2.100.1.1.2416454121,Gauge32,2416454121
.1.3.6.1.4.1.2011.6.164.1.1.2.100.1.1.2416454141,Gauge32,2416454141
.1.3.6.1.4.1.2011.6.164.1.1.2.100.1.1.2416457742,Gauge32,2416457742
.1.3.6.1.4.1.2011.6.164.1.1.2.100.1.1.2416463153,Gauge32,2416463153
.1.3.6.1.4.1.2011.6.164.1.1.2.100.1.1.2416463154,Gauge32,2416463154
.1.3.6.1.4.1.2011.6.164.1.1.2.100.1.1.2416463155,Gauge32,2416463155
.1.3.6.1.4.1.2011.6.164.1.1.2.100.1.1.2416504836,Gauge32,2416504836
.1.3.6.1.4.1.2011.6.164.1.1.2.100.1.1.2416523978,Gauge32,2416523978
.1.3.6.1.4.1.2011.6.164.1.1.2.100.1.1.2416523980,Gauge32,2416523980
.1.3.6.1.4.1.2011.6.164.1.1.2.100.1.1.2416523981,Gauge32,2416523981
.1.3.6.1.4.1.2011.6.164.1.1.2.100.1.1.2416523982,Gauge32,2416523982
.1.3.6.1.4.1.2011.6.164.1.1.2.100.1.1.2416523983,Gauge32,2416523983
.1.3.6.1.4.1.2011.6.164.1.1.2.100.1.1.2416523984,Gauge32,2416523984
.1.3.6.1.4.1.2011.6.164.1.1.2.100.1.1.2416570403,Gauge32,2416570403
.1.3.6.1.4.1.2011.6.164.1.1.2.100.1.1.2416586864,Gauge32,2416586864
.1.3.6.1.4.1.2011.6.164.1.1.2.100.1.1.2416586865,Gauge32,2416586865
.1.3.6.1.4.1.2011.6.164.1.1.2.100.1.1.2416586875,Gauge32,2416586875
.1.3.6.1.4.1.2011.6.164.1.1.2.100.1.1.2416586876,Gauge32,2416586876
.1.3.6.1.4.1.2011.6.164.1.1.2.100.1.1.2416586877,Gauge32,2416586877
.1.3.6.1.4.1.2011.6.164.1.1.2.100.1.1.2416586878,Gauge32,2416586878
.1.3.6.1.4.1.2011.6.164.1.1.2.100.1.1.2416722787,Gauge32,2416722787
.1.3.6.1.4.1.2011.6.164.1.1.2.100.1.1.2416722788,Gauge32,2416722788
.1.3.6.1.4.1.2011.6.164.1.1.2.100.1.1.2416722789,Gauge32,2416722789
.1.3.6.1.4.1.2011.6.164.1.1.2.100.1.1.2416722790,Gauge32,2416722790
.1.3.6.1.4.1.2011.6.164.1.1.2.100.1.1.2416722791,Gauge32,2416722791
.1.3.6.1.4.1.2011.6.164.1.1.2.100.1.1.2416722792,Gauge32,2416722792
.1.3.6.1.4.1.2011.6.164.1.1.2.100.1.1.2416722793,Gauge32,2416722793
.1.3.6.1.4.1.2011.6.164.1.1.2.100.1.1.2416722794,Gauge32,2416722794
.1.3.6.1.4.1.2011.6.164.1.1.2.100.1.1.2416722795,Gauge32,2416722795
.1.3.6.1.4.1.2011.6.164.1.1.2.100.1.1.2416722796,Gauge32,2416722796
.1.3.6.1.4.1.2011.6.164.1.1.2.100.1.1.2416722797,Gauge32,2416722797
.1.3.6.1.4.1.2011.6.164.1.1.2.100.1.1.2416722798,Gauge32,2416722798
.1.3.6.1.4.1.2011.6.164.1.1.2.100.1.1.2416722799,Gauge32,2416722799
.1.3.6.1.4.1.2011.6.164.1.1.2.100.1.1.2416722800,Gauge32,2416722800
.1.3.6.1.4.1.2011.6.164.1.1.2.100.1.1.2416722801,Gauge32,2416722801
.1.3.6.1.4.1.2011.6.164.1.1.2.100.1.1.2416722802,Gauge32,2416722802
.1.3.6.1.4.1.2011.6.164.1.1.2.100.1.1.2416722803,Gauge32,2416722803
.1.3.6.1.4.1.2011.6.164.1.1.2.100.1.1.2416722804,Gauge32,2416722804
.1.3.6.1.4.1.2011.6.164.1.1.2.100.1.1.2416722805,Gauge32,2416722805
.1.3.6.1.4.1.2011.6.164.1.1.2.100.1.1.2416722806,Gauge32,2416722806
.1.3.6.1.4.1.2011.6.164.1.1.2.100.1.1.2416722807,Gauge32,2416722807
.1.3.6.1.4.1.2011.6.164.1.1.2.100.1.1.2416722808,Gauge32,2416722808
.1.3.6.1.4.1.2011.6.164.1.1.2.100.1.1.2416722810,Gauge32,2416722810
.1.3.6.1.4.1.2011.6.164.1.1.2.100.1.1.2416722811,Gauge32,2416722811
.1.3.6.1.4.1.2011.6.164.1.1.2.100.1.1.2416722812,Gauge32,2416722812
.1.3.6.1.4.1.2011.6.164.1.1.2.100.1.1.2416722813,Gauge32,2416722813
.1.3.6.1.4.1.2011.6.164.1.1.2.100.1.1.2416722814,Gauge32,2416722814
.1.3.6.1.4.1.2011.6.164.1.1.2.100.1.1.2416722815,Gauge32,2416722815
.1.3.6.1.4.1.2011.6.164.1.1.2.100.1.1.2416722816,Gauge32,2416722816
.1.3.6.1.4.1.2011.6.164.1.1.2.100.1.1.2416722817,Gauge32,2416722817
.1.3.6.1.4.1.2011.6.164.1.1.2.100.1.1.2416722818,Gauge32,2416722818
.1.3.6.1.4.1.2011.6.164.1.1.2.100.1.1.2416722819,Gauge32,2416722819
.1.3.6.1.4.1.2011.6.164.1.1.2.100.1.1.2416722820,Gauge32,2416722820
.1.3.6.1.4.1.2011.6.164.1.1.2.100.1.1.2416722821,Gauge32,2416722821
.1.3.6.1.4.1.2011.6.164.1.1.2.100.1.1.2416722822,Gauge32,2416722822
.1.3.6.1.4.1.2011.6.164.1.1.2.100.1.1.2416722823,Gauge32,2416722823
.1.3.6.1.4.1.2011.6.164.1.1.2.100.1.1.2416722824,Gauge32,2416722824
.1.3.6.1.4.1.2011.6.164.1.1.2.100.1.1.2416722825,Gauge32,2416722825
.1.3.6.1.4.1.2011.6.164.1.1.2.100.1.1.2416722826,Gauge32,2416722826
.1.3.6.1.4.1.2011.6.164.1.1.2.100.1.1.2416722827,Gauge32,2416722827
.1.3.6.1.4.1.2011.6.164.1.1.2.100.1.1.2416722828,Gauge32,2416722828
.1.3.6.1.4.1.2011.6.164.1.1.2.100.1.1.2416722829,Gauge32,2416722829
.1.3.6.1.4.1.2011.6.164.1.1.2.100.1.1.2416722830,Gauge32,2416722830
.1.3.6.1.4.1.2011.6.164.1.1.2.100.1.1.2416722831,Gauge32,2416722831
.1.3.6.1.4.1.2011.6.164.1.1.2.100.1.1.2416722832,Gauge32,2416722832
.1.3.6.1.4.1.2011.6.164.1.1.2.100.1.1.2416722833,Gauge32,2416722833
.1.3.6.1.4.1.2011.6.164.1.1.2.100.1.1.2416722834,Gauge32,2416722834
.1.3.6.1.4.1.2011.6.164.1.1.2.100.1.1.2416722835,Gauge32,2416722835
.1.3.6.1.4.1.2011.6.164.1.1.2.100.1.1.2416722836,Gauge32,2416722836
.1.3.6.1.4.1.2011.6.164.1.1.2.100.1.1.2416722837,Gauge32,2416722837
.1.3.6.1.4.1.2011.6.164.1.1.2.100.1.1.2416722838,Gauge32,2416722838
.1.3.6.1.4.1.2011.6.164.1.1.2.100.1.1.2416722839,Gauge32,2416722839
.1.3.6.1.4.1.2011.6.164.1.1.2.100.1.1.2416722840,Gauge32,2416722840
.1.3.6.1.4.1.2011.6.164.1.1.2.100.1.1.2416722841,Gauge32,2416722841
.1.3.6.1.4.1.2011.6.164.1.1.2.100.1.1.2416722842,Gauge32,2416722842
.1.3.6.1.4.1.2011.6.164.1.1.2.100.1.1.2416722843,Gauge32,2416722843
.1.3.6.1.4.1.2011.6.164.1.1.2.100.1.1.2416722844,Gauge32,2416722844
.1.3.6.1.4.1.2011.6.164.1.1.2.100.1.1.2416722845,Gauge32,2416722845
.1.3.6.1.4.1.2011.6.164.1.1.2.100.1.1.2416722846,Gauge32,2416722846
.1.3.6.1.4.1.2011.6.164.1.1.2.100.1.1.2416722847,Gauge32,2416722847
.1.3.6.1.4.1.2011.6.164.1.1.2.100.1.1.2416722848,Gauge32,2416722848
.1.3.6.1.4.1.2011.6.164.1.1.2.100.1.1.2416722870,Gauge32,2416722870
.1.3.6.1.4.1.2011.6.164.1.1.2.100.1.1.2416766992,Gauge32,2416766992
.1.3.6.1.4.1.2011.6.164.1.1.2.100.1.1.2416919595,Gauge32,2416919595
.1.3.6.1.4.1.2011.6.164.1.1.2.100.1.1.2416919596,Gauge32,2416919596
.1.3.6.1.4.1.2011.6.164.1.1.2.100.1.1.2416919597,Gauge32,2416919597
.1.3.6.1.4.1.2011.6.164.1.1.2.100.1.1.2416919598,Gauge32,2416919598
.1.3.6.1.4.1.2011.6.164.1.1.2.100.1.1.2416919599,Gauge32,2416919599
.1.3.6.1.4.1.2011.6.164.1.1.2.100.1.1.2416919600,Gauge32,2416919600
.1.3.6.1.4.1.2011.6.164.1.1.2.100.1.1.2417244525,Gauge32,2417244525
.1.3.6.1.4.1.2011.6.164.1.1.2.100.1.1.2417244526,Gauge32,2417244526
.1.3.6.1.4.1.2011.6.164.1.1.2.100.1.1.2417244527,Gauge32,2417244527
.1.3.6.1.4.1.2011.6.164.1.1.2.100.1.1.2417244528,Gauge32,2417244528
.1.3.6.1.4.1.2011.6.164.1.1.2.100.1.1.2417244529,Gauge32,2417244529
.1.3.6.1.4.1.2011.6.164.1.1.2.100.1.1.2417244530,Gauge32,2417244530
.1.3.6.1.4.1.2011.6.164.1.1.2.100.1.1.2417244531,Gauge32,2417244531
.1.3.6.1.4.1.2011.6.164.1.1.2.100.1.1.2417244532,Gauge32,2417244532
.1.3.6.1.4.1.2011.6.164.1.1.2.100.1.1.2417244533,Gauge32,2417244533
.1.3.6.1.4.1.2011.6.164.1.1.2.100.1.1.2417244534,Gauge32,2417244534
.1.3.6.1.4.1.2011.6.164.1.1.2.100.1.1.2417244535,Gauge32,2417244535
.1.3.6.1.4.1.2011.6.164.1.1.2.100.1.1.2417308861,Gauge32,2417308861
.1.3.6.1.4.1.2011.6.164.1.1.2.100.1.1.2417308862,Gauge32,2417308862
.1.3.6.1.4.1.2011.6.164.1.1.2.100.1.1.2417308863,Gauge32,2417308863
.1.3.6.1.4.1.2011.6.164.1.1.2.100.1.1.2417308864,Gauge32,2417308864
.1.3.6.1.4.1.2011.6.164.1.1.2.100.1.1.2417380007,Gauge32,2417380007
.1.3.6.1.4.1.2011.6.164.1.1.2.100.1.1.2417380008,Gauge32,2417380008
.1.3.6.1.4.1.2011.6.164.1.1.2.100.1.1.2417380009,Gauge32,2417380009
.1.3.6.1.4.1.2011.6.164.1.1.2.100.1.1.2417380010,Gauge32,2417380010
.1.3.6.1.4.1.2011.6.164.1.1.2.100.1.1.2417380011,Gauge32,2417380011
.1.3.6.1.4.1.2011.6.164.1.1.2.100.1.1.2417380012,Gauge32,2417380012
.1.3.6.1.4.1.2011.6.164.1.1.2.100.1.1.2417380013,Gauge32,2417380013
.1.3.6.1.4.1.2011.6.164.1.1.2.100.1.1.2417380014,Gauge32,2417380014
.1.3.6.1.4.1.2011.6.164.1.1.2.100.1.1.2417380015,Gauge32,2417380015
.1.3.6.1.4.1.2011.6.164.1.1.2.100.1.1.2417380016,Gauge32,2417380016
.1.3.6.1.4.1.2011.6.164.1.1.2.100.1.1.2417380017,Gauge32,2417380017
.1.3.6.1.4.1.2011.6.164.1.1.2.100.1.1.2417380018,Gauge32,2417380018
.1.3.6.1.4.1.2011.6.164.1.1.2.100.1.1.2417380019,Gauge32,2417380019
.1.3.6.1.4.1.2011.6.164.1.1.2.100.1.1.2417380020,Gauge32,2417380020
.1.3.6.1.4.1.2011.6.164.1.1.2.100.1.1.2417380021,Gauge32,2417380021
.1.3.6.1.4.1.2011.6.164.1.1.2.100.1.1.2417380022,Gauge32,2417380022
.1.3.6.1.4.1.2011.6.164.1.1.2.100.1.1.2417380023,Gauge32,2417380023
.1.3.6.1.4.1.2011.6.164.1.1.2.100.1.1.2417380024,Gauge32,2417380024
.1.3.6.1.4.1.2011.6.164.1.1.2.100.1.1.2417380025,Gauge32,2417380025
.1.3.6.1.4.1.2011.6.164.1.1.2.100.1.1.2417380027,Gauge32,2417380027
.1.3.6.1.4.1.2011.6.164.1.1.2.100.1.1.2417380028,Gauge32,2417380028
.1.3.6.1.4.1.2011.6.164.1.1.2.100.1.1.2417380029,Gauge32,2417380029
.1.3.6.1.4.1.2011.6.164.1.1.2.100.1.1.2417380030,Gauge32,2417380030
.1.3.6.1.4.1.2011.6.164.1.1.2.100.1.1.2417380032,Gauge32,2417380032
.1.3.6.1.4.1.2011.6.164.1.1.2.100.1.1.2417380033,Gauge32,2417380033
.1.3.6.1.4.1.2011.6.164.1.1.2.100.1.1.2417380034,Gauge32,2417380034
.1.3.6.1.4.1.2011.6.164.1.1.2.100.1.1.2417380035,Gauge32,2417380035
.1.3.6.1.4.1.2011.6.164.1.1.2.100.1.1.2417380036,Gauge32,2417380036
.1.3.6.1.4.1.2011.6.164.1.1.2.100.1.1.2417380037,Gauge32,2417380037
.1.3.6.1.4.1.2011.6.164.1.1.2.100.1.1.2417708577,Gauge32,2417708577
.1.3.6.1.4.1.2011.6.164.1.1.2.100.1.1.2417750513,Gauge32,2417750513
.1.3.6.1.4.1.2011.6.164.1.1.2.100.1.1.2417755662,Gauge32,2417755662
.1.3.6.1.4.1.2011.6.164.1.1.2.100.1.1.2417755684,Gauge32,2417755684
.1.3.6.1.4.1.2011.6.164.1.1.2.100.1.1.2417755685,Gauge32,2417755685
.1.3.6.1.4.1.2011.6.164.1.1.2.100.1.1.2417755686,Gauge32,2417755686
.1.3.6.1.4.1.2011.6.164.1.1.2.100.1.1.2417755687,Gauge32,2417755687
.1.3.6.1.4.1.2011.6.164.1.1.2.100.1.1.2417755688,Gauge32,2417755688
.1.3.6.1.4.1.2011.6.164.1.1.2.100.1.1.2417755689,Gauge32,2417755689
.1.3.6.1.4.1.2011.6.164.1.1.2.100.1.1.2417755690,Gauge32,2417755690
.1.3.6.1.4.1.2011.6.164.1.1.2.100.1.1.2417755691,Gauge32,2417755691
.1.3.6.1.4.1.2011.6.164.1.1.2.100.1.1.2417755692,Gauge32,2417755692
.1.3.6.1.4.1.2011.6.164.1.1.2.100.1.1.2417755693,Gauge32,2417755693
.1.3.6.1.4.1.2011.6.164.1.1.2.100.1.1.2417755694,Gauge32,2417755694
.1.3.6.1.4.1.2011.6.164.1.1.2.100.1.1.2417755695,Gauge32,2417755695
.1.3.6.1.4.1.2011.6.164.1.1.2.100.1.1.2417755696,Gauge32,2417755696
.1.3.6.1.4.1.2011.6.164.1.1.2.100.1.1.2417755697,Gauge32,2417755697
.1.3.6.1.4.1.2011.6.164.1.1.2.100.1.1.2417755698,Gauge32,2417755698
.1.3.6.1.4.1.2011.6.164.1.1.2.100.1.1.2417755699,Gauge32,2417755699
.1.3.6.1.4.1.2011.6.164.1.1.2.100.1.1.2417755700,Gauge32,2417755700
.1.3.6.1.4.1.2011.6.164.1.1.2.100.1.1.2417755701,Gauge32,2417755701
.1.3.6.1.4.1.2011.6.164.1.1.2.100.1.1.2417755702,Gauge32,2417755702
.1.3.6.1.4.1.2011.6.164.1.1.2.100.1.1.2417839211,Gauge32,2417839211
.1.3.6.1.4.1.2011.6.164.1.1.2.100.1.1.2417839212,Gauge32,2417839212
.1.3.6.1.4.1.2011.6.164.1.1.2.100.1.1.2417904744,Gauge32,2417904744
.1.3.6.1.4.1.2011.6.164.1.1.2.100.1.1.2417904745,Gauge32,2417904745
.1.3.6.1.4.1.2011.6.164.1.1.2.100.1.1.2417904746,Gauge32,2417904746
.1.3.6.1.4.1.2011.6.164.1.1.2.100.1.1.2417960998,Gauge32,2417960998
.1.3.6.1.4.1.2011.6.164.1.1.2.100.1.1.2417960999,Gauge32,2417960999
.1.3.6.1.4.1.2011.6.164.1.1.2.100.1.1.2417961000,Gauge32,2417961000
.1.3.6.1.4.1.2011.6.164.1.1.2.100.1.1.2417961001,Gauge32,2417961001
.1.3.6.1.4.1.2011.6.164.1.1.2.100.1.1.2417961008,Gauge32,2417961008
.1.3.6.1.4.1.2011.6.164.1.1.2.100.1.1.2417961009,Gauge32,2417961009
.1.3.6.1.4.1.2011.6.164.1.1.2.100.1.1.2417961010,Gauge32,2417961010
.1.3.6.1.4.1.2011.6.164.1.1.2.100.1.1.2417961011,Gauge32,2417961011
.1.3.6.1.4.1.2011.6.164.1.1.2.100.1.1.2417961012,Gauge32,2417961012
.1.3.6.1.4.1.2011.6.164.1.1.2.100.1.1.2417961013,Gauge32,2417961013
.1.3.6.1.4.1.2011.6.164.1.1.2.100.1.1.2417961014,Gauge32,2417961014
.1.3.6.1.4.1.2011.6.164.1.1.2.100.1.1.2417961015,Gauge32,2417961015
.1.3.6.1.4.1.2011.6.164.1.1.2.100.1.1.2418036514,Gauge32,2418036514
.1.3.6.1.4.1.2011.6.164.1.1.2.100.1.1.2418036515,Gauge32,2418036515
.1.3.6.1.4.1.2011.6.164.1.1.2.100.1.1.2418036516,Gauge32,2418036516
.1.3.6.1.4.1.2011.6.164.1.1.2.100.1.1.2418036517,Gauge32,2418036517
.1.3.6.1.4.1.2011.6.164.1.1.2.100.1.1.2418036518,Gauge32,2418036518
.1.3.6.1.4.1.2011.6.164.1.1.2.100.1.1.2418102043,Gauge32,2418102043
.1.3.6.1.4.1.2011.6.164.1.1.2.100.1.1.2418102044,Gauge32,2418102044
.1.3.6.1.4.1.2011.6.164.1.1.2.100.1.1.2418102045,Gauge32,2418102045
.1.3.6.1.4.1.2011.6.164.1.1.2.100.1.1.2418298476,Gauge32,2418298476
.1.3.6.1.4.1.2011.6.164.1.1.2.100.1.1.2418298477,Gauge32,2418298477
.1.3.6.1.4.1.2011.6.164.1.1.2.100.1.1.2418298478,Gauge32,2418298478
.1.3.6.1.4.1.2011.6.164.1.1.2.100.1.1.2418298479,Gauge32,2418298479
.1.3.6.1.4.1.2011.6.164.1.1.2.100.1.1.2418298480,Gauge32,2418298480
.1.3.6.1.4.1.2011.6.164.1.1.2.100.1.1.2418298481,Gauge32,2418298481
.1.3.6.1.4.1.2011.6.164.1.1.2.100.1.1.2418298482,Gauge32,2418298482
.1.3.6.1.4.1.2011.6.164.1.1.2.100.1.1.2418495109,Gauge32,2418495109
.1.3.6.1.4.1.2011.6.164.1.1.2.100.1.1.2418495110,Gauge32,2418495110
.1.3.6.1.4.1.2011.6.164.1.1.2.100.1.1.2418495111,Gauge32,2418495111
.1.3.6.1.4.1.2011.6.164.1.1.2.100.1.1.2418495112,Gauge32,2418495112
.1.3.6.1.4.1.2011.6.164.1.1.2.100.1.1.2418495113,Gauge32,2418495113
.1.3.6.1.4.1.2011.6.164.1.1.2.100.1.1.2418495114,Gauge32,2418495114
.1.3.6.1.4.1.2011.6.164.1.1.2.100.1.1.2418495115,Gauge32,2418495115
.1.3.6.1.4.1.2011.6.164.1.1.2.100.1.1.2418495116,Gauge32,2418495116
.1.3.6.1.4.1.2011.6.164.1.1.2.100.1.1.2418495117,Gauge32,2418495117
.1.3.6.1.4.1.2011.6.164.1.1.2.100.1.1.2418495118,Gauge32,2418495118
.1.3.6.1.4.1.2011.6.164.1.1.2.100.1.1.2418495119,Gauge32,2418495119
.1.3.6.1.4.1.2011.6.164.1.1.2.100.1.1.2418495120,Gauge32,2418495120
.1.3.6.1.4.1.2011.6.164.1.1.2.100.1.1.2418495121,Gauge32,2418495121
.1.3.6.1.4.1.2011.6.164.1.1.2.100.1.1.2418495122,Gauge32,2418495122
.1.3.6.1.4.1.2011.6.164.1.1.2.100.1.1.2418536587,Gauge32,2418536587
.1.3.6.1.4.1.2011.6.164.1.1.2.100.1.1.2418560745,Gauge32,2418560745
.1.3.6.1.4.1.2011.6.164.1.1.2.100.1.1.2418560746,Gauge32,2418560746
.1.3.6.1.4.1.2011.6.164.1.1.2.100.1.1.2418602430,Gauge32,2418602430
.1.3.6.1.4.1.2011.6.164.1.1.2.100.1.1.2418626231,Gauge32,2418626231
.1.3.6.1.4.1.2011.6.164.1.1.2.100.1.1.2418626232,Gauge32,2418626232
.1.3.6.1.4.1.2011.6.164.1.1.2.100.1.1.2418626233,Gauge32,2418626233
.1.3.6.1.4.1.2011.6.164.1.1.2.100.1.1.2418626235,Gauge32,2418626235
.1.3.6.1.4.1.2011.6.164.1.1.2.100.1.1.2418626236,Gauge32,2418626236
.1.3.6.1.4.1.2011.6.164.1.1.2.100.1.1.2418626237,Gauge32,2418626237
.1.3.6.1.4.1.2011.6.164.1.1.2.100.1.1.2418626238,Gauge32,2418626238
.1.3.6.1.4.1.2011.6.164.1.1.2.100.1.1.2418626239,Gauge32,2418626239
.1.3.6.1.4.1.2011.6.164.1.1.2.100.1.1.2418626240,Gauge32,2418626240
.1.3.6.1.4.1.2011.6.164.1.1.2.100.1.1.2418626241,Gauge32,2418626241
.1.3.6.1.4.1.2011.6.164.1.1.2.100.1.1.2418626242,Gauge32,2418626242
.1.3.6.1.4.1.2011.6.164.1.1.2.100.1.1.2418626243,Gauge32,2418626243
.1.3.6.1.4.1.2011.6.164.1.1.2.100.1.1.2418626244,Gauge32,2418626244
.1.3.6.1.4.1.2011.6.164.1.1.2.100.1.1.2418626245,Gauge32,2418626245
.1.3.6.1.4.1.2011.6.164.1.1.2.100.1.1.2418626246,Gauge32,2418626246
.1.3.6.1.4.1.2011.6.164.1.1.2.100.1.1.2418626247,Gauge32,2418626247
.1.3.6.1.4.1.2011.6.164.1.1.2.100.1.1.2418626248,Gauge32,2418626248
.1.3.6.1.4.1.2011.6.164.1.1.2.100.1.1.2418626249,Gauge32,2418626249
.1.3.6.1.4.1.2011.6.164.1.1.2.100.1.1.2418626250,Gauge32,2418626250
.1.3.6.1.4.1.2011.6.164.1.1.2.100.1.1.2418626251,Gauge32,2418626251
.1.3.6.1.4.1.2011.6.164.1.1.2.100.1.1.2418626252,Gauge32,2418626252
.1.3.6.1.4.1.2011.6.164.1.1.2.100.1.1.2418667967,Gauge32,2418667967
.1.3.6.1.4.1.2011.6.164.1.1.2.100.1.1.2418668016,Gauge32,2418668016
.1.3.6.1.4.1.2011.6.164.1.1.2.100.1.1.2418822999,Gauge32,2418822999
.1.3.6.1.4.1.2011.6.164.1.1.2.100.1.1.2418823000,Gauge32,2418823000
.1.3.6.1.4.1.2011.6.164.1.1.2.100.1.1.2419206117,Gauge32,2419206117
.1.3.6.1.4.1.2011.6.164.1.1.2.100.1.1.2419206118,Gauge32,2419206118
.1.3.6.1.4.1.2011.6.164.1.1.2.100.1.1.2419206119,Gauge32,2419206119
.1.3.6.1.4.1.2011.6.164.1.1.2.100.1.1.2419206120,Gauge32,2419206120
.1.3.6.1.4.1.2011.6.164.1.1.2.100.1.1.2419206121,Gauge32,2419206121
.1.3.6.1.4.1.2011.6.164.1.1.2.100.1.1.2419206122,Gauge32,2419206122
.1.3.6.1.4.1.2011.6.164.1.1.2.100.1.1.2419206123,Gauge32,2419206123
.1.3.6.1.4.1.2011.6.164.1.1.2.100.1.1.2419206124,Gauge32,2419206124
.1.3.6.1.4.1.2011.6.164.1.1.2.100.1.1.2419206125,Gauge32,2419206125
.1.3.6.1.4.1.2011.6.164.1.1.2.100.1.1.2419206126,Gauge32,2419206126
.1.3.6.1.4.1.2011.6.164.1.1.2.100.1.1.2419206127,Gauge32,2419206127
.1.3.6.1.4.1.2011.6.164.1.1.2.100.1.1.2419206131,Gauge32,2419206131
.1.3.6.1.4.1.2011.6.164.1.1.2.100.1.1.2419206132,Gauge32,2419206132
.1.3.6.1.4.1.2011.6.164.1.1.2.100.1.1.2419206134,Gauge32,2419206134
.1.3.6.1.4.1.2011.6.164.1.1.2.100.1.1.2419206205,Gauge32,2419206205
.1.3.6.1.4.1.2011.6.164.1.1.2.100.1.1.2419206206,Gauge32,2419206206
.1.3.6.1.4.1.2011.6.164.1.1.2.100.1.1.2419206207,Gauge32,2419206207
.1.3.6.1.4.1.2011.6.164.1.1.2.100.1.1.2419206208,Gauge32,2419206208
.1.3.6.1.4.1.2011.6.164.1.1.2.100.1.1.2419206209,Gauge32,2419206209
.1.3.6.1.4.1.2011.6.164.1.1.2.100.1.1.2419206210,Gauge32,2419206210
.1.3.6.1.4.1.2011.6.164.1.1.2.100.1.1.2419206211,Gauge32,2419206211
.1.3.6.1.4.1.2011.6.164.1.1.2.100.1.1.2419206212,Gauge32,2419206212
.1.3.6.1.4.1.2011.6.164.1.1.2.100.1.1.2419211228,Gauge32,2419211228
.1.3.6.1.4.1.2011.6.164.1.1.2.100.1.1.2419276703,Gauge32,2419276703
.1.3.6.1.4.1.2011.6.164.1.1.2.100.1.1.2419402810,Gauge32,2419402810
.1.3.6.1.4.1.2011.6.164.1.1.2.100.1.1.2419478119,Gauge32,2419478119
.1.3.6.1.4.1.2011.6.164.1.1.2.100.1.1.2419480199,Gauge32,2419480199
.1.3.6.1.4.1.2011.6.164.1.1.2.100.1.1.2419480200,Gauge32,2419480200
.1.3.6.1.4.1.2011.6.164.1.1.2.100.1.1.2419480201,Gauge32,2419480201
.1.3.6.1.4.1.2011.6.164.1.1.2.100.1.1.2419480202,Gauge32,2419480202
.1.3.6.1.4.1.2011.6.164.1.1.2.100.1.1.2419480203,Gauge32,2419480203
.1.3.6.1.4.1.2011.6.164.1.1.2.100.1.1.2419480204,Gauge32,2419480204
.1.3.6.1.4.1.2011.6.164.1.1.2.100.1.1.2419480205,Gauge32,2419480205
.1.3.6.1.4.1.2011.6.164.1.1.2.100.1.1.2419480206,Gauge32,2419480206
.1.3.6.1.4.1.2011.6.164.1.1.2.100.1.1.2419480207,Gauge32,2419480207
.1.3.6.1.4.1.2011.6.164.1.1.2.100.1.1.2419480208,Gauge32,2419480208
.1.3.6.1.4.1.2011.6.164.1.1.2.100.1.1.2419480209,Gauge32,2419480209
.1.3.6.1.4.1.2011.6.164.1.1.2.100.1.1.2419480210,Gauge32,2419480210
.1.3.6.1.4.1.2011.6.164.1.1.2.100.1.1.2419480211,Gauge32,2419480211
.1.3.6.1.4.1.2011.6.164.1.1.2.100.1.1.2419480212,Gauge32,2419480212
.1.3.6.1.4.1.2011.6.164.1.1.2.100.1.1.2419480213,Gauge32,2419480213
.1.3.6.1.4.1.2011.6.164.1.1.2.100.1.1.2419480214,Gauge32,2419480214
.1.3.6.1.4.1.2011.6.164.1.1.2.100.1.1.2419480215,Gauge32,2419480215
.1.3.6.1.4.1.2011.6.164.1.1.2.100.1.1.2419480216,Gauge32,2419480216
.1.3.6.1.4.1.2011.6.164.1.1.2.100.1.1.2419480217,Gauge32,2419480217
.1.3.6.1.4.1.2011.6.164.1.1.2.100.1.1.2419480218,Gauge32,2419480218
.1.3.6.1.4.1.2011.6.164.1.1.2.100.1.1.2419480219,Gauge32,2419480219
.1.3.6.1.4.1.2011.6.164.1.1.2.100.1.1.2419480220,Gauge32,2419480220
.1.3.6.1.4.1.2011.6.164.1.1.2.100.1.1.2419480221,Gauge32,2419480221
.1.3.6.1.4.1.2011.6.164.1.1.2.100.1.1.2419480222,Gauge32,2419480222
.1.3.6.1.4.1.2011.6.164.1.1.2.100.1.1.2419480223,Gauge32,2419480223
.1.3.6.1.4.1.2011.6.164.1.1.2.100.1.1.2419480224,Gauge32,2419480224
.1.3.6.1.4.1.2011.6.164.1.1.2.100.1.1.2419480225,Gauge32,2419480225
.1.3.6.1.4.1.2011.6.164.1.1.2.100.1.1.2419480226,Gauge32,2419480226
.1.3.6.1.4.1.2011.6.164.1.1.2.100.1.1.2419480227,Gauge32,2419480227
.1.3.6.1.4.1.2011.6.164.1.1.2.100.1.1.2419480228,Gauge32,2419480228
.1.3.6.1.4.1.2011.6.164.1.1.2.100.1.1.2419480229,Gauge32,2419480229
.1.3.6.1.4.1.2011.6.164.1.1.2.100.1.1.2419480230,Gauge32,2419480230
.1.3.6.1.4.1.2011.6.164.1.1.2.100.1.1.2419480231,Gauge32,2419480231
.1.3.6.1.4.1.2011.6.164.1.1.2.100.1.1.2419480232,Gauge32,2419480232
.1.3.6.1.4.1.2011.6.164.1.1.2.100.1.1.2419480233,Gauge32,2419480233
.1.3.6.1.4.1.2011.6.164.1.1.2.100.1.1.2419480234,Gauge32,2419480234
.1.3.6.1.4.1.2011.6.164.1.1.2.100.1.1.2419480235,Gauge32,2419480235
.1.3.6.1.4.1.2011.6.164.1.1.2.100.1.1.2419480236,Gauge32,2419480236
.1.3.6.1.4.1.2011.6.164.1.1.2.100.1.1.2419480237,Gauge32,2419480237
.1.3.6.1.4.1.2011.6.164.1.1.2.100.1.1.2419480238,Gauge32,2419480238
.1.3.6.1.4.1.2011.6.164.1.1.2.100.1.1.2419480239,Gauge32,2419480239
.1.3.6.1.4.1.2011.6.164.1.1.2.100.1.1.2419480240,Gauge32,2419480240
.1.3.6.1.4.1.2011.6.164.1.1.2.100.1.1.2419480241,Gauge32,2419480241
.1.3.6.1.4.1.2011.6.164.1.1.2.100.1.1.2419480242,Gauge32,2419480242
.1.3.6.1.4.1.2011.6.164.1.1.2.100.1.1.2419480243,Gauge32,2419480243
.1.3.6.1.4.1.2011.6.164.1.1.2.100.1.1.2419480244,Gauge32,2419480244
.1.3.6.1.4.1.2011.6.164.1.1.2.100.1.1.2419480245,Gauge32,2419480245
.1.3.6.1.4.1.2011.6.164.1.1.2.100.1.1.2419480246,Gauge32,2419480246
.1.3.6.1.4.1.2011.6.164.1.1.2.100.1.1.2419480247,Gauge32,2419480247
.1.3.6.1.4.1.2011.6.164.1.1.2.100.1.1.2419480248,Gauge32,2419480248
.1.3.6.1.4.1.2011.6.164.1.1.2.100.1.1.2419480249,Gauge32,2419480249
.1.3.6.1.4.1.2011.6.164.1.1.2.100.1.1.2419480250,Gauge32,2419480250
.1.3.6.1.4.1.2011.6.164.1.1.2.100.1.1.2419480251,Gauge32,2419480251
.1.3.6.1.4.1.2011.6.164.1.1.2.100.1.1.2419480252,Gauge32,2419480252
.1.3.6.1.4.1.2011.6.164.1.1.2.100.1.1.2419480253,Gauge32,2419480253
.1.3.6.1.4.1.2011.6.164.1.1.2.100.1.1.2419480254,Gauge32,2419480254
.1.3.6.1.4.1.2011.6.164.1.1.2.100.1.1.2419480255,Gauge32,2419480255
.1.3.6.1.4.1.2011.6.164.1.1.2.100.1.1.2419480256,Gauge32,2419480256
.1.3.6.1.4.1.2011.6.164.1.1.2.100.1.1.2419480257,Gauge32,2419480257
.1.3.6.1.4.1.2011.6.164.1.1.2.100.1.1.2419480258,Gauge32,2419480258
.1.3.6.1.4.1.2011.6.164.1.1.2.100.1.1.2419480259,Gauge32,2419480259
.1.3.6.1.4.1.2011.6.164.1.1.2.100.1.1.2419480260,Gauge32,2419480260
.1.3.6.1.4.1.2011.6.164.1.1.2.100.1.1.2419992561,Gauge32,2419992561
.1.3.6.1.4.1.2011.6.164.1.1.2.100.1.1.2419992562,Gauge32,2419992562
.1.3.6.1.4.1.2011.6.164.1.1.2.100.1.1.2419997600,Gauge32,2419997600
.1.3.6.1.4.1.2011.6.164.1.1.2.100.1.1.2419997605,Gauge32,2419997605
.1.3.6.1.4.1.2011.6.164.1.1.2.100.1.1.2419997632,Gauge32,2419997632
.1.3.6.1.4.1.2011.6.164.1.1.2.100.1.1.2419997633,Gauge32,2419997633
.1.3.6.1.4.1.2011.6.164.1.1.2.100.1.1.2419997634,Gauge32,2419997634
.1.3.6.1.4.1.2011.6.164.1.1.2.100.1.1.2419997642,Gauge32,2419997642
.1.3.6.1.4.1.2011.6.164.1.1.2.100.1.1.2420043776,Gauge32,2420043776
.1.3.6.1.4.1.2011.6.164.1.1.2.100.1.1.2420043777,Gauge32,2420043777
.1.3.6.1.4.1.2011.6.164.1.1.2.100.1.1.2420043917,Gauge32,2420043917
.1.3.6.1.4.1.2011.6.164.1.1.2.100.1.1.2420043918,Gauge32,2420043918
.1.3.6.1.4.1.2011.6.164.1.1.2.100.1.1.2420043987,Gauge32,2420043987
.1.3.6.1.4.1.2011.6.164.1.1.2.100.1.1.2420043988,Gauge32,2420043988
.1.3.6.1.4.1.2011.6.164.1.1.2.100.1.1.2420043992,Gauge32,2420043992
.1.3.6.1.4.1.2011.6.164.1.1.2.100.1.1.2420043993,Gauge32,2420043993
.1.3.6.1.4.1.2011.6.164.1.1.2.100.1.1.2420044048,Gauge32,2420044048
.1.3.6.1.4.1.2011.6.164.1.1.2.100.1.1.2420044170,Gauge32,2420044170
.1.3.6.1.4.1.2011.6.164.1.1.2.100.1.1.2420044171,Gauge32,2420044171
.1.3.6.1.4.1.2011.6.164.1.1.2.100.1.2.538322929,OctetString,"""Abnormal System Voltage Check"""
.1.3.6.1.4.1.2011.6.164.1.1.2.100.1.2.538322930,OctetString,"""Abnormal System Current Check"""
.1.3.6.1.4.1.2011.6.164.1.1.2.100.1.2.538327968,OctetString,"""Mask SC Alarm"""
.1.3.6.1.4.1.2011.6.164.1.1.2.100.1.2.538327973,OctetString,"""All Alarms Blocked"""
.1.3.6.1.4.1.2011.6.164.1.1.2.100.1.2.538328000,OctetString,"""WEB Certificate Invalid """
.1.3.6.1.4.1.2011.6.164.1.1.2.100.1.2.538328001,OctetString,"""WEB Certificate Will Expire"""
.1.3.6.1.4.1.2011.6.164.1.1.2.100.1.2.538328002,OctetString,"""WEB Certificate Expired"""
.1.3.6.1.4.1.2011.6.164.1.1.2.100.1.2.538328010,OctetString,"""Traffic Fluctuation Alarm"""
.1.3.6.1.4.1.2011.6.164.1.1.2.100.1.2.538374144,OctetString,"""SMU Fault"""
.1.3.6.1.4.1.2011.6.164.1.1.2.100.1.2.538374145,OctetString,"""Insufficient Alarm Space"""
.1.3.6.1.4.1.2011.6.164.1.1.2.100.1.2.538374285,OctetString,"""NetEco Certificate Will Expire"""
.1.3.6.1.4.1.2011.6.164.1.1.2.100.1.2.538374286,OctetString,"""Northbound TCP-MODBUS Certificate Will Expire"""
.1.3.6.1.4.1.2011.6.164.1.1.2.100.1.2.538374355,OctetString,"""NetEco Certificate Expired"""
.1.3.6.1.4.1.2011.6.164.1.1.2.100.1.2.538374356,OctetString,"""Offline Early Warning"""
.1.3.6.1.4.1.2011.6.164.1.1.2.100.1.2.538374360,OctetString,"""Northbound TCP-MODBUS Certificate Expired"""
.1.3.6.1.4.1.2011.6.164.1.1.2.100.1.2.538374361,OctetString,"""SYS-LOG Certificate Expired"""
.1.3.6.1.4.1.2011.6.164.1.1.2.100.1.2.538374416,OctetString,"""SYS-LOG Certificate Will Expire"""
.1.3.6.1.4.1.2011.6.164.1.1.2.100.1.2.538374538,OctetString,"""Southbound TCP-MODBUS Certificate Expired"""
.1.3.6.1.4.1.2011.6.164.1.1.2.100.1.2.538374539,OctetString,"""Southbound TCP-MODBUS Certificate Will Expire"""
.1.3.6.1.4.1.2011.6.164.1.1.2.100.1.2.2147549292,OctetString,"""AC Surge Protector Fault"""
.1.3.6.1.4.1.2011.6.164.1.1.2.100.1.2.2147549604,OctetString,"""DC Surge Protector Fault"""
.1.3.6.1.4.1.2011.6.164.1.1.2.100.1.2.2147550734,OctetString,"""Ac Failure"""
.1.3.6.1.4.1.2011.6.164.1.1.2.100.1.2.2147550736,OctetString,"""AC Overvoltage"""
.1.3.6.1.4.1.2011.6.164.1.1.2.100.1.2.2147550737,OctetString,"""AC Undervoltage"""
.1.3.6.1.4.1.2011.6.164.1.1.2.100.1.2.2147550739,OctetString,"""AC Phase L1 Overvoltage"""
.1.3.6.1.4.1.2011.6.164.1.1.2.100.1.2.2147550740,OctetString,"""AC Phase L2 Overvoltage"""
.1.3.6.1.4.1.2011.6.164.1.1.2.100.1.2.2147550741,OctetString,"""AC Phase L3 Overvoltage"""
.1.3.6.1.4.1.2011.6.164.1.1.2.100.1.2.2147550742,OctetString,"""AC Phase L1 Undervoltage"""
.1.3.6.1.4.1.2011.6.164.1.1.2.100.1.2.2147550743,OctetString,"""AC Phase L2 Undervoltage"""
.1.3.6.1.4.1.2011.6.164.1.1.2.100.1.2.2147550744,OctetString,"""AC Phase L3 Undervoltage"""
.1.3.6.1.4.1.2011.6.164.1.1.2.100.1.2.2147550751,OctetString,"""AC Phase L1 Failure"""
.1.3.6.1.4.1.2011.6.164.1.1.2.100.1.2.2147550752,OctetString,"""AC Phase L2 Failure"""
.1.3.6.1.4.1.2011.6.164.1.1.2.100.1.2.2147550753,OctetString,"""AC Phase L3 Failure"""
.1.3.6.1.4.1.2011.6.164.1.1.2.100.1.2.2147558008,OctetString,"""LLVD2 Warning"""
.1.3.6.1.4.1.2011.6.164.1.1.2.100.1.2.2147558009,OctetString,"""LLVD2 Disconnected"""
.1.3.6.1.4.1.2011.6.164.1.1.2.100.1.2.2147559284,OctetString,"""LLVD Warning"""
.1.3.6.1.4.1.2011.6.164.1.1.2.100.1.2.2147559315,OctetString,"""Unknown System Type"""
.1.3.6.1.4.1.2011.6.164.1.1.2.100.1.2.2147559336,OctetString,"""Bus Bar Overvoltage"""
.1.3.6.1.4.1.2011.6.164.1.1.2.100.1.2.2147559337,OctetString,"""Bus Bar Undervoltage"""
.1.3.6.1.4.1.2011.6.164.1.1.2.100.1.2.2147559338,OctetString,"""Bus Bar Ultra Overvoltage"""
.1.3.6.1.4.1.2011.6.164.1.1.2.100.1.2.2147559339,OctetString,"""Bus Bar Ultra Undervoltage"""
.1.3.6.1.4.1.2011.6.164.1.1.2.100.1.2.2147559353,OctetString,"""Load Fuse Break"""
.1.3.6.1.4.1.2011.6.164.1.1.2.100.1.2.2147559354,OctetString,"""Load Fuse1 Break"""
.1.3.6.1.4.1.2011.6.164.1.1.2.100.1.2.2147559355,OctetString,"""Load Fuse2 Break"""
.1.3.6.1.4.1.2011.6.164.1.1.2.100.1.2.2147559356,OctetString,"""Load Fuse3 Break"""
.1.3.6.1.4.1.2011.6.164.1.1.2.100.1.2.2147559357,OctetString,"""Load Fuse4 Break"""
.1.3.6.1.4.1.2011.6.164.1.1.2.100.1.2.2147559359,OctetString,"""Load Fuse5 Break"""
.1.3.6.1.4.1.2011.6.164.1.1.2.100.1.2.2147559360,OctetString,"""Load Fuse6 Break"""
.1.3.6.1.4.1.2011.6.164.1.1.2.100.1.2.2147559361,OctetString,"""Load Fuse7 Break"""
.1.3.6.1.4.1.2011.6.164.1.1.2.100.1.2.2147559362,OctetString,"""Load Fuse8 Break"""
.1.3.6.1.4.1.2011.6.164.1.1.2.100.1.2.2147559363,OctetString,"""Load Fuse9 Break"""
.1.3.6.1.4.1.2011.6.164.1.1.2.100.1.2.2147559364,OctetString,"""Load Fuse10 Break"""
.1.3.6.1.4.1.2011.6.164.1.1.2.100.1.2.2147559365,OctetString,"""Load Fuse11 Break"""
.1.3.6.1.4.1.2011.6.164.1.1.2.100.1.2.2147559366,OctetString,"""Load Fuse12 Break"""
.1.3.6.1.4.1.2011.6.164.1.1.2.100.1.2.2147559367,OctetString,"""Load Fuse13 Break"""
.1.3.6.1.4.1.2011.6.164.1.1.2.100.1.2.2147559368,OctetString,"""Load Fuse14 Break"""
.1.3.6.1.4.1.2011.6.164.1.1.2.100.1.2.2147559369,OctetString,"""Load Fuse15 Break"""
.1.3.6.1.4.1.2011.6.164.1.1.2.100.1.2.2147559370,OctetString,"""Load Fuse16 Break"""
.1.3.6.1.4.1.2011.6.164.1.1.2.100.1.2.2147559371,OctetString,"""Load Fuse17 Break"""
.1.3.6.1.4.1.2011.6.164.1.1.2.100.1.2.2147559372,OctetString,"""Load Fuse18 Break"""
.1.3.6.1.4.1.2011.6.164.1.1.2.100.1.2.2147559373,OctetString,"""Load Fuse19 Break"""
.1.3.6.1.4.1.2011.6.164.1.1.2.100.1.2.2147559374,OctetString,"""Load Fuse20 Break"""
.1.3.6.1.4.1.2011.6.164.1.1.2.100.1.2.2147559375,OctetString,"""Load Fuse21 Break"""
.1.3.6.1.4.1.2011.6.164.1.1.2.100.1.2.2147559376,OctetString,"""Load Fuse22 Break"""
.1.3.6.1.4.1.2011.6.164.1.1.2.100.1.2.2147559377,OctetString,"""Load Fuse23 Break"""
.1.3.6.1.4.1.2011.6.164.1.1.2.100.1.2.2147559396,OctetString,"""Long AC Failure"""
.1.3.6.1.4.1.2011.6.164.1.1.2.100.1.2.2147559408,OctetString,"""Breaker Trip Alarm"""
.1.3.6.1.4.1.2011.6.164.1.1.2.100.1.2.2147559415,OctetString,"""Customized Alarm 1"""
.1.3.6.1.4.1.2011.6.164.1.1.2.100.1.2.2147559416,OctetString,"""Customized Alarm 2"""
.1.3.6.1.4.1.2011.6.164.1.1.2.100.1.2.2147559417,OctetString,"""Customized Alarm 3"""
.1.3.6.1.4.1.2011.6.164.1.1.2.100.1.2.2147559418,OctetString,"""Customized Alarm 4"""
.1.3.6.1.4.1.2011.6.164.1.1.2.100.1.2.2147559419,OctetString,"""Customized Alarm 5"""
.1.3.6.1.4.1.2011.6.164.1.1.2.100.1.2.2147559420,OctetString,"""Customized Alarm 6"""
.1.3.6.1.4.1.2011.6.164.1.1.2.100.1.2.2147559421,OctetString,"""Customized Alarm 7"""
.1.3.6.1.4.1.2011.6.164.1.1.2.100.1.2.2147559422,OctetString,"""Customized Alarm 8"""
.1.3.6.1.4.1.2011.6.164.1.1.2.100.1.2.2147559423,OctetString,"""Customized Alarm 9"""
.1.3.6.1.4.1.2011.6.164.1.1.2.100.1.2.2147559424,OctetString,"""Customized Alarm 10"""
.1.3.6.1.4.1.2011.6.164.1.1.2.100.1.2.2147559425,OctetString,"""Customized Alarm 11"""
.1.3.6.1.4.1.2011.6.164.1.1.2.100.1.2.2147559426,OctetString,"""Customized Alarm 12"""
.1.3.6.1.4.1.2011.6.164.1.1.2.100.1.2.2147559427,OctetString,"""Customized Alarm 13"""
.1.3.6.1.4.1.2011.6.164.1.1.2.100.1.2.2147559428,OctetString,"""Customized Alarm 14"""
.1.3.6.1.4.1.2011.6.164.1.1.2.100.1.2.2147559429,OctetString,"""Customized Alarm 15"""
.1.3.6.1.4.1.2011.6.164.1.1.2.100.1.2.2147559430,OctetString,"""Customized Alarm 16"""
.1.3.6.1.4.1.2011.6.164.1.1.2.100.1.2.2147559431,OctetString,"""Customized Alarm 17"""
.1.3.6.1.4.1.2011.6.164.1.1.2.100.1.2.2147559432,OctetString,"""Customized Alarm 18"""
.1.3.6.1.4.1.2011.6.164.1.1.2.100.1.2.2147559433,OctetString,"""Customized Alarm 19"""
.1.3.6.1.4.1.2011.6.164.1.1.2.100.1.2.2147559434,OctetString,"""Customized Alarm 20"""
.1.3.6.1.4.1.2011.6.164.1.1.2.100.1.2.2147559447,OctetString,"""Load Breaker Trip"""
.1.3.6.1.4.1.2011.6.164.1.1.2.100.1.2.2147559448,OctetString,"""Main AC Breaker Trip"""
.1.3.6.1.4.1.2011.6.164.1.1.2.100.1.2.2147559449,OctetString,"""DCD Communication Failure"""
.1.3.6.1.4.1.2011.6.164.1.1.2.100.1.2.2147559451,OctetString,"""AC Phase L1 Failure"""
.1.3.6.1.4.1.2011.6.164.1.1.2.100.1.2.2147559452,OctetString,"""AC Phase L2 Failure"""
.1.3.6.1.4.1.2011.6.164.1.1.2.100.1.2.2147559453,OctetString,"""AC Phase L3 Failure"""
.1.3.6.1.4.1.2011.6.164.1.1.2.100.1.2.2147559454,OctetString,"""AC L1-L2 Overvoltage"""
.1.3.6.1.4.1.2011.6.164.1.1.2.100.1.2.2147559455,OctetString,"""AC L2-L3 Overvoltage"""
.1.3.6.1.4.1.2011.6.164.1.1.2.100.1.2.2147559456,OctetString,"""AC L3-L1 Overvoltage"""
.1.3.6.1.4.1.2011.6.164.1.1.2.100.1.2.2147559457,OctetString,"""AC L1-L2 Undervoltage"""
.1.3.6.1.4.1.2011.6.164.1.1.2.100.1.2.2147559458,OctetString,"""AC L2-L3 Undervoltage"""
.1.3.6.1.4.1.2011.6.164.1.1.2.100.1.2.2147559459,OctetString,"""AC L3-L1 Undervoltage"""
.1.3.6.1.4.1.2011.6.164.1.1.2.100.1.2.2147559480,OctetString,"""Power System Undervoltage"""
.1.3.6.1.4.1.2011.6.164.1.1.2.100.1.2.2147559481,OctetString,"""Power System Overvoltage"""
.1.3.6.1.4.1.2011.6.164.1.1.2.100.1.2.2147559483,OctetString,"""Illegal Door Open"""
.1.3.6.1.4.1.2011.6.164.1.1.2.100.1.2.2147564440,OctetString,"""LLVD3 Warning"""
.1.3.6.1.4.1.2011.6.164.1.1.2.100.1.2.2147564441,OctetString,"""LLVD3 Disconnected"""
.1.3.6.1.4.1.2011.6.164.1.1.2.100.1.2.2147564444,OctetString,"""LLVD4 Warning"""
.1.3.6.1.4.1.2011.6.164.1.1.2.100.1.2.2147564445,OctetString,"""LLVD4 Disconnected"""
.1.3.6.1.4.1.2011.6.164.1.1.2.100.1.2.2147564449,OctetString,"""DC Input Overvoltage"""
.1.3.6.1.4.1.2011.6.164.1.1.2.100.1.2.2147564450,OctetString,"""DC Input Undervoltage"""
.1.3.6.1.4.1.2011.6.164.1.1.2.100.1.2.2147564454,OctetString,"""DC Input Fail"""
.1.3.6.1.4.1.2011.6.164.1.1.2.100.1.2.2147564455,OctetString,"""LLVD Forcibly Connection"""
.1.3.6.1.4.1.2011.6.164.1.1.2.100.1.2.2147564456,OctetString,"""AC Charge Abnormal"""
.1.3.6.1.4.1.2011.6.164.1.1.2.100.1.2.2147564466,OctetString,"""AC Loop Fault"""
.1.3.6.1.4.1.2011.6.164.1.1.2.100.1.2.2147564467,OctetString,"""Mobile Genset Reminder"""
.1.3.6.1.4.1.2011.6.164.1.1.2.100.1.2.2147564468,OctetString,"""LLVD1 Contactor Fault"""
.1.3.6.1.4.1.2011.6.164.1.1.2.100.1.2.2147564469,OctetString,"""LLVD2 Contactor Fault"""
.1.3.6.1.4.1.2011.6.164.1.1.2.100.1.2.2147564473,OctetString,"""User1 LF Break"""
.1.3.6.1.4.1.2011.6.164.1.1.2.100.1.2.2147564474,OctetString,"""User2 LF Break"""
.1.3.6.1.4.1.2011.6.164.1.1.2.100.1.2.2147564475,OctetString,"""User3 LF Break"""
.1.3.6.1.4.1.2011.6.164.1.1.2.100.1.2.2147564476,OctetString,"""User4 LF Break"""
.1.3.6.1.4.1.2011.6.164.1.1.2.100.1.2.2147564477,OctetString,"""User5 LF Break"""
.1.3.6.1.4.1.2011.6.164.1.1.2.100.1.2.2147564478,OctetString,"""User6 LF Break"""
.1.3.6.1.4.1.2011.6.164.1.1.2.100.1.2.2147564479,OctetString,"""System Manual Control"""
.1.3.6.1.4.1.2011.6.164.1.1.2.100.1.2.2147564480,OctetString,"""LLVD Emergency Disconnected"""
.1.3.6.1.4.1.2011.6.164.1.1.2.100.1.2.2147564489,OctetString,"""External DU LF Break"""
.1.3.6.1.4.1.2011.6.164.1.1.2.100.1.2.2147564491,OctetString,"""Battery Overvoltage"""
.1.3.6.1.4.1.2011.6.164.1.1.2.100.1.2.2147564492,OctetString,"""Battery Undervoltage"""
.1.3.6.1.4.1.2011.6.164.1.1.2.100.1.2.2147564493,OctetString,"""Battery Ultra Undervoltage"""
.1.3.6.1.4.1.2011.6.164.1.1.2.100.1.2.2147564514,OctetString,"""LLVD Fail"""
.1.3.6.1.4.1.2011.6.164.1.1.2.100.1.2.2147564516,OctetString,"""Total Load Over Current"""
.1.3.6.1.4.1.2011.6.164.1.1.2.100.1.2.2147569971,OctetString,"""LLVD Low Voltage Disconnected"""
.1.3.6.1.4.1.2011.6.164.1.1.2.100.1.2.2147569972,OctetString,"""LLVD Manual Disconnected"""
.1.3.6.1.4.1.2011.6.164.1.1.2.100.1.2.2147569973,OctetString,"""LLVD High Temperature Disconnected"""
.1.3.6.1.4.1.2011.6.164.1.1.2.100.1.2.2147569974,OctetString,"""LLVD Timed Disconnected"""
.1.3.6.1.4.1.2011.6.164.1.1.2.100.1.2.2147569977,OctetString,"""LLVD2 Low Voltage Disconnected"""
.1.3.6.1.4.1.2011.6.164.1.1.2.100.1.2.2147569978,OctetString,"""LLVD2 Manual Disconnected"""
.1.3.6.1.4.1.2011.6.164.1.1.2.100.1.2.2147569979,OctetString,"""LLVD2 High Temperature Disconnected"""
.1.3.6.1.4.1.2011.6.164.1.1.2.100.1.2.2147569980,OctetString,"""LLVD2 Timed Disconnected"""
.1.3.6.1.4.1.2011.6.164.1.1.2.100.1.2.2147569982,OctetString,"""LLVD3 Low Voltage Disconnected"""
.1.3.6.1.4.1.2011.6.164.1.1.2.100.1.2.2147569983,OctetString,"""LLVD3 Manual Disconnected"""
.1.3.6.1.4.1.2011.6.164.1.1.2.100.1.2.2147569984,OctetString,"""LLVD3 High Temperature Disconnected"""
.1.3.6.1.4.1.2011.6.164.1.1.2.100.1.2.2147569985,OctetString,"""LLVD3 Timed Disconnected"""
.1.3.6.1.4.1.2011.6.164.1.1.2.100.1.2.2147569987,OctetString,"""LLVD4 Low Voltage Disconnected"""
.1.3.6.1.4.1.2011.6.164.1.1.2.100.1.2.2147569988,OctetString,"""LLVD4 Manual Disconnected"""
.1.3.6.1.4.1.2011.6.164.1.1.2.100.1.2.2147569989,OctetString,"""LLVD4 High Temperature Disconnected"""
.1.3.6.1.4.1.2011.6.164.1.1.2.100.1.2.2147569990,OctetString,"""LLVD4 Timed Disconnected"""
.1.3.6.1.4.1.2011.6.164.1.1.2.100.1.2.2147586150,OctetString,"""Site Aircon Fault"""
.1.3.6.1.4.1.2011.6.164.1.1.2.100.1.2.2147586152,OctetString,"""Abnormal Power Measurement"""
.1.3.6.1.4.1.2011.6.164.1.1.2.100.1.2.2147586160,OctetString,"""Sensor Cell Need To Replace"""
.1.3.6.1.4.1.2011.6.164.1.1.2.100.1.2.2147589338,OctetString,"""Battery Discharge Abnormal Disable Staggering Electricity"""
.1.3.6.1.4.1.2011.6.164.1.1.2.100.1.2.2147589340,OctetString,"""Major Alarm"""
.1.3.6.1.4.1.2011.6.164.1.1.2.100.1.2.2147589341,OctetString,"""Minor Alarm"""
.1.3.6.1.4.1.2011.6.164.1.1.2.100.1.2.2147610780,OctetString,"""Insufficient Capacity for Peak Shaving"""
.1.3.6.1.4.1.2011.6.164.1.1.2.100.1.2.2147610790,OctetString,"""Peak Shave Abnormal"""
.1.3.6.1.4.1.2011.6.164.1.1.2.100.1.2.2147611028,OctetString,"""Indoor Over Temperature """
.1.3.6.1.4.1.2011.6.164.1.1.2.100.1.2.2147611029,OctetString,"""Indoor Under Temperature"""
.1.3.6.1.4.1.2011.6.164.1.1.2.100.1.2.2147611030,OctetString,"""Indoor Over Humidity"""
.1.3.6.1.4.1.2011.6.164.1.1.2.100.1.2.2147616322,OctetString,"""Communication Failure"""
.1.3.6.1.4.1.2011.6.164.1.1.2.100.1.2.2147616323,OctetString,"""Rectifier Protection"""
.1.3.6.1.4.1.2011.6.164.1.1.2.100.1.2.2147616324,OctetString,"""Rectifier Fault"""
.1.3.6.1.4.1.2011.6.164.1.1.2.100.1.2.2147616327,OctetString,"""Rectifier Power Failure"""
.1.3.6.1.4.1.2011.6.164.1.1.2.100.1.2.2147616328,OctetString,"""Rectifier Over Voltage"""
.1.3.6.1.4.1.2011.6.164.1.1.2.100.1.2.2147616329,OctetString,"""Over Temperature"""
.1.3.6.1.4.1.2011.6.164.1.1.2.100.1.2.2147616333,OctetString,"""Rectifier Phase Failure"""
.1.3.6.1.4.1.2011.6.164.1.1.2.100.1.2.2147616334,OctetString,"""Abnormal Hardware Address"""
.1.3.6.1.4.1.2011.6.164.1.1.2.100.1.2.2147616335,OctetString,"""Inverter Fault"""
.1.3.6.1.4.1.2011.6.164.1.1.2.100.1.2.2147616336,OctetString,"""Inverter Protection"""
.1.3.6.1.4.1.2011.6.164.1.1.2.100.1.2.2147616337,OctetString,"""SPD Fault"""
.1.3.6.1.4.1.2011.6.164.1.1.2.100.1.2.2147623533,OctetString,"""Current Limitation"""
.1.3.6.1.4.1.2011.6.164.1.1.2.100.1.2.2147623534,OctetString,"""Power Failure for EOC"""
.1.3.6.1.4.1.2011.6.164.1.1.2.100.1.2.2147676357,OctetString,"""Rectifier Shutdown"""
.1.3.6.1.4.1.2011.6.164.1.1.2.100.1.2.2147689056,OctetString,"""All Rectifiers Communication Failure"""
.1.3.6.1.4.1.2011.6.164.1.1.2.100.1.2.2147689058,OctetString,"""Rectifier Missing"""
.1.3.6.1.4.1.2011.6.164.1.1.2.100.1.2.2147689059,OctetString,"""Insufficient Redundancy"""
.1.3.6.1.4.1.2011.6.164.1.1.2.100.1.2.2147689060,OctetString,"""Rectifier Fault (Redundant)"""
.1.3.6.1.4.1.2011.6.164.1.1.2.100.1.2.2147689061,OctetString,"""Rectifier Fault (Non-redundant)"""
.1.3.6.1.4.1.2011.6.164.1.1.2.100.1.2.2147689062,OctetString,"""Multi-Rectifier Fault"""
.1.3.6.1.4.1.2011.6.164.1.1.2.100.1.2.2147689063,OctetString,"""Rectifier Upgrade Failed"""
.1.3.6.1.4.1.2011.6.164.1.1.2.100.1.2.2147689064,OctetString,"""Rectifier Hibernation Activated"""
.1.3.6.1.4.1.2011.6.164.1.1.2.100.1.2.2147689065,OctetString,"""High Rectifier Remaining Capacity"""
.1.3.6.1.4.1.2011.6.164.1.1.2.100.1.2.2147689066,OctetString,"""Low Rectifier Remaining Capacity"""
.1.3.6.1.4.1.2011.6.164.1.1.2.100.1.2.2147689069,OctetString,"""Loss of Neutral"""
.1.3.6.1.4.1.2011.6.164.1.1.2.100.1.2.2147689071,OctetString,"""Not Configure Rectifier Address"""
.1.3.6.1.4.1.2011.6.164.1.1.2.100.1.2.2147689075,OctetString,"""Few Rectifier Fault """
.1.3.6.1.4.1.2011.6.164.1.1.2.100.1.2.2147746495,OctetString,"""Battery High Temperature"""
.1.3.6.1.4.1.2011.6.164.1.1.2.100.1.2.2147746496,OctetString,"""Battery Low Temperature"""
.1.3.6.1.4.1.2011.6.164.1.1.2.100.1.2.2147746497,OctetString,"""Battery Charge Overcurrent"""
.1.3.6.1.4.1.2011.6.164.1.1.2.100.1.2.2147746498,OctetString,"""Low Battery Capacity"""
.1.3.6.1.4.1.2011.6.164.1.1.2.100.1.2.2147746528,OctetString,"""Battery Discharging"""
.1.3.6.1.4.1.2011.6.164.1.1.2.100.1.2.2147755893,OctetString,"""BLVD Warning"""
.1.3.6.1.4.1.2011.6.164.1.1.2.100.1.2.2147755895,OctetString,"""BLVD Disconnected"""
.1.3.6.1.4.1.2011.6.164.1.1.2.100.1.2.2147755898,OctetString,"""Battery Temperature Sensor 1 Missing"""
.1.3.6.1.4.1.2011.6.164.1.1.2.100.1.2.2147755900,OctetString,"""Battery Temperature Sensor 2 Missing"""
.1.3.6.1.4.1.2011.6.164.1.1.2.100.1.2.2147756512,OctetString,"""Battery Temperature Sensor 2 Fault"""
.1.3.6.1.4.1.2011.6.164.1.1.2.100.1.2.2147756513,OctetString,"""Battery Breaker Trip"""
.1.3.6.1.4.1.2011.6.164.1.1.2.100.1.2.2147756515,OctetString,"""Battery Undervoltage"""
.1.3.6.1.4.1.2011.6.164.1.1.2.100.1.2.2147756518,OctetString,"""Insufficient Backup"""
.1.3.6.1.4.1.2011.6.164.1.1.2.100.1.2.2147756523,OctetString,"""Battery Testing"""
.1.3.6.1.4.1.2011.6.164.1.1.2.100.1.2.2147756524,OctetString,"""Battery Test Negative"""
.1.3.6.1.4.1.2011.6.164.1.1.2.100.1.2.2147756525,OctetString,"""AC Phase Fail Battery Charge"""
.1.3.6.1.4.1.2011.6.164.1.1.2.100.1.2.2147756526,OctetString,"""AC Phase Fail Battery Discharge"""
.1.3.6.1.4.1.2011.6.164.1.1.2.100.1.2.2147756527,OctetString,"""BLVD Fail"""
.1.3.6.1.4.1.2011.6.164.1.1.2.100.1.2.2147756540,OctetString,"""Battery Charge Failure"""
.1.3.6.1.4.1.2011.6.164.1.1.2.100.1.2.2147756548,OctetString,"""Battery Boost Charging"""
.1.3.6.1.4.1.2011.6.164.1.1.2.100.1.2.2147756549,OctetString,"""Battery Boost Charging Protection"""
.1.3.6.1.4.1.2011.6.164.1.1.2.100.1.2.2147756574,OctetString,"""Battery Temperature Compensation Activated"""
.1.3.6.1.4.1.2011.6.164.1.1.2.100.1.2.2147756575,OctetString,"""Battery Very High Temperature"""
.1.3.6.1.4.1.2011.6.164.1.1.2.100.1.2.2147756576,OctetString,"""Battery Very Low Temperature"""
.1.3.6.1.4.1.2011.6.164.1.1.2.100.1.2.2147756585,OctetString,"""Battery Not Detected"""
.1.3.6.1.4.1.2011.6.164.1.1.2.100.1.2.2147756587,OctetString,"""Battery Reversely Connection"""
.1.3.6.1.4.1.2011.6.164.1.1.2.100.1.2.2147756588,OctetString,"""Battery Temperature Sensor 1 Fault"""
.1.3.6.1.4.1.2011.6.164.1.1.2.100.1.2.2147756589,OctetString,"""Battery Forcibly Connection"""
.1.3.6.1.4.1.2011.6.164.1.1.2.100.1.2.2147756590,OctetString,"""Battery Test Cancelled"""
.1.3.6.1.4.1.2011.6.164.1.1.2.100.1.2.2147756591,OctetString,"""Battery Current Imbalance"""
.1.3.6.1.4.1.2011.6.164.1.1.2.100.1.2.2147765557,OctetString,"""BLVD High Temperature Disconnected"""
.1.3.6.1.4.1.2011.6.164.1.1.2.100.1.2.2147765558,OctetString,"""BLVD Low Voltage Disconnected"""
.1.3.6.1.4.1.2011.6.164.1.1.2.100.1.2.2147765559,OctetString,"""BLVD Low Capacity Disconnected"""
.1.3.6.1.4.1.2011.6.164.1.1.2.100.1.2.2147765575,OctetString,"""Active Battery Test Failure"""
.1.3.6.1.4.1.2011.6.164.1.1.2.100.1.2.2147765576,OctetString,"""Battery Test Suspended on Demand"""
.1.3.6.1.4.1.2011.6.164.1.1.2.100.1.2.2147765577,OctetString,"""Battery Test Suspended by Alarms"""
.1.3.6.1.4.1.2011.6.164.1.1.2.100.1.2.2147765578,OctetString,"""Battery Test OK"""
.1.3.6.1.4.1.2011.6.164.1.1.2.100.1.2.2147765580,OctetString,"""Battery Config Incorrect"""
.1.3.6.1.4.1.2011.6.164.1.1.2.100.1.2.2147768496,OctetString,"""Power-off due to charge overcurrent"""
.1.3.6.1.4.1.2011.6.164.1.1.2.100.1.2.2147768497,OctetString,"""Battery power-off due to preliminary current limiting"""
.1.3.6.1.4.1.2011.6.164.1.1.2.100.1.2.2147821886,OctetString,"""SOH Low"""
.1.3.6.1.4.1.2011.6.164.1.1.2.100.1.2.2147821887,OctetString,"""SOH Warning"""
.1.3.6.1.4.1.2011.6.164.1.1.2.100.1.2.2147822086,OctetString,"""Battery Fuse Broken"""
.1.3.6.1.4.1.2011.6.164.1.1.2.100.1.2.2147822092,OctetString,"""Battery Middle Voltage Imbalance"""
.1.3.6.1.4.1.2011.6.164.1.1.2.100.1.2.2147822098,OctetString,"""Battery Missing"""
.1.3.6.1.4.1.2011.6.164.1.1.2.100.1.2.2147822113,OctetString,"""Battery Cell1 Voltage Imbalance"""
.1.3.6.1.4.1.2011.6.164.1.1.2.100.1.2.2147822114,OctetString,"""Battery Cell2 Voltage Imbalance"""
.1.3.6.1.4.1.2011.6.164.1.1.2.100.1.2.2147822115,OctetString,"""Battery Cell3 Voltage Imbalance"""
.1.3.6.1.4.1.2011.6.164.1.1.2.100.1.2.2147822116,OctetString,"""Battery Cell4 Voltage Imbalance"""
.1.3.6.1.4.1.2011.6.164.1.1.2.100.1.2.2148082822,OctetString,"""Internal Fan Fault"""
.1.3.6.1.4.1.2011.6.164.1.1.2.100.1.2.2148082823,OctetString,"""External Fan Fault"""
.1.3.6.1.4.1.2011.6.164.1.1.2.100.1.2.2148082825,OctetString,"""Compressor Fault"""
.1.3.6.1.4.1.2011.6.164.1.1.2.100.1.2.2148082826,OctetString,"""Communication Failure"""
.1.3.6.1.4.1.2011.6.164.1.1.2.100.1.2.2148082827,OctetString,"""Air Conditioner High Temperature"""
.1.3.6.1.4.1.2011.6.164.1.1.2.100.1.2.2148082828,OctetString,"""Cabinet Return Air Temperature Sensor Fault"""
.1.3.6.1.4.1.2011.6.164.1.1.2.100.1.2.2148082836,OctetString,"""Evaporator Frozen"""
.1.3.6.1.4.1.2011.6.164.1.1.2.100.1.2.2148082837,OctetString,"""Frequent High Pressure"""
.1.3.6.1.4.1.2011.6.164.1.1.2.100.1.2.2148082838,OctetString,"""Frequent Low Pressure"""
.1.3.6.1.4.1.2011.6.164.1.1.2.100.1.2.2148082840,OctetString,"""A/C Run Abnormal"""
.1.3.6.1.4.1.2011.6.164.1.1.2.100.1.2.2148082841,OctetString,"""Compressor Current Abnormal"""
.1.3.6.1.4.1.2011.6.164.1.1.2.100.1.2.2148082842,OctetString,"""AC Input Abnormal"""
.1.3.6.1.4.1.2011.6.164.1.1.2.100.1.2.2148082844,OctetString,"""AC Failure"""
.1.3.6.1.4.1.2011.6.164.1.1.2.100.1.2.2148082846,OctetString,"""Non-Auto Mode Alarm"""
.1.3.6.1.4.1.2011.6.164.1.1.2.100.1.2.2148082847,OctetString,"""AC Overvoltage"""
.1.3.6.1.4.1.2011.6.164.1.1.2.100.1.2.2148082848,OctetString,"""AC Undervoltage"""
.1.3.6.1.4.1.2011.6.164.1.1.2.100.1.2.2148082849,OctetString,"""Air Conditioner On"""
.1.3.6.1.4.1.2011.6.164.1.1.2.100.1.2.2148082850,OctetString,"""Air Conditioner Off"""
.1.3.6.1.4.1.2011.6.164.1.1.2.100.1.2.2148082851,OctetString,"""Door Open Alarm"""
.1.3.6.1.4.1.2011.6.164.1.1.2.100.1.2.2148082852,OctetString,"""External Fan Alarm"""
.1.3.6.1.4.1.2011.6.164.1.1.2.100.1.2.2148142458,OctetString,"""Communication Failure"""
.1.3.6.1.4.1.2011.6.164.1.1.2.100.1.2.2148151419,OctetString,"""AC Failure"""
.1.3.6.1.4.1.2011.6.164.1.1.2.100.1.2.2148151420,OctetString,"""AC Phase Overvoltage"""
.1.3.6.1.4.1.2011.6.164.1.1.2.100.1.2.2148151421,OctetString,"""AC Phase Undervoltage"""
.1.3.6.1.4.1.2011.6.164.1.1.2.100.1.2.2148151422,OctetString,"""AC Phase Failure"""
.1.3.6.1.4.1.2011.6.164.1.1.2.100.1.2.2148214494,OctetString,"""Indoor Return Vent Temperature Sensor Missing"""
.1.3.6.1.4.1.2011.6.164.1.1.2.100.1.2.2148214495,OctetString,"""Outdoor Temperature Sensor Missing"""
.1.3.6.1.4.1.2011.6.164.1.1.2.100.1.2.2148214496,OctetString,"""Indoor Return Vent Temperature Sensor Fault"""
.1.3.6.1.4.1.2011.6.164.1.1.2.100.1.2.2148214497,OctetString,"""Outdoor Temperature Sensor Fault"""
.1.3.6.1.4.1.2011.6.164.1.1.2.100.1.2.2148214498,OctetString,"""Indoor Vent High Temperature """
.1.3.6.1.4.1.2011.6.164.1.1.2.100.1.2.2148214510,OctetString,"""Air Conditioner Missing"""
.1.3.6.1.4.1.2011.6.164.1.1.2.100.1.2.2148214512,OctetString,"""System Noise Too Loud"""
.1.3.6.1.4.1.2011.6.164.1.1.2.100.1.2.2148266387,OctetString,"""Air Filter Blocked"""
.1.3.6.1.4.1.2011.6.164.1.1.2.100.1.2.2148280038,OctetString,"""Fan 1 Fault"""
.1.3.6.1.4.1.2011.6.164.1.1.2.100.1.2.2148280039,OctetString,"""Fan 2 Fault"""
.1.3.6.1.4.1.2011.6.164.1.1.2.100.1.2.2148280040,OctetString,"""Fan 3 Fault"""
.1.3.6.1.4.1.2011.6.164.1.1.2.100.1.2.2148280041,OctetString,"""Fan 4 Fault"""
.1.3.6.1.4.1.2011.6.164.1.1.2.100.1.2.2148280056,OctetString,"""Fan Fault"""
.1.3.6.1.4.1.2011.6.164.1.1.2.100.1.2.2148332027,OctetString,"""Fan High Speed for a Long Time"""
.1.3.6.1.4.1.2011.6.164.1.1.2.100.1.2.2148335723,OctetString,"""Hardware Fault"""
.1.3.6.1.4.1.2011.6.164.1.1.2.100.1.2.2148335738,OctetString,"""ATS Switch Failure"""
.1.3.6.1.4.1.2011.6.164.1.1.2.100.1.2.2148355367,OctetString,"""Communication Failure"""
.1.3.6.1.4.1.2011.6.164.1.1.2.100.1.2.2148355368,OctetString,"""AC SPD Fault"""
.1.3.6.1.4.1.2011.6.164.1.1.2.100.1.2.2148355369,OctetString,"""AC N Wire Fault"""
.1.3.6.1.4.1.2011.6.164.1.1.2.100.1.2.2148397066,OctetString,"""ATS Work Abnormal"""
.1.3.6.1.4.1.2011.6.164.1.1.2.100.1.2.2148477939,OctetString,"""Communication Failure"""
.1.3.6.1.4.1.2011.6.164.1.1.2.100.1.2.2148477940,OctetString,"""Internal Circular Fan Fault"""
.1.3.6.1.4.1.2011.6.164.1.1.2.100.1.2.2148477941,OctetString,"""External Circular Fan Fault"""
.1.3.6.1.4.1.2011.6.164.1.1.2.100.1.2.2148477942,OctetString,"""Return Vent Temperature Sensor Fault"""
.1.3.6.1.4.1.2011.6.164.1.1.2.100.1.2.2148477943,OctetString,"""Exhaust Vent Temperature Sensor Fault"""
.1.3.6.1.4.1.2011.6.164.1.1.2.100.1.2.2148477944,OctetString,"""TCU High Temperature"""
.1.3.6.1.4.1.2011.6.164.1.1.2.100.1.2.2148477945,OctetString,"""TCU Low Temperature"""
.1.3.6.1.4.1.2011.6.164.1.1.2.100.1.2.2148477946,OctetString,"""Door Open Alarm"""
.1.3.6.1.4.1.2011.6.164.1.1.2.100.1.2.2148477947,OctetString,"""Water Alarm"""
.1.3.6.1.4.1.2011.6.164.1.1.2.100.1.2.2148477948,OctetString,"""Smoke Alarm"""
.1.3.6.1.4.1.2011.6.164.1.1.2.100.1.2.2148477949,OctetString,"""TEC Cooler Fault"""
.1.3.6.1.4.1.2011.6.164.1.1.2.100.1.2.2148477950,OctetString,"""Heater Hardware Fault"""
.1.3.6.1.4.1.2011.6.164.1.1.2.100.1.2.2148536024,OctetString,"""Communication Failure"""
.1.3.6.1.4.1.2011.6.164.1.1.2.100.1.2.2148606612,OctetString,"""All SSU Communication Failure"""
.1.3.6.1.4.1.2011.6.164.1.1.2.100.1.2.2148606614,OctetString,"""SSU Missing"""
.1.3.6.1.4.1.2011.6.164.1.1.2.100.1.2.2148664946,OctetString,"""SSU Fault"""
.1.3.6.1.4.1.2011.6.164.1.1.2.100.1.2.2148664948,OctetString,"""Communication Failure"""
.1.3.6.1.4.1.2011.6.164.1.1.2.100.1.2.2148664949,OctetString,"""SSU Protection"""
.1.3.6.1.4.1.2011.6.164.1.1.2.100.1.2.2148664950,OctetString,"""SSU Update Failed"""
.1.3.6.1.4.1.2011.6.164.1.1.2.100.1.2.2148672146,OctetString,"""PV Array Fault"""
.1.3.6.1.4.1.2011.6.164.1.1.2.100.1.2.2148803566,OctetString,"""Battery1 Cell1 Imbalance"""
.1.3.6.1.4.1.2011.6.164.1.1.2.100.1.2.2148803567,OctetString,"""Battery1 Cell2 Imbalance"""
.1.3.6.1.4.1.2011.6.164.1.1.2.100.1.2.2148803568,OctetString,"""Battery1 Cell3 Imbalance"""
.1.3.6.1.4.1.2011.6.164.1.1.2.100.1.2.2148803569,OctetString,"""Battery1 Cell4 Imbalance"""
.1.3.6.1.4.1.2011.6.164.1.1.2.100.1.2.2148803570,OctetString,"""Battery1 Cell5 Imbalance"""
.1.3.6.1.4.1.2011.6.164.1.1.2.100.1.2.2148803571,OctetString,"""Battery1 Cell6 Imbalance"""
.1.3.6.1.4.1.2011.6.164.1.1.2.100.1.2.2148803572,OctetString,"""Battery1 Cell7 Imbalance"""
.1.3.6.1.4.1.2011.6.164.1.1.2.100.1.2.2148803573,OctetString,"""Battery1 Cell8 Imbalance"""
.1.3.6.1.4.1.2011.6.164.1.1.2.100.1.2.2148803574,OctetString,"""Battery1 Cell9 Imbalance"""
.1.3.6.1.4.1.2011.6.164.1.1.2.100.1.2.2148803575,OctetString,"""Battery1 Cell10 Imbalance"""
.1.3.6.1.4.1.2011.6.164.1.1.2.100.1.2.2148803576,OctetString,"""Battery1 Cell11 Imbalance"""
.1.3.6.1.4.1.2011.6.164.1.1.2.100.1.2.2148803577,OctetString,"""Battery1 Cell12 Imbalance"""
.1.3.6.1.4.1.2011.6.164.1.1.2.100.1.2.2148803578,OctetString,"""Battery1 Cell13 Imbalance"""
.1.3.6.1.4.1.2011.6.164.1.1.2.100.1.2.2148803579,OctetString,"""Battery1 Cell14 Imbalance"""
.1.3.6.1.4.1.2011.6.164.1.1.2.100.1.2.2148803580,OctetString,"""Battery1 Cell15 Imbalance"""
.1.3.6.1.4.1.2011.6.164.1.1.2.100.1.2.2148803581,OctetString,"""Battery1 Cell16 Imbalance"""
.1.3.6.1.4.1.2011.6.164.1.1.2.100.1.2.2148803582,OctetString,"""Battery1 Cell17 Imbalance"""
.1.3.6.1.4.1.2011.6.164.1.1.2.100.1.2.2148803583,OctetString,"""Battery1 Cell18 Imbalance"""
.1.3.6.1.4.1.2011.6.164.1.1.2.100.1.2.2148803584,OctetString,"""Battery1 Cell19 Imbalance"""
.1.3.6.1.4.1.2011.6.164.1.1.2.100.1.2.2148803585,OctetString,"""Battery1 Cell20 Imbalance"""
.1.3.6.1.4.1.2011.6.164.1.1.2.100.1.2.2148803586,OctetString,"""Battery1 Cell21 Imbalance"""
.1.3.6.1.4.1.2011.6.164.1.1.2.100.1.2.2148803587,OctetString,"""Battery1 Cell22 Imbalance"""
.1.3.6.1.4.1.2011.6.164.1.1.2.100.1.2.2148803588,OctetString,"""Battery1 Cell23 Imbalance"""
.1.3.6.1.4.1.2011.6.164.1.1.2.100.1.2.2148803589,OctetString,"""Battery1 Cell24 Imbalance"""
.1.3.6.1.4.1.2011.6.164.1.1.2.100.1.2.2148803590,OctetString,"""Communication Failure"""
.1.3.6.1.4.1.2011.6.164.1.1.2.100.1.2.2148803591,OctetString,"""Abnormal Voltage Check"""
.1.3.6.1.4.1.2011.6.164.1.1.2.100.1.2.2148803592,OctetString,"""Battery2 Cell1 Imbalance"""
.1.3.6.1.4.1.2011.6.164.1.1.2.100.1.2.2148803593,OctetString,"""Battery2 Cell2 Imbalance"""
.1.3.6.1.4.1.2011.6.164.1.1.2.100.1.2.2148803594,OctetString,"""Battery2 Cell3 Imbalance"""
.1.3.6.1.4.1.2011.6.164.1.1.2.100.1.2.2148803595,OctetString,"""Battery2 Cell4 Imbalance"""
.1.3.6.1.4.1.2011.6.164.1.1.2.100.1.2.2148803596,OctetString,"""Battery2 Cell5 Imbalance"""
.1.3.6.1.4.1.2011.6.164.1.1.2.100.1.2.2148803597,OctetString,"""Battery2 Cell6 Imbalance"""
.1.3.6.1.4.1.2011.6.164.1.1.2.100.1.2.2148803598,OctetString,"""Battery2 Cell7 Imbalance"""
.1.3.6.1.4.1.2011.6.164.1.1.2.100.1.2.2148803599,OctetString,"""Battery2 Cell8 Imbalance"""
.1.3.6.1.4.1.2011.6.164.1.1.2.100.1.2.2148803600,OctetString,"""Battery3 Cell1 Imbalance"""
.1.3.6.1.4.1.2011.6.164.1.1.2.100.1.2.2148803601,OctetString,"""Battery3 Cell2 Imbalance"""
.1.3.6.1.4.1.2011.6.164.1.1.2.100.1.2.2148803602,OctetString,"""Battery3 Cell3 Imbalance"""
.1.3.6.1.4.1.2011.6.164.1.1.2.100.1.2.2148803603,OctetString,"""Battery3 Cell4 Imbalance"""
.1.3.6.1.4.1.2011.6.164.1.1.2.100.1.2.2148803604,OctetString,"""Battery4 Cell1 Imbalance"""
.1.3.6.1.4.1.2011.6.164.1.1.2.100.1.2.2148803605,OctetString,"""Battery4 Cell2 Imbalance"""
.1.3.6.1.4.1.2011.6.164.1.1.2.100.1.2.2148803606,OctetString,"""Battery4 Cell3 Imbalance"""
.1.3.6.1.4.1.2011.6.164.1.1.2.100.1.2.2148803607,OctetString,"""Battery4 Cell4 Imbalance"""
.1.3.6.1.4.1.2011.6.164.1.1.2.100.1.2.2148855813,OctetString,"""Battery1 Imbalance(Cell1-16)"""
.1.3.6.1.4.1.2011.6.164.1.1.2.100.1.2.2148855814,OctetString,"""Battery1 Imbalance(Cell17-24)"""
.1.3.6.1.4.1.2011.6.164.1.1.2.100.1.2.2148855815,OctetString,"""Battery2 Imbalance"""
.1.3.6.1.4.1.2011.6.164.1.1.2.100.1.2.2148855816,OctetString,"""Battery3 Imbalance"""
.1.3.6.1.4.1.2011.6.164.1.1.2.100.1.2.2148855817,OctetString,"""Battery4 Imbalance"""
.1.3.6.1.4.1.2011.6.164.1.1.2.100.1.2.2148936641,OctetString,"""Start Failure"""
.1.3.6.1.4.1.2011.6.164.1.1.2.100.1.2.2148936642,OctetString,"""Stop Failure"""
.1.3.6.1.4.1.2011.6.164.1.1.2.100.1.2.2148936644,OctetString,"""Abnormal Start"""
.1.3.6.1.4.1.2011.6.164.1.1.2.100.1.2.2148936645,OctetString,"""Abnormal Stop"""
.1.3.6.1.4.1.2011.6.164.1.1.2.100.1.2.2148945391,OctetString,"""Communication Failure"""
.1.3.6.1.4.1.2011.6.164.1.1.2.100.1.2.2148945392,OctetString,"""Genset Battery Under Voltage"""
.1.3.6.1.4.1.2011.6.164.1.1.2.100.1.2.2148945393,OctetString,"""Under Oil Pressure"""
.1.3.6.1.4.1.2011.6.164.1.1.2.100.1.2.2148945394,OctetString,"""Under Oil Pressure Protection"""
.1.3.6.1.4.1.2011.6.164.1.1.2.100.1.2.2148945395,OctetString,"""Over Coolant Temperature"""
.1.3.6.1.4.1.2011.6.164.1.1.2.100.1.2.2148945396,OctetString,"""Over Coolant Temperature Protection"""
.1.3.6.1.4.1.2011.6.164.1.1.2.100.1.2.2148945397,OctetString,"""Over Load Protection"""
.1.3.6.1.4.1.2011.6.164.1.1.2.100.1.2.2148945398,OctetString,"""Over Voltage Protection"""
.1.3.6.1.4.1.2011.6.164.1.1.2.100.1.2.2148945399,OctetString,"""Output Under Voltage Protection"""
.1.3.6.1.4.1.2011.6.164.1.1.2.100.1.2.2148945400,OctetString,"""Over Speed Protection"""
.1.3.6.1.4.1.2011.6.164.1.1.2.100.1.2.2148945402,OctetString,"""1st Maintenance Reminder"""
.1.3.6.1.4.1.2011.6.164.1.1.2.100.1.2.2148945403,OctetString,"""Running Hours Maintenance Reminder"""
.1.3.6.1.4.1.2011.6.164.1.1.2.100.1.2.2148945404,OctetString,"""Calendar Days Maintenance Reminder"""
.1.3.6.1.4.1.2011.6.164.1.1.2.100.1.2.2148945405,OctetString,"""Genset Door Open"""
.1.3.6.1.4.1.2011.6.164.1.1.2.100.1.2.2148945406,OctetString,"""Under Water Level"""
.1.3.6.1.4.1.2011.6.164.1.1.2.100.1.2.2148945407,OctetString,"""GCB Fault"""
.1.3.6.1.4.1.2011.6.164.1.1.2.100.1.2.2148945408,OctetString,"""Running"""
.1.3.6.1.4.1.2011.6.164.1.1.2.100.1.2.2148945409,OctetString,"""Motor Charger Fault"""
.1.3.6.1.4.1.2011.6.164.1.1.2.100.1.2.2148945410,OctetString,"""Low Auxiliary Sump Oil Level"""
.1.3.6.1.4.1.2011.6.164.1.1.2.100.1.2.2148945413,OctetString,"""Imbalance Voltage """
.1.3.6.1.4.1.2011.6.164.1.1.2.100.1.2.2148945414,OctetString,"""Over Frequency"""
.1.3.6.1.4.1.2011.6.164.1.1.2.100.1.2.2148945415,OctetString,"""Under Frequency"""
.1.3.6.1.4.1.2011.6.164.1.1.2.100.1.2.2148945416,OctetString,"""Imbalance Current"""
.1.3.6.1.4.1.2011.6.164.1.1.2.100.1.2.2148945417,OctetString,"""Charger Fault"""
.1.3.6.1.4.1.2011.6.164.1.1.2.100.1.2.2148945419,OctetString,"""Shortcut Protection"""
.1.3.6.1.4.1.2011.6.164.1.1.2.100.1.2.2148945422,OctetString,"""Phase Failure Protection"""
.1.3.6.1.4.1.2011.6.164.1.1.2.100.1.2.2148945423,OctetString,"""Emergency Stop"""
.1.3.6.1.4.1.2011.6.164.1.1.2.100.1.2.2148945424,OctetString,"""Diesel Generator Fault"""
.1.3.6.1.4.1.2011.6.164.1.1.2.100.1.2.2148945426,OctetString,"""V Belt Broken Protection"""
.1.3.6.1.4.1.2011.6.164.1.1.2.100.1.2.2148945427,OctetString,"""Low Fuel Level Protection"""
.1.3.6.1.4.1.2011.6.164.1.1.2.100.1.2.2148945431,OctetString,"""Under Oil Level"""
.1.3.6.1.4.1.2011.6.164.1.1.2.100.1.2.2148945434,OctetString,"""Over Air Intake Pressure"""
.1.3.6.1.4.1.2011.6.164.1.1.2.100.1.2.2148945437,OctetString,"""Fuel Solenoid Valve Fault"""
.1.3.6.1.4.1.2011.6.164.1.1.2.100.1.2.2148945439,OctetString,"""Over Voltage"""
.1.3.6.1.4.1.2011.6.164.1.1.2.100.1.2.2148945440,OctetString,"""Under Voltage"""
.1.3.6.1.4.1.2011.6.164.1.1.2.100.1.2.2148947544,OctetString,"""Low Load Rate Alarm"""
.1.3.6.1.4.1.2011.6.164.1.1.2.100.1.2.2148947545,OctetString,"""Abnormal Low Load"""
.1.3.6.1.4.1.2011.6.164.1.1.2.100.1.2.2148947546,OctetString,"""Abnormal Low Load Genset Off"""
.1.3.6.1.4.1.2011.6.164.1.1.2.100.1.2.2148947548,OctetString,"""No Load Low Frequency"""
.1.3.6.1.4.1.2011.6.164.1.1.2.100.1.2.2148947549,OctetString,"""No Load High Frequency"""
.1.3.6.1.4.1.2011.6.164.1.1.2.100.1.2.2148947550,OctetString,"""Machine Set Low Frequency"""
.1.3.6.1.4.1.2011.6.164.1.1.2.100.1.2.2148962336,OctetString,""" Phase L1 Over Voltage"""
.1.3.6.1.4.1.2011.6.164.1.1.2.100.1.2.2148962337,OctetString,""" Phase L2 Over Voltage"""
.1.3.6.1.4.1.2011.6.164.1.1.2.100.1.2.2148962338,OctetString,""" Phase L3 Over Voltage"""
.1.3.6.1.4.1.2011.6.164.1.1.2.100.1.2.2148962339,OctetString,""" Phase L1 Under Voltage"""
.1.3.6.1.4.1.2011.6.164.1.1.2.100.1.2.2148962340,OctetString,""" Phase L2 Under Voltage"""
.1.3.6.1.4.1.2011.6.164.1.1.2.100.1.2.2148962341,OctetString,""" Phase L3 Under Voltage"""
.1.3.6.1.4.1.2011.6.164.1.1.2.100.1.2.2148962342,OctetString,""" Phase L1 Failure"""
.1.3.6.1.4.1.2011.6.164.1.1.2.100.1.2.2148962343,OctetString,""" Phase L2 Failure"""
.1.3.6.1.4.1.2011.6.164.1.1.2.100.1.2.2148962344,OctetString,""" Phase L3 Failure"""
.1.3.6.1.4.1.2011.6.164.1.1.2.100.1.2.2148962351,OctetString,"""Genset Watering"""
.1.3.6.1.4.1.2011.6.164.1.1.2.100.1.2.2148966001,OctetString,"""Genset Work Abnormal"""
.1.3.6.1.4.1.2011.6.164.1.1.2.100.1.2.2148966002,OctetString,"""Genset Protection"""
.1.3.6.1.4.1.2011.6.164.1.1.2.100.1.2.2148966003,OctetString,"""Maintance Reminder"""
.1.3.6.1.4.1.2011.6.164.1.1.2.100.1.2.2148966004,OctetString,"""Genset Generator Fault"""
.1.3.6.1.4.1.2011.6.164.1.1.2.100.1.2.2149009129,OctetString,"""Genset Run When Mains Normal"""
.1.3.6.1.4.1.2011.6.164.1.1.2.100.1.2.2149013083,OctetString,"""Hybrid Mode Active"""
.1.3.6.1.4.1.2011.6.164.1.1.2.100.1.2.2149057218,OctetString,"""Low Battery Capacity"""
.1.3.6.1.4.1.2011.6.164.1.1.2.100.1.2.2149067065,OctetString,"""Contactor Abnormal"""
.1.3.6.1.4.1.2011.6.164.1.1.2.100.1.2.2149070312,OctetString,"""All Li Batt Communication Failure"""
.1.3.6.1.4.1.2011.6.164.1.1.2.100.1.2.2149070313,OctetString,"""Battery Discharging"""
.1.3.6.1.4.1.2011.6.164.1.1.2.100.1.2.2149070324,OctetString,"""High Battery Temperature"""
.1.3.6.1.4.1.2011.6.164.1.1.2.100.1.2.2149070325,OctetString,"""Low Battery Temperature"""
.1.3.6.1.4.1.2011.6.164.1.1.2.100.1.2.2149070326,OctetString,"""BLVD Disconnected"""
.1.3.6.1.4.1.2011.6.164.1.1.2.100.1.2.2149070328,OctetString,"""Battery Fuse Broken"""
.1.3.6.1.4.1.2011.6.164.1.1.2.100.1.2.2149070329,OctetString,"""Battery Temperature Sensor 1 Missing"""
.1.3.6.1.4.1.2011.6.164.1.1.2.100.1.2.2149070330,OctetString,"""Battery Temperature Sensor 2 Missing"""
.1.3.6.1.4.1.2011.6.164.1.1.2.100.1.2.2149070331,OctetString,"""Battery Temperature Sensor 1 Fault"""
.1.3.6.1.4.1.2011.6.164.1.1.2.100.1.2.2149070332,OctetString,"""Battery Temperature Sensor 2 Fault"""
.1.3.6.1.4.1.2011.6.164.1.1.2.100.1.2.2149070333,OctetString,"""BMU Missing"""
.1.3.6.1.4.1.2011.6.164.1.1.2.100.1.2.2149118137,OctetString,"""Battery Reversely Connection"""
.1.3.6.1.4.1.2011.6.164.1.1.2.100.1.2.2149132606,OctetString,"""SOH Low"""
.1.3.6.1.4.1.2011.6.164.1.1.2.100.1.2.2149135798,OctetString,"""Communication Failure"""
.1.3.6.1.4.1.2011.6.164.1.1.2.100.1.2.2149135799,OctetString,"""Heater Fault"""
.1.3.6.1.4.1.2011.6.164.1.1.2.100.1.2.2149135800,OctetString,"""Hardware Fault"""
.1.3.6.1.4.1.2011.6.164.1.1.2.100.1.2.2149135801,OctetString,"""End of Lifecycle"""
.1.3.6.1.4.1.2011.6.164.1.1.2.100.1.2.2149135802,OctetString,"""Low Temperature"""
.1.3.6.1.4.1.2011.6.164.1.1.2.100.1.2.2149135803,OctetString,"""Low Temperature Protection"""
.1.3.6.1.4.1.2011.6.164.1.1.2.100.1.2.2149135804,OctetString,"""Discharge Over Temperature"""
.1.3.6.1.4.1.2011.6.164.1.1.2.100.1.2.2149135805,OctetString,"""Discharge High Temperature Protection"""
.1.3.6.1.4.1.2011.6.164.1.1.2.100.1.2.2149135806,OctetString,"""Charge Over Temperature"""
.1.3.6.1.4.1.2011.6.164.1.1.2.100.1.2.2149135807,OctetString,"""Charge High Temperature Protection"""
.1.3.6.1.4.1.2011.6.164.1.1.2.100.1.2.2149135808,OctetString,"""Charge Over Voltage"""
.1.3.6.1.4.1.2011.6.164.1.1.2.100.1.2.2149135809,OctetString,"""Overcharge Protection"""
.1.3.6.1.4.1.2011.6.164.1.1.2.100.1.2.2149135810,OctetString,"""Overdischarge"""
.1.3.6.1.4.1.2011.6.164.1.1.2.100.1.2.2149135811,OctetString,"""Overdischarge Protection"""
.1.3.6.1.4.1.2011.6.164.1.1.2.100.1.2.2149135812,OctetString,"""Charge Over Current"""
.1.3.6.1.4.1.2011.6.164.1.1.2.100.1.2.2149135813,OctetString,"""Charge Overcurrent Protection"""
.1.3.6.1.4.1.2011.6.164.1.1.2.100.1.2.2149135814,OctetString,"""Heavy Load Warning"""
.1.3.6.1.4.1.2011.6.164.1.1.2.100.1.2.2149135815,OctetString,"""Discharge Overcurrent Protection"""
.1.3.6.1.4.1.2011.6.164.1.1.2.100.1.2.2149135816,OctetString,"""Battery Cell 1 Fault"""
.1.3.6.1.4.1.2011.6.164.1.1.2.100.1.2.2149135817,OctetString,"""Battery Cell 2 Fault"""
.1.3.6.1.4.1.2011.6.164.1.1.2.100.1.2.2149135818,OctetString,"""Battery Cell 3 Fault"""
.1.3.6.1.4.1.2011.6.164.1.1.2.100.1.2.2149135819,OctetString,"""Battery Cell 4 Fault"""
.1.3.6.1.4.1.2011.6.164.1.1.2.100.1.2.2149135820,OctetString,"""Battery Cell 5 Fault"""
.1.3.6.1.4.1.2011.6.164.1.1.2.100.1.2.2149135821,OctetString,"""Battery Cell 6 Fault"""
.1.3.6.1.4.1.2011.6.164.1.1.2.100.1.2.2149135822,OctetString,"""Battery Cell 7 Fault"""
.1.3.6.1.4.1.2011.6.164.1.1.2.100.1.2.2149135823,OctetString,"""Battery Cell 8 Fault"""
.1.3.6.1.4.1.2011.6.164.1.1.2.100.1.2.2149135824,OctetString,"""Battery Cell 9 Fault"""
.1.3.6.1.4.1.2011.6.164.1.1.2.100.1.2.2149135825,OctetString,"""Battery Cell 10 Fault"""
.1.3.6.1.4.1.2011.6.164.1.1.2.100.1.2.2149135826,OctetString,"""Battery Cell 11 Fault"""
.1.3.6.1.4.1.2011.6.164.1.1.2.100.1.2.2149135827,OctetString,"""Battery Cell 12 Fault"""
.1.3.6.1.4.1.2011.6.164.1.1.2.100.1.2.2149135828,OctetString,"""Battery Cell 13 Fault"""
.1.3.6.1.4.1.2011.6.164.1.1.2.100.1.2.2149135829,OctetString,"""Battery Cell 14 Fault"""
.1.3.6.1.4.1.2011.6.164.1.1.2.100.1.2.2149135830,OctetString,"""Battery Cell 15 Fault"""
.1.3.6.1.4.1.2011.6.164.1.1.2.100.1.2.2149135831,OctetString,"""Battery Cell 16 Fault"""
.1.3.6.1.4.1.2011.6.164.1.1.2.100.1.2.2149135832,OctetString,"""Address Conflict"""
.1.3.6.1.4.1.2011.6.164.1.1.2.100.1.2.2149135833,OctetString,"""Upgrade Failed"""
.1.3.6.1.4.1.2011.6.164.1.1.2.100.1.2.2149135835,OctetString,"""Battery Cell Abnormal"""
.1.3.6.1.4.1.2011.6.164.1.1.2.100.1.2.2149135837,OctetString,"""Bus Bar Overvoltage"""
.1.3.6.1.4.1.2011.6.164.1.1.2.100.1.2.2149135840,OctetString,"""SOH Warning"""
.1.3.6.1.4.1.2011.6.164.1.1.2.100.1.2.2149135841,OctetString,"""Discharge Low Temperature Protection"""
.1.3.6.1.4.1.2011.6.164.1.1.2.100.1.2.2149135842,OctetString,"""Charge Low Temperature Protection"""
.1.3.6.1.4.1.2011.6.164.1.1.2.100.1.2.2149135843,OctetString,"""Reversely Connection"""
.1.3.6.1.4.1.2011.6.164.1.1.2.100.1.2.2149135844,OctetString,"""Abnormally Shutdown"""
.1.3.6.1.4.1.2011.6.164.1.1.2.100.1.2.2149144679,OctetString,"""UnLock Failure"""
.1.3.6.1.4.1.2011.6.164.1.1.2.100.1.2.2149183520,OctetString,"""Lithium Battery Protection"""
.1.3.6.1.4.1.2011.6.164.1.1.2.100.1.2.2149183521,OctetString,"""Lithium Battery Failure"""
.1.3.6.1.4.1.2011.6.164.1.1.2.100.1.2.2149183522,OctetString,"""Battery Cell Fault"""
.1.3.6.1.4.1.2011.6.164.1.1.2.100.1.2.2149183684,OctetString,"""High Temperature Protection"""
.1.3.6.1.4.1.2011.6.164.1.1.2.100.1.2.2149183693,OctetString,"""Battery Cell 17 Fault"""
.1.3.6.1.4.1.2011.6.164.1.1.2.100.1.2.2149183694,OctetString,"""Battery Cell 18 Fault"""
.1.3.6.1.4.1.2011.6.164.1.1.2.100.1.2.2149183695,OctetString,"""Battery Cell 19 Fault"""
.1.3.6.1.4.1.2011.6.164.1.1.2.100.1.2.2149183696,OctetString,"""Battery Cell 20 Fault"""
.1.3.6.1.4.1.2011.6.164.1.1.2.100.1.2.2149183697,OctetString,"""Battery Cell 21 Fault"""
.1.3.6.1.4.1.2011.6.164.1.1.2.100.1.2.2149183698,OctetString,"""Battery Cell 22 Fault"""
.1.3.6.1.4.1.2011.6.164.1.1.2.100.1.2.2149183854,OctetString,"""Protection Comprehensive Alarm"""
.1.3.6.1.4.1.2011.6.164.1.1.2.100.1.2.2149184107,OctetString,"""Battery Cell 23 Fault"""
.1.3.6.1.4.1.2011.6.164.1.1.2.100.1.2.2149195235,OctetString,"""Communication Failure"""
.1.3.6.1.4.1.2011.6.164.1.1.2.100.1.2.2149195236,OctetString,"""Main Battery Not Detected"""
.1.3.6.1.4.1.2011.6.164.1.1.2.100.1.2.2149195237,OctetString,"""Back Battery Not Detected"""
.1.3.6.1.4.1.2011.6.164.1.1.2.100.1.2.2149195238,OctetString,"""Back Battery to Main Battery Switch Failure"""
.1.3.6.1.4.1.2011.6.164.1.1.2.100.1.2.2149195239,OctetString,"""Main Battery to Back Battery Switch Failure"""
.1.3.6.1.4.1.2011.6.164.1.1.2.100.1.2.2149195240,OctetString,"""DTS Overtemperature"""
.1.3.6.1.4.1.2011.6.164.1.1.2.100.1.2.2149195241,OctetString,"""Main Battery Contactor Fault"""
.1.3.6.1.4.1.2011.6.164.1.1.2.100.1.2.2149195242,OctetString,"""Back Battery Contactor Fault"""
.1.3.6.1.4.1.2011.6.164.1.1.2.100.1.2.2149195243,OctetString,"""DTS Manual Mode"""
.1.3.6.1.4.1.2011.6.164.1.1.2.100.1.2.2149195244,OctetString,"""Main Battery Under Voltage"""
.1.3.6.1.4.1.2011.6.164.1.1.2.100.1.2.2149195245,OctetString,"""Back Battery Under Voltage"""
.1.3.6.1.4.1.2011.6.164.1.1.2.100.1.2.2149195248,OctetString,"""DTS Switch Alarm"""
.1.3.6.1.4.1.2011.6.164.1.1.2.100.1.2.2149195250,OctetString,"""Temperature Sensor Fault"""
.1.3.6.1.4.1.2011.6.164.1.1.2.100.1.2.2149195251,OctetString,"""Board Hardware Fault"""
.1.3.6.1.4.1.2011.6.164.1.1.2.100.1.2.2149249035,OctetString,"""DTS Work Abnormal"""
.1.3.6.1.4.1.2011.6.164.1.1.2.100.1.2.2149406455,OctetString,"""DG Charger Communicate Failure"""
.1.3.6.1.4.1.2011.6.164.1.1.2.100.1.2.2149406456,OctetString,"""Panel Shutdown"""
.1.3.6.1.4.1.2011.6.164.1.1.2.100.1.2.2149406457,OctetString,"""Module Fault"""
.1.3.6.1.4.1.2011.6.164.1.1.2.100.1.2.2149406458,OctetString,"""Module Protection"""
.1.3.6.1.4.1.2011.6.164.1.1.2.100.1.2.2149469629,OctetString,"""Communication Fail"""
.1.3.6.1.4.1.2011.6.164.1.1.2.100.1.2.2149469630,OctetString,"""DIN 1 Alarm"""
.1.3.6.1.4.1.2011.6.164.1.1.2.100.1.2.2149469631,OctetString,"""DIN 2 Alarm"""
.1.3.6.1.4.1.2011.6.164.1.1.2.100.1.2.2149469632,OctetString,"""DIN 3 Alarm"""
.1.3.6.1.4.1.2011.6.164.1.1.2.100.1.2.2149469633,OctetString,"""DIN 4 Alarm"""
.1.3.6.1.4.1.2011.6.164.1.1.2.100.1.2.2149469634,OctetString,"""DIN 5 Alarm"""
.1.3.6.1.4.1.2011.6.164.1.1.2.100.1.2.2149469635,OctetString,"""DIN 6 Alarm"""
.1.3.6.1.4.1.2011.6.164.1.1.2.100.1.2.2149511366,OctetString,"""Current Sensor Current Sensor Abnormal"""
.1.3.6.1.4.1.2011.6.164.1.1.2.100.1.2.2149511370,OctetString,"""Board Hardware Fault"""
.1.3.6.1.4.1.2011.6.164.1.1.2.100.1.2.2149590756,OctetString,"""Heater Hardware Fault"""
.1.3.6.1.4.1.2011.6.164.1.1.2.100.1.2.2149656293,OctetString,"""Air Conditioner Fault"""
.1.3.6.1.4.1.2011.6.164.1.1.2.100.1.2.2149722481,OctetString,"""Battery/Equip Cabinet Communication Failure"""
.1.3.6.1.4.1.2011.6.164.1.1.2.100.1.2.2149722483,OctetString,"""Battery Temperature Sensor Fault"""
.1.3.6.1.4.1.2011.6.164.1.1.2.100.1.2.2149722484,OctetString,"""Battery Temperature Sensor Missing"""
.1.3.6.1.4.1.2011.6.164.1.1.2.100.1.2.2149722485,OctetString,"""Fan 1 Fault"""
.1.3.6.1.4.1.2011.6.164.1.1.2.100.1.2.2149722486,OctetString,"""Fan 2 Fault"""
.1.3.6.1.4.1.2011.6.164.1.1.2.100.1.2.2149722487,OctetString,"""Fan 3 Fault"""
.1.3.6.1.4.1.2011.6.164.1.1.2.100.1.2.2149722488,OctetString,"""Fan 4 Fault"""
.1.3.6.1.4.1.2011.6.164.1.1.2.100.1.2.2149722492,OctetString,"""Battery Cabinet High Temperature"""
.1.3.6.1.4.1.2011.6.164.1.1.2.100.1.2.2149722493,OctetString,"""Indoor Return Vent Temperature Sensor Fault"""
.1.3.6.1.4.1.2011.6.164.1.1.2.100.1.2.2149722495,OctetString,"""In-cabinet Return Air High Temperature"""
.1.3.6.1.4.1.2011.6.164.1.1.2.100.1.2.2149722496,OctetString,"""Outdoor Temperature Sensor Fault"""
.1.3.6.1.4.1.2011.6.164.1.1.2.100.1.2.2149722498,OctetString,"""Cabinet Return Air Temperature Sensor Fault"""
.1.3.6.1.4.1.2011.6.164.1.1.2.100.1.2.2149722499,OctetString,"""Internal Fan Fault"""
.1.3.6.1.4.1.2011.6.164.1.1.2.100.1.2.2149722500,OctetString,"""Frequent High Pressure"""
.1.3.6.1.4.1.2011.6.164.1.1.2.100.1.2.2149722501,OctetString,"""Air Conditioner Communication Failure"""
.1.3.6.1.4.1.2011.6.164.1.1.2.100.1.2.2149722502,OctetString,"""External Fan Fault"""
.1.3.6.1.4.1.2011.6.164.1.1.2.100.1.2.2149722503,OctetString,"""Air Conditioner Compressor Fault"""
.1.3.6.1.4.1.2011.6.164.1.1.2.100.1.2.2149722504,OctetString,"""Air Conditioner Evaporator Frozen"""
.1.3.6.1.4.1.2011.6.164.1.1.2.100.1.2.2149722505,OctetString,"""Door Alarm"""
.1.3.6.1.4.1.2011.6.164.1.1.2.100.1.2.2149722508,OctetString,"""Battery Cabinet Temp Sensor Fault"""
.1.3.6.1.4.1.2011.6.164.1.1.2.100.1.2.2149724973,OctetString,"""Air Conditioner Missing"""
.1.3.6.1.4.1.2011.6.164.1.1.2.100.1.2.2149725012,OctetString,"""In-cabinet Inlet Air Low Temperature"""
.1.3.6.1.4.1.2011.6.164.1.1.2.100.1.2.2149725013,OctetString,"""In-cabinet Inlet Air High Temperature"""
.1.3.6.1.4.1.2011.6.164.1.1.2.100.1.2.2149790512,OctetString,"""Emergency Ventilation Start"""
.1.3.6.1.4.1.2011.6.164.1.1.2.100.1.2.2149790513,OctetString,"""Motor1 Abnormal Alarm"""
.1.3.6.1.4.1.2011.6.164.1.1.2.100.1.2.2149790514,OctetString,"""Motor2 Abnormal Alarm"""
.1.3.6.1.4.1.2011.6.164.1.1.2.100.1.2.2149790700,OctetString,"""Temp1 Sensor Fault"""
.1.3.6.1.4.1.2011.6.164.1.1.2.100.1.2.2149790701,OctetString,"""Temp1 Overtemperature Alarm"""
.1.3.6.1.4.1.2011.6.164.1.1.2.100.1.2.2149790702,OctetString,"""Temp1 Undertemperature Alarm"""
.1.3.6.1.4.1.2011.6.164.1.1.2.100.1.2.2149791259,OctetString,"""Temp1 Temperature Sensor Fault"""
.1.3.6.1.4.1.2011.6.164.1.1.2.100.1.2.2149791260,OctetString,"""Temp2 Temperature Sensor Fault"""
.1.3.6.1.4.1.2011.6.164.1.1.2.100.1.2.2149791264,OctetString,"""EXTFAN1 Fault """
.1.3.6.1.4.1.2011.6.164.1.1.2.100.1.2.2149791265,OctetString,"""EXTFAN2 Fault """
.1.3.6.1.4.1.2011.6.164.1.1.2.100.1.2.2149791266,OctetString,"""INFAN1 Fault """
.1.3.6.1.4.1.2011.6.164.1.1.2.100.1.2.2149791267,OctetString,"""INFAN2 Fault"""
.1.3.6.1.4.1.2011.6.164.1.1.2.100.1.2.2149791268,OctetString,"""INFAN3 Fault"""
.1.3.6.1.4.1.2011.6.164.1.1.2.100.1.2.2149791269,OctetString,"""INFAN4 Fault"""
.1.3.6.1.4.1.2011.6.164.1.1.2.100.1.2.2149791270,OctetString,"""Temp1 Overtemperature Alarm"""
.1.3.6.1.4.1.2011.6.164.1.1.2.100.1.2.2149791271,OctetString,"""Temp1 Undertemperature Alarm"""
.1.3.6.1.4.1.2011.6.164.1.1.2.100.1.2.2149791272,OctetString,"""Temp2 Overtemperature Alarm"""
.1.3.6.1.4.1.2011.6.164.1.1.2.100.1.2.2149791273,OctetString,"""Temp2 Undertemperature Alarm"""
.1.3.6.1.4.1.2011.6.164.1.1.2.100.1.2.2149791274,OctetString,"""TEC Cooler Fault"""
.1.3.6.1.4.1.2011.6.164.1.1.2.100.1.2.2149791275,OctetString,"""Door Open Alarm"""
.1.3.6.1.4.1.2011.6.164.1.1.2.100.1.2.2149791276,OctetString,"""Smoke Alarm"""
.1.3.6.1.4.1.2011.6.164.1.1.2.100.1.2.2149791277,OctetString,"""Water Alarm"""
.1.3.6.1.4.1.2011.6.164.1.1.2.100.1.2.2149791279,OctetString,"""Reserved IN0 Alarm"""
.1.3.6.1.4.1.2011.6.164.1.1.2.100.1.2.2149791280,OctetString,"""Reserved IN1 Alarm"""
.1.3.6.1.4.1.2011.6.164.1.1.2.100.1.2.2149791326,OctetString,"""Communication Failure"""
.1.3.6.1.4.1.2011.6.164.1.1.2.100.1.2.2149791340,OctetString,"""Heater Fault Alm"""
.1.3.6.1.4.1.2011.6.164.1.1.2.100.1.2.2149791471,OctetString,"""Equip Fault"""
.1.3.6.1.4.1.2011.6.164.1.1.2.100.1.2.2149859995,OctetString,"""Communication Failure"""
.1.3.6.1.4.1.2011.6.164.1.1.2.100.1.2.2149990667,OctetString,"""Battery Fuse Break"""
.1.3.6.1.4.1.2011.6.164.1.1.2.100.1.2.2149990668,OctetString,"""BLVD Warning"""
.1.3.6.1.4.1.2011.6.164.1.1.2.100.1.2.2149990669,OctetString,"""BLVD Disconnected"""
.1.3.6.1.4.1.2011.6.164.1.1.2.100.1.2.2149990670,OctetString,"""Battery Discharging"""
.1.3.6.1.4.1.2011.6.164.1.1.2.100.1.2.2149990671,OctetString,"""Battery Forcibly Connection"""
.1.3.6.1.4.1.2011.6.164.1.1.2.100.1.2.2149990672,OctetString,"""Battery High Temperature"""
.1.3.6.1.4.1.2011.6.164.1.1.2.100.1.2.2149990673,OctetString,"""Battery Low Temperature"""
.1.3.6.1.4.1.2011.6.164.1.1.2.100.1.2.2149990674,OctetString,"""Battery Temperature Sensor 1 Missing"""
.1.3.6.1.4.1.2011.6.164.1.1.2.100.1.2.2149990675,OctetString,"""Battery Temperature Sensor 2 Missing"""
.1.3.6.1.4.1.2011.6.164.1.1.2.100.1.2.2149990676,OctetString,"""Battery Temperature Sensor 1 Fault"""
.1.3.6.1.4.1.2011.6.164.1.1.2.100.1.2.2149990677,OctetString,"""Battery Temperature Sensor 2 Fault"""
.1.3.6.1.4.1.2011.6.164.1.1.2.100.1.2.2149990678,OctetString,"""Battery Undervoltage"""
.1.3.6.1.4.1.2011.6.164.1.1.2.100.1.2.2150056103,OctetString,"""Communication Failure"""
.1.3.6.1.4.1.2011.6.164.1.1.2.100.1.2.2150056104,OctetString,"""Short Circuit Protection"""
.1.3.6.1.4.1.2011.6.164.1.1.2.100.1.2.2150056105,OctetString,"""Overcurrent Protection"""
.1.3.6.1.4.1.2011.6.164.1.1.2.100.1.2.2150056106,OctetString,"""Overvoltage Protection"""
.1.3.6.1.4.1.2011.6.164.1.1.2.100.1.2.2150056107,OctetString,"""Undervoltage Protection"""
.1.3.6.1.4.1.2011.6.164.1.1.2.100.1.2.2150056108,OctetString,"""Charge High Temperature Protection"""
.1.3.6.1.4.1.2011.6.164.1.1.2.100.1.2.2150056109,OctetString,"""Charge Low Temperature Protection"""
.1.3.6.1.4.1.2011.6.164.1.1.2.100.1.2.2150056110,OctetString,"""Discharge High Temperature Protection"""
.1.3.6.1.4.1.2011.6.164.1.1.2.100.1.2.2150056111,OctetString,"""Discharge Low Temperature Protection"""
.1.3.6.1.4.1.2011.6.164.1.1.2.100.1.2.2150056112,OctetString,"""Battery High Temperature"""
.1.3.6.1.4.1.2011.6.164.1.1.2.100.1.2.2150056113,OctetString,"""Battery Low Temperature"""
.1.3.6.1.4.1.2011.6.164.1.1.2.100.1.2.2150056114,OctetString,"""Low Capcity"""
.1.3.6.1.4.1.2011.6.164.1.1.2.100.1.2.2150056115,OctetString,"""Cell Overvoltage"""
.1.3.6.1.4.1.2011.6.164.1.1.2.100.1.2.2150056116,OctetString,"""Cell Undervoltage"""
.1.3.6.1.4.1.2011.6.164.1.1.2.100.1.2.2150056117,OctetString,"""Overall Overvoltage"""
.1.3.6.1.4.1.2011.6.164.1.1.2.100.1.2.2150056118,OctetString,"""Overall Undervoltage"""
.1.3.6.1.4.1.2011.6.164.1.1.2.100.1.2.2150056119,OctetString,"""Charge Overcurrent"""
.1.3.6.1.4.1.2011.6.164.1.1.2.100.1.2.2150056120,OctetString,"""Discharge Overcurrent"""
.1.3.6.1.4.1.2011.6.164.1.1.2.100.1.2.2150056121,OctetString,"""Charger Reverse Protection"""
.1.3.6.1.4.1.2011.6.164.1.1.2.100.1.2.2150056122,OctetString,"""Electrochemical Cell Fault"""
.1.3.6.1.4.1.2011.6.164.1.1.2.100.1.2.2150056123,OctetString,"""BMS Fault"""
.1.3.6.1.4.1.2011.6.164.1.1.2.100.1.2.2150318081,OctetString,"""Codes not Learnt"""
.1.3.6.1.4.1.2011.6.164.1.1.2.100.1.2.2150327077,OctetString,"""Communication Failure"""
.1.3.6.1.4.1.2011.6.164.1.1.2.100.1.2.2150834384,OctetString,"""Communication Failure"""
.1.3.6.1.4.1.2011.6.164.1.1.2.100.1.2.2150834385,OctetString,"""Input Undervoltage"""
.1.3.6.1.4.1.2011.6.164.1.1.2.100.1.2.2150834386,OctetString,"""Input Overvoltage"""
.1.3.6.1.4.1.2011.6.164.1.1.2.100.1.2.2150834389,OctetString,"""Load 0 Overcurrent Protection"""
.1.3.6.1.4.1.2011.6.164.1.1.2.100.1.2.2150834390,OctetString,"""Load 1 Overcurrent Protection"""
.1.3.6.1.4.1.2011.6.164.1.1.2.100.1.2.2150834391,OctetString,"""Load 2 Overcurrent Protection"""
.1.3.6.1.4.1.2011.6.164.1.1.2.100.1.2.2150834392,OctetString,"""Load 3 Overcurrent Protection"""
.1.3.6.1.4.1.2011.6.164.1.1.2.100.1.2.2150834393,OctetString,"""Load 4 Overcurrent Protection"""
.1.3.6.1.4.1.2011.6.164.1.1.2.100.1.2.2150834394,OctetString,"""Load 5 Overcurrent Protection"""
.1.3.6.1.4.1.2011.6.164.1.1.2.100.1.2.2150834395,OctetString,"""Load 6 Overcurrent Protection"""
.1.3.6.1.4.1.2011.6.164.1.1.2.100.1.2.2150834396,OctetString,"""Load 7 Overcurrent Protection"""
.1.3.6.1.4.1.2011.6.164.1.1.2.100.1.2.2150834397,OctetString,"""Load 8 Overcurrent Protection"""
.1.3.6.1.4.1.2011.6.164.1.1.2.100.1.2.2150834398,OctetString,"""Load 9 Overcurrent Protection"""
.1.3.6.1.4.1.2011.6.164.1.1.2.100.1.2.2150834441,OctetString,"""EFUSE Board Fault"""
.1.3.6.1.4.1.2011.6.164.1.1.2.100.1.2.2150834452,OctetString,"""Load 0 Branch Fault"""
.1.3.6.1.4.1.2011.6.164.1.1.2.100.1.2.2150834453,OctetString,"""Load 1 Branch Fault"""
.1.3.6.1.4.1.2011.6.164.1.1.2.100.1.2.2150834454,OctetString,"""Load 2 Branch Fault"""
.1.3.6.1.4.1.2011.6.164.1.1.2.100.1.2.2150834455,OctetString,"""Load 3 Branch Fault"""
.1.3.6.1.4.1.2011.6.164.1.1.2.100.1.2.2150834456,OctetString,"""Load 4 Branch Fault"""
.1.3.6.1.4.1.2011.6.164.1.1.2.100.1.2.2150834457,OctetString,"""Load 5 Branch Fault"""
.1.3.6.1.4.1.2011.6.164.1.1.2.100.1.2.2150834458,OctetString,"""Load 6 Branch Fault"""
.1.3.6.1.4.1.2011.6.164.1.1.2.100.1.2.2150834459,OctetString,"""Load 7 Branch Fault"""
.1.3.6.1.4.1.2011.6.164.1.1.2.100.1.2.2150834460,OctetString,"""Load 8 Branch Fault"""
.1.3.6.1.4.1.2011.6.164.1.1.2.100.1.2.2150834461,OctetString,"""Load 9 Branch Fault"""
.1.3.6.1.4.1.2011.6.164.1.1.2.100.1.2.2150834462,OctetString,"""Load 0 Disconnected"""
.1.3.6.1.4.1.2011.6.164.1.1.2.100.1.2.2150834463,OctetString,"""Load 1 Disconnected"""
.1.3.6.1.4.1.2011.6.164.1.1.2.100.1.2.2150834464,OctetString,"""Load 2 Disconnected"""
.1.3.6.1.4.1.2011.6.164.1.1.2.100.1.2.2150834465,OctetString,"""Load 3 Disconnected"""
.1.3.6.1.4.1.2011.6.164.1.1.2.100.1.2.2150834466,OctetString,"""Load 4 Disconnected"""
.1.3.6.1.4.1.2011.6.164.1.1.2.100.1.2.2150834467,OctetString,"""Load 5 Disconnected"""
.1.3.6.1.4.1.2011.6.164.1.1.2.100.1.2.2150834468,OctetString,"""Load 6 Disconnected"""
.1.3.6.1.4.1.2011.6.164.1.1.2.100.1.2.2150834469,OctetString,"""Load 7 Disconnected"""
.1.3.6.1.4.1.2011.6.164.1.1.2.100.1.2.2150834470,OctetString,"""Load 8 Disconnected"""
.1.3.6.1.4.1.2011.6.164.1.1.2.100.1.2.2150834471,OctetString,"""Load 9 Disconnected"""
.1.3.6.1.4.1.2011.6.164.1.1.2.100.1.2.2150834472,OctetString,"""Load 0 Control Fault"""
.1.3.6.1.4.1.2011.6.164.1.1.2.100.1.2.2150834473,OctetString,"""Load 1 Control Fault"""
.1.3.6.1.4.1.2011.6.164.1.1.2.100.1.2.2150834474,OctetString,"""Load 2 Control Fault"""
.1.3.6.1.4.1.2011.6.164.1.1.2.100.1.2.2150834475,OctetString,"""Load 3 Control Fault"""
.1.3.6.1.4.1.2011.6.164.1.1.2.100.1.2.2150834476,OctetString,"""Load 4 Control Fault"""
.1.3.6.1.4.1.2011.6.164.1.1.2.100.1.2.2150834477,OctetString,"""Load 5 Control Fault"""
.1.3.6.1.4.1.2011.6.164.1.1.2.100.1.2.2150834478,OctetString,"""Load 6 Control Fault"""
.1.3.6.1.4.1.2011.6.164.1.1.2.100.1.2.2150834479,OctetString,"""Load 7 Control Fault"""
.1.3.6.1.4.1.2011.6.164.1.1.2.100.1.2.2150834480,OctetString,"""Load 8 Control Fault"""
.1.3.6.1.4.1.2011.6.164.1.1.2.100.1.2.2150834481,OctetString,"""Load 9 Control Fault"""
.1.3.6.1.4.1.2011.6.164.1.1.2.100.1.2.2150887436,OctetString,"""Load Overcurrent Protection"""
.1.3.6.1.4.1.2011.6.164.1.1.2.100.1.2.2150887437,OctetString,"""Load Branch Fault"""
.1.3.6.1.4.1.2011.6.164.1.1.2.100.1.2.2150887438,OctetString,"""Load Power Down"""
.1.3.6.1.4.1.2011.6.164.1.1.2.100.1.2.2150887439,OctetString,"""Load Control Fault"""
.1.3.6.1.4.1.2011.6.164.1.1.2.100.1.2.2151166265,OctetString,"""Communication Failure"""
.1.3.6.1.4.1.2011.6.164.1.1.2.100.1.2.2151166267,OctetString,"""Motion Detected"""
.1.3.6.1.4.1.2011.6.164.1.1.2.100.1.2.2152011218,OctetString,"""Normal Unlock Alarm"""
.1.3.6.1.4.1.2011.6.164.1.1.2.100.1.2.2152011219,OctetString,"""Abnormal Unlock Alarm"""
.1.3.6.1.4.1.2011.6.164.1.1.2.100.1.2.2152011484,OctetString,"""Communication Failure"""
.1.3.6.1.4.1.2011.6.164.1.1.2.100.1.2.2152930801,OctetString,"""DTS Manual Mode Alarm"""
.1.3.6.1.4.1.2011.6.164.1.1.2.100.1.2.2155039039,OctetString,"""Communication Failure"""
.1.3.6.1.4.1.2011.6.164.1.1.2.100.1.2.2155039040,OctetString,"""AC Failure"""
.1.3.6.1.4.1.2011.6.164.1.1.2.100.1.2.2155878346,OctetString,"""Door Open Alarm"""
.1.3.6.1.4.1.2011.6.164.1.1.2.100.1.2.2155943862,OctetString,"""Water Alarm"""
.1.3.6.1.4.1.2011.6.164.1.1.2.100.1.2.2156009408,OctetString,"""Smoke Alarm"""
.1.3.6.1.4.1.2011.6.164.1.1.2.100.1.2.2156069280,OctetString,"""Ambient High Temperature"""
.1.3.6.1.4.1.2011.6.164.1.1.2.100.1.2.2156069281,OctetString,"""Ambient Low Temperature"""
.1.3.6.1.4.1.2011.6.164.1.1.2.100.1.2.2156069282,OctetString,"""Ambient High Humidity"""
.1.3.6.1.4.1.2011.6.164.1.1.2.100.1.2.2156069283,OctetString,"""Ambient Low Humidity"""
.1.3.6.1.4.1.2011.6.164.1.1.2.100.1.2.2156078974,OctetString,"""Ambient Humidity Sensor Missing"""
.1.3.6.1.4.1.2011.6.164.1.1.2.100.1.2.2156078975,OctetString,"""Ambient Humidity Sensor Fault"""
.1.3.6.1.4.1.2011.6.164.1.1.2.100.1.2.2156078978,OctetString,"""Ambient Temperature Sensor Missing"""
.1.3.6.1.4.1.2011.6.164.1.1.2.100.1.2.2156078979,OctetString,"""Ambient Temperature Sensor Fault"""
.1.3.6.1.4.1.2011.6.164.1.1.2.100.1.2.2156079075,OctetString,"""Ambient Very High Temperature"""
.1.3.6.1.4.1.2011.6.164.1.1.2.100.1.2.2156149662,OctetString,"""Infrared Sensor Alarm"""
.1.3.6.1.4.1.2011.6.164.1.1.2.100.1.2.2156469530,OctetString,"""Communication Failure"""
.1.3.6.1.4.1.2011.6.164.1.1.2.100.1.2.2156469531,OctetString,"""AI1 High Alarm"""
.1.3.6.1.4.1.2011.6.164.1.1.2.100.1.2.2156469532,OctetString,"""AI1 Low Alarm"""
.1.3.6.1.4.1.2011.6.164.1.1.2.100.1.2.2156469533,OctetString,"""AI2 High Alarm"""
.1.3.6.1.4.1.2011.6.164.1.1.2.100.1.2.2156469534,OctetString,"""AI2 Low Alarm"""
.1.3.6.1.4.1.2011.6.164.1.1.2.100.1.2.2156469535,OctetString,"""AI3 High Alarm"""
.1.3.6.1.4.1.2011.6.164.1.1.2.100.1.2.2156469536,OctetString,"""AI3 Low Alarm"""
.1.3.6.1.4.1.2011.6.164.1.1.2.100.1.2.2156469537,OctetString,"""AI4 High Alarm"""
.1.3.6.1.4.1.2011.6.164.1.1.2.100.1.2.2156469538,OctetString,"""AI4 Low Alarm"""
.1.3.6.1.4.1.2011.6.164.1.1.2.100.1.2.2156469539,OctetString,"""DI 0 Alarm"""
.1.3.6.1.4.1.2011.6.164.1.1.2.100.1.2.2156469540,OctetString,"""DI 1 Alarm"""
.1.3.6.1.4.1.2011.6.164.1.1.2.100.1.2.2156469541,OctetString,"""DI 2 Alarm"""
.1.3.6.1.4.1.2011.6.164.1.1.2.100.1.2.2156469542,OctetString,"""DI 3 Alarm"""
.1.3.6.1.4.1.2011.6.164.1.1.2.100.1.2.2156469543,OctetString,"""Navigation Light Fault """
.1.3.6.1.4.1.2011.6.164.1.1.2.100.1.2.2156469544,OctetString,"""Air Conditioner Fault"""
.1.3.6.1.4.1.2011.6.164.1.1.2.100.1.2.2156469545,OctetString,"""Fans Fault"""
.1.3.6.1.4.1.2011.6.164.1.1.2.100.1.2.2156469546,OctetString,"""DI 16 Alarm"""
.1.3.6.1.4.1.2011.6.164.1.1.2.100.1.2.2156469547,OctetString,"""DI 17 Alarm"""
.1.3.6.1.4.1.2011.6.164.1.1.2.100.1.2.2156469548,OctetString,"""DI 18 Alarm"""
.1.3.6.1.4.1.2011.6.164.1.1.2.100.1.2.2156469549,OctetString,"""DI 19 Alarm"""
.1.3.6.1.4.1.2011.6.164.1.1.2.100.1.2.2156469550,OctetString,"""DI 20 Alarm"""
.1.3.6.1.4.1.2011.6.164.1.1.2.100.1.2.2156469551,OctetString,"""DI 21 Alarm"""
.1.3.6.1.4.1.2011.6.164.1.1.2.100.1.2.2156469552,OctetString,"""DI 22 Alarm"""
.1.3.6.1.4.1.2011.6.164.1.1.2.100.1.2.2156469553,OctetString,"""DI 23 Alarm"""
.1.3.6.1.4.1.2011.6.164.1.1.2.100.1.2.2156469554,OctetString,"""DI 24 Alarm"""
.1.3.6.1.4.1.2011.6.164.1.1.2.100.1.2.2156469555,OctetString,"""DI 25 Alarm"""
.1.3.6.1.4.1.2011.6.164.1.1.2.100.1.2.2156469556,OctetString,"""DI 26 Alarm"""
.1.3.6.1.4.1.2011.6.164.1.1.2.100.1.2.2156469557,OctetString,"""DI 27 Alarm"""
.1.3.6.1.4.1.2011.6.164.1.1.2.100.1.2.2156469558,OctetString,"""DI 28 Alarm"""
.1.3.6.1.4.1.2011.6.164.1.1.2.100.1.2.2156469559,OctetString,"""DI 29 Alarm"""
.1.3.6.1.4.1.2011.6.164.1.1.2.100.1.2.2156469560,OctetString,"""DI 30 Alarm"""
.1.3.6.1.4.1.2011.6.164.1.1.2.100.1.2.2156469561,OctetString,"""DI 31 Alarm"""
.1.3.6.1.4.1.2011.6.164.1.1.2.100.1.2.2156469562,OctetString,"""Indoor Temperature Sensor Fault"""
.1.3.6.1.4.1.2011.6.164.1.1.2.100.1.2.2156469563,OctetString,"""Indoor Humidity Sensor Fault"""
.1.3.6.1.4.1.2011.6.164.1.1.2.100.1.2.2156469564,OctetString,"""Outdoor Temperature Sensor Fault"""
.1.3.6.1.4.1.2011.6.164.1.1.2.100.1.2.2156527923,OctetString,"""Communication Failure"""
.1.3.6.1.4.1.2011.6.164.1.1.2.100.1.2.2161006315,OctetString,"""Communication Failure"""
.1.3.6.1.4.1.2011.6.164.1.1.2.100.1.2.2161006316,OctetString,"""Temperature Sensor Fault"""
.1.3.6.1.4.1.2011.6.164.1.1.2.100.1.2.2161006317,OctetString,"""High Temperature"""
.1.3.6.1.4.1.2011.6.164.1.1.2.100.1.2.2161006318,OctetString,"""Nonautomatic Mode Alarm"""
.1.3.6.1.4.1.2011.6.164.1.1.2.100.1.2.2164523711,OctetString,"""Battery High Temperature"""
.1.3.6.1.4.1.2011.6.164.1.1.2.100.1.2.2164523712,OctetString,"""Battery Low Temperature"""
.1.3.6.1.4.1.2011.6.164.1.1.2.100.1.2.2164523713,OctetString,"""Battery Charge Overcurrent"""
.1.3.6.1.4.1.2011.6.164.1.1.2.100.1.2.2164523714,OctetString,"""Low Battery Capacity"""
.1.3.6.1.4.1.2011.6.164.1.1.2.100.1.2.2164523744,OctetString,"""Battery Discharging"""
.1.3.6.1.4.1.2011.6.164.1.1.2.100.1.2.2164533109,OctetString,"""BLVD Warning"""
.1.3.6.1.4.1.2011.6.164.1.1.2.100.1.2.2164533111,OctetString,"""BLVD Disconnected"""
.1.3.6.1.4.1.2011.6.164.1.1.2.100.1.2.2164533739,OctetString,"""Battery Testing"""
.1.3.6.1.4.1.2011.6.164.1.1.2.100.1.2.2164533740,OctetString,"""Battery Test Negative"""
.1.3.6.1.4.1.2011.6.164.1.1.2.100.1.2.2164533764,OctetString,"""Battery Boost Charging"""
.1.3.6.1.4.1.2011.6.164.1.1.2.100.1.2.2164533765,OctetString,"""BatteryBoost Charging Protection"""
.1.3.6.1.4.1.2011.6.164.1.1.2.100.1.2.2164533790,OctetString,"""Battery Temperature Compensation Activated"""
.1.3.6.1.4.1.2011.6.164.1.1.2.100.1.2.2164533791,OctetString,"""Battery Very High Temperature"""
.1.3.6.1.4.1.2011.6.164.1.1.2.100.1.2.2164533792,OctetString,"""Battery Very Low Temperature"""
.1.3.6.1.4.1.2011.6.164.1.1.2.100.1.2.2164533801,OctetString,"""Battery Not Detected"""
.1.3.6.1.4.1.2011.6.164.1.1.2.100.1.2.2164533806,OctetString,"""Battery Test Cancelled"""
.1.3.6.1.4.1.2011.6.164.1.1.2.100.1.2.2164533807,OctetString,"""Battery Current Imbalance"""
.1.3.6.1.4.1.2011.6.164.1.1.2.100.1.2.2164542773,OctetString,"""BLVD High Temperature Disconnected"""
.1.3.6.1.4.1.2011.6.164.1.1.2.100.1.2.2164542774,OctetString,"""BLVD Low Voltage Disconnected"""
.1.3.6.1.4.1.2011.6.164.1.1.2.100.1.2.2164542775,OctetString,"""BLVD Low Capacity Disconnected"""
.1.3.6.1.4.1.2011.6.164.1.1.2.100.1.2.2164599102,OctetString,"""SOH Low"""
.1.3.6.1.4.1.2011.6.164.1.1.2.100.1.2.2164599103,OctetString,"""SOH Warning"""
.1.3.6.1.4.1.2011.6.164.1.1.2.100.1.2.2164654783,OctetString,"""Battery High Temperature"""
.1.3.6.1.4.1.2011.6.164.1.1.2.100.1.2.2164654784,OctetString,"""Battery Low Temperature"""
.1.3.6.1.4.1.2011.6.164.1.1.2.100.1.2.2164654785,OctetString,"""Battery Charge Overcurrent"""
.1.3.6.1.4.1.2011.6.164.1.1.2.100.1.2.2164654786,OctetString,"""Low Battery Capacity"""
.1.3.6.1.4.1.2011.6.164.1.1.2.100.1.2.2164654816,OctetString,"""Battery Discharging"""
.1.3.6.1.4.1.2011.6.164.1.1.2.100.1.2.2164664181,OctetString,"""BLVD Warning"""
.1.3.6.1.4.1.2011.6.164.1.1.2.100.1.2.2164664183,OctetString,"""BLVD Disconnected"""
.1.3.6.1.4.1.2011.6.164.1.1.2.100.1.2.2164664811,OctetString,"""Battery Testing"""
.1.3.6.1.4.1.2011.6.164.1.1.2.100.1.2.2164664812,OctetString,"""Battery Test Negative"""
.1.3.6.1.4.1.2011.6.164.1.1.2.100.1.2.2164664836,OctetString,"""Battery Boost Charging"""
.1.3.6.1.4.1.2011.6.164.1.1.2.100.1.2.2164664837,OctetString,"""Battery Boost Charging Protection"""
.1.3.6.1.4.1.2011.6.164.1.1.2.100.1.2.2164664862,OctetString,"""Battery Temperature Compensation Activated"""
.1.3.6.1.4.1.2011.6.164.1.1.2.100.1.2.2164664863,OctetString,"""Battery Very High Temperature"""
.1.3.6.1.4.1.2011.6.164.1.1.2.100.1.2.2164664864,OctetString,"""Battery Very Low Temperature"""
.1.3.6.1.4.1.2011.6.164.1.1.2.100.1.2.2164664873,OctetString,"""Battery Not Detected"""
.1.3.6.1.4.1.2011.6.164.1.1.2.100.1.2.2164664878,OctetString,"""Battery Test Cancelled"""
.1.3.6.1.4.1.2011.6.164.1.1.2.100.1.2.2164664879,OctetString,"""Battery Current Imbalance"""
.1.3.6.1.4.1.2011.6.164.1.1.2.100.1.2.2164673845,OctetString,"""BLVD High Temperature Disconnected"""
.1.3.6.1.4.1.2011.6.164.1.1.2.100.1.2.2164673846,OctetString,"""BLVD Low Voltage Disconnected"""
.1.3.6.1.4.1.2011.6.164.1.1.2.100.1.2.2164673847,OctetString,"""BLVD Low Capacity Disconnected"""
.1.3.6.1.4.1.2011.6.164.1.1.2.100.1.2.2164730174,OctetString,"""SOH Low"""
.1.3.6.1.4.1.2011.6.164.1.1.2.100.1.2.2164730175,OctetString,"""SOH Warning"""
.1.3.6.1.4.1.2011.6.164.1.1.2.100.1.2.2164785855,OctetString,"""Battery High Temperature"""
.1.3.6.1.4.1.2011.6.164.1.1.2.100.1.2.2164785856,OctetString,"""Battery Low Temperature"""
.1.3.6.1.4.1.2011.6.164.1.1.2.100.1.2.2164785857,OctetString,"""Battery Charge Overcurrent"""
.1.3.6.1.4.1.2011.6.164.1.1.2.100.1.2.2164785858,OctetString,"""Low Battery Capacity"""
.1.3.6.1.4.1.2011.6.164.1.1.2.100.1.2.2164785888,OctetString,"""Battery Discharging"""
.1.3.6.1.4.1.2011.6.164.1.1.2.100.1.2.2164795253,OctetString,"""BLVD Warning"""
.1.3.6.1.4.1.2011.6.164.1.1.2.100.1.2.2164795255,OctetString,"""BLVD Disconnected"""
.1.3.6.1.4.1.2011.6.164.1.1.2.100.1.2.2164795883,OctetString,"""Battery Testing"""
.1.3.6.1.4.1.2011.6.164.1.1.2.100.1.2.2164795884,OctetString,"""Battery Test Negative"""
.1.3.6.1.4.1.2011.6.164.1.1.2.100.1.2.2164795908,OctetString,"""Battery Boost Charging"""
.1.3.6.1.4.1.2011.6.164.1.1.2.100.1.2.2164795909,OctetString,"""Battery Boost Charging Protection"""
.1.3.6.1.4.1.2011.6.164.1.1.2.100.1.2.2164795934,OctetString,"""Battery Temperature Compensation Activated"""
.1.3.6.1.4.1.2011.6.164.1.1.2.100.1.2.2164795935,OctetString,"""Battery Very High Temperature"""
.1.3.6.1.4.1.2011.6.164.1.1.2.100.1.2.2164795936,OctetString,"""Battery Very Low Temperature"""
.1.3.6.1.4.1.2011.6.164.1.1.2.100.1.2.2164795945,OctetString,"""Battery Not Detected"""
.1.3.6.1.4.1.2011.6.164.1.1.2.100.1.2.2164795950,OctetString,"""Battery Test Cancelled"""
.1.3.6.1.4.1.2011.6.164.1.1.2.100.1.2.2164795951,OctetString,"""Battery Current Imbalance"""
.1.3.6.1.4.1.2011.6.164.1.1.2.100.1.2.2164804917,OctetString,"""BLVD High Temperature Disconnected"""
.1.3.6.1.4.1.2011.6.164.1.1.2.100.1.2.2164804918,OctetString,"""BLVD Low Voltage Disconnected"""
.1.3.6.1.4.1.2011.6.164.1.1.2.100.1.2.2164804919,OctetString,"""BLVD Low Capacity Disconnected"""
.1.3.6.1.4.1.2011.6.164.1.1.2.100.1.2.2164861246,OctetString,"""SOH Low"""
.1.3.6.1.4.1.2011.6.164.1.1.2.100.1.2.2164861247,OctetString,"""SOH Warning"""
.1.3.6.1.4.1.2011.6.164.1.1.2.100.1.2.2165985301,OctetString,"""PV Array Lost"""
.1.3.6.1.4.1.2011.6.164.1.1.2.100.1.2.2166839119,OctetString,"""Communication failed"""
.1.3.6.1.4.1.2011.6.164.1.1.2.100.1.2.2166839120,OctetString,"""Fan Failure"""
.1.3.6.1.4.1.2011.6.164.1.1.2.100.1.2.2166839121,OctetString,"""AC Output Undervoltage"""
.1.3.6.1.4.1.2011.6.164.1.1.2.100.1.2.2166839122,OctetString,"""AC Output Overvoltage"""
.1.3.6.1.4.1.2011.6.164.1.1.2.100.1.2.2166839123,OctetString,"""Module Fault"""
.1.3.6.1.4.1.2011.6.164.1.1.2.100.1.2.2166839124,OctetString,"""Module Overtemperature"""
.1.3.6.1.4.1.2011.6.164.1.1.2.100.1.2.2166839125,OctetString,"""Module Undertemperature"""
.1.3.6.1.4.1.2011.6.164.1.1.2.100.1.2.2166839126,OctetString,"""AC Input Phase Open"""
.1.3.6.1.4.1.2011.6.164.1.1.2.100.1.2.2166839127,OctetString,"""Module Off"""
.1.3.6.1.4.1.2011.6.164.1.1.2.100.1.2.2166839128,OctetString,"""AC Input Abnormal"""
.1.3.6.1.4.1.2011.6.164.1.1.2.100.1.2.2166839129,OctetString,"""DC Input Undervoltage"""
.1.3.6.1.4.1.2011.6.164.1.1.2.100.1.2.2166839130,OctetString,"""DC Input Overvoltage"""
.1.3.6.1.4.1.2011.6.164.1.1.2.100.1.2.2166839132,OctetString,"""No AC Input"""
.1.3.6.1.4.1.2011.6.164.1.1.2.100.1.2.2166839133,OctetString,"""No DC Input"""
.1.3.6.1.4.1.2011.6.164.1.1.2.100.1.2.2166839134,OctetString,"""T2S Fault"""
.1.3.6.1.4.1.2011.6.164.1.1.2.100.1.2.2166839135,OctetString,"""Missing Module"""
.1.3.6.1.4.1.2011.6.164.1.1.2.100.1.2.2166839137,OctetString,"""DIN2 Alarm"""
.1.3.6.1.4.1.2011.6.164.1.1.2.100.1.2.2166839138,OctetString,"""DIN1 Alarm"""
.1.3.6.1.4.1.2011.6.164.1.1.2.100.1.2.2167035637,OctetString,"""All DG Charger Communication Fail"""
.1.3.6.1.4.1.2011.6.164.1.1.2.100.1.2.2167035638,OctetString,"""Charger Missing"""
.1.3.6.1.4.1.2011.6.164.1.1.2.100.1.2.2168132640,OctetString,"""Door Open Alarm"""
.1.3.6.1.4.1.2011.6.164.1.1.2.100.1.2.2168132641,OctetString,"""Illegal Open Door"""
.1.3.6.1.4.1.2011.6.164.1.1.2.100.1.2.2168132642,OctetString,"""Door Open Long Time"""
.1.3.6.1.4.1.2011.6.164.1.1.2.100.1.2.2168132643,OctetString,"""Lock Status Open Alarm"""
.1.3.6.1.4.1.2011.6.164.1.1.2.100.1.2.2174501931,OctetString,"""Communication Failure"""
.1.3.6.1.4.1.2011.6.164.1.1.2.100.1.2.2175145930,OctetString,"""Door Open Alarm"""
.1.3.6.1.4.1.2011.6.164.1.1.2.100.1.2.2175180407,OctetString,"""Communication Failure"""
.1.3.6.1.4.1.2011.6.164.1.1.2.100.1.2.2175180408,OctetString,"""Need to Replace Battery"""
.1.3.6.1.4.1.2011.6.164.1.1.2.100.1.2.2175276992,OctetString,"""Smoke Alarm"""
.1.3.6.1.4.1.2011.6.164.1.1.2.100.1.2.2175311481,OctetString,"""Communication Failure"""
.1.3.6.1.4.1.2011.6.164.1.1.2.100.1.2.2175311482,OctetString,"""Smoking Sensor Fault"""
.1.3.6.1.4.1.2011.6.164.1.1.2.100.1.2.2175311483,OctetString,"""Need to Replace Battery"""
.1.3.6.1.4.1.2011.6.164.1.1.2.100.1.2.2175417246,OctetString,"""Infrared Sensor Alarm"""
.1.3.6.1.4.1.2011.6.164.1.1.2.100.1.2.2175442549,OctetString,"""Communication Failure"""
.1.3.6.1.4.1.2011.6.164.1.1.2.100.1.2.2175442550,OctetString,"""Need to Replace Battery"""
.1.3.6.1.4.1.2011.6.164.1.1.2.100.1.2.2175479920,OctetString,"""Communication Failure"""
.1.3.6.1.4.1.2011.6.164.1.1.2.100.1.2.2175479921,OctetString,"""Hardware Fault"""
.1.3.6.1.4.1.2011.6.164.1.1.2.100.1.2.2175479935,OctetString,"""Current Channel 1 To Voltage Phase Sequence Wiring Error"""
.1.3.6.1.4.1.2011.6.164.1.1.2.100.1.2.2175479936,OctetString,"""Current Channel 2 To Voltage Phase Sequence Wiring Error"""
.1.3.6.1.4.1.2011.6.164.1.1.2.100.1.2.2175479937,OctetString,"""Current Channel 3 To Voltage Phase Sequence Wiring Error"""
.1.3.6.1.4.1.2011.6.164.1.1.2.100.1.2.2175479938,OctetString,"""Current Channel 4 To Voltage Phase Sequence Wiring Error"""
.1.3.6.1.4.1.2011.6.164.1.1.2.100.1.2.2175479952,OctetString,"""SPD Fault"""
.1.3.6.1.4.1.2011.6.164.1.1.2.100.1.2.2175507982,OctetString,"""DI 2 Alarm"""
.1.3.6.1.4.1.2011.6.164.1.1.2.100.1.2.2175507983,OctetString,"""DI 3 Alarm"""
.1.3.6.1.4.1.2011.6.164.1.1.2.100.1.2.2175529158,OctetString,"""Current Sensor Current Sensor Abnormal"""
.1.3.6.1.4.1.2011.6.164.1.1.2.100.1.2.2175536856,OctetString,"""Communication Failure"""
.1.3.6.1.4.1.2011.6.164.1.1.2.100.1.2.2175549441,OctetString,"""DC Voltage Reversed"""
.1.3.6.1.4.1.2011.6.164.1.1.2.100.1.2.2175549457,OctetString,"""Current Channel 1 Reversed """
.1.3.6.1.4.1.2011.6.164.1.1.2.100.1.2.2175549458,OctetString,"""Current Channel 2 Reversed """
.1.3.6.1.4.1.2011.6.164.1.1.2.100.1.2.2175549459,OctetString,"""Current Channel 3 Reversed """
.1.3.6.1.4.1.2011.6.164.1.1.2.100.1.2.2175549460,OctetString,"""Current Channel 4 Reversed """
.1.3.6.1.4.1.2011.6.164.1.1.2.100.1.2.2176032009,OctetString,"""Communication Failure"""
.1.3.6.1.4.1.2011.6.164.1.1.2.100.1.2.2176032011,OctetString,"""Charging Protection"""
.1.3.6.1.4.1.2011.6.164.1.1.2.100.1.2.2176032013,OctetString,"""Discharging Protection"""
.1.3.6.1.4.1.2011.6.164.1.1.2.100.1.2.2176032014,OctetString,"""Hardware Fail"""
.1.3.6.1.4.1.2011.6.164.1.1.2.100.1.2.2176730155,OctetString,"""Communication Failure"""
.1.3.6.1.4.1.2011.6.164.1.1.2.100.1.2.2178040875,OctetString,"""Communication Failure"""
.1.3.6.1.4.1.2011.6.164.1.1.2.100.1.2.2178325869,OctetString,"""Communication Failure"""
.1.3.6.1.4.1.2011.6.164.1.1.2.100.1.2.2178325870,OctetString,"""DI1 Alarm"""
.1.3.6.1.4.1.2011.6.164.1.1.2.100.1.2.2178325871,OctetString,"""DI2 Alarm"""
.1.3.6.1.4.1.2011.6.164.1.1.2.100.1.2.2178325872,OctetString,"""DI3 Alarm"""
.1.3.6.1.4.1.2011.6.164.1.1.2.100.1.2.2178325873,OctetString,"""DI4 Alarm"""
.1.3.6.1.4.1.2011.6.164.1.1.2.100.1.2.2178325874,OctetString,"""DI5 Alarm"""
.1.3.6.1.4.1.2011.6.164.1.1.2.100.1.2.2178325875,OctetString,"""DI6 Alarm"""
.1.3.6.1.4.1.2011.6.164.1.1.2.100.1.2.2178325876,OctetString,"""DI7 Alarm"""
.1.3.6.1.4.1.2011.6.164.1.1.2.100.1.2.2178325877,OctetString,"""DI8 Alarm"""
.1.3.6.1.4.1.2011.6.164.1.1.2.100.1.2.2178325878,OctetString,"""Port1 DI1 Alarm"""
.1.3.6.1.4.1.2011.6.164.1.1.2.100.1.2.2178325879,OctetString,"""Port1 DI2 Alarm"""
.1.3.6.1.4.1.2011.6.164.1.1.2.100.1.2.2178325880,OctetString,"""Port2 DI1 Alarm"""
.1.3.6.1.4.1.2011.6.164.1.1.2.100.1.2.2178325881,OctetString,"""Port2 DI2 Alarm"""
.1.3.6.1.4.1.2011.6.164.1.1.2.100.1.2.2178325882,OctetString,"""Port3 DI1 Alarm"""
.1.3.6.1.4.1.2011.6.164.1.1.2.100.1.2.2178325883,OctetString,"""Port3 DI2 Alarm"""
.1.3.6.1.4.1.2011.6.164.1.1.2.100.1.2.2178325884,OctetString,"""Port4 DI1 Alarm"""
.1.3.6.1.4.1.2011.6.164.1.1.2.100.1.2.2178325885,OctetString,"""Port4 DI2 Alarm"""
.1.3.6.1.4.1.2011.6.164.1.1.2.100.1.2.2178325886,OctetString,"""Port1 Motion Alarm"""
.1.3.6.1.4.1.2011.6.164.1.1.2.100.1.2.2178325887,OctetString,"""Port2 Motion Alarm"""
.1.3.6.1.4.1.2011.6.164.1.1.2.100.1.2.2178325888,OctetString,"""Port3 Motion Alarm"""
.1.3.6.1.4.1.2011.6.164.1.1.2.100.1.2.2178325889,OctetString,"""Port4 Motion Alarm"""
.1.3.6.1.4.1.2011.6.164.1.1.2.100.1.2.2178325890,OctetString,"""Port1 Smoke Alarm"""
.1.3.6.1.4.1.2011.6.164.1.1.2.100.1.2.2178325891,OctetString,"""Port2 Smoke Alarm"""
.1.3.6.1.4.1.2011.6.164.1.1.2.100.1.2.2178325892,OctetString,"""Port3 Smoke Alarm"""
.1.3.6.1.4.1.2011.6.164.1.1.2.100.1.2.2178325893,OctetString,"""Port4 Smoke Alarm"""
.1.3.6.1.4.1.2011.6.164.1.1.2.100.1.2.2178347656,OctetString,"""Vibration Alarm"""
.1.3.6.1.4.1.2011.6.164.1.1.2.100.1.2.2178391455,OctetString,"""Communication Failure"""
.1.3.6.1.4.1.2011.6.164.1.1.2.100.1.2.2179010264,OctetString,"""Communication Failure"""
.1.3.6.1.4.1.2011.6.164.1.1.2.100.1.2.2179022849,OctetString,"""DC Voltage Reversed"""
.1.3.6.1.4.1.2011.6.164.1.1.2.100.1.2.2179022865,OctetString,"""Current Channel 1 Reversed """
.1.3.6.1.4.1.2011.6.164.1.1.2.100.1.2.2179022866,OctetString,"""Current Channel 2 Reversed """
.1.3.6.1.4.1.2011.6.164.1.1.2.100.1.2.2179022867,OctetString,"""Current Channel 3 Reversed """
.1.3.6.1.4.1.2011.6.164.1.1.2.100.1.2.2179022868,OctetString,"""Current Channel 4 Reversed """
.1.3.6.1.4.1.2011.6.164.1.1.2.100.1.2.2179149936,OctetString,"""Communication Failure"""
.1.3.6.1.4.1.2011.6.164.1.1.2.100.1.2.2179149937,OctetString,"""Hardware Fault"""
.1.3.6.1.4.1.2011.6.164.1.1.2.100.1.2.2179149951,OctetString,"""Current Channel 1 To Voltage Phase Sequence Wiring Error"""
.1.3.6.1.4.1.2011.6.164.1.1.2.100.1.2.2179149952,OctetString,"""Current Channel 2 To Voltage Phase Sequence Wiring Error"""
.1.3.6.1.4.1.2011.6.164.1.1.2.100.1.2.2179149953,OctetString,"""Current Channel 3 To Voltage Phase Sequence Wiring Error"""
.1.3.6.1.4.1.2011.6.164.1.1.2.100.1.2.2179149954,OctetString,"""Current Channel 4 To Voltage Phase Sequence Wiring Error"""
.1.3.6.1.4.1.2011.6.164.1.1.2.100.1.2.2179149966,OctetString,"""Input 1 Line N Disconnected"""
.1.3.6.1.4.1.2011.6.164.1.1.2.100.1.2.2179149967,OctetString,"""Input 2 Line N Disconnected"""
.1.3.6.1.4.1.2011.6.164.1.1.2.100.1.2.2179149968,OctetString,"""SPD Fault"""
.1.3.6.1.4.1.2011.6.164.1.1.2.100.1.2.2179177998,OctetString,"""DI 2 Alarm"""
.1.3.6.1.4.1.2011.6.164.1.1.2.100.1.2.2179177999,OctetString,"""DI 3 Alarm"""
.1.3.6.1.4.1.2011.6.164.1.1.2.100.1.2.2179339731,OctetString,"""Abnormally Unlock"""
.1.3.6.1.4.1.2011.6.164.1.1.2.100.1.2.2179339996,OctetString,"""Communication Failure"""
.1.3.6.1.4.1.2011.6.164.1.1.2.100.1.2.2179374576,OctetString,"""Need to Replace Battery"""
.1.3.6.1.4.1.2011.6.164.1.1.2.100.1.2.2179374577,OctetString,"""Normally Unlock"""
.1.3.6.1.4.1.2011.6.164.1.1.2.100.1.2.2179374579,OctetString,"""Hardware Fault"""
.1.3.6.1.4.1.2011.6.164.1.1.2.100.1.2.2179374580,OctetString,"""Lock Disassembled"""
.1.3.6.1.4.1.2011.6.164.1.1.2.100.1.2.2181121066,OctetString,"""Need to Replace Battery"""
.1.3.6.1.4.1.2011.6.164.1.1.2.100.1.2.2181121067,OctetString,"""Communication Failure"""
.1.3.6.1.4.1.2011.6.164.1.1.2.100.1.2.2181309046,OctetString,"""DC Power LLVD"""
.1.3.6.1.4.1.2011.6.164.1.1.2.100.1.2.2181337190,OctetString,"""Site Aircon Fault"""
.1.3.6.1.4.1.2011.6.164.1.1.2.100.1.2.2181337191,OctetString,"""ATS Fault"""
.1.3.6.1.4.1.2011.6.164.1.1.2.100.1.2.2181337200,OctetString,"""Sensor Cell Need To Replace"""
.1.3.6.1.4.1.2011.6.164.1.1.2.100.1.2.2181337201,OctetString,"""Site Ac Failure"""
.1.3.6.1.4.1.2011.6.164.1.1.2.100.1.2.2181388011,OctetString,"""Communication Failure"""
.1.3.6.1.4.1.2011.6.164.1.1.2.100.1.2.2181388012,OctetString,"""Temperature Sensor Fault"""
.1.3.6.1.4.1.2011.6.164.1.1.2.100.1.2.2181388013,OctetString,"""Over Temperature"""
.1.3.6.1.4.1.2011.6.164.1.1.2.100.1.2.2181388014,OctetString,"""On Manual State"""
.1.3.6.1.4.1.2011.6.164.1.1.2.100.1.2.2181388015,OctetString,"""Aircon Fault"""
.1.3.6.1.4.1.2011.6.164.1.1.2.100.1.2.2181395791,OctetString,"""Aircon 1 Under Voltage Protection"""
.1.3.6.1.4.1.2011.6.164.1.1.2.100.1.2.2181395792,OctetString,"""Aircon 1 Over Voltage Protection"""
.1.3.6.1.4.1.2011.6.164.1.1.2.100.1.2.2181395793,OctetString,"""Aircon 2 Under Voltage Protection"""
.1.3.6.1.4.1.2011.6.164.1.1.2.100.1.2.2181395794,OctetString,"""Aircon 2 Over Voltage Protection"""
.1.3.6.1.4.1.2011.6.164.1.1.2.100.1.2.2181395795,OctetString,"""Aircon 1 Contactor Fault"""
.1.3.6.1.4.1.2011.6.164.1.1.2.100.1.2.2181395796,OctetString,"""Aircon 2 Contactor Fault"""
.1.3.6.1.4.1.2011.6.164.1.1.2.100.1.2.2181402652,OctetString,"""Aircon 1 Error Connection"""
.1.3.6.1.4.1.2011.6.164.1.1.2.100.1.2.2181402653,OctetString,"""Aircon 2 Error Connection"""
.1.3.6.1.4.1.2011.6.164.1.1.2.100.1.2.2183528868,OctetString,"""DC SPD Fault"""
.1.3.6.1.4.1.2011.6.164.1.1.2.100.1.2.2183537270,OctetString,"""LLVD1 Disconnected"""
.1.3.6.1.4.1.2011.6.164.1.1.2.100.1.2.2183537272,OctetString,"""LLVD2 Warning"""
.1.3.6.1.4.1.2011.6.164.1.1.2.100.1.2.2183537273,OctetString,"""LLVD2 Disconnected"""
.1.3.6.1.4.1.2011.6.164.1.1.2.100.1.2.2183538548,OctetString,"""LLVD1 Warning"""
.1.3.6.1.4.1.2011.6.164.1.1.2.100.1.2.2183538600,OctetString,"""DC Over Voltage"""
.1.3.6.1.4.1.2011.6.164.1.1.2.100.1.2.2183538601,OctetString,"""DC Under Voltage"""
.1.3.6.1.4.1.2011.6.164.1.1.2.100.1.2.2183538602,OctetString,"""DC Ultra Over Voltage"""
.1.3.6.1.4.1.2011.6.164.1.1.2.100.1.2.2183538603,OctetString,"""DC Ultra Under Voltage"""
.1.3.6.1.4.1.2011.6.164.1.1.2.100.1.2.2183538617,OctetString,"""Load Fuse Broken"""
.1.3.6.1.4.1.2011.6.164.1.1.2.100.1.2.2183538618,OctetString,"""User 1 Load Fuse Broken"""
.1.3.6.1.4.1.2011.6.164.1.1.2.100.1.2.2183538619,OctetString,"""User 2 Load Fuse Broken"""
.1.3.6.1.4.1.2011.6.164.1.1.2.100.1.2.2183538620,OctetString,"""User 3 Load Fuse Broken"""
.1.3.6.1.4.1.2011.6.164.1.1.2.100.1.2.2183538621,OctetString,"""User 4 Load Fuse Broken"""
.1.3.6.1.4.1.2011.6.164.1.1.2.100.1.2.2183538623,OctetString,"""Public Load Fuse Broken """
.1.3.6.1.4.1.2011.6.164.1.1.2.100.1.2.2183538624,OctetString,"""Public Load Fuse Broken """
.1.3.6.1.4.1.2011.6.164.1.1.2.100.1.2.2183538625,OctetString,"""Public Load Fuse Broken """
.1.3.6.1.4.1.2011.6.164.1.1.2.100.1.2.2183538626,OctetString,"""Public Load Fuse Broken """
.1.3.6.1.4.1.2011.6.164.1.1.2.100.1.2.2183538627,OctetString,"""Load Fuse 9 Broken"""
.1.3.6.1.4.1.2011.6.164.1.1.2.100.1.2.2183538628,OctetString,"""Load Fuse 10 Broken"""
.1.3.6.1.4.1.2011.6.164.1.1.2.100.1.2.2183538629,OctetString,"""Load Fuse 11 Broken"""
.1.3.6.1.4.1.2011.6.164.1.1.2.100.1.2.2183538630,OctetString,"""Load Fuse 12 Broken"""
.1.3.6.1.4.1.2011.6.164.1.1.2.100.1.2.2183538631,OctetString,"""Load Fuse 13 Broken"""
.1.3.6.1.4.1.2011.6.164.1.1.2.100.1.2.2183538632,OctetString,"""Load Fuse 14 Broken"""
.1.3.6.1.4.1.2011.6.164.1.1.2.100.1.2.2183538633,OctetString,"""Load Fuse 15 Broken"""
.1.3.6.1.4.1.2011.6.164.1.1.2.100.1.2.2183538634,OctetString,"""Load Fuse 16 Broken"""
.1.3.6.1.4.1.2011.6.164.1.1.2.100.1.2.2183538635,OctetString,"""Load Fuse 17 Broken"""
.1.3.6.1.4.1.2011.6.164.1.1.2.100.1.2.2183538636,OctetString,"""Load Fuse 18 Broken"""
.1.3.6.1.4.1.2011.6.164.1.1.2.100.1.2.2183538637,OctetString,"""Load Fuse 19 Broken"""
.1.3.6.1.4.1.2011.6.164.1.1.2.100.1.2.2183538638,OctetString,"""Load Fuse 20 Broken"""
.1.3.6.1.4.1.2011.6.164.1.1.2.100.1.2.2183538639,OctetString,"""Load Fuse 21 Broken"""
.1.3.6.1.4.1.2011.6.164.1.1.2.100.1.2.2183538640,OctetString,"""Load Fuse 22 Broken"""
.1.3.6.1.4.1.2011.6.164.1.1.2.100.1.2.2183538641,OctetString,"""Load Fuse 23 Broken"""
.1.3.6.1.4.1.2011.6.164.1.1.2.100.1.2.2183538672,OctetString,"""Breaker Trip Alarm"""
.1.3.6.1.4.1.2011.6.164.1.1.2.100.1.2.2183538711,OctetString,"""Load Breaker Trip"""
.1.3.6.1.4.1.2011.6.164.1.1.2.100.1.2.2183538713,OctetString,"""DCD Communication Failure"""
.1.3.6.1.4.1.2011.6.164.1.1.2.100.1.2.2183538744,OctetString,"""Power System Under Voltage"""
.1.3.6.1.4.1.2011.6.164.1.1.2.100.1.2.2183538745,OctetString,"""Power System Over Voltage"""
.1.3.6.1.4.1.2011.6.164.1.1.2.100.1.2.2183543704,OctetString,"""LLVD3 Warning"""
.1.3.6.1.4.1.2011.6.164.1.1.2.100.1.2.2183543705,OctetString,"""LLVD3 Disconnected"""
.1.3.6.1.4.1.2011.6.164.1.1.2.100.1.2.2183543708,OctetString,"""LLVD4 Warning"""
.1.3.6.1.4.1.2011.6.164.1.1.2.100.1.2.2183543709,OctetString,"""LLVD4 Disconnected"""
.1.3.6.1.4.1.2011.6.164.1.1.2.100.1.2.2183543719,OctetString,"""LLVD Forcibly Connected"""
.1.3.6.1.4.1.2011.6.164.1.1.2.100.1.2.2183543732,OctetString,"""LLVD1 Contactor Fault"""
.1.3.6.1.4.1.2011.6.164.1.1.2.100.1.2.2183543733,OctetString,"""LLVD2 Contactor Fault"""
.1.3.6.1.4.1.2011.6.164.1.1.2.100.1.2.2183543737,OctetString,"""User 1 Load Fuse Broken"""
.1.3.6.1.4.1.2011.6.164.1.1.2.100.1.2.2183543738,OctetString,"""User 2 Load Fuse Broken"""
.1.3.6.1.4.1.2011.6.164.1.1.2.100.1.2.2183543739,OctetString,"""User 3 Load Fuse Broken"""
.1.3.6.1.4.1.2011.6.164.1.1.2.100.1.2.2183543740,OctetString,"""User 4 Load Fuse Broken"""
.1.3.6.1.4.1.2011.6.164.1.1.2.100.1.2.2183543741,OctetString,"""User 5 Load Fuse Broken"""
.1.3.6.1.4.1.2011.6.164.1.1.2.100.1.2.2183543742,OctetString,"""User 6 Load Fuse Broken"""
.1.3.6.1.4.1.2011.6.164.1.1.2.100.1.2.2183543744,OctetString,"""LLVD Emergency Disconnected"""
.1.3.6.1.4.1.2011.6.164.1.1.2.100.1.2.2183543753,OctetString,"""External DU LF Break"""
.1.3.6.1.4.1.2011.6.164.1.1.2.100.1.2.2183543778,OctetString,"""LLVD Fail"""
.1.3.6.1.4.1.2011.6.164.1.1.2.100.1.2.2183543779,OctetString,"""LVD Disabled"""
.1.3.6.1.4.1.2011.6.164.1.1.2.100.1.2.2183549235,OctetString,"""LLVD1 Low Voltage Disconnected"""
.1.3.6.1.4.1.2011.6.164.1.1.2.100.1.2.2183549236,OctetString,"""LLVD1 Manual Disconnected"""
.1.3.6.1.4.1.2011.6.164.1.1.2.100.1.2.2183549237,OctetString,"""LLVD1 High Temperature Disconnected"""
.1.3.6.1.4.1.2011.6.164.1.1.2.100.1.2.2183549238,OctetString,"""LLVD1 Timed Disconnected"""
.1.3.6.1.4.1.2011.6.164.1.1.2.100.1.2.2183549241,OctetString,"""LLVD2 Low Voltage Disconnected"""
.1.3.6.1.4.1.2011.6.164.1.1.2.100.1.2.2183549242,OctetString,"""LLVD2 Manual Disconnected"""
.1.3.6.1.4.1.2011.6.164.1.1.2.100.1.2.2183549243,OctetString,"""LLVD2 High Temperature Disconnected"""
.1.3.6.1.4.1.2011.6.164.1.1.2.100.1.2.2183549244,OctetString,"""LLVD2 Timed Disconnected"""
.1.3.6.1.4.1.2011.6.164.1.1.2.100.1.2.2183549246,OctetString,"""LLVD3 Low Voltage Disconnected"""
.1.3.6.1.4.1.2011.6.164.1.1.2.100.1.2.2183549247,OctetString,"""LLVD3 Manual Disconnected"""
.1.3.6.1.4.1.2011.6.164.1.1.2.100.1.2.2183549248,OctetString,"""LLVD3 High Temperature Disconnected"""
.1.3.6.1.4.1.2011.6.164.1.1.2.100.1.2.2183549249,OctetString,"""LLVD3 Timed Disconnected"""
.1.3.6.1.4.1.2011.6.164.1.1.2.100.1.2.2183549251,OctetString,"""LLVD4 Low Voltage Disconnected"""
.1.3.6.1.4.1.2011.6.164.1.1.2.100.1.2.2183549252,OctetString,"""LLVD4 Manual Disconnected"""
.1.3.6.1.4.1.2011.6.164.1.1.2.100.1.2.2183549253,OctetString,"""LLVD4 High Temperature Disconnected"""
.1.3.6.1.4.1.2011.6.164.1.1.2.100.1.2.2183549254,OctetString,"""LLVD4 Timed Disconnected"""
.1.3.6.1.4.1.2011.6.164.1.1.2.100.1.2.2183589908,OctetString,"""LLVD1 Disconnected"""
.1.3.6.1.4.1.2011.6.164.1.1.2.100.1.2.2183589909,OctetString,"""LLVD2 Disconnected"""
.1.3.6.1.4.1.2011.6.164.1.1.2.100.1.2.2183589910,OctetString,"""LLVD3 Disconnected"""
.1.3.6.1.4.1.2011.6.164.1.1.2.100.1.2.2183589911,OctetString,"""LLVD4 Disconnected"""
.1.3.6.1.4.1.2011.6.164.1.1.2.100.1.2.2183589912,OctetString,"""LLVD1 Time Disconnected"""
.1.3.6.1.4.1.2011.6.164.1.1.2.100.1.2.2183589913,OctetString,"""LLVD1 Maintenance Disconnected"""
.1.3.6.1.4.1.2011.6.164.1.1.2.100.1.2.2183589914,OctetString,"""LLVD2 Time Disconnected"""
.1.3.6.1.4.1.2011.6.164.1.1.2.100.1.2.2183589915,OctetString,"""LLVD2 Maintenance Disconnected"""
.1.3.6.1.4.1.2011.6.164.1.1.2.100.1.2.2183589916,OctetString,"""LLVD3 Time Disconnected"""
.1.3.6.1.4.1.2011.6.164.1.1.2.100.1.2.2183589917,OctetString,"""LLVD3 Maintenance Disconnected"""
.1.3.6.1.4.1.2011.6.164.1.1.2.100.1.2.2183589918,OctetString,"""LLVD4 Time Disconnected"""
.1.3.6.1.4.1.2011.6.164.1.1.2.100.1.2.2183589919,OctetString,"""LLVD4 Maintenance Disconnected"""
.1.3.6.1.4.1.2011.6.164.1.1.2.100.1.2.2183590015,OctetString,"""Total Load Over Current"""
.1.3.6.1.4.1.2011.6.164.1.1.2.100.1.2.2183590040,OctetString,"""LLVD1 Peak Shaving Disconnected"""
.1.3.6.1.4.1.2011.6.164.1.1.2.100.1.2.2183590041,OctetString,"""LLVD2 Peak Shaving Disconnected"""
.1.3.6.1.4.1.2011.6.164.1.1.2.100.1.2.2183590042,OctetString,"""LLVD3 Peak Shaving Disconnected"""
.1.3.6.1.4.1.2011.6.164.1.1.2.100.1.2.2183590043,OctetString,"""LLVD4 Peak Shaving Disconnected"""
.1.3.6.1.4.1.2011.6.164.1.1.2.100.1.2.2183590044,OctetString,"""LLVD DIN Disconnected"""
.1.3.6.1.4.1.2011.6.164.1.1.2.100.1.2.2183590045,OctetString,"""LLVD2 DIN Disconnected"""
.1.3.6.1.4.1.2011.6.164.1.1.2.100.1.2.2183590046,OctetString,"""LLVD3 DIN Disconnected"""
.1.3.6.1.4.1.2011.6.164.1.1.2.100.1.2.2183590047,OctetString,"""LLVD4 DIN Disconnected"""
.1.3.6.1.4.1.2011.6.164.1.1.2.100.1.2.2183590109,OctetString,"""Custom Port Fuse Broken"""
.1.3.6.1.4.1.2011.6.164.1.1.2.100.1.2.2183590111,OctetString,"""Load Fuse 24 Broken"""
.1.3.6.1.4.1.2011.6.164.1.1.2.100.1.2.2183590112,OctetString,"""Load Fuse 25 Broken"""
.1.3.6.1.4.1.2011.6.164.1.1.2.100.1.2.2183590113,OctetString,"""Load Fuse 26 Broken"""
.1.3.6.1.4.1.2011.6.164.1.1.2.100.1.2.2183590114,OctetString,"""Load Fuse 27 Broken"""
.1.3.6.1.4.1.2011.6.164.1.1.2.100.1.2.2183590115,OctetString,"""Load Fuse 28 Broken"""
.1.3.6.1.4.1.2011.6.164.1.1.2.100.1.2.2183590116,OctetString,"""Load Fuse 29 Broken"""
.1.3.6.1.4.1.2011.6.164.1.1.2.100.1.2.2183590117,OctetString,"""Load Fuse 30 Broken"""
.1.3.6.1.4.1.2011.6.164.1.1.2.100.1.2.2183590118,OctetString,"""Load Fuse 31 Broken"""
.1.3.6.1.4.1.2011.6.164.1.1.2.100.1.2.2183590119,OctetString,"""Load Fuse 32 Broken"""
.1.3.6.1.4.1.2011.6.164.1.1.2.100.1.2.2183590120,OctetString,"""Load Fuse 33 Broken"""
.1.3.6.1.4.1.2011.6.164.1.1.2.100.1.2.2183590121,OctetString,"""Load Fuse 34 Broken"""
.1.3.6.1.4.1.2011.6.164.1.1.2.100.1.2.2183590122,OctetString,"""Load Fuse 35 Broken"""
.1.3.6.1.4.1.2011.6.164.1.1.2.100.1.2.2183590123,OctetString,"""Load Fuse 36 Broken"""
.1.3.6.1.4.1.2011.6.164.1.1.2.100.1.2.2183590124,OctetString,"""Load Fuse 37 Broken"""
.1.3.6.1.4.1.2011.6.164.1.1.2.100.1.2.2183590125,OctetString,"""Load Fuse 38 Broken"""
.1.3.6.1.4.1.2011.6.164.1.1.2.100.1.2.2183590126,OctetString,"""Load Fuse 39 Broken"""
.1.3.6.1.4.1.2011.6.164.1.1.2.100.1.2.2183590127,OctetString,"""Load Fuse 40 Broken"""
.1.3.6.1.4.1.2011.6.164.1.1.2.100.1.2.2183590128,OctetString,"""Load Fuse 41 Broken"""
.1.3.6.1.4.1.2011.6.164.1.1.2.100.1.2.2183590129,OctetString,"""Load Fuse 42 Broken"""
.1.3.6.1.4.1.2011.6.164.1.1.2.100.1.2.2183590130,OctetString,"""Load1 Over Current"""
.1.3.6.1.4.1.2011.6.164.1.1.2.100.1.2.2183590131,OctetString,"""Load2 Over Current"""
.1.3.6.1.4.1.2011.6.164.1.1.2.100.1.2.2183590132,OctetString,"""Load3 Over Current"""
.1.3.6.1.4.1.2011.6.164.1.1.2.100.1.2.2183590133,OctetString,"""Load4 Over Current"""
.1.3.6.1.4.1.2011.6.164.1.1.2.100.1.2.2183590134,OctetString,"""Load5 Over Current"""
.1.3.6.1.4.1.2011.6.164.1.1.2.100.1.2.2183590135,OctetString,"""Load6 Over Current"""
.1.3.6.1.4.1.2011.6.164.1.1.2.100.1.2.2183590136,OctetString,"""Load7 Over Current"""
.1.3.6.1.4.1.2011.6.164.1.1.2.100.1.2.2183590137,OctetString,"""Load8 Over Current"""
.1.3.6.1.4.1.2011.6.164.1.1.2.100.1.2.2183590138,OctetString,"""Load9 Over Current"""
.1.3.6.1.4.1.2011.6.164.1.1.2.100.1.2.2183590139,OctetString,"""Load10 Over Current"""
.1.3.6.1.4.1.2011.6.164.1.1.2.100.1.2.2183590140,OctetString,"""Load11 Over Current"""
.1.3.6.1.4.1.2011.6.164.1.1.2.100.1.2.2183590141,OctetString,"""Load12 Over Current"""
.1.3.6.1.4.1.2011.6.164.1.1.2.100.1.2.2183590142,OctetString,"""Load13 Over Current"""
.1.3.6.1.4.1.2011.6.164.1.1.2.100.1.2.2183590143,OctetString,"""Load14 Over Current"""
.1.3.6.1.4.1.2011.6.164.1.1.2.100.1.2.2183590144,OctetString,"""Load15 Over Current"""
.1.3.6.1.4.1.2011.6.164.1.1.2.100.1.2.2183590145,OctetString,"""Load16 Over Current"""
.1.3.6.1.4.1.2011.6.164.1.1.2.100.1.2.2183590146,OctetString,"""Load17 Over Current"""
.1.3.6.1.4.1.2011.6.164.1.1.2.100.1.2.2183590147,OctetString,"""Load18 Over Current"""
.1.3.6.1.4.1.2011.6.164.1.1.2.100.1.2.2183590148,OctetString,"""Load19 Over Current"""
.1.3.6.1.4.1.2011.6.164.1.1.2.100.1.2.2183590149,OctetString,"""Load20 Over Current"""
.1.3.6.1.4.1.2011.6.164.1.1.2.100.1.2.2183590150,OctetString,"""Load21 Over Current"""
.1.3.6.1.4.1.2011.6.164.1.1.2.100.1.2.2183590151,OctetString,"""Load22 Over Current"""
.1.3.6.1.4.1.2011.6.164.1.1.2.100.1.2.2183590152,OctetString,"""Load23 Over Current"""
.1.3.6.1.4.1.2011.6.164.1.1.2.100.1.2.2183590153,OctetString,"""Load24 Over Current"""
.1.3.6.1.4.1.2011.6.164.1.1.2.100.1.2.2183590154,OctetString,"""Load25 Over Current"""
.1.3.6.1.4.1.2011.6.164.1.1.2.100.1.2.2183590155,OctetString,"""Load26 Over Current"""
.1.3.6.1.4.1.2011.6.164.1.1.2.100.1.2.2183590156,OctetString,"""Load27 Over Current"""
.1.3.6.1.4.1.2011.6.164.1.1.2.100.1.2.2183590157,OctetString,"""Load28 Over Current"""
.1.3.6.1.4.1.2011.6.164.1.1.2.100.1.2.2183590158,OctetString,"""Load29 Over Current"""
.1.3.6.1.4.1.2011.6.164.1.1.2.100.1.2.2183590159,OctetString,"""Load30 Over Current"""
.1.3.6.1.4.1.2011.6.164.1.1.2.100.1.2.2183590169,OctetString,"""LLVD3 Contactor Fault"""
.1.3.6.1.4.1.2011.6.164.1.1.2.100.1.2.2183590170,OctetString,"""LLVD4 Contactor Fault"""
.1.3.6.1.4.1.2011.6.164.1.1.2.100.1.2.2184249452,OctetString,"""AC SPD Fault"""
.1.3.6.1.4.1.2011.6.164.1.1.2.100.1.2.2184250894,OctetString,"""AC Failure"""
.1.3.6.1.4.1.2011.6.164.1.1.2.100.1.2.2184250896,OctetString,"""Over AC Voltage"""
.1.3.6.1.4.1.2011.6.164.1.1.2.100.1.2.2184250897,OctetString,"""Under AC Voltage"""
.1.3.6.1.4.1.2011.6.164.1.1.2.100.1.2.2184250899,OctetString,"""Phase L1 Over Voltage"""
.1.3.6.1.4.1.2011.6.164.1.1.2.100.1.2.2184250900,OctetString,"""Phase L2 Over Voltage"""
.1.3.6.1.4.1.2011.6.164.1.1.2.100.1.2.2184250901,OctetString,"""Phase L3 Over Voltage"""
.1.3.6.1.4.1.2011.6.164.1.1.2.100.1.2.2184250902,OctetString,"""Phase L1 Under Voltage"""
.1.3.6.1.4.1.2011.6.164.1.1.2.100.1.2.2184250903,OctetString,"""Phase L2 Under Voltage"""
.1.3.6.1.4.1.2011.6.164.1.1.2.100.1.2.2184250904,OctetString,"""Phase L3 Under Voltage"""
.1.3.6.1.4.1.2011.6.164.1.1.2.100.1.2.2184250911,OctetString,"""Phase L1 Failure"""
.1.3.6.1.4.1.2011.6.164.1.1.2.100.1.2.2184250912,OctetString,"""Phase L2 Failure"""
.1.3.6.1.4.1.2011.6.164.1.1.2.100.1.2.2184250913,OctetString,"""Phase L3 Failure"""
.1.3.6.1.4.1.2011.6.164.1.1.2.100.1.2.2184259556,OctetString,"""Long AC Failure"""
.1.3.6.1.4.1.2011.6.164.1.1.2.100.1.2.2184259608,OctetString,"""Main AC Breaker Trip"""
.1.3.6.1.4.1.2011.6.164.1.1.2.100.1.2.2184259614,OctetString,"""L1-L2 Over Voltage"""
.1.3.6.1.4.1.2011.6.164.1.1.2.100.1.2.2184259615,OctetString,"""L2-L3 Over Voltage"""
.1.3.6.1.4.1.2011.6.164.1.1.2.100.1.2.2184259616,OctetString,"""L3-L1 Over Voltage"""
.1.3.6.1.4.1.2011.6.164.1.1.2.100.1.2.2184259617,OctetString,"""L1-L2 Under Voltage"""
.1.3.6.1.4.1.2011.6.164.1.1.2.100.1.2.2184259618,OctetString,"""L2-L3 Under Voltage"""
.1.3.6.1.4.1.2011.6.164.1.1.2.100.1.2.2184259619,OctetString,"""L3-L1 Under Voltage"""
.1.3.6.1.4.1.2011.6.164.1.1.2.100.1.2.2184264616,OctetString,"""AC Charge Abnormal"""
.1.3.6.1.4.1.2011.6.164.1.1.2.100.1.2.2184264626,OctetString,"""AC Loop Abnormal"""
.1.3.6.1.4.1.2011.6.164.1.1.2.100.1.2.2184310902,OctetString,"""Over AC Frequency"""
.1.3.6.1.4.1.2011.6.164.1.1.2.100.1.2.2184310903,OctetString,"""Under AC Frequency"""
.1.3.6.1.4.1.2011.6.164.1.1.2.100.1.2.2184310983,OctetString,"""AC SPD2 Fault"""
.1.3.6.1.4.1.2011.6.164.1.1.2.100.1.2.2184311186,OctetString,"""AC SPD3 Fault"""
.1.3.6.1.4.1.2011.6.164.1.1.2.100.1.2.2184537702,OctetString,"""Communication Failure"""
.1.3.6.1.4.1.2011.6.164.1.1.2.100.1.2.2184537703,OctetString,"""AC Surge Protector Fault"""
.1.3.6.1.4.1.2011.6.164.1.1.2.100.1.2.2184537704,OctetString,"""Ac Failure"""
.1.3.6.1.4.1.2011.6.164.1.1.2.100.1.2.2184537705,OctetString,"""AC Phase L1 Overvoltage"""
.1.3.6.1.4.1.2011.6.164.1.1.2.100.1.2.2184537712,OctetString,"""AC Phase L2 Overvoltage"""
.1.3.6.1.4.1.2011.6.164.1.1.2.100.1.2.2184537713,OctetString,"""AC Phase L3 Overvoltage"""
.1.3.6.1.4.1.2011.6.164.1.1.2.100.1.2.2184537714,OctetString,"""AC Phase L1 Undervoltage"""
.1.3.6.1.4.1.2011.6.164.1.1.2.100.1.2.2184537715,OctetString,"""AC Phase L2 Undervoltage"""
.1.3.6.1.4.1.2011.6.164.1.1.2.100.1.2.2184537716,OctetString,"""AC Phase L3 Undervoltage"""
.1.3.6.1.4.1.2011.6.164.1.1.2.100.1.2.2184537717,OctetString,"""AC Phase L1 Failure"""
.1.3.6.1.4.1.2011.6.164.1.1.2.100.1.2.2184537718,OctetString,"""AC Phase L2 Failure"""
.1.3.6.1.4.1.2011.6.164.1.1.2.100.1.2.2184537719,OctetString,"""AC Phase L3 Failure"""
.1.3.6.1.4.1.2011.6.164.1.1.2.100.1.2.2184537720,OctetString,"""AC Overvoltage"""
.1.3.6.1.4.1.2011.6.164.1.1.2.100.1.2.2184537721,OctetString,"""AC Undervoltage"""
.1.3.6.1.4.1.2011.6.164.1.1.2.100.1.2.2184537728,OctetString,"""48V DC Overvoltage"""
.1.3.6.1.4.1.2011.6.164.1.1.2.100.1.2.2184537729,OctetString,"""48V DC Undervoltage"""
.1.3.6.1.4.1.2011.6.164.1.1.2.100.1.2.2184537730,OctetString,"""48V Load Fuse Break"""
.1.3.6.1.4.1.2011.6.164.1.1.2.100.1.2.2184537731,OctetString,"""Door Alarm"""
.1.3.6.1.4.1.2011.6.164.1.1.2.100.1.2.2184537732,OctetString,"""Li Batt1 Fault"""
.1.3.6.1.4.1.2011.6.164.1.1.2.100.1.2.2184537733,OctetString,"""Li Batt1 Protection"""
.1.3.6.1.4.1.2011.6.164.1.1.2.100.1.2.2184537734,OctetString,"""Li Batt1 Communication Failure"""
.1.3.6.1.4.1.2011.6.164.1.1.2.100.1.2.2184537735,OctetString,"""Li Batt2 Fault"""
.1.3.6.1.4.1.2011.6.164.1.1.2.100.1.2.2184537736,OctetString,"""Li Batt2 Protection"""
.1.3.6.1.4.1.2011.6.164.1.1.2.100.1.2.2184537737,OctetString,"""Li Batt2 Communication Failure"""
.1.3.6.1.4.1.2011.6.164.1.1.2.100.1.2.2184537744,OctetString,"""Li Batt3 Fault"""
.1.3.6.1.4.1.2011.6.164.1.1.2.100.1.2.2184537745,OctetString,"""Li Batt3 Protection"""
.1.3.6.1.4.1.2011.6.164.1.1.2.100.1.2.2184537746,OctetString,"""Li Batt3 Communication Failure"""
.1.3.6.1.4.1.2011.6.164.1.1.2.100.1.2.2184537747,OctetString,"""Li Batt4 Fault"""
.1.3.6.1.4.1.2011.6.164.1.1.2.100.1.2.2184537748,OctetString,"""Li Batt4 Protection"""
.1.3.6.1.4.1.2011.6.164.1.1.2.100.1.2.2184537749,OctetString,"""Li Batt4 Communication Failure"""
.1.3.6.1.4.1.2011.6.164.1.1.2.100.1.2.2184537750,OctetString,"""Li Batt5 Fault"""
.1.3.6.1.4.1.2011.6.164.1.1.2.100.1.2.2184537751,OctetString,"""Li Batt5 Protection"""
.1.3.6.1.4.1.2011.6.164.1.1.2.100.1.2.2184537752,OctetString,"""Li Batt5 Communication Failure"""
.1.3.6.1.4.1.2011.6.164.1.1.2.100.1.2.2184537753,OctetString,"""Li Batt6 Fault"""
.1.3.6.1.4.1.2011.6.164.1.1.2.100.1.2.2184537856,OctetString,"""Li Batt6 Protection"""
.1.3.6.1.4.1.2011.6.164.1.1.2.100.1.2.2184537857,OctetString,"""Li Batt6 Communication Failure"""
.1.3.6.1.4.1.2011.6.164.1.1.2.100.1.2.2184537858,OctetString,"""Li Batt7 Fault"""
.1.3.6.1.4.1.2011.6.164.1.1.2.100.1.2.2184537859,OctetString,"""Li Batt7 Protection"""
.1.3.6.1.4.1.2011.6.164.1.1.2.100.1.2.2184537860,OctetString,"""Li Batt7 Communication Failure"""
.1.3.6.1.4.1.2011.6.164.1.1.2.100.1.2.2184537861,OctetString,"""Li Batt8 Fault"""
.1.3.6.1.4.1.2011.6.164.1.1.2.100.1.2.2184537862,OctetString,"""Li Batt8 Protection"""
.1.3.6.1.4.1.2011.6.164.1.1.2.100.1.2.2184537863,OctetString,"""Li Batt8 Communication Failure"""
.1.3.6.1.4.1.2011.6.164.1.1.2.100.1.2.2184537864,OctetString,"""Li Batt9 Fault"""
.1.3.6.1.4.1.2011.6.164.1.1.2.100.1.2.2184537865,OctetString,"""Li Batt9 Protection"""
.1.3.6.1.4.1.2011.6.164.1.1.2.100.1.2.2184537872,OctetString,"""Li Batt9 Communication Failure"""
.1.3.6.1.4.1.2011.6.164.1.1.2.100.1.2.2184537873,OctetString,"""Li Batt10 Fault"""
.1.3.6.1.4.1.2011.6.164.1.1.2.100.1.2.2184537874,OctetString,"""Li Batt10 Protection"""
.1.3.6.1.4.1.2011.6.164.1.1.2.100.1.2.2184537875,OctetString,"""Li Batt10 Communication Failure"""
.1.3.6.1.4.1.2011.6.164.1.1.2.100.1.2.2184537876,OctetString,"""Li Batt11 Fault"""
.1.3.6.1.4.1.2011.6.164.1.1.2.100.1.2.2184537877,OctetString,"""Li Batt11 Protection"""
.1.3.6.1.4.1.2011.6.164.1.1.2.100.1.2.2184537878,OctetString,"""Li Batt11 Communication Failure"""
.1.3.6.1.4.1.2011.6.164.1.1.2.100.1.2.2184537879,OctetString,"""Li Batt12 Fault"""
.1.3.6.1.4.1.2011.6.164.1.1.2.100.1.2.2184537880,OctetString,"""Li Batt12 Protection"""
.1.3.6.1.4.1.2011.6.164.1.1.2.100.1.2.2184537881,OctetString,"""Li Batt12 Communication Failure"""
.1.3.6.1.4.1.2011.6.164.1.1.2.100.1.2.2184537888,OctetString,"""Li Batt13 Fault"""
.1.3.6.1.4.1.2011.6.164.1.1.2.100.1.2.2184537889,OctetString,"""Li Batt13 Protection"""
.1.3.6.1.4.1.2011.6.164.1.1.2.100.1.2.2184537890,OctetString,"""Li Batt13 Communication Failure"""
.1.3.6.1.4.1.2011.6.164.1.1.2.100.1.2.2184537891,OctetString,"""Li Batt14 Fault"""
.1.3.6.1.4.1.2011.6.164.1.1.2.100.1.2.2184537892,OctetString,"""Li Batt14 Protection"""
.1.3.6.1.4.1.2011.6.164.1.1.2.100.1.2.2184537893,OctetString,"""Li Batt14 Communication Failure"""
.1.3.6.1.4.1.2011.6.164.1.1.2.100.1.2.2184537894,OctetString,"""Li Batt15 Fault"""
.1.3.6.1.4.1.2011.6.164.1.1.2.100.1.2.2184537895,OctetString,"""Li Batt15 Protection"""
.1.3.6.1.4.1.2011.6.164.1.1.2.100.1.2.2184537896,OctetString,"""Li Batt15 Communication Failure"""
.1.3.6.1.4.1.2011.6.164.1.1.2.100.1.2.2184537897,OctetString,"""Li Batt16 Fault"""
.1.3.6.1.4.1.2011.6.164.1.1.2.100.1.2.2184537904,OctetString,"""Li Batt16 Protection"""
.1.3.6.1.4.1.2011.6.164.1.1.2.100.1.2.2184537905,OctetString,"""Li Batt16 Communication Failure"""
.1.3.6.1.4.1.2011.6.164.1.1.2.100.1.2.2184537906,OctetString,"""Rectifier1 Fault"""
.1.3.6.1.4.1.2011.6.164.1.1.2.100.1.2.2184537907,OctetString,"""Rectifier1 Protection"""
.1.3.6.1.4.1.2011.6.164.1.1.2.100.1.2.2184537908,OctetString,"""Rectifier1 Communication Failure"""
.1.3.6.1.4.1.2011.6.164.1.1.2.100.1.2.2184537909,OctetString,"""Rectifier1 Power Failure"""
.1.3.6.1.4.1.2011.6.164.1.1.2.100.1.2.2184537910,OctetString,"""Rectifier1 Overvoltage"""
.1.3.6.1.4.1.2011.6.164.1.1.2.100.1.2.2184537911,OctetString,"""Rectifier1 Fault"""
.1.3.6.1.4.1.2011.6.164.1.1.2.100.1.2.2184537912,OctetString,"""Rectifier2 Protection"""
.1.3.6.1.4.1.2011.6.164.1.1.2.100.1.2.2184537913,OctetString,"""Rectifier2 Communication Failure"""
.1.3.6.1.4.1.2011.6.164.1.1.2.100.1.2.2184537920,OctetString,"""Rectifier2 Power Failure"""
.1.3.6.1.4.1.2011.6.164.1.1.2.100.1.2.2184537921,OctetString,"""Rectifier2 Overvoltage"""
.1.3.6.1.4.1.2011.6.164.1.1.2.100.1.2.2184537922,OctetString,"""Rectifier1 Fault"""
.1.3.6.1.4.1.2011.6.164.1.1.2.100.1.2.2184537923,OctetString,"""Rectifier3 Protection"""
.1.3.6.1.4.1.2011.6.164.1.1.2.100.1.2.2184537924,OctetString,"""Rectifier3 Communication Failure"""
.1.3.6.1.4.1.2011.6.164.1.1.2.100.1.2.2184537925,OctetString,"""Rectifier3 Power Failure"""
.1.3.6.1.4.1.2011.6.164.1.1.2.100.1.2.2184537926,OctetString,"""Rectifier3 Overvoltage"""
.1.3.6.1.4.1.2011.6.164.1.1.2.100.1.2.2184537927,OctetString,"""Battery High Temperature"""
.1.3.6.1.4.1.2011.6.164.1.1.2.100.1.2.2184537928,OctetString,"""Battery Temperature Sensor 1 Fault"""
.1.3.6.1.4.1.2011.6.164.1.1.2.100.1.2.2184537929,OctetString,"""BLVD Disconnected"""
.1.3.6.1.4.1.2011.6.164.1.1.2.100.1.2.2184537936,OctetString,"""BLVD Warning"""
.1.3.6.1.4.1.2011.6.164.1.1.2.100.1.2.2184537937,OctetString,"""Battery Low Temperature"""
.1.3.6.1.4.1.2011.6.164.1.1.2.100.1.2.2184537938,OctetString,"""Batt Loop Break"""
.1.3.6.1.4.1.2011.6.164.1.1.2.100.1.2.2184537939,OctetString,"""Contactor Abnormal"""
.1.3.6.1.4.1.2011.6.164.1.1.2.100.1.2.2184537940,OctetString,"""48V Input Reversely Connection"""
.1.3.6.1.4.1.2011.6.164.1.1.2.100.1.2.2184537941,OctetString,"""DCDC1 Module Fault"""
.1.3.6.1.4.1.2011.6.164.1.1.2.100.1.2.2184537942,OctetString,"""DCDC1 Module Protection"""
.1.3.6.1.4.1.2011.6.164.1.1.2.100.1.2.2184537943,OctetString,"""DCDC1 Module Communication Failure"""
.1.3.6.1.4.1.2011.6.164.1.1.2.100.1.2.2184537944,OctetString,"""DCDC1 Module Overvoltage"""
.1.3.6.1.4.1.2011.6.164.1.1.2.100.1.2.2184537945,OctetString,"""DCDC2 Module Fault"""
.1.3.6.1.4.1.2011.6.164.1.1.2.100.1.2.2184537952,OctetString,"""DCDC2 Module Protection"""
.1.3.6.1.4.1.2011.6.164.1.1.2.100.1.2.2184537953,OctetString,"""DCDC2 Module Communication Failure"""
.1.3.6.1.4.1.2011.6.164.1.1.2.100.1.2.2184537954,OctetString,"""DCDC2 Module Overvoltage"""
.1.3.6.1.4.1.2011.6.164.1.1.2.100.1.2.2184537955,OctetString,"""DCDC3 Module Fault"""
.1.3.6.1.4.1.2011.6.164.1.1.2.100.1.2.2184537956,OctetString,"""DCDC3 Module Protection"""
.1.3.6.1.4.1.2011.6.164.1.1.2.100.1.2.2184537957,OctetString,"""DCDC3 Module Communication Failure"""
.1.3.6.1.4.1.2011.6.164.1.1.2.100.1.2.2184537958,OctetString,"""DCDC3 Module Overvoltage"""
.1.3.6.1.4.1.2011.6.164.1.1.2.100.1.2.2184537960,OctetString,"""Power Unit1 LLVD Disconnected"""
.1.3.6.1.4.1.2011.6.164.1.1.2.100.1.2.2184537961,OctetString,"""Power Unit1 57V Load Fuse Broken"""
.1.3.6.1.4.1.2011.6.164.1.1.2.100.1.2.2184537968,OctetString,"""Power Unit1 Power Module Missing"""
.1.3.6.1.4.1.2011.6.164.1.1.2.100.1.2.2184537970,OctetString,"""Power Unit2 LLVD Disconnected"""
.1.3.6.1.4.1.2011.6.164.1.1.2.100.1.2.2184537971,OctetString,"""Power Unit2 57V Load Fuse Broken"""
.1.3.6.1.4.1.2011.6.164.1.1.2.100.1.2.2184537972,OctetString,"""Power Unit2 Power Module Missing"""
.1.3.6.1.4.1.2011.6.164.1.1.2.100.1.2.2184537974,OctetString,"""Power Unit3 LLVD Disconnected"""
.1.3.6.1.4.1.2011.6.164.1.1.2.100.1.2.2184537975,OctetString,"""Power Unit3 57V Load Fuse Broken"""
.1.3.6.1.4.1.2011.6.164.1.1.2.100.1.2.2184537976,OctetString,"""Power Unit3 Power Module Missing"""
.1.3.6.1.4.1.2011.6.164.1.1.2.100.1.2.2184537977,OctetString,"""48V Input Disconnect"""
.1.3.6.1.4.1.2011.6.164.1.1.2.100.1.2.2184537984,OctetString,"""Power Unit1 57V DC Over Voltage"""
.1.3.6.1.4.1.2011.6.164.1.1.2.100.1.2.2184537985,OctetString,"""Power Unit1 57V DC Under Voltage"""
.1.3.6.1.4.1.2011.6.164.1.1.2.100.1.2.2184537986,OctetString,"""Power Unit2 57V DC Over Voltage"""
.1.3.6.1.4.1.2011.6.164.1.1.2.100.1.2.2184537987,OctetString,"""Power Unit2 57V DC Under Voltage"""
.1.3.6.1.4.1.2011.6.164.1.1.2.100.1.2.2184537988,OctetString,"""Power Unit3 57V DC Over Voltage"""
.1.3.6.1.4.1.2011.6.164.1.1.2.100.1.2.2184537989,OctetString,"""Power Unit3 57V DC Under Voltage"""
.1.3.6.1.4.1.2011.6.164.1.1.2.100.1.2.2184728039,OctetString,"""Communication Failure"""
.1.3.6.1.4.1.2011.6.164.1.1.2.100.1.2.2184728067,OctetString,"""Oil Pressure Sensor Failure"""
.1.3.6.1.4.1.2011.6.164.1.1.2.100.1.2.2184728068,OctetString,"""Oil/Water Temperature Sensor Failure"""
.1.3.6.1.4.1.2011.6.164.1.1.2.100.1.2.2184728074,OctetString,"""Speed Sensor Failure"""
.1.3.6.1.4.1.2011.6.164.1.1.2.100.1.2.2184728077,OctetString,"""MCB Failure"""
.1.3.6.1.4.1.2011.6.164.1.1.2.100.1.2.2184728085,OctetString,"""Fuel Level Sensor Failure"""
.1.3.6.1.4.1.2011.6.164.1.1.2.100.1.2.2184728088,OctetString,"""Air Pressure Sensor Not Detected"""
.1.3.6.1.4.1.2011.6.164.1.1.2.100.1.2.2184728089,OctetString,"""Air Pressure Sensor Fault"""
.1.3.6.1.4.1.2011.6.164.1.1.2.100.1.2.2184728091,OctetString,"""Oil Level Sensor Failure"""
.1.3.6.1.4.1.2011.6.164.1.1.2.100.1.2.2184728092,OctetString,"""Fuel-water Separator Alarm"""
.1.3.6.1.4.1.2011.6.164.1.1.2.100.1.2.2184728093,OctetString,"""Fuel Solenoid Valve Fault"""
.1.3.6.1.4.1.2011.6.164.1.1.2.100.1.2.2184769656,OctetString,"""DG Controller Fault"""
.1.3.6.1.4.1.2011.6.164.1.1.2.100.1.2.2185490496,OctetString,"""DC Input Overvoltage"""
.1.3.6.1.4.1.2011.6.164.1.1.2.100.1.2.2185490497,OctetString,"""DC Input Undervoltage """
.1.3.6.1.4.1.2011.6.164.1.1.2.100.1.2.2185490498,OctetString,"""HVDC Failure"""
.1.3.6.1.4.1.2011.6.164.1.1.2.100.1.2.2185556006,OctetString,"""Communication fail"""
.1.3.6.1.4.1.2011.6.164.1.1.2.100.1.2.2185556007,OctetString,"""Genset Low Frequence"""
.1.3.6.1.4.1.2011.6.164.1.1.2.100.1.2.2185556008,OctetString,"""Genset High Frequence"""
.1.3.6.1.4.1.2011.6.164.1.1.2.100.1.2.2185556009,OctetString,"""Genset Low Prm"""
.1.3.6.1.4.1.2011.6.164.1.1.2.100.1.2.2185556010,OctetString,"""Genset High Prm"""
.1.3.6.1.4.1.2011.6.164.1.1.2.100.1.2.2185556011,OctetString,"""Genset Low Voltage"""
.1.3.6.1.4.1.2011.6.164.1.1.2.100.1.2.2185556012,OctetString,"""Genset High Voltage"""
.1.3.6.1.4.1.2011.6.164.1.1.2.100.1.2.2185556013,OctetString,"""Low Oil Pressure"""
.1.3.6.1.4.1.2011.6.164.1.1.2.100.1.2.2185556014,OctetString,"""High Oil Pressure"""
.1.3.6.1.4.1.2011.6.164.1.1.2.100.1.2.2185556015,OctetString,"""Low Engine Temperature"""
.1.3.6.1.4.1.2011.6.164.1.1.2.100.1.2.2185556016,OctetString,"""High Engine Temperature"""
.1.3.6.1.4.1.2011.6.164.1.1.2.100.1.2.2185556017,OctetString,"""Low Oil Temperature"""
.1.3.6.1.4.1.2011.6.164.1.1.2.100.1.2.2185556018,OctetString,"""High Oil Temperature"""
.1.3.6.1.4.1.2011.6.164.1.1.2.100.1.2.2185556019,OctetString,"""Low Canopy Temperature"""
.1.3.6.1.4.1.2011.6.164.1.1.2.100.1.2.2185556020,OctetString,"""High Canopy Temperature"""
.1.3.6.1.4.1.2011.6.164.1.1.2.100.1.2.2185556021,OctetString,"""Low Ambient Temperature"""
.1.3.6.1.4.1.2011.6.164.1.1.2.100.1.2.2185556022,OctetString,"""High Ambient Temperature"""
.1.3.6.1.4.1.2011.6.164.1.1.2.100.1.2.2185556023,OctetString,"""Batt Low Voltage"""
.1.3.6.1.4.1.2011.6.164.1.1.2.100.1.2.2185556024,OctetString,"""Batt High Voltage"""
.1.3.6.1.4.1.2011.6.164.1.1.2.100.1.2.2185556025,OctetString,"""High Air Inlet Temperature"""
.1.3.6.1.4.1.2011.6.164.1.1.2.100.1.2.2185556026,OctetString,"""Voltage Unbalance"""
.1.3.6.1.4.1.2011.6.164.1.1.2.100.1.2.2185556027,OctetString,"""Current Unbalance"""
.1.3.6.1.4.1.2011.6.164.1.1.2.100.1.2.2185556028,OctetString,"""Over Current"""
.1.3.6.1.4.1.2011.6.164.1.1.2.100.1.2.2185556029,OctetString,"""Excess Load"""
.1.3.6.1.4.1.2011.6.164.1.1.2.100.1.2.2185556030,OctetString,"""Inverting Power Supply"""
.1.3.6.1.4.1.2011.6.164.1.1.2.100.1.2.2185556103,OctetString,"""Low Fuel Level"""
.1.3.6.1.4.1.2011.6.164.1.1.2.100.1.2.2185556104,OctetString,"""High Fuel Level"""
.1.3.6.1.4.1.2011.6.164.1.1.2.100.1.2.2185897913,OctetString,"""Load Fuse Broken"""
.1.3.6.1.4.1.2011.6.164.1.1.2.100.1.2.2185903028,OctetString,"""LLVD1 Contactor Fault"""
.1.3.6.1.4.1.2011.6.164.1.1.2.100.1.2.2185903029,OctetString,"""LLVD2 Contactor Fault"""
.1.3.6.1.4.1.2011.6.164.1.1.2.100.1.2.2185949204,OctetString,"""LLVD1 Disconnected"""
.1.3.6.1.4.1.2011.6.164.1.1.2.100.1.2.2185949205,OctetString,"""LLVD2 Disconnected"""
.1.3.6.1.4.1.2011.6.164.1.1.2.100.1.2.2185949311,OctetString,"""Total Load Over Current"""
.1.3.6.1.4.1.2011.6.164.1.1.2.100.1.2.2185949341,OctetString,"""Communication Failure"""
.1.3.6.1.4.1.2011.6.164.1.1.2.100.1.2.2185949342,OctetString,"""Load Fuse 1 Broken"""
.1.3.6.1.4.1.2011.6.164.1.1.2.100.1.2.2185949343,OctetString,"""Load Fuse 2 Broken"""
.1.3.6.1.4.1.2011.6.164.1.1.2.100.1.2.2185949348,OctetString,"""Board Fault"""
.1.3.6.1.4.1.2011.6.164.1.1.2.100.1.2.2186625026,OctetString,"""Not\u00a0Enough\u00a0Rectifier\u00a0Redundancy"""
.1.3.6.1.4.1.2011.6.164.1.1.2.100.1.2.2186675778,OctetString,"""Communication Failure"""
.1.3.6.1.4.1.2011.6.164.1.1.2.100.1.2.2186675779,OctetString,"""Rectifier Protection"""
.1.3.6.1.4.1.2011.6.164.1.1.2.100.1.2.2186675780,OctetString,"""Rectifier Fault"""
.1.3.6.1.4.1.2011.6.164.1.1.2.100.1.2.2186675783,OctetString,"""Rectifier Power Failure"""
.1.3.6.1.4.1.2011.6.164.1.1.2.100.1.2.2187011257,OctetString,"""Communication Failure"""
.1.3.6.1.4.1.2011.6.164.1.1.2.100.1.2.2187981083,OctetString,"""Communication Failure"""
.1.3.6.1.4.1.2011.6.164.1.1.2.100.1.2.2187981084,OctetString,"""EX_DIN1 Alarm"""
.1.3.6.1.4.1.2011.6.164.1.1.2.100.1.2.2187981085,OctetString,"""EX_DIN2 Alarm"""
.1.3.6.1.4.1.2011.6.164.1.1.2.100.1.2.2187981086,OctetString,"""EX_DIN3 Alarm"""
.1.3.6.1.4.1.2011.6.164.1.1.2.100.1.2.2187981087,OctetString,"""EX_DIN4 Alarm"""
.1.3.6.1.4.1.2011.6.164.1.1.2.100.1.2.2187981088,OctetString,"""EX_DIN5 Alarm"""
.1.3.6.1.4.1.2011.6.164.1.1.2.100.1.2.2187981089,OctetString,"""EX_DIN6 Alarm"""
.1.3.6.1.4.1.2011.6.164.1.1.2.100.1.2.2187981090,OctetString,"""EX_DIN7 Alarm"""
.1.3.6.1.4.1.2011.6.164.1.1.2.100.1.2.2187981313,OctetString,"""Hardware Address Conflict"""
.1.3.6.1.4.1.2011.6.164.1.1.2.100.1.2.2188046672,OctetString,"""Communication Failure"""
.1.3.6.1.4.1.2011.6.164.1.1.2.100.1.2.2188046673,OctetString,"""DU2 Communication Failure"""
.1.3.6.1.4.1.2011.6.164.1.1.2.100.1.2.2188046674,OctetString,"""DU3 Communication Failure"""
.1.3.6.1.4.1.2011.6.164.1.1.2.100.1.2.2188046675,OctetString,"""EX_DIN1 Alarm"""
.1.3.6.1.4.1.2011.6.164.1.1.2.100.1.2.2188046676,OctetString,"""EX_DIN2 Alarm"""
.1.3.6.1.4.1.2011.6.164.1.1.2.100.1.2.2188046677,OctetString,"""EX_DIN3 Alarm"""
.1.3.6.1.4.1.2011.6.164.1.1.2.100.1.2.2188046678,OctetString,"""EX_DIN4 Alarm"""
.1.3.6.1.4.1.2011.6.164.1.1.2.100.1.2.2188046679,OctetString,"""EX_DIN5 Alarm"""
.1.3.6.1.4.1.2011.6.164.1.1.2.100.1.2.2188046680,OctetString,"""EX_DIN6 Alarm"""
.1.3.6.1.4.1.2011.6.164.1.1.2.100.1.2.2188046681,OctetString,"""EX_DIN7 Alarm"""
.1.3.6.1.4.1.2011.6.164.1.1.2.100.1.2.2188046850,OctetString,"""Hardware Address Conflict"""
.1.3.6.1.4.1.2011.6.164.1.1.2.100.1.2.2188243311,OctetString,"""Lithium Battery Missing"""
.1.3.6.1.4.1.2011.6.164.1.1.2.100.1.2.2188243312,OctetString,"""Communication Failure"""
.1.3.6.1.4.1.2011.6.164.1.1.2.100.1.2.2188243313,OctetString,"""Battery Fuse Broken"""
.1.3.6.1.4.1.2011.6.164.1.1.2.100.1.2.2196828801,OctetString,"""Output Phase Failure"""
.1.3.6.1.4.1.2011.6.164.1.1.2.100.1.2.2196828802,OctetString,"""Phase Sync Failure"""
.1.3.6.1.4.1.2011.6.164.1.1.2.100.1.2.2196828803,OctetString,"""Internal CAN Fault"""
.1.3.6.1.4.1.2011.6.164.1.1.2.100.1.2.2196828804,OctetString,"""Inter-shelf CAN Fault"""
.1.3.6.1.4.1.2011.6.164.1.1.2.100.1.2.2196828805,OctetString,"""Inverter Lost"""
.1.3.6.1.4.1.2011.6.164.1.1.2.100.1.2.2196894329,OctetString,"""Communication Failure"""
.1.3.6.1.4.1.2011.6.164.1.1.2.100.1.2.2196894330,OctetString,"""SPD Trip"""
.1.3.6.1.4.1.2011.6.164.1.1.2.100.1.2.2196894331,OctetString,"""Address Conflict"""
.1.3.6.1.4.1.2011.6.164.1.1.2.100.1.2.2196894332,OctetString,"""Freq Sync Failure"""
.1.3.6.1.4.1.2011.6.164.1.1.2.100.1.2.2196894333,OctetString,"""Carrier Sync Failure"""
.1.3.6.1.4.1.2011.6.164.1.1.2.100.1.2.2196894334,OctetString,"""Bypass Signal Failure"""
.1.3.6.1.4.1.2011.6.164.1.1.2.100.1.2.2196894335,OctetString,"""Turn off Abnormally"""
.1.3.6.1.4.1.2011.6.164.1.1.2.100.1.2.2196894336,OctetString,"""E2PROM Fault"""
.1.3.6.1.4.1.2011.6.164.1.1.2.100.1.2.2196959862,OctetString,"""Inverter Fault"""
.1.3.6.1.4.1.2011.6.164.1.1.2.100.1.2.2196959863,OctetString,"""Inverter Protection"""
.1.3.6.1.4.1.2011.6.164.1.1.2.100.1.2.2196959864,OctetString,"""Communication Failure"""
.1.3.6.1.4.1.2011.6.164.1.1.2.100.1.2.2415872118,OctetString,"""Communication Failure"""
.1.3.6.1.4.1.2011.6.164.1.1.2.100.1.2.2415872119,OctetString,"""DC Overvoltage"""
.1.3.6.1.4.1.2011.6.164.1.1.2.100.1.2.2415872120,OctetString,"""DC Undervoltage"""
.1.3.6.1.4.1.2011.6.164.1.1.2.100.1.2.2415872121,OctetString,"""Total Load Over Current"""
.1.3.6.1.4.1.2011.6.164.1.1.2.100.1.2.2415872122,OctetString,"""Load Fuse1 Break"""
.1.3.6.1.4.1.2011.6.164.1.1.2.100.1.2.2415872123,OctetString,"""Load Fuse2 Break"""
.1.3.6.1.4.1.2011.6.164.1.1.2.100.1.2.2415872124,OctetString,"""Load Fuse3 Break"""
.1.3.6.1.4.1.2011.6.164.1.1.2.100.1.2.2415872125,OctetString,"""Load Fuse4 Break"""
.1.3.6.1.4.1.2011.6.164.1.1.2.100.1.2.2415872126,OctetString,"""Load Fuse5 Break"""
.1.3.6.1.4.1.2011.6.164.1.1.2.100.1.2.2415872127,OctetString,"""Load Fuse6 Break"""
.1.3.6.1.4.1.2011.6.164.1.1.2.100.1.2.2415872128,OctetString,"""Load Fuse7 Break"""
.1.3.6.1.4.1.2011.6.164.1.1.2.100.1.2.2415872129,OctetString,"""Load Fuse8 Break"""
.1.3.6.1.4.1.2011.6.164.1.1.2.100.1.2.2415872130,OctetString,"""Load Fuse9 Break"""
.1.3.6.1.4.1.2011.6.164.1.1.2.100.1.2.2415872131,OctetString,"""Load Fuse10 Break"""
.1.3.6.1.4.1.2011.6.164.1.1.2.100.1.2.2415872132,OctetString,"""Load Fuse11 Break"""
.1.3.6.1.4.1.2011.6.164.1.1.2.100.1.2.2415872133,OctetString,"""Load Fuse12 Break"""
.1.3.6.1.4.1.2011.6.164.1.1.2.100.1.2.2415872134,OctetString,"""Load Fuse13 Break"""
.1.3.6.1.4.1.2011.6.164.1.1.2.100.1.2.2415872135,OctetString,"""Load Fuse14 Break"""
.1.3.6.1.4.1.2011.6.164.1.1.2.100.1.2.2415872136,OctetString,"""Load Fuse15 Break"""
.1.3.6.1.4.1.2011.6.164.1.1.2.100.1.2.2415872137,OctetString,"""Load Fuse16 Break"""
.1.3.6.1.4.1.2011.6.164.1.1.2.100.1.2.2415872138,OctetString,"""Load Fuse17 Break"""
.1.3.6.1.4.1.2011.6.164.1.1.2.100.1.2.2415872139,OctetString,"""Load Fuse18 Break"""
.1.3.6.1.4.1.2011.6.164.1.1.2.100.1.2.2415872140,OctetString,"""Load Fuse19 Break"""
.1.3.6.1.4.1.2011.6.164.1.1.2.100.1.2.2415872141,OctetString,"""Load Fuse20 Break"""
.1.3.6.1.4.1.2011.6.164.1.1.2.100.1.2.2415872142,OctetString,"""Load Fuse21 Break"""
.1.3.6.1.4.1.2011.6.164.1.1.2.100.1.2.2415872143,OctetString,"""Load Fuse22 Break"""
.1.3.6.1.4.1.2011.6.164.1.1.2.100.1.2.2415872144,OctetString,"""Load Fuse23 Break"""
.1.3.6.1.4.1.2011.6.164.1.1.2.100.1.2.2415872145,OctetString,"""Load Fuse24 Break"""
.1.3.6.1.4.1.2011.6.164.1.1.2.100.1.2.2415872146,OctetString,"""Load Fuse25 Break"""
.1.3.6.1.4.1.2011.6.164.1.1.2.100.1.2.2415872147,OctetString,"""Load Fuse26 Break"""
.1.3.6.1.4.1.2011.6.164.1.1.2.100.1.2.2415872148,OctetString,"""Load Fuse27 Break"""
.1.3.6.1.4.1.2011.6.164.1.1.2.100.1.2.2415872149,OctetString,"""Load Fuse28 Break"""
.1.3.6.1.4.1.2011.6.164.1.1.2.100.1.2.2415872150,OctetString,"""Load Fuse29 Break"""
.1.3.6.1.4.1.2011.6.164.1.1.2.100.1.2.2415872151,OctetString,"""Load Fuse30 Break"""
.1.3.6.1.4.1.2011.6.164.1.1.2.100.1.2.2415872152,OctetString,"""Load Fuse31 Break"""
.1.3.6.1.4.1.2011.6.164.1.1.2.100.1.2.2415872153,OctetString,"""Load Fuse32 Break"""
.1.3.6.1.4.1.2011.6.164.1.1.2.100.1.2.2415872154,OctetString,"""Load Fuse33 Break"""
.1.3.6.1.4.1.2011.6.164.1.1.2.100.1.2.2415872155,OctetString,"""Load Fuse34 Break"""
.1.3.6.1.4.1.2011.6.164.1.1.2.100.1.2.2415872156,OctetString,"""Load Fuse35 Break"""
.1.3.6.1.4.1.2011.6.164.1.1.2.100.1.2.2415872157,OctetString,"""Load Fuse36 Break"""
.1.3.6.1.4.1.2011.6.164.1.1.2.100.1.2.2415872158,OctetString,"""Load Fuse37 Break"""
.1.3.6.1.4.1.2011.6.164.1.1.2.100.1.2.2415872159,OctetString,"""Load Fuse38 Break"""
.1.3.6.1.4.1.2011.6.164.1.1.2.100.1.2.2415872160,OctetString,"""Load Fuse39 Break"""
.1.3.6.1.4.1.2011.6.164.1.1.2.100.1.2.2415872161,OctetString,"""Load Fuse40 Break"""
.1.3.6.1.4.1.2011.6.164.1.1.2.100.1.2.2415872162,OctetString,"""Load Fuse41 Break"""
.1.3.6.1.4.1.2011.6.164.1.1.2.100.1.2.2415872163,OctetString,"""Load Fuse42 Break"""
.1.3.6.1.4.1.2011.6.164.1.1.2.100.1.2.2415872164,OctetString,"""DC SPD Fault"""
.1.3.6.1.4.1.2011.6.164.1.1.2.100.1.2.2416129088,OctetString,"""Communication Failure"""
.1.3.6.1.4.1.2011.6.164.1.1.2.100.1.2.2416177498,OctetString,"""Battery1 Temperature High"""
.1.3.6.1.4.1.2011.6.164.1.1.2.100.1.2.2416177499,OctetString,"""Battery2 Temperature High"""
.1.3.6.1.4.1.2011.6.164.1.1.2.100.1.2.2416177500,OctetString,"""Battery1 Temperature Low"""
.1.3.6.1.4.1.2011.6.164.1.1.2.100.1.2.2416177501,OctetString,"""Battery2 Temperature Low"""
.1.3.6.1.4.1.2011.6.164.1.1.2.100.1.2.2416177502,OctetString,"""Battery Temperature Sensor1 Missing"""
.1.3.6.1.4.1.2011.6.164.1.1.2.100.1.2.2416177503,OctetString,"""Battery Temperature Sensor1 Fault"""
.1.3.6.1.4.1.2011.6.164.1.1.2.100.1.2.2416177504,OctetString,"""Battery Temperature Sensor2 Missing"""
.1.3.6.1.4.1.2011.6.164.1.1.2.100.1.2.2416177505,OctetString,"""Battery Temperature Sensor2 Fault"""
.1.3.6.1.4.1.2011.6.164.1.1.2.100.1.2.2416177506,OctetString,"""Rectifier Missing"""
.1.3.6.1.4.1.2011.6.164.1.1.2.100.1.2.2416177515,OctetString,"""Not Configure Rectifier Address"""
.1.3.6.1.4.1.2011.6.164.1.1.2.100.1.2.2416177618,OctetString,"""Battery Fuse1 Broken"""
.1.3.6.1.4.1.2011.6.164.1.1.2.100.1.2.2416177619,OctetString,"""Battery Fuse2 Broken"""
.1.3.6.1.4.1.2011.6.164.1.1.2.100.1.2.2416177620,OctetString,"""Battery Fuse3 Broken"""
.1.3.6.1.4.1.2011.6.164.1.1.2.100.1.2.2416177621,OctetString,"""Battery Fuse4 Broken"""
.1.3.6.1.4.1.2011.6.164.1.1.2.100.1.2.2416177622,OctetString,"""Battery Fuse5 Broken"""
.1.3.6.1.4.1.2011.6.164.1.1.2.100.1.2.2416177623,OctetString,"""Battery Fuse6 Broken"""
.1.3.6.1.4.1.2011.6.164.1.1.2.100.1.2.2416177624,OctetString,"""Battery Fuse7 Broken"""
.1.3.6.1.4.1.2011.6.164.1.1.2.100.1.2.2416177625,OctetString,"""Battery Fuse8 Broken"""
.1.3.6.1.4.1.2011.6.164.1.1.2.100.1.2.2416177626,OctetString,"""Battery Fuse9 Broken"""
.1.3.6.1.4.1.2011.6.164.1.1.2.100.1.2.2416177627,OctetString,"""Battery Fuse10 Broken"""
.1.3.6.1.4.1.2011.6.164.1.1.2.100.1.2.2416194537,OctetString,"""Communication Failure"""
.1.3.6.1.4.1.2011.6.164.1.1.2.100.1.2.2416243052,OctetString,"""Not Configure Rectifier Address"""
.1.3.6.1.4.1.2011.6.164.1.1.2.100.1.2.2416243053,OctetString,"""Rectifier Missing"""
.1.3.6.1.4.1.2011.6.164.1.1.2.100.1.2.2416255534,OctetString,"""All 24V Module Fail to Communicate """
.1.3.6.1.4.1.2011.6.164.1.1.2.100.1.2.2416255536,OctetString,"""Module Missing"""
.1.3.6.1.4.1.2011.6.164.1.1.2.100.1.2.2416321020,OctetString,"""Module Fault"""
.1.3.6.1.4.1.2011.6.164.1.1.2.100.1.2.2416321021,OctetString,"""Module Communication Failure"""
.1.3.6.1.4.1.2011.6.164.1.1.2.100.1.2.2416321022,OctetString,"""Module Protection"""
.1.3.6.1.4.1.2011.6.164.1.1.2.100.1.2.2416392106,OctetString,"""Communication Failure"""
.1.3.6.1.4.1.2011.6.164.1.1.2.100.1.2.2416454119,OctetString,"""Battery Cell Imbalance"""
.1.3.6.1.4.1.2011.6.164.1.1.2.100.1.2.2416454120,OctetString,"""Battery Cell High Temperature"""
.1.3.6.1.4.1.2011.6.164.1.1.2.100.1.2.2416454121,OctetString,"""Battery Cell Deterioration"""
.1.3.6.1.4.1.2011.6.164.1.1.2.100.1.2.2416454141,OctetString,"""Battery Terminals Loose"""
.1.3.6.1.4.1.2011.6.164.1.1.2.100.1.2.2416457742,OctetString,"""Communication Failure"""
.1.3.6.1.4.1.2011.6.164.1.1.2.100.1.2.2416463153,OctetString,"""Battery Cell Under Voltage"""
.1.3.6.1.4.1.2011.6.164.1.1.2.100.1.2.2416463154,OctetString,"""Battery Resistance Abnormal"""
.1.3.6.1.4.1.2011.6.164.1.1.2.100.1.2.2416463155,OctetString,"""Battery Terminal May Loose"""
.1.3.6.1.4.1.2011.6.164.1.1.2.100.1.2.2416504836,OctetString,"""Battery Cell Abnormal"""
.1.3.6.1.4.1.2011.6.164.1.1.2.100.1.2.2416523978,OctetString,"""Communication Fail"""
.1.3.6.1.4.1.2011.6.164.1.1.2.100.1.2.2416523980,OctetString,"""COM1 Low Voltage"""
.1.3.6.1.4.1.2011.6.164.1.1.2.100.1.2.2416523981,OctetString,"""COM2 Low Voltage"""
.1.3.6.1.4.1.2011.6.164.1.1.2.100.1.2.2416523982,OctetString,"""COM1 Short Circuit"""
.1.3.6.1.4.1.2011.6.164.1.1.2.100.1.2.2416523983,OctetString,"""COM2 Short Circuit"""
.1.3.6.1.4.1.2011.6.164.1.1.2.100.1.2.2416523984,OctetString,"""Incorrect Installation Slot"""
.1.3.6.1.4.1.2011.6.164.1.1.2.100.1.2.2416570403,OctetString,"""COM Port Voltage Abnormal"""
.1.3.6.1.4.1.2011.6.164.1.1.2.100.1.2.2416586864,OctetString,"""Communication Failure"""
.1.3.6.1.4.1.2011.6.164.1.1.2.100.1.2.2416586865,OctetString,"""Hardware Fault"""
.1.3.6.1.4.1.2011.6.164.1.1.2.100.1.2.2416586875,OctetString,"""AC Failure"""
.1.3.6.1.4.1.2011.6.164.1.1.2.100.1.2.2416586876,OctetString,"""AC Phase Overvoltage"""
.1.3.6.1.4.1.2011.6.164.1.1.2.100.1.2.2416586877,OctetString,"""AC Phase Undervoltage"""
.1.3.6.1.4.1.2011.6.164.1.1.2.100.1.2.2416586878,OctetString,"""AC Phase Failure"""
.1.3.6.1.4.1.2011.6.164.1.1.2.100.1.2.2416722787,OctetString,"""Load Fuse1 Broken"""
.1.3.6.1.4.1.2011.6.164.1.1.2.100.1.2.2416722788,OctetString,"""Load Fuse2 Broken"""
.1.3.6.1.4.1.2011.6.164.1.1.2.100.1.2.2416722789,OctetString,"""Load Fuse3 Broken"""
.1.3.6.1.4.1.2011.6.164.1.1.2.100.1.2.2416722790,OctetString,"""Load Fuse4 Broken"""
.1.3.6.1.4.1.2011.6.164.1.1.2.100.1.2.2416722791,OctetString,"""Load Fuse5 Broken"""
.1.3.6.1.4.1.2011.6.164.1.1.2.100.1.2.2416722792,OctetString,"""Load Fuse6 Broken"""
.1.3.6.1.4.1.2011.6.164.1.1.2.100.1.2.2416722793,OctetString,"""Load Fuse7 Broken"""
.1.3.6.1.4.1.2011.6.164.1.1.2.100.1.2.2416722794,OctetString,"""Load Fuse8 Broken"""
.1.3.6.1.4.1.2011.6.164.1.1.2.100.1.2.2416722795,OctetString,"""Load Fuse9 Broken"""
.1.3.6.1.4.1.2011.6.164.1.1.2.100.1.2.2416722796,OctetString,"""Load Fuse10 Broken"""
.1.3.6.1.4.1.2011.6.164.1.1.2.100.1.2.2416722797,OctetString,"""Load Fuse11 Broken"""
.1.3.6.1.4.1.2011.6.164.1.1.2.100.1.2.2416722798,OctetString,"""Load Fuse12 Broken"""
.1.3.6.1.4.1.2011.6.164.1.1.2.100.1.2.2416722799,OctetString,"""Load Fuse13 Broken"""
.1.3.6.1.4.1.2011.6.164.1.1.2.100.1.2.2416722800,OctetString,"""Load Fuse14 Broken"""
.1.3.6.1.4.1.2011.6.164.1.1.2.100.1.2.2416722801,OctetString,"""Load Fuse15 Broken"""
.1.3.6.1.4.1.2011.6.164.1.1.2.100.1.2.2416722802,OctetString,"""Load Fuse16 Broken"""
.1.3.6.1.4.1.2011.6.164.1.1.2.100.1.2.2416722803,OctetString,"""Load Fuse17 Broken"""
.1.3.6.1.4.1.2011.6.164.1.1.2.100.1.2.2416722804,OctetString,"""Load Fuse18 Broken"""
.1.3.6.1.4.1.2011.6.164.1.1.2.100.1.2.2416722805,OctetString,"""Load Fuse19 Broken"""
.1.3.6.1.4.1.2011.6.164.1.1.2.100.1.2.2416722806,OctetString,"""Load Fuse20 Broken"""
.1.3.6.1.4.1.2011.6.164.1.1.2.100.1.2.2416722807,OctetString,"""Load Fuse21 Broken"""
.1.3.6.1.4.1.2011.6.164.1.1.2.100.1.2.2416722808,OctetString,"""Load Fuse22 Broken"""
.1.3.6.1.4.1.2011.6.164.1.1.2.100.1.2.2416722810,OctetString,"""High Ambient Temperature"""
.1.3.6.1.4.1.2011.6.164.1.1.2.100.1.2.2416722811,OctetString,"""Low Ambient Temperature"""
.1.3.6.1.4.1.2011.6.164.1.1.2.100.1.2.2416722812,OctetString,"""High Ambient Humidity"""
.1.3.6.1.4.1.2011.6.164.1.1.2.100.1.2.2416722813,OctetString,"""Low Ambient Humidity"""
.1.3.6.1.4.1.2011.6.164.1.1.2.100.1.2.2416722814,OctetString,"""Ambient Temperature Sensor Missing"""
.1.3.6.1.4.1.2011.6.164.1.1.2.100.1.2.2416722815,OctetString,"""Ambient Temperature Sensor Fault"""
.1.3.6.1.4.1.2011.6.164.1.1.2.100.1.2.2416722816,OctetString,"""Ambient Humidity Sensor Missing"""
.1.3.6.1.4.1.2011.6.164.1.1.2.100.1.2.2416722817,OctetString,"""Ambient Humidity Sensor Fault"""
.1.3.6.1.4.1.2011.6.164.1.1.2.100.1.2.2416722818,OctetString,"""Indoor Return Vent Temperature Sensor Missing"""
.1.3.6.1.4.1.2011.6.164.1.1.2.100.1.2.2416722819,OctetString,"""Outdoor Temperature Sensor Missing"""
.1.3.6.1.4.1.2011.6.164.1.1.2.100.1.2.2416722820,OctetString,"""Indoor Return Vent Temperature Sensor Fault"""
.1.3.6.1.4.1.2011.6.164.1.1.2.100.1.2.2416722821,OctetString,"""Outdoor Temperature Sensor Fault"""
.1.3.6.1.4.1.2011.6.164.1.1.2.100.1.2.2416722822,OctetString,"""Indoor Vent High Temperature"""
.1.3.6.1.4.1.2011.6.164.1.1.2.100.1.2.2416722823,OctetString,"""A/C Internal Fan Fault"""
.1.3.6.1.4.1.2011.6.164.1.1.2.100.1.2.2416722824,OctetString,"""A/C External Fan Fault"""
.1.3.6.1.4.1.2011.6.164.1.1.2.100.1.2.2416722825,OctetString,"""A/C Compressor Fault"""
.1.3.6.1.4.1.2011.6.164.1.1.2.100.1.2.2416722826,OctetString,"""A/C Cabinet Return Air Temperature Sensor Fault"""
.1.3.6.1.4.1.2011.6.164.1.1.2.100.1.2.2416722827,OctetString,"""A/C Evaporator Frozen"""
.1.3.6.1.4.1.2011.6.164.1.1.2.100.1.2.2416722828,OctetString,"""A/C Frequent High Pressure"""
.1.3.6.1.4.1.2011.6.164.1.1.2.100.1.2.2416722829,OctetString,"""A/C Communication Failure"""
.1.3.6.1.4.1.2011.6.164.1.1.2.100.1.2.2416722830,OctetString,"""Fan 1 Fault"""
.1.3.6.1.4.1.2011.6.164.1.1.2.100.1.2.2416722831,OctetString,"""Fan 2 Fault"""
.1.3.6.1.4.1.2011.6.164.1.1.2.100.1.2.2416722832,OctetString,"""Fan 3 Fault"""
.1.3.6.1.4.1.2011.6.164.1.1.2.100.1.2.2416722833,OctetString,"""Fan 4 Fault"""
.1.3.6.1.4.1.2011.6.164.1.1.2.100.1.2.2416722834,OctetString,"""Door Open Alarm"""
.1.3.6.1.4.1.2011.6.164.1.1.2.100.1.2.2416722835,OctetString,"""Water Alarm"""
.1.3.6.1.4.1.2011.6.164.1.1.2.100.1.2.2416722836,OctetString,"""Smoke Alarm"""
.1.3.6.1.4.1.2011.6.164.1.1.2.100.1.2.2416722837,OctetString,"""Heater Hardware Fault"""
.1.3.6.1.4.1.2011.6.164.1.1.2.100.1.2.2416722838,OctetString,"""Communication Failure"""
.1.3.6.1.4.1.2011.6.164.1.1.2.100.1.2.2416722839,OctetString,"""LLVD Disconnected"""
.1.3.6.1.4.1.2011.6.164.1.1.2.100.1.2.2416722840,OctetString,"""BLVD Disconnected"""
.1.3.6.1.4.1.2011.6.164.1.1.2.100.1.2.2416722841,OctetString,"""DIN1 Alarm"""
.1.3.6.1.4.1.2011.6.164.1.1.2.100.1.2.2416722842,OctetString,"""DIN2 Alarm"""
.1.3.6.1.4.1.2011.6.164.1.1.2.100.1.2.2416722843,OctetString,"""DIN3 Alarm"""
.1.3.6.1.4.1.2011.6.164.1.1.2.100.1.2.2416722844,OctetString,"""DIN4 Alarm"""
.1.3.6.1.4.1.2011.6.164.1.1.2.100.1.2.2416722845,OctetString,"""DIN5 Alarm"""
.1.3.6.1.4.1.2011.6.164.1.1.2.100.1.2.2416722846,OctetString,"""DIN6 Alarm"""
.1.3.6.1.4.1.2011.6.164.1.1.2.100.1.2.2416722847,OctetString,"""DC Surge Protector1 Fault"""
.1.3.6.1.4.1.2011.6.164.1.1.2.100.1.2.2416722848,OctetString,"""DC Surge Protector2 Fault"""
.1.3.6.1.4.1.2011.6.164.1.1.2.100.1.2.2416722870,OctetString,"""Air Conditioner High Temperature"""
.1.3.6.1.4.1.2011.6.164.1.1.2.100.1.2.2416766992,OctetString,"""Fan Fault"""
.1.3.6.1.4.1.2011.6.164.1.1.2.100.1.2.2416919595,OctetString,"""Communication Failure"""
.1.3.6.1.4.1.2011.6.164.1.1.2.100.1.2.2416919596,OctetString,"""Ambient High Temperature"""
.1.3.6.1.4.1.2011.6.164.1.1.2.100.1.2.2416919597,OctetString,"""Ambient Low Temperature"""
.1.3.6.1.4.1.2011.6.164.1.1.2.100.1.2.2416919598,OctetString,"""Ambient Very High Temperature"""
.1.3.6.1.4.1.2011.6.164.1.1.2.100.1.2.2416919599,OctetString,"""Ambient High Humidity"""
.1.3.6.1.4.1.2011.6.164.1.1.2.100.1.2.2416919600,OctetString,"""Ambient Low Humidity"""
.1.3.6.1.4.1.2011.6.164.1.1.2.100.1.2.2417244525,OctetString,"""Battery Fuse Break"""
.1.3.6.1.4.1.2011.6.164.1.1.2.100.1.2.2417244526,OctetString,"""BLVD Warning"""
.1.3.6.1.4.1.2011.6.164.1.1.2.100.1.2.2417244527,OctetString,"""BLVD Disconnected"""
.1.3.6.1.4.1.2011.6.164.1.1.2.100.1.2.2417244528,OctetString,"""Battery Discharging"""
.1.3.6.1.4.1.2011.6.164.1.1.2.100.1.2.2417244529,OctetString,"""Battery Forcible Connection"""
.1.3.6.1.4.1.2011.6.164.1.1.2.100.1.2.2417244530,OctetString,"""Battery High Temperature"""
.1.3.6.1.4.1.2011.6.164.1.1.2.100.1.2.2417244531,OctetString,"""Battery Low Temperature"""
.1.3.6.1.4.1.2011.6.164.1.1.2.100.1.2.2417244532,OctetString,"""Battery Temperature Sensor 1 Missing"""
.1.3.6.1.4.1.2011.6.164.1.1.2.100.1.2.2417244533,OctetString,"""Battery Temperature Sensor 2 Missing"""
.1.3.6.1.4.1.2011.6.164.1.1.2.100.1.2.2417244534,OctetString,"""Battery Temperature Sensor 1 Fault"""
.1.3.6.1.4.1.2011.6.164.1.1.2.100.1.2.2417244535,OctetString,"""Battery Temperature Sensor 2 Fault"""
.1.3.6.1.4.1.2011.6.164.1.1.2.100.1.2.2417308861,OctetString,"""Communication Failure"""
.1.3.6.1.4.1.2011.6.164.1.1.2.100.1.2.2417308862,OctetString,"""Module Fault"""
.1.3.6.1.4.1.2011.6.164.1.1.2.100.1.2.2417308863,OctetString,"""Module Protection"""
.1.3.6.1.4.1.2011.6.164.1.1.2.100.1.2.2417308864,OctetString,"""Module Minor Alarm"""
.1.3.6.1.4.1.2011.6.164.1.1.2.100.1.2.2417380007,OctetString,"""CH1 Super High"""
.1.3.6.1.4.1.2011.6.164.1.1.2.100.1.2.2417380008,OctetString,"""CH1 High"""
.1.3.6.1.4.1.2011.6.164.1.1.2.100.1.2.2417380009,OctetString,"""CH1 Low"""
.1.3.6.1.4.1.2011.6.164.1.1.2.100.1.2.2417380010,OctetString,"""CH1 Super Low"""
.1.3.6.1.4.1.2011.6.164.1.1.2.100.1.2.2417380011,OctetString,"""CH2 Alarm"""
.1.3.6.1.4.1.2011.6.164.1.1.2.100.1.2.2417380012,OctetString,"""CH2 Super High"""
.1.3.6.1.4.1.2011.6.164.1.1.2.100.1.2.2417380013,OctetString,"""CH2 High"""
.1.3.6.1.4.1.2011.6.164.1.1.2.100.1.2.2417380014,OctetString,"""CH2 Low"""
.1.3.6.1.4.1.2011.6.164.1.1.2.100.1.2.2417380015,OctetString,"""CH2 Super Low"""
.1.3.6.1.4.1.2011.6.164.1.1.2.100.1.2.2417380016,OctetString,"""CH3 Alarm"""
.1.3.6.1.4.1.2011.6.164.1.1.2.100.1.2.2417380017,OctetString,"""CH3 Super High"""
.1.3.6.1.4.1.2011.6.164.1.1.2.100.1.2.2417380018,OctetString,"""CH3 High"""
.1.3.6.1.4.1.2011.6.164.1.1.2.100.1.2.2417380019,OctetString,"""CH3 Low"""
.1.3.6.1.4.1.2011.6.164.1.1.2.100.1.2.2417380020,OctetString,"""CH3 Super Low"""
.1.3.6.1.4.1.2011.6.164.1.1.2.100.1.2.2417380021,OctetString,"""CH4 Alarm"""
.1.3.6.1.4.1.2011.6.164.1.1.2.100.1.2.2417380022,OctetString,"""CH4 Super High"""
.1.3.6.1.4.1.2011.6.164.1.1.2.100.1.2.2417380023,OctetString,"""CH4 High"""
.1.3.6.1.4.1.2011.6.164.1.1.2.100.1.2.2417380024,OctetString,"""CH4 Low"""
.1.3.6.1.4.1.2011.6.164.1.1.2.100.1.2.2417380025,OctetString,"""CH4 Super Low"""
.1.3.6.1.4.1.2011.6.164.1.1.2.100.1.2.2417380027,OctetString,"""CH5 Super High"""
.1.3.6.1.4.1.2011.6.164.1.1.2.100.1.2.2417380028,OctetString,"""CH5 High"""
.1.3.6.1.4.1.2011.6.164.1.1.2.100.1.2.2417380029,OctetString,"""CH5 Low"""
.1.3.6.1.4.1.2011.6.164.1.1.2.100.1.2.2417380030,OctetString,"""CH5 Super Low"""
.1.3.6.1.4.1.2011.6.164.1.1.2.100.1.2.2417380032,OctetString,"""CH6 Super High"""
.1.3.6.1.4.1.2011.6.164.1.1.2.100.1.2.2417380033,OctetString,"""CH6 High"""
.1.3.6.1.4.1.2011.6.164.1.1.2.100.1.2.2417380034,OctetString,"""CH6 Low"""
.1.3.6.1.4.1.2011.6.164.1.1.2.100.1.2.2417380035,OctetString,"""CH6 Super Low"""
.1.3.6.1.4.1.2011.6.164.1.1.2.100.1.2.2417380036,OctetString,"""NIM02D Fault"""
.1.3.6.1.4.1.2011.6.164.1.1.2.100.1.2.2417380037,OctetString,"""CH1 Alarm"""
.1.3.6.1.4.1.2011.6.164.1.1.2.100.1.2.2417708577,OctetString,"""Communication  Fail"""
.1.3.6.1.4.1.2011.6.164.1.1.2.100.1.2.2417750513,OctetString,"""Incorrect Installation Slot"""
.1.3.6.1.4.1.2011.6.164.1.1.2.100.1.2.2417755662,OctetString,"""Mains Failure"""
.1.3.6.1.4.1.2011.6.164.1.1.2.100.1.2.2417755684,OctetString,"""L1-L2 Over Voltage"""
.1.3.6.1.4.1.2011.6.164.1.1.2.100.1.2.2417755685,OctetString,"""L2-L3 Over Voltage"""
.1.3.6.1.4.1.2011.6.164.1.1.2.100.1.2.2417755686,OctetString,"""L3-L1 Over Voltage"""
.1.3.6.1.4.1.2011.6.164.1.1.2.100.1.2.2417755687,OctetString,"""L1-L2 Under Voltage"""
.1.3.6.1.4.1.2011.6.164.1.1.2.100.1.2.2417755688,OctetString,"""L2-L3 Under Voltage"""
.1.3.6.1.4.1.2011.6.164.1.1.2.100.1.2.2417755689,OctetString,"""L3-L1 Under Voltage"""
.1.3.6.1.4.1.2011.6.164.1.1.2.100.1.2.2417755690,OctetString,"""Under Voltage"""
.1.3.6.1.4.1.2011.6.164.1.1.2.100.1.2.2417755691,OctetString,"""Over Voltage"""
.1.3.6.1.4.1.2011.6.164.1.1.2.100.1.2.2417755692,OctetString,"""Phase L1 Over Voltage"""
.1.3.6.1.4.1.2011.6.164.1.1.2.100.1.2.2417755693,OctetString,"""Phase L2 Over Voltage"""
.1.3.6.1.4.1.2011.6.164.1.1.2.100.1.2.2417755694,OctetString,"""Phase L3 Over Voltage"""
.1.3.6.1.4.1.2011.6.164.1.1.2.100.1.2.2417755695,OctetString,"""Phase L1 Under Voltage"""
.1.3.6.1.4.1.2011.6.164.1.1.2.100.1.2.2417755696,OctetString,"""Phase L2 Under Voltage"""
.1.3.6.1.4.1.2011.6.164.1.1.2.100.1.2.2417755697,OctetString,"""Phase L3 Under Voltage"""
.1.3.6.1.4.1.2011.6.164.1.1.2.100.1.2.2417755698,OctetString,"""Phase L1 Failure"""
.1.3.6.1.4.1.2011.6.164.1.1.2.100.1.2.2417755699,OctetString,"""Phase L2 Failure"""
.1.3.6.1.4.1.2011.6.164.1.1.2.100.1.2.2417755700,OctetString,"""Phase L3 Failure"""
.1.3.6.1.4.1.2011.6.164.1.1.2.100.1.2.2417755701,OctetString,"""Over Frequency"""
.1.3.6.1.4.1.2011.6.164.1.1.2.100.1.2.2417755702,OctetString,"""Under Frequency"""
.1.3.6.1.4.1.2011.6.164.1.1.2.100.1.2.2417839211,OctetString,"""All MIMO Communication Fail"""
.1.3.6.1.4.1.2011.6.164.1.1.2.100.1.2.2417839212,OctetString,"""MIMO Missing"""
.1.3.6.1.4.1.2011.6.164.1.1.2.100.1.2.2417904744,OctetString,"""Communication Fail"""
.1.3.6.1.4.1.2011.6.164.1.1.2.100.1.2.2417904745,OctetString,"""Module Fault"""
.1.3.6.1.4.1.2011.6.164.1.1.2.100.1.2.2417904746,OctetString,"""Module Protect"""
.1.3.6.1.4.1.2011.6.164.1.1.2.100.1.2.2417960998,OctetString,"""Copper Temp1 Sensor Missing"""
.1.3.6.1.4.1.2011.6.164.1.1.2.100.1.2.2417960999,OctetString,"""Copper Temp2 Sensor Missing"""
.1.3.6.1.4.1.2011.6.164.1.1.2.100.1.2.2417961000,OctetString,"""Copper Temp3 Sensor Missing"""
.1.3.6.1.4.1.2011.6.164.1.1.2.100.1.2.2417961001,OctetString,"""Copper Temp4 Sensor Missing"""
.1.3.6.1.4.1.2011.6.164.1.1.2.100.1.2.2417961008,OctetString,"""Copper Temp5 Sensor Missing"""
.1.3.6.1.4.1.2011.6.164.1.1.2.100.1.2.2417961009,OctetString,"""Copper Temp6 Sensor Missing"""
.1.3.6.1.4.1.2011.6.164.1.1.2.100.1.2.2417961010,OctetString,"""Copper Temp1 Sensor Fault"""
.1.3.6.1.4.1.2011.6.164.1.1.2.100.1.2.2417961011,OctetString,"""Copper Temp2 Sensor Fault"""
.1.3.6.1.4.1.2011.6.164.1.1.2.100.1.2.2417961012,OctetString,"""Copper Temp3 Sensor Fault"""
.1.3.6.1.4.1.2011.6.164.1.1.2.100.1.2.2417961013,OctetString,"""Copper Temp4 Sensor Fault"""
.1.3.6.1.4.1.2011.6.164.1.1.2.100.1.2.2417961014,OctetString,"""Copper Temp5 Sensor Fault"""
.1.3.6.1.4.1.2011.6.164.1.1.2.100.1.2.2417961015,OctetString,"""Copper Temp6 Sensor Fault"""
.1.3.6.1.4.1.2011.6.164.1.1.2.100.1.2.2418036514,OctetString,"""All HVDC Fail to Communicate"""
.1.3.6.1.4.1.2011.6.164.1.1.2.100.1.2.2418036515,OctetString,"""Module Output Overvoltage"""
.1.3.6.1.4.1.2011.6.164.1.1.2.100.1.2.2418036516,OctetString,"""Module Output Undervoltage"""
.1.3.6.1.4.1.2011.6.164.1.1.2.100.1.2.2418036517,OctetString,"""Output Open Circuit Protect"""
.1.3.6.1.4.1.2011.6.164.1.1.2.100.1.2.2418036518,OctetString,"""HVDC Missing"""
.1.3.6.1.4.1.2011.6.164.1.1.2.100.1.2.2418102043,OctetString,"""Module Fault"""
.1.3.6.1.4.1.2011.6.164.1.1.2.100.1.2.2418102044,OctetString,"""Module Protect"""
.1.3.6.1.4.1.2011.6.164.1.1.2.100.1.2.2418102045,OctetString,"""Module communication fail"""
.1.3.6.1.4.1.2011.6.164.1.1.2.100.1.2.2418298476,OctetString,"""Comm. Failure"""
.1.3.6.1.4.1.2011.6.164.1.1.2.100.1.2.2418298477,OctetString,"""Leakage Overcurrent"""
.1.3.6.1.4.1.2011.6.164.1.1.2.100.1.2.2418298478,OctetString,"""SPD Fault"""
.1.3.6.1.4.1.2011.6.164.1.1.2.100.1.2.2418298479,OctetString,"""Mains Connection Fail"""
.1.3.6.1.4.1.2011.6.164.1.1.2.100.1.2.2418298480,OctetString,"""Insulation Resistance Abnormal"""
.1.3.6.1.4.1.2011.6.164.1.1.2.100.1.2.2418298481,OctetString,"""Output Abnormal Protect"""
.1.3.6.1.4.1.2011.6.164.1.1.2.100.1.2.2418298482,OctetString,"""Update Fault"""
.1.3.6.1.4.1.2011.6.164.1.1.2.100.1.2.2418495109,OctetString,"""AC Outage"""
.1.3.6.1.4.1.2011.6.164.1.1.2.100.1.2.2418495110,OctetString,"""AC Input Overvoltage"""
.1.3.6.1.4.1.2011.6.164.1.1.2.100.1.2.2418495111,OctetString,"""AC Input Undervoltage"""
.1.3.6.1.4.1.2011.6.164.1.1.2.100.1.2.2418495112,OctetString,"""DC Output Overvoltage"""
.1.3.6.1.4.1.2011.6.164.1.1.2.100.1.2.2418495113,OctetString,"""DC Output Undervoltage"""
.1.3.6.1.4.1.2011.6.164.1.1.2.100.1.2.2418495114,OctetString,"""DC Input Overvoltage"""
.1.3.6.1.4.1.2011.6.164.1.1.2.100.1.2.2418495115,OctetString,"""DC Input Undervoltage"""
.1.3.6.1.4.1.2011.6.164.1.1.2.100.1.2.2418495116,OctetString,"""HVDC Failure"""
.1.3.6.1.4.1.2011.6.164.1.1.2.100.1.2.2418495117,OctetString,"""Communication Failure"""
.1.3.6.1.4.1.2011.6.164.1.1.2.100.1.2.2418495118,OctetString,"""Module Fault"""
.1.3.6.1.4.1.2011.6.164.1.1.2.100.1.2.2418495119,OctetString,"""Rectifier 1 Fault"""
.1.3.6.1.4.1.2011.6.164.1.1.2.100.1.2.2418495120,OctetString,"""Rectifier 2 Fault """
.1.3.6.1.4.1.2011.6.164.1.1.2.100.1.2.2418495121,OctetString,"""Rectifier 3 Fault """
.1.3.6.1.4.1.2011.6.164.1.1.2.100.1.2.2418495122,OctetString,"""Parallel Fail"""
.1.3.6.1.4.1.2011.6.164.1.1.2.100.1.2.2418536587,OctetString,"""Rectifier Fault """
.1.3.6.1.4.1.2011.6.164.1.1.2.100.1.2.2418560745,OctetString,"""All DCDBs Fail to Communicate"""
.1.3.6.1.4.1.2011.6.164.1.1.2.100.1.2.2418560746,OctetString,"""DCDB Missing"""
.1.3.6.1.4.1.2011.6.164.1.1.2.100.1.2.2418602430,OctetString,"""Address Conflict"""
.1.3.6.1.4.1.2011.6.164.1.1.2.100.1.2.2418626231,OctetString,"""Communication Failure"""
.1.3.6.1.4.1.2011.6.164.1.1.2.100.1.2.2418626232,OctetString,"""Load 1 Fuse Broken"""
.1.3.6.1.4.1.2011.6.164.1.1.2.100.1.2.2418626233,OctetString,"""Load 2 Fuse Broken"""
.1.3.6.1.4.1.2011.6.164.1.1.2.100.1.2.2418626235,OctetString,"""Load 4 Fuse Broken"""
.1.3.6.1.4.1.2011.6.164.1.1.2.100.1.2.2418626236,OctetString,"""Total Load Overcurrent"""
.1.3.6.1.4.1.2011.6.164.1.1.2.100.1.2.2418626237,OctetString,"""Load 1 Overcurrent Protection"""
.1.3.6.1.4.1.2011.6.164.1.1.2.100.1.2.2418626238,OctetString,"""Load 2 Overcurrent Protection"""
.1.3.6.1.4.1.2011.6.164.1.1.2.100.1.2.2418626239,OctetString,"""Load 3 Overcurrent Protection"""
.1.3.6.1.4.1.2011.6.164.1.1.2.100.1.2.2418626240,OctetString,"""Load 4 Overcurrent Protection"""
.1.3.6.1.4.1.2011.6.164.1.1.2.100.1.2.2418626241,OctetString,"""Board Fault"""
.1.3.6.1.4.1.2011.6.164.1.1.2.100.1.2.2418626242,OctetString,"""Load 1 Disconnected"""
.1.3.6.1.4.1.2011.6.164.1.1.2.100.1.2.2418626243,OctetString,"""Load 2 Disconnected"""
.1.3.6.1.4.1.2011.6.164.1.1.2.100.1.2.2418626244,OctetString,"""Load 3 Disconnected"""
.1.3.6.1.4.1.2011.6.164.1.1.2.100.1.2.2418626245,OctetString,"""Load 4 Disconnected"""
.1.3.6.1.4.1.2011.6.164.1.1.2.100.1.2.2418626246,OctetString,"""Load 3 Fuse Broken"""
.1.3.6.1.4.1.2011.6.164.1.1.2.100.1.2.2418626247,OctetString,"""Board High Temperature"""
.1.3.6.1.4.1.2011.6.164.1.1.2.100.1.2.2418626248,OctetString,"""Board High Temperature Protection"""
.1.3.6.1.4.1.2011.6.164.1.1.2.100.1.2.2418626249,OctetString,"""Load 1 Control Fault"""
.1.3.6.1.4.1.2011.6.164.1.1.2.100.1.2.2418626250,OctetString,"""Load 2 Control Fault"""
.1.3.6.1.4.1.2011.6.164.1.1.2.100.1.2.2418626251,OctetString,"""Load 3 Control Fault"""
.1.3.6.1.4.1.2011.6.164.1.1.2.100.1.2.2418626252,OctetString,"""Load 4 Control Fault"""
.1.3.6.1.4.1.2011.6.164.1.1.2.100.1.2.2418667967,OctetString,"""Module Not Activated"""
.1.3.6.1.4.1.2011.6.164.1.1.2.100.1.2.2418668016,OctetString,"""Load Fuse Broken"""
.1.3.6.1.4.1.2011.6.164.1.1.2.100.1.2.2418822999,OctetString,"""Device Fault"""
.1.3.6.1.4.1.2011.6.164.1.1.2.100.1.2.2418823000,OctetString,"""Communication Failure"""
.1.3.6.1.4.1.2011.6.164.1.1.2.100.1.2.2419206117,OctetString,"""Temp1 Sensor Missing"""
.1.3.6.1.4.1.2011.6.164.1.1.2.100.1.2.2419206118,OctetString,"""Temp2 Sensor Missing"""
.1.3.6.1.4.1.2011.6.164.1.1.2.100.1.2.2419206119,OctetString,"""Temp1 Sensor Fault"""
.1.3.6.1.4.1.2011.6.164.1.1.2.100.1.2.2419206120,OctetString,"""Temp2 Sensor Fault"""
.1.3.6.1.4.1.2011.6.164.1.1.2.100.1.2.2419206121,OctetString,"""Temp1 High Temperature"""
.1.3.6.1.4.1.2011.6.164.1.1.2.100.1.2.2419206122,OctetString,"""Temp2 High Temperature"""
.1.3.6.1.4.1.2011.6.164.1.1.2.100.1.2.2419206123,OctetString,"""Temp1 Low Temperature"""
.1.3.6.1.4.1.2011.6.164.1.1.2.100.1.2.2419206124,OctetString,"""Temp2 Low Temperature"""
.1.3.6.1.4.1.2011.6.164.1.1.2.100.1.2.2419206125,OctetString,"""TEC Cooler Fault"""
.1.3.6.1.4.1.2011.6.164.1.1.2.100.1.2.2419206126,OctetString,"""Heater Hardware Fault"""
.1.3.6.1.4.1.2011.6.164.1.1.2.100.1.2.2419206127,OctetString,"""LIGT Alarm"""
.1.3.6.1.4.1.2011.6.164.1.1.2.100.1.2.2419206131,OctetString,"""INRS Alarm"""
.1.3.6.1.4.1.2011.6.164.1.1.2.100.1.2.2419206132,OctetString,"""BTEMP Alarm"""
.1.3.6.1.4.1.2011.6.164.1.1.2.100.1.2.2419206134,OctetString,"""TCUA Alarm"""
.1.3.6.1.4.1.2011.6.164.1.1.2.100.1.2.2419206205,OctetString,"""(TempAlta) DIN1 Alarm"""
.1.3.6.1.4.1.2011.6.164.1.1.2.100.1.2.2419206206,OctetString,"""(Gasolio) DIN2 Alarm"""
.1.3.6.1.4.1.2011.6.164.1.1.2.100.1.2.2419206207,OctetString,"""(Comun) DIN3 Alarm"""
.1.3.6.1.4.1.2011.6.164.1.1.2.100.1.2.2419206208,OctetString,"""(Balizame) DIN4 Alarm"""
.1.3.6.1.4.1.2011.6.164.1.1.2.100.1.2.2419206209,OctetString,"""(Inversor) DIN5 Alarm"""
.1.3.6.1.4.1.2011.6.164.1.1.2.100.1.2.2419206210,OctetString,"""(SPD1e2) DIN6 Alarm"""
.1.3.6.1.4.1.2011.6.164.1.1.2.100.1.2.2419206211,OctetString,"""DIN7 Alarm"""
.1.3.6.1.4.1.2011.6.164.1.1.2.100.1.2.2419206212,OctetString,"""DIN8 Alarm"""
.1.3.6.1.4.1.2011.6.164.1.1.2.100.1.2.2419211228,OctetString,"""Transformer Cab SPD Fault"""
.1.3.6.1.4.1.2011.6.164.1.1.2.100.1.2.2419276703,OctetString,"""Glass Break Sensor Alarm"""
.1.3.6.1.4.1.2011.6.164.1.1.2.100.1.2.2419402810,OctetString,"""Vibration Alarm"""
.1.3.6.1.4.1.2011.6.164.1.1.2.100.1.2.2419478119,OctetString,"""Communication Fail"""
.1.3.6.1.4.1.2011.6.164.1.1.2.100.1.2.2419480199,OctetString,"""TEMP1 High Temp Alarm"""
.1.3.6.1.4.1.2011.6.164.1.1.2.100.1.2.2419480200,OctetString,"""TEMP1 Low Temp Alarm"""
.1.3.6.1.4.1.2011.6.164.1.1.2.100.1.2.2419480201,OctetString,"""TEMP2 High Temp Alarm"""
.1.3.6.1.4.1.2011.6.164.1.1.2.100.1.2.2419480202,OctetString,"""TEMP2 Low Temp Alarm"""
.1.3.6.1.4.1.2011.6.164.1.1.2.100.1.2.2419480203,OctetString,"""TEMP1 Sensor Missing"""
.1.3.6.1.4.1.2011.6.164.1.1.2.100.1.2.2419480204,OctetString,"""TEMP1 Sensor Fault"""
.1.3.6.1.4.1.2011.6.164.1.1.2.100.1.2.2419480205,OctetString,"""TEMP2 Sensor Missing"""
.1.3.6.1.4.1.2011.6.164.1.1.2.100.1.2.2419480206,OctetString,"""TEMP2 Sensor Fault"""
.1.3.6.1.4.1.2011.6.164.1.1.2.100.1.2.2419480207,OctetString,"""BTEMP1 Sensor Missing"""
.1.3.6.1.4.1.2011.6.164.1.1.2.100.1.2.2419480208,OctetString,"""BTEMP1 Sensor Fault"""
.1.3.6.1.4.1.2011.6.164.1.1.2.100.1.2.2419480209,OctetString,"""Load Fuse1 Break"""
.1.3.6.1.4.1.2011.6.164.1.1.2.100.1.2.2419480210,OctetString,"""Load Fuse2 Break"""
.1.3.6.1.4.1.2011.6.164.1.1.2.100.1.2.2419480211,OctetString,"""Load Fuse3 Break"""
.1.3.6.1.4.1.2011.6.164.1.1.2.100.1.2.2419480212,OctetString,"""Load Fuse4 Break"""
.1.3.6.1.4.1.2011.6.164.1.1.2.100.1.2.2419480213,OctetString,"""Load Fuse5 Break"""
.1.3.6.1.4.1.2011.6.164.1.1.2.100.1.2.2419480214,OctetString,"""Load Fuse6 Break"""
.1.3.6.1.4.1.2011.6.164.1.1.2.100.1.2.2419480215,OctetString,"""Load Fuse7 Break"""
.1.3.6.1.4.1.2011.6.164.1.1.2.100.1.2.2419480216,OctetString,"""Load Fuse8 Break"""
.1.3.6.1.4.1.2011.6.164.1.1.2.100.1.2.2419480217,OctetString,"""Load Fuse9 Break"""
.1.3.6.1.4.1.2011.6.164.1.1.2.100.1.2.2419480218,OctetString,"""Load Fuse10 Break"""
.1.3.6.1.4.1.2011.6.164.1.1.2.100.1.2.2419480219,OctetString,"""Load Fuse11 Break"""
.1.3.6.1.4.1.2011.6.164.1.1.2.100.1.2.2419480220,OctetString,"""Load Fuse12 Break"""
.1.3.6.1.4.1.2011.6.164.1.1.2.100.1.2.2419480221,OctetString,"""Load Fuse13 Break"""
.1.3.6.1.4.1.2011.6.164.1.1.2.100.1.2.2419480222,OctetString,"""Load Fuse14 Break"""
.1.3.6.1.4.1.2011.6.164.1.1.2.100.1.2.2419480223,OctetString,"""Load Fuse15 Break"""
.1.3.6.1.4.1.2011.6.164.1.1.2.100.1.2.2419480224,OctetString,"""Load Fuse16 Break"""
.1.3.6.1.4.1.2011.6.164.1.1.2.100.1.2.2419480225,OctetString,"""Load Fuse17 Break"""
.1.3.6.1.4.1.2011.6.164.1.1.2.100.1.2.2419480226,OctetString,"""Load Fuse18 Break"""
.1.3.6.1.4.1.2011.6.164.1.1.2.100.1.2.2419480227,OctetString,"""Load Fuse19 Break"""
.1.3.6.1.4.1.2011.6.164.1.1.2.100.1.2.2419480228,OctetString,"""Load Fuse20 Break"""
.1.3.6.1.4.1.2011.6.164.1.1.2.100.1.2.2419480229,OctetString,"""Load Fuse21 Break"""
.1.3.6.1.4.1.2011.6.164.1.1.2.100.1.2.2419480230,OctetString,"""Load Fuse22 Break"""
.1.3.6.1.4.1.2011.6.164.1.1.2.100.1.2.2419480231,OctetString,"""Load Fuse23 Break"""
.1.3.6.1.4.1.2011.6.164.1.1.2.100.1.2.2419480232,OctetString,"""Load Fuse24 Break"""
.1.3.6.1.4.1.2011.6.164.1.1.2.100.1.2.2419480233,OctetString,"""Load Fuse25 Break"""
.1.3.6.1.4.1.2011.6.164.1.1.2.100.1.2.2419480234,OctetString,"""Load Fuse26 Break"""
.1.3.6.1.4.1.2011.6.164.1.1.2.100.1.2.2419480235,OctetString,"""Load Fuse27 Break"""
.1.3.6.1.4.1.2011.6.164.1.1.2.100.1.2.2419480236,OctetString,"""Load Fuse28 Break"""
.1.3.6.1.4.1.2011.6.164.1.1.2.100.1.2.2419480237,OctetString,"""Load Fuse29 Break"""
.1.3.6.1.4.1.2011.6.164.1.1.2.100.1.2.2419480238,OctetString,"""Load Fuse30 Break"""
.1.3.6.1.4.1.2011.6.164.1.1.2.100.1.2.2419480239,OctetString,"""Door Open Alarm"""
.1.3.6.1.4.1.2011.6.164.1.1.2.100.1.2.2419480240,OctetString,"""DIN1 Alarm"""
.1.3.6.1.4.1.2011.6.164.1.1.2.100.1.2.2419480241,OctetString,"""DIN2 Alarm"""
.1.3.6.1.4.1.2011.6.164.1.1.2.100.1.2.2419480242,OctetString,"""DIN3 Alarm"""
.1.3.6.1.4.1.2011.6.164.1.1.2.100.1.2.2419480243,OctetString,"""DIN4 Alarm"""
.1.3.6.1.4.1.2011.6.164.1.1.2.100.1.2.2419480244,OctetString,"""DIN5 Alarm"""
.1.3.6.1.4.1.2011.6.164.1.1.2.100.1.2.2419480245,OctetString,"""DIN6 Alarm"""
.1.3.6.1.4.1.2011.6.164.1.1.2.100.1.2.2419480246,OctetString,"""DIN7 Alarm"""
.1.3.6.1.4.1.2011.6.164.1.1.2.100.1.2.2419480247,OctetString,"""DIN8 Alarm"""
.1.3.6.1.4.1.2011.6.164.1.1.2.100.1.2.2419480248,OctetString,"""DIN9 Alarm"""
.1.3.6.1.4.1.2011.6.164.1.1.2.100.1.2.2419480249,OctetString,"""DIN10 Alarm"""
.1.3.6.1.4.1.2011.6.164.1.1.2.100.1.2.2419480250,OctetString,"""DIN11 Alarm"""
.1.3.6.1.4.1.2011.6.164.1.1.2.100.1.2.2419480251,OctetString,"""DIN12 Alarm"""
.1.3.6.1.4.1.2011.6.164.1.1.2.100.1.2.2419480252,OctetString,"""Battery Fuse1 Break"""
.1.3.6.1.4.1.2011.6.164.1.1.2.100.1.2.2419480253,OctetString,"""Battery Fuse2 Break"""
.1.3.6.1.4.1.2011.6.164.1.1.2.100.1.2.2419480254,OctetString,"""Battery Fuse3 Break"""
.1.3.6.1.4.1.2011.6.164.1.1.2.100.1.2.2419480255,OctetString,"""Battery Fuse4 Break"""
.1.3.6.1.4.1.2011.6.164.1.1.2.100.1.2.2419480256,OctetString,"""Battery Fuse5 Break"""
.1.3.6.1.4.1.2011.6.164.1.1.2.100.1.2.2419480257,OctetString,"""Battery Fuse6 Break"""
.1.3.6.1.4.1.2011.6.164.1.1.2.100.1.2.2419480258,OctetString,"""Address Conflict"""
.1.3.6.1.4.1.2011.6.164.1.1.2.100.1.2.2419480259,OctetString,"""BTEMP2 Sensor Missing"""
.1.3.6.1.4.1.2011.6.164.1.1.2.100.1.2.2419480260,OctetString,"""BTEMP2 Sensor Fault"""
.1.3.6.1.4.1.2011.6.164.1.1.2.100.1.2.2419992561,OctetString,"""Abnormal System Voltage Check"""
.1.3.6.1.4.1.2011.6.164.1.1.2.100.1.2.2419992562,OctetString,"""Abnormal System Current Check"""
.1.3.6.1.4.1.2011.6.164.1.1.2.100.1.2.2419997600,OctetString,"""Mask SC Alarm"""
.1.3.6.1.4.1.2011.6.164.1.1.2.100.1.2.2419997605,OctetString,"""All Alarms Blocked"""
.1.3.6.1.4.1.2011.6.164.1.1.2.100.1.2.2419997632,OctetString,"""WEB Certificate Invalid """
.1.3.6.1.4.1.2011.6.164.1.1.2.100.1.2.2419997633,OctetString,"""WEB Certificate Will Expire"""
.1.3.6.1.4.1.2011.6.164.1.1.2.100.1.2.2419997634,OctetString,"""WEB Certificate Expired"""
.1.3.6.1.4.1.2011.6.164.1.1.2.100.1.2.2419997642,OctetString,"""Traffic Fluctuation Alarm"""
.1.3.6.1.4.1.2011.6.164.1.1.2.100.1.2.2420043776,OctetString,"""SMU Fault"""
.1.3.6.1.4.1.2011.6.164.1.1.2.100.1.2.2420043777,OctetString,"""Insufficient Alarm Space"""
.1.3.6.1.4.1.2011.6.164.1.1.2.100.1.2.2420043917,OctetString,"""NetEco Certificate Will Expire"""
.1.3.6.1.4.1.2011.6.164.1.1.2.100.1.2.2420043918,OctetString,"""Northbound TCP-MODBUS Certificate Will Expire"""
.1.3.6.1.4.1.2011.6.164.1.1.2.100.1.2.2420043987,OctetString,"""NetEco Certificate Expired"""
.1.3.6.1.4.1.2011.6.164.1.1.2.100.1.2.2420043988,OctetString,"""Offline Early Warning"""
.1.3.6.1.4.1.2011.6.164.1.1.2.100.1.2.2420043992,OctetString,"""Northbound TCP-MODBUS Certificate Expired"""
.1.3.6.1.4.1.2011.6.164.1.1.2.100.1.2.2420043993,OctetString,"""SYS-LOG Certificate Expired"""
.1.3.6.1.4.1.2011.6.164.1.1.2.100.1.2.2420044048,OctetString,"""SYS-LOG Certificate Will Expire"""
.1.3.6.1.4.1.2011.6.164.1.1.2.100.1.2.2420044170,OctetString,"""Southbound TCP-MODBUS Certificate Expired"""
.1.3.6.1.4.1.2011.6.164.1.1.2.100.1.2.2420044171,OctetString,"""Southbound TCP-MODBUS Certificate Will Expire"""
.1.3.6.1.4.1.2011.6.164.1.1.2.100.1.3.538322929,Integer,2
.1.3.6.1.4.1.2011.6.164.1.1.2.100.1.3.538322930,Integer,2
.1.3.6.1.4.1.2011.6.164.1.1.2.100.1.3.538327968,Integer,2
.1.3.6.1.4.1.2011.6.164.1.1.2.100.1.3.538327973,Integer,2
.1.3.6.1.4.1.2011.6.164.1.1.2.100.1.3.538328000,Integer,2
.1.3.6.1.4.1.2011.6.164.1.1.2.100.1.3.538328001,Integer,2
.1.3.6.1.4.1.2011.6.164.1.1.2.100.1.3.538328002,Integer,2
.1.3.6.1.4.1.2011.6.164.1.1.2.100.1.3.538328010,Integer,4
.1.3.6.1.4.1.2011.6.164.1.1.2.100.1.3.538374144,Integer,2
.1.3.6.1.4.1.2011.6.164.1.1.2.100.1.3.538374145,Integer,4
.1.3.6.1.4.1.2011.6.164.1.1.2.100.1.3.538374285,Integer,2
.1.3.6.1.4.1.2011.6.164.1.1.2.100.1.3.538374286,Integer,2
.1.3.6.1.4.1.2011.6.164.1.1.2.100.1.3.538374355,Integer,2
.1.3.6.1.4.1.2011.6.164.1.1.2.100.1.3.538374356,Integer,4
.1.3.6.1.4.1.2011.6.164.1.1.2.100.1.3.538374360,Integer,2
.1.3.6.1.4.1.2011.6.164.1.1.2.100.1.3.538374361,Integer,2
.1.3.6.1.4.1.2011.6.164.1.1.2.100.1.3.538374416,Integer,2
.1.3.6.1.4.1.2011.6.164.1.1.2.100.1.3.538374538,Integer,2
.1.3.6.1.4.1.2011.6.164.1.1.2.100.1.3.538374539,Integer,2
.1.3.6.1.4.1.2011.6.164.1.1.2.100.1.3.2147549292,Integer,3
.1.3.6.1.4.1.2011.6.164.1.1.2.100.1.3.2147549604,Integer,3
.1.3.6.1.4.1.2011.6.164.1.1.2.100.1.3.2147550734,Integer,2
.1.3.6.1.4.1.2011.6.164.1.1.2.100.1.3.2147550736,Integer,3
.1.3.6.1.4.1.2011.6.164.1.1.2.100.1.3.2147550737,Integer,3
.1.3.6.1.4.1.2011.6.164.1.1.2.100.1.3.2147550739,Integer,3
.1.3.6.1.4.1.2011.6.164.1.1.2.100.1.3.2147550740,Integer,3
.1.3.6.1.4.1.2011.6.164.1.1.2.100.1.3.2147550741,Integer,3
.1.3.6.1.4.1.2011.6.164.1.1.2.100.1.3.2147550742,Integer,3
.1.3.6.1.4.1.2011.6.164.1.1.2.100.1.3.2147550743,Integer,3
.1.3.6.1.4.1.2011.6.164.1.1.2.100.1.3.2147550744,Integer,3
.1.3.6.1.4.1.2011.6.164.1.1.2.100.1.3.2147550751,Integer,2
.1.3.6.1.4.1.2011.6.164.1.1.2.100.1.3.2147550752,Integer,2
.1.3.6.1.4.1.2011.6.164.1.1.2.100.1.3.2147550753,Integer,2
.1.3.6.1.4.1.2011.6.164.1.1.2.100.1.3.2147558008,Integer,2
.1.3.6.1.4.1.2011.6.164.1.1.2.100.1.3.2147558009,Integer,2
.1.3.6.1.4.1.2011.6.164.1.1.2.100.1.3.2147559284,Integer,2
.1.3.6.1.4.1.2011.6.164.1.1.2.100.1.3.2147559315,Integer,1
.1.3.6.1.4.1.2011.6.164.1.1.2.100.1.3.2147559336,Integer,2
.1.3.6.1.4.1.2011.6.164.1.1.2.100.1.3.2147559337,Integer,2
.1.3.6.1.4.1.2011.6.164.1.1.2.100.1.3.2147559338,Integer,2
.1.3.6.1.4.1.2011.6.164.1.1.2.100.1.3.2147559339,Integer,1
.1.3.6.1.4.1.2011.6.164.1.1.2.100.1.3.2147559353,Integer,2
.1.3.6.1.4.1.2011.6.164.1.1.2.100.1.3.2147559354,Integer,2
.1.3.6.1.4.1.2011.6.164.1.1.2.100.1.3.2147559355,Integer,2
.1.3.6.1.4.1.2011.6.164.1.1.2.100.1.3.2147559356,Integer,2
.1.3.6.1.4.1.2011.6.164.1.1.2.100.1.3.2147559357,Integer,2
.1.3.6.1.4.1.2011.6.164.1.1.2.100.1.3.2147559359,Integer,2
.1.3.6.1.4.1.2011.6.164.1.1.2.100.1.3.2147559360,Integer,2
.1.3.6.1.4.1.2011.6.164.1.1.2.100.1.3.2147559361,Integer,2
.1.3.6.1.4.1.2011.6.164.1.1.2.100.1.3.2147559362,Integer,2
.1.3.6.1.4.1.2011.6.164.1.1.2.100.1.3.2147559363,Integer,2
.1.3.6.1.4.1.2011.6.164.1.1.2.100.1.3.2147559364,Integer,2
.1.3.6.1.4.1.2011.6.164.1.1.2.100.1.3.2147559365,Integer,2
.1.3.6.1.4.1.2011.6.164.1.1.2.100.1.3.2147559366,Integer,2
.1.3.6.1.4.1.2011.6.164.1.1.2.100.1.3.2147559367,Integer,2
.1.3.6.1.4.1.2011.6.164.1.1.2.100.1.3.2147559368,Integer,2
.1.3.6.1.4.1.2011.6.164.1.1.2.100.1.3.2147559369,Integer,2
.1.3.6.1.4.1.2011.6.164.1.1.2.100.1.3.2147559370,Integer,2
.1.3.6.1.4.1.2011.6.164.1.1.2.100.1.3.2147559371,Integer,2
.1.3.6.1.4.1.2011.6.164.1.1.2.100.1.3.2147559372,Integer,2
.1.3.6.1.4.1.2011.6.164.1.1.2.100.1.3.2147559373,Integer,2
.1.3.6.1.4.1.2011.6.164.1.1.2.100.1.3.2147559374,Integer,2
.1.3.6.1.4.1.2011.6.164.1.1.2.100.1.3.2147559375,Integer,2
.1.3.6.1.4.1.2011.6.164.1.1.2.100.1.3.2147559376,Integer,2
.1.3.6.1.4.1.2011.6.164.1.1.2.100.1.3.2147559377,Integer,2
.1.3.6.1.4.1.2011.6.164.1.1.2.100.1.3.2147559396,Integer,2
.1.3.6.1.4.1.2011.6.164.1.1.2.100.1.3.2147559408,Integer,2
.1.3.6.1.4.1.2011.6.164.1.1.2.100.1.3.2147559415,Integer,2
.1.3.6.1.4.1.2011.6.164.1.1.2.100.1.3.2147559416,Integer,2
.1.3.6.1.4.1.2011.6.164.1.1.2.100.1.3.2147559417,Integer,2
.1.3.6.1.4.1.2011.6.164.1.1.2.100.1.3.2147559418,Integer,2
.1.3.6.1.4.1.2011.6.164.1.1.2.100.1.3.2147559419,Integer,2
.1.3.6.1.4.1.2011.6.164.1.1.2.100.1.3.2147559420,Integer,2
.1.3.6.1.4.1.2011.6.164.1.1.2.100.1.3.2147559421,Integer,2
.1.3.6.1.4.1.2011.6.164.1.1.2.100.1.3.2147559422,Integer,2
.1.3.6.1.4.1.2011.6.164.1.1.2.100.1.3.2147559423,Integer,2
.1.3.6.1.4.1.2011.6.164.1.1.2.100.1.3.2147559424,Integer,2
.1.3.6.1.4.1.2011.6.164.1.1.2.100.1.3.2147559425,Integer,2
.1.3.6.1.4.1.2011.6.164.1.1.2.100.1.3.2147559426,Integer,2
.1.3.6.1.4.1.2011.6.164.1.1.2.100.1.3.2147559427,Integer,2
.1.3.6.1.4.1.2011.6.164.1.1.2.100.1.3.2147559428,Integer,2
.1.3.6.1.4.1.2011.6.164.1.1.2.100.1.3.2147559429,Integer,2
.1.3.6.1.4.1.2011.6.164.1.1.2.100.1.3.2147559430,Integer,2
.1.3.6.1.4.1.2011.6.164.1.1.2.100.1.3.2147559431,Integer,2
.1.3.6.1.4.1.2011.6.164.1.1.2.100.1.3.2147559432,Integer,2
.1.3.6.1.4.1.2011.6.164.1.1.2.100.1.3.2147559433,Integer,2
.1.3.6.1.4.1.2011.6.164.1.1.2.100.1.3.2147559434,Integer,2
.1.3.6.1.4.1.2011.6.164.1.1.2.100.1.3.2147559447,Integer,1
.1.3.6.1.4.1.2011.6.164.1.1.2.100.1.3.2147559448,Integer,1
.1.3.6.1.4.1.2011.6.164.1.1.2.100.1.3.2147559449,Integer,2
.1.3.6.1.4.1.2011.6.164.1.1.2.100.1.3.2147559451,Integer,2
.1.3.6.1.4.1.2011.6.164.1.1.2.100.1.3.2147559452,Integer,2
.1.3.6.1.4.1.2011.6.164.1.1.2.100.1.3.2147559453,Integer,2
.1.3.6.1.4.1.2011.6.164.1.1.2.100.1.3.2147559454,Integer,3
.1.3.6.1.4.1.2011.6.164.1.1.2.100.1.3.2147559455,Integer,3
.1.3.6.1.4.1.2011.6.164.1.1.2.100.1.3.2147559456,Integer,3
.1.3.6.1.4.1.2011.6.164.1.1.2.100.1.3.2147559457,Integer,3
.1.3.6.1.4.1.2011.6.164.1.1.2.100.1.3.2147559458,Integer,3
.1.3.6.1.4.1.2011.6.164.1.1.2.100.1.3.2147559459,Integer,3
.1.3.6.1.4.1.2011.6.164.1.1.2.100.1.3.2147559480,Integer,2
.1.3.6.1.4.1.2011.6.164.1.1.2.100.1.3.2147559481,Integer,3
.1.3.6.1.4.1.2011.6.164.1.1.2.100.1.3.2147559483,Integer,2
.1.3.6.1.4.1.2011.6.164.1.1.2.100.1.3.2147564440,Integer,2
.1.3.6.1.4.1.2011.6.164.1.1.2.100.1.3.2147564441,Integer,2
.1.3.6.1.4.1.2011.6.164.1.1.2.100.1.3.2147564444,Integer,2
.1.3.6.1.4.1.2011.6.164.1.1.2.100.1.3.2147564445,Integer,2
.1.3.6.1.4.1.2011.6.164.1.1.2.100.1.3.2147564449,Integer,3
.1.3.6.1.4.1.2011.6.164.1.1.2.100.1.3.2147564450,Integer,2
.1.3.6.1.4.1.2011.6.164.1.1.2.100.1.3.2147564454,Integer,2
.1.3.6.1.4.1.2011.6.164.1.1.2.100.1.3.2147564455,Integer,2
.1.3.6.1.4.1.2011.6.164.1.1.2.100.1.3.2147564456,Integer,2
.1.3.6.1.4.1.2011.6.164.1.1.2.100.1.3.2147564466,Integer,2
.1.3.6.1.4.1.2011.6.164.1.1.2.100.1.3.2147564467,Integer,2
.1.3.6.1.4.1.2011.6.164.1.1.2.100.1.3.2147564468,Integer,2
.1.3.6.1.4.1.2011.6.164.1.1.2.100.1.3.2147564469,Integer,2
.1.3.6.1.4.1.2011.6.164.1.1.2.100.1.3.2147564473,Integer,2
.1.3.6.1.4.1.2011.6.164.1.1.2.100.1.3.2147564474,Integer,2
.1.3.6.1.4.1.2011.6.164.1.1.2.100.1.3.2147564475,Integer,2
.1.3.6.1.4.1.2011.6.164.1.1.2.100.1.3.2147564476,Integer,2
.1.3.6.1.4.1.2011.6.164.1.1.2.100.1.3.2147564477,Integer,2
.1.3.6.1.4.1.2011.6.164.1.1.2.100.1.3.2147564478,Integer,2
.1.3.6.1.4.1.2011.6.164.1.1.2.100.1.3.2147564479,Integer,4
.1.3.6.1.4.1.2011.6.164.1.1.2.100.1.3.2147564480,Integer,2
.1.3.6.1.4.1.2011.6.164.1.1.2.100.1.3.2147564489,Integer,2
.1.3.6.1.4.1.2011.6.164.1.1.2.100.1.3.2147564491,Integer,3
.1.3.6.1.4.1.2011.6.164.1.1.2.100.1.3.2147564492,Integer,2
.1.3.6.1.4.1.2011.6.164.1.1.2.100.1.3.2147564493,Integer,1
.1.3.6.1.4.1.2011.6.164.1.1.2.100.1.3.2147564514,Integer,2
.1.3.6.1.4.1.2011.6.164.1.1.2.100.1.3.2147564516,Integer,2
.1.3.6.1.4.1.2011.6.164.1.1.2.100.1.3.2147569971,Integer,1
.1.3.6.1.4.1.2011.6.164.1.1.2.100.1.3.2147569972,Integer,2
.1.3.6.1.4.1.2011.6.164.1.1.2.100.1.3.2147569973,Integer,2
.1.3.6.1.4.1.2011.6.164.1.1.2.100.1.3.2147569974,Integer,2
.1.3.6.1.4.1.2011.6.164.1.1.2.100.1.3.2147569977,Integer,1
.1.3.6.1.4.1.2011.6.164.1.1.2.100.1.3.2147569978,Integer,2
.1.3.6.1.4.1.2011.6.164.1.1.2.100.1.3.2147569979,Integer,2
.1.3.6.1.4.1.2011.6.164.1.1.2.100.1.3.2147569980,Integer,2
.1.3.6.1.4.1.2011.6.164.1.1.2.100.1.3.2147569982,Integer,1
.1.3.6.1.4.1.2011.6.164.1.1.2.100.1.3.2147569983,Integer,2
.1.3.6.1.4.1.2011.6.164.1.1.2.100.1.3.2147569984,Integer,2
.1.3.6.1.4.1.2011.6.164.1.1.2.100.1.3.2147569985,Integer,2
.1.3.6.1.4.1.2011.6.164.1.1.2.100.1.3.2147569987,Integer,1
.1.3.6.1.4.1.2011.6.164.1.1.2.100.1.3.2147569988,Integer,2
.1.3.6.1.4.1.2011.6.164.1.1.2.100.1.3.2147569989,Integer,2
.1.3.6.1.4.1.2011.6.164.1.1.2.100.1.3.2147569990,Integer,2
.1.3.6.1.4.1.2011.6.164.1.1.2.100.1.3.2147586150,Integer,2
.1.3.6.1.4.1.2011.6.164.1.1.2.100.1.3.2147586152,Integer,2
.1.3.6.1.4.1.2011.6.164.1.1.2.100.1.3.2147586160,Integer,3
.1.3.6.1.4.1.2011.6.164.1.1.2.100.1.3.2147589338,Integer,2
.1.3.6.1.4.1.2011.6.164.1.1.2.100.1.3.2147589340,Integer,2
.1.3.6.1.4.1.2011.6.164.1.1.2.100.1.3.2147589341,Integer,3
.1.3.6.1.4.1.2011.6.164.1.1.2.100.1.3.2147610780,Integer,2
.1.3.6.1.4.1.2011.6.164.1.1.2.100.1.3.2147610790,Integer,3
.1.3.6.1.4.1.2011.6.164.1.1.2.100.1.3.2147611028,Integer,3
.1.3.6.1.4.1.2011.6.164.1.1.2.100.1.3.2147611029,Integer,4
.1.3.6.1.4.1.2011.6.164.1.1.2.100.1.3.2147611030,Integer,4
.1.3.6.1.4.1.2011.6.164.1.1.2.100.1.3.2147616322,Integer,2
.1.3.6.1.4.1.2011.6.164.1.1.2.100.1.3.2147616323,Integer,3
.1.3.6.1.4.1.2011.6.164.1.1.2.100.1.3.2147616324,Integer,2
.1.3.6.1.4.1.2011.6.164.1.1.2.100.1.3.2147616327,Integer,2
.1.3.6.1.4.1.2011.6.164.1.1.2.100.1.3.2147616328,Integer,2
.1.3.6.1.4.1.2011.6.164.1.1.2.100.1.3.2147616329,Integer,2
.1.3.6.1.4.1.2011.6.164.1.1.2.100.1.3.2147616333,Integer,2
.1.3.6.1.4.1.2011.6.164.1.1.2.100.1.3.2147616334,Integer,2
.1.3.6.1.4.1.2011.6.164.1.1.2.100.1.3.2147616335,Integer,2
.1.3.6.1.4.1.2011.6.164.1.1.2.100.1.3.2147616336,Integer,3
.1.3.6.1.4.1.2011.6.164.1.1.2.100.1.3.2147616337,Integer,2
.1.3.6.1.4.1.2011.6.164.1.1.2.100.1.3.2147623533,Integer,4
.1.3.6.1.4.1.2011.6.164.1.1.2.100.1.3.2147623534,Integer,2
.1.3.6.1.4.1.2011.6.164.1.1.2.100.1.3.2147676357,Integer,2
.1.3.6.1.4.1.2011.6.164.1.1.2.100.1.3.2147689056,Integer,2
.1.3.6.1.4.1.2011.6.164.1.1.2.100.1.3.2147689058,Integer,2
.1.3.6.1.4.1.2011.6.164.1.1.2.100.1.3.2147689059,Integer,4
.1.3.6.1.4.1.2011.6.164.1.1.2.100.1.3.2147689060,Integer,3
.1.3.6.1.4.1.2011.6.164.1.1.2.100.1.3.2147689061,Integer,2
.1.3.6.1.4.1.2011.6.164.1.1.2.100.1.3.2147689062,Integer,2
.1.3.6.1.4.1.2011.6.164.1.1.2.100.1.3.2147689063,Integer,2
.1.3.6.1.4.1.2011.6.164.1.1.2.100.1.3.2147689064,Integer,4
.1.3.6.1.4.1.2011.6.164.1.1.2.100.1.3.2147689065,Integer,3
.1.3.6.1.4.1.2011.6.164.1.1.2.100.1.3.2147689066,Integer,1
.1.3.6.1.4.1.2011.6.164.1.1.2.100.1.3.2147689069,Integer,2
.1.3.6.1.4.1.2011.6.164.1.1.2.100.1.3.2147689071,Integer,2
.1.3.6.1.4.1.2011.6.164.1.1.2.100.1.3.2147689075,Integer,2
.1.3.6.1.4.1.2011.6.164.1.1.2.100.1.3.2147746495,Integer,3
.1.3.6.1.4.1.2011.6.164.1.1.2.100.1.3.2147746496,Integer,4
.1.3.6.1.4.1.2011.6.164.1.1.2.100.1.3.2147746497,Integer,2
.1.3.6.1.4.1.2011.6.164.1.1.2.100.1.3.2147746498,Integer,1
.1.3.6.1.4.1.2011.6.164.1.1.2.100.1.3.2147746528,Integer,3
.1.3.6.1.4.1.2011.6.164.1.1.2.100.1.3.2147755893,Integer,2
.1.3.6.1.4.1.2011.6.164.1.1.2.100.1.3.2147755895,Integer,2
.1.3.6.1.4.1.2011.6.164.1.1.2.100.1.3.2147755898,Integer,4
.1.3.6.1.4.1.2011.6.164.1.1.2.100.1.3.2147755900,Integer,4
.1.3.6.1.4.1.2011.6.164.1.1.2.100.1.3.2147756512,Integer,2
.1.3.6.1.4.1.2011.6.164.1.1.2.100.1.3.2147756513,Integer,1
.1.3.6.1.4.1.2011.6.164.1.1.2.100.1.3.2147756515,Integer,2
.1.3.6.1.4.1.2011.6.164.1.1.2.100.1.3.2147756518,Integer,2
.1.3.6.1.4.1.2011.6.164.1.1.2.100.1.3.2147756523,Integer,4
.1.3.6.1.4.1.2011.6.164.1.1.2.100.1.3.2147756524,Integer,2
.1.3.6.1.4.1.2011.6.164.1.1.2.100.1.3.2147756525,Integer,2
.1.3.6.1.4.1.2011.6.164.1.1.2.100.1.3.2147756526,Integer,2
.1.3.6.1.4.1.2011.6.164.1.1.2.100.1.3.2147756527,Integer,2
.1.3.6.1.4.1.2011.6.164.1.1.2.100.1.3.2147756540,Integer,3
.1.3.6.1.4.1.2011.6.164.1.1.2.100.1.3.2147756548,Integer,4
.1.3.6.1.4.1.2011.6.164.1.1.2.100.1.3.2147756549,Integer,2
.1.3.6.1.4.1.2011.6.164.1.1.2.100.1.3.2147756574,Integer,4
.1.3.6.1.4.1.2011.6.164.1.1.2.100.1.3.2147756575,Integer,2
.1.3.6.1.4.1.2011.6.164.1.1.2.100.1.3.2147756576,Integer,3
.1.3.6.1.4.1.2011.6.164.1.1.2.100.1.3.2147756585,Integer,4
.1.3.6.1.4.1.2011.6.164.1.1.2.100.1.3.2147756587,Integer,2
.1.3.6.1.4.1.2011.6.164.1.1.2.100.1.3.2147756588,Integer,2
.1.3.6.1.4.1.2011.6.164.1.1.2.100.1.3.2147756589,Integer,2
.1.3.6.1.4.1.2011.6.164.1.1.2.100.1.3.2147756590,Integer,4
.1.3.6.1.4.1.2011.6.164.1.1.2.100.1.3.2147756591,Integer,4
.1.3.6.1.4.1.2011.6.164.1.1.2.100.1.3.2147765557,Integer,2
.1.3.6.1.4.1.2011.6.164.1.1.2.100.1.3.2147765558,Integer,2
.1.3.6.1.4.1.2011.6.164.1.1.2.100.1.3.2147765559,Integer,2
.1.3.6.1.4.1.2011.6.164.1.1.2.100.1.3.2147765575,Integer,4
.1.3.6.1.4.1.2011.6.164.1.1.2.100.1.3.2147765576,Integer,4
.1.3.6.1.4.1.2011.6.164.1.1.2.100.1.3.2147765577,Integer,4
.1.3.6.1.4.1.2011.6.164.1.1.2.100.1.3.2147765578,Integer,4
.1.3.6.1.4.1.2011.6.164.1.1.2.100.1.3.2147765580,Integer,3
.1.3.6.1.4.1.2011.6.164.1.1.2.100.1.3.2147768496,Integer,3
.1.3.6.1.4.1.2011.6.164.1.1.2.100.1.3.2147768497,Integer,4
.1.3.6.1.4.1.2011.6.164.1.1.2.100.1.3.2147821886,Integer,2
.1.3.6.1.4.1.2011.6.164.1.1.2.100.1.3.2147821887,Integer,3
.1.3.6.1.4.1.2011.6.164.1.1.2.100.1.3.2147822086,Integer,1
.1.3.6.1.4.1.2011.6.164.1.1.2.100.1.3.2147822092,Integer,4
.1.3.6.1.4.1.2011.6.164.1.1.2.100.1.3.2147822098,Integer,2
.1.3.6.1.4.1.2011.6.164.1.1.2.100.1.3.2147822113,Integer,4
.1.3.6.1.4.1.2011.6.164.1.1.2.100.1.3.2147822114,Integer,4
.1.3.6.1.4.1.2011.6.164.1.1.2.100.1.3.2147822115,Integer,4
.1.3.6.1.4.1.2011.6.164.1.1.2.100.1.3.2147822116,Integer,4
.1.3.6.1.4.1.2011.6.164.1.1.2.100.1.3.2148082822,Integer,2
.1.3.6.1.4.1.2011.6.164.1.1.2.100.1.3.2148082823,Integer,2
.1.3.6.1.4.1.2011.6.164.1.1.2.100.1.3.2148082825,Integer,2
.1.3.6.1.4.1.2011.6.164.1.1.2.100.1.3.2148082826,Integer,2
.1.3.6.1.4.1.2011.6.164.1.1.2.100.1.3.2148082827,Integer,2
.1.3.6.1.4.1.2011.6.164.1.1.2.100.1.3.2148082828,Integer,3
.1.3.6.1.4.1.2011.6.164.1.1.2.100.1.3.2148082836,Integer,2
.1.3.6.1.4.1.2011.6.164.1.1.2.100.1.3.2148082837,Integer,2
.1.3.6.1.4.1.2011.6.164.1.1.2.100.1.3.2148082838,Integer,2
.1.3.6.1.4.1.2011.6.164.1.1.2.100.1.3.2148082840,Integer,3
.1.3.6.1.4.1.2011.6.164.1.1.2.100.1.3.2148082841,Integer,3
.1.3.6.1.4.1.2011.6.164.1.1.2.100.1.3.2148082842,Integer,2
.1.3.6.1.4.1.2011.6.164.1.1.2.100.1.3.2148082844,Integer,2
.1.3.6.1.4.1.2011.6.164.1.1.2.100.1.3.2148082846,Integer,2
.1.3.6.1.4.1.2011.6.164.1.1.2.100.1.3.2148082847,Integer,2
.1.3.6.1.4.1.2011.6.164.1.1.2.100.1.3.2148082848,Integer,2
.1.3.6.1.4.1.2011.6.164.1.1.2.100.1.3.2148082849,Integer,4
.1.3.6.1.4.1.2011.6.164.1.1.2.100.1.3.2148082850,Integer,4
.1.3.6.1.4.1.2011.6.164.1.1.2.100.1.3.2148082851,Integer,2
.1.3.6.1.4.1.2011.6.164.1.1.2.100.1.3.2148082852,Integer,2
.1.3.6.1.4.1.2011.6.164.1.1.2.100.1.3.2148142458,Integer,3
.1.3.6.1.4.1.2011.6.164.1.1.2.100.1.3.2148151419,Integer,3
.1.3.6.1.4.1.2011.6.164.1.1.2.100.1.3.2148151420,Integer,3
.1.3.6.1.4.1.2011.6.164.1.1.2.100.1.3.2148151421,Integer,3
.1.3.6.1.4.1.2011.6.164.1.1.2.100.1.3.2148151422,Integer,3
.1.3.6.1.4.1.2011.6.164.1.1.2.100.1.3.2148214494,Integer,2
.1.3.6.1.4.1.2011.6.164.1.1.2.100.1.3.2148214495,Integer,4
.1.3.6.1.4.1.2011.6.164.1.1.2.100.1.3.2148214496,Integer,2
.1.3.6.1.4.1.2011.6.164.1.1.2.100.1.3.2148214497,Integer,4
.1.3.6.1.4.1.2011.6.164.1.1.2.100.1.3.2148214498,Integer,1
.1.3.6.1.4.1.2011.6.164.1.1.2.100.1.3.2148214510,Integer,2
.1.3.6.1.4.1.2011.6.164.1.1.2.100.1.3.2148214512,Integer,2
.1.3.6.1.4.1.2011.6.164.1.1.2.100.1.3.2148266387,Integer,1
.1.3.6.1.4.1.2011.6.164.1.1.2.100.1.3.2148280038,Integer,2
.1.3.6.1.4.1.2011.6.164.1.1.2.100.1.3.2148280039,Integer,2
.1.3.6.1.4.1.2011.6.164.1.1.2.100.1.3.2148280040,Integer,2
.1.3.6.1.4.1.2011.6.164.1.1.2.100.1.3.2148280041,Integer,2
.1.3.6.1.4.1.2011.6.164.1.1.2.100.1.3.2148280056,Integer,2
.1.3.6.1.4.1.2011.6.164.1.1.2.100.1.3.2148332027,Integer,3
.1.3.6.1.4.1.2011.6.164.1.1.2.100.1.3.2148335723,Integer,2
.1.3.6.1.4.1.2011.6.164.1.1.2.100.1.3.2148335738,Integer,2
.1.3.6.1.4.1.2011.6.164.1.1.2.100.1.3.2148355367,Integer,2
.1.3.6.1.4.1.2011.6.164.1.1.2.100.1.3.2148355368,Integer,2
.1.3.6.1.4.1.2011.6.164.1.1.2.100.1.3.2148355369,Integer,2
.1.3.6.1.4.1.2011.6.164.1.1.2.100.1.3.2148397066,Integer,2
.1.3.6.1.4.1.2011.6.164.1.1.2.100.1.3.2148477939,Integer,3
.1.3.6.1.4.1.2011.6.164.1.1.2.100.1.3.2148477940,Integer,2
.1.3.6.1.4.1.2011.6.164.1.1.2.100.1.3.2148477941,Integer,2
.1.3.6.1.4.1.2011.6.164.1.1.2.100.1.3.2148477942,Integer,2
.1.3.6.1.4.1.2011.6.164.1.1.2.100.1.3.2148477943,Integer,2
.1.3.6.1.4.1.2011.6.164.1.1.2.100.1.3.2148477944,Integer,1
.1.3.6.1.4.1.2011.6.164.1.1.2.100.1.3.2148477945,Integer,4
.1.3.6.1.4.1.2011.6.164.1.1.2.100.1.3.2148477946,Integer,3
.1.3.6.1.4.1.2011.6.164.1.1.2.100.1.3.2148477947,Integer,1
.1.3.6.1.4.1.2011.6.164.1.1.2.100.1.3.2148477948,Integer,1
.1.3.6.1.4.1.2011.6.164.1.1.2.100.1.3.2148477949,Integer,2
.1.3.6.1.4.1.2011.6.164.1.1.2.100.1.3.2148477950,Integer,2
.1.3.6.1.4.1.2011.6.164.1.1.2.100.1.3.2148536024,Integer,3
.1.3.6.1.4.1.2011.6.164.1.1.2.100.1.3.2148606612,Integer,2
.1.3.6.1.4.1.2011.6.164.1.1.2.100.1.3.2148606614,Integer,4
.1.3.6.1.4.1.2011.6.164.1.1.2.100.1.3.2148664946,Integer,2
.1.3.6.1.4.1.2011.6.164.1.1.2.100.1.3.2148664948,Integer,3
.1.3.6.1.4.1.2011.6.164.1.1.2.100.1.3.2148664949,Integer,3
.1.3.6.1.4.1.2011.6.164.1.1.2.100.1.3.2148664950,Integer,2
.1.3.6.1.4.1.2011.6.164.1.1.2.100.1.3.2148672146,Integer,4
.1.3.6.1.4.1.2011.6.164.1.1.2.100.1.3.2148803566,Integer,4
.1.3.6.1.4.1.2011.6.164.1.1.2.100.1.3.2148803567,Integer,4
.1.3.6.1.4.1.2011.6.164.1.1.2.100.1.3.2148803568,Integer,4
.1.3.6.1.4.1.2011.6.164.1.1.2.100.1.3.2148803569,Integer,4
.1.3.6.1.4.1.2011.6.164.1.1.2.100.1.3.2148803570,Integer,4
.1.3.6.1.4.1.2011.6.164.1.1.2.100.1.3.2148803571,Integer,4
.1.3.6.1.4.1.2011.6.164.1.1.2.100.1.3.2148803572,Integer,4
.1.3.6.1.4.1.2011.6.164.1.1.2.100.1.3.2148803573,Integer,4
.1.3.6.1.4.1.2011.6.164.1.1.2.100.1.3.2148803574,Integer,4
.1.3.6.1.4.1.2011.6.164.1.1.2.100.1.3.2148803575,Integer,4
.1.3.6.1.4.1.2011.6.164.1.1.2.100.1.3.2148803576,Integer,4
.1.3.6.1.4.1.2011.6.164.1.1.2.100.1.3.2148803577,Integer,4
.1.3.6.1.4.1.2011.6.164.1.1.2.100.1.3.2148803578,Integer,4
.1.3.6.1.4.1.2011.6.164.1.1.2.100.1.3.2148803579,Integer,4
.1.3.6.1.4.1.2011.6.164.1.1.2.100.1.3.2148803580,Integer,4
.1.3.6.1.4.1.2011.6.164.1.1.2.100.1.3.2148803581,Integer,4
.1.3.6.1.4.1.2011.6.164.1.1.2.100.1.3.2148803582,Integer,4
.1.3.6.1.4.1.2011.6.164.1.1.2.100.1.3.2148803583,Integer,4
.1.3.6.1.4.1.2011.6.164.1.1.2.100.1.3.2148803584,Integer,4
.1.3.6.1.4.1.2011.6.164.1.1.2.100.1.3.2148803585,Integer,4
.1.3.6.1.4.1.2011.6.164.1.1.2.100.1.3.2148803586,Integer,4
.1.3.6.1.4.1.2011.6.164.1.1.2.100.1.3.2148803587,Integer,4
.1.3.6.1.4.1.2011.6.164.1.1.2.100.1.3.2148803588,Integer,4
.1.3.6.1.4.1.2011.6.164.1.1.2.100.1.3.2148803589,Integer,4
.1.3.6.1.4.1.2011.6.164.1.1.2.100.1.3.2148803590,Integer,2
.1.3.6.1.4.1.2011.6.164.1.1.2.100.1.3.2148803591,Integer,4
.1.3.6.1.4.1.2011.6.164.1.1.2.100.1.3.2148803592,Integer,4
.1.3.6.1.4.1.2011.6.164.1.1.2.100.1.3.2148803593,Integer,4
.1.3.6.1.4.1.2011.6.164.1.1.2.100.1.3.2148803594,Integer,4
.1.3.6.1.4.1.2011.6.164.1.1.2.100.1.3.2148803595,Integer,4
.1.3.6.1.4.1.2011.6.164.1.1.2.100.1.3.2148803596,Integer,4
.1.3.6.1.4.1.2011.6.164.1.1.2.100.1.3.2148803597,Integer,4
.1.3.6.1.4.1.2011.6.164.1.1.2.100.1.3.2148803598,Integer,4
.1.3.6.1.4.1.2011.6.164.1.1.2.100.1.3.2148803599,Integer,4
.1.3.6.1.4.1.2011.6.164.1.1.2.100.1.3.2148803600,Integer,4
.1.3.6.1.4.1.2011.6.164.1.1.2.100.1.3.2148803601,Integer,4
.1.3.6.1.4.1.2011.6.164.1.1.2.100.1.3.2148803602,Integer,4
.1.3.6.1.4.1.2011.6.164.1.1.2.100.1.3.2148803603,Integer,4
.1.3.6.1.4.1.2011.6.164.1.1.2.100.1.3.2148803604,Integer,4
.1.3.6.1.4.1.2011.6.164.1.1.2.100.1.3.2148803605,Integer,4
.1.3.6.1.4.1.2011.6.164.1.1.2.100.1.3.2148803606,Integer,4
.1.3.6.1.4.1.2011.6.164.1.1.2.100.1.3.2148803607,Integer,4
.1.3.6.1.4.1.2011.6.164.1.1.2.100.1.3.2148855813,Integer,4
.1.3.6.1.4.1.2011.6.164.1.1.2.100.1.3.2148855814,Integer,4
.1.3.6.1.4.1.2011.6.164.1.1.2.100.1.3.2148855815,Integer,4
.1.3.6.1.4.1.2011.6.164.1.1.2.100.1.3.2148855816,Integer,4
.1.3.6.1.4.1.2011.6.164.1.1.2.100.1.3.2148855817,Integer,4
.1.3.6.1.4.1.2011.6.164.1.1.2.100.1.3.2148936641,Integer,2
.1.3.6.1.4.1.2011.6.164.1.1.2.100.1.3.2148936642,Integer,3
.1.3.6.1.4.1.2011.6.164.1.1.2.100.1.3.2148936644,Integer,4
.1.3.6.1.4.1.2011.6.164.1.1.2.100.1.3.2148936645,Integer,4
.1.3.6.1.4.1.2011.6.164.1.1.2.100.1.3.2148945391,Integer,2
.1.3.6.1.4.1.2011.6.164.1.1.2.100.1.3.2148945392,Integer,3
.1.3.6.1.4.1.2011.6.164.1.1.2.100.1.3.2148945393,Integer,3
.1.3.6.1.4.1.2011.6.164.1.1.2.100.1.3.2148945394,Integer,1
.1.3.6.1.4.1.2011.6.164.1.1.2.100.1.3.2148945395,Integer,3
.1.3.6.1.4.1.2011.6.164.1.1.2.100.1.3.2148945396,Integer,2
.1.3.6.1.4.1.2011.6.164.1.1.2.100.1.3.2148945397,Integer,2
.1.3.6.1.4.1.2011.6.164.1.1.2.100.1.3.2148945398,Integer,2
.1.3.6.1.4.1.2011.6.164.1.1.2.100.1.3.2148945399,Integer,2
.1.3.6.1.4.1.2011.6.164.1.1.2.100.1.3.2148945400,Integer,2
.1.3.6.1.4.1.2011.6.164.1.1.2.100.1.3.2148945402,Integer,4
.1.3.6.1.4.1.2011.6.164.1.1.2.100.1.3.2148945403,Integer,4
.1.3.6.1.4.1.2011.6.164.1.1.2.100.1.3.2148945404,Integer,4
.1.3.6.1.4.1.2011.6.164.1.1.2.100.1.3.2148945405,Integer,4
.1.3.6.1.4.1.2011.6.164.1.1.2.100.1.3.2148945406,Integer,2
.1.3.6.1.4.1.2011.6.164.1.1.2.100.1.3.2148945407,Integer,2
.1.3.6.1.4.1.2011.6.164.1.1.2.100.1.3.2148945408,Integer,3
.1.3.6.1.4.1.2011.6.164.1.1.2.100.1.3.2148945409,Integer,2
.1.3.6.1.4.1.2011.6.164.1.1.2.100.1.3.2148945410,Integer,2
.1.3.6.1.4.1.2011.6.164.1.1.2.100.1.3.2148945413,Integer,2
.1.3.6.1.4.1.2011.6.164.1.1.2.100.1.3.2148945414,Integer,2
.1.3.6.1.4.1.2011.6.164.1.1.2.100.1.3.2148945415,Integer,2
.1.3.6.1.4.1.2011.6.164.1.1.2.100.1.3.2148945416,Integer,2
.1.3.6.1.4.1.2011.6.164.1.1.2.100.1.3.2148945417,Integer,2
.1.3.6.1.4.1.2011.6.164.1.1.2.100.1.3.2148945419,Integer,2
.1.3.6.1.4.1.2011.6.164.1.1.2.100.1.3.2148945422,Integer,2
.1.3.6.1.4.1.2011.6.164.1.1.2.100.1.3.2148945423,Integer,2
.1.3.6.1.4.1.2011.6.164.1.1.2.100.1.3.2148945424,Integer,2
.1.3.6.1.4.1.2011.6.164.1.1.2.100.1.3.2148945426,Integer,1
.1.3.6.1.4.1.2011.6.164.1.1.2.100.1.3.2148945427,Integer,1
.1.3.6.1.4.1.2011.6.164.1.1.2.100.1.3.2148945431,Integer,3
.1.3.6.1.4.1.2011.6.164.1.1.2.100.1.3.2148945434,Integer,3
.1.3.6.1.4.1.2011.6.164.1.1.2.100.1.3.2148945437,Integer,2
.1.3.6.1.4.1.2011.6.164.1.1.2.100.1.3.2148945439,Integer,3
.1.3.6.1.4.1.2011.6.164.1.1.2.100.1.3.2148945440,Integer,3
.1.3.6.1.4.1.2011.6.164.1.1.2.100.1.3.2148947544,Integer,3
.1.3.6.1.4.1.2011.6.164.1.1.2.100.1.3.2148947545,Integer,2
.1.3.6.1.4.1.2011.6.164.1.1.2.100.1.3.2148947546,Integer,1
.1.3.6.1.4.1.2011.6.164.1.1.2.100.1.3.2148947548,Integer,2
.1.3.6.1.4.1.2011.6.164.1.1.2.100.1.3.2148947549,Integer,2
.1.3.6.1.4.1.2011.6.164.1.1.2.100.1.3.2148947550,Integer,2
.1.3.6.1.4.1.2011.6.164.1.1.2.100.1.3.2148962336,Integer,3
.1.3.6.1.4.1.2011.6.164.1.1.2.100.1.3.2148962337,Integer,3
.1.3.6.1.4.1.2011.6.164.1.1.2.100.1.3.2148962338,Integer,3
.1.3.6.1.4.1.2011.6.164.1.1.2.100.1.3.2148962339,Integer,3
.1.3.6.1.4.1.2011.6.164.1.1.2.100.1.3.2148962340,Integer,3
.1.3.6.1.4.1.2011.6.164.1.1.2.100.1.3.2148962341,Integer,3
.1.3.6.1.4.1.2011.6.164.1.1.2.100.1.3.2148962342,Integer,3
.1.3.6.1.4.1.2011.6.164.1.1.2.100.1.3.2148962343,Integer,3
.1.3.6.1.4.1.2011.6.164.1.1.2.100.1.3.2148962344,Integer,3
.1.3.6.1.4.1.2011.6.164.1.1.2.100.1.3.2148962351,Integer,2
.1.3.6.1.4.1.2011.6.164.1.1.2.100.1.3.2148966001,Integer,2
.1.3.6.1.4.1.2011.6.164.1.1.2.100.1.3.2148966002,Integer,1
.1.3.6.1.4.1.2011.6.164.1.1.2.100.1.3.2148966003,Integer,4
.1.3.6.1.4.1.2011.6.164.1.1.2.100.1.3.2148966004,Integer,2
.1.3.6.1.4.1.2011.6.164.1.1.2.100.1.3.2149009129,Integer,4
.1.3.6.1.4.1.2011.6.164.1.1.2.100.1.3.2149013083,Integer,4
.1.3.6.1.4.1.2011.6.164.1.1.2.100.1.3.2149057218,Integer,4
.1.3.6.1.4.1.2011.6.164.1.1.2.100.1.3.2149067065,Integer,2
.1.3.6.1.4.1.2011.6.164.1.1.2.100.1.3.2149070312,Integer,2
.1.3.6.1.4.1.2011.6.164.1.1.2.100.1.3.2149070313,Integer,4
.1.3.6.1.4.1.2011.6.164.1.1.2.100.1.3.2149070324,Integer,3
.1.3.6.1.4.1.2011.6.164.1.1.2.100.1.3.2149070325,Integer,3
.1.3.6.1.4.1.2011.6.164.1.1.2.100.1.3.2149070326,Integer,2
.1.3.6.1.4.1.2011.6.164.1.1.2.100.1.3.2149070328,Integer,1
.1.3.6.1.4.1.2011.6.164.1.1.2.100.1.3.2149070329,Integer,4
.1.3.6.1.4.1.2011.6.164.1.1.2.100.1.3.2149070330,Integer,4
.1.3.6.1.4.1.2011.6.164.1.1.2.100.1.3.2149070331,Integer,2
.1.3.6.1.4.1.2011.6.164.1.1.2.100.1.3.2149070332,Integer,2
.1.3.6.1.4.1.2011.6.164.1.1.2.100.1.3.2149070333,Integer,2
.1.3.6.1.4.1.2011.6.164.1.1.2.100.1.3.2149118137,Integer,2
.1.3.6.1.4.1.2011.6.164.1.1.2.100.1.3.2149132606,Integer,2
.1.3.6.1.4.1.2011.6.164.1.1.2.100.1.3.2149135798,Integer,3
.1.3.6.1.4.1.2011.6.164.1.1.2.100.1.3.2149135799,Integer,3
.1.3.6.1.4.1.2011.6.164.1.1.2.100.1.3.2149135800,Integer,2
.1.3.6.1.4.1.2011.6.164.1.1.2.100.1.3.2149135801,Integer,3
.1.3.6.1.4.1.2011.6.164.1.1.2.100.1.3.2149135802,Integer,3
.1.3.6.1.4.1.2011.6.164.1.1.2.100.1.3.2149135803,Integer,3
.1.3.6.1.4.1.2011.6.164.1.1.2.100.1.3.2149135804,Integer,3
.1.3.6.1.4.1.2011.6.164.1.1.2.100.1.3.2149135805,Integer,3
.1.3.6.1.4.1.2011.6.164.1.1.2.100.1.3.2149135806,Integer,3
.1.3.6.1.4.1.2011.6.164.1.1.2.100.1.3.2149135807,Integer,3
.1.3.6.1.4.1.2011.6.164.1.1.2.100.1.3.2149135808,Integer,4
.1.3.6.1.4.1.2011.6.164.1.1.2.100.1.3.2149135809,Integer,3
.1.3.6.1.4.1.2011.6.164.1.1.2.100.1.3.2149135810,Integer,4
.1.3.6.1.4.1.2011.6.164.1.1.2.100.1.3.2149135811,Integer,3
.1.3.6.1.4.1.2011.6.164.1.1.2.100.1.3.2149135812,Integer,4
.1.3.6.1.4.1.2011.6.164.1.1.2.100.1.3.2149135813,Integer,3
.1.3.6.1.4.1.2011.6.164.1.1.2.100.1.3.2149135814,Integer,4
.1.3.6.1.4.1.2011.6.164.1.1.2.100.1.3.2149135815,Integer,3
.1.3.6.1.4.1.2011.6.164.1.1.2.100.1.3.2149135816,Integer,2
.1.3.6.1.4.1.2011.6.164.1.1.2.100.1.3.2149135817,Integer,2
.1.3.6.1.4.1.2011.6.164.1.1.2.100.1.3.2149135818,Integer,2
.1.3.6.1.4.1.2011.6.164.1.1.2.100.1.3.2149135819,Integer,2
.1.3.6.1.4.1.2011.6.164.1.1.2.100.1.3.2149135820,Integer,2
.1.3.6.1.4.1.2011.6.164.1.1.2.100.1.3.2149135821,Integer,2
.1.3.6.1.4.1.2011.6.164.1.1.2.100.1.3.2149135822,Integer,2
.1.3.6.1.4.1.2011.6.164.1.1.2.100.1.3.2149135823,Integer,2
.1.3.6.1.4.1.2011.6.164.1.1.2.100.1.3.2149135824,Integer,2
.1.3.6.1.4.1.2011.6.164.1.1.2.100.1.3.2149135825,Integer,2
.1.3.6.1.4.1.2011.6.164.1.1.2.100.1.3.2149135826,Integer,2
.1.3.6.1.4.1.2011.6.164.1.1.2.100.1.3.2149135827,Integer,2
.1.3.6.1.4.1.2011.6.164.1.1.2.100.1.3.2149135828,Integer,2
.1.3.6.1.4.1.2011.6.164.1.1.2.100.1.3.2149135829,Integer,2
.1.3.6.1.4.1.2011.6.164.1.1.2.100.1.3.2149135830,Integer,2
.1.3.6.1.4.1.2011.6.164.1.1.2.100.1.3.2149135831,Integer,2
.1.3.6.1.4.1.2011.6.164.1.1.2.100.1.3.2149135832,Integer,3
.1.3.6.1.4.1.2011.6.164.1.1.2.100.1.3.2149135833,Integer,2
.1.3.6.1.4.1.2011.6.164.1.1.2.100.1.3.2149135835,Integer,3
.1.3.6.1.4.1.2011.6.164.1.1.2.100.1.3.2149135837,Integer,2
.1.3.6.1.4.1.2011.6.164.1.1.2.100.1.3.2149135840,Integer,3
.1.3.6.1.4.1.2011.6.164.1.1.2.100.1.3.2149135841,Integer,3
.1.3.6.1.4.1.2011.6.164.1.1.2.100.1.3.2149135842,Integer,3
.1.3.6.1.4.1.2011.6.164.1.1.2.100.1.3.2149135843,Integer,2
.1.3.6.1.4.1.2011.6.164.1.1.2.100.1.3.2149135844,Integer,2
.1.3.6.1.4.1.2011.6.164.1.1.2.100.1.3.2149144679,Integer,2
.1.3.6.1.4.1.2011.6.164.1.1.2.100.1.3.2149183520,Integer,3
.1.3.6.1.4.1.2011.6.164.1.1.2.100.1.3.2149183521,Integer,2
.1.3.6.1.4.1.2011.6.164.1.1.2.100.1.3.2149183522,Integer,2
.1.3.6.1.4.1.2011.6.164.1.1.2.100.1.3.2149183684,Integer,3
.1.3.6.1.4.1.2011.6.164.1.1.2.100.1.3.2149183693,Integer,2
.1.3.6.1.4.1.2011.6.164.1.1.2.100.1.3.2149183694,Integer,2
.1.3.6.1.4.1.2011.6.164.1.1.2.100.1.3.2149183695,Integer,2
.1.3.6.1.4.1.2011.6.164.1.1.2.100.1.3.2149183696,Integer,2
.1.3.6.1.4.1.2011.6.164.1.1.2.100.1.3.2149183697,Integer,2
.1.3.6.1.4.1.2011.6.164.1.1.2.100.1.3.2149183698,Integer,2
.1.3.6.1.4.1.2011.6.164.1.1.2.100.1.3.2149183854,Integer,3
.1.3.6.1.4.1.2011.6.164.1.1.2.100.1.3.2149184107,Integer,2
.1.3.6.1.4.1.2011.6.164.1.1.2.100.1.3.2149195235,Integer,2
.1.3.6.1.4.1.2011.6.164.1.1.2.100.1.3.2149195236,Integer,2
.1.3.6.1.4.1.2011.6.164.1.1.2.100.1.3.2149195237,Integer,3
.1.3.6.1.4.1.2011.6.164.1.1.2.100.1.3.2149195238,Integer,2
.1.3.6.1.4.1.2011.6.164.1.1.2.100.1.3.2149195239,Integer,2
.1.3.6.1.4.1.2011.6.164.1.1.2.100.1.3.2149195240,Integer,2
.1.3.6.1.4.1.2011.6.164.1.1.2.100.1.3.2149195241,Integer,2
.1.3.6.1.4.1.2011.6.164.1.1.2.100.1.3.2149195242,Integer,2
.1.3.6.1.4.1.2011.6.164.1.1.2.100.1.3.2149195243,Integer,2
.1.3.6.1.4.1.2011.6.164.1.1.2.100.1.3.2149195244,Integer,2
.1.3.6.1.4.1.2011.6.164.1.1.2.100.1.3.2149195245,Integer,2
.1.3.6.1.4.1.2011.6.164.1.1.2.100.1.3.2149195248,Integer,2
.1.3.6.1.4.1.2011.6.164.1.1.2.100.1.3.2149195250,Integer,2
.1.3.6.1.4.1.2011.6.164.1.1.2.100.1.3.2149195251,Integer,2
.1.3.6.1.4.1.2011.6.164.1.1.2.100.1.3.2149249035,Integer,2
.1.3.6.1.4.1.2011.6.164.1.1.2.100.1.3.2149406455,Integer,2
.1.3.6.1.4.1.2011.6.164.1.1.2.100.1.3.2149406456,Integer,2
.1.3.6.1.4.1.2011.6.164.1.1.2.100.1.3.2149406457,Integer,2
.1.3.6.1.4.1.2011.6.164.1.1.2.100.1.3.2149406458,Integer,3
.1.3.6.1.4.1.2011.6.164.1.1.2.100.1.3.2149469629,Integer,3
.1.3.6.1.4.1.2011.6.164.1.1.2.100.1.3.2149469630,Integer,2
.1.3.6.1.4.1.2011.6.164.1.1.2.100.1.3.2149469631,Integer,2
.1.3.6.1.4.1.2011.6.164.1.1.2.100.1.3.2149469632,Integer,2
.1.3.6.1.4.1.2011.6.164.1.1.2.100.1.3.2149469633,Integer,2
.1.3.6.1.4.1.2011.6.164.1.1.2.100.1.3.2149469634,Integer,2
.1.3.6.1.4.1.2011.6.164.1.1.2.100.1.3.2149469635,Integer,2
.1.3.6.1.4.1.2011.6.164.1.1.2.100.1.3.2149511366,Integer,2
.1.3.6.1.4.1.2011.6.164.1.1.2.100.1.3.2149511370,Integer,2
.1.3.6.1.4.1.2011.6.164.1.1.2.100.1.3.2149590756,Integer,2
.1.3.6.1.4.1.2011.6.164.1.1.2.100.1.3.2149656293,Integer,2
.1.3.6.1.4.1.2011.6.164.1.1.2.100.1.3.2149722481,Integer,2
.1.3.6.1.4.1.2011.6.164.1.1.2.100.1.3.2149722483,Integer,2
.1.3.6.1.4.1.2011.6.164.1.1.2.100.1.3.2149722484,Integer,4
.1.3.6.1.4.1.2011.6.164.1.1.2.100.1.3.2149722485,Integer,2
.1.3.6.1.4.1.2011.6.164.1.1.2.100.1.3.2149722486,Integer,2
.1.3.6.1.4.1.2011.6.164.1.1.2.100.1.3.2149722487,Integer,2
.1.3.6.1.4.1.2011.6.164.1.1.2.100.1.3.2149722488,Integer,2
.1.3.6.1.4.1.2011.6.164.1.1.2.100.1.3.2149722492,Integer,3
.1.3.6.1.4.1.2011.6.164.1.1.2.100.1.3.2149722493,Integer,2
.1.3.6.1.4.1.2011.6.164.1.1.2.100.1.3.2149722495,Integer,1
.1.3.6.1.4.1.2011.6.164.1.1.2.100.1.3.2149722496,Integer,4
.1.3.6.1.4.1.2011.6.164.1.1.2.100.1.3.2149722498,Integer,3
.1.3.6.1.4.1.2011.6.164.1.1.2.100.1.3.2149722499,Integer,2
.1.3.6.1.4.1.2011.6.164.1.1.2.100.1.3.2149722500,Integer,2
.1.3.6.1.4.1.2011.6.164.1.1.2.100.1.3.2149722501,Integer,2
.1.3.6.1.4.1.2011.6.164.1.1.2.100.1.3.2149722502,Integer,2
.1.3.6.1.4.1.2011.6.164.1.1.2.100.1.3.2149722503,Integer,2
.1.3.6.1.4.1.2011.6.164.1.1.2.100.1.3.2149722504,Integer,2
.1.3.6.1.4.1.2011.6.164.1.1.2.100.1.3.2149722505,Integer,2
.1.3.6.1.4.1.2011.6.164.1.1.2.100.1.3.2149722508,Integer,2
.1.3.6.1.4.1.2011.6.164.1.1.2.100.1.3.2149724973,Integer,2
.1.3.6.1.4.1.2011.6.164.1.1.2.100.1.3.2149725012,Integer,2
.1.3.6.1.4.1.2011.6.164.1.1.2.100.1.3.2149725013,Integer,2
.1.3.6.1.4.1.2011.6.164.1.1.2.100.1.3.2149790512,Integer,4
.1.3.6.1.4.1.2011.6.164.1.1.2.100.1.3.2149790513,Integer,2
.1.3.6.1.4.1.2011.6.164.1.1.2.100.1.3.2149790514,Integer,2
.1.3.6.1.4.1.2011.6.164.1.1.2.100.1.3.2149790700,Integer,2
.1.3.6.1.4.1.2011.6.164.1.1.2.100.1.3.2149790701,Integer,1
.1.3.6.1.4.1.2011.6.164.1.1.2.100.1.3.2149790702,Integer,4
.1.3.6.1.4.1.2011.6.164.1.1.2.100.1.3.2149791259,Integer,2
.1.3.6.1.4.1.2011.6.164.1.1.2.100.1.3.2149791260,Integer,2
.1.3.6.1.4.1.2011.6.164.1.1.2.100.1.3.2149791264,Integer,2
.1.3.6.1.4.1.2011.6.164.1.1.2.100.1.3.2149791265,Integer,2
.1.3.6.1.4.1.2011.6.164.1.1.2.100.1.3.2149791266,Integer,2
.1.3.6.1.4.1.2011.6.164.1.1.2.100.1.3.2149791267,Integer,2
.1.3.6.1.4.1.2011.6.164.1.1.2.100.1.3.2149791268,Integer,2
.1.3.6.1.4.1.2011.6.164.1.1.2.100.1.3.2149791269,Integer,2
.1.3.6.1.4.1.2011.6.164.1.1.2.100.1.3.2149791270,Integer,1
.1.3.6.1.4.1.2011.6.164.1.1.2.100.1.3.2149791271,Integer,4
.1.3.6.1.4.1.2011.6.164.1.1.2.100.1.3.2149791272,Integer,1
.1.3.6.1.4.1.2011.6.164.1.1.2.100.1.3.2149791273,Integer,4
.1.3.6.1.4.1.2011.6.164.1.1.2.100.1.3.2149791274,Integer,2
.1.3.6.1.4.1.2011.6.164.1.1.2.100.1.3.2149791275,Integer,3
.1.3.6.1.4.1.2011.6.164.1.1.2.100.1.3.2149791276,Integer,1
.1.3.6.1.4.1.2011.6.164.1.1.2.100.1.3.2149791277,Integer,1
.1.3.6.1.4.1.2011.6.164.1.1.2.100.1.3.2149791279,Integer,3
.1.3.6.1.4.1.2011.6.164.1.1.2.100.1.3.2149791280,Integer,3
.1.3.6.1.4.1.2011.6.164.1.1.2.100.1.3.2149791326,Integer,3
.1.3.6.1.4.1.2011.6.164.1.1.2.100.1.3.2149791340,Integer,2
.1.3.6.1.4.1.2011.6.164.1.1.2.100.1.3.2149791471,Integer,3
.1.3.6.1.4.1.2011.6.164.1.1.2.100.1.3.2149859995,Integer,2
.1.3.6.1.4.1.2011.6.164.1.1.2.100.1.3.2149990667,Integer,1
.1.3.6.1.4.1.2011.6.164.1.1.2.100.1.3.2149990668,Integer,2
.1.3.6.1.4.1.2011.6.164.1.1.2.100.1.3.2149990669,Integer,1
.1.3.6.1.4.1.2011.6.164.1.1.2.100.1.3.2149990670,Integer,4
.1.3.6.1.4.1.2011.6.164.1.1.2.100.1.3.2149990671,Integer,2
.1.3.6.1.4.1.2011.6.164.1.1.2.100.1.3.2149990672,Integer,3
.1.3.6.1.4.1.2011.6.164.1.1.2.100.1.3.2149990673,Integer,4
.1.3.6.1.4.1.2011.6.164.1.1.2.100.1.3.2149990674,Integer,4
.1.3.6.1.4.1.2011.6.164.1.1.2.100.1.3.2149990675,Integer,4
.1.3.6.1.4.1.2011.6.164.1.1.2.100.1.3.2149990676,Integer,2
.1.3.6.1.4.1.2011.6.164.1.1.2.100.1.3.2149990677,Integer,2
.1.3.6.1.4.1.2011.6.164.1.1.2.100.1.3.2149990678,Integer,2
.1.3.6.1.4.1.2011.6.164.1.1.2.100.1.3.2150056103,Integer,3
.1.3.6.1.4.1.2011.6.164.1.1.2.100.1.3.2150056104,Integer,2
.1.3.6.1.4.1.2011.6.164.1.1.2.100.1.3.2150056105,Integer,3
.1.3.6.1.4.1.2011.6.164.1.1.2.100.1.3.2150056106,Integer,3
.1.3.6.1.4.1.2011.6.164.1.1.2.100.1.3.2150056107,Integer,3
.1.3.6.1.4.1.2011.6.164.1.1.2.100.1.3.2150056108,Integer,3
.1.3.6.1.4.1.2011.6.164.1.1.2.100.1.3.2150056109,Integer,3
.1.3.6.1.4.1.2011.6.164.1.1.2.100.1.3.2150056110,Integer,3
.1.3.6.1.4.1.2011.6.164.1.1.2.100.1.3.2150056111,Integer,3
.1.3.6.1.4.1.2011.6.164.1.1.2.100.1.3.2150056112,Integer,2
.1.3.6.1.4.1.2011.6.164.1.1.2.100.1.3.2150056113,Integer,3
.1.3.6.1.4.1.2011.6.164.1.1.2.100.1.3.2150056114,Integer,3
.1.3.6.1.4.1.2011.6.164.1.1.2.100.1.3.2150056115,Integer,3
.1.3.6.1.4.1.2011.6.164.1.1.2.100.1.3.2150056116,Integer,3
.1.3.6.1.4.1.2011.6.164.1.1.2.100.1.3.2150056117,Integer,3
.1.3.6.1.4.1.2011.6.164.1.1.2.100.1.3.2150056118,Integer,3
.1.3.6.1.4.1.2011.6.164.1.1.2.100.1.3.2150056119,Integer,3
.1.3.6.1.4.1.2011.6.164.1.1.2.100.1.3.2150056120,Integer,3
.1.3.6.1.4.1.2011.6.164.1.1.2.100.1.3.2150056121,Integer,3
.1.3.6.1.4.1.2011.6.164.1.1.2.100.1.3.2150056122,Integer,2
.1.3.6.1.4.1.2011.6.164.1.1.2.100.1.3.2150056123,Integer,2
.1.3.6.1.4.1.2011.6.164.1.1.2.100.1.3.2150318081,Integer,2
.1.3.6.1.4.1.2011.6.164.1.1.2.100.1.3.2150327077,Integer,3
.1.3.6.1.4.1.2011.6.164.1.1.2.100.1.3.2150834384,Integer,2
.1.3.6.1.4.1.2011.6.164.1.1.2.100.1.3.2150834385,Integer,3
.1.3.6.1.4.1.2011.6.164.1.1.2.100.1.3.2150834386,Integer,3
.1.3.6.1.4.1.2011.6.164.1.1.2.100.1.3.2150834389,Integer,2
.1.3.6.1.4.1.2011.6.164.1.1.2.100.1.3.2150834390,Integer,2
.1.3.6.1.4.1.2011.6.164.1.1.2.100.1.3.2150834391,Integer,2
.1.3.6.1.4.1.2011.6.164.1.1.2.100.1.3.2150834392,Integer,2
.1.3.6.1.4.1.2011.6.164.1.1.2.100.1.3.2150834393,Integer,2
.1.3.6.1.4.1.2011.6.164.1.1.2.100.1.3.2150834394,Integer,2
.1.3.6.1.4.1.2011.6.164.1.1.2.100.1.3.2150834395,Integer,2
.1.3.6.1.4.1.2011.6.164.1.1.2.100.1.3.2150834396,Integer,2
.1.3.6.1.4.1.2011.6.164.1.1.2.100.1.3.2150834397,Integer,2
.1.3.6.1.4.1.2011.6.164.1.1.2.100.1.3.2150834398,Integer,2
.1.3.6.1.4.1.2011.6.164.1.1.2.100.1.3.2150834441,Integer,2
.1.3.6.1.4.1.2011.6.164.1.1.2.100.1.3.2150834452,Integer,3
.1.3.6.1.4.1.2011.6.164.1.1.2.100.1.3.2150834453,Integer,3
.1.3.6.1.4.1.2011.6.164.1.1.2.100.1.3.2150834454,Integer,3
.1.3.6.1.4.1.2011.6.164.1.1.2.100.1.3.2150834455,Integer,3
.1.3.6.1.4.1.2011.6.164.1.1.2.100.1.3.2150834456,Integer,3
.1.3.6.1.4.1.2011.6.164.1.1.2.100.1.3.2150834457,Integer,3
.1.3.6.1.4.1.2011.6.164.1.1.2.100.1.3.2150834458,Integer,3
.1.3.6.1.4.1.2011.6.164.1.1.2.100.1.3.2150834459,Integer,3
.1.3.6.1.4.1.2011.6.164.1.1.2.100.1.3.2150834460,Integer,3
.1.3.6.1.4.1.2011.6.164.1.1.2.100.1.3.2150834461,Integer,3
.1.3.6.1.4.1.2011.6.164.1.1.2.100.1.3.2150834462,Integer,2
.1.3.6.1.4.1.2011.6.164.1.1.2.100.1.3.2150834463,Integer,2
.1.3.6.1.4.1.2011.6.164.1.1.2.100.1.3.2150834464,Integer,2
.1.3.6.1.4.1.2011.6.164.1.1.2.100.1.3.2150834465,Integer,2
.1.3.6.1.4.1.2011.6.164.1.1.2.100.1.3.2150834466,Integer,2
.1.3.6.1.4.1.2011.6.164.1.1.2.100.1.3.2150834467,Integer,2
.1.3.6.1.4.1.2011.6.164.1.1.2.100.1.3.2150834468,Integer,2
.1.3.6.1.4.1.2011.6.164.1.1.2.100.1.3.2150834469,Integer,2
.1.3.6.1.4.1.2011.6.164.1.1.2.100.1.3.2150834470,Integer,2
.1.3.6.1.4.1.2011.6.164.1.1.2.100.1.3.2150834471,Integer,2
.1.3.6.1.4.1.2011.6.164.1.1.2.100.1.3.2150834472,Integer,2
.1.3.6.1.4.1.2011.6.164.1.1.2.100.1.3.2150834473,Integer,2
.1.3.6.1.4.1.2011.6.164.1.1.2.100.1.3.2150834474,Integer,2
.1.3.6.1.4.1.2011.6.164.1.1.2.100.1.3.2150834475,Integer,2
.1.3.6.1.4.1.2011.6.164.1.1.2.100.1.3.2150834476,Integer,2
.1.3.6.1.4.1.2011.6.164.1.1.2.100.1.3.2150834477,Integer,2
.1.3.6.1.4.1.2011.6.164.1.1.2.100.1.3.2150834478,Integer,2
.1.3.6.1.4.1.2011.6.164.1.1.2.100.1.3.2150834479,Integer,2
.1.3.6.1.4.1.2011.6.164.1.1.2.100.1.3.2150834480,Integer,2
.1.3.6.1.4.1.2011.6.164.1.1.2.100.1.3.2150834481,Integer,2
.1.3.6.1.4.1.2011.6.164.1.1.2.100.1.3.2150887436,Integer,2
.1.3.6.1.4.1.2011.6.164.1.1.2.100.1.3.2150887437,Integer,3
.1.3.6.1.4.1.2011.6.164.1.1.2.100.1.3.2150887438,Integer,2
.1.3.6.1.4.1.2011.6.164.1.1.2.100.1.3.2150887439,Integer,2
.1.3.6.1.4.1.2011.6.164.1.1.2.100.1.3.2151166265,Integer,2
.1.3.6.1.4.1.2011.6.164.1.1.2.100.1.3.2151166267,Integer,3
.1.3.6.1.4.1.2011.6.164.1.1.2.100.1.3.2152011218,Integer,4
.1.3.6.1.4.1.2011.6.164.1.1.2.100.1.3.2152011219,Integer,2
.1.3.6.1.4.1.2011.6.164.1.1.2.100.1.3.2152011484,Integer,2
.1.3.6.1.4.1.2011.6.164.1.1.2.100.1.3.2152930801,Integer,2
.1.3.6.1.4.1.2011.6.164.1.1.2.100.1.3.2155039039,Integer,2
.1.3.6.1.4.1.2011.6.164.1.1.2.100.1.3.2155039040,Integer,3
.1.3.6.1.4.1.2011.6.164.1.1.2.100.1.3.2155878346,Integer,1
.1.3.6.1.4.1.2011.6.164.1.1.2.100.1.3.2155943862,Integer,1
.1.3.6.1.4.1.2011.6.164.1.1.2.100.1.3.2156009408,Integer,1
.1.3.6.1.4.1.2011.6.164.1.1.2.100.1.3.2156069280,Integer,3
.1.3.6.1.4.1.2011.6.164.1.1.2.100.1.3.2156069281,Integer,4
.1.3.6.1.4.1.2011.6.164.1.1.2.100.1.3.2156069282,Integer,4
.1.3.6.1.4.1.2011.6.164.1.1.2.100.1.3.2156069283,Integer,4
.1.3.6.1.4.1.2011.6.164.1.1.2.100.1.3.2156078974,Integer,4
.1.3.6.1.4.1.2011.6.164.1.1.2.100.1.3.2156078975,Integer,2
.1.3.6.1.4.1.2011.6.164.1.1.2.100.1.3.2156078978,Integer,4
.1.3.6.1.4.1.2011.6.164.1.1.2.100.1.3.2156078979,Integer,2
.1.3.6.1.4.1.2011.6.164.1.1.2.100.1.3.2156079075,Integer,2
.1.3.6.1.4.1.2011.6.164.1.1.2.100.1.3.2156149662,Integer,2
.1.3.6.1.4.1.2011.6.164.1.1.2.100.1.3.2156469530,Integer,2
.1.3.6.1.4.1.2011.6.164.1.1.2.100.1.3.2156469531,Integer,3
.1.3.6.1.4.1.2011.6.164.1.1.2.100.1.3.2156469532,Integer,3
.1.3.6.1.4.1.2011.6.164.1.1.2.100.1.3.2156469533,Integer,3
.1.3.6.1.4.1.2011.6.164.1.1.2.100.1.3.2156469534,Integer,3
.1.3.6.1.4.1.2011.6.164.1.1.2.100.1.3.2156469535,Integer,3
.1.3.6.1.4.1.2011.6.164.1.1.2.100.1.3.2156469536,Integer,3
.1.3.6.1.4.1.2011.6.164.1.1.2.100.1.3.2156469537,Integer,3
.1.3.6.1.4.1.2011.6.164.1.1.2.100.1.3.2156469538,Integer,3
.1.3.6.1.4.1.2011.6.164.1.1.2.100.1.3.2156469539,Integer,3
.1.3.6.1.4.1.2011.6.164.1.1.2.100.1.3.2156469540,Integer,3
.1.3.6.1.4.1.2011.6.164.1.1.2.100.1.3.2156469541,Integer,3
.1.3.6.1.4.1.2011.6.164.1.1.2.100.1.3.2156469542,Integer,3
.1.3.6.1.4.1.2011.6.164.1.1.2.100.1.3.2156469543,Integer,3
.1.3.6.1.4.1.2011.6.164.1.1.2.100.1.3.2156469544,Integer,3
.1.3.6.1.4.1.2011.6.164.1.1.2.100.1.3.2156469545,Integer,3
.1.3.6.1.4.1.2011.6.164.1.1.2.100.1.3.2156469546,Integer,3
.1.3.6.1.4.1.2011.6.164.1.1.2.100.1.3.2156469547,Integer,3
.1.3.6.1.4.1.2011.6.164.1.1.2.100.1.3.2156469548,Integer,3
.1.3.6.1.4.1.2011.6.164.1.1.2.100.1.3.2156469549,Integer,3
.1.3.6.1.4.1.2011.6.164.1.1.2.100.1.3.2156469550,Integer,3
.1.3.6.1.4.1.2011.6.164.1.1.2.100.1.3.2156469551,Integer,3
.1.3.6.1.4.1.2011.6.164.1.1.2.100.1.3.2156469552,Integer,3
.1.3.6.1.4.1.2011.6.164.1.1.2.100.1.3.2156469553,Integer,3
.1.3.6.1.4.1.2011.6.164.1.1.2.100.1.3.2156469554,Integer,3
.1.3.6.1.4.1.2011.6.164.1.1.2.100.1.3.2156469555,Integer,3
.1.3.6.1.4.1.2011.6.164.1.1.2.100.1.3.2156469556,Integer,3
.1.3.6.1.4.1.2011.6.164.1.1.2.100.1.3.2156469557,Integer,3
.1.3.6.1.4.1.2011.6.164.1.1.2.100.1.3.2156469558,Integer,3
.1.3.6.1.4.1.2011.6.164.1.1.2.100.1.3.2156469559,Integer,3
.1.3.6.1.4.1.2011.6.164.1.1.2.100.1.3.2156469560,Integer,3
.1.3.6.1.4.1.2011.6.164.1.1.2.100.1.3.2156469561,Integer,3
.1.3.6.1.4.1.2011.6.164.1.1.2.100.1.3.2156469562,Integer,2
.1.3.6.1.4.1.2011.6.164.1.1.2.100.1.3.2156469563,Integer,2
.1.3.6.1.4.1.2011.6.164.1.1.2.100.1.3.2156469564,Integer,2
.1.3.6.1.4.1.2011.6.164.1.1.2.100.1.3.2156527923,Integer,2
.1.3.6.1.4.1.2011.6.164.1.1.2.100.1.3.2161006315,Integer,2
.1.3.6.1.4.1.2011.6.164.1.1.2.100.1.3.2161006316,Integer,2
.1.3.6.1.4.1.2011.6.164.1.1.2.100.1.3.2161006317,Integer,2
.1.3.6.1.4.1.2011.6.164.1.1.2.100.1.3.2161006318,Integer,2
.1.3.6.1.4.1.2011.6.164.1.1.2.100.1.3.2164523711,Integer,3
.1.3.6.1.4.1.2011.6.164.1.1.2.100.1.3.2164523712,Integer,4
.1.3.6.1.4.1.2011.6.164.1.1.2.100.1.3.2164523713,Integer,2
.1.3.6.1.4.1.2011.6.164.1.1.2.100.1.3.2164523714,Integer,4
.1.3.6.1.4.1.2011.6.164.1.1.2.100.1.3.2164523744,Integer,4
.1.3.6.1.4.1.2011.6.164.1.1.2.100.1.3.2164533109,Integer,2
.1.3.6.1.4.1.2011.6.164.1.1.2.100.1.3.2164533111,Integer,2
.1.3.6.1.4.1.2011.6.164.1.1.2.100.1.3.2164533739,Integer,4
.1.3.6.1.4.1.2011.6.164.1.1.2.100.1.3.2164533740,Integer,2
.1.3.6.1.4.1.2011.6.164.1.1.2.100.1.3.2164533764,Integer,4
.1.3.6.1.4.1.2011.6.164.1.1.2.100.1.3.2164533765,Integer,2
.1.3.6.1.4.1.2011.6.164.1.1.2.100.1.3.2164533790,Integer,4
.1.3.6.1.4.1.2011.6.164.1.1.2.100.1.3.2164533791,Integer,2
.1.3.6.1.4.1.2011.6.164.1.1.2.100.1.3.2164533792,Integer,3
.1.3.6.1.4.1.2011.6.164.1.1.2.100.1.3.2164533801,Integer,4
.1.3.6.1.4.1.2011.6.164.1.1.2.100.1.3.2164533806,Integer,4
.1.3.6.1.4.1.2011.6.164.1.1.2.100.1.3.2164533807,Integer,4
.1.3.6.1.4.1.2011.6.164.1.1.2.100.1.3.2164542773,Integer,2
.1.3.6.1.4.1.2011.6.164.1.1.2.100.1.3.2164542774,Integer,2
.1.3.6.1.4.1.2011.6.164.1.1.2.100.1.3.2164542775,Integer,2
.1.3.6.1.4.1.2011.6.164.1.1.2.100.1.3.2164599102,Integer,2
.1.3.6.1.4.1.2011.6.164.1.1.2.100.1.3.2164599103,Integer,3
.1.3.6.1.4.1.2011.6.164.1.1.2.100.1.3.2164654783,Integer,3
.1.3.6.1.4.1.2011.6.164.1.1.2.100.1.3.2164654784,Integer,4
.1.3.6.1.4.1.2011.6.164.1.1.2.100.1.3.2164654785,Integer,2
.1.3.6.1.4.1.2011.6.164.1.1.2.100.1.3.2164654786,Integer,4
.1.3.6.1.4.1.2011.6.164.1.1.2.100.1.3.2164654816,Integer,4
.1.3.6.1.4.1.2011.6.164.1.1.2.100.1.3.2164664181,Integer,2
.1.3.6.1.4.1.2011.6.164.1.1.2.100.1.3.2164664183,Integer,2
.1.3.6.1.4.1.2011.6.164.1.1.2.100.1.3.2164664811,Integer,4
.1.3.6.1.4.1.2011.6.164.1.1.2.100.1.3.2164664812,Integer,2
.1.3.6.1.4.1.2011.6.164.1.1.2.100.1.3.2164664836,Integer,4
.1.3.6.1.4.1.2011.6.164.1.1.2.100.1.3.2164664837,Integer,2
.1.3.6.1.4.1.2011.6.164.1.1.2.100.1.3.2164664862,Integer,4
.1.3.6.1.4.1.2011.6.164.1.1.2.100.1.3.2164664863,Integer,2
.1.3.6.1.4.1.2011.6.164.1.1.2.100.1.3.2164664864,Integer,3
.1.3.6.1.4.1.2011.6.164.1.1.2.100.1.3.2164664873,Integer,4
.1.3.6.1.4.1.2011.6.164.1.1.2.100.1.3.2164664878,Integer,4
.1.3.6.1.4.1.2011.6.164.1.1.2.100.1.3.2164664879,Integer,4
.1.3.6.1.4.1.2011.6.164.1.1.2.100.1.3.2164673845,Integer,2
.1.3.6.1.4.1.2011.6.164.1.1.2.100.1.3.2164673846,Integer,2
.1.3.6.1.4.1.2011.6.164.1.1.2.100.1.3.2164673847,Integer,2
.1.3.6.1.4.1.2011.6.164.1.1.2.100.1.3.2164730174,Integer,2
.1.3.6.1.4.1.2011.6.164.1.1.2.100.1.3.2164730175,Integer,3
.1.3.6.1.4.1.2011.6.164.1.1.2.100.1.3.2164785855,Integer,3
.1.3.6.1.4.1.2011.6.164.1.1.2.100.1.3.2164785856,Integer,4
.1.3.6.1.4.1.2011.6.164.1.1.2.100.1.3.2164785857,Integer,2
.1.3.6.1.4.1.2011.6.164.1.1.2.100.1.3.2164785858,Integer,4
.1.3.6.1.4.1.2011.6.164.1.1.2.100.1.3.2164785888,Integer,4
.1.3.6.1.4.1.2011.6.164.1.1.2.100.1.3.2164795253,Integer,2
.1.3.6.1.4.1.2011.6.164.1.1.2.100.1.3.2164795255,Integer,2
.1.3.6.1.4.1.2011.6.164.1.1.2.100.1.3.2164795883,Integer,4
.1.3.6.1.4.1.2011.6.164.1.1.2.100.1.3.2164795884,Integer,2
.1.3.6.1.4.1.2011.6.164.1.1.2.100.1.3.2164795908,Integer,4
.1.3.6.1.4.1.2011.6.164.1.1.2.100.1.3.2164795909,Integer,2
.1.3.6.1.4.1.2011.6.164.1.1.2.100.1.3.2164795934,Integer,4
.1.3.6.1.4.1.2011.6.164.1.1.2.100.1.3.2164795935,Integer,2
.1.3.6.1.4.1.2011.6.164.1.1.2.100.1.3.2164795936,Integer,3
.1.3.6.1.4.1.2011.6.164.1.1.2.100.1.3.2164795945,Integer,4
.1.3.6.1.4.1.2011.6.164.1.1.2.100.1.3.2164795950,Integer,4
.1.3.6.1.4.1.2011.6.164.1.1.2.100.1.3.2164795951,Integer,4
.1.3.6.1.4.1.2011.6.164.1.1.2.100.1.3.2164804917,Integer,2
.1.3.6.1.4.1.2011.6.164.1.1.2.100.1.3.2164804918,Integer,2
.1.3.6.1.4.1.2011.6.164.1.1.2.100.1.3.2164804919,Integer,2
.1.3.6.1.4.1.2011.6.164.1.1.2.100.1.3.2164861246,Integer,2
.1.3.6.1.4.1.2011.6.164.1.1.2.100.1.3.2164861247,Integer,3
.1.3.6.1.4.1.2011.6.164.1.1.2.100.1.3.2165985301,Integer,2
.1.3.6.1.4.1.2011.6.164.1.1.2.100.1.3.2166839119,Integer,2
.1.3.6.1.4.1.2011.6.164.1.1.2.100.1.3.2166839120,Integer,3
.1.3.6.1.4.1.2011.6.164.1.1.2.100.1.3.2166839121,Integer,3
.1.3.6.1.4.1.2011.6.164.1.1.2.100.1.3.2166839122,Integer,3
.1.3.6.1.4.1.2011.6.164.1.1.2.100.1.3.2166839123,Integer,3
.1.3.6.1.4.1.2011.6.164.1.1.2.100.1.3.2166839124,Integer,3
.1.3.6.1.4.1.2011.6.164.1.1.2.100.1.3.2166839125,Integer,3
.1.3.6.1.4.1.2011.6.164.1.1.2.100.1.3.2166839126,Integer,3
.1.3.6.1.4.1.2011.6.164.1.1.2.100.1.3.2166839127,Integer,3
.1.3.6.1.4.1.2011.6.164.1.1.2.100.1.3.2166839128,Integer,3
.1.3.6.1.4.1.2011.6.164.1.1.2.100.1.3.2166839129,Integer,3
.1.3.6.1.4.1.2011.6.164.1.1.2.100.1.3.2166839130,Integer,3
.1.3.6.1.4.1.2011.6.164.1.1.2.100.1.3.2166839132,Integer,2
.1.3.6.1.4.1.2011.6.164.1.1.2.100.1.3.2166839133,Integer,3
.1.3.6.1.4.1.2011.6.164.1.1.2.100.1.3.2166839134,Integer,2
.1.3.6.1.4.1.2011.6.164.1.1.2.100.1.3.2166839135,Integer,3
.1.3.6.1.4.1.2011.6.164.1.1.2.100.1.3.2166839137,Integer,3
.1.3.6.1.4.1.2011.6.164.1.1.2.100.1.3.2166839138,Integer,3
.1.3.6.1.4.1.2011.6.164.1.1.2.100.1.3.2167035637,Integer,2
.1.3.6.1.4.1.2011.6.164.1.1.2.100.1.3.2167035638,Integer,2
.1.3.6.1.4.1.2011.6.164.1.1.2.100.1.3.2168132640,Integer,2
.1.3.6.1.4.1.2011.6.164.1.1.2.100.1.3.2168132641,Integer,2
.1.3.6.1.4.1.2011.6.164.1.1.2.100.1.3.2168132642,Integer,3
.1.3.6.1.4.1.2011.6.164.1.1.2.100.1.3.2168132643,Integer,4
.1.3.6.1.4.1.2011.6.164.1.1.2.100.1.3.2174501931,Integer,2
.1.3.6.1.4.1.2011.6.164.1.1.2.100.1.3.2175145930,Integer,2
.1.3.6.1.4.1.2011.6.164.1.1.2.100.1.3.2175180407,Integer,2
.1.3.6.1.4.1.2011.6.164.1.1.2.100.1.3.2175180408,Integer,3
.1.3.6.1.4.1.2011.6.164.1.1.2.100.1.3.2175276992,Integer,1
.1.3.6.1.4.1.2011.6.164.1.1.2.100.1.3.2175311481,Integer,2
.1.3.6.1.4.1.2011.6.164.1.1.2.100.1.3.2175311482,Integer,2
.1.3.6.1.4.1.2011.6.164.1.1.2.100.1.3.2175311483,Integer,3
.1.3.6.1.4.1.2011.6.164.1.1.2.100.1.3.2175417246,Integer,2
.1.3.6.1.4.1.2011.6.164.1.1.2.100.1.3.2175442549,Integer,2
.1.3.6.1.4.1.2011.6.164.1.1.2.100.1.3.2175442550,Integer,3
.1.3.6.1.4.1.2011.6.164.1.1.2.100.1.3.2175479920,Integer,2
.1.3.6.1.4.1.2011.6.164.1.1.2.100.1.3.2175479921,Integer,2
.1.3.6.1.4.1.2011.6.164.1.1.2.100.1.3.2175479935,Integer,3
.1.3.6.1.4.1.2011.6.164.1.1.2.100.1.3.2175479936,Integer,3
.1.3.6.1.4.1.2011.6.164.1.1.2.100.1.3.2175479937,Integer,3
.1.3.6.1.4.1.2011.6.164.1.1.2.100.1.3.2175479938,Integer,3
.1.3.6.1.4.1.2011.6.164.1.1.2.100.1.3.2175479952,Integer,3
.1.3.6.1.4.1.2011.6.164.1.1.2.100.1.3.2175507982,Integer,3
.1.3.6.1.4.1.2011.6.164.1.1.2.100.1.3.2175507983,Integer,3
.1.3.6.1.4.1.2011.6.164.1.1.2.100.1.3.2175529158,Integer,2
.1.3.6.1.4.1.2011.6.164.1.1.2.100.1.3.2175536856,Integer,2
.1.3.6.1.4.1.2011.6.164.1.1.2.100.1.3.2175549441,Integer,3
.1.3.6.1.4.1.2011.6.164.1.1.2.100.1.3.2175549457,Integer,3
.1.3.6.1.4.1.2011.6.164.1.1.2.100.1.3.2175549458,Integer,3
.1.3.6.1.4.1.2011.6.164.1.1.2.100.1.3.2175549459,Integer,3
.1.3.6.1.4.1.2011.6.164.1.1.2.100.1.3.2175549460,Integer,3
.1.3.6.1.4.1.2011.6.164.1.1.2.100.1.3.2176032009,Integer,3
.1.3.6.1.4.1.2011.6.164.1.1.2.100.1.3.2176032011,Integer,3
.1.3.6.1.4.1.2011.6.164.1.1.2.100.1.3.2176032013,Integer,3
.1.3.6.1.4.1.2011.6.164.1.1.2.100.1.3.2176032014,Integer,3
.1.3.6.1.4.1.2011.6.164.1.1.2.100.1.3.2176730155,Integer,2
.1.3.6.1.4.1.2011.6.164.1.1.2.100.1.3.2178040875,Integer,2
.1.3.6.1.4.1.2011.6.164.1.1.2.100.1.3.2178325869,Integer,2
.1.3.6.1.4.1.2011.6.164.1.1.2.100.1.3.2178325870,Integer,3
.1.3.6.1.4.1.2011.6.164.1.1.2.100.1.3.2178325871,Integer,3
.1.3.6.1.4.1.2011.6.164.1.1.2.100.1.3.2178325872,Integer,3
.1.3.6.1.4.1.2011.6.164.1.1.2.100.1.3.2178325873,Integer,3
.1.3.6.1.4.1.2011.6.164.1.1.2.100.1.3.2178325874,Integer,3
.1.3.6.1.4.1.2011.6.164.1.1.2.100.1.3.2178325875,Integer,3
.1.3.6.1.4.1.2011.6.164.1.1.2.100.1.3.2178325876,Integer,3
.1.3.6.1.4.1.2011.6.164.1.1.2.100.1.3.2178325877,Integer,3
.1.3.6.1.4.1.2011.6.164.1.1.2.100.1.3.2178325878,Integer,3
.1.3.6.1.4.1.2011.6.164.1.1.2.100.1.3.2178325879,Integer,3
.1.3.6.1.4.1.2011.6.164.1.1.2.100.1.3.2178325880,Integer,3
.1.3.6.1.4.1.2011.6.164.1.1.2.100.1.3.2178325881,Integer,3
.1.3.6.1.4.1.2011.6.164.1.1.2.100.1.3.2178325882,Integer,3
.1.3.6.1.4.1.2011.6.164.1.1.2.100.1.3.2178325883,Integer,3
.1.3.6.1.4.1.2011.6.164.1.1.2.100.1.3.2178325884,Integer,3
.1.3.6.1.4.1.2011.6.164.1.1.2.100.1.3.2178325885,Integer,3
.1.3.6.1.4.1.2011.6.164.1.1.2.100.1.3.2178325886,Integer,4
.1.3.6.1.4.1.2011.6.164.1.1.2.100.1.3.2178325887,Integer,4
.1.3.6.1.4.1.2011.6.164.1.1.2.100.1.3.2178325888,Integer,4
.1.3.6.1.4.1.2011.6.164.1.1.2.100.1.3.2178325889,Integer,4
.1.3.6.1.4.1.2011.6.164.1.1.2.100.1.3.2178325890,Integer,1
.1.3.6.1.4.1.2011.6.164.1.1.2.100.1.3.2178325891,Integer,1
.1.3.6.1.4.1.2011.6.164.1.1.2.100.1.3.2178325892,Integer,1
.1.3.6.1.4.1.2011.6.164.1.1.2.100.1.3.2178325893,Integer,1
.1.3.6.1.4.1.2011.6.164.1.1.2.100.1.3.2178347656,Integer,2
.1.3.6.1.4.1.2011.6.164.1.1.2.100.1.3.2178391455,Integer,2
.1.3.6.1.4.1.2011.6.164.1.1.2.100.1.3.2179010264,Integer,2
.1.3.6.1.4.1.2011.6.164.1.1.2.100.1.3.2179022849,Integer,3
.1.3.6.1.4.1.2011.6.164.1.1.2.100.1.3.2179022865,Integer,3
.1.3.6.1.4.1.2011.6.164.1.1.2.100.1.3.2179022866,Integer,3
.1.3.6.1.4.1.2011.6.164.1.1.2.100.1.3.2179022867,Integer,3
.1.3.6.1.4.1.2011.6.164.1.1.2.100.1.3.2179022868,Integer,3
.1.3.6.1.4.1.2011.6.164.1.1.2.100.1.3.2179149936,Integer,2
.1.3.6.1.4.1.2011.6.164.1.1.2.100.1.3.2179149937,Integer,2
.1.3.6.1.4.1.2011.6.164.1.1.2.100.1.3.2179149951,Integer,3
.1.3.6.1.4.1.2011.6.164.1.1.2.100.1.3.2179149952,Integer,3
.1.3.6.1.4.1.2011.6.164.1.1.2.100.1.3.2179149953,Integer,3
.1.3.6.1.4.1.2011.6.164.1.1.2.100.1.3.2179149954,Integer,3
.1.3.6.1.4.1.2011.6.164.1.1.2.100.1.3.2179149966,Integer,3
.1.3.6.1.4.1.2011.6.164.1.1.2.100.1.3.2179149967,Integer,3
.1.3.6.1.4.1.2011.6.164.1.1.2.100.1.3.2179149968,Integer,3
.1.3.6.1.4.1.2011.6.164.1.1.2.100.1.3.2179177998,Integer,3
.1.3.6.1.4.1.2011.6.164.1.1.2.100.1.3.2179177999,Integer,3
.1.3.6.1.4.1.2011.6.164.1.1.2.100.1.3.2179339731,Integer,2
.1.3.6.1.4.1.2011.6.164.1.1.2.100.1.3.2179339996,Integer,2
.1.3.6.1.4.1.2011.6.164.1.1.2.100.1.3.2179374576,Integer,3
.1.3.6.1.4.1.2011.6.164.1.1.2.100.1.3.2179374577,Integer,4
.1.3.6.1.4.1.2011.6.164.1.1.2.100.1.3.2179374579,Integer,2
.1.3.6.1.4.1.2011.6.164.1.1.2.100.1.3.2179374580,Integer,2
.1.3.6.1.4.1.2011.6.164.1.1.2.100.1.3.2181121066,Integer,3
.1.3.6.1.4.1.2011.6.164.1.1.2.100.1.3.2181121067,Integer,2
.1.3.6.1.4.1.2011.6.164.1.1.2.100.1.3.2181309046,Integer,2
.1.3.6.1.4.1.2011.6.164.1.1.2.100.1.3.2181337190,Integer,2
.1.3.6.1.4.1.2011.6.164.1.1.2.100.1.3.2181337191,Integer,2
.1.3.6.1.4.1.2011.6.164.1.1.2.100.1.3.2181337200,Integer,3
.1.3.6.1.4.1.2011.6.164.1.1.2.100.1.3.2181337201,Integer,3
.1.3.6.1.4.1.2011.6.164.1.1.2.100.1.3.2181388011,Integer,2
.1.3.6.1.4.1.2011.6.164.1.1.2.100.1.3.2181388012,Integer,2
.1.3.6.1.4.1.2011.6.164.1.1.2.100.1.3.2181388013,Integer,2
.1.3.6.1.4.1.2011.6.164.1.1.2.100.1.3.2181388014,Integer,4
.1.3.6.1.4.1.2011.6.164.1.1.2.100.1.3.2181388015,Integer,2
.1.3.6.1.4.1.2011.6.164.1.1.2.100.1.3.2181395791,Integer,2
.1.3.6.1.4.1.2011.6.164.1.1.2.100.1.3.2181395792,Integer,2
.1.3.6.1.4.1.2011.6.164.1.1.2.100.1.3.2181395793,Integer,2
.1.3.6.1.4.1.2011.6.164.1.1.2.100.1.3.2181395794,Integer,2
.1.3.6.1.4.1.2011.6.164.1.1.2.100.1.3.2181395795,Integer,2
.1.3.6.1.4.1.2011.6.164.1.1.2.100.1.3.2181395796,Integer,2
.1.3.6.1.4.1.2011.6.164.1.1.2.100.1.3.2181402652,Integer,2
.1.3.6.1.4.1.2011.6.164.1.1.2.100.1.3.2181402653,Integer,2
.1.3.6.1.4.1.2011.6.164.1.1.2.100.1.3.2183528868,Integer,3
.1.3.6.1.4.1.2011.6.164.1.1.2.100.1.3.2183537270,Integer,2
.1.3.6.1.4.1.2011.6.164.1.1.2.100.1.3.2183537272,Integer,2
.1.3.6.1.4.1.2011.6.164.1.1.2.100.1.3.2183537273,Integer,2
.1.3.6.1.4.1.2011.6.164.1.1.2.100.1.3.2183538548,Integer,2
.1.3.6.1.4.1.2011.6.164.1.1.2.100.1.3.2183538600,Integer,2
.1.3.6.1.4.1.2011.6.164.1.1.2.100.1.3.2183538601,Integer,2
.1.3.6.1.4.1.2011.6.164.1.1.2.100.1.3.2183538602,Integer,2
.1.3.6.1.4.1.2011.6.164.1.1.2.100.1.3.2183538603,Integer,1
.1.3.6.1.4.1.2011.6.164.1.1.2.100.1.3.2183538617,Integer,2
.1.3.6.1.4.1.2011.6.164.1.1.2.100.1.3.2183538618,Integer,2
.1.3.6.1.4.1.2011.6.164.1.1.2.100.1.3.2183538619,Integer,2
.1.3.6.1.4.1.2011.6.164.1.1.2.100.1.3.2183538620,Integer,2
.1.3.6.1.4.1.2011.6.164.1.1.2.100.1.3.2183538621,Integer,2
.1.3.6.1.4.1.2011.6.164.1.1.2.100.1.3.2183538623,Integer,2
.1.3.6.1.4.1.2011.6.164.1.1.2.100.1.3.2183538624,Integer,2
.1.3.6.1.4.1.2011.6.164.1.1.2.100.1.3.2183538625,Integer,2
.1.3.6.1.4.1.2011.6.164.1.1.2.100.1.3.2183538626,Integer,2
.1.3.6.1.4.1.2011.6.164.1.1.2.100.1.3.2183538627,Integer,2
.1.3.6.1.4.1.2011.6.164.1.1.2.100.1.3.2183538628,Integer,2
.1.3.6.1.4.1.2011.6.164.1.1.2.100.1.3.2183538629,Integer,2
.1.3.6.1.4.1.2011.6.164.1.1.2.100.1.3.2183538630,Integer,2
.1.3.6.1.4.1.2011.6.164.1.1.2.100.1.3.2183538631,Integer,2
.1.3.6.1.4.1.2011.6.164.1.1.2.100.1.3.2183538632,Integer,2
.1.3.6.1.4.1.2011.6.164.1.1.2.100.1.3.2183538633,Integer,2
.1.3.6.1.4.1.2011.6.164.1.1.2.100.1.3.2183538634,Integer,2
.1.3.6.1.4.1.2011.6.164.1.1.2.100.1.3.2183538635,Integer,2
.1.3.6.1.4.1.2011.6.164.1.1.2.100.1.3.2183538636,Integer,2
.1.3.6.1.4.1.2011.6.164.1.1.2.100.1.3.2183538637,Integer,2
.1.3.6.1.4.1.2011.6.164.1.1.2.100.1.3.2183538638,Integer,2
.1.3.6.1.4.1.2011.6.164.1.1.2.100.1.3.2183538639,Integer,2
.1.3.6.1.4.1.2011.6.164.1.1.2.100.1.3.2183538640,Integer,2
.1.3.6.1.4.1.2011.6.164.1.1.2.100.1.3.2183538641,Integer,2
.1.3.6.1.4.1.2011.6.164.1.1.2.100.1.3.2183538672,Integer,2
.1.3.6.1.4.1.2011.6.164.1.1.2.100.1.3.2183538711,Integer,1
.1.3.6.1.4.1.2011.6.164.1.1.2.100.1.3.2183538713,Integer,2
.1.3.6.1.4.1.2011.6.164.1.1.2.100.1.3.2183538744,Integer,2
.1.3.6.1.4.1.2011.6.164.1.1.2.100.1.3.2183538745,Integer,2
.1.3.6.1.4.1.2011.6.164.1.1.2.100.1.3.2183543704,Integer,2
.1.3.6.1.4.1.2011.6.164.1.1.2.100.1.3.2183543705,Integer,2
.1.3.6.1.4.1.2011.6.164.1.1.2.100.1.3.2183543708,Integer,2
.1.3.6.1.4.1.2011.6.164.1.1.2.100.1.3.2183543709,Integer,2
.1.3.6.1.4.1.2011.6.164.1.1.2.100.1.3.2183543719,Integer,2
.1.3.6.1.4.1.2011.6.164.1.1.2.100.1.3.2183543732,Integer,2
.1.3.6.1.4.1.2011.6.164.1.1.2.100.1.3.2183543733,Integer,2
.1.3.6.1.4.1.2011.6.164.1.1.2.100.1.3.2183543737,Integer,2
.1.3.6.1.4.1.2011.6.164.1.1.2.100.1.3.2183543738,Integer,2
.1.3.6.1.4.1.2011.6.164.1.1.2.100.1.3.2183543739,Integer,2
.1.3.6.1.4.1.2011.6.164.1.1.2.100.1.3.2183543740,Integer,2
.1.3.6.1.4.1.2011.6.164.1.1.2.100.1.3.2183543741,Integer,2
.1.3.6.1.4.1.2011.6.164.1.1.2.100.1.3.2183543742,Integer,2
.1.3.6.1.4.1.2011.6.164.1.1.2.100.1.3.2183543744,Integer,2
.1.3.6.1.4.1.2011.6.164.1.1.2.100.1.3.2183543753,Integer,2
.1.3.6.1.4.1.2011.6.164.1.1.2.100.1.3.2183543778,Integer,2
.1.3.6.1.4.1.2011.6.164.1.1.2.100.1.3.2183543779,Integer,2
.1.3.6.1.4.1.2011.6.164.1.1.2.100.1.3.2183549235,Integer,1
.1.3.6.1.4.1.2011.6.164.1.1.2.100.1.3.2183549236,Integer,1
.1.3.6.1.4.1.2011.6.164.1.1.2.100.1.3.2183549237,Integer,1
.1.3.6.1.4.1.2011.6.164.1.1.2.100.1.3.2183549238,Integer,1
.1.3.6.1.4.1.2011.6.164.1.1.2.100.1.3.2183549241,Integer,1
.1.3.6.1.4.1.2011.6.164.1.1.2.100.1.3.2183549242,Integer,1
.1.3.6.1.4.1.2011.6.164.1.1.2.100.1.3.2183549243,Integer,1
.1.3.6.1.4.1.2011.6.164.1.1.2.100.1.3.2183549244,Integer,1
.1.3.6.1.4.1.2011.6.164.1.1.2.100.1.3.2183549246,Integer,1
.1.3.6.1.4.1.2011.6.164.1.1.2.100.1.3.2183549247,Integer,1
.1.3.6.1.4.1.2011.6.164.1.1.2.100.1.3.2183549248,Integer,1
.1.3.6.1.4.1.2011.6.164.1.1.2.100.1.3.2183549249,Integer,1
.1.3.6.1.4.1.2011.6.164.1.1.2.100.1.3.2183549251,Integer,1
.1.3.6.1.4.1.2011.6.164.1.1.2.100.1.3.2183549252,Integer,1
.1.3.6.1.4.1.2011.6.164.1.1.2.100.1.3.2183549253,Integer,1
.1.3.6.1.4.1.2011.6.164.1.1.2.100.1.3.2183549254,Integer,1
.1.3.6.1.4.1.2011.6.164.1.1.2.100.1.3.2183589908,Integer,1
.1.3.6.1.4.1.2011.6.164.1.1.2.100.1.3.2183589909,Integer,1
.1.3.6.1.4.1.2011.6.164.1.1.2.100.1.3.2183589910,Integer,1
.1.3.6.1.4.1.2011.6.164.1.1.2.100.1.3.2183589911,Integer,2
.1.3.6.1.4.1.2011.6.164.1.1.2.100.1.3.2183589912,Integer,2
.1.3.6.1.4.1.2011.6.164.1.1.2.100.1.3.2183589913,Integer,2
.1.3.6.1.4.1.2011.6.164.1.1.2.100.1.3.2183589914,Integer,2
.1.3.6.1.4.1.2011.6.164.1.1.2.100.1.3.2183589915,Integer,2
.1.3.6.1.4.1.2011.6.164.1.1.2.100.1.3.2183589916,Integer,2
.1.3.6.1.4.1.2011.6.164.1.1.2.100.1.3.2183589917,Integer,2
.1.3.6.1.4.1.2011.6.164.1.1.2.100.1.3.2183589918,Integer,2
.1.3.6.1.4.1.2011.6.164.1.1.2.100.1.3.2183589919,Integer,2
.1.3.6.1.4.1.2011.6.164.1.1.2.100.1.3.2183590015,Integer,2
.1.3.6.1.4.1.2011.6.164.1.1.2.100.1.3.2183590040,Integer,1
.1.3.6.1.4.1.2011.6.164.1.1.2.100.1.3.2183590041,Integer,1
.1.3.6.1.4.1.2011.6.164.1.1.2.100.1.3.2183590042,Integer,1
.1.3.6.1.4.1.2011.6.164.1.1.2.100.1.3.2183590043,Integer,1
.1.3.6.1.4.1.2011.6.164.1.1.2.100.1.3.2183590044,Integer,1
.1.3.6.1.4.1.2011.6.164.1.1.2.100.1.3.2183590045,Integer,1
.1.3.6.1.4.1.2011.6.164.1.1.2.100.1.3.2183590046,Integer,1
.1.3.6.1.4.1.2011.6.164.1.1.2.100.1.3.2183590047,Integer,1
.1.3.6.1.4.1.2011.6.164.1.1.2.100.1.3.2183590109,Integer,2
.1.3.6.1.4.1.2011.6.164.1.1.2.100.1.3.2183590111,Integer,2
.1.3.6.1.4.1.2011.6.164.1.1.2.100.1.3.2183590112,Integer,2
.1.3.6.1.4.1.2011.6.164.1.1.2.100.1.3.2183590113,Integer,2
.1.3.6.1.4.1.2011.6.164.1.1.2.100.1.3.2183590114,Integer,2
.1.3.6.1.4.1.2011.6.164.1.1.2.100.1.3.2183590115,Integer,2
.1.3.6.1.4.1.2011.6.164.1.1.2.100.1.3.2183590116,Integer,2
.1.3.6.1.4.1.2011.6.164.1.1.2.100.1.3.2183590117,Integer,2
.1.3.6.1.4.1.2011.6.164.1.1.2.100.1.3.2183590118,Integer,2
.1.3.6.1.4.1.2011.6.164.1.1.2.100.1.3.2183590119,Integer,2
.1.3.6.1.4.1.2011.6.164.1.1.2.100.1.3.2183590120,Integer,2
.1.3.6.1.4.1.2011.6.164.1.1.2.100.1.3.2183590121,Integer,2
.1.3.6.1.4.1.2011.6.164.1.1.2.100.1.3.2183590122,Integer,2
.1.3.6.1.4.1.2011.6.164.1.1.2.100.1.3.2183590123,Integer,2
.1.3.6.1.4.1.2011.6.164.1.1.2.100.1.3.2183590124,Integer,2
.1.3.6.1.4.1.2011.6.164.1.1.2.100.1.3.2183590125,Integer,2
.1.3.6.1.4.1.2011.6.164.1.1.2.100.1.3.2183590126,Integer,2
.1.3.6.1.4.1.2011.6.164.1.1.2.100.1.3.2183590127,Integer,2
.1.3.6.1.4.1.2011.6.164.1.1.2.100.1.3.2183590128,Integer,2
.1.3.6.1.4.1.2011.6.164.1.1.2.100.1.3.2183590129,Integer,2
.1.3.6.1.4.1.2011.6.164.1.1.2.100.1.3.2183590130,Integer,2
.1.3.6.1.4.1.2011.6.164.1.1.2.100.1.3.2183590131,Integer,2
.1.3.6.1.4.1.2011.6.164.1.1.2.100.1.3.2183590132,Integer,2
.1.3.6.1.4.1.2011.6.164.1.1.2.100.1.3.2183590133,Integer,2
.1.3.6.1.4.1.2011.6.164.1.1.2.100.1.3.2183590134,Integer,2
.1.3.6.1.4.1.2011.6.164.1.1.2.100.1.3.2183590135,Integer,2
.1.3.6.1.4.1.2011.6.164.1.1.2.100.1.3.2183590136,Integer,2
.1.3.6.1.4.1.2011.6.164.1.1.2.100.1.3.2183590137,Integer,2
.1.3.6.1.4.1.2011.6.164.1.1.2.100.1.3.2183590138,Integer,2
.1.3.6.1.4.1.2011.6.164.1.1.2.100.1.3.2183590139,Integer,2
.1.3.6.1.4.1.2011.6.164.1.1.2.100.1.3.2183590140,Integer,2
.1.3.6.1.4.1.2011.6.164.1.1.2.100.1.3.2183590141,Integer,2
.1.3.6.1.4.1.2011.6.164.1.1.2.100.1.3.2183590142,Integer,2
.1.3.6.1.4.1.2011.6.164.1.1.2.100.1.3.2183590143,Integer,2
.1.3.6.1.4.1.2011.6.164.1.1.2.100.1.3.2183590144,Integer,2
.1.3.6.1.4.1.2011.6.164.1.1.2.100.1.3.2183590145,Integer,2
.1.3.6.1.4.1.2011.6.164.1.1.2.100.1.3.2183590146,Integer,2
.1.3.6.1.4.1.2011.6.164.1.1.2.100.1.3.2183590147,Integer,2
.1.3.6.1.4.1.2011.6.164.1.1.2.100.1.3.2183590148,Integer,2
.1.3.6.1.4.1.2011.6.164.1.1.2.100.1.3.2183590149,Integer,2
.1.3.6.1.4.1.2011.6.164.1.1.2.100.1.3.2183590150,Integer,2
.1.3.6.1.4.1.2011.6.164.1.1.2.100.1.3.2183590151,Integer,2
.1.3.6.1.4.1.2011.6.164.1.1.2.100.1.3.2183590152,Integer,2
.1.3.6.1.4.1.2011.6.164.1.1.2.100.1.3.2183590153,Integer,2
.1.3.6.1.4.1.2011.6.164.1.1.2.100.1.3.2183590154,Integer,2
.1.3.6.1.4.1.2011.6.164.1.1.2.100.1.3.2183590155,Integer,2
.1.3.6.1.4.1.2011.6.164.1.1.2.100.1.3.2183590156,Integer,2
.1.3.6.1.4.1.2011.6.164.1.1.2.100.1.3.2183590157,Integer,2
.1.3.6.1.4.1.2011.6.164.1.1.2.100.1.3.2183590158,Integer,2
.1.3.6.1.4.1.2011.6.164.1.1.2.100.1.3.2183590159,Integer,2
.1.3.6.1.4.1.2011.6.164.1.1.2.100.1.3.2183590169,Integer,2
.1.3.6.1.4.1.2011.6.164.1.1.2.100.1.3.2183590170,Integer,2
.1.3.6.1.4.1.2011.6.164.1.1.2.100.1.3.2184249452,Integer,2
.1.3.6.1.4.1.2011.6.164.1.1.2.100.1.3.2184250894,Integer,2
.1.3.6.1.4.1.2011.6.164.1.1.2.100.1.3.2184250896,Integer,3
.1.3.6.1.4.1.2011.6.164.1.1.2.100.1.3.2184250897,Integer,3
.1.3.6.1.4.1.2011.6.164.1.1.2.100.1.3.2184250899,Integer,3
.1.3.6.1.4.1.2011.6.164.1.1.2.100.1.3.2184250900,Integer,3
.1.3.6.1.4.1.2011.6.164.1.1.2.100.1.3.2184250901,Integer,3
.1.3.6.1.4.1.2011.6.164.1.1.2.100.1.3.2184250902,Integer,3
.1.3.6.1.4.1.2011.6.164.1.1.2.100.1.3.2184250903,Integer,3
.1.3.6.1.4.1.2011.6.164.1.1.2.100.1.3.2184250904,Integer,3
.1.3.6.1.4.1.2011.6.164.1.1.2.100.1.3.2184250911,Integer,2
.1.3.6.1.4.1.2011.6.164.1.1.2.100.1.3.2184250912,Integer,2
.1.3.6.1.4.1.2011.6.164.1.1.2.100.1.3.2184250913,Integer,2
.1.3.6.1.4.1.2011.6.164.1.1.2.100.1.3.2184259556,Integer,2
.1.3.6.1.4.1.2011.6.164.1.1.2.100.1.3.2184259608,Integer,1
.1.3.6.1.4.1.2011.6.164.1.1.2.100.1.3.2184259614,Integer,3
.1.3.6.1.4.1.2011.6.164.1.1.2.100.1.3.2184259615,Integer,3
.1.3.6.1.4.1.2011.6.164.1.1.2.100.1.3.2184259616,Integer,3
.1.3.6.1.4.1.2011.6.164.1.1.2.100.1.3.2184259617,Integer,3
.1.3.6.1.4.1.2011.6.164.1.1.2.100.1.3.2184259618,Integer,3
.1.3.6.1.4.1.2011.6.164.1.1.2.100.1.3.2184259619,Integer,3
.1.3.6.1.4.1.2011.6.164.1.1.2.100.1.3.2184264616,Integer,1
.1.3.6.1.4.1.2011.6.164.1.1.2.100.1.3.2184264626,Integer,2
.1.3.6.1.4.1.2011.6.164.1.1.2.100.1.3.2184310902,Integer,2
.1.3.6.1.4.1.2011.6.164.1.1.2.100.1.3.2184310903,Integer,2
.1.3.6.1.4.1.2011.6.164.1.1.2.100.1.3.2184310983,Integer,2
.1.3.6.1.4.1.2011.6.164.1.1.2.100.1.3.2184311186,Integer,2
.1.3.6.1.4.1.2011.6.164.1.1.2.100.1.3.2184537702,Integer,3
.1.3.6.1.4.1.2011.6.164.1.1.2.100.1.3.2184537703,Integer,2
.1.3.6.1.4.1.2011.6.164.1.1.2.100.1.3.2184537704,Integer,2
.1.3.6.1.4.1.2011.6.164.1.1.2.100.1.3.2184537705,Integer,3
.1.3.6.1.4.1.2011.6.164.1.1.2.100.1.3.2184537712,Integer,3
.1.3.6.1.4.1.2011.6.164.1.1.2.100.1.3.2184537713,Integer,3
.1.3.6.1.4.1.2011.6.164.1.1.2.100.1.3.2184537714,Integer,3
.1.3.6.1.4.1.2011.6.164.1.1.2.100.1.3.2184537715,Integer,3
.1.3.6.1.4.1.2011.6.164.1.1.2.100.1.3.2184537716,Integer,3
.1.3.6.1.4.1.2011.6.164.1.1.2.100.1.3.2184537717,Integer,2
.1.3.6.1.4.1.2011.6.164.1.1.2.100.1.3.2184537718,Integer,2
.1.3.6.1.4.1.2011.6.164.1.1.2.100.1.3.2184537719,Integer,2
.1.3.6.1.4.1.2011.6.164.1.1.2.100.1.3.2184537720,Integer,3
.1.3.6.1.4.1.2011.6.164.1.1.2.100.1.3.2184537721,Integer,3
.1.3.6.1.4.1.2011.6.164.1.1.2.100.1.3.2184537728,Integer,3
.1.3.6.1.4.1.2011.6.164.1.1.2.100.1.3.2184537729,Integer,3
.1.3.6.1.4.1.2011.6.164.1.1.2.100.1.3.2184537730,Integer,2
.1.3.6.1.4.1.2011.6.164.1.1.2.100.1.3.2184537731,Integer,2
.1.3.6.1.4.1.2011.6.164.1.1.2.100.1.3.2184537732,Integer,2
.1.3.6.1.4.1.2011.6.164.1.1.2.100.1.3.2184537733,Integer,3
.1.3.6.1.4.1.2011.6.164.1.1.2.100.1.3.2184537734,Integer,3
.1.3.6.1.4.1.2011.6.164.1.1.2.100.1.3.2184537735,Integer,2
.1.3.6.1.4.1.2011.6.164.1.1.2.100.1.3.2184537736,Integer,3
.1.3.6.1.4.1.2011.6.164.1.1.2.100.1.3.2184537737,Integer,3
.1.3.6.1.4.1.2011.6.164.1.1.2.100.1.3.2184537744,Integer,2
.1.3.6.1.4.1.2011.6.164.1.1.2.100.1.3.2184537745,Integer,3
.1.3.6.1.4.1.2011.6.164.1.1.2.100.1.3.2184537746,Integer,3
.1.3.6.1.4.1.2011.6.164.1.1.2.100.1.3.2184537747,Integer,2
.1.3.6.1.4.1.2011.6.164.1.1.2.100.1.3.2184537748,Integer,3
.1.3.6.1.4.1.2011.6.164.1.1.2.100.1.3.2184537749,Integer,3
.1.3.6.1.4.1.2011.6.164.1.1.2.100.1.3.2184537750,Integer,2
.1.3.6.1.4.1.2011.6.164.1.1.2.100.1.3.2184537751,Integer,3
.1.3.6.1.4.1.2011.6.164.1.1.2.100.1.3.2184537752,Integer,3
.1.3.6.1.4.1.2011.6.164.1.1.2.100.1.3.2184537753,Integer,2
.1.3.6.1.4.1.2011.6.164.1.1.2.100.1.3.2184537856,Integer,3
.1.3.6.1.4.1.2011.6.164.1.1.2.100.1.3.2184537857,Integer,3
.1.3.6.1.4.1.2011.6.164.1.1.2.100.1.3.2184537858,Integer,2
.1.3.6.1.4.1.2011.6.164.1.1.2.100.1.3.2184537859,Integer,3
.1.3.6.1.4.1.2011.6.164.1.1.2.100.1.3.2184537860,Integer,3
.1.3.6.1.4.1.2011.6.164.1.1.2.100.1.3.2184537861,Integer,2
.1.3.6.1.4.1.2011.6.164.1.1.2.100.1.3.2184537862,Integer,3
.1.3.6.1.4.1.2011.6.164.1.1.2.100.1.3.2184537863,Integer,3
.1.3.6.1.4.1.2011.6.164.1.1.2.100.1.3.2184537864,Integer,2
.1.3.6.1.4.1.2011.6.164.1.1.2.100.1.3.2184537865,Integer,3
.1.3.6.1.4.1.2011.6.164.1.1.2.100.1.3.2184537872,Integer,3
.1.3.6.1.4.1.2011.6.164.1.1.2.100.1.3.2184537873,Integer,2
.1.3.6.1.4.1.2011.6.164.1.1.2.100.1.3.2184537874,Integer,3
.1.3.6.1.4.1.2011.6.164.1.1.2.100.1.3.2184537875,Integer,3
.1.3.6.1.4.1.2011.6.164.1.1.2.100.1.3.2184537876,Integer,2
.1.3.6.1.4.1.2011.6.164.1.1.2.100.1.3.2184537877,Integer,3
.1.3.6.1.4.1.2011.6.164.1.1.2.100.1.3.2184537878,Integer,3
.1.3.6.1.4.1.2011.6.164.1.1.2.100.1.3.2184537879,Integer,2
.1.3.6.1.4.1.2011.6.164.1.1.2.100.1.3.2184537880,Integer,3
.1.3.6.1.4.1.2011.6.164.1.1.2.100.1.3.2184537881,Integer,3
.1.3.6.1.4.1.2011.6.164.1.1.2.100.1.3.2184537888,Integer,2
.1.3.6.1.4.1.2011.6.164.1.1.2.100.1.3.2184537889,Integer,3
.1.3.6.1.4.1.2011.6.164.1.1.2.100.1.3.2184537890,Integer,3
.1.3.6.1.4.1.2011.6.164.1.1.2.100.1.3.2184537891,Integer,2
.1.3.6.1.4.1.2011.6.164.1.1.2.100.1.3.2184537892,Integer,3
.1.3.6.1.4.1.2011.6.164.1.1.2.100.1.3.2184537893,Integer,3
.1.3.6.1.4.1.2011.6.164.1.1.2.100.1.3.2184537894,Integer,2
.1.3.6.1.4.1.2011.6.164.1.1.2.100.1.3.2184537895,Integer,3
.1.3.6.1.4.1.2011.6.164.1.1.2.100.1.3.2184537896,Integer,3
.1.3.6.1.4.1.2011.6.164.1.1.2.100.1.3.2184537897,Integer,2
.1.3.6.1.4.1.2011.6.164.1.1.2.100.1.3.2184537904,Integer,3
.1.3.6.1.4.1.2011.6.164.1.1.2.100.1.3.2184537905,Integer,3
.1.3.6.1.4.1.2011.6.164.1.1.2.100.1.3.2184537906,Integer,2
.1.3.6.1.4.1.2011.6.164.1.1.2.100.1.3.2184537907,Integer,3
.1.3.6.1.4.1.2011.6.164.1.1.2.100.1.3.2184537908,Integer,3
.1.3.6.1.4.1.2011.6.164.1.1.2.100.1.3.2184537909,Integer,2
.1.3.6.1.4.1.2011.6.164.1.1.2.100.1.3.2184537910,Integer,2
.1.3.6.1.4.1.2011.6.164.1.1.2.100.1.3.2184537911,Integer,2
.1.3.6.1.4.1.2011.6.164.1.1.2.100.1.3.2184537912,Integer,3
.1.3.6.1.4.1.2011.6.164.1.1.2.100.1.3.2184537913,Integer,3
.1.3.6.1.4.1.2011.6.164.1.1.2.100.1.3.2184537920,Integer,2
.1.3.6.1.4.1.2011.6.164.1.1.2.100.1.3.2184537921,Integer,2
.1.3.6.1.4.1.2011.6.164.1.1.2.100.1.3.2184537922,Integer,2
.1.3.6.1.4.1.2011.6.164.1.1.2.100.1.3.2184537923,Integer,3
.1.3.6.1.4.1.2011.6.164.1.1.2.100.1.3.2184537924,Integer,3
.1.3.6.1.4.1.2011.6.164.1.1.2.100.1.3.2184537925,Integer,2
.1.3.6.1.4.1.2011.6.164.1.1.2.100.1.3.2184537926,Integer,2
.1.3.6.1.4.1.2011.6.164.1.1.2.100.1.3.2184537927,Integer,3
.1.3.6.1.4.1.2011.6.164.1.1.2.100.1.3.2184537928,Integer,2
.1.3.6.1.4.1.2011.6.164.1.1.2.100.1.3.2184537929,Integer,2
.1.3.6.1.4.1.2011.6.164.1.1.2.100.1.3.2184537936,Integer,2
.1.3.6.1.4.1.2011.6.164.1.1.2.100.1.3.2184537937,Integer,4
.1.3.6.1.4.1.2011.6.164.1.1.2.100.1.3.2184537938,Integer,3
.1.3.6.1.4.1.2011.6.164.1.1.2.100.1.3.2184537939,Integer,2
.1.3.6.1.4.1.2011.6.164.1.1.2.100.1.3.2184537940,Integer,2
.1.3.6.1.4.1.2011.6.164.1.1.2.100.1.3.2184537941,Integer,2
.1.3.6.1.4.1.2011.6.164.1.1.2.100.1.3.2184537942,Integer,2
.1.3.6.1.4.1.2011.6.164.1.1.2.100.1.3.2184537943,Integer,2
.1.3.6.1.4.1.2011.6.164.1.1.2.100.1.3.2184537944,Integer,3
.1.3.6.1.4.1.2011.6.164.1.1.2.100.1.3.2184537945,Integer,2
.1.3.6.1.4.1.2011.6.164.1.1.2.100.1.3.2184537952,Integer,2
.1.3.6.1.4.1.2011.6.164.1.1.2.100.1.3.2184537953,Integer,2
.1.3.6.1.4.1.2011.6.164.1.1.2.100.1.3.2184537954,Integer,3
.1.3.6.1.4.1.2011.6.164.1.1.2.100.1.3.2184537955,Integer,2
.1.3.6.1.4.1.2011.6.164.1.1.2.100.1.3.2184537956,Integer,2
.1.3.6.1.4.1.2011.6.164.1.1.2.100.1.3.2184537957,Integer,2
.1.3.6.1.4.1.2011.6.164.1.1.2.100.1.3.2184537958,Integer,3
.1.3.6.1.4.1.2011.6.164.1.1.2.100.1.3.2184537960,Integer,1
.1.3.6.1.4.1.2011.6.164.1.1.2.100.1.3.2184537961,Integer,2
.1.3.6.1.4.1.2011.6.164.1.1.2.100.1.3.2184537968,Integer,2
.1.3.6.1.4.1.2011.6.164.1.1.2.100.1.3.2184537970,Integer,1
.1.3.6.1.4.1.2011.6.164.1.1.2.100.1.3.2184537971,Integer,2
.1.3.6.1.4.1.2011.6.164.1.1.2.100.1.3.2184537972,Integer,2
.1.3.6.1.4.1.2011.6.164.1.1.2.100.1.3.2184537974,Integer,1
.1.3.6.1.4.1.2011.6.164.1.1.2.100.1.3.2184537975,Integer,2
.1.3.6.1.4.1.2011.6.164.1.1.2.100.1.3.2184537976,Integer,2
.1.3.6.1.4.1.2011.6.164.1.1.2.100.1.3.2184537977,Integer,2
.1.3.6.1.4.1.2011.6.164.1.1.2.100.1.3.2184537984,Integer,2
.1.3.6.1.4.1.2011.6.164.1.1.2.100.1.3.2184537985,Integer,2
.1.3.6.1.4.1.2011.6.164.1.1.2.100.1.3.2184537986,Integer,2
.1.3.6.1.4.1.2011.6.164.1.1.2.100.1.3.2184537987,Integer,2
.1.3.6.1.4.1.2011.6.164.1.1.2.100.1.3.2184537988,Integer,2
.1.3.6.1.4.1.2011.6.164.1.1.2.100.1.3.2184537989,Integer,2
.1.3.6.1.4.1.2011.6.164.1.1.2.100.1.3.2184728039,Integer,2
.1.3.6.1.4.1.2011.6.164.1.1.2.100.1.3.2184728067,Integer,4
.1.3.6.1.4.1.2011.6.164.1.1.2.100.1.3.2184728068,Integer,4
.1.3.6.1.4.1.2011.6.164.1.1.2.100.1.3.2184728074,Integer,2
.1.3.6.1.4.1.2011.6.164.1.1.2.100.1.3.2184728077,Integer,2
.1.3.6.1.4.1.2011.6.164.1.1.2.100.1.3.2184728085,Integer,4
.1.3.6.1.4.1.2011.6.164.1.1.2.100.1.3.2184728088,Integer,3
.1.3.6.1.4.1.2011.6.164.1.1.2.100.1.3.2184728089,Integer,3
.1.3.6.1.4.1.2011.6.164.1.1.2.100.1.3.2184728091,Integer,4
.1.3.6.1.4.1.2011.6.164.1.1.2.100.1.3.2184728092,Integer,4
.1.3.6.1.4.1.2011.6.164.1.1.2.100.1.3.2184728093,Integer,2
.1.3.6.1.4.1.2011.6.164.1.1.2.100.1.3.2184769656,Integer,2
.1.3.6.1.4.1.2011.6.164.1.1.2.100.1.3.2185490496,Integer,2
.1.3.6.1.4.1.2011.6.164.1.1.2.100.1.3.2185490497,Integer,2
.1.3.6.1.4.1.2011.6.164.1.1.2.100.1.3.2185490498,Integer,2
.1.3.6.1.4.1.2011.6.164.1.1.2.100.1.3.2185556006,Integer,2
.1.3.6.1.4.1.2011.6.164.1.1.2.100.1.3.2185556007,Integer,2
.1.3.6.1.4.1.2011.6.164.1.1.2.100.1.3.2185556008,Integer,2
.1.3.6.1.4.1.2011.6.164.1.1.2.100.1.3.2185556009,Integer,2
.1.3.6.1.4.1.2011.6.164.1.1.2.100.1.3.2185556010,Integer,2
.1.3.6.1.4.1.2011.6.164.1.1.2.100.1.3.2185556011,Integer,2
.1.3.6.1.4.1.2011.6.164.1.1.2.100.1.3.2185556012,Integer,2
.1.3.6.1.4.1.2011.6.164.1.1.2.100.1.3.2185556013,Integer,2
.1.3.6.1.4.1.2011.6.164.1.1.2.100.1.3.2185556014,Integer,2
.1.3.6.1.4.1.2011.6.164.1.1.2.100.1.3.2185556015,Integer,2
.1.3.6.1.4.1.2011.6.164.1.1.2.100.1.3.2185556016,Integer,2
.1.3.6.1.4.1.2011.6.164.1.1.2.100.1.3.2185556017,Integer,2
.1.3.6.1.4.1.2011.6.164.1.1.2.100.1.3.2185556018,Integer,2
.1.3.6.1.4.1.2011.6.164.1.1.2.100.1.3.2185556019,Integer,2
.1.3.6.1.4.1.2011.6.164.1.1.2.100.1.3.2185556020,Integer,2
.1.3.6.1.4.1.2011.6.164.1.1.2.100.1.3.2185556021,Integer,2
.1.3.6.1.4.1.2011.6.164.1.1.2.100.1.3.2185556022,Integer,2
.1.3.6.1.4.1.2011.6.164.1.1.2.100.1.3.2185556023,Integer,2
.1.3.6.1.4.1.2011.6.164.1.1.2.100.1.3.2185556024,Integer,2
.1.3.6.1.4.1.2011.6.164.1.1.2.100.1.3.2185556025,Integer,2
.1.3.6.1.4.1.2011.6.164.1.1.2.100.1.3.2185556026,Integer,2
.1.3.6.1.4.1.2011.6.164.1.1.2.100.1.3.2185556027,Integer,2
.1.3.6.1.4.1.2011.6.164.1.1.2.100.1.3.2185556028,Integer,2
.1.3.6.1.4.1.2011.6.164.1.1.2.100.1.3.2185556029,Integer,2
.1.3.6.1.4.1.2011.6.164.1.1.2.100.1.3.2185556030,Integer,2
.1.3.6.1.4.1.2011.6.164.1.1.2.100.1.3.2185556103,Integer,2
.1.3.6.1.4.1.2011.6.164.1.1.2.100.1.3.2185556104,Integer,2
.1.3.6.1.4.1.2011.6.164.1.1.2.100.1.3.2185897913,Integer,2
.1.3.6.1.4.1.2011.6.164.1.1.2.100.1.3.2185903028,Integer,2
.1.3.6.1.4.1.2011.6.164.1.1.2.100.1.3.2185903029,Integer,2
.1.3.6.1.4.1.2011.6.164.1.1.2.100.1.3.2185949204,Integer,2
.1.3.6.1.4.1.2011.6.164.1.1.2.100.1.3.2185949205,Integer,2
.1.3.6.1.4.1.2011.6.164.1.1.2.100.1.3.2185949311,Integer,2
.1.3.6.1.4.1.2011.6.164.1.1.2.100.1.3.2185949341,Integer,2
.1.3.6.1.4.1.2011.6.164.1.1.2.100.1.3.2185949342,Integer,2
.1.3.6.1.4.1.2011.6.164.1.1.2.100.1.3.2185949343,Integer,2
.1.3.6.1.4.1.2011.6.164.1.1.2.100.1.3.2185949348,Integer,2
.1.3.6.1.4.1.2011.6.164.1.1.2.100.1.3.2186625026,Integer,4
.1.3.6.1.4.1.2011.6.164.1.1.2.100.1.3.2186675778,Integer,3
.1.3.6.1.4.1.2011.6.164.1.1.2.100.1.3.2186675779,Integer,3
.1.3.6.1.4.1.2011.6.164.1.1.2.100.1.3.2186675780,Integer,2
.1.3.6.1.4.1.2011.6.164.1.1.2.100.1.3.2186675783,Integer,2
.1.3.6.1.4.1.2011.6.164.1.1.2.100.1.3.2187011257,Integer,2
.1.3.6.1.4.1.2011.6.164.1.1.2.100.1.3.2187981083,Integer,2
.1.3.6.1.4.1.2011.6.164.1.1.2.100.1.3.2187981084,Integer,3
.1.3.6.1.4.1.2011.6.164.1.1.2.100.1.3.2187981085,Integer,3
.1.3.6.1.4.1.2011.6.164.1.1.2.100.1.3.2187981086,Integer,3
.1.3.6.1.4.1.2011.6.164.1.1.2.100.1.3.2187981087,Integer,3
.1.3.6.1.4.1.2011.6.164.1.1.2.100.1.3.2187981088,Integer,3
.1.3.6.1.4.1.2011.6.164.1.1.2.100.1.3.2187981089,Integer,3
.1.3.6.1.4.1.2011.6.164.1.1.2.100.1.3.2187981090,Integer,3
.1.3.6.1.4.1.2011.6.164.1.1.2.100.1.3.2187981313,Integer,2
.1.3.6.1.4.1.2011.6.164.1.1.2.100.1.3.2188046672,Integer,2
.1.3.6.1.4.1.2011.6.164.1.1.2.100.1.3.2188046673,Integer,2
.1.3.6.1.4.1.2011.6.164.1.1.2.100.1.3.2188046674,Integer,2
.1.3.6.1.4.1.2011.6.164.1.1.2.100.1.3.2188046675,Integer,3
.1.3.6.1.4.1.2011.6.164.1.1.2.100.1.3.2188046676,Integer,3
.1.3.6.1.4.1.2011.6.164.1.1.2.100.1.3.2188046677,Integer,3
.1.3.6.1.4.1.2011.6.164.1.1.2.100.1.3.2188046678,Integer,3
.1.3.6.1.4.1.2011.6.164.1.1.2.100.1.3.2188046679,Integer,3
.1.3.6.1.4.1.2011.6.164.1.1.2.100.1.3.2188046680,Integer,3
.1.3.6.1.4.1.2011.6.164.1.1.2.100.1.3.2188046681,Integer,3
.1.3.6.1.4.1.2011.6.164.1.1.2.100.1.3.2188046850,Integer,2
.1.3.6.1.4.1.2011.6.164.1.1.2.100.1.3.2188243311,Integer,2
.1.3.6.1.4.1.2011.6.164.1.1.2.100.1.3.2188243312,Integer,2
.1.3.6.1.4.1.2011.6.164.1.1.2.100.1.3.2188243313,Integer,1
.1.3.6.1.4.1.2011.6.164.1.1.2.100.1.3.2196828801,Integer,2
.1.3.6.1.4.1.2011.6.164.1.1.2.100.1.3.2196828802,Integer,2
.1.3.6.1.4.1.2011.6.164.1.1.2.100.1.3.2196828803,Integer,2
.1.3.6.1.4.1.2011.6.164.1.1.2.100.1.3.2196828804,Integer,2
.1.3.6.1.4.1.2011.6.164.1.1.2.100.1.3.2196828805,Integer,3
.1.3.6.1.4.1.2011.6.164.1.1.2.100.1.3.2196894329,Integer,2
.1.3.6.1.4.1.2011.6.164.1.1.2.100.1.3.2196894330,Integer,2
.1.3.6.1.4.1.2011.6.164.1.1.2.100.1.3.2196894331,Integer,2
.1.3.6.1.4.1.2011.6.164.1.1.2.100.1.3.2196894332,Integer,2
.1.3.6.1.4.1.2011.6.164.1.1.2.100.1.3.2196894333,Integer,2
.1.3.6.1.4.1.2011.6.164.1.1.2.100.1.3.2196894334,Integer,2
.1.3.6.1.4.1.2011.6.164.1.1.2.100.1.3.2196894335,Integer,2
.1.3.6.1.4.1.2011.6.164.1.1.2.100.1.3.2196894336,Integer,2
.1.3.6.1.4.1.2011.6.164.1.1.2.100.1.3.2196959862,Integer,2
.1.3.6.1.4.1.2011.6.164.1.1.2.100.1.3.2196959863,Integer,2
.1.3.6.1.4.1.2011.6.164.1.1.2.100.1.3.2196959864,Integer,2
.1.3.6.1.4.1.2011.6.164.1.1.2.100.1.3.2415872118,Integer,2
.1.3.6.1.4.1.2011.6.164.1.1.2.100.1.3.2415872119,Integer,2
.1.3.6.1.4.1.2011.6.164.1.1.2.100.1.3.2415872120,Integer,2
.1.3.6.1.4.1.2011.6.164.1.1.2.100.1.3.2415872121,Integer,2
.1.3.6.1.4.1.2011.6.164.1.1.2.100.1.3.2415872122,Integer,2
.1.3.6.1.4.1.2011.6.164.1.1.2.100.1.3.2415872123,Integer,2
.1.3.6.1.4.1.2011.6.164.1.1.2.100.1.3.2415872124,Integer,2
.1.3.6.1.4.1.2011.6.164.1.1.2.100.1.3.2415872125,Integer,2
.1.3.6.1.4.1.2011.6.164.1.1.2.100.1.3.2415872126,Integer,2
.1.3.6.1.4.1.2011.6.164.1.1.2.100.1.3.2415872127,Integer,2
.1.3.6.1.4.1.2011.6.164.1.1.2.100.1.3.2415872128,Integer,2
.1.3.6.1.4.1.2011.6.164.1.1.2.100.1.3.2415872129,Integer,2
.1.3.6.1.4.1.2011.6.164.1.1.2.100.1.3.2415872130,Integer,2
.1.3.6.1.4.1.2011.6.164.1.1.2.100.1.3.2415872131,Integer,2
.1.3.6.1.4.1.2011.6.164.1.1.2.100.1.3.2415872132,Integer,2
.1.3.6.1.4.1.2011.6.164.1.1.2.100.1.3.2415872133,Integer,2
.1.3.6.1.4.1.2011.6.164.1.1.2.100.1.3.2415872134,Integer,2
.1.3.6.1.4.1.2011.6.164.1.1.2.100.1.3.2415872135,Integer,2
.1.3.6.1.4.1.2011.6.164.1.1.2.100.1.3.2415872136,Integer,2
.1.3.6.1.4.1.2011.6.164.1.1.2.100.1.3.2415872137,Integer,2
.1.3.6.1.4.1.2011.6.164.1.1.2.100.1.3.2415872138,Integer,2
.1.3.6.1.4.1.2011.6.164.1.1.2.100.1.3.2415872139,Integer,2
.1.3.6.1.4.1.2011.6.164.1.1.2.100.1.3.2415872140,Integer,2
.1.3.6.1.4.1.2011.6.164.1.1.2.100.1.3.2415872141,Integer,2
.1.3.6.1.4.1.2011.6.164.1.1.2.100.1.3.2415872142,Integer,2
.1.3.6.1.4.1.2011.6.164.1.1.2.100.1.3.2415872143,Integer,2
.1.3.6.1.4.1.2011.6.164.1.1.2.100.1.3.2415872144,Integer,2
.1.3.6.1.4.1.2011.6.164.1.1.2.100.1.3.2415872145,Integer,2
.1.3.6.1.4.1.2011.6.164.1.1.2.100.1.3.2415872146,Integer,2
.1.3.6.1.4.1.2011.6.164.1.1.2.100.1.3.2415872147,Integer,2
.1.3.6.1.4.1.2011.6.164.1.1.2.100.1.3.2415872148,Integer,2
.1.3.6.1.4.1.2011.6.164.1.1.2.100.1.3.2415872149,Integer,2
.1.3.6.1.4.1.2011.6.164.1.1.2.100.1.3.2415872150,Integer,2
.1.3.6.1.4.1.2011.6.164.1.1.2.100.1.3.2415872151,Integer,2
.1.3.6.1.4.1.2011.6.164.1.1.2.100.1.3.2415872152,Integer,2
.1.3.6.1.4.1.2011.6.164.1.1.2.100.1.3.2415872153,Integer,2
.1.3.6.1.4.1.2011.6.164.1.1.2.100.1.3.2415872154,Integer,2
.1.3.6.1.4.1.2011.6.164.1.1.2.100.1.3.2415872155,Integer,2
.1.3.6.1.4.1.2011.6.164.1.1.2.100.1.3.2415872156,Integer,2
.1.3.6.1.4.1.2011.6.164.1.1.2.100.1.3.2415872157,Integer,2
.1.3.6.1.4.1.2011.6.164.1.1.2.100.1.3.2415872158,Integer,2
.1.3.6.1.4.1.2011.6.164.1.1.2.100.1.3.2415872159,Integer,2
.1.3.6.1.4.1.2011.6.164.1.1.2.100.1.3.2415872160,Integer,2
.1.3.6.1.4.1.2011.6.164.1.1.2.100.1.3.2415872161,Integer,2
.1.3.6.1.4.1.2011.6.164.1.1.2.100.1.3.2415872162,Integer,2
.1.3.6.1.4.1.2011.6.164.1.1.2.100.1.3.2415872163,Integer,2
.1.3.6.1.4.1.2011.6.164.1.1.2.100.1.3.2415872164,Integer,2
.1.3.6.1.4.1.2011.6.164.1.1.2.100.1.3.2416129088,Integer,2
.1.3.6.1.4.1.2011.6.164.1.1.2.100.1.3.2416177498,Integer,3
.1.3.6.1.4.1.2011.6.164.1.1.2.100.1.3.2416177499,Integer,3
.1.3.6.1.4.1.2011.6.164.1.1.2.100.1.3.2416177500,Integer,4
.1.3.6.1.4.1.2011.6.164.1.1.2.100.1.3.2416177501,Integer,4
.1.3.6.1.4.1.2011.6.164.1.1.2.100.1.3.2416177502,Integer,4
.1.3.6.1.4.1.2011.6.164.1.1.2.100.1.3.2416177503,Integer,2
.1.3.6.1.4.1.2011.6.164.1.1.2.100.1.3.2416177504,Integer,4
.1.3.6.1.4.1.2011.6.164.1.1.2.100.1.3.2416177505,Integer,2
.1.3.6.1.4.1.2011.6.164.1.1.2.100.1.3.2416177506,Integer,2
.1.3.6.1.4.1.2011.6.164.1.1.2.100.1.3.2416177515,Integer,2
.1.3.6.1.4.1.2011.6.164.1.1.2.100.1.3.2416177618,Integer,1
.1.3.6.1.4.1.2011.6.164.1.1.2.100.1.3.2416177619,Integer,1
.1.3.6.1.4.1.2011.6.164.1.1.2.100.1.3.2416177620,Integer,1
.1.3.6.1.4.1.2011.6.164.1.1.2.100.1.3.2416177621,Integer,1
.1.3.6.1.4.1.2011.6.164.1.1.2.100.1.3.2416177622,Integer,1
.1.3.6.1.4.1.2011.6.164.1.1.2.100.1.3.2416177623,Integer,1
.1.3.6.1.4.1.2011.6.164.1.1.2.100.1.3.2416177624,Integer,1
.1.3.6.1.4.1.2011.6.164.1.1.2.100.1.3.2416177625,Integer,1
.1.3.6.1.4.1.2011.6.164.1.1.2.100.1.3.2416177626,Integer,1
.1.3.6.1.4.1.2011.6.164.1.1.2.100.1.3.2416177627,Integer,1
.1.3.6.1.4.1.2011.6.164.1.1.2.100.1.3.2416194537,Integer,2
.1.3.6.1.4.1.2011.6.164.1.1.2.100.1.3.2416243052,Integer,2
.1.3.6.1.4.1.2011.6.164.1.1.2.100.1.3.2416243053,Integer,2
.1.3.6.1.4.1.2011.6.164.1.1.2.100.1.3.2416255534,Integer,2
.1.3.6.1.4.1.2011.6.164.1.1.2.100.1.3.2416255536,Integer,2
.1.3.6.1.4.1.2011.6.164.1.1.2.100.1.3.2416321020,Integer,2
.1.3.6.1.4.1.2011.6.164.1.1.2.100.1.3.2416321021,Integer,3
.1.3.6.1.4.1.2011.6.164.1.1.2.100.1.3.2416321022,Integer,3
.1.3.6.1.4.1.2011.6.164.1.1.2.100.1.3.2416392106,Integer,2
.1.3.6.1.4.1.2011.6.164.1.1.2.100.1.3.2416454119,Integer,4
.1.3.6.1.4.1.2011.6.164.1.1.2.100.1.3.2416454120,Integer,1
.1.3.6.1.4.1.2011.6.164.1.1.2.100.1.3.2416454121,Integer,2
.1.3.6.1.4.1.2011.6.164.1.1.2.100.1.3.2416454141,Integer,1
.1.3.6.1.4.1.2011.6.164.1.1.2.100.1.3.2416457742,Integer,2
.1.3.6.1.4.1.2011.6.164.1.1.2.100.1.3.2416463153,Integer,1
.1.3.6.1.4.1.2011.6.164.1.1.2.100.1.3.2416463154,Integer,3
.1.3.6.1.4.1.2011.6.164.1.1.2.100.1.3.2416463155,Integer,3
.1.3.6.1.4.1.2011.6.164.1.1.2.100.1.3.2416504836,Integer,1
.1.3.6.1.4.1.2011.6.164.1.1.2.100.1.3.2416523978,Integer,2
.1.3.6.1.4.1.2011.6.164.1.1.2.100.1.3.2416523980,Integer,2
.1.3.6.1.4.1.2011.6.164.1.1.2.100.1.3.2416523981,Integer,2
.1.3.6.1.4.1.2011.6.164.1.1.2.100.1.3.2416523982,Integer,2
.1.3.6.1.4.1.2011.6.164.1.1.2.100.1.3.2416523983,Integer,2
.1.3.6.1.4.1.2011.6.164.1.1.2.100.1.3.2416523984,Integer,2
.1.3.6.1.4.1.2011.6.164.1.1.2.100.1.3.2416570403,Integer,2
.1.3.6.1.4.1.2011.6.164.1.1.2.100.1.3.2416586864,Integer,3
.1.3.6.1.4.1.2011.6.164.1.1.2.100.1.3.2416586865,Integer,2
.1.3.6.1.4.1.2011.6.164.1.1.2.100.1.3.2416586875,Integer,3
.1.3.6.1.4.1.2011.6.164.1.1.2.100.1.3.2416586876,Integer,3
.1.3.6.1.4.1.2011.6.164.1.1.2.100.1.3.2416586877,Integer,3
.1.3.6.1.4.1.2011.6.164.1.1.2.100.1.3.2416586878,Integer,3
.1.3.6.1.4.1.2011.6.164.1.1.2.100.1.3.2416722787,Integer,2
.1.3.6.1.4.1.2011.6.164.1.1.2.100.1.3.2416722788,Integer,2
.1.3.6.1.4.1.2011.6.164.1.1.2.100.1.3.2416722789,Integer,2
.1.3.6.1.4.1.2011.6.164.1.1.2.100.1.3.2416722790,Integer,2
.1.3.6.1.4.1.2011.6.164.1.1.2.100.1.3.2416722791,Integer,2
.1.3.6.1.4.1.2011.6.164.1.1.2.100.1.3.2416722792,Integer,2
.1.3.6.1.4.1.2011.6.164.1.1.2.100.1.3.2416722793,Integer,2
.1.3.6.1.4.1.2011.6.164.1.1.2.100.1.3.2416722794,Integer,2
.1.3.6.1.4.1.2011.6.164.1.1.2.100.1.3.2416722795,Integer,2
.1.3.6.1.4.1.2011.6.164.1.1.2.100.1.3.2416722796,Integer,2
.1.3.6.1.4.1.2011.6.164.1.1.2.100.1.3.2416722797,Integer,2
.1.3.6.1.4.1.2011.6.164.1.1.2.100.1.3.2416722798,Integer,2
.1.3.6.1.4.1.2011.6.164.1.1.2.100.1.3.2416722799,Integer,2
.1.3.6.1.4.1.2011.6.164.1.1.2.100.1.3.2416722800,Integer,2
.1.3.6.1.4.1.2011.6.164.1.1.2.100.1.3.2416722801,Integer,2
.1.3.6.1.4.1.2011.6.164.1.1.2.100.1.3.2416722802,Integer,2
.1.3.6.1.4.1.2011.6.164.1.1.2.100.1.3.2416722803,Integer,2
.1.3.6.1.4.1.2011.6.164.1.1.2.100.1.3.2416722804,Integer,2
.1.3.6.1.4.1.2011.6.164.1.1.2.100.1.3.2416722805,Integer,2
.1.3.6.1.4.1.2011.6.164.1.1.2.100.1.3.2416722806,Integer,2
.1.3.6.1.4.1.2011.6.164.1.1.2.100.1.3.2416722807,Integer,2
.1.3.6.1.4.1.2011.6.164.1.1.2.100.1.3.2416722808,Integer,2
.1.3.6.1.4.1.2011.6.164.1.1.2.100.1.3.2416722810,Integer,3
.1.3.6.1.4.1.2011.6.164.1.1.2.100.1.3.2416722811,Integer,4
.1.3.6.1.4.1.2011.6.164.1.1.2.100.1.3.2416722812,Integer,4
.1.3.6.1.4.1.2011.6.164.1.1.2.100.1.3.2416722813,Integer,4
.1.3.6.1.4.1.2011.6.164.1.1.2.100.1.3.2416722814,Integer,4
.1.3.6.1.4.1.2011.6.164.1.1.2.100.1.3.2416722815,Integer,2
.1.3.6.1.4.1.2011.6.164.1.1.2.100.1.3.2416722816,Integer,4
.1.3.6.1.4.1.2011.6.164.1.1.2.100.1.3.2416722817,Integer,3
.1.3.6.1.4.1.2011.6.164.1.1.2.100.1.3.2416722818,Integer,2
.1.3.6.1.4.1.2011.6.164.1.1.2.100.1.3.2416722819,Integer,4
.1.3.6.1.4.1.2011.6.164.1.1.2.100.1.3.2416722820,Integer,2
.1.3.6.1.4.1.2011.6.164.1.1.2.100.1.3.2416722821,Integer,4
.1.3.6.1.4.1.2011.6.164.1.1.2.100.1.3.2416722822,Integer,1
.1.3.6.1.4.1.2011.6.164.1.1.2.100.1.3.2416722823,Integer,2
.1.3.6.1.4.1.2011.6.164.1.1.2.100.1.3.2416722824,Integer,2
.1.3.6.1.4.1.2011.6.164.1.1.2.100.1.3.2416722825,Integer,2
.1.3.6.1.4.1.2011.6.164.1.1.2.100.1.3.2416722826,Integer,3
.1.3.6.1.4.1.2011.6.164.1.1.2.100.1.3.2416722827,Integer,2
.1.3.6.1.4.1.2011.6.164.1.1.2.100.1.3.2416722828,Integer,2
.1.3.6.1.4.1.2011.6.164.1.1.2.100.1.3.2416722829,Integer,2
.1.3.6.1.4.1.2011.6.164.1.1.2.100.1.3.2416722830,Integer,2
.1.3.6.1.4.1.2011.6.164.1.1.2.100.1.3.2416722831,Integer,2
.1.3.6.1.4.1.2011.6.164.1.1.2.100.1.3.2416722832,Integer,2
.1.3.6.1.4.1.2011.6.164.1.1.2.100.1.3.2416722833,Integer,2
.1.3.6.1.4.1.2011.6.164.1.1.2.100.1.3.2416722834,Integer,2
.1.3.6.1.4.1.2011.6.164.1.1.2.100.1.3.2416722835,Integer,1
.1.3.6.1.4.1.2011.6.164.1.1.2.100.1.3.2416722836,Integer,1
.1.3.6.1.4.1.2011.6.164.1.1.2.100.1.3.2416722837,Integer,2
.1.3.6.1.4.1.2011.6.164.1.1.2.100.1.3.2416722838,Integer,2
.1.3.6.1.4.1.2011.6.164.1.1.2.100.1.3.2416722839,Integer,2
.1.3.6.1.4.1.2011.6.164.1.1.2.100.1.3.2416722840,Integer,2
.1.3.6.1.4.1.2011.6.164.1.1.2.100.1.3.2416722841,Integer,3
.1.3.6.1.4.1.2011.6.164.1.1.2.100.1.3.2416722842,Integer,3
.1.3.6.1.4.1.2011.6.164.1.1.2.100.1.3.2416722843,Integer,3
.1.3.6.1.4.1.2011.6.164.1.1.2.100.1.3.2416722844,Integer,3
.1.3.6.1.4.1.2011.6.164.1.1.2.100.1.3.2416722845,Integer,3
.1.3.6.1.4.1.2011.6.164.1.1.2.100.1.3.2416722846,Integer,3
.1.3.6.1.4.1.2011.6.164.1.1.2.100.1.3.2416722847,Integer,2
.1.3.6.1.4.1.2011.6.164.1.1.2.100.1.3.2416722848,Integer,2
.1.3.6.1.4.1.2011.6.164.1.1.2.100.1.3.2416722870,Integer,2
.1.3.6.1.4.1.2011.6.164.1.1.2.100.1.3.2416766992,Integer,2
.1.3.6.1.4.1.2011.6.164.1.1.2.100.1.3.2416919595,Integer,3
.1.3.6.1.4.1.2011.6.164.1.1.2.100.1.3.2416919596,Integer,3
.1.3.6.1.4.1.2011.6.164.1.1.2.100.1.3.2416919597,Integer,4
.1.3.6.1.4.1.2011.6.164.1.1.2.100.1.3.2416919598,Integer,2
.1.3.6.1.4.1.2011.6.164.1.1.2.100.1.3.2416919599,Integer,4
.1.3.6.1.4.1.2011.6.164.1.1.2.100.1.3.2416919600,Integer,4
.1.3.6.1.4.1.2011.6.164.1.1.2.100.1.3.2417244525,Integer,1
.1.3.6.1.4.1.2011.6.164.1.1.2.100.1.3.2417244526,Integer,2
.1.3.6.1.4.1.2011.6.164.1.1.2.100.1.3.2417244527,Integer,1
.1.3.6.1.4.1.2011.6.164.1.1.2.100.1.3.2417244528,Integer,4
.1.3.6.1.4.1.2011.6.164.1.1.2.100.1.3.2417244529,Integer,2
.1.3.6.1.4.1.2011.6.164.1.1.2.100.1.3.2417244530,Integer,3
.1.3.6.1.4.1.2011.6.164.1.1.2.100.1.3.2417244531,Integer,4
.1.3.6.1.4.1.2011.6.164.1.1.2.100.1.3.2417244532,Integer,4
.1.3.6.1.4.1.2011.6.164.1.1.2.100.1.3.2417244533,Integer,4
.1.3.6.1.4.1.2011.6.164.1.1.2.100.1.3.2417244534,Integer,2
.1.3.6.1.4.1.2011.6.164.1.1.2.100.1.3.2417244535,Integer,2
.1.3.6.1.4.1.2011.6.164.1.1.2.100.1.3.2417308861,Integer,2
.1.3.6.1.4.1.2011.6.164.1.1.2.100.1.3.2417308862,Integer,3
.1.3.6.1.4.1.2011.6.164.1.1.2.100.1.3.2417308863,Integer,2
.1.3.6.1.4.1.2011.6.164.1.1.2.100.1.3.2417308864,Integer,2
.1.3.6.1.4.1.2011.6.164.1.1.2.100.1.3.2417380007,Integer,2
.1.3.6.1.4.1.2011.6.164.1.1.2.100.1.3.2417380008,Integer,2
.1.3.6.1.4.1.2011.6.164.1.1.2.100.1.3.2417380009,Integer,2
.1.3.6.1.4.1.2011.6.164.1.1.2.100.1.3.2417380010,Integer,2
.1.3.6.1.4.1.2011.6.164.1.1.2.100.1.3.2417380011,Integer,2
.1.3.6.1.4.1.2011.6.164.1.1.2.100.1.3.2417380012,Integer,2
.1.3.6.1.4.1.2011.6.164.1.1.2.100.1.3.2417380013,Integer,2
.1.3.6.1.4.1.2011.6.164.1.1.2.100.1.3.2417380014,Integer,2
.1.3.6.1.4.1.2011.6.164.1.1.2.100.1.3.2417380015,Integer,2
.1.3.6.1.4.1.2011.6.164.1.1.2.100.1.3.2417380016,Integer,2
.1.3.6.1.4.1.2011.6.164.1.1.2.100.1.3.2417380017,Integer,2
.1.3.6.1.4.1.2011.6.164.1.1.2.100.1.3.2417380018,Integer,2
.1.3.6.1.4.1.2011.6.164.1.1.2.100.1.3.2417380019,Integer,2
.1.3.6.1.4.1.2011.6.164.1.1.2.100.1.3.2417380020,Integer,2
.1.3.6.1.4.1.2011.6.164.1.1.2.100.1.3.2417380021,Integer,2
.1.3.6.1.4.1.2011.6.164.1.1.2.100.1.3.2417380022,Integer,2
.1.3.6.1.4.1.2011.6.164.1.1.2.100.1.3.2417380023,Integer,2
.1.3.6.1.4.1.2011.6.164.1.1.2.100.1.3.2417380024,Integer,2
.1.3.6.1.4.1.2011.6.164.1.1.2.100.1.3.2417380025,Integer,2
.1.3.6.1.4.1.2011.6.164.1.1.2.100.1.3.2417380027,Integer,2
.1.3.6.1.4.1.2011.6.164.1.1.2.100.1.3.2417380028,Integer,2
.1.3.6.1.4.1.2011.6.164.1.1.2.100.1.3.2417380029,Integer,2
.1.3.6.1.4.1.2011.6.164.1.1.2.100.1.3.2417380030,Integer,2
.1.3.6.1.4.1.2011.6.164.1.1.2.100.1.3.2417380032,Integer,2
.1.3.6.1.4.1.2011.6.164.1.1.2.100.1.3.2417380033,Integer,2
.1.3.6.1.4.1.2011.6.164.1.1.2.100.1.3.2417380034,Integer,2
.1.3.6.1.4.1.2011.6.164.1.1.2.100.1.3.2417380035,Integer,2
.1.3.6.1.4.1.2011.6.164.1.1.2.100.1.3.2417380036,Integer,2
.1.3.6.1.4.1.2011.6.164.1.1.2.100.1.3.2417380037,Integer,2
.1.3.6.1.4.1.2011.6.164.1.1.2.100.1.3.2417708577,Integer,3
.1.3.6.1.4.1.2011.6.164.1.1.2.100.1.3.2417750513,Integer,2
.1.3.6.1.4.1.2011.6.164.1.1.2.100.1.3.2417755662,Integer,3
.1.3.6.1.4.1.2011.6.164.1.1.2.100.1.3.2417755684,Integer,3
.1.3.6.1.4.1.2011.6.164.1.1.2.100.1.3.2417755685,Integer,3
.1.3.6.1.4.1.2011.6.164.1.1.2.100.1.3.2417755686,Integer,3
.1.3.6.1.4.1.2011.6.164.1.1.2.100.1.3.2417755687,Integer,3
.1.3.6.1.4.1.2011.6.164.1.1.2.100.1.3.2417755688,Integer,3
.1.3.6.1.4.1.2011.6.164.1.1.2.100.1.3.2417755689,Integer,3
.1.3.6.1.4.1.2011.6.164.1.1.2.100.1.3.2417755690,Integer,3
.1.3.6.1.4.1.2011.6.164.1.1.2.100.1.3.2417755691,Integer,3
.1.3.6.1.4.1.2011.6.164.1.1.2.100.1.3.2417755692,Integer,3
.1.3.6.1.4.1.2011.6.164.1.1.2.100.1.3.2417755693,Integer,3
.1.3.6.1.4.1.2011.6.164.1.1.2.100.1.3.2417755694,Integer,3
.1.3.6.1.4.1.2011.6.164.1.1.2.100.1.3.2417755695,Integer,3
.1.3.6.1.4.1.2011.6.164.1.1.2.100.1.3.2417755696,Integer,3
.1.3.6.1.4.1.2011.6.164.1.1.2.100.1.3.2417755697,Integer,3
.1.3.6.1.4.1.2011.6.164.1.1.2.100.1.3.2417755698,Integer,3
.1.3.6.1.4.1.2011.6.164.1.1.2.100.1.3.2417755699,Integer,3
.1.3.6.1.4.1.2011.6.164.1.1.2.100.1.3.2417755700,Integer,3
.1.3.6.1.4.1.2011.6.164.1.1.2.100.1.3.2417755701,Integer,2
.1.3.6.1.4.1.2011.6.164.1.1.2.100.1.3.2417755702,Integer,2
.1.3.6.1.4.1.2011.6.164.1.1.2.100.1.3.2417839211,Integer,2
.1.3.6.1.4.1.2011.6.164.1.1.2.100.1.3.2417839212,Integer,2
.1.3.6.1.4.1.2011.6.164.1.1.2.100.1.3.2417904744,Integer,2
.1.3.6.1.4.1.2011.6.164.1.1.2.100.1.3.2417904745,Integer,2
.1.3.6.1.4.1.2011.6.164.1.1.2.100.1.3.2417904746,Integer,3
.1.3.6.1.4.1.2011.6.164.1.1.2.100.1.3.2417960998,Integer,2
.1.3.6.1.4.1.2011.6.164.1.1.2.100.1.3.2417960999,Integer,2
.1.3.6.1.4.1.2011.6.164.1.1.2.100.1.3.2417961000,Integer,2
.1.3.6.1.4.1.2011.6.164.1.1.2.100.1.3.2417961001,Integer,2
.1.3.6.1.4.1.2011.6.164.1.1.2.100.1.3.2417961008,Integer,2
.1.3.6.1.4.1.2011.6.164.1.1.2.100.1.3.2417961009,Integer,2
.1.3.6.1.4.1.2011.6.164.1.1.2.100.1.3.2417961010,Integer,2
.1.3.6.1.4.1.2011.6.164.1.1.2.100.1.3.2417961011,Integer,2
.1.3.6.1.4.1.2011.6.164.1.1.2.100.1.3.2417961012,Integer,2
.1.3.6.1.4.1.2011.6.164.1.1.2.100.1.3.2417961013,Integer,2
.1.3.6.1.4.1.2011.6.164.1.1.2.100.1.3.2417961014,Integer,2
.1.3.6.1.4.1.2011.6.164.1.1.2.100.1.3.2417961015,Integer,2
.1.3.6.1.4.1.2011.6.164.1.1.2.100.1.3.2418036514,Integer,2
.1.3.6.1.4.1.2011.6.164.1.1.2.100.1.3.2418036515,Integer,3
.1.3.6.1.4.1.2011.6.164.1.1.2.100.1.3.2418036516,Integer,3
.1.3.6.1.4.1.2011.6.164.1.1.2.100.1.3.2418036517,Integer,3
.1.3.6.1.4.1.2011.6.164.1.1.2.100.1.3.2418036518,Integer,2
.1.3.6.1.4.1.2011.6.164.1.1.2.100.1.3.2418102043,Integer,2
.1.3.6.1.4.1.2011.6.164.1.1.2.100.1.3.2418102044,Integer,2
.1.3.6.1.4.1.2011.6.164.1.1.2.100.1.3.2418102045,Integer,2
.1.3.6.1.4.1.2011.6.164.1.1.2.100.1.3.2418298476,Integer,2
.1.3.6.1.4.1.2011.6.164.1.1.2.100.1.3.2418298477,Integer,2
.1.3.6.1.4.1.2011.6.164.1.1.2.100.1.3.2418298478,Integer,2
.1.3.6.1.4.1.2011.6.164.1.1.2.100.1.3.2418298479,Integer,2
.1.3.6.1.4.1.2011.6.164.1.1.2.100.1.3.2418298480,Integer,2
.1.3.6.1.4.1.2011.6.164.1.1.2.100.1.3.2418298481,Integer,2
.1.3.6.1.4.1.2011.6.164.1.1.2.100.1.3.2418298482,Integer,2
.1.3.6.1.4.1.2011.6.164.1.1.2.100.1.3.2418495109,Integer,2
.1.3.6.1.4.1.2011.6.164.1.1.2.100.1.3.2418495110,Integer,3
.1.3.6.1.4.1.2011.6.164.1.1.2.100.1.3.2418495111,Integer,3
.1.3.6.1.4.1.2011.6.164.1.1.2.100.1.3.2418495112,Integer,3
.1.3.6.1.4.1.2011.6.164.1.1.2.100.1.3.2418495113,Integer,3
.1.3.6.1.4.1.2011.6.164.1.1.2.100.1.3.2418495114,Integer,3
.1.3.6.1.4.1.2011.6.164.1.1.2.100.1.3.2418495115,Integer,3
.1.3.6.1.4.1.2011.6.164.1.1.2.100.1.3.2418495116,Integer,2
.1.3.6.1.4.1.2011.6.164.1.1.2.100.1.3.2418495117,Integer,3
.1.3.6.1.4.1.2011.6.164.1.1.2.100.1.3.2418495118,Integer,3
.1.3.6.1.4.1.2011.6.164.1.1.2.100.1.3.2418495119,Integer,3
.1.3.6.1.4.1.2011.6.164.1.1.2.100.1.3.2418495120,Integer,3
.1.3.6.1.4.1.2011.6.164.1.1.2.100.1.3.2418495121,Integer,3
.1.3.6.1.4.1.2011.6.164.1.1.2.100.1.3.2418495122,Integer,2
.1.3.6.1.4.1.2011.6.164.1.1.2.100.1.3.2418536587,Integer,3
.1.3.6.1.4.1.2011.6.164.1.1.2.100.1.3.2418560745,Integer,2
.1.3.6.1.4.1.2011.6.164.1.1.2.100.1.3.2418560746,Integer,2
.1.3.6.1.4.1.2011.6.164.1.1.2.100.1.3.2418602430,Integer,2
.1.3.6.1.4.1.2011.6.164.1.1.2.100.1.3.2418626231,Integer,2
.1.3.6.1.4.1.2011.6.164.1.1.2.100.1.3.2418626232,Integer,2
.1.3.6.1.4.1.2011.6.164.1.1.2.100.1.3.2418626233,Integer,2
.1.3.6.1.4.1.2011.6.164.1.1.2.100.1.3.2418626235,Integer,2
.1.3.6.1.4.1.2011.6.164.1.1.2.100.1.3.2418626236,Integer,2
.1.3.6.1.4.1.2011.6.164.1.1.2.100.1.3.2418626237,Integer,2
.1.3.6.1.4.1.2011.6.164.1.1.2.100.1.3.2418626238,Integer,2
.1.3.6.1.4.1.2011.6.164.1.1.2.100.1.3.2418626239,Integer,2
.1.3.6.1.4.1.2011.6.164.1.1.2.100.1.3.2418626240,Integer,2
.1.3.6.1.4.1.2011.6.164.1.1.2.100.1.3.2418626241,Integer,2
.1.3.6.1.4.1.2011.6.164.1.1.2.100.1.3.2418626242,Integer,2
.1.3.6.1.4.1.2011.6.164.1.1.2.100.1.3.2418626243,Integer,2
.1.3.6.1.4.1.2011.6.164.1.1.2.100.1.3.2418626244,Integer,2
.1.3.6.1.4.1.2011.6.164.1.1.2.100.1.3.2418626245,Integer,2
.1.3.6.1.4.1.2011.6.164.1.1.2.100.1.3.2418626246,Integer,2
.1.3.6.1.4.1.2011.6.164.1.1.2.100.1.3.2418626247,Integer,2
.1.3.6.1.4.1.2011.6.164.1.1.2.100.1.3.2418626248,Integer,2
.1.3.6.1.4.1.2011.6.164.1.1.2.100.1.3.2418626249,Integer,2
.1.3.6.1.4.1.2011.6.164.1.1.2.100.1.3.2418626250,Integer,2
.1.3.6.1.4.1.2011.6.164.1.1.2.100.1.3.2418626251,Integer,2
.1.3.6.1.4.1.2011.6.164.1.1.2.100.1.3.2418626252,Integer,2
.1.3.6.1.4.1.2011.6.164.1.1.2.100.1.3.2418667967,Integer,2
.1.3.6.1.4.1.2011.6.164.1.1.2.100.1.3.2418668016,Integer,2
.1.3.6.1.4.1.2011.6.164.1.1.2.100.1.3.2418822999,Integer,2
.1.3.6.1.4.1.2011.6.164.1.1.2.100.1.3.2418823000,Integer,2
.1.3.6.1.4.1.2011.6.164.1.1.2.100.1.3.2419206117,Integer,4
.1.3.6.1.4.1.2011.6.164.1.1.2.100.1.3.2419206118,Integer,4
.1.3.6.1.4.1.2011.6.164.1.1.2.100.1.3.2419206119,Integer,2
.1.3.6.1.4.1.2011.6.164.1.1.2.100.1.3.2419206120,Integer,2
.1.3.6.1.4.1.2011.6.164.1.1.2.100.1.3.2419206121,Integer,3
.1.3.6.1.4.1.2011.6.164.1.1.2.100.1.3.2419206122,Integer,3
.1.3.6.1.4.1.2011.6.164.1.1.2.100.1.3.2419206123,Integer,3
.1.3.6.1.4.1.2011.6.164.1.1.2.100.1.3.2419206124,Integer,3
.1.3.6.1.4.1.2011.6.164.1.1.2.100.1.3.2419206125,Integer,2
.1.3.6.1.4.1.2011.6.164.1.1.2.100.1.3.2419206126,Integer,2
.1.3.6.1.4.1.2011.6.164.1.1.2.100.1.3.2419206127,Integer,3
.1.3.6.1.4.1.2011.6.164.1.1.2.100.1.3.2419206131,Integer,3
.1.3.6.1.4.1.2011.6.164.1.1.2.100.1.3.2419206132,Integer,3
.1.3.6.1.4.1.2011.6.164.1.1.2.100.1.3.2419206134,Integer,2
.1.3.6.1.4.1.2011.6.164.1.1.2.100.1.3.2419206205,Integer,1
.1.3.6.1.4.1.2011.6.164.1.1.2.100.1.3.2419206206,Integer,1
.1.3.6.1.4.1.2011.6.164.1.1.2.100.1.3.2419206207,Integer,4
.1.3.6.1.4.1.2011.6.164.1.1.2.100.1.3.2419206208,Integer,2
.1.3.6.1.4.1.2011.6.164.1.1.2.100.1.3.2419206209,Integer,1
.1.3.6.1.4.1.2011.6.164.1.1.2.100.1.3.2419206210,Integer,2
.1.3.6.1.4.1.2011.6.164.1.1.2.100.1.3.2419206211,Integer,3
.1.3.6.1.4.1.2011.6.164.1.1.2.100.1.3.2419206212,Integer,3
.1.3.6.1.4.1.2011.6.164.1.1.2.100.1.3.2419211228,Integer,2
.1.3.6.1.4.1.2011.6.164.1.1.2.100.1.3.2419276703,Integer,2
.1.3.6.1.4.1.2011.6.164.1.1.2.100.1.3.2419402810,Integer,2
.1.3.6.1.4.1.2011.6.164.1.1.2.100.1.3.2419478119,Integer,2
.1.3.6.1.4.1.2011.6.164.1.1.2.100.1.3.2419480199,Integer,2
.1.3.6.1.4.1.2011.6.164.1.1.2.100.1.3.2419480200,Integer,3
.1.3.6.1.4.1.2011.6.164.1.1.2.100.1.3.2419480201,Integer,2
.1.3.6.1.4.1.2011.6.164.1.1.2.100.1.3.2419480202,Integer,3
.1.3.6.1.4.1.2011.6.164.1.1.2.100.1.3.2419480203,Integer,4
.1.3.6.1.4.1.2011.6.164.1.1.2.100.1.3.2419480204,Integer,2
.1.3.6.1.4.1.2011.6.164.1.1.2.100.1.3.2419480205,Integer,4
.1.3.6.1.4.1.2011.6.164.1.1.2.100.1.3.2419480206,Integer,2
.1.3.6.1.4.1.2011.6.164.1.1.2.100.1.3.2419480207,Integer,4
.1.3.6.1.4.1.2011.6.164.1.1.2.100.1.3.2419480208,Integer,2
.1.3.6.1.4.1.2011.6.164.1.1.2.100.1.3.2419480209,Integer,2
.1.3.6.1.4.1.2011.6.164.1.1.2.100.1.3.2419480210,Integer,2
.1.3.6.1.4.1.2011.6.164.1.1.2.100.1.3.2419480211,Integer,2
.1.3.6.1.4.1.2011.6.164.1.1.2.100.1.3.2419480212,Integer,2
.1.3.6.1.4.1.2011.6.164.1.1.2.100.1.3.2419480213,Integer,2
.1.3.6.1.4.1.2011.6.164.1.1.2.100.1.3.2419480214,Integer,2
.1.3.6.1.4.1.2011.6.164.1.1.2.100.1.3.2419480215,Integer,2
.1.3.6.1.4.1.2011.6.164.1.1.2.100.1.3.2419480216,Integer,2
.1.3.6.1.4.1.2011.6.164.1.1.2.100.1.3.2419480217,Integer,2
.1.3.6.1.4.1.2011.6.164.1.1.2.100.1.3.2419480218,Integer,2
.1.3.6.1.4.1.2011.6.164.1.1.2.100.1.3.2419480219,Integer,2
.1.3.6.1.4.1.2011.6.164.1.1.2.100.1.3.2419480220,Integer,2
.1.3.6.1.4.1.2011.6.164.1.1.2.100.1.3.2419480221,Integer,2
.1.3.6.1.4.1.2011.6.164.1.1.2.100.1.3.2419480222,Integer,2
.1.3.6.1.4.1.2011.6.164.1.1.2.100.1.3.2419480223,Integer,2
.1.3.6.1.4.1.2011.6.164.1.1.2.100.1.3.2419480224,Integer,2
.1.3.6.1.4.1.2011.6.164.1.1.2.100.1.3.2419480225,Integer,2
.1.3.6.1.4.1.2011.6.164.1.1.2.100.1.3.2419480226,Integer,2
.1.3.6.1.4.1.2011.6.164.1.1.2.100.1.3.2419480227,Integer,2
.1.3.6.1.4.1.2011.6.164.1.1.2.100.1.3.2419480228,Integer,2
.1.3.6.1.4.1.2011.6.164.1.1.2.100.1.3.2419480229,Integer,2
.1.3.6.1.4.1.2011.6.164.1.1.2.100.1.3.2419480230,Integer,2
.1.3.6.1.4.1.2011.6.164.1.1.2.100.1.3.2419480231,Integer,2
.1.3.6.1.4.1.2011.6.164.1.1.2.100.1.3.2419480232,Integer,2
.1.3.6.1.4.1.2011.6.164.1.1.2.100.1.3.2419480233,Integer,2
.1.3.6.1.4.1.2011.6.164.1.1.2.100.1.3.2419480234,Integer,2
.1.3.6.1.4.1.2011.6.164.1.1.2.100.1.3.2419480235,Integer,2
.1.3.6.1.4.1.2011.6.164.1.1.2.100.1.3.2419480236,Integer,2
.1.3.6.1.4.1.2011.6.164.1.1.2.100.1.3.2419480237,Integer,2
.1.3.6.1.4.1.2011.6.164.1.1.2.100.1.3.2419480238,Integer,2
.1.3.6.1.4.1.2011.6.164.1.1.2.100.1.3.2419480239,Integer,2
.1.3.6.1.4.1.2011.6.164.1.1.2.100.1.3.2419480240,Integer,3
.1.3.6.1.4.1.2011.6.164.1.1.2.100.1.3.2419480241,Integer,3
.1.3.6.1.4.1.2011.6.164.1.1.2.100.1.3.2419480242,Integer,3
.1.3.6.1.4.1.2011.6.164.1.1.2.100.1.3.2419480243,Integer,3
.1.3.6.1.4.1.2011.6.164.1.1.2.100.1.3.2419480244,Integer,3
.1.3.6.1.4.1.2011.6.164.1.1.2.100.1.3.2419480245,Integer,3
.1.3.6.1.4.1.2011.6.164.1.1.2.100.1.3.2419480246,Integer,3
.1.3.6.1.4.1.2011.6.164.1.1.2.100.1.3.2419480247,Integer,3
.1.3.6.1.4.1.2011.6.164.1.1.2.100.1.3.2419480248,Integer,3
.1.3.6.1.4.1.2011.6.164.1.1.2.100.1.3.2419480249,Integer,3
.1.3.6.1.4.1.2011.6.164.1.1.2.100.1.3.2419480250,Integer,3
.1.3.6.1.4.1.2011.6.164.1.1.2.100.1.3.2419480251,Integer,3
.1.3.6.1.4.1.2011.6.164.1.1.2.100.1.3.2419480252,Integer,1
.1.3.6.1.4.1.2011.6.164.1.1.2.100.1.3.2419480253,Integer,1
.1.3.6.1.4.1.2011.6.164.1.1.2.100.1.3.2419480254,Integer,1
.1.3.6.1.4.1.2011.6.164.1.1.2.100.1.3.2419480255,Integer,1
.1.3.6.1.4.1.2011.6.164.1.1.2.100.1.3.2419480256,Integer,1
.1.3.6.1.4.1.2011.6.164.1.1.2.100.1.3.2419480257,Integer,1
.1.3.6.1.4.1.2011.6.164.1.1.2.100.1.3.2419480258,Integer,1
.1.3.6.1.4.1.2011.6.164.1.1.2.100.1.3.2419480259,Integer,4
.1.3.6.1.4.1.2011.6.164.1.1.2.100.1.3.2419480260,Integer,2
.1.3.6.1.4.1.2011.6.164.1.1.2.100.1.3.2419992561,Integer,2
.1.3.6.1.4.1.2011.6.164.1.1.2.100.1.3.2419992562,Integer,2
.1.3.6.1.4.1.2011.6.164.1.1.2.100.1.3.2419997600,Integer,2
.1.3.6.1.4.1.2011.6.164.1.1.2.100.1.3.2419997605,Integer,2
.1.3.6.1.4.1.2011.6.164.1.1.2.100.1.3.2419997632,Integer,2
.1.3.6.1.4.1.2011.6.164.1.1.2.100.1.3.2419997633,Integer,2
.1.3.6.1.4.1.2011.6.164.1.1.2.100.1.3.2419997634,Integer,2
.1.3.6.1.4.1.2011.6.164.1.1.2.100.1.3.2419997642,Integer,4
.1.3.6.1.4.1.2011.6.164.1.1.2.100.1.3.2420043776,Integer,2
.1.3.6.1.4.1.2011.6.164.1.1.2.100.1.3.2420043777,Integer,4
.1.3.6.1.4.1.2011.6.164.1.1.2.100.1.3.2420043917,Integer,2
.1.3.6.1.4.1.2011.6.164.1.1.2.100.1.3.2420043918,Integer,2
.1.3.6.1.4.1.2011.6.164.1.1.2.100.1.3.2420043987,Integer,2
.1.3.6.1.4.1.2011.6.164.1.1.2.100.1.3.2420043988,Integer,4
.1.3.6.1.4.1.2011.6.164.1.1.2.100.1.3.2420043992,Integer,2
.1.3.6.1.4.1.2011.6.164.1.1.2.100.1.3.2420043993,Integer,2
.1.3.6.1.4.1.2011.6.164.1.1.2.100.1.3.2420044048,Integer,2
.1.3.6.1.4.1.2011.6.164.1.1.2.100.1.3.2420044170,Integer,2
.1.3.6.1.4.1.2011.6.164.1.1.2.100.1.3.2420044171,Integer,2
.1.3.6.1.4.1.2011.6.164.1.1.2.100.1.4.538322929,OctetString,""""""
.1.3.6.1.4.1.2011.6.164.1.1.2.100.1.4.538322930,OctetString,""""""
.1.3.6.1.4.1.2011.6.164.1.1.2.100.1.4.538327968,OctetString,""""""
.1.3.6.1.4.1.2011.6.164.1.1.2.100.1.4.538327973,OctetString,""""""
.1.3.6.1.4.1.2011.6.164.1.1.2.100.1.4.538328000,OctetString,""""""
.1.3.6.1.4.1.2011.6.164.1.1.2.100.1.4.538328001,OctetString,""""""
.1.3.6.1.4.1.2011.6.164.1.1.2.100.1.4.538328002,OctetString,""""""
.1.3.6.1.4.1.2011.6.164.1.1.2.100.1.4.538328010,OctetString,""""""
.1.3.6.1.4.1.2011.6.164.1.1.2.100.1.4.538374144,OctetString,""""""
.1.3.6.1.4.1.2011.6.164.1.1.2.100.1.4.538374145,OctetString,""""""
.1.3.6.1.4.1.2011.6.164.1.1.2.100.1.4.538374285,OctetString,""""""
.1.3.6.1.4.1.2011.6.164.1.1.2.100.1.4.538374286,OctetString,""""""
.1.3.6.1.4.1.2011.6.164.1.1.2.100.1.4.538374355,OctetString,""""""
.1.3.6.1.4.1.2011.6.164.1.1.2.100.1.4.538374356,OctetString,""""""
.1.3.6.1.4.1.2011.6.164.1.1.2.100.1.4.538374360,OctetString,""""""
.1.3.6.1.4.1.2011.6.164.1.1.2.100.1.4.538374361,OctetString,""""""
.1.3.6.1.4.1.2011.6.164.1.1.2.100.1.4.538374416,OctetString,""""""
.1.3.6.1.4.1.2011.6.164.1.1.2.100.1.4.538374538,OctetString,""""""
.1.3.6.1.4.1.2011.6.164.1.1.2.100.1.4.538374539,OctetString,""""""
.1.3.6.1.4.1.2011.6.164.1.1.2.100.1.4.2147549292,OctetString,"""AC Surge Protector Fault"""
.1.3.6.1.4.1.2011.6.164.1.1.2.100.1.4.2147549604,OctetString,"""DC Surge Protector Fault"""
.1.3.6.1.4.1.2011.6.164.1.1.2.100.1.4.2147550734,OctetString,""""""
.1.3.6.1.4.1.2011.6.164.1.1.2.100.1.4.2147550736,OctetString,""""""
.1.3.6.1.4.1.2011.6.164.1.1.2.100.1.4.2147550737,OctetString,""""""
.1.3.6.1.4.1.2011.6.164.1.1.2.100.1.4.2147550739,OctetString,""""""
.1.3.6.1.4.1.2011.6.164.1.1.2.100.1.4.2147550740,OctetString,""""""
.1.3.6.1.4.1.2011.6.164.1.1.2.100.1.4.2147550741,OctetString,""""""
.1.3.6.1.4.1.2011.6.164.1.1.2.100.1.4.2147550742,OctetString,""""""
.1.3.6.1.4.1.2011.6.164.1.1.2.100.1.4.2147550743,OctetString,""""""
.1.3.6.1.4.1.2011.6.164.1.1.2.100.1.4.2147550744,OctetString,""""""
.1.3.6.1.4.1.2011.6.164.1.1.2.100.1.4.2147550751,OctetString,""""""
.1.3.6.1.4.1.2011.6.164.1.1.2.100.1.4.2147550752,OctetString,""""""
.1.3.6.1.4.1.2011.6.164.1.1.2.100.1.4.2147550753,OctetString,""""""
.1.3.6.1.4.1.2011.6.164.1.1.2.100.1.4.2147558008,OctetString,""""""
.1.3.6.1.4.1.2011.6.164.1.1.2.100.1.4.2147558009,OctetString,"""LLVD2 Disconnected"""
.1.3.6.1.4.1.2011.6.164.1.1.2.100.1.4.2147559284,OctetString,""""""
.1.3.6.1.4.1.2011.6.164.1.1.2.100.1.4.2147559315,OctetString,""""""
.1.3.6.1.4.1.2011.6.164.1.1.2.100.1.4.2147559336,OctetString,""""""
.1.3.6.1.4.1.2011.6.164.1.1.2.100.1.4.2147559337,OctetString,""""""
.1.3.6.1.4.1.2011.6.164.1.1.2.100.1.4.2147559338,OctetString,""""""
.1.3.6.1.4.1.2011.6.164.1.1.2.100.1.4.2147559339,OctetString,""""""
.1.3.6.1.4.1.2011.6.164.1.1.2.100.1.4.2147559353,OctetString,""""""
.1.3.6.1.4.1.2011.6.164.1.1.2.100.1.4.2147559354,OctetString,"""Load Fuse1 Broken"""
.1.3.6.1.4.1.2011.6.164.1.1.2.100.1.4.2147559355,OctetString,"""Load Fuse2 Broken"""
.1.3.6.1.4.1.2011.6.164.1.1.2.100.1.4.2147559356,OctetString,"""Load Fuse3 Broken"""
.1.3.6.1.4.1.2011.6.164.1.1.2.100.1.4.2147559357,OctetString,"""Load Fuse4 Broken"""
.1.3.6.1.4.1.2011.6.164.1.1.2.100.1.4.2147559359,OctetString,"""Load Fuse5 Broken"""
.1.3.6.1.4.1.2011.6.164.1.1.2.100.1.4.2147559360,OctetString,"""Load Fuse6 Broken"""
.1.3.6.1.4.1.2011.6.164.1.1.2.100.1.4.2147559361,OctetString,"""Load Fuse7 Broken"""
.1.3.6.1.4.1.2011.6.164.1.1.2.100.1.4.2147559362,OctetString,"""Load Fuse8 Broken"""
.1.3.6.1.4.1.2011.6.164.1.1.2.100.1.4.2147559363,OctetString,"""Load Fuse9 Broken"""
.1.3.6.1.4.1.2011.6.164.1.1.2.100.1.4.2147559364,OctetString,"""Load Fuse10 Broken"""
.1.3.6.1.4.1.2011.6.164.1.1.2.100.1.4.2147559365,OctetString,"""Load Fuse11 Broken"""
.1.3.6.1.4.1.2011.6.164.1.1.2.100.1.4.2147559366,OctetString,"""Load Fuse12 Broken"""
.1.3.6.1.4.1.2011.6.164.1.1.2.100.1.4.2147559367,OctetString,"""Load Fuse13 Broken"""
.1.3.6.1.4.1.2011.6.164.1.1.2.100.1.4.2147559368,OctetString,"""Load Fuse14 Broken"""
.1.3.6.1.4.1.2011.6.164.1.1.2.100.1.4.2147559369,OctetString,"""Load Fuse15 Broken"""
.1.3.6.1.4.1.2011.6.164.1.1.2.100.1.4.2147559370,OctetString,"""Load Fuse16 Broken"""
.1.3.6.1.4.1.2011.6.164.1.1.2.100.1.4.2147559371,OctetString,"""Load Fuse17 Broken"""
.1.3.6.1.4.1.2011.6.164.1.1.2.100.1.4.2147559372,OctetString,"""Load Fuse18 Broken"""
.1.3.6.1.4.1.2011.6.164.1.1.2.100.1.4.2147559373,OctetString,"""Load Fuse19 Broken"""
.1.3.6.1.4.1.2011.6.164.1.1.2.100.1.4.2147559374,OctetString,"""Load Fuse20 Broken"""
.1.3.6.1.4.1.2011.6.164.1.1.2.100.1.4.2147559375,OctetString,"""Load Fuse21 Broken"""
.1.3.6.1.4.1.2011.6.164.1.1.2.100.1.4.2147559376,OctetString,"""Load Fuse22 Broken"""
.1.3.6.1.4.1.2011.6.164.1.1.2.100.1.4.2147559377,OctetString,"""Load Fuse23 Broken"""
.1.3.6.1.4.1.2011.6.164.1.1.2.100.1.4.2147559396,OctetString,""""""
.1.3.6.1.4.1.2011.6.164.1.1.2.100.1.4.2147559408,OctetString,""""""
.1.3.6.1.4.1.2011.6.164.1.1.2.100.1.4.2147559415,OctetString,""""""
.1.3.6.1.4.1.2011.6.164.1.1.2.100.1.4.2147559416,OctetString,""""""
.1.3.6.1.4.1.2011.6.164.1.1.2.100.1.4.2147559417,OctetString,""""""
.1.3.6.1.4.1.2011.6.164.1.1.2.100.1.4.2147559418,OctetString,""""""
.1.3.6.1.4.1.2011.6.164.1.1.2.100.1.4.2147559419,OctetString,""""""
.1.3.6.1.4.1.2011.6.164.1.1.2.100.1.4.2147559420,OctetString,""""""
.1.3.6.1.4.1.2011.6.164.1.1.2.100.1.4.2147559421,OctetString,""""""
.1.3.6.1.4.1.2011.6.164.1.1.2.100.1.4.2147559422,OctetString,""""""
.1.3.6.1.4.1.2011.6.164.1.1.2.100.1.4.2147559423,OctetString,""""""
.1.3.6.1.4.1.2011.6.164.1.1.2.100.1.4.2147559424,OctetString,""""""
.1.3.6.1.4.1.2011.6.164.1.1.2.100.1.4.2147559425,OctetString,""""""
.1.3.6.1.4.1.2011.6.164.1.1.2.100.1.4.2147559426,OctetString,""""""
.1.3.6.1.4.1.2011.6.164.1.1.2.100.1.4.2147559427,OctetString,""""""
.1.3.6.1.4.1.2011.6.164.1.1.2.100.1.4.2147559428,OctetString,""""""
.1.3.6.1.4.1.2011.6.164.1.1.2.100.1.4.2147559429,OctetString,""""""
.1.3.6.1.4.1.2011.6.164.1.1.2.100.1.4.2147559430,OctetString,""""""
.1.3.6.1.4.1.2011.6.164.1.1.2.100.1.4.2147559431,OctetString,""""""
.1.3.6.1.4.1.2011.6.164.1.1.2.100.1.4.2147559432,OctetString,""""""
.1.3.6.1.4.1.2011.6.164.1.1.2.100.1.4.2147559433,OctetString,""""""
.1.3.6.1.4.1.2011.6.164.1.1.2.100.1.4.2147559434,OctetString,""""""
.1.3.6.1.4.1.2011.6.164.1.1.2.100.1.4.2147559447,OctetString,""""""
.1.3.6.1.4.1.2011.6.164.1.1.2.100.1.4.2147559448,OctetString,""""""
.1.3.6.1.4.1.2011.6.164.1.1.2.100.1.4.2147559449,OctetString,""""""
.1.3.6.1.4.1.2011.6.164.1.1.2.100.1.4.2147559451,OctetString,"""AC Phase L1 Failure"""
.1.3.6.1.4.1.2011.6.164.1.1.2.100.1.4.2147559452,OctetString,"""AC Phase L2 Failure"""
.1.3.6.1.4.1.2011.6.164.1.1.2.100.1.4.2147559453,OctetString,"""AC Phase L3 Failure"""
.1.3.6.1.4.1.2011.6.164.1.1.2.100.1.4.2147559454,OctetString,"""AC L1-L2 Overvoltage"""
.1.3.6.1.4.1.2011.6.164.1.1.2.100.1.4.2147559455,OctetString,"""AC L2-L3 Overvoltage"""
.1.3.6.1.4.1.2011.6.164.1.1.2.100.1.4.2147559456,OctetString,"""AC L3-L1 Overvoltage"""
.1.3.6.1.4.1.2011.6.164.1.1.2.100.1.4.2147559457,OctetString,"""AC L1-L2 Undervoltage"""
.1.3.6.1.4.1.2011.6.164.1.1.2.100.1.4.2147559458,OctetString,"""AC L2-L3 Undervoltage"""
.1.3.6.1.4.1.2011.6.164.1.1.2.100.1.4.2147559459,OctetString,"""AC L3-L1 Undervoltage"""
.1.3.6.1.4.1.2011.6.164.1.1.2.100.1.4.2147559480,OctetString,""""""
.1.3.6.1.4.1.2011.6.164.1.1.2.100.1.4.2147559481,OctetString,""""""
.1.3.6.1.4.1.2011.6.164.1.1.2.100.1.4.2147559483,OctetString,""""""
.1.3.6.1.4.1.2011.6.164.1.1.2.100.1.4.2147564440,OctetString,""""""
.1.3.6.1.4.1.2011.6.164.1.1.2.100.1.4.2147564441,OctetString,""""""
.1.3.6.1.4.1.2011.6.164.1.1.2.100.1.4.2147564444,OctetString,""""""
.1.3.6.1.4.1.2011.6.164.1.1.2.100.1.4.2147564445,OctetString,""""""
.1.3.6.1.4.1.2011.6.164.1.1.2.100.1.4.2147564449,OctetString,""""""
.1.3.6.1.4.1.2011.6.164.1.1.2.100.1.4.2147564450,OctetString,""""""
.1.3.6.1.4.1.2011.6.164.1.1.2.100.1.4.2147564454,OctetString,""""""
.1.3.6.1.4.1.2011.6.164.1.1.2.100.1.4.2147564455,OctetString,""""""
.1.3.6.1.4.1.2011.6.164.1.1.2.100.1.4.2147564456,OctetString,"""AC Charge Abnormal"""
.1.3.6.1.4.1.2011.6.164.1.1.2.100.1.4.2147564466,OctetString,""""""
.1.3.6.1.4.1.2011.6.164.1.1.2.100.1.4.2147564467,OctetString,""""""
.1.3.6.1.4.1.2011.6.164.1.1.2.100.1.4.2147564468,OctetString,""""""
.1.3.6.1.4.1.2011.6.164.1.1.2.100.1.4.2147564469,OctetString,""""""
.1.3.6.1.4.1.2011.6.164.1.1.2.100.1.4.2147564473,OctetString,""""""
.1.3.6.1.4.1.2011.6.164.1.1.2.100.1.4.2147564474,OctetString,""""""
.1.3.6.1.4.1.2011.6.164.1.1.2.100.1.4.2147564475,OctetString,""""""
.1.3.6.1.4.1.2011.6.164.1.1.2.100.1.4.2147564476,OctetString,""""""
.1.3.6.1.4.1.2011.6.164.1.1.2.100.1.4.2147564477,OctetString,""""""
.1.3.6.1.4.1.2011.6.164.1.1.2.100.1.4.2147564478,OctetString,""""""
.1.3.6.1.4.1.2011.6.164.1.1.2.100.1.4.2147564479,OctetString,"""System Manual Control"""
.1.3.6.1.4.1.2011.6.164.1.1.2.100.1.4.2147564480,OctetString,""""""
.1.3.6.1.4.1.2011.6.164.1.1.2.100.1.4.2147564489,OctetString,""""""
.1.3.6.1.4.1.2011.6.164.1.1.2.100.1.4.2147564491,OctetString,""""""
.1.3.6.1.4.1.2011.6.164.1.1.2.100.1.4.2147564492,OctetString,""""""
.1.3.6.1.4.1.2011.6.164.1.1.2.100.1.4.2147564493,OctetString,""""""
.1.3.6.1.4.1.2011.6.164.1.1.2.100.1.4.2147564514,OctetString,""""""
.1.3.6.1.4.1.2011.6.164.1.1.2.100.1.4.2147564516,OctetString,""""""
.1.3.6.1.4.1.2011.6.164.1.1.2.100.1.4.2147569971,OctetString,""""""
.1.3.6.1.4.1.2011.6.164.1.1.2.100.1.4.2147569972,OctetString,""""""
.1.3.6.1.4.1.2011.6.164.1.1.2.100.1.4.2147569973,OctetString,""""""
.1.3.6.1.4.1.2011.6.164.1.1.2.100.1.4.2147569974,OctetString,""""""
.1.3.6.1.4.1.2011.6.164.1.1.2.100.1.4.2147569977,OctetString,""""""
.1.3.6.1.4.1.2011.6.164.1.1.2.100.1.4.2147569978,OctetString,""""""
.1.3.6.1.4.1.2011.6.164.1.1.2.100.1.4.2147569979,OctetString,""""""
.1.3.6.1.4.1.2011.6.164.1.1.2.100.1.4.2147569980,OctetString,""""""
.1.3.6.1.4.1.2011.6.164.1.1.2.100.1.4.2147569982,OctetString,""""""
.1.3.6.1.4.1.2011.6.164.1.1.2.100.1.4.2147569983,OctetString,""""""
.1.3.6.1.4.1.2011.6.164.1.1.2.100.1.4.2147569984,OctetString,""""""
.1.3.6.1.4.1.2011.6.164.1.1.2.100.1.4.2147569985,OctetString,""""""
.1.3.6.1.4.1.2011.6.164.1.1.2.100.1.4.2147569987,OctetString,""""""
.1.3.6.1.4.1.2011.6.164.1.1.2.100.1.4.2147569988,OctetString,""""""
.1.3.6.1.4.1.2011.6.164.1.1.2.100.1.4.2147569989,OctetString,""""""
.1.3.6.1.4.1.2011.6.164.1.1.2.100.1.4.2147569990,OctetString,""""""
.1.3.6.1.4.1.2011.6.164.1.1.2.100.1.4.2147586150,OctetString,""""""
.1.3.6.1.4.1.2011.6.164.1.1.2.100.1.4.2147586152,OctetString,""""""
.1.3.6.1.4.1.2011.6.164.1.1.2.100.1.4.2147586160,OctetString,""""""
.1.3.6.1.4.1.2011.6.164.1.1.2.100.1.4.2147589338,OctetString,""""""
.1.3.6.1.4.1.2011.6.164.1.1.2.100.1.4.2147589340,OctetString,""""""
.1.3.6.1.4.1.2011.6.164.1.1.2.100.1.4.2147589341,OctetString,""""""
.1.3.6.1.4.1.2011.6.164.1.1.2.100.1.4.2147610780,OctetString,""""""
.1.3.6.1.4.1.2011.6.164.1.1.2.100.1.4.2147610790,OctetString,""""""
.1.3.6.1.4.1.2011.6.164.1.1.2.100.1.4.2147611028,OctetString,""""""
.1.3.6.1.4.1.2011.6.164.1.1.2.100.1.4.2147611029,OctetString,""""""
.1.3.6.1.4.1.2011.6.164.1.1.2.100.1.4.2147611030,OctetString,""""""
.1.3.6.1.4.1.2011.6.164.1.1.2.100.1.4.2147616322,OctetString,"""When detecting that the communication to a rectifier fails, the SMU generates a Rectifier Communication Failure alarm."""
.1.3.6.1.4.1.2011.6.164.1.1.2.100.1.4.2147616323,OctetString,"""When detecting that rectifiers are protected, the SMU generates a Rectifier Protection alarm."""
.1.3.6.1.4.1.2011.6.164.1.1.2.100.1.4.2147616324,OctetString,"""When detecting that a rectifier is faulty, the SMU generates a Rectifier Fault alarm."""
.1.3.6.1.4.1.2011.6.164.1.1.2.100.1.4.2147616327,OctetString,"""When detecting that the AC input to a rectifier fails, the SMU generates a Rectifier Power Failure alarm."""
.1.3.6.1.4.1.2011.6.164.1.1.2.100.1.4.2147616328,OctetString,"""整流模块过压"""
.1.3.6.1.4.1.2011.6.164.1.1.2.100.1.4.2147616329,OctetString,""""""
.1.3.6.1.4.1.2011.6.164.1.1.2.100.1.4.2147616333,OctetString,""""""
.1.3.6.1.4.1.2011.6.164.1.1.2.100.1.4.2147616334,OctetString,""""""
.1.3.6.1.4.1.2011.6.164.1.1.2.100.1.4.2147616335,OctetString,""""""
.1.3.6.1.4.1.2011.6.164.1.1.2.100.1.4.2147616336,OctetString,""""""
.1.3.6.1.4.1.2011.6.164.1.1.2.100.1.4.2147616337,OctetString,""""""
.1.3.6.1.4.1.2011.6.164.1.1.2.100.1.4.2147623533,OctetString,""""""
.1.3.6.1.4.1.2011.6.164.1.1.2.100.1.4.2147623534,OctetString,""""""
.1.3.6.1.4.1.2011.6.164.1.1.2.100.1.4.2147676357,OctetString,""""""
.1.3.6.1.4.1.2011.6.164.1.1.2.100.1.4.2147689056,OctetString,""""""
.1.3.6.1.4.1.2011.6.164.1.1.2.100.1.4.2147689058,OctetString,""""""
.1.3.6.1.4.1.2011.6.164.1.1.2.100.1.4.2147689059,OctetString,""""""
.1.3.6.1.4.1.2011.6.164.1.1.2.100.1.4.2147689060,OctetString,""""""
.1.3.6.1.4.1.2011.6.164.1.1.2.100.1.4.2147689061,OctetString,""""""
.1.3.6.1.4.1.2011.6.164.1.1.2.100.1.4.2147689062,OctetString,""""""
.1.3.6.1.4.1.2011.6.164.1.1.2.100.1.4.2147689063,OctetString,""""""
.1.3.6.1.4.1.2011.6.164.1.1.2.100.1.4.2147689064,OctetString,""""""
.1.3.6.1.4.1.2011.6.164.1.1.2.100.1.4.2147689065,OctetString,""""""
.1.3.6.1.4.1.2011.6.164.1.1.2.100.1.4.2147689066,OctetString,""""""
.1.3.6.1.4.1.2011.6.164.1.1.2.100.1.4.2147689069,OctetString,""""""
.1.3.6.1.4.1.2011.6.164.1.1.2.100.1.4.2147689071,OctetString,""""""
.1.3.6.1.4.1.2011.6.164.1.1.2.100.1.4.2147689075,OctetString,""""""
.1.3.6.1.4.1.2011.6.164.1.1.2.100.1.4.2147746495,OctetString,"""When detecting that the battery temperature exceeds the high temperature alarm threshold, the SMU generates a Battery High Temperature alarm."""
.1.3.6.1.4.1.2011.6.164.1.1.2.100.1.4.2147746496,OctetString,"""When detecting that the battery temperature is below the low temperature alarm threshold, the SMU generates a Battery Low Temperature alarm."""
.1.3.6.1.4.1.2011.6.164.1.1.2.100.1.4.2147746497,OctetString,"""When detecting that the battery charge current exceeds the charge overcurrent alarm threshold, the SMU generates a Battery Charge Overcurrent alarm."""
.1.3.6.1.4.1.2011.6.164.1.1.2.100.1.4.2147746498,OctetString,""""""
.1.3.6.1.4.1.2011.6.164.1.1.2.100.1.4.2147746528,OctetString,"""When detecting that batteries are discharging, the SMU generates a Battery Discharging alarm."""
.1.3.6.1.4.1.2011.6.164.1.1.2.100.1.4.2147755893,OctetString,"""When detecting that batteries are about to disconnect, the SMU generates a BLVD Warning alarm."""
.1.3.6.1.4.1.2011.6.164.1.1.2.100.1.4.2147755895,OctetString,"""When detecting that batteries are disconnected, the SMU generates a BLVD Disconnected alarm."""
.1.3.6.1.4.1.2011.6.164.1.1.2.100.1.4.2147755898,OctetString,"""When detecting that battery temperature sensor 1 is disconnected, the SMU generates a Battery Temperature Sensor 1 Missing alarm."""
.1.3.6.1.4.1.2011.6.164.1.1.2.100.1.4.2147755900,OctetString,"""When detecting that battery temperature sensor 2 is disconnected, the SMU generates a Battery Temperature Sensor 2 Missing alarm."""
.1.3.6.1.4.1.2011.6.164.1.1.2.100.1.4.2147756512,OctetString,""""""
.1.3.6.1.4.1.2011.6.164.1.1.2.100.1.4.2147756513,OctetString,""""""
.1.3.6.1.4.1.2011.6.164.1.1.2.100.1.4.2147756515,OctetString,""""""
.1.3.6.1.4.1.2011.6.164.1.1.2.100.1.4.2147756518,OctetString,""""""
.1.3.6.1.4.1.2011.6.164.1.1.2.100.1.4.2147756523,OctetString,""""""
.1.3.6.1.4.1.2011.6.164.1.1.2.100.1.4.2147756524,OctetString,""""""
.1.3.6.1.4.1.2011.6.164.1.1.2.100.1.4.2147756525,OctetString,""""""
.1.3.6.1.4.1.2011.6.164.1.1.2.100.1.4.2147756526,OctetString,""""""
.1.3.6.1.4.1.2011.6.164.1.1.2.100.1.4.2147756527,OctetString,""""""
.1.3.6.1.4.1.2011.6.164.1.1.2.100.1.4.2147756540,OctetString,""""""
.1.3.6.1.4.1.2011.6.164.1.1.2.100.1.4.2147756548,OctetString,""""""
.1.3.6.1.4.1.2011.6.164.1.1.2.100.1.4.2147756549,OctetString,""""""
.1.3.6.1.4.1.2011.6.164.1.1.2.100.1.4.2147756574,OctetString,""""""
.1.3.6.1.4.1.2011.6.164.1.1.2.100.1.4.2147756575,OctetString,"""When detecting that the battery temperature exceeds the very high temperature alarm threshold, the SMU generates a Battery Very High Temperature alarm."""
.1.3.6.1.4.1.2011.6.164.1.1.2.100.1.4.2147756576,OctetString,"""When detecting that the battery temperature is below the very low temperature alarm threshold, the SMU generates a Battery Very Low Temperature alarm."""
.1.3.6.1.4.1.2011.6.164.1.1.2.100.1.4.2147756585,OctetString,""""""
.1.3.6.1.4.1.2011.6.164.1.1.2.100.1.4.2147756587,OctetString,""""""
.1.3.6.1.4.1.2011.6.164.1.1.2.100.1.4.2147756588,OctetString,""""""
.1.3.6.1.4.1.2011.6.164.1.1.2.100.1.4.2147756589,OctetString,""""""
.1.3.6.1.4.1.2011.6.164.1.1.2.100.1.4.2147756590,OctetString,""""""
.1.3.6.1.4.1.2011.6.164.1.1.2.100.1.4.2147756591,OctetString,""""""
.1.3.6.1.4.1.2011.6.164.1.1.2.100.1.4.2147765557,OctetString,""""""
.1.3.6.1.4.1.2011.6.164.1.1.2.100.1.4.2147765558,OctetString,""""""
.1.3.6.1.4.1.2011.6.164.1.1.2.100.1.4.2147765559,OctetString,""""""
.1.3.6.1.4.1.2011.6.164.1.1.2.100.1.4.2147765575,OctetString,""""""
.1.3.6.1.4.1.2011.6.164.1.1.2.100.1.4.2147765576,OctetString,""""""
.1.3.6.1.4.1.2011.6.164.1.1.2.100.1.4.2147765577,OctetString,""""""
.1.3.6.1.4.1.2011.6.164.1.1.2.100.1.4.2147765578,OctetString,""""""
.1.3.6.1.4.1.2011.6.164.1.1.2.100.1.4.2147765580,OctetString,"""Battery String is not connected, but can detect the current."""
.1.3.6.1.4.1.2011.6.164.1.1.2.100.1.4.2147768496,OctetString,""""""
.1.3.6.1.4.1.2011.6.164.1.1.2.100.1.4.2147768497,OctetString,""""""
.1.3.6.1.4.1.2011.6.164.1.1.2.100.1.4.2147821886,OctetString,""""""
.1.3.6.1.4.1.2011.6.164.1.1.2.100.1.4.2147821887,OctetString,""""""
.1.3.6.1.4.1.2011.6.164.1.1.2.100.1.4.2147822086,OctetString,"""This alarm is generated when the battery fuse is disconnected or the battery circuit breaker is OFF."""
.1.3.6.1.4.1.2011.6.164.1.1.2.100.1.4.2147822092,OctetString,"""When detecting that the battery middle point voltage is unbalanced, the SMU generates a Battery Middle Voltage Imbalance alarm."""
.1.3.6.1.4.1.2011.6.164.1.1.2.100.1.4.2147822098,OctetString,""""""
.1.3.6.1.4.1.2011.6.164.1.1.2.100.1.4.2147822113,OctetString,"""this alarm have to be Clear manual"""
.1.3.6.1.4.1.2011.6.164.1.1.2.100.1.4.2147822114,OctetString,"""this alarm have to be Clear manual"""
.1.3.6.1.4.1.2011.6.164.1.1.2.100.1.4.2147822115,OctetString,"""this alarm have to be Clear manual"""
.1.3.6.1.4.1.2011.6.164.1.1.2.100.1.4.2147822116,OctetString,"""this alarm have to be Clear manual"""
.1.3.6.1.4.1.2011.6.164.1.1.2.100.1.4.2148082822,OctetString,"""The indoor unit is faulty."""
.1.3.6.1.4.1.2011.6.164.1.1.2.100.1.4.2148082823,OctetString,"""The outdoor unit is faulty."""
.1.3.6.1.4.1.2011.6.164.1.1.2.100.1.4.2148082825,OctetString,"""The compressor is faulty."""
.1.3.6.1.4.1.2011.6.164.1.1.2.100.1.4.2148082826,OctetString,""""""
.1.3.6.1.4.1.2011.6.164.1.1.2.100.1.4.2148082827,OctetString,"""The air conditioner detects that the ambient temperature exceeds the high temperature alarm threshold."""
.1.3.6.1.4.1.2011.6.164.1.1.2.100.1.4.2148082828,OctetString,"""This alarm is generated when the sensor is not properly connected."""
.1.3.6.1.4.1.2011.6.164.1.1.2.100.1.4.2148082836,OctetString,""""""
.1.3.6.1.4.1.2011.6.164.1.1.2.100.1.4.2148082837,OctetString,"""The air conditioner frequently works under high pressure."""
.1.3.6.1.4.1.2011.6.164.1.1.2.100.1.4.2148082838,OctetString,""""""
.1.3.6.1.4.1.2011.6.164.1.1.2.100.1.4.2148082840,OctetString,""""""
.1.3.6.1.4.1.2011.6.164.1.1.2.100.1.4.2148082841,OctetString,""""""
.1.3.6.1.4.1.2011.6.164.1.1.2.100.1.4.2148082842,OctetString,""""""
.1.3.6.1.4.1.2011.6.164.1.1.2.100.1.4.2148082844,OctetString,""""""
.1.3.6.1.4.1.2011.6.164.1.1.2.100.1.4.2148082846,OctetString,""""""
.1.3.6.1.4.1.2011.6.164.1.1.2.100.1.4.2148082847,OctetString,""""""
.1.3.6.1.4.1.2011.6.164.1.1.2.100.1.4.2148082848,OctetString,""""""
.1.3.6.1.4.1.2011.6.164.1.1.2.100.1.4.2148082849,OctetString,""""""
.1.3.6.1.4.1.2011.6.164.1.1.2.100.1.4.2148082850,OctetString,""""""
.1.3.6.1.4.1.2011.6.164.1.1.2.100.1.4.2148082851,OctetString,""""""
.1.3.6.1.4.1.2011.6.164.1.1.2.100.1.4.2148082852,OctetString,""""""
.1.3.6.1.4.1.2011.6.164.1.1.2.100.1.4.2148142458,OctetString,"""Communicate Fail"""
.1.3.6.1.4.1.2011.6.164.1.1.2.100.1.4.2148151419,OctetString,"""AC Failure"""
.1.3.6.1.4.1.2011.6.164.1.1.2.100.1.4.2148151420,OctetString,"""AC Phase Overvoltage"""
.1.3.6.1.4.1.2011.6.164.1.1.2.100.1.4.2148151421,OctetString,"""AC Phase Undervoltage"""
.1.3.6.1.4.1.2011.6.164.1.1.2.100.1.4.2148151422,OctetString,"""AC Loss Phase"""
.1.3.6.1.4.1.2011.6.164.1.1.2.100.1.4.2148214494,OctetString,""""""
.1.3.6.1.4.1.2011.6.164.1.1.2.100.1.4.2148214495,OctetString,""""""
.1.3.6.1.4.1.2011.6.164.1.1.2.100.1.4.2148214496,OctetString,""""""
.1.3.6.1.4.1.2011.6.164.1.1.2.100.1.4.2148214497,OctetString,""""""
.1.3.6.1.4.1.2011.6.164.1.1.2.100.1.4.2148214498,OctetString,""""""
.1.3.6.1.4.1.2011.6.164.1.1.2.100.1.4.2148214510,OctetString,""""""
.1.3.6.1.4.1.2011.6.164.1.1.2.100.1.4.2148214512,OctetString,""""""
.1.3.6.1.4.1.2011.6.164.1.1.2.100.1.4.2148266387,OctetString,""""""
.1.3.6.1.4.1.2011.6.164.1.1.2.100.1.4.2148280038,OctetString,"""When detecting that fan 1 is faulty, the SMU generates a Fan 1 Fault alarm."""
.1.3.6.1.4.1.2011.6.164.1.1.2.100.1.4.2148280039,OctetString,"""When detecting that fan 2 is faulty, the SMU generates a Fan 2 Fault alarm."""
.1.3.6.1.4.1.2011.6.164.1.1.2.100.1.4.2148280040,OctetString,"""When detecting that fan 3 is faulty, the SMU generates a Fan 3 Fault alarm."""
.1.3.6.1.4.1.2011.6.164.1.1.2.100.1.4.2148280041,OctetString,"""When detecting that fan 4 is faulty, the SMU generates a Fan 4 Fault alarm."""
.1.3.6.1.4.1.2011.6.164.1.1.2.100.1.4.2148280056,OctetString,""""""
.1.3.6.1.4.1.2011.6.164.1.1.2.100.1.4.2148332027,OctetString,""""""
.1.3.6.1.4.1.2011.6.164.1.1.2.100.1.4.2148335723,OctetString,""""""
.1.3.6.1.4.1.2011.6.164.1.1.2.100.1.4.2148335738,OctetString,""""""
.1.3.6.1.4.1.2011.6.164.1.1.2.100.1.4.2148355367,OctetString,""""""
.1.3.6.1.4.1.2011.6.164.1.1.2.100.1.4.2148355368,OctetString,""""""
.1.3.6.1.4.1.2011.6.164.1.1.2.100.1.4.2148355369,OctetString,""""""
.1.3.6.1.4.1.2011.6.164.1.1.2.100.1.4.2148397066,OctetString,""""""
.1.3.6.1.4.1.2011.6.164.1.1.2.100.1.4.2148477939,OctetString,""""""
.1.3.6.1.4.1.2011.6.164.1.1.2.100.1.4.2148477940,OctetString,""""""
.1.3.6.1.4.1.2011.6.164.1.1.2.100.1.4.2148477941,OctetString,""""""
.1.3.6.1.4.1.2011.6.164.1.1.2.100.1.4.2148477942,OctetString,""""""
.1.3.6.1.4.1.2011.6.164.1.1.2.100.1.4.2148477943,OctetString,""""""
.1.3.6.1.4.1.2011.6.164.1.1.2.100.1.4.2148477944,OctetString,""""""
.1.3.6.1.4.1.2011.6.164.1.1.2.100.1.4.2148477945,OctetString,""""""
.1.3.6.1.4.1.2011.6.164.1.1.2.100.1.4.2148477946,OctetString,""""""
.1.3.6.1.4.1.2011.6.164.1.1.2.100.1.4.2148477947,OctetString,""""""
.1.3.6.1.4.1.2011.6.164.1.1.2.100.1.4.2148477948,OctetString,""""""
.1.3.6.1.4.1.2011.6.164.1.1.2.100.1.4.2148477949,OctetString,""""""
.1.3.6.1.4.1.2011.6.164.1.1.2.100.1.4.2148477950,OctetString,""""""
.1.3.6.1.4.1.2011.6.164.1.1.2.100.1.4.2148536024,OctetString,"""Communicate Fail"""
.1.3.6.1.4.1.2011.6.164.1.1.2.100.1.4.2148606612,OctetString,""""""
.1.3.6.1.4.1.2011.6.164.1.1.2.100.1.4.2148606614,OctetString,""""""
.1.3.6.1.4.1.2011.6.164.1.1.2.100.1.4.2148664946,OctetString,""""""
.1.3.6.1.4.1.2011.6.164.1.1.2.100.1.4.2148664948,OctetString,""""""
.1.3.6.1.4.1.2011.6.164.1.1.2.100.1.4.2148664949,OctetString,""""""
.1.3.6.1.4.1.2011.6.164.1.1.2.100.1.4.2148664950,OctetString,""""""
.1.3.6.1.4.1.2011.6.164.1.1.2.100.1.4.2148672146,OctetString,""""""
.1.3.6.1.4.1.2011.6.164.1.1.2.100.1.4.2148803566,OctetString,""""""
.1.3.6.1.4.1.2011.6.164.1.1.2.100.1.4.2148803567,OctetString,""""""
.1.3.6.1.4.1.2011.6.164.1.1.2.100.1.4.2148803568,OctetString,""""""
.1.3.6.1.4.1.2011.6.164.1.1.2.100.1.4.2148803569,OctetString,""""""
.1.3.6.1.4.1.2011.6.164.1.1.2.100.1.4.2148803570,OctetString,""""""
.1.3.6.1.4.1.2011.6.164.1.1.2.100.1.4.2148803571,OctetString,""""""
.1.3.6.1.4.1.2011.6.164.1.1.2.100.1.4.2148803572,OctetString,""""""
.1.3.6.1.4.1.2011.6.164.1.1.2.100.1.4.2148803573,OctetString,""""""
.1.3.6.1.4.1.2011.6.164.1.1.2.100.1.4.2148803574,OctetString,""""""
.1.3.6.1.4.1.2011.6.164.1.1.2.100.1.4.2148803575,OctetString,""""""
.1.3.6.1.4.1.2011.6.164.1.1.2.100.1.4.2148803576,OctetString,""""""
.1.3.6.1.4.1.2011.6.164.1.1.2.100.1.4.2148803577,OctetString,""""""
.1.3.6.1.4.1.2011.6.164.1.1.2.100.1.4.2148803578,OctetString,""""""
.1.3.6.1.4.1.2011.6.164.1.1.2.100.1.4.2148803579,OctetString,""""""
.1.3.6.1.4.1.2011.6.164.1.1.2.100.1.4.2148803580,OctetString,""""""
.1.3.6.1.4.1.2011.6.164.1.1.2.100.1.4.2148803581,OctetString,""""""
.1.3.6.1.4.1.2011.6.164.1.1.2.100.1.4.2148803582,OctetString,""""""
.1.3.6.1.4.1.2011.6.164.1.1.2.100.1.4.2148803583,OctetString,""""""
.1.3.6.1.4.1.2011.6.164.1.1.2.100.1.4.2148803584,OctetString,""""""
.1.3.6.1.4.1.2011.6.164.1.1.2.100.1.4.2148803585,OctetString,""""""
.1.3.6.1.4.1.2011.6.164.1.1.2.100.1.4.2148803586,OctetString,""""""
.1.3.6.1.4.1.2011.6.164.1.1.2.100.1.4.2148803587,OctetString,""""""
.1.3.6.1.4.1.2011.6.164.1.1.2.100.1.4.2148803588,OctetString,""""""
.1.3.6.1.4.1.2011.6.164.1.1.2.100.1.4.2148803589,OctetString,""""""
.1.3.6.1.4.1.2011.6.164.1.1.2.100.1.4.2148803590,OctetString,""""""
.1.3.6.1.4.1.2011.6.164.1.1.2.100.1.4.2148803591,OctetString,""""""
.1.3.6.1.4.1.2011.6.164.1.1.2.100.1.4.2148803592,OctetString,""""""
.1.3.6.1.4.1.2011.6.164.1.1.2.100.1.4.2148803593,OctetString,""""""
.1.3.6.1.4.1.2011.6.164.1.1.2.100.1.4.2148803594,OctetString,""""""
.1.3.6.1.4.1.2011.6.164.1.1.2.100.1.4.2148803595,OctetString,""""""
.1.3.6.1.4.1.2011.6.164.1.1.2.100.1.4.2148803596,OctetString,""""""
.1.3.6.1.4.1.2011.6.164.1.1.2.100.1.4.2148803597,OctetString,""""""
.1.3.6.1.4.1.2011.6.164.1.1.2.100.1.4.2148803598,OctetString,""""""
.1.3.6.1.4.1.2011.6.164.1.1.2.100.1.4.2148803599,OctetString,""""""
.1.3.6.1.4.1.2011.6.164.1.1.2.100.1.4.2148803600,OctetString,""""""
.1.3.6.1.4.1.2011.6.164.1.1.2.100.1.4.2148803601,OctetString,""""""
.1.3.6.1.4.1.2011.6.164.1.1.2.100.1.4.2148803602,OctetString,""""""
.1.3.6.1.4.1.2011.6.164.1.1.2.100.1.4.2148803603,OctetString,""""""
.1.3.6.1.4.1.2011.6.164.1.1.2.100.1.4.2148803604,OctetString,""""""
.1.3.6.1.4.1.2011.6.164.1.1.2.100.1.4.2148803605,OctetString,""""""
.1.3.6.1.4.1.2011.6.164.1.1.2.100.1.4.2148803606,OctetString,""""""
.1.3.6.1.4.1.2011.6.164.1.1.2.100.1.4.2148803607,OctetString,""""""
.1.3.6.1.4.1.2011.6.164.1.1.2.100.1.4.2148855813,OctetString,""""""
.1.3.6.1.4.1.2011.6.164.1.1.2.100.1.4.2148855814,OctetString,""""""
.1.3.6.1.4.1.2011.6.164.1.1.2.100.1.4.2148855815,OctetString,""""""
.1.3.6.1.4.1.2011.6.164.1.1.2.100.1.4.2148855816,OctetString,""""""
.1.3.6.1.4.1.2011.6.164.1.1.2.100.1.4.2148855817,OctetString,""""""
.1.3.6.1.4.1.2011.6.164.1.1.2.100.1.4.2148936641,OctetString,""""""
.1.3.6.1.4.1.2011.6.164.1.1.2.100.1.4.2148936642,OctetString,""""""
.1.3.6.1.4.1.2011.6.164.1.1.2.100.1.4.2148936644,OctetString,""""""
.1.3.6.1.4.1.2011.6.164.1.1.2.100.1.4.2148936645,OctetString,""""""
.1.3.6.1.4.1.2011.6.164.1.1.2.100.1.4.2148945391,OctetString,""""""
.1.3.6.1.4.1.2011.6.164.1.1.2.100.1.4.2148945392,OctetString,""""""
.1.3.6.1.4.1.2011.6.164.1.1.2.100.1.4.2148945393,OctetString,""""""
.1.3.6.1.4.1.2011.6.164.1.1.2.100.1.4.2148945394,OctetString,""""""
.1.3.6.1.4.1.2011.6.164.1.1.2.100.1.4.2148945395,OctetString,""""""
.1.3.6.1.4.1.2011.6.164.1.1.2.100.1.4.2148945396,OctetString,""""""
.1.3.6.1.4.1.2011.6.164.1.1.2.100.1.4.2148945397,OctetString,""""""
.1.3.6.1.4.1.2011.6.164.1.1.2.100.1.4.2148945398,OctetString,""""""
.1.3.6.1.4.1.2011.6.164.1.1.2.100.1.4.2148945399,OctetString,""""""
.1.3.6.1.4.1.2011.6.164.1.1.2.100.1.4.2148945400,OctetString,""""""
.1.3.6.1.4.1.2011.6.164.1.1.2.100.1.4.2148945402,OctetString,""""""
.1.3.6.1.4.1.2011.6.164.1.1.2.100.1.4.2148945403,OctetString,""""""
.1.3.6.1.4.1.2011.6.164.1.1.2.100.1.4.2148945404,OctetString,""""""
.1.3.6.1.4.1.2011.6.164.1.1.2.100.1.4.2148945405,OctetString,""""""
.1.3.6.1.4.1.2011.6.164.1.1.2.100.1.4.2148945406,OctetString,""""""
.1.3.6.1.4.1.2011.6.164.1.1.2.100.1.4.2148945407,OctetString,""""""
.1.3.6.1.4.1.2011.6.164.1.1.2.100.1.4.2148945408,OctetString,""""""
.1.3.6.1.4.1.2011.6.164.1.1.2.100.1.4.2148945409,OctetString,""""""
.1.3.6.1.4.1.2011.6.164.1.1.2.100.1.4.2148945410,OctetString,""""""
.1.3.6.1.4.1.2011.6.164.1.1.2.100.1.4.2148945413,OctetString,""""""
.1.3.6.1.4.1.2011.6.164.1.1.2.100.1.4.2148945414,OctetString,""""""
.1.3.6.1.4.1.2011.6.164.1.1.2.100.1.4.2148945415,OctetString,""""""
.1.3.6.1.4.1.2011.6.164.1.1.2.100.1.4.2148945416,OctetString,""""""
.1.3.6.1.4.1.2011.6.164.1.1.2.100.1.4.2148945417,OctetString,""""""
.1.3.6.1.4.1.2011.6.164.1.1.2.100.1.4.2148945419,OctetString,""""""
.1.3.6.1.4.1.2011.6.164.1.1.2.100.1.4.2148945422,OctetString,""""""
.1.3.6.1.4.1.2011.6.164.1.1.2.100.1.4.2148945423,OctetString,""""""
.1.3.6.1.4.1.2011.6.164.1.1.2.100.1.4.2148945424,OctetString,""""""
.1.3.6.1.4.1.2011.6.164.1.1.2.100.1.4.2148945426,OctetString,""""""
.1.3.6.1.4.1.2011.6.164.1.1.2.100.1.4.2148945427,OctetString,""""""
.1.3.6.1.4.1.2011.6.164.1.1.2.100.1.4.2148945431,OctetString,""""""
.1.3.6.1.4.1.2011.6.164.1.1.2.100.1.4.2148945434,OctetString,""""""
.1.3.6.1.4.1.2011.6.164.1.1.2.100.1.4.2148945437,OctetString,""""""
.1.3.6.1.4.1.2011.6.164.1.1.2.100.1.4.2148945439,OctetString,""""""
.1.3.6.1.4.1.2011.6.164.1.1.2.100.1.4.2148945440,OctetString,""""""
.1.3.6.1.4.1.2011.6.164.1.1.2.100.1.4.2148947544,OctetString,""""""
.1.3.6.1.4.1.2011.6.164.1.1.2.100.1.4.2148947545,OctetString,""""""
.1.3.6.1.4.1.2011.6.164.1.1.2.100.1.4.2148947546,OctetString,""""""
.1.3.6.1.4.1.2011.6.164.1.1.2.100.1.4.2148947548,OctetString,""""""
.1.3.6.1.4.1.2011.6.164.1.1.2.100.1.4.2148947549,OctetString,""""""
.1.3.6.1.4.1.2011.6.164.1.1.2.100.1.4.2148947550,OctetString,""""""
.1.3.6.1.4.1.2011.6.164.1.1.2.100.1.4.2148962336,OctetString,""""""
.1.3.6.1.4.1.2011.6.164.1.1.2.100.1.4.2148962337,OctetString,""""""
.1.3.6.1.4.1.2011.6.164.1.1.2.100.1.4.2148962338,OctetString,""""""
.1.3.6.1.4.1.2011.6.164.1.1.2.100.1.4.2148962339,OctetString,""""""
.1.3.6.1.4.1.2011.6.164.1.1.2.100.1.4.2148962340,OctetString,""""""
.1.3.6.1.4.1.2011.6.164.1.1.2.100.1.4.2148962341,OctetString,""""""
.1.3.6.1.4.1.2011.6.164.1.1.2.100.1.4.2148962342,OctetString,""""""
.1.3.6.1.4.1.2011.6.164.1.1.2.100.1.4.2148962343,OctetString,""""""
.1.3.6.1.4.1.2011.6.164.1.1.2.100.1.4.2148962344,OctetString,""""""
.1.3.6.1.4.1.2011.6.164.1.1.2.100.1.4.2148962351,OctetString,""""""
.1.3.6.1.4.1.2011.6.164.1.1.2.100.1.4.2148966001,OctetString,""""""
.1.3.6.1.4.1.2011.6.164.1.1.2.100.1.4.2148966002,OctetString,""""""
.1.3.6.1.4.1.2011.6.164.1.1.2.100.1.4.2148966003,OctetString,""""""
.1.3.6.1.4.1.2011.6.164.1.1.2.100.1.4.2148966004,OctetString,""""""
.1.3.6.1.4.1.2011.6.164.1.1.2.100.1.4.2149009129,OctetString,""""""
.1.3.6.1.4.1.2011.6.164.1.1.2.100.1.4.2149013083,OctetString,""""""
.1.3.6.1.4.1.2011.6.164.1.1.2.100.1.4.2149057218,OctetString,""""""
.1.3.6.1.4.1.2011.6.164.1.1.2.100.1.4.2149067065,OctetString,""""""
.1.3.6.1.4.1.2011.6.164.1.1.2.100.1.4.2149070312,OctetString,""""""
.1.3.6.1.4.1.2011.6.164.1.1.2.100.1.4.2149070313,OctetString,""""""
.1.3.6.1.4.1.2011.6.164.1.1.2.100.1.4.2149070324,OctetString,""""""
.1.3.6.1.4.1.2011.6.164.1.1.2.100.1.4.2149070325,OctetString,""""""
.1.3.6.1.4.1.2011.6.164.1.1.2.100.1.4.2149070326,OctetString,""""""
.1.3.6.1.4.1.2011.6.164.1.1.2.100.1.4.2149070328,OctetString,""""""
.1.3.6.1.4.1.2011.6.164.1.1.2.100.1.4.2149070329,OctetString,""""""
.1.3.6.1.4.1.2011.6.164.1.1.2.100.1.4.2149070330,OctetString,""""""
.1.3.6.1.4.1.2011.6.164.1.1.2.100.1.4.2149070331,OctetString,""""""
.1.3.6.1.4.1.2011.6.164.1.1.2.100.1.4.2149070332,OctetString,""""""
.1.3.6.1.4.1.2011.6.164.1.1.2.100.1.4.2149070333,OctetString,""""""
.1.3.6.1.4.1.2011.6.164.1.1.2.100.1.4.2149118137,OctetString,""""""
.1.3.6.1.4.1.2011.6.164.1.1.2.100.1.4.2149132606,OctetString,""""""
.1.3.6.1.4.1.2011.6.164.1.1.2.100.1.4.2149135798,OctetString,""""""
.1.3.6.1.4.1.2011.6.164.1.1.2.100.1.4.2149135799,OctetString,""""""
.1.3.6.1.4.1.2011.6.164.1.1.2.100.1.4.2149135800,OctetString,""""""
.1.3.6.1.4.1.2011.6.164.1.1.2.100.1.4.2149135801,OctetString,""""""
.1.3.6.1.4.1.2011.6.164.1.1.2.100.1.4.2149135802,OctetString,""""""
.1.3.6.1.4.1.2011.6.164.1.1.2.100.1.4.2149135803,OctetString,""""""
.1.3.6.1.4.1.2011.6.164.1.1.2.100.1.4.2149135804,OctetString,""""""
.1.3.6.1.4.1.2011.6.164.1.1.2.100.1.4.2149135805,OctetString,""""""
.1.3.6.1.4.1.2011.6.164.1.1.2.100.1.4.2149135806,OctetString,""""""
.1.3.6.1.4.1.2011.6.164.1.1.2.100.1.4.2149135807,OctetString,""""""
.1.3.6.1.4.1.2011.6.164.1.1.2.100.1.4.2149135808,OctetString,""""""
.1.3.6.1.4.1.2011.6.164.1.1.2.100.1.4.2149135809,OctetString,""""""
.1.3.6.1.4.1.2011.6.164.1.1.2.100.1.4.2149135810,OctetString,""""""
.1.3.6.1.4.1.2011.6.164.1.1.2.100.1.4.2149135811,OctetString,""""""
.1.3.6.1.4.1.2011.6.164.1.1.2.100.1.4.2149135812,OctetString,""""""
.1.3.6.1.4.1.2011.6.164.1.1.2.100.1.4.2149135813,OctetString,""""""
.1.3.6.1.4.1.2011.6.164.1.1.2.100.1.4.2149135814,OctetString,""""""
.1.3.6.1.4.1.2011.6.164.1.1.2.100.1.4.2149135815,OctetString,""""""
.1.3.6.1.4.1.2011.6.164.1.1.2.100.1.4.2149135816,OctetString,""""""
.1.3.6.1.4.1.2011.6.164.1.1.2.100.1.4.2149135817,OctetString,""""""
.1.3.6.1.4.1.2011.6.164.1.1.2.100.1.4.2149135818,OctetString,""""""
.1.3.6.1.4.1.2011.6.164.1.1.2.100.1.4.2149135819,OctetString,""""""
.1.3.6.1.4.1.2011.6.164.1.1.2.100.1.4.2149135820,OctetString,""""""
.1.3.6.1.4.1.2011.6.164.1.1.2.100.1.4.2149135821,OctetString,""""""
.1.3.6.1.4.1.2011.6.164.1.1.2.100.1.4.2149135822,OctetString,""""""
.1.3.6.1.4.1.2011.6.164.1.1.2.100.1.4.2149135823,OctetString,""""""
.1.3.6.1.4.1.2011.6.164.1.1.2.100.1.4.2149135824,OctetString,""""""
.1.3.6.1.4.1.2011.6.164.1.1.2.100.1.4.2149135825,OctetString,""""""
.1.3.6.1.4.1.2011.6.164.1.1.2.100.1.4.2149135826,OctetString,""""""
.1.3.6.1.4.1.2011.6.164.1.1.2.100.1.4.2149135827,OctetString,""""""
.1.3.6.1.4.1.2011.6.164.1.1.2.100.1.4.2149135828,OctetString,""""""
.1.3.6.1.4.1.2011.6.164.1.1.2.100.1.4.2149135829,OctetString,""""""
.1.3.6.1.4.1.2011.6.164.1.1.2.100.1.4.2149135830,OctetString,""""""
.1.3.6.1.4.1.2011.6.164.1.1.2.100.1.4.2149135831,OctetString,""""""
.1.3.6.1.4.1.2011.6.164.1.1.2.100.1.4.2149135832,OctetString,""""""
.1.3.6.1.4.1.2011.6.164.1.1.2.100.1.4.2149135833,OctetString,""""""
.1.3.6.1.4.1.2011.6.164.1.1.2.100.1.4.2149135835,OctetString,""""""
.1.3.6.1.4.1.2011.6.164.1.1.2.100.1.4.2149135837,OctetString,""""""
.1.3.6.1.4.1.2011.6.164.1.1.2.100.1.4.2149135840,OctetString,""""""
.1.3.6.1.4.1.2011.6.164.1.1.2.100.1.4.2149135841,OctetString,""""""
.1.3.6.1.4.1.2011.6.164.1.1.2.100.1.4.2149135842,OctetString,""""""
.1.3.6.1.4.1.2011.6.164.1.1.2.100.1.4.2149135843,OctetString,""""""
.1.3.6.1.4.1.2011.6.164.1.1.2.100.1.4.2149135844,OctetString,""""""
.1.3.6.1.4.1.2011.6.164.1.1.2.100.1.4.2149144679,OctetString,""""""
.1.3.6.1.4.1.2011.6.164.1.1.2.100.1.4.2149183520,OctetString,""""""
.1.3.6.1.4.1.2011.6.164.1.1.2.100.1.4.2149183521,OctetString,""""""
.1.3.6.1.4.1.2011.6.164.1.1.2.100.1.4.2149183522,OctetString,""""""
.1.3.6.1.4.1.2011.6.164.1.1.2.100.1.4.2149183684,OctetString,""""""
.1.3.6.1.4.1.2011.6.164.1.1.2.100.1.4.2149183693,OctetString,""""""
.1.3.6.1.4.1.2011.6.164.1.1.2.100.1.4.2149183694,OctetString,""""""
.1.3.6.1.4.1.2011.6.164.1.1.2.100.1.4.2149183695,OctetString,""""""
.1.3.6.1.4.1.2011.6.164.1.1.2.100.1.4.2149183696,OctetString,""""""
.1.3.6.1.4.1.2011.6.164.1.1.2.100.1.4.2149183697,OctetString,""""""
.1.3.6.1.4.1.2011.6.164.1.1.2.100.1.4.2149183698,OctetString,""""""
.1.3.6.1.4.1.2011.6.164.1.1.2.100.1.4.2149183854,OctetString,""""""
.1.3.6.1.4.1.2011.6.164.1.1.2.100.1.4.2149184107,OctetString,""""""
.1.3.6.1.4.1.2011.6.164.1.1.2.100.1.4.2149195235,OctetString,""""""
.1.3.6.1.4.1.2011.6.164.1.1.2.100.1.4.2149195236,OctetString,""""""
.1.3.6.1.4.1.2011.6.164.1.1.2.100.1.4.2149195237,OctetString,""""""
.1.3.6.1.4.1.2011.6.164.1.1.2.100.1.4.2149195238,OctetString,""""""
.1.3.6.1.4.1.2011.6.164.1.1.2.100.1.4.2149195239,OctetString,""""""
.1.3.6.1.4.1.2011.6.164.1.1.2.100.1.4.2149195240,OctetString,""""""
.1.3.6.1.4.1.2011.6.164.1.1.2.100.1.4.2149195241,OctetString,""""""
.1.3.6.1.4.1.2011.6.164.1.1.2.100.1.4.2149195242,OctetString,""""""
.1.3.6.1.4.1.2011.6.164.1.1.2.100.1.4.2149195243,OctetString,""""""
.1.3.6.1.4.1.2011.6.164.1.1.2.100.1.4.2149195244,OctetString,""""""
.1.3.6.1.4.1.2011.6.164.1.1.2.100.1.4.2149195245,OctetString,""""""
.1.3.6.1.4.1.2011.6.164.1.1.2.100.1.4.2149195248,OctetString,""""""
.1.3.6.1.4.1.2011.6.164.1.1.2.100.1.4.2149195250,OctetString,""""""
.1.3.6.1.4.1.2011.6.164.1.1.2.100.1.4.2149195251,OctetString,""""""
.1.3.6.1.4.1.2011.6.164.1.1.2.100.1.4.2149249035,OctetString,""""""
.1.3.6.1.4.1.2011.6.164.1.1.2.100.1.4.2149406455,OctetString,""""""
.1.3.6.1.4.1.2011.6.164.1.1.2.100.1.4.2149406456,OctetString,""""""
.1.3.6.1.4.1.2011.6.164.1.1.2.100.1.4.2149406457,OctetString,""""""
.1.3.6.1.4.1.2011.6.164.1.1.2.100.1.4.2149406458,OctetString,""""""
.1.3.6.1.4.1.2011.6.164.1.1.2.100.1.4.2149469629,OctetString,""""""
.1.3.6.1.4.1.2011.6.164.1.1.2.100.1.4.2149469630,OctetString,""""""
.1.3.6.1.4.1.2011.6.164.1.1.2.100.1.4.2149469631,OctetString,""""""
.1.3.6.1.4.1.2011.6.164.1.1.2.100.1.4.2149469632,OctetString,""""""
.1.3.6.1.4.1.2011.6.164.1.1.2.100.1.4.2149469633,OctetString,""""""
.1.3.6.1.4.1.2011.6.164.1.1.2.100.1.4.2149469634,OctetString,""""""
.1.3.6.1.4.1.2011.6.164.1.1.2.100.1.4.2149469635,OctetString,""""""
.1.3.6.1.4.1.2011.6.164.1.1.2.100.1.4.2149511366,OctetString,""""""
.1.3.6.1.4.1.2011.6.164.1.1.2.100.1.4.2149511370,OctetString,""""""
.1.3.6.1.4.1.2011.6.164.1.1.2.100.1.4.2149590756,OctetString,""""""
.1.3.6.1.4.1.2011.6.164.1.1.2.100.1.4.2149656293,OctetString,""""""
.1.3.6.1.4.1.2011.6.164.1.1.2.100.1.4.2149722481,OctetString,""""""
.1.3.6.1.4.1.2011.6.164.1.1.2.100.1.4.2149722483,OctetString,""""""
.1.3.6.1.4.1.2011.6.164.1.1.2.100.1.4.2149722484,OctetString,""""""
.1.3.6.1.4.1.2011.6.164.1.1.2.100.1.4.2149722485,OctetString,""""""
.1.3.6.1.4.1.2011.6.164.1.1.2.100.1.4.2149722486,OctetString,""""""
.1.3.6.1.4.1.2011.6.164.1.1.2.100.1.4.2149722487,OctetString,""""""
.1.3.6.1.4.1.2011.6.164.1.1.2.100.1.4.2149722488,OctetString,""""""
.1.3.6.1.4.1.2011.6.164.1.1.2.100.1.4.2149722492,OctetString,""""""
.1.3.6.1.4.1.2011.6.164.1.1.2.100.1.4.2149722493,OctetString,""""""
.1.3.6.1.4.1.2011.6.164.1.1.2.100.1.4.2149722495,OctetString,""""""
.1.3.6.1.4.1.2011.6.164.1.1.2.100.1.4.2149722496,OctetString,""""""
.1.3.6.1.4.1.2011.6.164.1.1.2.100.1.4.2149722498,OctetString,""""""
.1.3.6.1.4.1.2011.6.164.1.1.2.100.1.4.2149722499,OctetString,""""""
.1.3.6.1.4.1.2011.6.164.1.1.2.100.1.4.2149722500,OctetString,""""""
.1.3.6.1.4.1.2011.6.164.1.1.2.100.1.4.2149722501,OctetString,""""""
.1.3.6.1.4.1.2011.6.164.1.1.2.100.1.4.2149722502,OctetString,""""""
.1.3.6.1.4.1.2011.6.164.1.1.2.100.1.4.2149722503,OctetString,""""""
.1.3.6.1.4.1.2011.6.164.1.1.2.100.1.4.2149722504,OctetString,""""""
.1.3.6.1.4.1.2011.6.164.1.1.2.100.1.4.2149722505,OctetString,""""""
.1.3.6.1.4.1.2011.6.164.1.1.2.100.1.4.2149722508,OctetString,""""""
.1.3.6.1.4.1.2011.6.164.1.1.2.100.1.4.2149724973,OctetString,""""""
.1.3.6.1.4.1.2011.6.164.1.1.2.100.1.4.2149725012,OctetString,""""""
.1.3.6.1.4.1.2011.6.164.1.1.2.100.1.4.2149725013,OctetString,""""""
.1.3.6.1.4.1.2011.6.164.1.1.2.100.1.4.2149790512,OctetString,""""""
.1.3.6.1.4.1.2011.6.164.1.1.2.100.1.4.2149790513,OctetString,""""""
.1.3.6.1.4.1.2011.6.164.1.1.2.100.1.4.2149790514,OctetString,""""""
.1.3.6.1.4.1.2011.6.164.1.1.2.100.1.4.2149790700,OctetString,""""""
.1.3.6.1.4.1.2011.6.164.1.1.2.100.1.4.2149790701,OctetString,""""""
.1.3.6.1.4.1.2011.6.164.1.1.2.100.1.4.2149790702,OctetString,""""""
.1.3.6.1.4.1.2011.6.164.1.1.2.100.1.4.2149791259,OctetString,""""""
.1.3.6.1.4.1.2011.6.164.1.1.2.100.1.4.2149791260,OctetString,""""""
.1.3.6.1.4.1.2011.6.164.1.1.2.100.1.4.2149791264,OctetString,""""""
.1.3.6.1.4.1.2011.6.164.1.1.2.100.1.4.2149791265,OctetString,""""""
.1.3.6.1.4.1.2011.6.164.1.1.2.100.1.4.2149791266,OctetString,""""""
.1.3.6.1.4.1.2011.6.164.1.1.2.100.1.4.2149791267,OctetString,""""""
.1.3.6.1.4.1.2011.6.164.1.1.2.100.1.4.2149791268,OctetString,""""""
.1.3.6.1.4.1.2011.6.164.1.1.2.100.1.4.2149791269,OctetString,""""""
.1.3.6.1.4.1.2011.6.164.1.1.2.100.1.4.2149791270,OctetString,""""""
.1.3.6.1.4.1.2011.6.164.1.1.2.100.1.4.2149791271,OctetString,""""""
.1.3.6.1.4.1.2011.6.164.1.1.2.100.1.4.2149791272,OctetString,""""""
.1.3.6.1.4.1.2011.6.164.1.1.2.100.1.4.2149791273,OctetString,""""""
.1.3.6.1.4.1.2011.6.164.1.1.2.100.1.4.2149791274,OctetString,""""""
.1.3.6.1.4.1.2011.6.164.1.1.2.100.1.4.2149791275,OctetString,""""""
.1.3.6.1.4.1.2011.6.164.1.1.2.100.1.4.2149791276,OctetString,""""""
.1.3.6.1.4.1.2011.6.164.1.1.2.100.1.4.2149791277,OctetString,""""""
.1.3.6.1.4.1.2011.6.164.1.1.2.100.1.4.2149791279,OctetString,""""""
.1.3.6.1.4.1.2011.6.164.1.1.2.100.1.4.2149791280,OctetString,""""""
.1.3.6.1.4.1.2011.6.164.1.1.2.100.1.4.2149791326,OctetString,""""""
.1.3.6.1.4.1.2011.6.164.1.1.2.100.1.4.2149791340,OctetString,""""""
.1.3.6.1.4.1.2011.6.164.1.1.2.100.1.4.2149791471,OctetString,""""""
.1.3.6.1.4.1.2011.6.164.1.1.2.100.1.4.2149859995,OctetString,""""""
.1.3.6.1.4.1.2011.6.164.1.1.2.100.1.4.2149990667,OctetString,"""Batt Fuse Break"""
.1.3.6.1.4.1.2011.6.164.1.1.2.100.1.4.2149990668,OctetString,"""Batt. Disconnecting"""
.1.3.6.1.4.1.2011.6.164.1.1.2.100.1.4.2149990669,OctetString,"""Batt. Disconnection"""
.1.3.6.1.4.1.2011.6.164.1.1.2.100.1.4.2149990670,OctetString,"""Battery Discharging"""
.1.3.6.1.4.1.2011.6.164.1.1.2.100.1.4.2149990671,OctetString,"""Battery Forcibly Connection"""
.1.3.6.1.4.1.2011.6.164.1.1.2.100.1.4.2149990672,OctetString,"""Battery High Temperature"""
.1.3.6.1.4.1.2011.6.164.1.1.2.100.1.4.2149990673,OctetString,"""Battery Low Temperature"""
.1.3.6.1.4.1.2011.6.164.1.1.2.100.1.4.2149990674,OctetString,"""Battery Temperature Sensor 1 Missing"""
.1.3.6.1.4.1.2011.6.164.1.1.2.100.1.4.2149990675,OctetString,"""Battery Temperature Sensor 2 Missing"""
.1.3.6.1.4.1.2011.6.164.1.1.2.100.1.4.2149990676,OctetString,"""Battery Temperature Sensor 1 Fault"""
.1.3.6.1.4.1.2011.6.164.1.1.2.100.1.4.2149990677,OctetString,"""Battery Temperature Sensor 2 Fault"""
.1.3.6.1.4.1.2011.6.164.1.1.2.100.1.4.2149990678,OctetString,"""Battery Undervoltage"""
.1.3.6.1.4.1.2011.6.164.1.1.2.100.1.4.2150056103,OctetString,""""""
.1.3.6.1.4.1.2011.6.164.1.1.2.100.1.4.2150056104,OctetString,""""""
.1.3.6.1.4.1.2011.6.164.1.1.2.100.1.4.2150056105,OctetString,""""""
.1.3.6.1.4.1.2011.6.164.1.1.2.100.1.4.2150056106,OctetString,""""""
.1.3.6.1.4.1.2011.6.164.1.1.2.100.1.4.2150056107,OctetString,""""""
.1.3.6.1.4.1.2011.6.164.1.1.2.100.1.4.2150056108,OctetString,""""""
.1.3.6.1.4.1.2011.6.164.1.1.2.100.1.4.2150056109,OctetString,""""""
.1.3.6.1.4.1.2011.6.164.1.1.2.100.1.4.2150056110,OctetString,""""""
.1.3.6.1.4.1.2011.6.164.1.1.2.100.1.4.2150056111,OctetString,""""""
.1.3.6.1.4.1.2011.6.164.1.1.2.100.1.4.2150056112,OctetString,""""""
.1.3.6.1.4.1.2011.6.164.1.1.2.100.1.4.2150056113,OctetString,""""""
.1.3.6.1.4.1.2011.6.164.1.1.2.100.1.4.2150056114,OctetString,""""""
.1.3.6.1.4.1.2011.6.164.1.1.2.100.1.4.2150056115,OctetString,""""""
.1.3.6.1.4.1.2011.6.164.1.1.2.100.1.4.2150056116,OctetString,""""""
.1.3.6.1.4.1.2011.6.164.1.1.2.100.1.4.2150056117,OctetString,""""""
.1.3.6.1.4.1.2011.6.164.1.1.2.100.1.4.2150056118,OctetString,""""""
.1.3.6.1.4.1.2011.6.164.1.1.2.100.1.4.2150056119,OctetString,""""""
.1.3.6.1.4.1.2011.6.164.1.1.2.100.1.4.2150056120,OctetString,""""""
.1.3.6.1.4.1.2011.6.164.1.1.2.100.1.4.2150056121,OctetString,""""""
.1.3.6.1.4.1.2011.6.164.1.1.2.100.1.4.2150056122,OctetString,""""""
.1.3.6.1.4.1.2011.6.164.1.1.2.100.1.4.2150056123,OctetString,""""""
.1.3.6.1.4.1.2011.6.164.1.1.2.100.1.4.2150318081,OctetString,"""Unlearning Code"""
.1.3.6.1.4.1.2011.6.164.1.1.2.100.1.4.2150327077,OctetString,"""A/C Controller - Communicate Fail"""
.1.3.6.1.4.1.2011.6.164.1.1.2.100.1.4.2150834384,OctetString,"""EFUSE - Communication Failure"""
.1.3.6.1.4.1.2011.6.164.1.1.2.100.1.4.2150834385,OctetString,"""EFUSE - Input Undervoltage"""
.1.3.6.1.4.1.2011.6.164.1.1.2.100.1.4.2150834386,OctetString,"""EFUSE - Input Overvoltage"""
.1.3.6.1.4.1.2011.6.164.1.1.2.100.1.4.2150834389,OctetString,"""EFUSE - Load 0 Overcurrent Protection"""
.1.3.6.1.4.1.2011.6.164.1.1.2.100.1.4.2150834390,OctetString,"""EFUSE - Load 1 Overcurrent Protection"""
.1.3.6.1.4.1.2011.6.164.1.1.2.100.1.4.2150834391,OctetString,"""EFUSE - Load 2 Overcurrent Protection"""
.1.3.6.1.4.1.2011.6.164.1.1.2.100.1.4.2150834392,OctetString,"""EFUSE - Load 3 Overcurrent Protection"""
.1.3.6.1.4.1.2011.6.164.1.1.2.100.1.4.2150834393,OctetString,"""EFUSE - Load 4 Overcurrent Protection"""
.1.3.6.1.4.1.2011.6.164.1.1.2.100.1.4.2150834394,OctetString,"""EFUSE - Load 5 Overcurrent Protection"""
.1.3.6.1.4.1.2011.6.164.1.1.2.100.1.4.2150834395,OctetString,"""EFUSE - Load 6 Overcurrent Protection"""
.1.3.6.1.4.1.2011.6.164.1.1.2.100.1.4.2150834396,OctetString,"""EFUSE - Load 7 Overcurrent Protection"""
.1.3.6.1.4.1.2011.6.164.1.1.2.100.1.4.2150834397,OctetString,"""EFUSE - Load 8 Overcurrent Protection"""
.1.3.6.1.4.1.2011.6.164.1.1.2.100.1.4.2150834398,OctetString,"""EFUSE - Load 9 Overcurrent Protection"""
.1.3.6.1.4.1.2011.6.164.1.1.2.100.1.4.2150834441,OctetString,"""EFUSE - EFUSE Board Fault"""
.1.3.6.1.4.1.2011.6.164.1.1.2.100.1.4.2150834452,OctetString,"""EFUSE - Load 0 Branch Fault"""
.1.3.6.1.4.1.2011.6.164.1.1.2.100.1.4.2150834453,OctetString,"""EFUSE - Load 1 Branch Fault"""
.1.3.6.1.4.1.2011.6.164.1.1.2.100.1.4.2150834454,OctetString,"""EFUSE - Load 2 Branch Fault"""
.1.3.6.1.4.1.2011.6.164.1.1.2.100.1.4.2150834455,OctetString,"""EFUSE - Load 3 Branch Fault"""
.1.3.6.1.4.1.2011.6.164.1.1.2.100.1.4.2150834456,OctetString,"""EFUSE - Load 4 Branch Fault"""
.1.3.6.1.4.1.2011.6.164.1.1.2.100.1.4.2150834457,OctetString,"""EFUSE - Load 5 Branch Fault"""
.1.3.6.1.4.1.2011.6.164.1.1.2.100.1.4.2150834458,OctetString,"""EFUSE - Load 6 Branch Fault"""
.1.3.6.1.4.1.2011.6.164.1.1.2.100.1.4.2150834459,OctetString,"""EFUSE - Load 7 Branch Fault"""
.1.3.6.1.4.1.2011.6.164.1.1.2.100.1.4.2150834460,OctetString,"""EFUSE - Load 8 Branch Fault"""
.1.3.6.1.4.1.2011.6.164.1.1.2.100.1.4.2150834461,OctetString,"""EFUSE - Load 9 Branch Fault"""
.1.3.6.1.4.1.2011.6.164.1.1.2.100.1.4.2150834462,OctetString,"""EFUSE - Load 0 Disconnected"""
.1.3.6.1.4.1.2011.6.164.1.1.2.100.1.4.2150834463,OctetString,"""EFUSE - Load 1 Disconnected"""
.1.3.6.1.4.1.2011.6.164.1.1.2.100.1.4.2150834464,OctetString,"""EFUSE - Load 2 Disconnected"""
.1.3.6.1.4.1.2011.6.164.1.1.2.100.1.4.2150834465,OctetString,"""EFUSE - Load 3 Disconnected"""
.1.3.6.1.4.1.2011.6.164.1.1.2.100.1.4.2150834466,OctetString,"""EFUSE - Load 4 Disconnected"""
.1.3.6.1.4.1.2011.6.164.1.1.2.100.1.4.2150834467,OctetString,"""EFUSE - Load 5 Disconnected"""
.1.3.6.1.4.1.2011.6.164.1.1.2.100.1.4.2150834468,OctetString,"""EFUSE - Load 6 Disconnected"""
.1.3.6.1.4.1.2011.6.164.1.1.2.100.1.4.2150834469,OctetString,"""EFUSE - Load 7 Disconnected"""
.1.3.6.1.4.1.2011.6.164.1.1.2.100.1.4.2150834470,OctetString,"""EFUSE - Load 8 Disconnected"""
.1.3.6.1.4.1.2011.6.164.1.1.2.100.1.4.2150834471,OctetString,"""EFUSE - Load 9 Disconnected"""
.1.3.6.1.4.1.2011.6.164.1.1.2.100.1.4.2150834472,OctetString,"""EFUSE - Load 0 Control Fault"""
.1.3.6.1.4.1.2011.6.164.1.1.2.100.1.4.2150834473,OctetString,"""EFUSE - Load 1 Control Fault"""
.1.3.6.1.4.1.2011.6.164.1.1.2.100.1.4.2150834474,OctetString,"""EFUSE - Load 2 Control Fault"""
.1.3.6.1.4.1.2011.6.164.1.1.2.100.1.4.2150834475,OctetString,"""EFUSE - Load 3 Control Fault"""
.1.3.6.1.4.1.2011.6.164.1.1.2.100.1.4.2150834476,OctetString,"""EFUSE - Load 4 Control Fault"""
.1.3.6.1.4.1.2011.6.164.1.1.2.100.1.4.2150834477,OctetString,"""EFUSE - Load 5 Control Fault"""
.1.3.6.1.4.1.2011.6.164.1.1.2.100.1.4.2150834478,OctetString,"""EFUSE - Load 6 Control Fault"""
.1.3.6.1.4.1.2011.6.164.1.1.2.100.1.4.2150834479,OctetString,"""EFUSE - Load 7 Control Fault"""
.1.3.6.1.4.1.2011.6.164.1.1.2.100.1.4.2150834480,OctetString,"""EFUSE - Load 8 Control Fault"""
.1.3.6.1.4.1.2011.6.164.1.1.2.100.1.4.2150834481,OctetString,"""EFUSE - Load 9 Control Fault"""
.1.3.6.1.4.1.2011.6.164.1.1.2.100.1.4.2150887436,OctetString,""""""
.1.3.6.1.4.1.2011.6.164.1.1.2.100.1.4.2150887437,OctetString,""""""
.1.3.6.1.4.1.2011.6.164.1.1.2.100.1.4.2150887438,OctetString,""""""
.1.3.6.1.4.1.2011.6.164.1.1.2.100.1.4.2150887439,OctetString,""""""
.1.3.6.1.4.1.2011.6.164.1.1.2.100.1.4.2151166265,OctetString,"""Camera - Communication Failure"""
.1.3.6.1.4.1.2011.6.164.1.1.2.100.1.4.2151166267,OctetString,"""Motion Detection Alarm"""
.1.3.6.1.4.1.2011.6.164.1.1.2.100.1.4.2152011218,OctetString,"""Normal Unlock"""
.1.3.6.1.4.1.2011.6.164.1.1.2.100.1.4.2152011219,OctetString,"""Abnormal Unlock"""
.1.3.6.1.4.1.2011.6.164.1.1.2.100.1.4.2152011484,OctetString,"""Electronic Lock - Communication Failure"""
.1.3.6.1.4.1.2011.6.164.1.1.2.100.1.4.2152930801,OctetString,""""""
.1.3.6.1.4.1.2011.6.164.1.1.2.100.1.4.2155039039,OctetString,""""""
.1.3.6.1.4.1.2011.6.164.1.1.2.100.1.4.2155039040,OctetString,""""""
.1.3.6.1.4.1.2011.6.164.1.1.2.100.1.4.2155878346,OctetString,"""When detecting that the cabinet door of the power system is open, the SMU generates a Door Alarm."""
.1.3.6.1.4.1.2011.6.164.1.1.2.100.1.4.2155943862,OctetString,"""When detecting water in the power system cabinet, the SMU generates a Water Alarm."""
.1.3.6.1.4.1.2011.6.164.1.1.2.100.1.4.2156009408,OctetString,"""When detecting smoke in the power system cabinet, the SMU generates a Smoke Alarm."""
.1.3.6.1.4.1.2011.6.164.1.1.2.100.1.4.2156069280,OctetString,"""Ambient High Temperature"""
.1.3.6.1.4.1.2011.6.164.1.1.2.100.1.4.2156069281,OctetString,"""Ambient Low Temperature"""
.1.3.6.1.4.1.2011.6.164.1.1.2.100.1.4.2156069282,OctetString,"""Ambient High Humidity"""
.1.3.6.1.4.1.2011.6.164.1.1.2.100.1.4.2156069283,OctetString,"""Ambient Low Humidity"""
.1.3.6.1.4.1.2011.6.164.1.1.2.100.1.4.2156078974,OctetString,"""Ambient Humidity Sensor Missing"""
.1.3.6.1.4.1.2011.6.164.1.1.2.100.1.4.2156078975,OctetString,"""Ambient Humidity Sensor Fault"""
.1.3.6.1.4.1.2011.6.164.1.1.2.100.1.4.2156078978,OctetString,"""Ambient Temperature Sensor Missing"""
.1.3.6.1.4.1.2011.6.164.1.1.2.100.1.4.2156078979,OctetString,"""Ambient Temperature Sensor Fault"""
.1.3.6.1.4.1.2011.6.164.1.1.2.100.1.4.2156079075,OctetString,"""Ambient Very High Temperature"""
.1.3.6.1.4.1.2011.6.164.1.1.2.100.1.4.2156149662,OctetString,""""""
.1.3.6.1.4.1.2011.6.164.1.1.2.100.1.4.2156469530,OctetString,""""""
.1.3.6.1.4.1.2011.6.164.1.1.2.100.1.4.2156469531,OctetString,""""""
.1.3.6.1.4.1.2011.6.164.1.1.2.100.1.4.2156469532,OctetString,""""""
.1.3.6.1.4.1.2011.6.164.1.1.2.100.1.4.2156469533,OctetString,""""""
.1.3.6.1.4.1.2011.6.164.1.1.2.100.1.4.2156469534,OctetString,""""""
.1.3.6.1.4.1.2011.6.164.1.1.2.100.1.4.2156469535,OctetString,""""""
.1.3.6.1.4.1.2011.6.164.1.1.2.100.1.4.2156469536,OctetString,""""""
.1.3.6.1.4.1.2011.6.164.1.1.2.100.1.4.2156469537,OctetString,""""""
.1.3.6.1.4.1.2011.6.164.1.1.2.100.1.4.2156469538,OctetString,""""""
.1.3.6.1.4.1.2011.6.164.1.1.2.100.1.4.2156469539,OctetString,""""""
.1.3.6.1.4.1.2011.6.164.1.1.2.100.1.4.2156469540,OctetString,""""""
.1.3.6.1.4.1.2011.6.164.1.1.2.100.1.4.2156469541,OctetString,""""""
.1.3.6.1.4.1.2011.6.164.1.1.2.100.1.4.2156469542,OctetString,""""""
.1.3.6.1.4.1.2011.6.164.1.1.2.100.1.4.2156469543,OctetString,""""""
.1.3.6.1.4.1.2011.6.164.1.1.2.100.1.4.2156469544,OctetString,""""""
.1.3.6.1.4.1.2011.6.164.1.1.2.100.1.4.2156469545,OctetString,""""""
.1.3.6.1.4.1.2011.6.164.1.1.2.100.1.4.2156469546,OctetString,""""""
.1.3.6.1.4.1.2011.6.164.1.1.2.100.1.4.2156469547,OctetString,""""""
.1.3.6.1.4.1.2011.6.164.1.1.2.100.1.4.2156469548,OctetString,""""""
.1.3.6.1.4.1.2011.6.164.1.1.2.100.1.4.2156469549,OctetString,""""""
.1.3.6.1.4.1.2011.6.164.1.1.2.100.1.4.2156469550,OctetString,""""""
.1.3.6.1.4.1.2011.6.164.1.1.2.100.1.4.2156469551,OctetString,""""""
.1.3.6.1.4.1.2011.6.164.1.1.2.100.1.4.2156469552,OctetString,""""""
.1.3.6.1.4.1.2011.6.164.1.1.2.100.1.4.2156469553,OctetString,""""""
.1.3.6.1.4.1.2011.6.164.1.1.2.100.1.4.2156469554,OctetString,""""""
.1.3.6.1.4.1.2011.6.164.1.1.2.100.1.4.2156469555,OctetString,""""""
.1.3.6.1.4.1.2011.6.164.1.1.2.100.1.4.2156469556,OctetString,""""""
.1.3.6.1.4.1.2011.6.164.1.1.2.100.1.4.2156469557,OctetString,""""""
.1.3.6.1.4.1.2011.6.164.1.1.2.100.1.4.2156469558,OctetString,""""""
.1.3.6.1.4.1.2011.6.164.1.1.2.100.1.4.2156469559,OctetString,""""""
.1.3.6.1.4.1.2011.6.164.1.1.2.100.1.4.2156469560,OctetString,""""""
.1.3.6.1.4.1.2011.6.164.1.1.2.100.1.4.2156469561,OctetString,""""""
.1.3.6.1.4.1.2011.6.164.1.1.2.100.1.4.2156469562,OctetString,""""""
.1.3.6.1.4.1.2011.6.164.1.1.2.100.1.4.2156469563,OctetString,""""""
.1.3.6.1.4.1.2011.6.164.1.1.2.100.1.4.2156469564,OctetString,""""""
.1.3.6.1.4.1.2011.6.164.1.1.2.100.1.4.2156527923,OctetString,""""""
.1.3.6.1.4.1.2011.6.164.1.1.2.100.1.4.2161006315,OctetString,""""""
.1.3.6.1.4.1.2011.6.164.1.1.2.100.1.4.2161006316,OctetString,""""""
.1.3.6.1.4.1.2011.6.164.1.1.2.100.1.4.2161006317,OctetString,""""""
.1.3.6.1.4.1.2011.6.164.1.1.2.100.1.4.2161006318,OctetString,""""""
.1.3.6.1.4.1.2011.6.164.1.1.2.100.1.4.2164523711,OctetString,""""""
.1.3.6.1.4.1.2011.6.164.1.1.2.100.1.4.2164523712,OctetString,""""""
.1.3.6.1.4.1.2011.6.164.1.1.2.100.1.4.2164523713,OctetString,""""""
.1.3.6.1.4.1.2011.6.164.1.1.2.100.1.4.2164523714,OctetString,""""""
.1.3.6.1.4.1.2011.6.164.1.1.2.100.1.4.2164523744,OctetString,""""""
.1.3.6.1.4.1.2011.6.164.1.1.2.100.1.4.2164533109,OctetString,""""""
.1.3.6.1.4.1.2011.6.164.1.1.2.100.1.4.2164533111,OctetString,""""""
.1.3.6.1.4.1.2011.6.164.1.1.2.100.1.4.2164533739,OctetString,""""""
.1.3.6.1.4.1.2011.6.164.1.1.2.100.1.4.2164533740,OctetString,""""""
.1.3.6.1.4.1.2011.6.164.1.1.2.100.1.4.2164533764,OctetString,""""""
.1.3.6.1.4.1.2011.6.164.1.1.2.100.1.4.2164533765,OctetString,""""""
.1.3.6.1.4.1.2011.6.164.1.1.2.100.1.4.2164533790,OctetString,""""""
.1.3.6.1.4.1.2011.6.164.1.1.2.100.1.4.2164533791,OctetString,""""""
.1.3.6.1.4.1.2011.6.164.1.1.2.100.1.4.2164533792,OctetString,""""""
.1.3.6.1.4.1.2011.6.164.1.1.2.100.1.4.2164533801,OctetString,""""""
.1.3.6.1.4.1.2011.6.164.1.1.2.100.1.4.2164533806,OctetString,""""""
.1.3.6.1.4.1.2011.6.164.1.1.2.100.1.4.2164533807,OctetString,""""""
.1.3.6.1.4.1.2011.6.164.1.1.2.100.1.4.2164542773,OctetString,""""""
.1.3.6.1.4.1.2011.6.164.1.1.2.100.1.4.2164542774,OctetString,""""""
.1.3.6.1.4.1.2011.6.164.1.1.2.100.1.4.2164542775,OctetString,""""""
.1.3.6.1.4.1.2011.6.164.1.1.2.100.1.4.2164599102,OctetString,""""""
.1.3.6.1.4.1.2011.6.164.1.1.2.100.1.4.2164599103,OctetString,""""""
.1.3.6.1.4.1.2011.6.164.1.1.2.100.1.4.2164654783,OctetString,""""""
.1.3.6.1.4.1.2011.6.164.1.1.2.100.1.4.2164654784,OctetString,""""""
.1.3.6.1.4.1.2011.6.164.1.1.2.100.1.4.2164654785,OctetString,""""""
.1.3.6.1.4.1.2011.6.164.1.1.2.100.1.4.2164654786,OctetString,""""""
.1.3.6.1.4.1.2011.6.164.1.1.2.100.1.4.2164654816,OctetString,""""""
.1.3.6.1.4.1.2011.6.164.1.1.2.100.1.4.2164664181,OctetString,""""""
.1.3.6.1.4.1.2011.6.164.1.1.2.100.1.4.2164664183,OctetString,""""""
.1.3.6.1.4.1.2011.6.164.1.1.2.100.1.4.2164664811,OctetString,""""""
.1.3.6.1.4.1.2011.6.164.1.1.2.100.1.4.2164664812,OctetString,""""""
.1.3.6.1.4.1.2011.6.164.1.1.2.100.1.4.2164664836,OctetString,""""""
.1.3.6.1.4.1.2011.6.164.1.1.2.100.1.4.2164664837,OctetString,""""""
.1.3.6.1.4.1.2011.6.164.1.1.2.100.1.4.2164664862,OctetString,""""""
.1.3.6.1.4.1.2011.6.164.1.1.2.100.1.4.2164664863,OctetString,""""""
.1.3.6.1.4.1.2011.6.164.1.1.2.100.1.4.2164664864,OctetString,""""""
.1.3.6.1.4.1.2011.6.164.1.1.2.100.1.4.2164664873,OctetString,""""""
.1.3.6.1.4.1.2011.6.164.1.1.2.100.1.4.2164664878,OctetString,""""""
.1.3.6.1.4.1.2011.6.164.1.1.2.100.1.4.2164664879,OctetString,""""""
.1.3.6.1.4.1.2011.6.164.1.1.2.100.1.4.2164673845,OctetString,""""""
.1.3.6.1.4.1.2011.6.164.1.1.2.100.1.4.2164673846,OctetString,""""""
.1.3.6.1.4.1.2011.6.164.1.1.2.100.1.4.2164673847,OctetString,""""""
.1.3.6.1.4.1.2011.6.164.1.1.2.100.1.4.2164730174,OctetString,""""""
.1.3.6.1.4.1.2011.6.164.1.1.2.100.1.4.2164730175,OctetString,""""""
.1.3.6.1.4.1.2011.6.164.1.1.2.100.1.4.2164785855,OctetString,""""""
.1.3.6.1.4.1.2011.6.164.1.1.2.100.1.4.2164785856,OctetString,""""""
.1.3.6.1.4.1.2011.6.164.1.1.2.100.1.4.2164785857,OctetString,""""""
.1.3.6.1.4.1.2011.6.164.1.1.2.100.1.4.2164785858,OctetString,""""""
.1.3.6.1.4.1.2011.6.164.1.1.2.100.1.4.2164785888,OctetString,""""""
.1.3.6.1.4.1.2011.6.164.1.1.2.100.1.4.2164795253,OctetString,""""""
.1.3.6.1.4.1.2011.6.164.1.1.2.100.1.4.2164795255,OctetString,""""""
.1.3.6.1.4.1.2011.6.164.1.1.2.100.1.4.2164795883,OctetString,""""""
.1.3.6.1.4.1.2011.6.164.1.1.2.100.1.4.2164795884,OctetString,""""""
.1.3.6.1.4.1.2011.6.164.1.1.2.100.1.4.2164795908,OctetString,""""""
.1.3.6.1.4.1.2011.6.164.1.1.2.100.1.4.2164795909,OctetString,""""""
.1.3.6.1.4.1.2011.6.164.1.1.2.100.1.4.2164795934,OctetString,""""""
.1.3.6.1.4.1.2011.6.164.1.1.2.100.1.4.2164795935,OctetString,""""""
.1.3.6.1.4.1.2011.6.164.1.1.2.100.1.4.2164795936,OctetString,""""""
.1.3.6.1.4.1.2011.6.164.1.1.2.100.1.4.2164795945,OctetString,""""""
.1.3.6.1.4.1.2011.6.164.1.1.2.100.1.4.2164795950,OctetString,""""""
.1.3.6.1.4.1.2011.6.164.1.1.2.100.1.4.2164795951,OctetString,""""""
.1.3.6.1.4.1.2011.6.164.1.1.2.100.1.4.2164804917,OctetString,""""""
.1.3.6.1.4.1.2011.6.164.1.1.2.100.1.4.2164804918,OctetString,""""""
.1.3.6.1.4.1.2011.6.164.1.1.2.100.1.4.2164804919,OctetString,""""""
.1.3.6.1.4.1.2011.6.164.1.1.2.100.1.4.2164861246,OctetString,""""""
.1.3.6.1.4.1.2011.6.164.1.1.2.100.1.4.2164861247,OctetString,""""""
.1.3.6.1.4.1.2011.6.164.1.1.2.100.1.4.2165985301,OctetString,""""""
.1.3.6.1.4.1.2011.6.164.1.1.2.100.1.4.2166839119,OctetString,"""The Inverter has no communication with the SMU."""
.1.3.6.1.4.1.2011.6.164.1.1.2.100.1.4.2166839120,OctetString,"""The Fan is abnormal."""
.1.3.6.1.4.1.2011.6.164.1.1.2.100.1.4.2166839121,OctetString,"""The AC output voltage is too low."""
.1.3.6.1.4.1.2011.6.164.1.1.2.100.1.4.2166839122,OctetString,"""The AC output voltage is too high."""
.1.3.6.1.4.1.2011.6.164.1.1.2.100.1.4.2166839123,OctetString,"""The Inverter module cann't  work normally."""
.1.3.6.1.4.1.2011.6.164.1.1.2.100.1.4.2166839124,OctetString,"""The tempeatrue is higher than the high-temperature threshold."""
.1.3.6.1.4.1.2011.6.164.1.1.2.100.1.4.2166839125,OctetString,"""The tempeatrue is lower than the low-temperature threshold."""
.1.3.6.1.4.1.2011.6.164.1.1.2.100.1.4.2166839126,OctetString,"""In multi-phase system,parts of the phase is not ready."""
.1.3.6.1.4.1.2011.6.164.1.1.2.100.1.4.2166839127,OctetString,"""The inverter module has no output."""
.1.3.6.1.4.1.2011.6.164.1.1.2.100.1.4.2166839128,OctetString,"""The AC input is not normal."""
.1.3.6.1.4.1.2011.6.164.1.1.2.100.1.4.2166839129,OctetString,"""The DC input voltage is too low."""
.1.3.6.1.4.1.2011.6.164.1.1.2.100.1.4.2166839130,OctetString,"""The DC input voltage is too high."""
.1.3.6.1.4.1.2011.6.164.1.1.2.100.1.4.2166839132,OctetString,"""The AC is off or disconnected."""
.1.3.6.1.4.1.2011.6.164.1.1.2.100.1.4.2166839133,OctetString,"""The DC is off or disconnected."""
.1.3.6.1.4.1.2011.6.164.1.1.2.100.1.4.2166839134,OctetString,"""The monitoring system of the inverter cann't work normally."""
.1.3.6.1.4.1.2011.6.164.1.1.2.100.1.4.2166839135,OctetString,"""The inverter module is lost or cann't been seen."""
.1.3.6.1.4.1.2011.6.164.1.1.2.100.1.4.2166839137,OctetString,""""""
.1.3.6.1.4.1.2011.6.164.1.1.2.100.1.4.2166839138,OctetString,""""""
.1.3.6.1.4.1.2011.6.164.1.1.2.100.1.4.2167035637,OctetString,""""""
.1.3.6.1.4.1.2011.6.164.1.1.2.100.1.4.2167035638,OctetString,""""""
.1.3.6.1.4.1.2011.6.164.1.1.2.100.1.4.2168132640,OctetString,""""""
.1.3.6.1.4.1.2011.6.164.1.1.2.100.1.4.2168132641,OctetString,""""""
.1.3.6.1.4.1.2011.6.164.1.1.2.100.1.4.2168132642,OctetString,""""""
.1.3.6.1.4.1.2011.6.164.1.1.2.100.1.4.2168132643,OctetString,""""""
.1.3.6.1.4.1.2011.6.164.1.1.2.100.1.4.2174501931,OctetString,"""Communicate Fail"""
.1.3.6.1.4.1.2011.6.164.1.1.2.100.1.4.2175145930,OctetString,""""""
.1.3.6.1.4.1.2011.6.164.1.1.2.100.1.4.2175180407,OctetString,""""""
.1.3.6.1.4.1.2011.6.164.1.1.2.100.1.4.2175180408,OctetString,""""""
.1.3.6.1.4.1.2011.6.164.1.1.2.100.1.4.2175276992,OctetString,""""""
.1.3.6.1.4.1.2011.6.164.1.1.2.100.1.4.2175311481,OctetString,""""""
.1.3.6.1.4.1.2011.6.164.1.1.2.100.1.4.2175311482,OctetString,""""""
.1.3.6.1.4.1.2011.6.164.1.1.2.100.1.4.2175311483,OctetString,""""""
.1.3.6.1.4.1.2011.6.164.1.1.2.100.1.4.2175417246,OctetString,""""""
.1.3.6.1.4.1.2011.6.164.1.1.2.100.1.4.2175442549,OctetString,""""""
.1.3.6.1.4.1.2011.6.164.1.1.2.100.1.4.2175442550,OctetString,""""""
.1.3.6.1.4.1.2011.6.164.1.1.2.100.1.4.2175479920,OctetString,"""Communicate Fail"""
.1.3.6.1.4.1.2011.6.164.1.1.2.100.1.4.2175479921,OctetString,"""Hardware Fault"""
.1.3.6.1.4.1.2011.6.164.1.1.2.100.1.4.2175479935,OctetString,""""""
.1.3.6.1.4.1.2011.6.164.1.1.2.100.1.4.2175479936,OctetString,""""""
.1.3.6.1.4.1.2011.6.164.1.1.2.100.1.4.2175479937,OctetString,""""""
.1.3.6.1.4.1.2011.6.164.1.1.2.100.1.4.2175479938,OctetString,""""""
.1.3.6.1.4.1.2011.6.164.1.1.2.100.1.4.2175479952,OctetString,""""""
.1.3.6.1.4.1.2011.6.164.1.1.2.100.1.4.2175507982,OctetString,""""""
.1.3.6.1.4.1.2011.6.164.1.1.2.100.1.4.2175507983,OctetString,""""""
.1.3.6.1.4.1.2011.6.164.1.1.2.100.1.4.2175529158,OctetString,""""""
.1.3.6.1.4.1.2011.6.164.1.1.2.100.1.4.2175536856,OctetString,"""Communicate Fail"""
.1.3.6.1.4.1.2011.6.164.1.1.2.100.1.4.2175549441,OctetString,""""""
.1.3.6.1.4.1.2011.6.164.1.1.2.100.1.4.2175549457,OctetString,""""""
.1.3.6.1.4.1.2011.6.164.1.1.2.100.1.4.2175549458,OctetString,""""""
.1.3.6.1.4.1.2011.6.164.1.1.2.100.1.4.2175549459,OctetString,""""""
.1.3.6.1.4.1.2011.6.164.1.1.2.100.1.4.2175549460,OctetString,""""""
.1.3.6.1.4.1.2011.6.164.1.1.2.100.1.4.2176032009,OctetString,""""""
.1.3.6.1.4.1.2011.6.164.1.1.2.100.1.4.2176032011,OctetString,""""""
.1.3.6.1.4.1.2011.6.164.1.1.2.100.1.4.2176032013,OctetString,""""""
.1.3.6.1.4.1.2011.6.164.1.1.2.100.1.4.2176032014,OctetString,""""""
.1.3.6.1.4.1.2011.6.164.1.1.2.100.1.4.2176730155,OctetString,""""""
.1.3.6.1.4.1.2011.6.164.1.1.2.100.1.4.2178040875,OctetString,"""iDG - Communicate Fail"""
.1.3.6.1.4.1.2011.6.164.1.1.2.100.1.4.2178325869,OctetString,""""""
.1.3.6.1.4.1.2011.6.164.1.1.2.100.1.4.2178325870,OctetString,""""""
.1.3.6.1.4.1.2011.6.164.1.1.2.100.1.4.2178325871,OctetString,""""""
.1.3.6.1.4.1.2011.6.164.1.1.2.100.1.4.2178325872,OctetString,""""""
.1.3.6.1.4.1.2011.6.164.1.1.2.100.1.4.2178325873,OctetString,""""""
.1.3.6.1.4.1.2011.6.164.1.1.2.100.1.4.2178325874,OctetString,""""""
.1.3.6.1.4.1.2011.6.164.1.1.2.100.1.4.2178325875,OctetString,""""""
.1.3.6.1.4.1.2011.6.164.1.1.2.100.1.4.2178325876,OctetString,""""""
.1.3.6.1.4.1.2011.6.164.1.1.2.100.1.4.2178325877,OctetString,""""""
.1.3.6.1.4.1.2011.6.164.1.1.2.100.1.4.2178325878,OctetString,""""""
.1.3.6.1.4.1.2011.6.164.1.1.2.100.1.4.2178325879,OctetString,""""""
.1.3.6.1.4.1.2011.6.164.1.1.2.100.1.4.2178325880,OctetString,""""""
.1.3.6.1.4.1.2011.6.164.1.1.2.100.1.4.2178325881,OctetString,""""""
.1.3.6.1.4.1.2011.6.164.1.1.2.100.1.4.2178325882,OctetString,""""""
.1.3.6.1.4.1.2011.6.164.1.1.2.100.1.4.2178325883,OctetString,""""""
.1.3.6.1.4.1.2011.6.164.1.1.2.100.1.4.2178325884,OctetString,""""""
.1.3.6.1.4.1.2011.6.164.1.1.2.100.1.4.2178325885,OctetString,""""""
.1.3.6.1.4.1.2011.6.164.1.1.2.100.1.4.2178325886,OctetString,""""""
.1.3.6.1.4.1.2011.6.164.1.1.2.100.1.4.2178325887,OctetString,""""""
.1.3.6.1.4.1.2011.6.164.1.1.2.100.1.4.2178325888,OctetString,""""""
.1.3.6.1.4.1.2011.6.164.1.1.2.100.1.4.2178325889,OctetString,""""""
.1.3.6.1.4.1.2011.6.164.1.1.2.100.1.4.2178325890,OctetString,""""""
.1.3.6.1.4.1.2011.6.164.1.1.2.100.1.4.2178325891,OctetString,""""""
.1.3.6.1.4.1.2011.6.164.1.1.2.100.1.4.2178325892,OctetString,""""""
.1.3.6.1.4.1.2011.6.164.1.1.2.100.1.4.2178325893,OctetString,""""""
.1.3.6.1.4.1.2011.6.164.1.1.2.100.1.4.2178347656,OctetString,""""""
.1.3.6.1.4.1.2011.6.164.1.1.2.100.1.4.2178391455,OctetString,""""""
.1.3.6.1.4.1.2011.6.164.1.1.2.100.1.4.2179010264,OctetString,"""Communicate Fail"""
.1.3.6.1.4.1.2011.6.164.1.1.2.100.1.4.2179022849,OctetString,""""""
.1.3.6.1.4.1.2011.6.164.1.1.2.100.1.4.2179022865,OctetString,""""""
.1.3.6.1.4.1.2011.6.164.1.1.2.100.1.4.2179022866,OctetString,""""""
.1.3.6.1.4.1.2011.6.164.1.1.2.100.1.4.2179022867,OctetString,""""""
.1.3.6.1.4.1.2011.6.164.1.1.2.100.1.4.2179022868,OctetString,""""""
.1.3.6.1.4.1.2011.6.164.1.1.2.100.1.4.2179149936,OctetString,"""Communicate Fail"""
.1.3.6.1.4.1.2011.6.164.1.1.2.100.1.4.2179149937,OctetString,"""Hardware Fault"""
.1.3.6.1.4.1.2011.6.164.1.1.2.100.1.4.2179149951,OctetString,""""""
.1.3.6.1.4.1.2011.6.164.1.1.2.100.1.4.2179149952,OctetString,""""""
.1.3.6.1.4.1.2011.6.164.1.1.2.100.1.4.2179149953,OctetString,""""""
.1.3.6.1.4.1.2011.6.164.1.1.2.100.1.4.2179149954,OctetString,""""""
.1.3.6.1.4.1.2011.6.164.1.1.2.100.1.4.2179149966,OctetString,""""""
.1.3.6.1.4.1.2011.6.164.1.1.2.100.1.4.2179149967,OctetString,""""""
.1.3.6.1.4.1.2011.6.164.1.1.2.100.1.4.2179149968,OctetString,""""""
.1.3.6.1.4.1.2011.6.164.1.1.2.100.1.4.2179177998,OctetString,""""""
.1.3.6.1.4.1.2011.6.164.1.1.2.100.1.4.2179177999,OctetString,""""""
.1.3.6.1.4.1.2011.6.164.1.1.2.100.1.4.2179339731,OctetString,""""""
.1.3.6.1.4.1.2011.6.164.1.1.2.100.1.4.2179339996,OctetString,"""Communication Failure"""
.1.3.6.1.4.1.2011.6.164.1.1.2.100.1.4.2179374576,OctetString,""""""
.1.3.6.1.4.1.2011.6.164.1.1.2.100.1.4.2179374577,OctetString,""""""
.1.3.6.1.4.1.2011.6.164.1.1.2.100.1.4.2179374579,OctetString,""""""
.1.3.6.1.4.1.2011.6.164.1.1.2.100.1.4.2179374580,OctetString,""""""
.1.3.6.1.4.1.2011.6.164.1.1.2.100.1.4.2181121066,OctetString,""""""
.1.3.6.1.4.1.2011.6.164.1.1.2.100.1.4.2181121067,OctetString,"""WIM01C - Communicate Fail"""
.1.3.6.1.4.1.2011.6.164.1.1.2.100.1.4.2181309046,OctetString,""""""
.1.3.6.1.4.1.2011.6.164.1.1.2.100.1.4.2181337190,OctetString,""""""
.1.3.6.1.4.1.2011.6.164.1.1.2.100.1.4.2181337191,OctetString,""""""
.1.3.6.1.4.1.2011.6.164.1.1.2.100.1.4.2181337200,OctetString,""""""
.1.3.6.1.4.1.2011.6.164.1.1.2.100.1.4.2181337201,OctetString,""""""
.1.3.6.1.4.1.2011.6.164.1.1.2.100.1.4.2181388011,OctetString,""""""
.1.3.6.1.4.1.2011.6.164.1.1.2.100.1.4.2181388012,OctetString,""""""
.1.3.6.1.4.1.2011.6.164.1.1.2.100.1.4.2181388013,OctetString,""""""
.1.3.6.1.4.1.2011.6.164.1.1.2.100.1.4.2181388014,OctetString,""""""
.1.3.6.1.4.1.2011.6.164.1.1.2.100.1.4.2181388015,OctetString,""""""
.1.3.6.1.4.1.2011.6.164.1.1.2.100.1.4.2181395791,OctetString,""""""
.1.3.6.1.4.1.2011.6.164.1.1.2.100.1.4.2181395792,OctetString,""""""
.1.3.6.1.4.1.2011.6.164.1.1.2.100.1.4.2181395793,OctetString,""""""
.1.3.6.1.4.1.2011.6.164.1.1.2.100.1.4.2181395794,OctetString,""""""
.1.3.6.1.4.1.2011.6.164.1.1.2.100.1.4.2181395795,OctetString,""""""
.1.3.6.1.4.1.2011.6.164.1.1.2.100.1.4.2181395796,OctetString,""""""
.1.3.6.1.4.1.2011.6.164.1.1.2.100.1.4.2181402652,OctetString,""""""
.1.3.6.1.4.1.2011.6.164.1.1.2.100.1.4.2181402653,OctetString,""""""
.1.3.6.1.4.1.2011.6.164.1.1.2.100.1.4.2183528868,OctetString,"""DC SPD Fault"""
.1.3.6.1.4.1.2011.6.164.1.1.2.100.1.4.2183537270,OctetString,"""LLVD Disconnected"""
.1.3.6.1.4.1.2011.6.164.1.1.2.100.1.4.2183537272,OctetString,"""LLVD2 Warning"""
.1.3.6.1.4.1.2011.6.164.1.1.2.100.1.4.2183537273,OctetString,"""LLVD2 Disconnected"""
.1.3.6.1.4.1.2011.6.164.1.1.2.100.1.4.2183538548,OctetString,"""LLVD Warning"""
.1.3.6.1.4.1.2011.6.164.1.1.2.100.1.4.2183538600,OctetString,"""DC Over Voltage"""
.1.3.6.1.4.1.2011.6.164.1.1.2.100.1.4.2183538601,OctetString,"""DC Under Voltage"""
.1.3.6.1.4.1.2011.6.164.1.1.2.100.1.4.2183538602,OctetString,"""DC Ultra Over Voltage"""
.1.3.6.1.4.1.2011.6.164.1.1.2.100.1.4.2183538603,OctetString,"""DC Ultra Under Voltage"""
.1.3.6.1.4.1.2011.6.164.1.1.2.100.1.4.2183538617,OctetString,"""Load Fuse Broken"""
.1.3.6.1.4.1.2011.6.164.1.1.2.100.1.4.2183538618,OctetString,"""Load Fuse1 Broken"""
.1.3.6.1.4.1.2011.6.164.1.1.2.100.1.4.2183538619,OctetString,"""Load Fuse2 Broken"""
.1.3.6.1.4.1.2011.6.164.1.1.2.100.1.4.2183538620,OctetString,"""Load Fuse3 Broken"""
.1.3.6.1.4.1.2011.6.164.1.1.2.100.1.4.2183538621,OctetString,"""Load Fuse4 Broken"""
.1.3.6.1.4.1.2011.6.164.1.1.2.100.1.4.2183538623,OctetString,"""Load Fuse5 Broken"""
.1.3.6.1.4.1.2011.6.164.1.1.2.100.1.4.2183538624,OctetString,"""Load Fuse6 Broken"""
.1.3.6.1.4.1.2011.6.164.1.1.2.100.1.4.2183538625,OctetString,"""Load Fuse7 Broken"""
.1.3.6.1.4.1.2011.6.164.1.1.2.100.1.4.2183538626,OctetString,"""Load Fuse8 Broken"""
.1.3.6.1.4.1.2011.6.164.1.1.2.100.1.4.2183538627,OctetString,"""Load Fuse9 Broken"""
.1.3.6.1.4.1.2011.6.164.1.1.2.100.1.4.2183538628,OctetString,"""Load Fuse10 Broken"""
.1.3.6.1.4.1.2011.6.164.1.1.2.100.1.4.2183538629,OctetString,"""Load Fuse11 Broken"""
.1.3.6.1.4.1.2011.6.164.1.1.2.100.1.4.2183538630,OctetString,"""Load Fuse12 Broken"""
.1.3.6.1.4.1.2011.6.164.1.1.2.100.1.4.2183538631,OctetString,"""Load Fuse13 Broken"""
.1.3.6.1.4.1.2011.6.164.1.1.2.100.1.4.2183538632,OctetString,"""Load Fuse14 Broken"""
.1.3.6.1.4.1.2011.6.164.1.1.2.100.1.4.2183538633,OctetString,"""Load Fuse15 Broken"""
.1.3.6.1.4.1.2011.6.164.1.1.2.100.1.4.2183538634,OctetString,"""Load Fuse16 Broken"""
.1.3.6.1.4.1.2011.6.164.1.1.2.100.1.4.2183538635,OctetString,"""Load Fuse17 Broken"""
.1.3.6.1.4.1.2011.6.164.1.1.2.100.1.4.2183538636,OctetString,"""Load Fuse18 Broken"""
.1.3.6.1.4.1.2011.6.164.1.1.2.100.1.4.2183538637,OctetString,"""Load Fuse19 Broken"""
.1.3.6.1.4.1.2011.6.164.1.1.2.100.1.4.2183538638,OctetString,"""Load Fuse20 Broken"""
.1.3.6.1.4.1.2011.6.164.1.1.2.100.1.4.2183538639,OctetString,"""Load Fuse21 Broken"""
.1.3.6.1.4.1.2011.6.164.1.1.2.100.1.4.2183538640,OctetString,"""Load Fuse22 Broken"""
.1.3.6.1.4.1.2011.6.164.1.1.2.100.1.4.2183538641,OctetString,"""Load Fuse23 Broken"""
.1.3.6.1.4.1.2011.6.164.1.1.2.100.1.4.2183538672,OctetString,"""Breaker Trip Alarm"""
.1.3.6.1.4.1.2011.6.164.1.1.2.100.1.4.2183538711,OctetString,"""Load Breaker Trip"""
.1.3.6.1.4.1.2011.6.164.1.1.2.100.1.4.2183538713,OctetString,"""DCD Communication Failure"""
.1.3.6.1.4.1.2011.6.164.1.1.2.100.1.4.2183538744,OctetString,"""Power System Under Voltage"""
.1.3.6.1.4.1.2011.6.164.1.1.2.100.1.4.2183538745,OctetString,"""Power System Over Voltage"""
.1.3.6.1.4.1.2011.6.164.1.1.2.100.1.4.2183543704,OctetString,"""LLVD3 Warning"""
.1.3.6.1.4.1.2011.6.164.1.1.2.100.1.4.2183543705,OctetString,"""LLVD3 Disconnected"""
.1.3.6.1.4.1.2011.6.164.1.1.2.100.1.4.2183543708,OctetString,"""LLVD4 Warning"""
.1.3.6.1.4.1.2011.6.164.1.1.2.100.1.4.2183543709,OctetString,"""LLVD4 Disconnected"""
.1.3.6.1.4.1.2011.6.164.1.1.2.100.1.4.2183543719,OctetString,"""LLVD Forcibly Connected"""
.1.3.6.1.4.1.2011.6.164.1.1.2.100.1.4.2183543732,OctetString,"""LLVD1 Contactor Fault"""
.1.3.6.1.4.1.2011.6.164.1.1.2.100.1.4.2183543733,OctetString,"""LLVD2 Contactor Fault"""
.1.3.6.1.4.1.2011.6.164.1.1.2.100.1.4.2183543737,OctetString,"""User 1 Load Fuse Broken"""
.1.3.6.1.4.1.2011.6.164.1.1.2.100.1.4.2183543738,OctetString,"""User 2 Load Fuse Broken"""
.1.3.6.1.4.1.2011.6.164.1.1.2.100.1.4.2183543739,OctetString,"""User 3 Load Fuse Broken"""
.1.3.6.1.4.1.2011.6.164.1.1.2.100.1.4.2183543740,OctetString,"""User 4 Load Fuse Broken"""
.1.3.6.1.4.1.2011.6.164.1.1.2.100.1.4.2183543741,OctetString,"""User 5 Load Fuse Broken"""
.1.3.6.1.4.1.2011.6.164.1.1.2.100.1.4.2183543742,OctetString,"""User 6 Load Fuse Broken"""
.1.3.6.1.4.1.2011.6.164.1.1.2.100.1.4.2183543744,OctetString,""""""
.1.3.6.1.4.1.2011.6.164.1.1.2.100.1.4.2183543753,OctetString,"""External DU LF Break"""
.1.3.6.1.4.1.2011.6.164.1.1.2.100.1.4.2183543778,OctetString,"""LLVD Fail"""
.1.3.6.1.4.1.2011.6.164.1.1.2.100.1.4.2183543779,OctetString,"""LVD Disabled"""
.1.3.6.1.4.1.2011.6.164.1.1.2.100.1.4.2183549235,OctetString,"""LLVD Low Voltage Disconnected"""
.1.3.6.1.4.1.2011.6.164.1.1.2.100.1.4.2183549236,OctetString,"""LLVD Manual Disconnected"""
.1.3.6.1.4.1.2011.6.164.1.1.2.100.1.4.2183549237,OctetString,"""LLVD High Temperature Disconnected"""
.1.3.6.1.4.1.2011.6.164.1.1.2.100.1.4.2183549238,OctetString,"""LLVD Timed Disconnected"""
.1.3.6.1.4.1.2011.6.164.1.1.2.100.1.4.2183549241,OctetString,"""LLVD2 Low Voltage Disconnected"""
.1.3.6.1.4.1.2011.6.164.1.1.2.100.1.4.2183549242,OctetString,"""LLVD2 Manual Disconnected"""
.1.3.6.1.4.1.2011.6.164.1.1.2.100.1.4.2183549243,OctetString,"""LLVD2 High Temperature Disconnected"""
.1.3.6.1.4.1.2011.6.164.1.1.2.100.1.4.2183549244,OctetString,"""LLVD2 Timed Disconnected"""
.1.3.6.1.4.1.2011.6.164.1.1.2.100.1.4.2183549246,OctetString,"""LLVD3 Low Voltage Disconnected"""
.1.3.6.1.4.1.2011.6.164.1.1.2.100.1.4.2183549247,OctetString,"""LLVD3 Manual Disconnected"""
.1.3.6.1.4.1.2011.6.164.1.1.2.100.1.4.2183549248,OctetString,"""LLVD3 High Temperature Disconnected"""
.1.3.6.1.4.1.2011.6.164.1.1.2.100.1.4.2183549249,OctetString,"""LLVD3 Timed Disconnected"""
.1.3.6.1.4.1.2011.6.164.1.1.2.100.1.4.2183549251,OctetString,"""LLVD4 Low Voltage Disconnected"""
.1.3.6.1.4.1.2011.6.164.1.1.2.100.1.4.2183549252,OctetString,"""LLVD4 Manual Disconnected"""
.1.3.6.1.4.1.2011.6.164.1.1.2.100.1.4.2183549253,OctetString,"""LLVD4 High Temperature Disconnected"""
.1.3.6.1.4.1.2011.6.164.1.1.2.100.1.4.2183549254,OctetString,"""LLVD4 Timed Disconnected"""
.1.3.6.1.4.1.2011.6.164.1.1.2.100.1.4.2183589908,OctetString,"""LLVD Disconnected"""
.1.3.6.1.4.1.2011.6.164.1.1.2.100.1.4.2183589909,OctetString,"""LLVD2 Disconnected"""
.1.3.6.1.4.1.2011.6.164.1.1.2.100.1.4.2183589910,OctetString,"""LLVD3 Disconnected"""
.1.3.6.1.4.1.2011.6.164.1.1.2.100.1.4.2183589911,OctetString,"""LLVD4 Disconnected"""
.1.3.6.1.4.1.2011.6.164.1.1.2.100.1.4.2183589912,OctetString,"""LLVD Time Disconnected"""
.1.3.6.1.4.1.2011.6.164.1.1.2.100.1.4.2183589913,OctetString,"""LLVD Maintenance Disconnected"""
.1.3.6.1.4.1.2011.6.164.1.1.2.100.1.4.2183589914,OctetString,"""LLVD2 Time Disconnected"""
.1.3.6.1.4.1.2011.6.164.1.1.2.100.1.4.2183589915,OctetString,"""LLVD2 Maintenance Disconnected"""
.1.3.6.1.4.1.2011.6.164.1.1.2.100.1.4.2183589916,OctetString,"""LLVD3 Time Disconnected"""
.1.3.6.1.4.1.2011.6.164.1.1.2.100.1.4.2183589917,OctetString,"""LLVD3 Maintenance Disconnected"""
.1.3.6.1.4.1.2011.6.164.1.1.2.100.1.4.2183589918,OctetString,"""LLVD4 Time Disconnected"""
.1.3.6.1.4.1.2011.6.164.1.1.2.100.1.4.2183589919,OctetString,"""LLVD4 Maintenance Disconnected"""
.1.3.6.1.4.1.2011.6.164.1.1.2.100.1.4.2183590015,OctetString,"""Total Load Over Current"""
.1.3.6.1.4.1.2011.6.164.1.1.2.100.1.4.2183590040,OctetString,"""LLVD1 Peak Shaving Disconnected"""
.1.3.6.1.4.1.2011.6.164.1.1.2.100.1.4.2183590041,OctetString,"""LLVD2 Peak Shaving Disconnected"""
.1.3.6.1.4.1.2011.6.164.1.1.2.100.1.4.2183590042,OctetString,"""LLVD3 Peak Shaving Disconnected"""
.1.3.6.1.4.1.2011.6.164.1.1.2.100.1.4.2183590043,OctetString,"""LLVD4 Peak Shaving Disconnected"""
.1.3.6.1.4.1.2011.6.164.1.1.2.100.1.4.2183590044,OctetString,"""LLVD1 DIN Disconnected"""
.1.3.6.1.4.1.2011.6.164.1.1.2.100.1.4.2183590045,OctetString,"""LLVD2 DIN Disconnected"""
.1.3.6.1.4.1.2011.6.164.1.1.2.100.1.4.2183590046,OctetString,"""LLVD3 DIN Disconnected"""
.1.3.6.1.4.1.2011.6.164.1.1.2.100.1.4.2183590047,OctetString,"""LLVD4 DIN Disconnected"""
.1.3.6.1.4.1.2011.6.164.1.1.2.100.1.4.2183590109,OctetString,"""DC Power Input Fuse Broken"""
.1.3.6.1.4.1.2011.6.164.1.1.2.100.1.4.2183590111,OctetString,"""Load Fuse24 Broken"""
.1.3.6.1.4.1.2011.6.164.1.1.2.100.1.4.2183590112,OctetString,"""Load Fuse25 Broken"""
.1.3.6.1.4.1.2011.6.164.1.1.2.100.1.4.2183590113,OctetString,"""Load Fuse26 Broken"""
.1.3.6.1.4.1.2011.6.164.1.1.2.100.1.4.2183590114,OctetString,"""Load Fuse27 Broken"""
.1.3.6.1.4.1.2011.6.164.1.1.2.100.1.4.2183590115,OctetString,"""Load Fuse28 Broken"""
.1.3.6.1.4.1.2011.6.164.1.1.2.100.1.4.2183590116,OctetString,"""Load Fuse29 Broken"""
.1.3.6.1.4.1.2011.6.164.1.1.2.100.1.4.2183590117,OctetString,"""Load Fuse30 Broken"""
.1.3.6.1.4.1.2011.6.164.1.1.2.100.1.4.2183590118,OctetString,"""Load Fuse31 Broken"""
.1.3.6.1.4.1.2011.6.164.1.1.2.100.1.4.2183590119,OctetString,"""Load Fuse32 Broken"""
.1.3.6.1.4.1.2011.6.164.1.1.2.100.1.4.2183590120,OctetString,"""Load Fuse33 Broken"""
.1.3.6.1.4.1.2011.6.164.1.1.2.100.1.4.2183590121,OctetString,"""Load Fuse34 Broken"""
.1.3.6.1.4.1.2011.6.164.1.1.2.100.1.4.2183590122,OctetString,"""Load Fuse35 Broken"""
.1.3.6.1.4.1.2011.6.164.1.1.2.100.1.4.2183590123,OctetString,"""Load Fuse36 Broken"""
.1.3.6.1.4.1.2011.6.164.1.1.2.100.1.4.2183590124,OctetString,"""Load Fuse37 Broken"""
.1.3.6.1.4.1.2011.6.164.1.1.2.100.1.4.2183590125,OctetString,"""Load Fuse38 Broken"""
.1.3.6.1.4.1.2011.6.164.1.1.2.100.1.4.2183590126,OctetString,"""Load Fuse39 Broken"""
.1.3.6.1.4.1.2011.6.164.1.1.2.100.1.4.2183590127,OctetString,"""Load Fuse40 Broken"""
.1.3.6.1.4.1.2011.6.164.1.1.2.100.1.4.2183590128,OctetString,"""Load Fuse41 Broken"""
.1.3.6.1.4.1.2011.6.164.1.1.2.100.1.4.2183590129,OctetString,"""Load Fuse42 Broken"""
.1.3.6.1.4.1.2011.6.164.1.1.2.100.1.4.2183590130,OctetString,"""Load1 Over Current"""
.1.3.6.1.4.1.2011.6.164.1.1.2.100.1.4.2183590131,OctetString,"""Load2 Over Current"""
.1.3.6.1.4.1.2011.6.164.1.1.2.100.1.4.2183590132,OctetString,"""Load3 Over Current"""
.1.3.6.1.4.1.2011.6.164.1.1.2.100.1.4.2183590133,OctetString,"""Load4 Over Current"""
.1.3.6.1.4.1.2011.6.164.1.1.2.100.1.4.2183590134,OctetString,"""Load5 Over Current"""
.1.3.6.1.4.1.2011.6.164.1.1.2.100.1.4.2183590135,OctetString,"""Load6 Over Current"""
.1.3.6.1.4.1.2011.6.164.1.1.2.100.1.4.2183590136,OctetString,"""Load7 Over Current"""
.1.3.6.1.4.1.2011.6.164.1.1.2.100.1.4.2183590137,OctetString,"""Load8 Over Current"""
.1.3.6.1.4.1.2011.6.164.1.1.2.100.1.4.2183590138,OctetString,"""Load9 Over Current"""
.1.3.6.1.4.1.2011.6.164.1.1.2.100.1.4.2183590139,OctetString,"""Load10 Over Current"""
.1.3.6.1.4.1.2011.6.164.1.1.2.100.1.4.2183590140,OctetString,"""Load11 Over Current"""
.1.3.6.1.4.1.2011.6.164.1.1.2.100.1.4.2183590141,OctetString,"""Load12 Over Current"""
.1.3.6.1.4.1.2011.6.164.1.1.2.100.1.4.2183590142,OctetString,"""Load13 Over Current"""
.1.3.6.1.4.1.2011.6.164.1.1.2.100.1.4.2183590143,OctetString,"""Load14 Over Current"""
.1.3.6.1.4.1.2011.6.164.1.1.2.100.1.4.2183590144,OctetString,"""Load15 Over Current"""
.1.3.6.1.4.1.2011.6.164.1.1.2.100.1.4.2183590145,OctetString,"""Load16 Over Current"""
.1.3.6.1.4.1.2011.6.164.1.1.2.100.1.4.2183590146,OctetString,"""Load17 Over Current"""
.1.3.6.1.4.1.2011.6.164.1.1.2.100.1.4.2183590147,OctetString,"""Load18 Over Current"""
.1.3.6.1.4.1.2011.6.164.1.1.2.100.1.4.2183590148,OctetString,"""Load19 Over Current"""
.1.3.6.1.4.1.2011.6.164.1.1.2.100.1.4.2183590149,OctetString,"""Load20 Over Current"""
.1.3.6.1.4.1.2011.6.164.1.1.2.100.1.4.2183590150,OctetString,"""Load21 Over Current"""
.1.3.6.1.4.1.2011.6.164.1.1.2.100.1.4.2183590151,OctetString,"""Load22 Over Current"""
.1.3.6.1.4.1.2011.6.164.1.1.2.100.1.4.2183590152,OctetString,"""Load23 Over Current"""
.1.3.6.1.4.1.2011.6.164.1.1.2.100.1.4.2183590153,OctetString,"""Load24 Over Current"""
.1.3.6.1.4.1.2011.6.164.1.1.2.100.1.4.2183590154,OctetString,"""Load25 Over Current"""
.1.3.6.1.4.1.2011.6.164.1.1.2.100.1.4.2183590155,OctetString,"""Load26 Over Current"""
.1.3.6.1.4.1.2011.6.164.1.1.2.100.1.4.2183590156,OctetString,"""Load27 Over Current"""
.1.3.6.1.4.1.2011.6.164.1.1.2.100.1.4.2183590157,OctetString,"""Load28 Over Current"""
.1.3.6.1.4.1.2011.6.164.1.1.2.100.1.4.2183590158,OctetString,"""Load29 Over Current"""
.1.3.6.1.4.1.2011.6.164.1.1.2.100.1.4.2183590159,OctetString,"""Load30 Over Current"""
.1.3.6.1.4.1.2011.6.164.1.1.2.100.1.4.2183590169,OctetString,""""""
.1.3.6.1.4.1.2011.6.164.1.1.2.100.1.4.2183590170,OctetString,""""""
.1.3.6.1.4.1.2011.6.164.1.1.2.100.1.4.2184249452,OctetString,"""AC SPD Fault"""
.1.3.6.1.4.1.2011.6.164.1.1.2.100.1.4.2184250894,OctetString,"""AC Failure"""
.1.3.6.1.4.1.2011.6.164.1.1.2.100.1.4.2184250896,OctetString,"""Over AC Voltage"""
.1.3.6.1.4.1.2011.6.164.1.1.2.100.1.4.2184250897,OctetString,"""Under AC Voltage"""
.1.3.6.1.4.1.2011.6.164.1.1.2.100.1.4.2184250899,OctetString,"""Phase L1 Over Voltage"""
.1.3.6.1.4.1.2011.6.164.1.1.2.100.1.4.2184250900,OctetString,"""Phase L2 Over Voltage"""
.1.3.6.1.4.1.2011.6.164.1.1.2.100.1.4.2184250901,OctetString,"""Phase L3 Over Voltage"""
.1.3.6.1.4.1.2011.6.164.1.1.2.100.1.4.2184250902,OctetString,"""Phase L1 Under Voltage"""
.1.3.6.1.4.1.2011.6.164.1.1.2.100.1.4.2184250903,OctetString,"""Phase L2 Under Voltage"""
.1.3.6.1.4.1.2011.6.164.1.1.2.100.1.4.2184250904,OctetString,"""Phase L3 Under Voltage"""
.1.3.6.1.4.1.2011.6.164.1.1.2.100.1.4.2184250911,OctetString,"""Phase L1 Failure"""
.1.3.6.1.4.1.2011.6.164.1.1.2.100.1.4.2184250912,OctetString,"""Phase L2 Failure"""
.1.3.6.1.4.1.2011.6.164.1.1.2.100.1.4.2184250913,OctetString,"""Phase L3 Failure"""
.1.3.6.1.4.1.2011.6.164.1.1.2.100.1.4.2184259556,OctetString,"""Long AC Failure"""
.1.3.6.1.4.1.2011.6.164.1.1.2.100.1.4.2184259608,OctetString,"""Main AC Breaker Trip"""
.1.3.6.1.4.1.2011.6.164.1.1.2.100.1.4.2184259614,OctetString,"""L1-L2 Over Voltage"""
.1.3.6.1.4.1.2011.6.164.1.1.2.100.1.4.2184259615,OctetString,"""L2-L3 Over Voltage"""
.1.3.6.1.4.1.2011.6.164.1.1.2.100.1.4.2184259616,OctetString,"""L3-L1 Over Voltage"""
.1.3.6.1.4.1.2011.6.164.1.1.2.100.1.4.2184259617,OctetString,"""L1-L2 Under Voltage"""
.1.3.6.1.4.1.2011.6.164.1.1.2.100.1.4.2184259618,OctetString,"""L2-L3 Under Voltage"""
.1.3.6.1.4.1.2011.6.164.1.1.2.100.1.4.2184259619,OctetString,"""L3-L1 Under Voltage"""
.1.3.6.1.4.1.2011.6.164.1.1.2.100.1.4.2184264616,OctetString,"""AC Charge Abnormal"""
.1.3.6.1.4.1.2011.6.164.1.1.2.100.1.4.2184264626,OctetString,""""""
.1.3.6.1.4.1.2011.6.164.1.1.2.100.1.4.2184310902,OctetString,"""Over AC Frequency"""
.1.3.6.1.4.1.2011.6.164.1.1.2.100.1.4.2184310903,OctetString,"""Under AC Frequency"""
.1.3.6.1.4.1.2011.6.164.1.1.2.100.1.4.2184310983,OctetString,"""AC SPD2 Fault"""
.1.3.6.1.4.1.2011.6.164.1.1.2.100.1.4.2184311186,OctetString,""""""
.1.3.6.1.4.1.2011.6.164.1.1.2.100.1.4.2184537702,OctetString,""""""
.1.3.6.1.4.1.2011.6.164.1.1.2.100.1.4.2184537703,OctetString,""""""
.1.3.6.1.4.1.2011.6.164.1.1.2.100.1.4.2184537704,OctetString,""""""
.1.3.6.1.4.1.2011.6.164.1.1.2.100.1.4.2184537705,OctetString,""""""
.1.3.6.1.4.1.2011.6.164.1.1.2.100.1.4.2184537712,OctetString,""""""
.1.3.6.1.4.1.2011.6.164.1.1.2.100.1.4.2184537713,OctetString,""""""
.1.3.6.1.4.1.2011.6.164.1.1.2.100.1.4.2184537714,OctetString,""""""
.1.3.6.1.4.1.2011.6.164.1.1.2.100.1.4.2184537715,OctetString,""""""
.1.3.6.1.4.1.2011.6.164.1.1.2.100.1.4.2184537716,OctetString,""""""
.1.3.6.1.4.1.2011.6.164.1.1.2.100.1.4.2184537717,OctetString,""""""
.1.3.6.1.4.1.2011.6.164.1.1.2.100.1.4.2184537718,OctetString,""""""
.1.3.6.1.4.1.2011.6.164.1.1.2.100.1.4.2184537719,OctetString,""""""
.1.3.6.1.4.1.2011.6.164.1.1.2.100.1.4.2184537720,OctetString,""""""
.1.3.6.1.4.1.2011.6.164.1.1.2.100.1.4.2184537721,OctetString,""""""
.1.3.6.1.4.1.2011.6.164.1.1.2.100.1.4.2184537728,OctetString,""""""
.1.3.6.1.4.1.2011.6.164.1.1.2.100.1.4.2184537729,OctetString,""""""
.1.3.6.1.4.1.2011.6.164.1.1.2.100.1.4.2184537730,OctetString,""""""
.1.3.6.1.4.1.2011.6.164.1.1.2.100.1.4.2184537731,OctetString,""""""
.1.3.6.1.4.1.2011.6.164.1.1.2.100.1.4.2184537732,OctetString,""""""
.1.3.6.1.4.1.2011.6.164.1.1.2.100.1.4.2184537733,OctetString,""""""
.1.3.6.1.4.1.2011.6.164.1.1.2.100.1.4.2184537734,OctetString,""""""
.1.3.6.1.4.1.2011.6.164.1.1.2.100.1.4.2184537735,OctetString,""""""
.1.3.6.1.4.1.2011.6.164.1.1.2.100.1.4.2184537736,OctetString,""""""
.1.3.6.1.4.1.2011.6.164.1.1.2.100.1.4.2184537737,OctetString,""""""
.1.3.6.1.4.1.2011.6.164.1.1.2.100.1.4.2184537744,OctetString,""""""
.1.3.6.1.4.1.2011.6.164.1.1.2.100.1.4.2184537745,OctetString,""""""
.1.3.6.1.4.1.2011.6.164.1.1.2.100.1.4.2184537746,OctetString,""""""
.1.3.6.1.4.1.2011.6.164.1.1.2.100.1.4.2184537747,OctetString,""""""
.1.3.6.1.4.1.2011.6.164.1.1.2.100.1.4.2184537748,OctetString,""""""
.1.3.6.1.4.1.2011.6.164.1.1.2.100.1.4.2184537749,OctetString,""""""
.1.3.6.1.4.1.2011.6.164.1.1.2.100.1.4.2184537750,OctetString,""""""
.1.3.6.1.4.1.2011.6.164.1.1.2.100.1.4.2184537751,OctetString,""""""
.1.3.6.1.4.1.2011.6.164.1.1.2.100.1.4.2184537752,OctetString,""""""
.1.3.6.1.4.1.2011.6.164.1.1.2.100.1.4.2184537753,OctetString,""""""
.1.3.6.1.4.1.2011.6.164.1.1.2.100.1.4.2184537856,OctetString,""""""
.1.3.6.1.4.1.2011.6.164.1.1.2.100.1.4.2184537857,OctetString,""""""
.1.3.6.1.4.1.2011.6.164.1.1.2.100.1.4.2184537858,OctetString,""""""
.1.3.6.1.4.1.2011.6.164.1.1.2.100.1.4.2184537859,OctetString,""""""
.1.3.6.1.4.1.2011.6.164.1.1.2.100.1.4.2184537860,OctetString,""""""
.1.3.6.1.4.1.2011.6.164.1.1.2.100.1.4.2184537861,OctetString,""""""
.1.3.6.1.4.1.2011.6.164.1.1.2.100.1.4.2184537862,OctetString,""""""
.1.3.6.1.4.1.2011.6.164.1.1.2.100.1.4.2184537863,OctetString,""""""
.1.3.6.1.4.1.2011.6.164.1.1.2.100.1.4.2184537864,OctetString,""""""
.1.3.6.1.4.1.2011.6.164.1.1.2.100.1.4.2184537865,OctetString,""""""
.1.3.6.1.4.1.2011.6.164.1.1.2.100.1.4.2184537872,OctetString,""""""
.1.3.6.1.4.1.2011.6.164.1.1.2.100.1.4.2184537873,OctetString,""""""
.1.3.6.1.4.1.2011.6.164.1.1.2.100.1.4.2184537874,OctetString,""""""
.1.3.6.1.4.1.2011.6.164.1.1.2.100.1.4.2184537875,OctetString,""""""
.1.3.6.1.4.1.2011.6.164.1.1.2.100.1.4.2184537876,OctetString,""""""
.1.3.6.1.4.1.2011.6.164.1.1.2.100.1.4.2184537877,OctetString,""""""
.1.3.6.1.4.1.2011.6.164.1.1.2.100.1.4.2184537878,OctetString,""""""
.1.3.6.1.4.1.2011.6.164.1.1.2.100.1.4.2184537879,OctetString,""""""
.1.3.6.1.4.1.2011.6.164.1.1.2.100.1.4.2184537880,OctetString,""""""
.1.3.6.1.4.1.2011.6.164.1.1.2.100.1.4.2184537881,OctetString,""""""
.1.3.6.1.4.1.2011.6.164.1.1.2.100.1.4.2184537888,OctetString,""""""
.1.3.6.1.4.1.2011.6.164.1.1.2.100.1.4.2184537889,OctetString,""""""
.1.3.6.1.4.1.2011.6.164.1.1.2.100.1.4.2184537890,OctetString,""""""
.1.3.6.1.4.1.2011.6.164.1.1.2.100.1.4.2184537891,OctetString,""""""
.1.3.6.1.4.1.2011.6.164.1.1.2.100.1.4.2184537892,OctetString,""""""
.1.3.6.1.4.1.2011.6.164.1.1.2.100.1.4.2184537893,OctetString,""""""
.1.3.6.1.4.1.2011.6.164.1.1.2.100.1.4.2184537894,OctetString,""""""
.1.3.6.1.4.1.2011.6.164.1.1.2.100.1.4.2184537895,OctetString,""""""
.1.3.6.1.4.1.2011.6.164.1.1.2.100.1.4.2184537896,OctetString,""""""
.1.3.6.1.4.1.2011.6.164.1.1.2.100.1.4.2184537897,OctetString,""""""
.1.3.6.1.4.1.2011.6.164.1.1.2.100.1.4.2184537904,OctetString,""""""
.1.3.6.1.4.1.2011.6.164.1.1.2.100.1.4.2184537905,OctetString,""""""
.1.3.6.1.4.1.2011.6.164.1.1.2.100.1.4.2184537906,OctetString,""""""
.1.3.6.1.4.1.2011.6.164.1.1.2.100.1.4.2184537907,OctetString,""""""
.1.3.6.1.4.1.2011.6.164.1.1.2.100.1.4.2184537908,OctetString,""""""
.1.3.6.1.4.1.2011.6.164.1.1.2.100.1.4.2184537909,OctetString,""""""
.1.3.6.1.4.1.2011.6.164.1.1.2.100.1.4.2184537910,OctetString,""""""
.1.3.6.1.4.1.2011.6.164.1.1.2.100.1.4.2184537911,OctetString,""""""
.1.3.6.1.4.1.2011.6.164.1.1.2.100.1.4.2184537912,OctetString,""""""
.1.3.6.1.4.1.2011.6.164.1.1.2.100.1.4.2184537913,OctetString,""""""
.1.3.6.1.4.1.2011.6.164.1.1.2.100.1.4.2184537920,OctetString,""""""
.1.3.6.1.4.1.2011.6.164.1.1.2.100.1.4.2184537921,OctetString,""""""
.1.3.6.1.4.1.2011.6.164.1.1.2.100.1.4.2184537922,OctetString,""""""
.1.3.6.1.4.1.2011.6.164.1.1.2.100.1.4.2184537923,OctetString,""""""
.1.3.6.1.4.1.2011.6.164.1.1.2.100.1.4.2184537924,OctetString,""""""
.1.3.6.1.4.1.2011.6.164.1.1.2.100.1.4.2184537925,OctetString,""""""
.1.3.6.1.4.1.2011.6.164.1.1.2.100.1.4.2184537926,OctetString,""""""
.1.3.6.1.4.1.2011.6.164.1.1.2.100.1.4.2184537927,OctetString,""""""
.1.3.6.1.4.1.2011.6.164.1.1.2.100.1.4.2184537928,OctetString,""""""
.1.3.6.1.4.1.2011.6.164.1.1.2.100.1.4.2184537929,OctetString,""""""
.1.3.6.1.4.1.2011.6.164.1.1.2.100.1.4.2184537936,OctetString,""""""
.1.3.6.1.4.1.2011.6.164.1.1.2.100.1.4.2184537937,OctetString,""""""
.1.3.6.1.4.1.2011.6.164.1.1.2.100.1.4.2184537938,OctetString,""""""
.1.3.6.1.4.1.2011.6.164.1.1.2.100.1.4.2184537939,OctetString,""""""
.1.3.6.1.4.1.2011.6.164.1.1.2.100.1.4.2184537940,OctetString,""""""
.1.3.6.1.4.1.2011.6.164.1.1.2.100.1.4.2184537941,OctetString,""""""
.1.3.6.1.4.1.2011.6.164.1.1.2.100.1.4.2184537942,OctetString,""""""
.1.3.6.1.4.1.2011.6.164.1.1.2.100.1.4.2184537943,OctetString,""""""
.1.3.6.1.4.1.2011.6.164.1.1.2.100.1.4.2184537944,OctetString,""""""
.1.3.6.1.4.1.2011.6.164.1.1.2.100.1.4.2184537945,OctetString,""""""
.1.3.6.1.4.1.2011.6.164.1.1.2.100.1.4.2184537952,OctetString,""""""
.1.3.6.1.4.1.2011.6.164.1.1.2.100.1.4.2184537953,OctetString,""""""
.1.3.6.1.4.1.2011.6.164.1.1.2.100.1.4.2184537954,OctetString,""""""
.1.3.6.1.4.1.2011.6.164.1.1.2.100.1.4.2184537955,OctetString,""""""
.1.3.6.1.4.1.2011.6.164.1.1.2.100.1.4.2184537956,OctetString,""""""
.1.3.6.1.4.1.2011.6.164.1.1.2.100.1.4.2184537957,OctetString,""""""
.1.3.6.1.4.1.2011.6.164.1.1.2.100.1.4.2184537958,OctetString,""""""
.1.3.6.1.4.1.2011.6.164.1.1.2.100.1.4.2184537960,OctetString,""""""
.1.3.6.1.4.1.2011.6.164.1.1.2.100.1.4.2184537961,OctetString,""""""
.1.3.6.1.4.1.2011.6.164.1.1.2.100.1.4.2184537968,OctetString,""""""
.1.3.6.1.4.1.2011.6.164.1.1.2.100.1.4.2184537970,OctetString,""""""
.1.3.6.1.4.1.2011.6.164.1.1.2.100.1.4.2184537971,OctetString,""""""
.1.3.6.1.4.1.2011.6.164.1.1.2.100.1.4.2184537972,OctetString,""""""
.1.3.6.1.4.1.2011.6.164.1.1.2.100.1.4.2184537974,OctetString,""""""
.1.3.6.1.4.1.2011.6.164.1.1.2.100.1.4.2184537975,OctetString,""""""
.1.3.6.1.4.1.2011.6.164.1.1.2.100.1.4.2184537976,OctetString,""""""
.1.3.6.1.4.1.2011.6.164.1.1.2.100.1.4.2184537977,OctetString,""""""
.1.3.6.1.4.1.2011.6.164.1.1.2.100.1.4.2184537984,OctetString,""""""
.1.3.6.1.4.1.2011.6.164.1.1.2.100.1.4.2184537985,OctetString,""""""
.1.3.6.1.4.1.2011.6.164.1.1.2.100.1.4.2184537986,OctetString,""""""
.1.3.6.1.4.1.2011.6.164.1.1.2.100.1.4.2184537987,OctetString,""""""
.1.3.6.1.4.1.2011.6.164.1.1.2.100.1.4.2184537988,OctetString,""""""
.1.3.6.1.4.1.2011.6.164.1.1.2.100.1.4.2184537989,OctetString,""""""
.1.3.6.1.4.1.2011.6.164.1.1.2.100.1.4.2184728039,OctetString,""""""
.1.3.6.1.4.1.2011.6.164.1.1.2.100.1.4.2184728067,OctetString,""""""
.1.3.6.1.4.1.2011.6.164.1.1.2.100.1.4.2184728068,OctetString,""""""
.1.3.6.1.4.1.2011.6.164.1.1.2.100.1.4.2184728074,OctetString,""""""
.1.3.6.1.4.1.2011.6.164.1.1.2.100.1.4.2184728077,OctetString,""""""
.1.3.6.1.4.1.2011.6.164.1.1.2.100.1.4.2184728085,OctetString,""""""
.1.3.6.1.4.1.2011.6.164.1.1.2.100.1.4.2184728088,OctetString,""""""
.1.3.6.1.4.1.2011.6.164.1.1.2.100.1.4.2184728089,OctetString,""""""
.1.3.6.1.4.1.2011.6.164.1.1.2.100.1.4.2184728091,OctetString,""""""
.1.3.6.1.4.1.2011.6.164.1.1.2.100.1.4.2184728092,OctetString,""""""
.1.3.6.1.4.1.2011.6.164.1.1.2.100.1.4.2184728093,OctetString,""""""
.1.3.6.1.4.1.2011.6.164.1.1.2.100.1.4.2184769656,OctetString,""""""
.1.3.6.1.4.1.2011.6.164.1.1.2.100.1.4.2185490496,OctetString,""""""
.1.3.6.1.4.1.2011.6.164.1.1.2.100.1.4.2185490497,OctetString,""""""
.1.3.6.1.4.1.2011.6.164.1.1.2.100.1.4.2185490498,OctetString,""""""
.1.3.6.1.4.1.2011.6.164.1.1.2.100.1.4.2185556006,OctetString,""""""
.1.3.6.1.4.1.2011.6.164.1.1.2.100.1.4.2185556007,OctetString,""""""
.1.3.6.1.4.1.2011.6.164.1.1.2.100.1.4.2185556008,OctetString,""""""
.1.3.6.1.4.1.2011.6.164.1.1.2.100.1.4.2185556009,OctetString,""""""
.1.3.6.1.4.1.2011.6.164.1.1.2.100.1.4.2185556010,OctetString,""""""
.1.3.6.1.4.1.2011.6.164.1.1.2.100.1.4.2185556011,OctetString,""""""
.1.3.6.1.4.1.2011.6.164.1.1.2.100.1.4.2185556012,OctetString,""""""
.1.3.6.1.4.1.2011.6.164.1.1.2.100.1.4.2185556013,OctetString,""""""
.1.3.6.1.4.1.2011.6.164.1.1.2.100.1.4.2185556014,OctetString,""""""
.1.3.6.1.4.1.2011.6.164.1.1.2.100.1.4.2185556015,OctetString,""""""
.1.3.6.1.4.1.2011.6.164.1.1.2.100.1.4.2185556016,OctetString,""""""
.1.3.6.1.4.1.2011.6.164.1.1.2.100.1.4.2185556017,OctetString,""""""
.1.3.6.1.4.1.2011.6.164.1.1.2.100.1.4.2185556018,OctetString,""""""
.1.3.6.1.4.1.2011.6.164.1.1.2.100.1.4.2185556019,OctetString,""""""
.1.3.6.1.4.1.2011.6.164.1.1.2.100.1.4.2185556020,OctetString,""""""
.1.3.6.1.4.1.2011.6.164.1.1.2.100.1.4.2185556021,OctetString,""""""
.1.3.6.1.4.1.2011.6.164.1.1.2.100.1.4.2185556022,OctetString,""""""
.1.3.6.1.4.1.2011.6.164.1.1.2.100.1.4.2185556023,OctetString,""""""
.1.3.6.1.4.1.2011.6.164.1.1.2.100.1.4.2185556024,OctetString,""""""
.1.3.6.1.4.1.2011.6.164.1.1.2.100.1.4.2185556025,OctetString,""""""
.1.3.6.1.4.1.2011.6.164.1.1.2.100.1.4.2185556026,OctetString,""""""
.1.3.6.1.4.1.2011.6.164.1.1.2.100.1.4.2185556027,OctetString,""""""
.1.3.6.1.4.1.2011.6.164.1.1.2.100.1.4.2185556028,OctetString,""""""
.1.3.6.1.4.1.2011.6.164.1.1.2.100.1.4.2185556029,OctetString,""""""
.1.3.6.1.4.1.2011.6.164.1.1.2.100.1.4.2185556030,OctetString,""""""
.1.3.6.1.4.1.2011.6.164.1.1.2.100.1.4.2185556103,OctetString,""""""
.1.3.6.1.4.1.2011.6.164.1.1.2.100.1.4.2185556104,OctetString,""""""
.1.3.6.1.4.1.2011.6.164.1.1.2.100.1.4.2185897913,OctetString,""""""
.1.3.6.1.4.1.2011.6.164.1.1.2.100.1.4.2185903028,OctetString,""""""
.1.3.6.1.4.1.2011.6.164.1.1.2.100.1.4.2185903029,OctetString,""""""
.1.3.6.1.4.1.2011.6.164.1.1.2.100.1.4.2185949204,OctetString,""""""
.1.3.6.1.4.1.2011.6.164.1.1.2.100.1.4.2185949205,OctetString,""""""
.1.3.6.1.4.1.2011.6.164.1.1.2.100.1.4.2185949311,OctetString,""""""
.1.3.6.1.4.1.2011.6.164.1.1.2.100.1.4.2185949341,OctetString,""""""
.1.3.6.1.4.1.2011.6.164.1.1.2.100.1.4.2185949342,OctetString,""""""
.1.3.6.1.4.1.2011.6.164.1.1.2.100.1.4.2185949343,OctetString,""""""
.1.3.6.1.4.1.2011.6.164.1.1.2.100.1.4.2185949348,OctetString,""""""
.1.3.6.1.4.1.2011.6.164.1.1.2.100.1.4.2186625026,OctetString,""""""
.1.3.6.1.4.1.2011.6.164.1.1.2.100.1.4.2186675778,OctetString,""""""
.1.3.6.1.4.1.2011.6.164.1.1.2.100.1.4.2186675779,OctetString,""""""
.1.3.6.1.4.1.2011.6.164.1.1.2.100.1.4.2186675780,OctetString,""""""
.1.3.6.1.4.1.2011.6.164.1.1.2.100.1.4.2186675783,OctetString,""""""
.1.3.6.1.4.1.2011.6.164.1.1.2.100.1.4.2187011257,OctetString,""""""
.1.3.6.1.4.1.2011.6.164.1.1.2.100.1.4.2187981083,OctetString,""""""
.1.3.6.1.4.1.2011.6.164.1.1.2.100.1.4.2187981084,OctetString,""""""
.1.3.6.1.4.1.2011.6.164.1.1.2.100.1.4.2187981085,OctetString,""""""
.1.3.6.1.4.1.2011.6.164.1.1.2.100.1.4.2187981086,OctetString,""""""
.1.3.6.1.4.1.2011.6.164.1.1.2.100.1.4.2187981087,OctetString,""""""
.1.3.6.1.4.1.2011.6.164.1.1.2.100.1.4.2187981088,OctetString,""""""
.1.3.6.1.4.1.2011.6.164.1.1.2.100.1.4.2187981089,OctetString,""""""
.1.3.6.1.4.1.2011.6.164.1.1.2.100.1.4.2187981090,OctetString,""""""
.1.3.6.1.4.1.2011.6.164.1.1.2.100.1.4.2187981313,OctetString,""""""
.1.3.6.1.4.1.2011.6.164.1.1.2.100.1.4.2188046672,OctetString,""""""
.1.3.6.1.4.1.2011.6.164.1.1.2.100.1.4.2188046673,OctetString,""""""
.1.3.6.1.4.1.2011.6.164.1.1.2.100.1.4.2188046674,OctetString,""""""
.1.3.6.1.4.1.2011.6.164.1.1.2.100.1.4.2188046675,OctetString,""""""
.1.3.6.1.4.1.2011.6.164.1.1.2.100.1.4.2188046676,OctetString,""""""
.1.3.6.1.4.1.2011.6.164.1.1.2.100.1.4.2188046677,OctetString,""""""
.1.3.6.1.4.1.2011.6.164.1.1.2.100.1.4.2188046678,OctetString,""""""
.1.3.6.1.4.1.2011.6.164.1.1.2.100.1.4.2188046679,OctetString,""""""
.1.3.6.1.4.1.2011.6.164.1.1.2.100.1.4.2188046680,OctetString,""""""
.1.3.6.1.4.1.2011.6.164.1.1.2.100.1.4.2188046681,OctetString,""""""
.1.3.6.1.4.1.2011.6.164.1.1.2.100.1.4.2188046850,OctetString,""""""
.1.3.6.1.4.1.2011.6.164.1.1.2.100.1.4.2188243311,OctetString,""""""
.1.3.6.1.4.1.2011.6.164.1.1.2.100.1.4.2188243312,OctetString,""""""
.1.3.6.1.4.1.2011.6.164.1.1.2.100.1.4.2188243313,OctetString,""""""
.1.3.6.1.4.1.2011.6.164.1.1.2.100.1.4.2196828801,OctetString,""""""
.1.3.6.1.4.1.2011.6.164.1.1.2.100.1.4.2196828802,OctetString,""""""
.1.3.6.1.4.1.2011.6.164.1.1.2.100.1.4.2196828803,OctetString,""""""
.1.3.6.1.4.1.2011.6.164.1.1.2.100.1.4.2196828804,OctetString,""""""
.1.3.6.1.4.1.2011.6.164.1.1.2.100.1.4.2196828805,OctetString,""""""
.1.3.6.1.4.1.2011.6.164.1.1.2.100.1.4.2196894329,OctetString,"""Communication Failure"""
.1.3.6.1.4.1.2011.6.164.1.1.2.100.1.4.2196894330,OctetString,"""SPD Trip"""
.1.3.6.1.4.1.2011.6.164.1.1.2.100.1.4.2196894331,OctetString,"""Address Conflict"""
.1.3.6.1.4.1.2011.6.164.1.1.2.100.1.4.2196894332,OctetString,"""Freq Sync Failure"""
.1.3.6.1.4.1.2011.6.164.1.1.2.100.1.4.2196894333,OctetString,"""Carrier Sync Failure"""
.1.3.6.1.4.1.2011.6.164.1.1.2.100.1.4.2196894334,OctetString,"""Bypass Signal Failure"""
.1.3.6.1.4.1.2011.6.164.1.1.2.100.1.4.2196894335,OctetString,"""Turn off Abnormally"""
.1.3.6.1.4.1.2011.6.164.1.1.2.100.1.4.2196894336,OctetString,"""E2PROM Fault"""
.1.3.6.1.4.1.2011.6.164.1.1.2.100.1.4.2196959862,OctetString,"""Inverter Fault"""
.1.3.6.1.4.1.2011.6.164.1.1.2.100.1.4.2196959863,OctetString,"""Inverter Protection"""
.1.3.6.1.4.1.2011.6.164.1.1.2.100.1.4.2196959864,OctetString,"""Communication Failure"""
.1.3.6.1.4.1.2011.6.164.1.1.2.100.1.4.2415872118,OctetString,""""""
.1.3.6.1.4.1.2011.6.164.1.1.2.100.1.4.2415872119,OctetString,""""""
.1.3.6.1.4.1.2011.6.164.1.1.2.100.1.4.2415872120,OctetString,""""""
.1.3.6.1.4.1.2011.6.164.1.1.2.100.1.4.2415872121,OctetString,""""""
.1.3.6.1.4.1.2011.6.164.1.1.2.100.1.4.2415872122,OctetString,""""""
.1.3.6.1.4.1.2011.6.164.1.1.2.100.1.4.2415872123,OctetString,""""""
.1.3.6.1.4.1.2011.6.164.1.1.2.100.1.4.2415872124,OctetString,""""""
.1.3.6.1.4.1.2011.6.164.1.1.2.100.1.4.2415872125,OctetString,""""""
.1.3.6.1.4.1.2011.6.164.1.1.2.100.1.4.2415872126,OctetString,""""""
.1.3.6.1.4.1.2011.6.164.1.1.2.100.1.4.2415872127,OctetString,""""""
.1.3.6.1.4.1.2011.6.164.1.1.2.100.1.4.2415872128,OctetString,""""""
.1.3.6.1.4.1.2011.6.164.1.1.2.100.1.4.2415872129,OctetString,""""""
.1.3.6.1.4.1.2011.6.164.1.1.2.100.1.4.2415872130,OctetString,""""""
.1.3.6.1.4.1.2011.6.164.1.1.2.100.1.4.2415872131,OctetString,""""""
.1.3.6.1.4.1.2011.6.164.1.1.2.100.1.4.2415872132,OctetString,""""""
.1.3.6.1.4.1.2011.6.164.1.1.2.100.1.4.2415872133,OctetString,""""""
.1.3.6.1.4.1.2011.6.164.1.1.2.100.1.4.2415872134,OctetString,""""""
.1.3.6.1.4.1.2011.6.164.1.1.2.100.1.4.2415872135,OctetString,""""""
.1.3.6.1.4.1.2011.6.164.1.1.2.100.1.4.2415872136,OctetString,""""""
.1.3.6.1.4.1.2011.6.164.1.1.2.100.1.4.2415872137,OctetString,""""""
.1.3.6.1.4.1.2011.6.164.1.1.2.100.1.4.2415872138,OctetString,""""""
.1.3.6.1.4.1.2011.6.164.1.1.2.100.1.4.2415872139,OctetString,""""""
.1.3.6.1.4.1.2011.6.164.1.1.2.100.1.4.2415872140,OctetString,""""""
.1.3.6.1.4.1.2011.6.164.1.1.2.100.1.4.2415872141,OctetString,""""""
.1.3.6.1.4.1.2011.6.164.1.1.2.100.1.4.2415872142,OctetString,""""""
.1.3.6.1.4.1.2011.6.164.1.1.2.100.1.4.2415872143,OctetString,""""""
.1.3.6.1.4.1.2011.6.164.1.1.2.100.1.4.2415872144,OctetString,""""""
.1.3.6.1.4.1.2011.6.164.1.1.2.100.1.4.2415872145,OctetString,""""""
.1.3.6.1.4.1.2011.6.164.1.1.2.100.1.4.2415872146,OctetString,""""""
.1.3.6.1.4.1.2011.6.164.1.1.2.100.1.4.2415872147,OctetString,""""""
.1.3.6.1.4.1.2011.6.164.1.1.2.100.1.4.2415872148,OctetString,""""""
.1.3.6.1.4.1.2011.6.164.1.1.2.100.1.4.2415872149,OctetString,""""""
.1.3.6.1.4.1.2011.6.164.1.1.2.100.1.4.2415872150,OctetString,""""""
.1.3.6.1.4.1.2011.6.164.1.1.2.100.1.4.2415872151,OctetString,""""""
.1.3.6.1.4.1.2011.6.164.1.1.2.100.1.4.2415872152,OctetString,""""""
.1.3.6.1.4.1.2011.6.164.1.1.2.100.1.4.2415872153,OctetString,""""""
.1.3.6.1.4.1.2011.6.164.1.1.2.100.1.4.2415872154,OctetString,""""""
.1.3.6.1.4.1.2011.6.164.1.1.2.100.1.4.2415872155,OctetString,""""""
.1.3.6.1.4.1.2011.6.164.1.1.2.100.1.4.2415872156,OctetString,""""""
.1.3.6.1.4.1.2011.6.164.1.1.2.100.1.4.2415872157,OctetString,""""""
.1.3.6.1.4.1.2011.6.164.1.1.2.100.1.4.2415872158,OctetString,""""""
.1.3.6.1.4.1.2011.6.164.1.1.2.100.1.4.2415872159,OctetString,""""""
.1.3.6.1.4.1.2011.6.164.1.1.2.100.1.4.2415872160,OctetString,""""""
.1.3.6.1.4.1.2011.6.164.1.1.2.100.1.4.2415872161,OctetString,""""""
.1.3.6.1.4.1.2011.6.164.1.1.2.100.1.4.2415872162,OctetString,""""""
.1.3.6.1.4.1.2011.6.164.1.1.2.100.1.4.2415872163,OctetString,""""""
.1.3.6.1.4.1.2011.6.164.1.1.2.100.1.4.2415872164,OctetString,""""""
.1.3.6.1.4.1.2011.6.164.1.1.2.100.1.4.2416129088,OctetString,""""""
.1.3.6.1.4.1.2011.6.164.1.1.2.100.1.4.2416177498,OctetString,""""""
.1.3.6.1.4.1.2011.6.164.1.1.2.100.1.4.2416177499,OctetString,""""""
.1.3.6.1.4.1.2011.6.164.1.1.2.100.1.4.2416177500,OctetString,""""""
.1.3.6.1.4.1.2011.6.164.1.1.2.100.1.4.2416177501,OctetString,""""""
.1.3.6.1.4.1.2011.6.164.1.1.2.100.1.4.2416177502,OctetString,""""""
.1.3.6.1.4.1.2011.6.164.1.1.2.100.1.4.2416177503,OctetString,""""""
.1.3.6.1.4.1.2011.6.164.1.1.2.100.1.4.2416177504,OctetString,""""""
.1.3.6.1.4.1.2011.6.164.1.1.2.100.1.4.2416177505,OctetString,""""""
.1.3.6.1.4.1.2011.6.164.1.1.2.100.1.4.2416177506,OctetString,""""""
.1.3.6.1.4.1.2011.6.164.1.1.2.100.1.4.2416177515,OctetString,"""Rect Addr Not Setted"""
.1.3.6.1.4.1.2011.6.164.1.1.2.100.1.4.2416177618,OctetString,""""""
.1.3.6.1.4.1.2011.6.164.1.1.2.100.1.4.2416177619,OctetString,""""""
.1.3.6.1.4.1.2011.6.164.1.1.2.100.1.4.2416177620,OctetString,""""""
.1.3.6.1.4.1.2011.6.164.1.1.2.100.1.4.2416177621,OctetString,""""""
.1.3.6.1.4.1.2011.6.164.1.1.2.100.1.4.2416177622,OctetString,""""""
.1.3.6.1.4.1.2011.6.164.1.1.2.100.1.4.2416177623,OctetString,""""""
.1.3.6.1.4.1.2011.6.164.1.1.2.100.1.4.2416177624,OctetString,""""""
.1.3.6.1.4.1.2011.6.164.1.1.2.100.1.4.2416177625,OctetString,""""""
.1.3.6.1.4.1.2011.6.164.1.1.2.100.1.4.2416177626,OctetString,""""""
.1.3.6.1.4.1.2011.6.164.1.1.2.100.1.4.2416177627,OctetString,""""""
.1.3.6.1.4.1.2011.6.164.1.1.2.100.1.4.2416194537,OctetString,""""""
.1.3.6.1.4.1.2011.6.164.1.1.2.100.1.4.2416243052,OctetString,""""""
.1.3.6.1.4.1.2011.6.164.1.1.2.100.1.4.2416243053,OctetString,""""""
.1.3.6.1.4.1.2011.6.164.1.1.2.100.1.4.2416255534,OctetString,""""""
.1.3.6.1.4.1.2011.6.164.1.1.2.100.1.4.2416255536,OctetString,""""""
.1.3.6.1.4.1.2011.6.164.1.1.2.100.1.4.2416321020,OctetString,""""""
.1.3.6.1.4.1.2011.6.164.1.1.2.100.1.4.2416321021,OctetString,""""""
.1.3.6.1.4.1.2011.6.164.1.1.2.100.1.4.2416321022,OctetString,""""""
.1.3.6.1.4.1.2011.6.164.1.1.2.100.1.4.2416392106,OctetString,"""iBOX Comm Fail"""
.1.3.6.1.4.1.2011.6.164.1.1.2.100.1.4.2416454119,OctetString,""""""
.1.3.6.1.4.1.2011.6.164.1.1.2.100.1.4.2416454120,OctetString,""""""
.1.3.6.1.4.1.2011.6.164.1.1.2.100.1.4.2416454121,OctetString,""""""
.1.3.6.1.4.1.2011.6.164.1.1.2.100.1.4.2416454141,OctetString,""""""
.1.3.6.1.4.1.2011.6.164.1.1.2.100.1.4.2416457742,OctetString,"""iBAT Comm Fail"""
.1.3.6.1.4.1.2011.6.164.1.1.2.100.1.4.2416463153,OctetString,""""""
.1.3.6.1.4.1.2011.6.164.1.1.2.100.1.4.2416463154,OctetString,""""""
.1.3.6.1.4.1.2011.6.164.1.1.2.100.1.4.2416463155,OctetString,""""""
.1.3.6.1.4.1.2011.6.164.1.1.2.100.1.4.2416504836,OctetString,""""""
.1.3.6.1.4.1.2011.6.164.1.1.2.100.1.4.2416523978,OctetString,""""""
.1.3.6.1.4.1.2011.6.164.1.1.2.100.1.4.2416523980,OctetString,""""""
.1.3.6.1.4.1.2011.6.164.1.1.2.100.1.4.2416523981,OctetString,""""""
.1.3.6.1.4.1.2011.6.164.1.1.2.100.1.4.2416523982,OctetString,""""""
.1.3.6.1.4.1.2011.6.164.1.1.2.100.1.4.2416523983,OctetString,""""""
.1.3.6.1.4.1.2011.6.164.1.1.2.100.1.4.2416523984,OctetString,""""""
.1.3.6.1.4.1.2011.6.164.1.1.2.100.1.4.2416570403,OctetString,""""""
.1.3.6.1.4.1.2011.6.164.1.1.2.100.1.4.2416586864,OctetString,"""AIM - Communicate Fail"""
.1.3.6.1.4.1.2011.6.164.1.1.2.100.1.4.2416586865,OctetString,"""AIM - Hardware Fault"""
.1.3.6.1.4.1.2011.6.164.1.1.2.100.1.4.2416586875,OctetString,""""""
.1.3.6.1.4.1.2011.6.164.1.1.2.100.1.4.2416586876,OctetString,""""""
.1.3.6.1.4.1.2011.6.164.1.1.2.100.1.4.2416586877,OctetString,""""""
.1.3.6.1.4.1.2011.6.164.1.1.2.100.1.4.2416586878,OctetString,""""""
.1.3.6.1.4.1.2011.6.164.1.1.2.100.1.4.2416722787,OctetString,""""""
.1.3.6.1.4.1.2011.6.164.1.1.2.100.1.4.2416722788,OctetString,""""""
.1.3.6.1.4.1.2011.6.164.1.1.2.100.1.4.2416722789,OctetString,""""""
.1.3.6.1.4.1.2011.6.164.1.1.2.100.1.4.2416722790,OctetString,""""""
.1.3.6.1.4.1.2011.6.164.1.1.2.100.1.4.2416722791,OctetString,""""""
.1.3.6.1.4.1.2011.6.164.1.1.2.100.1.4.2416722792,OctetString,""""""
.1.3.6.1.4.1.2011.6.164.1.1.2.100.1.4.2416722793,OctetString,""""""
.1.3.6.1.4.1.2011.6.164.1.1.2.100.1.4.2416722794,OctetString,""""""
.1.3.6.1.4.1.2011.6.164.1.1.2.100.1.4.2416722795,OctetString,""""""
.1.3.6.1.4.1.2011.6.164.1.1.2.100.1.4.2416722796,OctetString,""""""
.1.3.6.1.4.1.2011.6.164.1.1.2.100.1.4.2416722797,OctetString,""""""
.1.3.6.1.4.1.2011.6.164.1.1.2.100.1.4.2416722798,OctetString,""""""
.1.3.6.1.4.1.2011.6.164.1.1.2.100.1.4.2416722799,OctetString,""""""
.1.3.6.1.4.1.2011.6.164.1.1.2.100.1.4.2416722800,OctetString,""""""
.1.3.6.1.4.1.2011.6.164.1.1.2.100.1.4.2416722801,OctetString,""""""
.1.3.6.1.4.1.2011.6.164.1.1.2.100.1.4.2416722802,OctetString,""""""
.1.3.6.1.4.1.2011.6.164.1.1.2.100.1.4.2416722803,OctetString,""""""
.1.3.6.1.4.1.2011.6.164.1.1.2.100.1.4.2416722804,OctetString,""""""
.1.3.6.1.4.1.2011.6.164.1.1.2.100.1.4.2416722805,OctetString,""""""
.1.3.6.1.4.1.2011.6.164.1.1.2.100.1.4.2416722806,OctetString,""""""
.1.3.6.1.4.1.2011.6.164.1.1.2.100.1.4.2416722807,OctetString,""""""
.1.3.6.1.4.1.2011.6.164.1.1.2.100.1.4.2416722808,OctetString,""""""
.1.3.6.1.4.1.2011.6.164.1.1.2.100.1.4.2416722810,OctetString,""""""
.1.3.6.1.4.1.2011.6.164.1.1.2.100.1.4.2416722811,OctetString,""""""
.1.3.6.1.4.1.2011.6.164.1.1.2.100.1.4.2416722812,OctetString,""""""
.1.3.6.1.4.1.2011.6.164.1.1.2.100.1.4.2416722813,OctetString,""""""
.1.3.6.1.4.1.2011.6.164.1.1.2.100.1.4.2416722814,OctetString,""""""
.1.3.6.1.4.1.2011.6.164.1.1.2.100.1.4.2416722815,OctetString,""""""
.1.3.6.1.4.1.2011.6.164.1.1.2.100.1.4.2416722816,OctetString,""""""
.1.3.6.1.4.1.2011.6.164.1.1.2.100.1.4.2416722817,OctetString,""""""
.1.3.6.1.4.1.2011.6.164.1.1.2.100.1.4.2416722818,OctetString,""""""
.1.3.6.1.4.1.2011.6.164.1.1.2.100.1.4.2416722819,OctetString,""""""
.1.3.6.1.4.1.2011.6.164.1.1.2.100.1.4.2416722820,OctetString,""""""
.1.3.6.1.4.1.2011.6.164.1.1.2.100.1.4.2416722821,OctetString,""""""
.1.3.6.1.4.1.2011.6.164.1.1.2.100.1.4.2416722822,OctetString,""""""
.1.3.6.1.4.1.2011.6.164.1.1.2.100.1.4.2416722823,OctetString,""""""
.1.3.6.1.4.1.2011.6.164.1.1.2.100.1.4.2416722824,OctetString,""""""
.1.3.6.1.4.1.2011.6.164.1.1.2.100.1.4.2416722825,OctetString,""""""
.1.3.6.1.4.1.2011.6.164.1.1.2.100.1.4.2416722826,OctetString,""""""
.1.3.6.1.4.1.2011.6.164.1.1.2.100.1.4.2416722827,OctetString,""""""
.1.3.6.1.4.1.2011.6.164.1.1.2.100.1.4.2416722828,OctetString,""""""
.1.3.6.1.4.1.2011.6.164.1.1.2.100.1.4.2416722829,OctetString,""""""
.1.3.6.1.4.1.2011.6.164.1.1.2.100.1.4.2416722830,OctetString,""""""
.1.3.6.1.4.1.2011.6.164.1.1.2.100.1.4.2416722831,OctetString,""""""
.1.3.6.1.4.1.2011.6.164.1.1.2.100.1.4.2416722832,OctetString,""""""
.1.3.6.1.4.1.2011.6.164.1.1.2.100.1.4.2416722833,OctetString,""""""
.1.3.6.1.4.1.2011.6.164.1.1.2.100.1.4.2416722834,OctetString,""""""
.1.3.6.1.4.1.2011.6.164.1.1.2.100.1.4.2416722835,OctetString,""""""
.1.3.6.1.4.1.2011.6.164.1.1.2.100.1.4.2416722836,OctetString,""""""
.1.3.6.1.4.1.2011.6.164.1.1.2.100.1.4.2416722837,OctetString,""""""
.1.3.6.1.4.1.2011.6.164.1.1.2.100.1.4.2416722838,OctetString,""""""
.1.3.6.1.4.1.2011.6.164.1.1.2.100.1.4.2416722839,OctetString,""""""
.1.3.6.1.4.1.2011.6.164.1.1.2.100.1.4.2416722840,OctetString,""""""
.1.3.6.1.4.1.2011.6.164.1.1.2.100.1.4.2416722841,OctetString,""""""
.1.3.6.1.4.1.2011.6.164.1.1.2.100.1.4.2416722842,OctetString,""""""
.1.3.6.1.4.1.2011.6.164.1.1.2.100.1.4.2416722843,OctetString,""""""
.1.3.6.1.4.1.2011.6.164.1.1.2.100.1.4.2416722844,OctetString,""""""
.1.3.6.1.4.1.2011.6.164.1.1.2.100.1.4.2416722845,OctetString,""""""
.1.3.6.1.4.1.2011.6.164.1.1.2.100.1.4.2416722846,OctetString,""""""
.1.3.6.1.4.1.2011.6.164.1.1.2.100.1.4.2416722847,OctetString,""""""
.1.3.6.1.4.1.2011.6.164.1.1.2.100.1.4.2416722848,OctetString,""""""
.1.3.6.1.4.1.2011.6.164.1.1.2.100.1.4.2416722870,OctetString,""""""
.1.3.6.1.4.1.2011.6.164.1.1.2.100.1.4.2416766992,OctetString,""""""
.1.3.6.1.4.1.2011.6.164.1.1.2.100.1.4.2416919595,OctetString,"""Tem-Hum - Communicate Fail"""
.1.3.6.1.4.1.2011.6.164.1.1.2.100.1.4.2416919596,OctetString,"""High Ambient Temperature"""
.1.3.6.1.4.1.2011.6.164.1.1.2.100.1.4.2416919597,OctetString,"""Low Ambient Temperature"""
.1.3.6.1.4.1.2011.6.164.1.1.2.100.1.4.2416919598,OctetString,"""Very High Ambient Temperature"""
.1.3.6.1.4.1.2011.6.164.1.1.2.100.1.4.2416919599,OctetString,"""High Ambient Humidity"""
.1.3.6.1.4.1.2011.6.164.1.1.2.100.1.4.2416919600,OctetString,"""Low Ambient Humidity"""
.1.3.6.1.4.1.2011.6.164.1.1.2.100.1.4.2417244525,OctetString,"""Batt Fuse Break"""
.1.3.6.1.4.1.2011.6.164.1.1.2.100.1.4.2417244526,OctetString,"""Batt. Disconnecting"""
.1.3.6.1.4.1.2011.6.164.1.1.2.100.1.4.2417244527,OctetString,"""Batt. Disconnection"""
.1.3.6.1.4.1.2011.6.164.1.1.2.100.1.4.2417244528,OctetString,"""Battery Discharging"""
.1.3.6.1.4.1.2011.6.164.1.1.2.100.1.4.2417244529,OctetString,"""Battery Forcibly Connection"""
.1.3.6.1.4.1.2011.6.164.1.1.2.100.1.4.2417244530,OctetString,""""""
.1.3.6.1.4.1.2011.6.164.1.1.2.100.1.4.2417244531,OctetString,""""""
.1.3.6.1.4.1.2011.6.164.1.1.2.100.1.4.2417244532,OctetString,""""""
.1.3.6.1.4.1.2011.6.164.1.1.2.100.1.4.2417244533,OctetString,""""""
.1.3.6.1.4.1.2011.6.164.1.1.2.100.1.4.2417244534,OctetString,""""""
.1.3.6.1.4.1.2011.6.164.1.1.2.100.1.4.2417244535,OctetString,""""""
.1.3.6.1.4.1.2011.6.164.1.1.2.100.1.4.2417308861,OctetString,"""Module Communication Failure"""
.1.3.6.1.4.1.2011.6.164.1.1.2.100.1.4.2417308862,OctetString,"""Module Fault"""
.1.3.6.1.4.1.2011.6.164.1.1.2.100.1.4.2417308863,OctetString,"""Module Protection"""
.1.3.6.1.4.1.2011.6.164.1.1.2.100.1.4.2417308864,OctetString,"""Module Minor Alarm"""
.1.3.6.1.4.1.2011.6.164.1.1.2.100.1.4.2417380007,OctetString,""""""
.1.3.6.1.4.1.2011.6.164.1.1.2.100.1.4.2417380008,OctetString,""""""
.1.3.6.1.4.1.2011.6.164.1.1.2.100.1.4.2417380009,OctetString,""""""
.1.3.6.1.4.1.2011.6.164.1.1.2.100.1.4.2417380010,OctetString,""""""
.1.3.6.1.4.1.2011.6.164.1.1.2.100.1.4.2417380011,OctetString,""""""
.1.3.6.1.4.1.2011.6.164.1.1.2.100.1.4.2417380012,OctetString,""""""
.1.3.6.1.4.1.2011.6.164.1.1.2.100.1.4.2417380013,OctetString,""""""
.1.3.6.1.4.1.2011.6.164.1.1.2.100.1.4.2417380014,OctetString,""""""
.1.3.6.1.4.1.2011.6.164.1.1.2.100.1.4.2417380015,OctetString,""""""
.1.3.6.1.4.1.2011.6.164.1.1.2.100.1.4.2417380016,OctetString,""""""
.1.3.6.1.4.1.2011.6.164.1.1.2.100.1.4.2417380017,OctetString,""""""
.1.3.6.1.4.1.2011.6.164.1.1.2.100.1.4.2417380018,OctetString,""""""
.1.3.6.1.4.1.2011.6.164.1.1.2.100.1.4.2417380019,OctetString,""""""
.1.3.6.1.4.1.2011.6.164.1.1.2.100.1.4.2417380020,OctetString,""""""
.1.3.6.1.4.1.2011.6.164.1.1.2.100.1.4.2417380021,OctetString,""""""
.1.3.6.1.4.1.2011.6.164.1.1.2.100.1.4.2417380022,OctetString,""""""
.1.3.6.1.4.1.2011.6.164.1.1.2.100.1.4.2417380023,OctetString,""""""
.1.3.6.1.4.1.2011.6.164.1.1.2.100.1.4.2417380024,OctetString,""""""
.1.3.6.1.4.1.2011.6.164.1.1.2.100.1.4.2417380025,OctetString,""""""
.1.3.6.1.4.1.2011.6.164.1.1.2.100.1.4.2417380027,OctetString,""""""
.1.3.6.1.4.1.2011.6.164.1.1.2.100.1.4.2417380028,OctetString,""""""
.1.3.6.1.4.1.2011.6.164.1.1.2.100.1.4.2417380029,OctetString,""""""
.1.3.6.1.4.1.2011.6.164.1.1.2.100.1.4.2417380030,OctetString,""""""
.1.3.6.1.4.1.2011.6.164.1.1.2.100.1.4.2417380032,OctetString,""""""
.1.3.6.1.4.1.2011.6.164.1.1.2.100.1.4.2417380033,OctetString,""""""
.1.3.6.1.4.1.2011.6.164.1.1.2.100.1.4.2417380034,OctetString,""""""
.1.3.6.1.4.1.2011.6.164.1.1.2.100.1.4.2417380035,OctetString,""""""
.1.3.6.1.4.1.2011.6.164.1.1.2.100.1.4.2417380036,OctetString,""""""
.1.3.6.1.4.1.2011.6.164.1.1.2.100.1.4.2417380037,OctetString,""""""
.1.3.6.1.4.1.2011.6.164.1.1.2.100.1.4.2417708577,OctetString,""""""
.1.3.6.1.4.1.2011.6.164.1.1.2.100.1.4.2417750513,OctetString,""""""
.1.3.6.1.4.1.2011.6.164.1.1.2.100.1.4.2417755662,OctetString,""""""
.1.3.6.1.4.1.2011.6.164.1.1.2.100.1.4.2417755684,OctetString,""""""
.1.3.6.1.4.1.2011.6.164.1.1.2.100.1.4.2417755685,OctetString,""""""
.1.3.6.1.4.1.2011.6.164.1.1.2.100.1.4.2417755686,OctetString,""""""
.1.3.6.1.4.1.2011.6.164.1.1.2.100.1.4.2417755687,OctetString,""""""
.1.3.6.1.4.1.2011.6.164.1.1.2.100.1.4.2417755688,OctetString,""""""
.1.3.6.1.4.1.2011.6.164.1.1.2.100.1.4.2417755689,OctetString,""""""
.1.3.6.1.4.1.2011.6.164.1.1.2.100.1.4.2417755690,OctetString,""""""
.1.3.6.1.4.1.2011.6.164.1.1.2.100.1.4.2417755691,OctetString,""""""
.1.3.6.1.4.1.2011.6.164.1.1.2.100.1.4.2417755692,OctetString,""""""
.1.3.6.1.4.1.2011.6.164.1.1.2.100.1.4.2417755693,OctetString,""""""
.1.3.6.1.4.1.2011.6.164.1.1.2.100.1.4.2417755694,OctetString,""""""
.1.3.6.1.4.1.2011.6.164.1.1.2.100.1.4.2417755695,OctetString,""""""
.1.3.6.1.4.1.2011.6.164.1.1.2.100.1.4.2417755696,OctetString,""""""
.1.3.6.1.4.1.2011.6.164.1.1.2.100.1.4.2417755697,OctetString,""""""
.1.3.6.1.4.1.2011.6.164.1.1.2.100.1.4.2417755698,OctetString,""""""
.1.3.6.1.4.1.2011.6.164.1.1.2.100.1.4.2417755699,OctetString,""""""
.1.3.6.1.4.1.2011.6.164.1.1.2.100.1.4.2417755700,OctetString,""""""
.1.3.6.1.4.1.2011.6.164.1.1.2.100.1.4.2417755701,OctetString,""""""
.1.3.6.1.4.1.2011.6.164.1.1.2.100.1.4.2417755702,OctetString,""""""
.1.3.6.1.4.1.2011.6.164.1.1.2.100.1.4.2417839211,OctetString,""""""
.1.3.6.1.4.1.2011.6.164.1.1.2.100.1.4.2417839212,OctetString,""""""
.1.3.6.1.4.1.2011.6.164.1.1.2.100.1.4.2417904744,OctetString,""""""
.1.3.6.1.4.1.2011.6.164.1.1.2.100.1.4.2417904745,OctetString,""""""
.1.3.6.1.4.1.2011.6.164.1.1.2.100.1.4.2417904746,OctetString,""""""
.1.3.6.1.4.1.2011.6.164.1.1.2.100.1.4.2417960998,OctetString,""""""
.1.3.6.1.4.1.2011.6.164.1.1.2.100.1.4.2417960999,OctetString,""""""
.1.3.6.1.4.1.2011.6.164.1.1.2.100.1.4.2417961000,OctetString,""""""
.1.3.6.1.4.1.2011.6.164.1.1.2.100.1.4.2417961001,OctetString,""""""
.1.3.6.1.4.1.2011.6.164.1.1.2.100.1.4.2417961008,OctetString,""""""
.1.3.6.1.4.1.2011.6.164.1.1.2.100.1.4.2417961009,OctetString,""""""
.1.3.6.1.4.1.2011.6.164.1.1.2.100.1.4.2417961010,OctetString,""""""
.1.3.6.1.4.1.2011.6.164.1.1.2.100.1.4.2417961011,OctetString,""""""
.1.3.6.1.4.1.2011.6.164.1.1.2.100.1.4.2417961012,OctetString,""""""
.1.3.6.1.4.1.2011.6.164.1.1.2.100.1.4.2417961013,OctetString,""""""
.1.3.6.1.4.1.2011.6.164.1.1.2.100.1.4.2417961014,OctetString,""""""
.1.3.6.1.4.1.2011.6.164.1.1.2.100.1.4.2417961015,OctetString,""""""
.1.3.6.1.4.1.2011.6.164.1.1.2.100.1.4.2418036514,OctetString,""""""
.1.3.6.1.4.1.2011.6.164.1.1.2.100.1.4.2418036515,OctetString,""""""
.1.3.6.1.4.1.2011.6.164.1.1.2.100.1.4.2418036516,OctetString,""""""
.1.3.6.1.4.1.2011.6.164.1.1.2.100.1.4.2418036517,OctetString,""""""
.1.3.6.1.4.1.2011.6.164.1.1.2.100.1.4.2418036518,OctetString,""""""
.1.3.6.1.4.1.2011.6.164.1.1.2.100.1.4.2418102043,OctetString,""""""
.1.3.6.1.4.1.2011.6.164.1.1.2.100.1.4.2418102044,OctetString,""""""
.1.3.6.1.4.1.2011.6.164.1.1.2.100.1.4.2418102045,OctetString,""""""
.1.3.6.1.4.1.2011.6.164.1.1.2.100.1.4.2418298476,OctetString,""""""
.1.3.6.1.4.1.2011.6.164.1.1.2.100.1.4.2418298477,OctetString,""""""
.1.3.6.1.4.1.2011.6.164.1.1.2.100.1.4.2418298478,OctetString,""""""
.1.3.6.1.4.1.2011.6.164.1.1.2.100.1.4.2418298479,OctetString,""""""
.1.3.6.1.4.1.2011.6.164.1.1.2.100.1.4.2418298480,OctetString,""""""
.1.3.6.1.4.1.2011.6.164.1.1.2.100.1.4.2418298481,OctetString,""""""
.1.3.6.1.4.1.2011.6.164.1.1.2.100.1.4.2418298482,OctetString,""""""
.1.3.6.1.4.1.2011.6.164.1.1.2.100.1.4.2418495109,OctetString,""""""
.1.3.6.1.4.1.2011.6.164.1.1.2.100.1.4.2418495110,OctetString,""""""
.1.3.6.1.4.1.2011.6.164.1.1.2.100.1.4.2418495111,OctetString,""""""
.1.3.6.1.4.1.2011.6.164.1.1.2.100.1.4.2418495112,OctetString,""""""
.1.3.6.1.4.1.2011.6.164.1.1.2.100.1.4.2418495113,OctetString,""""""
.1.3.6.1.4.1.2011.6.164.1.1.2.100.1.4.2418495114,OctetString,""""""
.1.3.6.1.4.1.2011.6.164.1.1.2.100.1.4.2418495115,OctetString,""""""
.1.3.6.1.4.1.2011.6.164.1.1.2.100.1.4.2418495116,OctetString,""""""
.1.3.6.1.4.1.2011.6.164.1.1.2.100.1.4.2418495117,OctetString,""""""
.1.3.6.1.4.1.2011.6.164.1.1.2.100.1.4.2418495118,OctetString,""""""
.1.3.6.1.4.1.2011.6.164.1.1.2.100.1.4.2418495119,OctetString,""""""
.1.3.6.1.4.1.2011.6.164.1.1.2.100.1.4.2418495120,OctetString,""""""
.1.3.6.1.4.1.2011.6.164.1.1.2.100.1.4.2418495121,OctetString,""""""
.1.3.6.1.4.1.2011.6.164.1.1.2.100.1.4.2418495122,OctetString,""""""
.1.3.6.1.4.1.2011.6.164.1.1.2.100.1.4.2418536587,OctetString,""""""
.1.3.6.1.4.1.2011.6.164.1.1.2.100.1.4.2418560745,OctetString,""""""
.1.3.6.1.4.1.2011.6.164.1.1.2.100.1.4.2418560746,OctetString,""""""
.1.3.6.1.4.1.2011.6.164.1.1.2.100.1.4.2418602430,OctetString,""""""
.1.3.6.1.4.1.2011.6.164.1.1.2.100.1.4.2418626231,OctetString,""""""
.1.3.6.1.4.1.2011.6.164.1.1.2.100.1.4.2418626232,OctetString,""""""
.1.3.6.1.4.1.2011.6.164.1.1.2.100.1.4.2418626233,OctetString,""""""
.1.3.6.1.4.1.2011.6.164.1.1.2.100.1.4.2418626235,OctetString,""""""
.1.3.6.1.4.1.2011.6.164.1.1.2.100.1.4.2418626236,OctetString,""""""
.1.3.6.1.4.1.2011.6.164.1.1.2.100.1.4.2418626237,OctetString,""""""
.1.3.6.1.4.1.2011.6.164.1.1.2.100.1.4.2418626238,OctetString,""""""
.1.3.6.1.4.1.2011.6.164.1.1.2.100.1.4.2418626239,OctetString,""""""
.1.3.6.1.4.1.2011.6.164.1.1.2.100.1.4.2418626240,OctetString,""""""
.1.3.6.1.4.1.2011.6.164.1.1.2.100.1.4.2418626241,OctetString,""""""
.1.3.6.1.4.1.2011.6.164.1.1.2.100.1.4.2418626242,OctetString,""""""
.1.3.6.1.4.1.2011.6.164.1.1.2.100.1.4.2418626243,OctetString,""""""
.1.3.6.1.4.1.2011.6.164.1.1.2.100.1.4.2418626244,OctetString,""""""
.1.3.6.1.4.1.2011.6.164.1.1.2.100.1.4.2418626245,OctetString,""""""
.1.3.6.1.4.1.2011.6.164.1.1.2.100.1.4.2418626246,OctetString,""""""
.1.3.6.1.4.1.2011.6.164.1.1.2.100.1.4.2418626247,OctetString,""""""
.1.3.6.1.4.1.2011.6.164.1.1.2.100.1.4.2418626248,OctetString,""""""
.1.3.6.1.4.1.2011.6.164.1.1.2.100.1.4.2418626249,OctetString,""""""
.1.3.6.1.4.1.2011.6.164.1.1.2.100.1.4.2418626250,OctetString,""""""
.1.3.6.1.4.1.2011.6.164.1.1.2.100.1.4.2418626251,OctetString,""""""
.1.3.6.1.4.1.2011.6.164.1.1.2.100.1.4.2418626252,OctetString,""""""
.1.3.6.1.4.1.2011.6.164.1.1.2.100.1.4.2418667967,OctetString,""""""
.1.3.6.1.4.1.2011.6.164.1.1.2.100.1.4.2418668016,OctetString,""""""
.1.3.6.1.4.1.2011.6.164.1.1.2.100.1.4.2418822999,OctetString,"""Device Fault"""
.1.3.6.1.4.1.2011.6.164.1.1.2.100.1.4.2418823000,OctetString,"""Communication Failure"""
.1.3.6.1.4.1.2011.6.164.1.1.2.100.1.4.2419206117,OctetString,"""When detecting that a temperature sensor1 is disconnected, the SMU generates a Temperature Sensor1 Missing alarm."""
.1.3.6.1.4.1.2011.6.164.1.1.2.100.1.4.2419206118,OctetString,"""When detecting that a temperature sensor2 is disconnected, the SMU generates a Temperature Sensor2 Missing alarm."""
.1.3.6.1.4.1.2011.6.164.1.1.2.100.1.4.2419206119,OctetString,"""When detecting that a temperature sensor is faulty, the SMU generates a Temperature Sensor1 Fault alarm."""
.1.3.6.1.4.1.2011.6.164.1.1.2.100.1.4.2419206120,OctetString,"""When detecting that a temperature sensor is faulty, the SMU generates a Temperature Sensor2 Fault alarm."""
.1.3.6.1.4.1.2011.6.164.1.1.2.100.1.4.2419206121,OctetString,"""When detecting that the ambient temperature exceeds the high temperature alarm threshold, the SMU generates a High Temperature1 alarm."""
.1.3.6.1.4.1.2011.6.164.1.1.2.100.1.4.2419206122,OctetString,"""When detecting that the ambient temperature exceeds the high temperature alarm threshold, the SMU generates a High Temperature1 alarm."""
.1.3.6.1.4.1.2011.6.164.1.1.2.100.1.4.2419206123,OctetString,"""When detecting that the ambient temperature is below the low temperature alarm threshold, the SMU generates a Low Ambient Temperature alarm."""
.1.3.6.1.4.1.2011.6.164.1.1.2.100.1.4.2419206124,OctetString,"""When detecting that the ambient temperature is below the low temperature alarm threshold, the SMU generates a Low Ambient Temperature alarm."""
.1.3.6.1.4.1.2011.6.164.1.1.2.100.1.4.2419206125,OctetString,""""""
.1.3.6.1.4.1.2011.6.164.1.1.2.100.1.4.2419206126,OctetString,""""""
.1.3.6.1.4.1.2011.6.164.1.1.2.100.1.4.2419206127,OctetString,"""LIGT Alarm"""
.1.3.6.1.4.1.2011.6.164.1.1.2.100.1.4.2419206131,OctetString,"""INRS Alarm"""
.1.3.6.1.4.1.2011.6.164.1.1.2.100.1.4.2419206132,OctetString,"""BTEMP Alarm"""
.1.3.6.1.4.1.2011.6.164.1.1.2.100.1.4.2419206134,OctetString,""""""
.1.3.6.1.4.1.2011.6.164.1.1.2.100.1.4.2419206205,OctetString,"""When detecting that the detection level for the dry contact is consistent with the alarm condition, the SMU generates a DIN1 Alarm."""
.1.3.6.1.4.1.2011.6.164.1.1.2.100.1.4.2419206206,OctetString,"""When detecting that the detection level for the dry contact is consistent with the alarm condition, the SMU generates a DIN2 Alarm."""
.1.3.6.1.4.1.2011.6.164.1.1.2.100.1.4.2419206207,OctetString,"""When detecting that the detection level for the dry contact is consistent with the alarm condition, the SMU generates a DIN3 Alarm."""
.1.3.6.1.4.1.2011.6.164.1.1.2.100.1.4.2419206208,OctetString,"""When detecting that the detection level for the dry contact is consistent with the alarm condition, the SMU generates a DIN4 Alarm."""
.1.3.6.1.4.1.2011.6.164.1.1.2.100.1.4.2419206209,OctetString,"""When detecting that the detection level for the dry contact is consistent with the alarm condition, the SMU generates a DIN5 Alarm."""
.1.3.6.1.4.1.2011.6.164.1.1.2.100.1.4.2419206210,OctetString,"""When detecting that the detection level for the dry contact is consistent with the alarm condition, the SMU generates a DIN6 Alarm."""
.1.3.6.1.4.1.2011.6.164.1.1.2.100.1.4.2419206211,OctetString,""""""
.1.3.6.1.4.1.2011.6.164.1.1.2.100.1.4.2419206212,OctetString,""""""
.1.3.6.1.4.1.2011.6.164.1.1.2.100.1.4.2419211228,OctetString,"""UIM_ALM_TRANSFORMER_CAB_SPD_FAULT"""
.1.3.6.1.4.1.2011.6.164.1.1.2.100.1.4.2419276703,OctetString,""""""
.1.3.6.1.4.1.2011.6.164.1.1.2.100.1.4.2419402810,OctetString,""""""
.1.3.6.1.4.1.2011.6.164.1.1.2.100.1.4.2419478119,OctetString,"""The SMU generates this alarm if communication with the DC power distribution board has failed."""
.1.3.6.1.4.1.2011.6.164.1.1.2.100.1.4.2419480199,OctetString,"""This alarm is generated if the real-time value of TEMP1 Temperature is higher than the alarm threshold specified by Temp1 High Temperature."""
.1.3.6.1.4.1.2011.6.164.1.1.2.100.1.4.2419480200,OctetString,"""This alarm is generated if the real-time value of TEMP1 Temperature is lower than the alarm threshold specified by Temp1 Low Temperature."""
.1.3.6.1.4.1.2011.6.164.1.1.2.100.1.4.2419480201,OctetString,"""This alarm is generated if the real-time value of TEMP2 Temperature is higher than the alarm threshold specified by Temp2 High Temperature."""
.1.3.6.1.4.1.2011.6.164.1.1.2.100.1.4.2419480202,OctetString,"""This alarm is generated if the real-time value of TEMP2 Temperature is lower than the alarm threshold specified by Temp2 Low Temperature."""
.1.3.6.1.4.1.2011.6.164.1.1.2.100.1.4.2419480203,OctetString,"""This alarm is generated if the TEMP1 sensor is removed after it is normally connected."""
.1.3.6.1.4.1.2011.6.164.1.1.2.100.1.4.2419480204,OctetString,"""This alarm is generated if the port of the TEMP1 sensor is short-circuited or the sensor is faulty."""
.1.3.6.1.4.1.2011.6.164.1.1.2.100.1.4.2419480205,OctetString,"""This alarm is generated if the TEMP2 sensor is removed after it is normally connected."""
.1.3.6.1.4.1.2011.6.164.1.1.2.100.1.4.2419480206,OctetString,"""This alarm is generated if the port of the TEMP2 sensor is short-circuited or the sensor is faulty."""
.1.3.6.1.4.1.2011.6.164.1.1.2.100.1.4.2419480207,OctetString,"""This alarm is generated if the BTEMP sensor is removed after it is normally connected."""
.1.3.6.1.4.1.2011.6.164.1.1.2.100.1.4.2419480208,OctetString,"""This alarm is generated if the port of the BTEMP sensor is short-circuited or the sensor is faulty."""
.1.3.6.1.4.1.2011.6.164.1.1.2.100.1.4.2419480209,OctetString,"""This alarm is generated if the load circuit breaker is OFF or the load fuse is blown and the SMU detects that the voltage between the two ends of the fuse is greater than 6 V."""
.1.3.6.1.4.1.2011.6.164.1.1.2.100.1.4.2419480210,OctetString,"""This alarm is generated if the load circuit breaker is OFF or the load fuse is blown and the SMU detects that the voltage between the two ends of the fuse is greater than 6 V."""
.1.3.6.1.4.1.2011.6.164.1.1.2.100.1.4.2419480211,OctetString,"""This alarm is generated if the load circuit breaker is OFF or the load fuse is blown and the SMU detects that the voltage between the two ends of the fuse is greater than 6 V."""
.1.3.6.1.4.1.2011.6.164.1.1.2.100.1.4.2419480212,OctetString,"""This alarm is generated if the load circuit breaker is OFF or the load fuse is blown and the SMU detects that the voltage between the two ends of the fuse is greater than 6 V."""
.1.3.6.1.4.1.2011.6.164.1.1.2.100.1.4.2419480213,OctetString,"""This alarm is generated if the load circuit breaker is OFF or the load fuse is blown and the SMU detects that the voltage between the two ends of the fuse is greater than 6 V."""
.1.3.6.1.4.1.2011.6.164.1.1.2.100.1.4.2419480214,OctetString,"""This alarm is generated if the load circuit breaker is OFF or the load fuse is blown and the SMU detects that the voltage between the two ends of the fuse is greater than 6 V."""
.1.3.6.1.4.1.2011.6.164.1.1.2.100.1.4.2419480215,OctetString,"""This alarm is generated if the load circuit breaker is OFF or the load fuse is blown and the SMU detects that the voltage between the two ends of the fuse is greater than 6 V."""
.1.3.6.1.4.1.2011.6.164.1.1.2.100.1.4.2419480216,OctetString,"""This alarm is generated if the load circuit breaker is OFF or the load fuse is blown and the SMU detects that the voltage between the two ends of the fuse is greater than 6 V."""
.1.3.6.1.4.1.2011.6.164.1.1.2.100.1.4.2419480217,OctetString,"""This alarm is generated if the load circuit breaker is OFF or the load fuse is blown and the SMU detects that the voltage between the two ends of the fuse is greater than 6 V."""
.1.3.6.1.4.1.2011.6.164.1.1.2.100.1.4.2419480218,OctetString,"""This alarm is generated if the load circuit breaker is OFF or the load fuse is blown and the SMU detects that the voltage between the two ends of the fuse is greater than 6 V."""
.1.3.6.1.4.1.2011.6.164.1.1.2.100.1.4.2419480219,OctetString,"""This alarm is generated if the load circuit breaker is OFF or the load fuse is blown and the SMU detects that the voltage between the two ends of the fuse is greater than 6 V."""
.1.3.6.1.4.1.2011.6.164.1.1.2.100.1.4.2419480220,OctetString,"""This alarm is generated if the load circuit breaker is OFF or the load fuse is blown and the SMU detects that the voltage between the two ends of the fuse is greater than 6 V."""
.1.3.6.1.4.1.2011.6.164.1.1.2.100.1.4.2419480221,OctetString,"""This alarm is generated if the load circuit breaker is OFF or the load fuse is blown and the SMU detects that the voltage between the two ends of the fuse is greater than 6 V."""
.1.3.6.1.4.1.2011.6.164.1.1.2.100.1.4.2419480222,OctetString,"""This alarm is generated if the load circuit breaker is OFF or the load fuse is blown and the SMU detects that the voltage between the two ends of the fuse is greater than 6 V."""
.1.3.6.1.4.1.2011.6.164.1.1.2.100.1.4.2419480223,OctetString,"""This alarm is generated if the load circuit breaker is OFF or the load fuse is blown and the SMU detects that the voltage between the two ends of the fuse is greater than 6 V."""
.1.3.6.1.4.1.2011.6.164.1.1.2.100.1.4.2419480224,OctetString,"""This alarm is generated if the load circuit breaker is OFF or the load fuse is blown and the SMU detects that the voltage between the two ends of the fuse is greater than 6 V."""
.1.3.6.1.4.1.2011.6.164.1.1.2.100.1.4.2419480225,OctetString,"""This alarm is generated if the load circuit breaker is OFF or the load fuse is blown and the SMU detects that the voltage between the two ends of the fuse is greater than 6 V."""
.1.3.6.1.4.1.2011.6.164.1.1.2.100.1.4.2419480226,OctetString,"""This alarm is generated if the load circuit breaker is OFF or the load fuse is blown and the SMU detects that the voltage between the two ends of the fuse is greater than 6 V."""
.1.3.6.1.4.1.2011.6.164.1.1.2.100.1.4.2419480227,OctetString,"""This alarm is generated if the load circuit breaker is OFF or the load fuse is blown and the SMU detects that the voltage between the two ends of the fuse is greater than 6 V."""
.1.3.6.1.4.1.2011.6.164.1.1.2.100.1.4.2419480228,OctetString,"""This alarm is generated if the load circuit breaker is OFF or the load fuse is blown and the SMU detects that the voltage between the two ends of the fuse is greater than 6 V."""
.1.3.6.1.4.1.2011.6.164.1.1.2.100.1.4.2419480229,OctetString,"""This alarm is generated if the load circuit breaker is OFF or the load fuse is blown and the SMU detects that the voltage between the two ends of the fuse is greater than 6 V."""
.1.3.6.1.4.1.2011.6.164.1.1.2.100.1.4.2419480230,OctetString,"""This alarm is generated if the load circuit breaker is OFF or the load fuse is blown and the SMU detects that the voltage between the two ends of the fuse is greater than 6 V."""
.1.3.6.1.4.1.2011.6.164.1.1.2.100.1.4.2419480231,OctetString,"""This alarm is generated if the load circuit breaker is OFF or the load fuse is blown and the SMU detects that the voltage between the two ends of the fuse is greater than 6 V."""
.1.3.6.1.4.1.2011.6.164.1.1.2.100.1.4.2419480232,OctetString,"""This alarm is generated if the load circuit breaker is OFF or the load fuse is blown and the SMU detects that the voltage between the two ends of the fuse is greater than 6 V."""
.1.3.6.1.4.1.2011.6.164.1.1.2.100.1.4.2419480233,OctetString,"""This alarm is generated if the load circuit breaker is OFF or the load fuse is blown and the SMU detects that the voltage between the two ends of the fuse is greater than 6 V."""
.1.3.6.1.4.1.2011.6.164.1.1.2.100.1.4.2419480234,OctetString,"""This alarm is generated if the load circuit breaker is OFF or the load fuse is blown and the SMU detects that the voltage between the two ends of the fuse is greater than 6 V."""
.1.3.6.1.4.1.2011.6.164.1.1.2.100.1.4.2419480235,OctetString,"""This alarm is generated if the load circuit breaker is OFF or the load fuse is blown and the SMU detects that the voltage between the two ends of the fuse is greater than 6 V."""
.1.3.6.1.4.1.2011.6.164.1.1.2.100.1.4.2419480236,OctetString,"""This alarm is generated if the load circuit breaker is OFF or the load fuse is blown and the SMU detects that the voltage between the two ends of the fuse is greater than 6 V."""
.1.3.6.1.4.1.2011.6.164.1.1.2.100.1.4.2419480237,OctetString,"""This alarm is generated if the load circuit breaker is OFF or the load fuse is blown and the SMU detects that the voltage between the two ends of the fuse is greater than 6 V."""
.1.3.6.1.4.1.2011.6.164.1.1.2.100.1.4.2419480238,OctetString,"""This alarm is generated if the load circuit breaker is OFF or the load fuse is blown and the SMU detects that the voltage between the two ends of the fuse is greater than 6 V."""
.1.3.6.1.4.1.2011.6.164.1.1.2.100.1.4.2419480239,OctetString,"""This alarm is generated if the door status sensor is configured but not connected or the cabinet or room door is open."""
.1.3.6.1.4.1.2011.6.164.1.1.2.100.1.4.2419480240,OctetString,"""The dry contact input status is consistent with the alarm status (closed by default)."""
.1.3.6.1.4.1.2011.6.164.1.1.2.100.1.4.2419480241,OctetString,"""The dry contact input status is consistent with the alarm status (closed by default)."""
.1.3.6.1.4.1.2011.6.164.1.1.2.100.1.4.2419480242,OctetString,"""The dry contact input status is consistent with the alarm status (closed by default)."""
.1.3.6.1.4.1.2011.6.164.1.1.2.100.1.4.2419480243,OctetString,"""The dry contact input status is consistent with the alarm status (closed by default)."""
.1.3.6.1.4.1.2011.6.164.1.1.2.100.1.4.2419480244,OctetString,"""The dry contact input status is consistent with the alarm status (closed by default)."""
.1.3.6.1.4.1.2011.6.164.1.1.2.100.1.4.2419480245,OctetString,"""The dry contact input status is consistent with the alarm status (closed by default)."""
.1.3.6.1.4.1.2011.6.164.1.1.2.100.1.4.2419480246,OctetString,"""The dry contact input status is consistent with the alarm status (closed by default)."""
.1.3.6.1.4.1.2011.6.164.1.1.2.100.1.4.2419480247,OctetString,"""The dry contact input status is consistent with the alarm status (closed by default)."""
.1.3.6.1.4.1.2011.6.164.1.1.2.100.1.4.2419480248,OctetString,"""The dry contact input status is consistent with the alarm status (closed by default)."""
.1.3.6.1.4.1.2011.6.164.1.1.2.100.1.4.2419480249,OctetString,"""The dry contact input status is consistent with the alarm status (closed by default)."""
.1.3.6.1.4.1.2011.6.164.1.1.2.100.1.4.2419480250,OctetString,"""The dry contact input status is consistent with the alarm status (closed by default)."""
.1.3.6.1.4.1.2011.6.164.1.1.2.100.1.4.2419480251,OctetString,"""The dry contact input status is consistent with the alarm status (closed by default)."""
.1.3.6.1.4.1.2011.6.164.1.1.2.100.1.4.2419480252,OctetString,"""This alarm is generated if the fuse voltage is greater than 0.4 V."""
.1.3.6.1.4.1.2011.6.164.1.1.2.100.1.4.2419480253,OctetString,"""This alarm is generated if the fuse voltage is greater than 0.4 V."""
.1.3.6.1.4.1.2011.6.164.1.1.2.100.1.4.2419480254,OctetString,"""This alarm is generated if the fuse voltage is greater than 0.4 V."""
.1.3.6.1.4.1.2011.6.164.1.1.2.100.1.4.2419480255,OctetString,"""This alarm is generated if the fuse voltage is greater than 0.4 V."""
.1.3.6.1.4.1.2011.6.164.1.1.2.100.1.4.2419480256,OctetString,"""This alarm is generated if the fuse voltage is greater than 0.4 V."""
.1.3.6.1.4.1.2011.6.164.1.1.2.100.1.4.2419480257,OctetString,"""This alarm is generated if the fuse voltage is greater than 0.4 V."""
.1.3.6.1.4.1.2011.6.164.1.1.2.100.1.4.2419480258,OctetString,"""This alarm is generated if the address set by the DIP switch is duplicate with another one."""
.1.3.6.1.4.1.2011.6.164.1.1.2.100.1.4.2419480259,OctetString,""""""
.1.3.6.1.4.1.2011.6.164.1.1.2.100.1.4.2419480260,OctetString,""""""
.1.3.6.1.4.1.2011.6.164.1.1.2.100.1.4.2419992561,OctetString,""""""
.1.3.6.1.4.1.2011.6.164.1.1.2.100.1.4.2419992562,OctetString,""""""
.1.3.6.1.4.1.2011.6.164.1.1.2.100.1.4.2419997600,OctetString,""""""
.1.3.6.1.4.1.2011.6.164.1.1.2.100.1.4.2419997605,OctetString,""""""
.1.3.6.1.4.1.2011.6.164.1.1.2.100.1.4.2419997632,OctetString,""""""
.1.3.6.1.4.1.2011.6.164.1.1.2.100.1.4.2419997633,OctetString,""""""
.1.3.6.1.4.1.2011.6.164.1.1.2.100.1.4.2419997634,OctetString,""""""
.1.3.6.1.4.1.2011.6.164.1.1.2.100.1.4.2419997642,OctetString,""""""
.1.3.6.1.4.1.2011.6.164.1.1.2.100.1.4.2420043776,OctetString,""""""
.1.3.6.1.4.1.2011.6.164.1.1.2.100.1.4.2420043777,OctetString,""""""
.1.3.6.1.4.1.2011.6.164.1.1.2.100.1.4.2420043917,OctetString,""""""
.1.3.6.1.4.1.2011.6.164.1.1.2.100.1.4.2420043918,OctetString,""""""
.1.3.6.1.4.1.2011.6.164.1.1.2.100.1.4.2420043987,OctetString,""""""
.1.3.6.1.4.1.2011.6.164.1.1.2.100.1.4.2420043988,OctetString,""""""
.1.3.6.1.4.1.2011.6.164.1.1.2.100.1.4.2420043992,OctetString,""""""
.1.3.6.1.4.1.2011.6.164.1.1.2.100.1.4.2420043993,OctetString,""""""
.1.3.6.1.4.1.2011.6.164.1.1.2.100.1.4.2420044048,OctetString,""""""
.1.3.6.1.4.1.2011.6.164.1.1.2.100.1.4.2420044170,OctetString,""""""
.1.3.6.1.4.1.2011.6.164.1.1.2.100.1.4.2420044171,OctetString,""""""
.1.3.6.1.4.1.2011.6.164.1.1.2.100.1.100.538322929,Integer,1
.1.3.6.1.4.1.2011.6.164.1.1.2.100.1.100.538322930,Integer,1
.1.3.6.1.4.1.2011.6.164.1.1.2.100.1.100.538327968,Integer,1
.1.3.6.1.4.1.2011.6.164.1.1.2.100.1.100.538327973,Integer,1
.1.3.6.1.4.1.2011.6.164.1.1.2.100.1.100.538328000,Integer,1
.1.3.6.1.4.1.2011.6.164.1.1.2.100.1.100.538328001,Integer,1
.1.3.6.1.4.1.2011.6.164.1.1.2.100.1.100.538328002,Integer,1
.1.3.6.1.4.1.2011.6.164.1.1.2.100.1.100.538328010,Integer,1
.1.3.6.1.4.1.2011.6.164.1.1.2.100.1.100.538374144,Integer,1
.1.3.6.1.4.1.2011.6.164.1.1.2.100.1.100.538374145,Integer,1
.1.3.6.1.4.1.2011.6.164.1.1.2.100.1.100.538374285,Integer,1
.1.3.6.1.4.1.2011.6.164.1.1.2.100.1.100.538374286,Integer,1
.1.3.6.1.4.1.2011.6.164.1.1.2.100.1.100.538374355,Integer,1
.1.3.6.1.4.1.2011.6.164.1.1.2.100.1.100.538374356,Integer,1
.1.3.6.1.4.1.2011.6.164.1.1.2.100.1.100.538374360,Integer,1
.1.3.6.1.4.1.2011.6.164.1.1.2.100.1.100.538374361,Integer,1
.1.3.6.1.4.1.2011.6.164.1.1.2.100.1.100.538374416,Integer,1
.1.3.6.1.4.1.2011.6.164.1.1.2.100.1.100.538374538,Integer,1
.1.3.6.1.4.1.2011.6.164.1.1.2.100.1.100.538374539,Integer,1
.1.3.6.1.4.1.2011.6.164.1.1.2.100.1.100.2147549292,Integer,1
.1.3.6.1.4.1.2011.6.164.1.1.2.100.1.100.2147549604,Integer,1
.1.3.6.1.4.1.2011.6.164.1.1.2.100.1.100.2147550734,Integer,1
.1.3.6.1.4.1.2011.6.164.1.1.2.100.1.100.2147550736,Integer,1
.1.3.6.1.4.1.2011.6.164.1.1.2.100.1.100.2147550737,Integer,1
.1.3.6.1.4.1.2011.6.164.1.1.2.100.1.100.2147550739,Integer,1
.1.3.6.1.4.1.2011.6.164.1.1.2.100.1.100.2147550740,Integer,1
.1.3.6.1.4.1.2011.6.164.1.1.2.100.1.100.2147550741,Integer,1
.1.3.6.1.4.1.2011.6.164.1.1.2.100.1.100.2147550742,Integer,1
.1.3.6.1.4.1.2011.6.164.1.1.2.100.1.100.2147550743,Integer,1
.1.3.6.1.4.1.2011.6.164.1.1.2.100.1.100.2147550744,Integer,1
.1.3.6.1.4.1.2011.6.164.1.1.2.100.1.100.2147550751,Integer,1
.1.3.6.1.4.1.2011.6.164.1.1.2.100.1.100.2147550752,Integer,1
.1.3.6.1.4.1.2011.6.164.1.1.2.100.1.100.2147550753,Integer,1
.1.3.6.1.4.1.2011.6.164.1.1.2.100.1.100.2147558008,Integer,1
.1.3.6.1.4.1.2011.6.164.1.1.2.100.1.100.2147558009,Integer,1
.1.3.6.1.4.1.2011.6.164.1.1.2.100.1.100.2147559284,Integer,1
.1.3.6.1.4.1.2011.6.164.1.1.2.100.1.100.2147559315,Integer,1
.1.3.6.1.4.1.2011.6.164.1.1.2.100.1.100.2147559336,Integer,1
.1.3.6.1.4.1.2011.6.164.1.1.2.100.1.100.2147559337,Integer,1
.1.3.6.1.4.1.2011.6.164.1.1.2.100.1.100.2147559338,Integer,1
.1.3.6.1.4.1.2011.6.164.1.1.2.100.1.100.2147559339,Integer,1
.1.3.6.1.4.1.2011.6.164.1.1.2.100.1.100.2147559353,Integer,1
.1.3.6.1.4.1.2011.6.164.1.1.2.100.1.100.2147559354,Integer,1
.1.3.6.1.4.1.2011.6.164.1.1.2.100.1.100.2147559355,Integer,1
.1.3.6.1.4.1.2011.6.164.1.1.2.100.1.100.2147559356,Integer,1
.1.3.6.1.4.1.2011.6.164.1.1.2.100.1.100.2147559357,Integer,1
.1.3.6.1.4.1.2011.6.164.1.1.2.100.1.100.2147559359,Integer,1
.1.3.6.1.4.1.2011.6.164.1.1.2.100.1.100.2147559360,Integer,1
.1.3.6.1.4.1.2011.6.164.1.1.2.100.1.100.2147559361,Integer,1
.1.3.6.1.4.1.2011.6.164.1.1.2.100.1.100.2147559362,Integer,1
.1.3.6.1.4.1.2011.6.164.1.1.2.100.1.100.2147559363,Integer,1
.1.3.6.1.4.1.2011.6.164.1.1.2.100.1.100.2147559364,Integer,1
.1.3.6.1.4.1.2011.6.164.1.1.2.100.1.100.2147559365,Integer,1
.1.3.6.1.4.1.2011.6.164.1.1.2.100.1.100.2147559366,Integer,1
.1.3.6.1.4.1.2011.6.164.1.1.2.100.1.100.2147559367,Integer,1
.1.3.6.1.4.1.2011.6.164.1.1.2.100.1.100.2147559368,Integer,1
.1.3.6.1.4.1.2011.6.164.1.1.2.100.1.100.2147559369,Integer,1
.1.3.6.1.4.1.2011.6.164.1.1.2.100.1.100.2147559370,Integer,1
.1.3.6.1.4.1.2011.6.164.1.1.2.100.1.100.2147559371,Integer,1
.1.3.6.1.4.1.2011.6.164.1.1.2.100.1.100.2147559372,Integer,1
.1.3.6.1.4.1.2011.6.164.1.1.2.100.1.100.2147559373,Integer,1
.1.3.6.1.4.1.2011.6.164.1.1.2.100.1.100.2147559374,Integer,1
.1.3.6.1.4.1.2011.6.164.1.1.2.100.1.100.2147559375,Integer,1
.1.3.6.1.4.1.2011.6.164.1.1.2.100.1.100.2147559376,Integer,1
.1.3.6.1.4.1.2011.6.164.1.1.2.100.1.100.2147559377,Integer,1
.1.3.6.1.4.1.2011.6.164.1.1.2.100.1.100.2147559396,Integer,1
.1.3.6.1.4.1.2011.6.164.1.1.2.100.1.100.2147559408,Integer,1
.1.3.6.1.4.1.2011.6.164.1.1.2.100.1.100.2147559415,Integer,1
.1.3.6.1.4.1.2011.6.164.1.1.2.100.1.100.2147559416,Integer,1
.1.3.6.1.4.1.2011.6.164.1.1.2.100.1.100.2147559417,Integer,1
.1.3.6.1.4.1.2011.6.164.1.1.2.100.1.100.2147559418,Integer,1
.1.3.6.1.4.1.2011.6.164.1.1.2.100.1.100.2147559419,Integer,1
.1.3.6.1.4.1.2011.6.164.1.1.2.100.1.100.2147559420,Integer,1
.1.3.6.1.4.1.2011.6.164.1.1.2.100.1.100.2147559421,Integer,1
.1.3.6.1.4.1.2011.6.164.1.1.2.100.1.100.2147559422,Integer,1
.1.3.6.1.4.1.2011.6.164.1.1.2.100.1.100.2147559423,Integer,1
.1.3.6.1.4.1.2011.6.164.1.1.2.100.1.100.2147559424,Integer,1
.1.3.6.1.4.1.2011.6.164.1.1.2.100.1.100.2147559425,Integer,1
.1.3.6.1.4.1.2011.6.164.1.1.2.100.1.100.2147559426,Integer,1
.1.3.6.1.4.1.2011.6.164.1.1.2.100.1.100.2147559427,Integer,1
.1.3.6.1.4.1.2011.6.164.1.1.2.100.1.100.2147559428,Integer,1
.1.3.6.1.4.1.2011.6.164.1.1.2.100.1.100.2147559429,Integer,1
.1.3.6.1.4.1.2011.6.164.1.1.2.100.1.100.2147559430,Integer,1
.1.3.6.1.4.1.2011.6.164.1.1.2.100.1.100.2147559431,Integer,1
.1.3.6.1.4.1.2011.6.164.1.1.2.100.1.100.2147559432,Integer,1
.1.3.6.1.4.1.2011.6.164.1.1.2.100.1.100.2147559433,Integer,1
.1.3.6.1.4.1.2011.6.164.1.1.2.100.1.100.2147559434,Integer,1
.1.3.6.1.4.1.2011.6.164.1.1.2.100.1.100.2147559447,Integer,1
.1.3.6.1.4.1.2011.6.164.1.1.2.100.1.100.2147559448,Integer,1
.1.3.6.1.4.1.2011.6.164.1.1.2.100.1.100.2147559449,Integer,1
.1.3.6.1.4.1.2011.6.164.1.1.2.100.1.100.2147559451,Integer,1
.1.3.6.1.4.1.2011.6.164.1.1.2.100.1.100.2147559452,Integer,1
.1.3.6.1.4.1.2011.6.164.1.1.2.100.1.100.2147559453,Integer,1
.1.3.6.1.4.1.2011.6.164.1.1.2.100.1.100.2147559454,Integer,1
.1.3.6.1.4.1.2011.6.164.1.1.2.100.1.100.2147559455,Integer,1
.1.3.6.1.4.1.2011.6.164.1.1.2.100.1.100.2147559456,Integer,1
.1.3.6.1.4.1.2011.6.164.1.1.2.100.1.100.2147559457,Integer,1
.1.3.6.1.4.1.2011.6.164.1.1.2.100.1.100.2147559458,Integer,1
.1.3.6.1.4.1.2011.6.164.1.1.2.100.1.100.2147559459,Integer,1
.1.3.6.1.4.1.2011.6.164.1.1.2.100.1.100.2147559480,Integer,1
.1.3.6.1.4.1.2011.6.164.1.1.2.100.1.100.2147559481,Integer,1
.1.3.6.1.4.1.2011.6.164.1.1.2.100.1.100.2147559483,Integer,1
.1.3.6.1.4.1.2011.6.164.1.1.2.100.1.100.2147564440,Integer,1
.1.3.6.1.4.1.2011.6.164.1.1.2.100.1.100.2147564441,Integer,1
.1.3.6.1.4.1.2011.6.164.1.1.2.100.1.100.2147564444,Integer,1
.1.3.6.1.4.1.2011.6.164.1.1.2.100.1.100.2147564445,Integer,1
.1.3.6.1.4.1.2011.6.164.1.1.2.100.1.100.2147564449,Integer,1
.1.3.6.1.4.1.2011.6.164.1.1.2.100.1.100.2147564450,Integer,1
.1.3.6.1.4.1.2011.6.164.1.1.2.100.1.100.2147564454,Integer,1
.1.3.6.1.4.1.2011.6.164.1.1.2.100.1.100.2147564455,Integer,1
.1.3.6.1.4.1.2011.6.164.1.1.2.100.1.100.2147564456,Integer,1
.1.3.6.1.4.1.2011.6.164.1.1.2.100.1.100.2147564466,Integer,1
.1.3.6.1.4.1.2011.6.164.1.1.2.100.1.100.2147564467,Integer,1
.1.3.6.1.4.1.2011.6.164.1.1.2.100.1.100.2147564468,Integer,1
.1.3.6.1.4.1.2011.6.164.1.1.2.100.1.100.2147564469,Integer,1
.1.3.6.1.4.1.2011.6.164.1.1.2.100.1.100.2147564473,Integer,1
.1.3.6.1.4.1.2011.6.164.1.1.2.100.1.100.2147564474,Integer,1
.1.3.6.1.4.1.2011.6.164.1.1.2.100.1.100.2147564475,Integer,1
.1.3.6.1.4.1.2011.6.164.1.1.2.100.1.100.2147564476,Integer,1
.1.3.6.1.4.1.2011.6.164.1.1.2.100.1.100.2147564477,Integer,1
.1.3.6.1.4.1.2011.6.164.1.1.2.100.1.100.2147564478,Integer,1
.1.3.6.1.4.1.2011.6.164.1.1.2.100.1.100.2147564479,Integer,1
.1.3.6.1.4.1.2011.6.164.1.1.2.100.1.100.2147564480,Integer,1
.1.3.6.1.4.1.2011.6.164.1.1.2.100.1.100.2147564489,Integer,1
.1.3.6.1.4.1.2011.6.164.1.1.2.100.1.100.2147564491,Integer,1
.1.3.6.1.4.1.2011.6.164.1.1.2.100.1.100.2147564492,Integer,1
.1.3.6.1.4.1.2011.6.164.1.1.2.100.1.100.2147564493,Integer,1
.1.3.6.1.4.1.2011.6.164.1.1.2.100.1.100.2147564514,Integer,1
.1.3.6.1.4.1.2011.6.164.1.1.2.100.1.100.2147564516,Integer,1
.1.3.6.1.4.1.2011.6.164.1.1.2.100.1.100.2147569971,Integer,1
.1.3.6.1.4.1.2011.6.164.1.1.2.100.1.100.2147569972,Integer,1
.1.3.6.1.4.1.2011.6.164.1.1.2.100.1.100.2147569973,Integer,1
.1.3.6.1.4.1.2011.6.164.1.1.2.100.1.100.2147569974,Integer,1
.1.3.6.1.4.1.2011.6.164.1.1.2.100.1.100.2147569977,Integer,1
.1.3.6.1.4.1.2011.6.164.1.1.2.100.1.100.2147569978,Integer,1
.1.3.6.1.4.1.2011.6.164.1.1.2.100.1.100.2147569979,Integer,1
.1.3.6.1.4.1.2011.6.164.1.1.2.100.1.100.2147569980,Integer,1
.1.3.6.1.4.1.2011.6.164.1.1.2.100.1.100.2147569982,Integer,1
.1.3.6.1.4.1.2011.6.164.1.1.2.100.1.100.2147569983,Integer,1
.1.3.6.1.4.1.2011.6.164.1.1.2.100.1.100.2147569984,Integer,1
.1.3.6.1.4.1.2011.6.164.1.1.2.100.1.100.2147569985,Integer,1
.1.3.6.1.4.1.2011.6.164.1.1.2.100.1.100.2147569987,Integer,1
.1.3.6.1.4.1.2011.6.164.1.1.2.100.1.100.2147569988,Integer,1
.1.3.6.1.4.1.2011.6.164.1.1.2.100.1.100.2147569989,Integer,1
.1.3.6.1.4.1.2011.6.164.1.1.2.100.1.100.2147569990,Integer,1
.1.3.6.1.4.1.2011.6.164.1.1.2.100.1.100.2147586150,Integer,1
.1.3.6.1.4.1.2011.6.164.1.1.2.100.1.100.2147586152,Integer,1
.1.3.6.1.4.1.2011.6.164.1.1.2.100.1.100.2147586160,Integer,1
.1.3.6.1.4.1.2011.6.164.1.1.2.100.1.100.2147589338,Integer,1
.1.3.6.1.4.1.2011.6.164.1.1.2.100.1.100.2147589340,Integer,1
.1.3.6.1.4.1.2011.6.164.1.1.2.100.1.100.2147589341,Integer,1
.1.3.6.1.4.1.2011.6.164.1.1.2.100.1.100.2147610780,Integer,1
.1.3.6.1.4.1.2011.6.164.1.1.2.100.1.100.2147610790,Integer,1
.1.3.6.1.4.1.2011.6.164.1.1.2.100.1.100.2147611028,Integer,1
.1.3.6.1.4.1.2011.6.164.1.1.2.100.1.100.2147611029,Integer,1
.1.3.6.1.4.1.2011.6.164.1.1.2.100.1.100.2147611030,Integer,1
.1.3.6.1.4.1.2011.6.164.1.1.2.100.1.100.2147616322,Integer,1
.1.3.6.1.4.1.2011.6.164.1.1.2.100.1.100.2147616323,Integer,1
.1.3.6.1.4.1.2011.6.164.1.1.2.100.1.100.2147616324,Integer,1
.1.3.6.1.4.1.2011.6.164.1.1.2.100.1.100.2147616327,Integer,1
.1.3.6.1.4.1.2011.6.164.1.1.2.100.1.100.2147616328,Integer,1
.1.3.6.1.4.1.2011.6.164.1.1.2.100.1.100.2147616329,Integer,1
.1.3.6.1.4.1.2011.6.164.1.1.2.100.1.100.2147616333,Integer,1
.1.3.6.1.4.1.2011.6.164.1.1.2.100.1.100.2147616334,Integer,1
.1.3.6.1.4.1.2011.6.164.1.1.2.100.1.100.2147616335,Integer,1
.1.3.6.1.4.1.2011.6.164.1.1.2.100.1.100.2147616336,Integer,1
.1.3.6.1.4.1.2011.6.164.1.1.2.100.1.100.2147616337,Integer,1
.1.3.6.1.4.1.2011.6.164.1.1.2.100.1.100.2147623533,Integer,1
.1.3.6.1.4.1.2011.6.164.1.1.2.100.1.100.2147623534,Integer,1
.1.3.6.1.4.1.2011.6.164.1.1.2.100.1.100.2147676357,Integer,1
.1.3.6.1.4.1.2011.6.164.1.1.2.100.1.100.2147689056,Integer,1
.1.3.6.1.4.1.2011.6.164.1.1.2.100.1.100.2147689058,Integer,1
.1.3.6.1.4.1.2011.6.164.1.1.2.100.1.100.2147689059,Integer,1
.1.3.6.1.4.1.2011.6.164.1.1.2.100.1.100.2147689060,Integer,1
.1.3.6.1.4.1.2011.6.164.1.1.2.100.1.100.2147689061,Integer,1
.1.3.6.1.4.1.2011.6.164.1.1.2.100.1.100.2147689062,Integer,1
.1.3.6.1.4.1.2011.6.164.1.1.2.100.1.100.2147689063,Integer,1
.1.3.6.1.4.1.2011.6.164.1.1.2.100.1.100.2147689064,Integer,1
.1.3.6.1.4.1.2011.6.164.1.1.2.100.1.100.2147689065,Integer,1
.1.3.6.1.4.1.2011.6.164.1.1.2.100.1.100.2147689066,Integer,1
.1.3.6.1.4.1.2011.6.164.1.1.2.100.1.100.2147689069,Integer,1
.1.3.6.1.4.1.2011.6.164.1.1.2.100.1.100.2147689071,Integer,1
.1.3.6.1.4.1.2011.6.164.1.1.2.100.1.100.2147689075,Integer,1
.1.3.6.1.4.1.2011.6.164.1.1.2.100.1.100.2147746495,Integer,1
.1.3.6.1.4.1.2011.6.164.1.1.2.100.1.100.2147746496,Integer,1
.1.3.6.1.4.1.2011.6.164.1.1.2.100.1.100.2147746497,Integer,1
.1.3.6.1.4.1.2011.6.164.1.1.2.100.1.100.2147746498,Integer,1
.1.3.6.1.4.1.2011.6.164.1.1.2.100.1.100.2147746528,Integer,1
.1.3.6.1.4.1.2011.6.164.1.1.2.100.1.100.2147755893,Integer,1
.1.3.6.1.4.1.2011.6.164.1.1.2.100.1.100.2147755895,Integer,1
.1.3.6.1.4.1.2011.6.164.1.1.2.100.1.100.2147755898,Integer,1
.1.3.6.1.4.1.2011.6.164.1.1.2.100.1.100.2147755900,Integer,1
.1.3.6.1.4.1.2011.6.164.1.1.2.100.1.100.2147756512,Integer,1
.1.3.6.1.4.1.2011.6.164.1.1.2.100.1.100.2147756513,Integer,1
.1.3.6.1.4.1.2011.6.164.1.1.2.100.1.100.2147756515,Integer,1
.1.3.6.1.4.1.2011.6.164.1.1.2.100.1.100.2147756518,Integer,1
.1.3.6.1.4.1.2011.6.164.1.1.2.100.1.100.2147756523,Integer,1
.1.3.6.1.4.1.2011.6.164.1.1.2.100.1.100.2147756524,Integer,1
.1.3.6.1.4.1.2011.6.164.1.1.2.100.1.100.2147756525,Integer,1
.1.3.6.1.4.1.2011.6.164.1.1.2.100.1.100.2147756526,Integer,1
.1.3.6.1.4.1.2011.6.164.1.1.2.100.1.100.2147756527,Integer,1
.1.3.6.1.4.1.2011.6.164.1.1.2.100.1.100.2147756540,Integer,1
.1.3.6.1.4.1.2011.6.164.1.1.2.100.1.100.2147756548,Integer,1
.1.3.6.1.4.1.2011.6.164.1.1.2.100.1.100.2147756549,Integer,1
.1.3.6.1.4.1.2011.6.164.1.1.2.100.1.100.2147756574,Integer,1
.1.3.6.1.4.1.2011.6.164.1.1.2.100.1.100.2147756575,Integer,1
.1.3.6.1.4.1.2011.6.164.1.1.2.100.1.100.2147756576,Integer,1
.1.3.6.1.4.1.2011.6.164.1.1.2.100.1.100.2147756585,Integer,1
.1.3.6.1.4.1.2011.6.164.1.1.2.100.1.100.2147756587,Integer,1
.1.3.6.1.4.1.2011.6.164.1.1.2.100.1.100.2147756588,Integer,1
.1.3.6.1.4.1.2011.6.164.1.1.2.100.1.100.2147756589,Integer,1
.1.3.6.1.4.1.2011.6.164.1.1.2.100.1.100.2147756590,Integer,1
.1.3.6.1.4.1.2011.6.164.1.1.2.100.1.100.2147756591,Integer,1
.1.3.6.1.4.1.2011.6.164.1.1.2.100.1.100.2147765557,Integer,1
.1.3.6.1.4.1.2011.6.164.1.1.2.100.1.100.2147765558,Integer,1
.1.3.6.1.4.1.2011.6.164.1.1.2.100.1.100.2147765559,Integer,1
.1.3.6.1.4.1.2011.6.164.1.1.2.100.1.100.2147765575,Integer,1
.1.3.6.1.4.1.2011.6.164.1.1.2.100.1.100.2147765576,Integer,1
.1.3.6.1.4.1.2011.6.164.1.1.2.100.1.100.2147765577,Integer,1
.1.3.6.1.4.1.2011.6.164.1.1.2.100.1.100.2147765578,Integer,1
.1.3.6.1.4.1.2011.6.164.1.1.2.100.1.100.2147765580,Integer,1
.1.3.6.1.4.1.2011.6.164.1.1.2.100.1.100.2147768496,Integer,1
.1.3.6.1.4.1.2011.6.164.1.1.2.100.1.100.2147768497,Integer,1
.1.3.6.1.4.1.2011.6.164.1.1.2.100.1.100.2147821886,Integer,1
.1.3.6.1.4.1.2011.6.164.1.1.2.100.1.100.2147821887,Integer,1
.1.3.6.1.4.1.2011.6.164.1.1.2.100.1.100.2147822086,Integer,1
.1.3.6.1.4.1.2011.6.164.1.1.2.100.1.100.2147822092,Integer,1
.1.3.6.1.4.1.2011.6.164.1.1.2.100.1.100.2147822098,Integer,1
.1.3.6.1.4.1.2011.6.164.1.1.2.100.1.100.2147822113,Integer,1
.1.3.6.1.4.1.2011.6.164.1.1.2.100.1.100.2147822114,Integer,1
.1.3.6.1.4.1.2011.6.164.1.1.2.100.1.100.2147822115,Integer,1
.1.3.6.1.4.1.2011.6.164.1.1.2.100.1.100.2147822116,Integer,1
.1.3.6.1.4.1.2011.6.164.1.1.2.100.1.100.2148082822,Integer,1
.1.3.6.1.4.1.2011.6.164.1.1.2.100.1.100.2148082823,Integer,1
.1.3.6.1.4.1.2011.6.164.1.1.2.100.1.100.2148082825,Integer,1
.1.3.6.1.4.1.2011.6.164.1.1.2.100.1.100.2148082826,Integer,1
.1.3.6.1.4.1.2011.6.164.1.1.2.100.1.100.2148082827,Integer,1
.1.3.6.1.4.1.2011.6.164.1.1.2.100.1.100.2148082828,Integer,1
.1.3.6.1.4.1.2011.6.164.1.1.2.100.1.100.2148082836,Integer,1
.1.3.6.1.4.1.2011.6.164.1.1.2.100.1.100.2148082837,Integer,1
.1.3.6.1.4.1.2011.6.164.1.1.2.100.1.100.2148082838,Integer,1
.1.3.6.1.4.1.2011.6.164.1.1.2.100.1.100.2148082840,Integer,1
.1.3.6.1.4.1.2011.6.164.1.1.2.100.1.100.2148082841,Integer,1
.1.3.6.1.4.1.2011.6.164.1.1.2.100.1.100.2148082842,Integer,1
.1.3.6.1.4.1.2011.6.164.1.1.2.100.1.100.2148082844,Integer,1
.1.3.6.1.4.1.2011.6.164.1.1.2.100.1.100.2148082846,Integer,1
.1.3.6.1.4.1.2011.6.164.1.1.2.100.1.100.2148082847,Integer,1
.1.3.6.1.4.1.2011.6.164.1.1.2.100.1.100.2148082848,Integer,1
.1.3.6.1.4.1.2011.6.164.1.1.2.100.1.100.2148082849,Integer,1
.1.3.6.1.4.1.2011.6.164.1.1.2.100.1.100.2148082850,Integer,1
.1.3.6.1.4.1.2011.6.164.1.1.2.100.1.100.2148082851,Integer,1
.1.3.6.1.4.1.2011.6.164.1.1.2.100.1.100.2148082852,Integer,1
.1.3.6.1.4.1.2011.6.164.1.1.2.100.1.100.2148142458,Integer,1
.1.3.6.1.4.1.2011.6.164.1.1.2.100.1.100.2148151419,Integer,1
.1.3.6.1.4.1.2011.6.164.1.1.2.100.1.100.2148151420,Integer,1
.1.3.6.1.4.1.2011.6.164.1.1.2.100.1.100.2148151421,Integer,1
.1.3.6.1.4.1.2011.6.164.1.1.2.100.1.100.2148151422,Integer,1
.1.3.6.1.4.1.2011.6.164.1.1.2.100.1.100.2148214494,Integer,1
.1.3.6.1.4.1.2011.6.164.1.1.2.100.1.100.2148214495,Integer,1
.1.3.6.1.4.1.2011.6.164.1.1.2.100.1.100.2148214496,Integer,1
.1.3.6.1.4.1.2011.6.164.1.1.2.100.1.100.2148214497,Integer,1
.1.3.6.1.4.1.2011.6.164.1.1.2.100.1.100.2148214498,Integer,1
.1.3.6.1.4.1.2011.6.164.1.1.2.100.1.100.2148214510,Integer,1
.1.3.6.1.4.1.2011.6.164.1.1.2.100.1.100.2148214512,Integer,1
.1.3.6.1.4.1.2011.6.164.1.1.2.100.1.100.2148266387,Integer,1
.1.3.6.1.4.1.2011.6.164.1.1.2.100.1.100.2148280038,Integer,1
.1.3.6.1.4.1.2011.6.164.1.1.2.100.1.100.2148280039,Integer,1
.1.3.6.1.4.1.2011.6.164.1.1.2.100.1.100.2148280040,Integer,1
.1.3.6.1.4.1.2011.6.164.1.1.2.100.1.100.2148280041,Integer,1
.1.3.6.1.4.1.2011.6.164.1.1.2.100.1.100.2148280056,Integer,1
.1.3.6.1.4.1.2011.6.164.1.1.2.100.1.100.2148332027,Integer,1
.1.3.6.1.4.1.2011.6.164.1.1.2.100.1.100.2148335723,Integer,1
.1.3.6.1.4.1.2011.6.164.1.1.2.100.1.100.2148335738,Integer,1
.1.3.6.1.4.1.2011.6.164.1.1.2.100.1.100.2148355367,Integer,1
.1.3.6.1.4.1.2011.6.164.1.1.2.100.1.100.2148355368,Integer,1
.1.3.6.1.4.1.2011.6.164.1.1.2.100.1.100.2148355369,Integer,1
.1.3.6.1.4.1.2011.6.164.1.1.2.100.1.100.2148397066,Integer,1
.1.3.6.1.4.1.2011.6.164.1.1.2.100.1.100.2148477939,Integer,1
.1.3.6.1.4.1.2011.6.164.1.1.2.100.1.100.2148477940,Integer,1
.1.3.6.1.4.1.2011.6.164.1.1.2.100.1.100.2148477941,Integer,1
.1.3.6.1.4.1.2011.6.164.1.1.2.100.1.100.2148477942,Integer,1
.1.3.6.1.4.1.2011.6.164.1.1.2.100.1.100.2148477943,Integer,1
.1.3.6.1.4.1.2011.6.164.1.1.2.100.1.100.2148477944,Integer,1
.1.3.6.1.4.1.2011.6.164.1.1.2.100.1.100.2148477945,Integer,1
.1.3.6.1.4.1.2011.6.164.1.1.2.100.1.100.2148477946,Integer,1
.1.3.6.1.4.1.2011.6.164.1.1.2.100.1.100.2148477947,Integer,1
.1.3.6.1.4.1.2011.6.164.1.1.2.100.1.100.2148477948,Integer,1
.1.3.6.1.4.1.2011.6.164.1.1.2.100.1.100.2148477949,Integer,1
.1.3.6.1.4.1.2011.6.164.1.1.2.100.1.100.2148477950,Integer,1
.1.3.6.1.4.1.2011.6.164.1.1.2.100.1.100.2148536024,Integer,1
.1.3.6.1.4.1.2011.6.164.1.1.2.100.1.100.2148606612,Integer,1
.1.3.6.1.4.1.2011.6.164.1.1.2.100.1.100.2148606614,Integer,1
.1.3.6.1.4.1.2011.6.164.1.1.2.100.1.100.2148664946,Integer,1
.1.3.6.1.4.1.2011.6.164.1.1.2.100.1.100.2148664948,Integer,1
.1.3.6.1.4.1.2011.6.164.1.1.2.100.1.100.2148664949,Integer,1
.1.3.6.1.4.1.2011.6.164.1.1.2.100.1.100.2148664950,Integer,1
.1.3.6.1.4.1.2011.6.164.1.1.2.100.1.100.2148672146,Integer,1
.1.3.6.1.4.1.2011.6.164.1.1.2.100.1.100.2148803566,Integer,1
.1.3.6.1.4.1.2011.6.164.1.1.2.100.1.100.2148803567,Integer,1
.1.3.6.1.4.1.2011.6.164.1.1.2.100.1.100.2148803568,Integer,1
.1.3.6.1.4.1.2011.6.164.1.1.2.100.1.100.2148803569,Integer,1
.1.3.6.1.4.1.2011.6.164.1.1.2.100.1.100.2148803570,Integer,1
.1.3.6.1.4.1.2011.6.164.1.1.2.100.1.100.2148803571,Integer,1
.1.3.6.1.4.1.2011.6.164.1.1.2.100.1.100.2148803572,Integer,1
.1.3.6.1.4.1.2011.6.164.1.1.2.100.1.100.2148803573,Integer,1
.1.3.6.1.4.1.2011.6.164.1.1.2.100.1.100.2148803574,Integer,1
.1.3.6.1.4.1.2011.6.164.1.1.2.100.1.100.2148803575,Integer,1
.1.3.6.1.4.1.2011.6.164.1.1.2.100.1.100.2148803576,Integer,1
.1.3.6.1.4.1.2011.6.164.1.1.2.100.1.100.2148803577,Integer,1
.1.3.6.1.4.1.2011.6.164.1.1.2.100.1.100.2148803578,Integer,1
.1.3.6.1.4.1.2011.6.164.1.1.2.100.1.100.2148803579,Integer,1
.1.3.6.1.4.1.2011.6.164.1.1.2.100.1.100.2148803580,Integer,1
.1.3.6.1.4.1.2011.6.164.1.1.2.100.1.100.2148803581,Integer,1
.1.3.6.1.4.1.2011.6.164.1.1.2.100.1.100.2148803582,Integer,1
.1.3.6.1.4.1.2011.6.164.1.1.2.100.1.100.2148803583,Integer,1
.1.3.6.1.4.1.2011.6.164.1.1.2.100.1.100.2148803584,Integer,1
.1.3.6.1.4.1.2011.6.164.1.1.2.100.1.100.2148803585,Integer,1
.1.3.6.1.4.1.2011.6.164.1.1.2.100.1.100.2148803586,Integer,1
.1.3.6.1.4.1.2011.6.164.1.1.2.100.1.100.2148803587,Integer,1
.1.3.6.1.4.1.2011.6.164.1.1.2.100.1.100.2148803588,Integer,1
.1.3.6.1.4.1.2011.6.164.1.1.2.100.1.100.2148803589,Integer,1
.1.3.6.1.4.1.2011.6.164.1.1.2.100.1.100.2148803590,Integer,1
.1.3.6.1.4.1.2011.6.164.1.1.2.100.1.100.2148803591,Integer,1
.1.3.6.1.4.1.2011.6.164.1.1.2.100.1.100.2148803592,Integer,1
.1.3.6.1.4.1.2011.6.164.1.1.2.100.1.100.2148803593,Integer,1
.1.3.6.1.4.1.2011.6.164.1.1.2.100.1.100.2148803594,Integer,1
.1.3.6.1.4.1.2011.6.164.1.1.2.100.1.100.2148803595,Integer,1
.1.3.6.1.4.1.2011.6.164.1.1.2.100.1.100.2148803596,Integer,1
.1.3.6.1.4.1.2011.6.164.1.1.2.100.1.100.2148803597,Integer,1
.1.3.6.1.4.1.2011.6.164.1.1.2.100.1.100.2148803598,Integer,1
.1.3.6.1.4.1.2011.6.164.1.1.2.100.1.100.2148803599,Integer,1
.1.3.6.1.4.1.2011.6.164.1.1.2.100.1.100.2148803600,Integer,1
.1.3.6.1.4.1.2011.6.164.1.1.2.100.1.100.2148803601,Integer,1
.1.3.6.1.4.1.2011.6.164.1.1.2.100.1.100.2148803602,Integer,1
.1.3.6.1.4.1.2011.6.164.1.1.2.100.1.100.2148803603,Integer,1
.1.3.6.1.4.1.2011.6.164.1.1.2.100.1.100.2148803604,Integer,1
.1.3.6.1.4.1.2011.6.164.1.1.2.100.1.100.2148803605,Integer,1
.1.3.6.1.4.1.2011.6.164.1.1.2.100.1.100.2148803606,Integer,1
.1.3.6.1.4.1.2011.6.164.1.1.2.100.1.100.2148803607,Integer,1
.1.3.6.1.4.1.2011.6.164.1.1.2.100.1.100.2148855813,Integer,1
.1.3.6.1.4.1.2011.6.164.1.1.2.100.1.100.2148855814,Integer,1
.1.3.6.1.4.1.2011.6.164.1.1.2.100.1.100.2148855815,Integer,1
.1.3.6.1.4.1.2011.6.164.1.1.2.100.1.100.2148855816,Integer,1
.1.3.6.1.4.1.2011.6.164.1.1.2.100.1.100.2148855817,Integer,1
.1.3.6.1.4.1.2011.6.164.1.1.2.100.1.100.2148936641,Integer,1
.1.3.6.1.4.1.2011.6.164.1.1.2.100.1.100.2148936642,Integer,1
.1.3.6.1.4.1.2011.6.164.1.1.2.100.1.100.2148936644,Integer,1
.1.3.6.1.4.1.2011.6.164.1.1.2.100.1.100.2148936645,Integer,1
.1.3.6.1.4.1.2011.6.164.1.1.2.100.1.100.2148945391,Integer,1
.1.3.6.1.4.1.2011.6.164.1.1.2.100.1.100.2148945392,Integer,1
.1.3.6.1.4.1.2011.6.164.1.1.2.100.1.100.2148945393,Integer,1
.1.3.6.1.4.1.2011.6.164.1.1.2.100.1.100.2148945394,Integer,1
.1.3.6.1.4.1.2011.6.164.1.1.2.100.1.100.2148945395,Integer,1
.1.3.6.1.4.1.2011.6.164.1.1.2.100.1.100.2148945396,Integer,1
.1.3.6.1.4.1.2011.6.164.1.1.2.100.1.100.2148945397,Integer,1
.1.3.6.1.4.1.2011.6.164.1.1.2.100.1.100.2148945398,Integer,1
.1.3.6.1.4.1.2011.6.164.1.1.2.100.1.100.2148945399,Integer,1
.1.3.6.1.4.1.2011.6.164.1.1.2.100.1.100.2148945400,Integer,1
.1.3.6.1.4.1.2011.6.164.1.1.2.100.1.100.2148945402,Integer,1
.1.3.6.1.4.1.2011.6.164.1.1.2.100.1.100.2148945403,Integer,1
.1.3.6.1.4.1.2011.6.164.1.1.2.100.1.100.2148945404,Integer,1
.1.3.6.1.4.1.2011.6.164.1.1.2.100.1.100.2148945405,Integer,1
.1.3.6.1.4.1.2011.6.164.1.1.2.100.1.100.2148945406,Integer,1
.1.3.6.1.4.1.2011.6.164.1.1.2.100.1.100.2148945407,Integer,1
.1.3.6.1.4.1.2011.6.164.1.1.2.100.1.100.2148945408,Integer,1
.1.3.6.1.4.1.2011.6.164.1.1.2.100.1.100.2148945409,Integer,1
.1.3.6.1.4.1.2011.6.164.1.1.2.100.1.100.2148945410,Integer,1
.1.3.6.1.4.1.2011.6.164.1.1.2.100.1.100.2148945413,Integer,1
.1.3.6.1.4.1.2011.6.164.1.1.2.100.1.100.2148945414,Integer,1
.1.3.6.1.4.1.2011.6.164.1.1.2.100.1.100.2148945415,Integer,1
.1.3.6.1.4.1.2011.6.164.1.1.2.100.1.100.2148945416,Integer,1
.1.3.6.1.4.1.2011.6.164.1.1.2.100.1.100.2148945417,Integer,1
.1.3.6.1.4.1.2011.6.164.1.1.2.100.1.100.2148945419,Integer,1
.1.3.6.1.4.1.2011.6.164.1.1.2.100.1.100.2148945422,Integer,1
.1.3.6.1.4.1.2011.6.164.1.1.2.100.1.100.2148945423,Integer,1
.1.3.6.1.4.1.2011.6.164.1.1.2.100.1.100.2148945424,Integer,1
.1.3.6.1.4.1.2011.6.164.1.1.2.100.1.100.2148945426,Integer,1
.1.3.6.1.4.1.2011.6.164.1.1.2.100.1.100.2148945427,Integer,1
.1.3.6.1.4.1.2011.6.164.1.1.2.100.1.100.2148945431,Integer,1
.1.3.6.1.4.1.2011.6.164.1.1.2.100.1.100.2148945434,Integer,1
.1.3.6.1.4.1.2011.6.164.1.1.2.100.1.100.2148945437,Integer,1
.1.3.6.1.4.1.2011.6.164.1.1.2.100.1.100.2148945439,Integer,1
.1.3.6.1.4.1.2011.6.164.1.1.2.100.1.100.2148945440,Integer,1
.1.3.6.1.4.1.2011.6.164.1.1.2.100.1.100.2148947544,Integer,1
.1.3.6.1.4.1.2011.6.164.1.1.2.100.1.100.2148947545,Integer,1
.1.3.6.1.4.1.2011.6.164.1.1.2.100.1.100.2148947546,Integer,1
.1.3.6.1.4.1.2011.6.164.1.1.2.100.1.100.2148947548,Integer,1
.1.3.6.1.4.1.2011.6.164.1.1.2.100.1.100.2148947549,Integer,1
.1.3.6.1.4.1.2011.6.164.1.1.2.100.1.100.2148947550,Integer,1
.1.3.6.1.4.1.2011.6.164.1.1.2.100.1.100.2148962336,Integer,1
.1.3.6.1.4.1.2011.6.164.1.1.2.100.1.100.2148962337,Integer,1
.1.3.6.1.4.1.2011.6.164.1.1.2.100.1.100.2148962338,Integer,1
.1.3.6.1.4.1.2011.6.164.1.1.2.100.1.100.2148962339,Integer,1
.1.3.6.1.4.1.2011.6.164.1.1.2.100.1.100.2148962340,Integer,1
.1.3.6.1.4.1.2011.6.164.1.1.2.100.1.100.2148962341,Integer,1
.1.3.6.1.4.1.2011.6.164.1.1.2.100.1.100.2148962342,Integer,1
.1.3.6.1.4.1.2011.6.164.1.1.2.100.1.100.2148962343,Integer,1
.1.3.6.1.4.1.2011.6.164.1.1.2.100.1.100.2148962344,Integer,1
.1.3.6.1.4.1.2011.6.164.1.1.2.100.1.100.2148962351,Integer,1
.1.3.6.1.4.1.2011.6.164.1.1.2.100.1.100.2148966001,Integer,1
.1.3.6.1.4.1.2011.6.164.1.1.2.100.1.100.2148966002,Integer,1
.1.3.6.1.4.1.2011.6.164.1.1.2.100.1.100.2148966003,Integer,1
.1.3.6.1.4.1.2011.6.164.1.1.2.100.1.100.2148966004,Integer,1
.1.3.6.1.4.1.2011.6.164.1.1.2.100.1.100.2149009129,Integer,1
.1.3.6.1.4.1.2011.6.164.1.1.2.100.1.100.2149013083,Integer,1
.1.3.6.1.4.1.2011.6.164.1.1.2.100.1.100.2149057218,Integer,1
.1.3.6.1.4.1.2011.6.164.1.1.2.100.1.100.2149067065,Integer,1
.1.3.6.1.4.1.2011.6.164.1.1.2.100.1.100.2149070312,Integer,1
.1.3.6.1.4.1.2011.6.164.1.1.2.100.1.100.2149070313,Integer,1
.1.3.6.1.4.1.2011.6.164.1.1.2.100.1.100.2149070324,Integer,1
.1.3.6.1.4.1.2011.6.164.1.1.2.100.1.100.2149070325,Integer,1
.1.3.6.1.4.1.2011.6.164.1.1.2.100.1.100.2149070326,Integer,1
.1.3.6.1.4.1.2011.6.164.1.1.2.100.1.100.2149070328,Integer,1
.1.3.6.1.4.1.2011.6.164.1.1.2.100.1.100.2149070329,Integer,1
.1.3.6.1.4.1.2011.6.164.1.1.2.100.1.100.2149070330,Integer,1
.1.3.6.1.4.1.2011.6.164.1.1.2.100.1.100.2149070331,Integer,1
.1.3.6.1.4.1.2011.6.164.1.1.2.100.1.100.2149070332,Integer,1
.1.3.6.1.4.1.2011.6.164.1.1.2.100.1.100.2149070333,Integer,1
.1.3.6.1.4.1.2011.6.164.1.1.2.100.1.100.2149118137,Integer,1
.1.3.6.1.4.1.2011.6.164.1.1.2.100.1.100.2149132606,Integer,1
.1.3.6.1.4.1.2011.6.164.1.1.2.100.1.100.2149135798,Integer,1
.1.3.6.1.4.1.2011.6.164.1.1.2.100.1.100.2149135799,Integer,1
.1.3.6.1.4.1.2011.6.164.1.1.2.100.1.100.2149135800,Integer,1
.1.3.6.1.4.1.2011.6.164.1.1.2.100.1.100.2149135801,Integer,1
.1.3.6.1.4.1.2011.6.164.1.1.2.100.1.100.2149135802,Integer,1
.1.3.6.1.4.1.2011.6.164.1.1.2.100.1.100.2149135803,Integer,1
.1.3.6.1.4.1.2011.6.164.1.1.2.100.1.100.2149135804,Integer,1
.1.3.6.1.4.1.2011.6.164.1.1.2.100.1.100.2149135805,Integer,1
.1.3.6.1.4.1.2011.6.164.1.1.2.100.1.100.2149135806,Integer,1
.1.3.6.1.4.1.2011.6.164.1.1.2.100.1.100.2149135807,Integer,1
.1.3.6.1.4.1.2011.6.164.1.1.2.100.1.100.2149135808,Integer,1
.1.3.6.1.4.1.2011.6.164.1.1.2.100.1.100.2149135809,Integer,1
.1.3.6.1.4.1.2011.6.164.1.1.2.100.1.100.2149135810,Integer,1
.1.3.6.1.4.1.2011.6.164.1.1.2.100.1.100.2149135811,Integer,1
.1.3.6.1.4.1.2011.6.164.1.1.2.100.1.100.2149135812,Integer,1
.1.3.6.1.4.1.2011.6.164.1.1.2.100.1.100.2149135813,Integer,1
.1.3.6.1.4.1.2011.6.164.1.1.2.100.1.100.2149135814,Integer,1
.1.3.6.1.4.1.2011.6.164.1.1.2.100.1.100.2149135815,Integer,1
.1.3.6.1.4.1.2011.6.164.1.1.2.100.1.100.2149135816,Integer,1
.1.3.6.1.4.1.2011.6.164.1.1.2.100.1.100.2149135817,Integer,1
.1.3.6.1.4.1.2011.6.164.1.1.2.100.1.100.2149135818,Integer,1
.1.3.6.1.4.1.2011.6.164.1.1.2.100.1.100.2149135819,Integer,1
.1.3.6.1.4.1.2011.6.164.1.1.2.100.1.100.2149135820,Integer,1
.1.3.6.1.4.1.2011.6.164.1.1.2.100.1.100.2149135821,Integer,1
.1.3.6.1.4.1.2011.6.164.1.1.2.100.1.100.2149135822,Integer,1
.1.3.6.1.4.1.2011.6.164.1.1.2.100.1.100.2149135823,Integer,1
.1.3.6.1.4.1.2011.6.164.1.1.2.100.1.100.2149135824,Integer,1
.1.3.6.1.4.1.2011.6.164.1.1.2.100.1.100.2149135825,Integer,1
.1.3.6.1.4.1.2011.6.164.1.1.2.100.1.100.2149135826,Integer,1
.1.3.6.1.4.1.2011.6.164.1.1.2.100.1.100.2149135827,Integer,1
.1.3.6.1.4.1.2011.6.164.1.1.2.100.1.100.2149135828,Integer,1
.1.3.6.1.4.1.2011.6.164.1.1.2.100.1.100.2149135829,Integer,1
.1.3.6.1.4.1.2011.6.164.1.1.2.100.1.100.2149135830,Integer,1
.1.3.6.1.4.1.2011.6.164.1.1.2.100.1.100.2149135831,Integer,1
.1.3.6.1.4.1.2011.6.164.1.1.2.100.1.100.2149135832,Integer,1
.1.3.6.1.4.1.2011.6.164.1.1.2.100.1.100.2149135833,Integer,1
.1.3.6.1.4.1.2011.6.164.1.1.2.100.1.100.2149135835,Integer,1
.1.3.6.1.4.1.2011.6.164.1.1.2.100.1.100.2149135837,Integer,1
.1.3.6.1.4.1.2011.6.164.1.1.2.100.1.100.2149135840,Integer,1
.1.3.6.1.4.1.2011.6.164.1.1.2.100.1.100.2149135841,Integer,1
.1.3.6.1.4.1.2011.6.164.1.1.2.100.1.100.2149135842,Integer,1
.1.3.6.1.4.1.2011.6.164.1.1.2.100.1.100.2149135843,Integer,1
.1.3.6.1.4.1.2011.6.164.1.1.2.100.1.100.2149135844,Integer,1
.1.3.6.1.4.1.2011.6.164.1.1.2.100.1.100.2149144679,Integer,1
.1.3.6.1.4.1.2011.6.164.1.1.2.100.1.100.2149183520,Integer,1
.1.3.6.1.4.1.2011.6.164.1.1.2.100.1.100.2149183521,Integer,1
.1.3.6.1.4.1.2011.6.164.1.1.2.100.1.100.2149183522,Integer,1
.1.3.6.1.4.1.2011.6.164.1.1.2.100.1.100.2149183684,Integer,1
.1.3.6.1.4.1.2011.6.164.1.1.2.100.1.100.2149183693,Integer,1
.1.3.6.1.4.1.2011.6.164.1.1.2.100.1.100.2149183694,Integer,1
.1.3.6.1.4.1.2011.6.164.1.1.2.100.1.100.2149183695,Integer,1
.1.3.6.1.4.1.2011.6.164.1.1.2.100.1.100.2149183696,Integer,1
.1.3.6.1.4.1.2011.6.164.1.1.2.100.1.100.2149183697,Integer,1
.1.3.6.1.4.1.2011.6.164.1.1.2.100.1.100.2149183698,Integer,1
.1.3.6.1.4.1.2011.6.164.1.1.2.100.1.100.2149183854,Integer,1
.1.3.6.1.4.1.2011.6.164.1.1.2.100.1.100.2149184107,Integer,1
.1.3.6.1.4.1.2011.6.164.1.1.2.100.1.100.2149195235,Integer,1
.1.3.6.1.4.1.2011.6.164.1.1.2.100.1.100.2149195236,Integer,1
.1.3.6.1.4.1.2011.6.164.1.1.2.100.1.100.2149195237,Integer,1
.1.3.6.1.4.1.2011.6.164.1.1.2.100.1.100.2149195238,Integer,1
.1.3.6.1.4.1.2011.6.164.1.1.2.100.1.100.2149195239,Integer,1
.1.3.6.1.4.1.2011.6.164.1.1.2.100.1.100.2149195240,Integer,1
.1.3.6.1.4.1.2011.6.164.1.1.2.100.1.100.2149195241,Integer,1
.1.3.6.1.4.1.2011.6.164.1.1.2.100.1.100.2149195242,Integer,1
.1.3.6.1.4.1.2011.6.164.1.1.2.100.1.100.2149195243,Integer,1
.1.3.6.1.4.1.2011.6.164.1.1.2.100.1.100.2149195244,Integer,1
.1.3.6.1.4.1.2011.6.164.1.1.2.100.1.100.2149195245,Integer,1
.1.3.6.1.4.1.2011.6.164.1.1.2.100.1.100.2149195248,Integer,1
.1.3.6.1.4.1.2011.6.164.1.1.2.100.1.100.2149195250,Integer,1
.1.3.6.1.4.1.2011.6.164.1.1.2.100.1.100.2149195251,Integer,1
.1.3.6.1.4.1.2011.6.164.1.1.2.100.1.100.2149249035,Integer,1
.1.3.6.1.4.1.2011.6.164.1.1.2.100.1.100.2149406455,Integer,1
.1.3.6.1.4.1.2011.6.164.1.1.2.100.1.100.2149406456,Integer,1
.1.3.6.1.4.1.2011.6.164.1.1.2.100.1.100.2149406457,Integer,1
.1.3.6.1.4.1.2011.6.164.1.1.2.100.1.100.2149406458,Integer,1
.1.3.6.1.4.1.2011.6.164.1.1.2.100.1.100.2149469629,Integer,1
.1.3.6.1.4.1.2011.6.164.1.1.2.100.1.100.2149469630,Integer,1
.1.3.6.1.4.1.2011.6.164.1.1.2.100.1.100.2149469631,Integer,1
.1.3.6.1.4.1.2011.6.164.1.1.2.100.1.100.2149469632,Integer,1
.1.3.6.1.4.1.2011.6.164.1.1.2.100.1.100.2149469633,Integer,1
.1.3.6.1.4.1.2011.6.164.1.1.2.100.1.100.2149469634,Integer,1
.1.3.6.1.4.1.2011.6.164.1.1.2.100.1.100.2149469635,Integer,1
.1.3.6.1.4.1.2011.6.164.1.1.2.100.1.100.2149511366,Integer,1
.1.3.6.1.4.1.2011.6.164.1.1.2.100.1.100.2149511370,Integer,1
.1.3.6.1.4.1.2011.6.164.1.1.2.100.1.100.2149590756,Integer,1
.1.3.6.1.4.1.2011.6.164.1.1.2.100.1.100.2149656293,Integer,1
.1.3.6.1.4.1.2011.6.164.1.1.2.100.1.100.2149722481,Integer,1
.1.3.6.1.4.1.2011.6.164.1.1.2.100.1.100.2149722483,Integer,1
.1.3.6.1.4.1.2011.6.164.1.1.2.100.1.100.2149722484,Integer,1
.1.3.6.1.4.1.2011.6.164.1.1.2.100.1.100.2149722485,Integer,1
.1.3.6.1.4.1.2011.6.164.1.1.2.100.1.100.2149722486,Integer,1
.1.3.6.1.4.1.2011.6.164.1.1.2.100.1.100.2149722487,Integer,1
.1.3.6.1.4.1.2011.6.164.1.1.2.100.1.100.2149722488,Integer,1
.1.3.6.1.4.1.2011.6.164.1.1.2.100.1.100.2149722492,Integer,1
.1.3.6.1.4.1.2011.6.164.1.1.2.100.1.100.2149722493,Integer,1
.1.3.6.1.4.1.2011.6.164.1.1.2.100.1.100.2149722495,Integer,1
.1.3.6.1.4.1.2011.6.164.1.1.2.100.1.100.2149722496,Integer,1
.1.3.6.1.4.1.2011.6.164.1.1.2.100.1.100.2149722498,Integer,1
.1.3.6.1.4.1.2011.6.164.1.1.2.100.1.100.2149722499,Integer,1
.1.3.6.1.4.1.2011.6.164.1.1.2.100.1.100.2149722500,Integer,1
.1.3.6.1.4.1.2011.6.164.1.1.2.100.1.100.2149722501,Integer,1
.1.3.6.1.4.1.2011.6.164.1.1.2.100.1.100.2149722502,Integer,1
.1.3.6.1.4.1.2011.6.164.1.1.2.100.1.100.2149722503,Integer,1
.1.3.6.1.4.1.2011.6.164.1.1.2.100.1.100.2149722504,Integer,1
.1.3.6.1.4.1.2011.6.164.1.1.2.100.1.100.2149722505,Integer,1
.1.3.6.1.4.1.2011.6.164.1.1.2.100.1.100.2149722508,Integer,1
.1.3.6.1.4.1.2011.6.164.1.1.2.100.1.100.2149724973,Integer,1
.1.3.6.1.4.1.2011.6.164.1.1.2.100.1.100.2149725012,Integer,1
.1.3.6.1.4.1.2011.6.164.1.1.2.100.1.100.2149725013,Integer,1
.1.3.6.1.4.1.2011.6.164.1.1.2.100.1.100.2149790512,Integer,1
.1.3.6.1.4.1.2011.6.164.1.1.2.100.1.100.2149790513,Integer,1
.1.3.6.1.4.1.2011.6.164.1.1.2.100.1.100.2149790514,Integer,1
.1.3.6.1.4.1.2011.6.164.1.1.2.100.1.100.2149790700,Integer,1
.1.3.6.1.4.1.2011.6.164.1.1.2.100.1.100.2149790701,Integer,1
.1.3.6.1.4.1.2011.6.164.1.1.2.100.1.100.2149790702,Integer,1
.1.3.6.1.4.1.2011.6.164.1.1.2.100.1.100.2149791259,Integer,1
.1.3.6.1.4.1.2011.6.164.1.1.2.100.1.100.2149791260,Integer,1
.1.3.6.1.4.1.2011.6.164.1.1.2.100.1.100.2149791264,Integer,1
.1.3.6.1.4.1.2011.6.164.1.1.2.100.1.100.2149791265,Integer,1
.1.3.6.1.4.1.2011.6.164.1.1.2.100.1.100.2149791266,Integer,1
.1.3.6.1.4.1.2011.6.164.1.1.2.100.1.100.2149791267,Integer,1
.1.3.6.1.4.1.2011.6.164.1.1.2.100.1.100.2149791268,Integer,1
.1.3.6.1.4.1.2011.6.164.1.1.2.100.1.100.2149791269,Integer,1
.1.3.6.1.4.1.2011.6.164.1.1.2.100.1.100.2149791270,Integer,1
.1.3.6.1.4.1.2011.6.164.1.1.2.100.1.100.2149791271,Integer,1
.1.3.6.1.4.1.2011.6.164.1.1.2.100.1.100.2149791272,Integer,1
.1.3.6.1.4.1.2011.6.164.1.1.2.100.1.100.2149791273,Integer,1
.1.3.6.1.4.1.2011.6.164.1.1.2.100.1.100.2149791274,Integer,1
.1.3.6.1.4.1.2011.6.164.1.1.2.100.1.100.2149791275,Integer,1
.1.3.6.1.4.1.2011.6.164.1.1.2.100.1.100.2149791276,Integer,1
.1.3.6.1.4.1.2011.6.164.1.1.2.100.1.100.2149791277,Integer,1
.1.3.6.1.4.1.2011.6.164.1.1.2.100.1.100.2149791279,Integer,1
.1.3.6.1.4.1.2011.6.164.1.1.2.100.1.100.2149791280,Integer,1
.1.3.6.1.4.1.2011.6.164.1.1.2.100.1.100.2149791326,Integer,1
.1.3.6.1.4.1.2011.6.164.1.1.2.100.1.100.2149791340,Integer,1
.1.3.6.1.4.1.2011.6.164.1.1.2.100.1.100.2149791471,Integer,1
.1.3.6.1.4.1.2011.6.164.1.1.2.100.1.100.2149859995,Integer,1
.1.3.6.1.4.1.2011.6.164.1.1.2.100.1.100.2149990667,Integer,1
.1.3.6.1.4.1.2011.6.164.1.1.2.100.1.100.2149990668,Integer,1
.1.3.6.1.4.1.2011.6.164.1.1.2.100.1.100.2149990669,Integer,1
.1.3.6.1.4.1.2011.6.164.1.1.2.100.1.100.2149990670,Integer,1
.1.3.6.1.4.1.2011.6.164.1.1.2.100.1.100.2149990671,Integer,1
.1.3.6.1.4.1.2011.6.164.1.1.2.100.1.100.2149990672,Integer,1
.1.3.6.1.4.1.2011.6.164.1.1.2.100.1.100.2149990673,Integer,1
.1.3.6.1.4.1.2011.6.164.1.1.2.100.1.100.2149990674,Integer,1
.1.3.6.1.4.1.2011.6.164.1.1.2.100.1.100.2149990675,Integer,1
.1.3.6.1.4.1.2011.6.164.1.1.2.100.1.100.2149990676,Integer,1
.1.3.6.1.4.1.2011.6.164.1.1.2.100.1.100.2149990677,Integer,1
.1.3.6.1.4.1.2011.6.164.1.1.2.100.1.100.2149990678,Integer,1
.1.3.6.1.4.1.2011.6.164.1.1.2.100.1.100.2150056103,Integer,1
.1.3.6.1.4.1.2011.6.164.1.1.2.100.1.100.2150056104,Integer,1
.1.3.6.1.4.1.2011.6.164.1.1.2.100.1.100.2150056105,Integer,1
.1.3.6.1.4.1.2011.6.164.1.1.2.100.1.100.2150056106,Integer,1
.1.3.6.1.4.1.2011.6.164.1.1.2.100.1.100.2150056107,Integer,1
.1.3.6.1.4.1.2011.6.164.1.1.2.100.1.100.2150056108,Integer,1
.1.3.6.1.4.1.2011.6.164.1.1.2.100.1.100.2150056109,Integer,1
.1.3.6.1.4.1.2011.6.164.1.1.2.100.1.100.2150056110,Integer,1
.1.3.6.1.4.1.2011.6.164.1.1.2.100.1.100.2150056111,Integer,1
.1.3.6.1.4.1.2011.6.164.1.1.2.100.1.100.2150056112,Integer,1
.1.3.6.1.4.1.2011.6.164.1.1.2.100.1.100.2150056113,Integer,1
.1.3.6.1.4.1.2011.6.164.1.1.2.100.1.100.2150056114,Integer,1
.1.3.6.1.4.1.2011.6.164.1.1.2.100.1.100.2150056115,Integer,1
.1.3.6.1.4.1.2011.6.164.1.1.2.100.1.100.2150056116,Integer,1
.1.3.6.1.4.1.2011.6.164.1.1.2.100.1.100.2150056117,Integer,1
.1.3.6.1.4.1.2011.6.164.1.1.2.100.1.100.2150056118,Integer,1
.1.3.6.1.4.1.2011.6.164.1.1.2.100.1.100.2150056119,Integer,1
.1.3.6.1.4.1.2011.6.164.1.1.2.100.1.100.2150056120,Integer,1
.1.3.6.1.4.1.2011.6.164.1.1.2.100.1.100.2150056121,Integer,1
.1.3.6.1.4.1.2011.6.164.1.1.2.100.1.100.2150056122,Integer,1
.1.3.6.1.4.1.2011.6.164.1.1.2.100.1.100.2150056123,Integer,1
.1.3.6.1.4.1.2011.6.164.1.1.2.100.1.100.2150318081,Integer,1
.1.3.6.1.4.1.2011.6.164.1.1.2.100.1.100.2150327077,Integer,1
.1.3.6.1.4.1.2011.6.164.1.1.2.100.1.100.2150834384,Integer,1
.1.3.6.1.4.1.2011.6.164.1.1.2.100.1.100.2150834385,Integer,1
.1.3.6.1.4.1.2011.6.164.1.1.2.100.1.100.2150834386,Integer,1
.1.3.6.1.4.1.2011.6.164.1.1.2.100.1.100.2150834389,Integer,1
.1.3.6.1.4.1.2011.6.164.1.1.2.100.1.100.2150834390,Integer,1
.1.3.6.1.4.1.2011.6.164.1.1.2.100.1.100.2150834391,Integer,1
.1.3.6.1.4.1.2011.6.164.1.1.2.100.1.100.2150834392,Integer,1
.1.3.6.1.4.1.2011.6.164.1.1.2.100.1.100.2150834393,Integer,1
.1.3.6.1.4.1.2011.6.164.1.1.2.100.1.100.2150834394,Integer,1
.1.3.6.1.4.1.2011.6.164.1.1.2.100.1.100.2150834395,Integer,1
.1.3.6.1.4.1.2011.6.164.1.1.2.100.1.100.2150834396,Integer,1
.1.3.6.1.4.1.2011.6.164.1.1.2.100.1.100.2150834397,Integer,1
.1.3.6.1.4.1.2011.6.164.1.1.2.100.1.100.2150834398,Integer,1
.1.3.6.1.4.1.2011.6.164.1.1.2.100.1.100.2150834441,Integer,1
.1.3.6.1.4.1.2011.6.164.1.1.2.100.1.100.2150834452,Integer,1
.1.3.6.1.4.1.2011.6.164.1.1.2.100.1.100.2150834453,Integer,1
.1.3.6.1.4.1.2011.6.164.1.1.2.100.1.100.2150834454,Integer,1
.1.3.6.1.4.1.2011.6.164.1.1.2.100.1.100.2150834455,Integer,1
.1.3.6.1.4.1.2011.6.164.1.1.2.100.1.100.2150834456,Integer,1
.1.3.6.1.4.1.2011.6.164.1.1.2.100.1.100.2150834457,Integer,1
.1.3.6.1.4.1.2011.6.164.1.1.2.100.1.100.2150834458,Integer,1
.1.3.6.1.4.1.2011.6.164.1.1.2.100.1.100.2150834459,Integer,1
.1.3.6.1.4.1.2011.6.164.1.1.2.100.1.100.2150834460,Integer,1
.1.3.6.1.4.1.2011.6.164.1.1.2.100.1.100.2150834461,Integer,1
.1.3.6.1.4.1.2011.6.164.1.1.2.100.1.100.2150834462,Integer,1
.1.3.6.1.4.1.2011.6.164.1.1.2.100.1.100.2150834463,Integer,1
.1.3.6.1.4.1.2011.6.164.1.1.2.100.1.100.2150834464,Integer,1
.1.3.6.1.4.1.2011.6.164.1.1.2.100.1.100.2150834465,Integer,1
.1.3.6.1.4.1.2011.6.164.1.1.2.100.1.100.2150834466,Integer,1
.1.3.6.1.4.1.2011.6.164.1.1.2.100.1.100.2150834467,Integer,1
.1.3.6.1.4.1.2011.6.164.1.1.2.100.1.100.2150834468,Integer,1
.1.3.6.1.4.1.2011.6.164.1.1.2.100.1.100.2150834469,Integer,1
.1.3.6.1.4.1.2011.6.164.1.1.2.100.1.100.2150834470,Integer,1
.1.3.6.1.4.1.2011.6.164.1.1.2.100.1.100.2150834471,Integer,1
.1.3.6.1.4.1.2011.6.164.1.1.2.100.1.100.2150834472,Integer,1
.1.3.6.1.4.1.2011.6.164.1.1.2.100.1.100.2150834473,Integer,1
.1.3.6.1.4.1.2011.6.164.1.1.2.100.1.100.2150834474,Integer,1
.1.3.6.1.4.1.2011.6.164.1.1.2.100.1.100.2150834475,Integer,1
.1.3.6.1.4.1.2011.6.164.1.1.2.100.1.100.2150834476,Integer,1
.1.3.6.1.4.1.2011.6.164.1.1.2.100.1.100.2150834477,Integer,1
.1.3.6.1.4.1.2011.6.164.1.1.2.100.1.100.2150834478,Integer,1
.1.3.6.1.4.1.2011.6.164.1.1.2.100.1.100.2150834479,Integer,1
.1.3.6.1.4.1.2011.6.164.1.1.2.100.1.100.2150834480,Integer,1
.1.3.6.1.4.1.2011.6.164.1.1.2.100.1.100.2150834481,Integer,1
.1.3.6.1.4.1.2011.6.164.1.1.2.100.1.100.2150887436,Integer,1
.1.3.6.1.4.1.2011.6.164.1.1.2.100.1.100.2150887437,Integer,1
.1.3.6.1.4.1.2011.6.164.1.1.2.100.1.100.2150887438,Integer,1
.1.3.6.1.4.1.2011.6.164.1.1.2.100.1.100.2150887439,Integer,1
.1.3.6.1.4.1.2011.6.164.1.1.2.100.1.100.2151166265,Integer,1
.1.3.6.1.4.1.2011.6.164.1.1.2.100.1.100.2151166267,Integer,1
.1.3.6.1.4.1.2011.6.164.1.1.2.100.1.100.2152011218,Integer,1
.1.3.6.1.4.1.2011.6.164.1.1.2.100.1.100.2152011219,Integer,1
.1.3.6.1.4.1.2011.6.164.1.1.2.100.1.100.2152011484,Integer,1
.1.3.6.1.4.1.2011.6.164.1.1.2.100.1.100.2152930801,Integer,1
.1.3.6.1.4.1.2011.6.164.1.1.2.100.1.100.2155039039,Integer,1
.1.3.6.1.4.1.2011.6.164.1.1.2.100.1.100.2155039040,Integer,1
.1.3.6.1.4.1.2011.6.164.1.1.2.100.1.100.2155878346,Integer,1
.1.3.6.1.4.1.2011.6.164.1.1.2.100.1.100.2155943862,Integer,1
.1.3.6.1.4.1.2011.6.164.1.1.2.100.1.100.2156009408,Integer,1
.1.3.6.1.4.1.2011.6.164.1.1.2.100.1.100.2156069280,Integer,1
.1.3.6.1.4.1.2011.6.164.1.1.2.100.1.100.2156069281,Integer,1
.1.3.6.1.4.1.2011.6.164.1.1.2.100.1.100.2156069282,Integer,1
.1.3.6.1.4.1.2011.6.164.1.1.2.100.1.100.2156069283,Integer,1
.1.3.6.1.4.1.2011.6.164.1.1.2.100.1.100.2156078974,Integer,1
.1.3.6.1.4.1.2011.6.164.1.1.2.100.1.100.2156078975,Integer,1
.1.3.6.1.4.1.2011.6.164.1.1.2.100.1.100.2156078978,Integer,1
.1.3.6.1.4.1.2011.6.164.1.1.2.100.1.100.2156078979,Integer,1
.1.3.6.1.4.1.2011.6.164.1.1.2.100.1.100.2156079075,Integer,1
.1.3.6.1.4.1.2011.6.164.1.1.2.100.1.100.2156149662,Integer,1
.1.3.6.1.4.1.2011.6.164.1.1.2.100.1.100.2156469530,Integer,1
.1.3.6.1.4.1.2011.6.164.1.1.2.100.1.100.2156469531,Integer,1
.1.3.6.1.4.1.2011.6.164.1.1.2.100.1.100.2156469532,Integer,1
.1.3.6.1.4.1.2011.6.164.1.1.2.100.1.100.2156469533,Integer,1
.1.3.6.1.4.1.2011.6.164.1.1.2.100.1.100.2156469534,Integer,1
.1.3.6.1.4.1.2011.6.164.1.1.2.100.1.100.2156469535,Integer,1
.1.3.6.1.4.1.2011.6.164.1.1.2.100.1.100.2156469536,Integer,1
.1.3.6.1.4.1.2011.6.164.1.1.2.100.1.100.2156469537,Integer,1
.1.3.6.1.4.1.2011.6.164.1.1.2.100.1.100.2156469538,Integer,1
.1.3.6.1.4.1.2011.6.164.1.1.2.100.1.100.2156469539,Integer,1
.1.3.6.1.4.1.2011.6.164.1.1.2.100.1.100.2156469540,Integer,1
.1.3.6.1.4.1.2011.6.164.1.1.2.100.1.100.2156469541,Integer,1
.1.3.6.1.4.1.2011.6.164.1.1.2.100.1.100.2156469542,Integer,1
.1.3.6.1.4.1.2011.6.164.1.1.2.100.1.100.2156469543,Integer,1
.1.3.6.1.4.1.2011.6.164.1.1.2.100.1.100.2156469544,Integer,1
.1.3.6.1.4.1.2011.6.164.1.1.2.100.1.100.2156469545,Integer,1
.1.3.6.1.4.1.2011.6.164.1.1.2.100.1.100.2156469546,Integer,1
.1.3.6.1.4.1.2011.6.164.1.1.2.100.1.100.2156469547,Integer,1
.1.3.6.1.4.1.2011.6.164.1.1.2.100.1.100.2156469548,Integer,1
.1.3.6.1.4.1.2011.6.164.1.1.2.100.1.100.2156469549,Integer,1
.1.3.6.1.4.1.2011.6.164.1.1.2.100.1.100.2156469550,Integer,1
.1.3.6.1.4.1.2011.6.164.1.1.2.100.1.100.2156469551,Integer,1
.1.3.6.1.4.1.2011.6.164.1.1.2.100.1.100.2156469552,Integer,1
.1.3.6.1.4.1.2011.6.164.1.1.2.100.1.100.2156469553,Integer,1
.1.3.6.1.4.1.2011.6.164.1.1.2.100.1.100.2156469554,Integer,1
.1.3.6.1.4.1.2011.6.164.1.1.2.100.1.100.2156469555,Integer,1
.1.3.6.1.4.1.2011.6.164.1.1.2.100.1.100.2156469556,Integer,1
.1.3.6.1.4.1.2011.6.164.1.1.2.100.1.100.2156469557,Integer,1
.1.3.6.1.4.1.2011.6.164.1.1.2.100.1.100.2156469558,Integer,1
.1.3.6.1.4.1.2011.6.164.1.1.2.100.1.100.2156469559,Integer,1
.1.3.6.1.4.1.2011.6.164.1.1.2.100.1.100.2156469560,Integer,1
.1.3.6.1.4.1.2011.6.164.1.1.2.100.1.100.2156469561,Integer,1
.1.3.6.1.4.1.2011.6.164.1.1.2.100.1.100.2156469562,Integer,1
.1.3.6.1.4.1.2011.6.164.1.1.2.100.1.100.2156469563,Integer,1
.1.3.6.1.4.1.2011.6.164.1.1.2.100.1.100.2156469564,Integer,1
.1.3.6.1.4.1.2011.6.164.1.1.2.100.1.100.2156527923,Integer,1
.1.3.6.1.4.1.2011.6.164.1.1.2.100.1.100.2161006315,Integer,1
.1.3.6.1.4.1.2011.6.164.1.1.2.100.1.100.2161006316,Integer,1
.1.3.6.1.4.1.2011.6.164.1.1.2.100.1.100.2161006317,Integer,1
.1.3.6.1.4.1.2011.6.164.1.1.2.100.1.100.2161006318,Integer,1
.1.3.6.1.4.1.2011.6.164.1.1.2.100.1.100.2164523711,Integer,1
.1.3.6.1.4.1.2011.6.164.1.1.2.100.1.100.2164523712,Integer,1
.1.3.6.1.4.1.2011.6.164.1.1.2.100.1.100.2164523713,Integer,1
.1.3.6.1.4.1.2011.6.164.1.1.2.100.1.100.2164523714,Integer,1
.1.3.6.1.4.1.2011.6.164.1.1.2.100.1.100.2164523744,Integer,1
.1.3.6.1.4.1.2011.6.164.1.1.2.100.1.100.2164533109,Integer,1
.1.3.6.1.4.1.2011.6.164.1.1.2.100.1.100.2164533111,Integer,1
.1.3.6.1.4.1.2011.6.164.1.1.2.100.1.100.2164533739,Integer,1
.1.3.6.1.4.1.2011.6.164.1.1.2.100.1.100.2164533740,Integer,1
.1.3.6.1.4.1.2011.6.164.1.1.2.100.1.100.2164533764,Integer,1
.1.3.6.1.4.1.2011.6.164.1.1.2.100.1.100.2164533765,Integer,1
.1.3.6.1.4.1.2011.6.164.1.1.2.100.1.100.2164533790,Integer,1
.1.3.6.1.4.1.2011.6.164.1.1.2.100.1.100.2164533791,Integer,1
.1.3.6.1.4.1.2011.6.164.1.1.2.100.1.100.2164533792,Integer,1
.1.3.6.1.4.1.2011.6.164.1.1.2.100.1.100.2164533801,Integer,1
.1.3.6.1.4.1.2011.6.164.1.1.2.100.1.100.2164533806,Integer,1
.1.3.6.1.4.1.2011.6.164.1.1.2.100.1.100.2164533807,Integer,1
.1.3.6.1.4.1.2011.6.164.1.1.2.100.1.100.2164542773,Integer,1
.1.3.6.1.4.1.2011.6.164.1.1.2.100.1.100.2164542774,Integer,1
.1.3.6.1.4.1.2011.6.164.1.1.2.100.1.100.2164542775,Integer,1
.1.3.6.1.4.1.2011.6.164.1.1.2.100.1.100.2164599102,Integer,1
.1.3.6.1.4.1.2011.6.164.1.1.2.100.1.100.2164599103,Integer,1
.1.3.6.1.4.1.2011.6.164.1.1.2.100.1.100.2164654783,Integer,1
.1.3.6.1.4.1.2011.6.164.1.1.2.100.1.100.2164654784,Integer,1
.1.3.6.1.4.1.2011.6.164.1.1.2.100.1.100.2164654785,Integer,1
.1.3.6.1.4.1.2011.6.164.1.1.2.100.1.100.2164654786,Integer,1
.1.3.6.1.4.1.2011.6.164.1.1.2.100.1.100.2164654816,Integer,1
.1.3.6.1.4.1.2011.6.164.1.1.2.100.1.100.2164664181,Integer,1
.1.3.6.1.4.1.2011.6.164.1.1.2.100.1.100.2164664183,Integer,1
.1.3.6.1.4.1.2011.6.164.1.1.2.100.1.100.2164664811,Integer,1
.1.3.6.1.4.1.2011.6.164.1.1.2.100.1.100.2164664812,Integer,1
.1.3.6.1.4.1.2011.6.164.1.1.2.100.1.100.2164664836,Integer,1
.1.3.6.1.4.1.2011.6.164.1.1.2.100.1.100.2164664837,Integer,1
.1.3.6.1.4.1.2011.6.164.1.1.2.100.1.100.2164664862,Integer,1
.1.3.6.1.4.1.2011.6.164.1.1.2.100.1.100.2164664863,Integer,1
.1.3.6.1.4.1.2011.6.164.1.1.2.100.1.100.2164664864,Integer,1
.1.3.6.1.4.1.2011.6.164.1.1.2.100.1.100.2164664873,Integer,1
.1.3.6.1.4.1.2011.6.164.1.1.2.100.1.100.2164664878,Integer,1
.1.3.6.1.4.1.2011.6.164.1.1.2.100.1.100.2164664879,Integer,1
.1.3.6.1.4.1.2011.6.164.1.1.2.100.1.100.2164673845,Integer,1
.1.3.6.1.4.1.2011.6.164.1.1.2.100.1.100.2164673846,Integer,1
.1.3.6.1.4.1.2011.6.164.1.1.2.100.1.100.2164673847,Integer,1
.1.3.6.1.4.1.2011.6.164.1.1.2.100.1.100.2164730174,Integer,1
.1.3.6.1.4.1.2011.6.164.1.1.2.100.1.100.2164730175,Integer,1
.1.3.6.1.4.1.2011.6.164.1.1.2.100.1.100.2164785855,Integer,1
.1.3.6.1.4.1.2011.6.164.1.1.2.100.1.100.2164785856,Integer,1
.1.3.6.1.4.1.2011.6.164.1.1.2.100.1.100.2164785857,Integer,1
.1.3.6.1.4.1.2011.6.164.1.1.2.100.1.100.2164785858,Integer,1
.1.3.6.1.4.1.2011.6.164.1.1.2.100.1.100.2164785888,Integer,1
.1.3.6.1.4.1.2011.6.164.1.1.2.100.1.100.2164795253,Integer,1
.1.3.6.1.4.1.2011.6.164.1.1.2.100.1.100.2164795255,Integer,1
.1.3.6.1.4.1.2011.6.164.1.1.2.100.1.100.2164795883,Integer,1
.1.3.6.1.4.1.2011.6.164.1.1.2.100.1.100.2164795884,Integer,1
.1.3.6.1.4.1.2011.6.164.1.1.2.100.1.100.2164795908,Integer,1
.1.3.6.1.4.1.2011.6.164.1.1.2.100.1.100.2164795909,Integer,1
.1.3.6.1.4.1.2011.6.164.1.1.2.100.1.100.2164795934,Integer,1
.1.3.6.1.4.1.2011.6.164.1.1.2.100.1.100.2164795935,Integer,1
.1.3.6.1.4.1.2011.6.164.1.1.2.100.1.100.2164795936,Integer,1
.1.3.6.1.4.1.2011.6.164.1.1.2.100.1.100.2164795945,Integer,1
.1.3.6.1.4.1.2011.6.164.1.1.2.100.1.100.2164795950,Integer,1
.1.3.6.1.4.1.2011.6.164.1.1.2.100.1.100.2164795951,Integer,1
.1.3.6.1.4.1.2011.6.164.1.1.2.100.1.100.2164804917,Integer,1
.1.3.6.1.4.1.2011.6.164.1.1.2.100.1.100.2164804918,Integer,1
.1.3.6.1.4.1.2011.6.164.1.1.2.100.1.100.2164804919,Integer,1
.1.3.6.1.4.1.2011.6.164.1.1.2.100.1.100.2164861246,Integer,1
.1.3.6.1.4.1.2011.6.164.1.1.2.100.1.100.2164861247,Integer,1
.1.3.6.1.4.1.2011.6.164.1.1.2.100.1.100.2165985301,Integer,1
.1.3.6.1.4.1.2011.6.164.1.1.2.100.1.100.2166839119,Integer,1
.1.3.6.1.4.1.2011.6.164.1.1.2.100.1.100.2166839120,Integer,1
.1.3.6.1.4.1.2011.6.164.1.1.2.100.1.100.2166839121,Integer,1
.1.3.6.1.4.1.2011.6.164.1.1.2.100.1.100.2166839122,Integer,1
.1.3.6.1.4.1.2011.6.164.1.1.2.100.1.100.2166839123,Integer,1
.1.3.6.1.4.1.2011.6.164.1.1.2.100.1.100.2166839124,Integer,1
.1.3.6.1.4.1.2011.6.164.1.1.2.100.1.100.2166839125,Integer,1
.1.3.6.1.4.1.2011.6.164.1.1.2.100.1.100.2166839126,Integer,1
.1.3.6.1.4.1.2011.6.164.1.1.2.100.1.100.2166839127,Integer,1
.1.3.6.1.4.1.2011.6.164.1.1.2.100.1.100.2166839128,Integer,1
.1.3.6.1.4.1.2011.6.164.1.1.2.100.1.100.2166839129,Integer,1
.1.3.6.1.4.1.2011.6.164.1.1.2.100.1.100.2166839130,Integer,1
.1.3.6.1.4.1.2011.6.164.1.1.2.100.1.100.2166839132,Integer,1
.1.3.6.1.4.1.2011.6.164.1.1.2.100.1.100.2166839133,Integer,1
.1.3.6.1.4.1.2011.6.164.1.1.2.100.1.100.2166839134,Integer,1
.1.3.6.1.4.1.2011.6.164.1.1.2.100.1.100.2166839135,Integer,1
.1.3.6.1.4.1.2011.6.164.1.1.2.100.1.100.2166839137,Integer,1
.1.3.6.1.4.1.2011.6.164.1.1.2.100.1.100.2166839138,Integer,1
.1.3.6.1.4.1.2011.6.164.1.1.2.100.1.100.2167035637,Integer,1
.1.3.6.1.4.1.2011.6.164.1.1.2.100.1.100.2167035638,Integer,1
.1.3.6.1.4.1.2011.6.164.1.1.2.100.1.100.2168132640,Integer,1
.1.3.6.1.4.1.2011.6.164.1.1.2.100.1.100.2168132641,Integer,1
.1.3.6.1.4.1.2011.6.164.1.1.2.100.1.100.2168132642,Integer,1
.1.3.6.1.4.1.2011.6.164.1.1.2.100.1.100.2168132643,Integer,1
.1.3.6.1.4.1.2011.6.164.1.1.2.100.1.100.2174501931,Integer,1
.1.3.6.1.4.1.2011.6.164.1.1.2.100.1.100.2175145930,Integer,1
.1.3.6.1.4.1.2011.6.164.1.1.2.100.1.100.2175180407,Integer,1
.1.3.6.1.4.1.2011.6.164.1.1.2.100.1.100.2175180408,Integer,1
.1.3.6.1.4.1.2011.6.164.1.1.2.100.1.100.2175276992,Integer,1
.1.3.6.1.4.1.2011.6.164.1.1.2.100.1.100.2175311481,Integer,1
.1.3.6.1.4.1.2011.6.164.1.1.2.100.1.100.2175311482,Integer,1
.1.3.6.1.4.1.2011.6.164.1.1.2.100.1.100.2175311483,Integer,1
.1.3.6.1.4.1.2011.6.164.1.1.2.100.1.100.2175417246,Integer,1
.1.3.6.1.4.1.2011.6.164.1.1.2.100.1.100.2175442549,Integer,1
.1.3.6.1.4.1.2011.6.164.1.1.2.100.1.100.2175442550,Integer,1
.1.3.6.1.4.1.2011.6.164.1.1.2.100.1.100.2175479920,Integer,1
.1.3.6.1.4.1.2011.6.164.1.1.2.100.1.100.2175479921,Integer,1
.1.3.6.1.4.1.2011.6.164.1.1.2.100.1.100.2175479935,Integer,1
.1.3.6.1.4.1.2011.6.164.1.1.2.100.1.100.2175479936,Integer,1
.1.3.6.1.4.1.2011.6.164.1.1.2.100.1.100.2175479937,Integer,1
.1.3.6.1.4.1.2011.6.164.1.1.2.100.1.100.2175479938,Integer,1
.1.3.6.1.4.1.2011.6.164.1.1.2.100.1.100.2175479952,Integer,1
.1.3.6.1.4.1.2011.6.164.1.1.2.100.1.100.2175507982,Integer,1
.1.3.6.1.4.1.2011.6.164.1.1.2.100.1.100.2175507983,Integer,1
.1.3.6.1.4.1.2011.6.164.1.1.2.100.1.100.2175529158,Integer,1
.1.3.6.1.4.1.2011.6.164.1.1.2.100.1.100.2175536856,Integer,1
.1.3.6.1.4.1.2011.6.164.1.1.2.100.1.100.2175549441,Integer,1
.1.3.6.1.4.1.2011.6.164.1.1.2.100.1.100.2175549457,Integer,1
.1.3.6.1.4.1.2011.6.164.1.1.2.100.1.100.2175549458,Integer,1
.1.3.6.1.4.1.2011.6.164.1.1.2.100.1.100.2175549459,Integer,1
.1.3.6.1.4.1.2011.6.164.1.1.2.100.1.100.2175549460,Integer,1
.1.3.6.1.4.1.2011.6.164.1.1.2.100.1.100.2176032009,Integer,1
.1.3.6.1.4.1.2011.6.164.1.1.2.100.1.100.2176032011,Integer,1
.1.3.6.1.4.1.2011.6.164.1.1.2.100.1.100.2176032013,Integer,1
.1.3.6.1.4.1.2011.6.164.1.1.2.100.1.100.2176032014,Integer,1
.1.3.6.1.4.1.2011.6.164.1.1.2.100.1.100.2176730155,Integer,1
.1.3.6.1.4.1.2011.6.164.1.1.2.100.1.100.2178040875,Integer,1
.1.3.6.1.4.1.2011.6.164.1.1.2.100.1.100.2178325869,Integer,1
.1.3.6.1.4.1.2011.6.164.1.1.2.100.1.100.2178325870,Integer,1
.1.3.6.1.4.1.2011.6.164.1.1.2.100.1.100.2178325871,Integer,1
.1.3.6.1.4.1.2011.6.164.1.1.2.100.1.100.2178325872,Integer,1
.1.3.6.1.4.1.2011.6.164.1.1.2.100.1.100.2178325873,Integer,1
.1.3.6.1.4.1.2011.6.164.1.1.2.100.1.100.2178325874,Integer,1
.1.3.6.1.4.1.2011.6.164.1.1.2.100.1.100.2178325875,Integer,1
.1.3.6.1.4.1.2011.6.164.1.1.2.100.1.100.2178325876,Integer,1
.1.3.6.1.4.1.2011.6.164.1.1.2.100.1.100.2178325877,Integer,1
.1.3.6.1.4.1.2011.6.164.1.1.2.100.1.100.2178325878,Integer,1
.1.3.6.1.4.1.2011.6.164.1.1.2.100.1.100.2178325879,Integer,1
.1.3.6.1.4.1.2011.6.164.1.1.2.100.1.100.2178325880,Integer,1
.1.3.6.1.4.1.2011.6.164.1.1.2.100.1.100.2178325881,Integer,1
.1.3.6.1.4.1.2011.6.164.1.1.2.100.1.100.2178325882,Integer,1
.1.3.6.1.4.1.2011.6.164.1.1.2.100.1.100.2178325883,Integer,1
.1.3.6.1.4.1.2011.6.164.1.1.2.100.1.100.2178325884,Integer,1
.1.3.6.1.4.1.2011.6.164.1.1.2.100.1.100.2178325885,Integer,1
.1.3.6.1.4.1.2011.6.164.1.1.2.100.1.100.2178325886,Integer,1
.1.3.6.1.4.1.2011.6.164.1.1.2.100.1.100.2178325887,Integer,1
.1.3.6.1.4.1.2011.6.164.1.1.2.100.1.100.2178325888,Integer,1
.1.3.6.1.4.1.2011.6.164.1.1.2.100.1.100.2178325889,Integer,1
.1.3.6.1.4.1.2011.6.164.1.1.2.100.1.100.2178325890,Integer,1
.1.3.6.1.4.1.2011.6.164.1.1.2.100.1.100.2178325891,Integer,1
.1.3.6.1.4.1.2011.6.164.1.1.2.100.1.100.2178325892,Integer,1
.1.3.6.1.4.1.2011.6.164.1.1.2.100.1.100.2178325893,Integer,1
.1.3.6.1.4.1.2011.6.164.1.1.2.100.1.100.2178347656,Integer,1
.1.3.6.1.4.1.2011.6.164.1.1.2.100.1.100.2178391455,Integer,1
.1.3.6.1.4.1.2011.6.164.1.1.2.100.1.100.2179010264,Integer,1
.1.3.6.1.4.1.2011.6.164.1.1.2.100.1.100.2179022849,Integer,1
.1.3.6.1.4.1.2011.6.164.1.1.2.100.1.100.2179022865,Integer,1
.1.3.6.1.4.1.2011.6.164.1.1.2.100.1.100.2179022866,Integer,1
.1.3.6.1.4.1.2011.6.164.1.1.2.100.1.100.2179022867,Integer,1
.1.3.6.1.4.1.2011.6.164.1.1.2.100.1.100.2179022868,Integer,1
.1.3.6.1.4.1.2011.6.164.1.1.2.100.1.100.2179149936,Integer,1
.1.3.6.1.4.1.2011.6.164.1.1.2.100.1.100.2179149937,Integer,1
.1.3.6.1.4.1.2011.6.164.1.1.2.100.1.100.2179149951,Integer,1
.1.3.6.1.4.1.2011.6.164.1.1.2.100.1.100.2179149952,Integer,1
.1.3.6.1.4.1.2011.6.164.1.1.2.100.1.100.2179149953,Integer,1
.1.3.6.1.4.1.2011.6.164.1.1.2.100.1.100.2179149954,Integer,1
.1.3.6.1.4.1.2011.6.164.1.1.2.100.1.100.2179149966,Integer,1
.1.3.6.1.4.1.2011.6.164.1.1.2.100.1.100.2179149967,Integer,1
.1.3.6.1.4.1.2011.6.164.1.1.2.100.1.100.2179149968,Integer,1
.1.3.6.1.4.1.2011.6.164.1.1.2.100.1.100.2179177998,Integer,1
.1.3.6.1.4.1.2011.6.164.1.1.2.100.1.100.2179177999,Integer,1
.1.3.6.1.4.1.2011.6.164.1.1.2.100.1.100.2179339731,Integer,1
.1.3.6.1.4.1.2011.6.164.1.1.2.100.1.100.2179339996,Integer,1
.1.3.6.1.4.1.2011.6.164.1.1.2.100.1.100.2179374576,Integer,1
.1.3.6.1.4.1.2011.6.164.1.1.2.100.1.100.2179374577,Integer,1
.1.3.6.1.4.1.2011.6.164.1.1.2.100.1.100.2179374579,Integer,1
.1.3.6.1.4.1.2011.6.164.1.1.2.100.1.100.2179374580,Integer,1
.1.3.6.1.4.1.2011.6.164.1.1.2.100.1.100.2181121066,Integer,1
.1.3.6.1.4.1.2011.6.164.1.1.2.100.1.100.2181121067,Integer,1
.1.3.6.1.4.1.2011.6.164.1.1.2.100.1.100.2181309046,Integer,1
.1.3.6.1.4.1.2011.6.164.1.1.2.100.1.100.2181337190,Integer,1
.1.3.6.1.4.1.2011.6.164.1.1.2.100.1.100.2181337191,Integer,1
.1.3.6.1.4.1.2011.6.164.1.1.2.100.1.100.2181337200,Integer,1
.1.3.6.1.4.1.2011.6.164.1.1.2.100.1.100.2181337201,Integer,1
.1.3.6.1.4.1.2011.6.164.1.1.2.100.1.100.2181388011,Integer,1
.1.3.6.1.4.1.2011.6.164.1.1.2.100.1.100.2181388012,Integer,1
.1.3.6.1.4.1.2011.6.164.1.1.2.100.1.100.2181388013,Integer,1
.1.3.6.1.4.1.2011.6.164.1.1.2.100.1.100.2181388014,Integer,1
.1.3.6.1.4.1.2011.6.164.1.1.2.100.1.100.2181388015,Integer,1
.1.3.6.1.4.1.2011.6.164.1.1.2.100.1.100.2181395791,Integer,1
.1.3.6.1.4.1.2011.6.164.1.1.2.100.1.100.2181395792,Integer,1
.1.3.6.1.4.1.2011.6.164.1.1.2.100.1.100.2181395793,Integer,1
.1.3.6.1.4.1.2011.6.164.1.1.2.100.1.100.2181395794,Integer,1
.1.3.6.1.4.1.2011.6.164.1.1.2.100.1.100.2181395795,Integer,1
.1.3.6.1.4.1.2011.6.164.1.1.2.100.1.100.2181395796,Integer,1
.1.3.6.1.4.1.2011.6.164.1.1.2.100.1.100.2181402652,Integer,1
.1.3.6.1.4.1.2011.6.164.1.1.2.100.1.100.2181402653,Integer,1
.1.3.6.1.4.1.2011.6.164.1.1.2.100.1.100.2183528868,Integer,1
.1.3.6.1.4.1.2011.6.164.1.1.2.100.1.100.2183537270,Integer,1
.1.3.6.1.4.1.2011.6.164.1.1.2.100.1.100.2183537272,Integer,1
.1.3.6.1.4.1.2011.6.164.1.1.2.100.1.100.2183537273,Integer,1
.1.3.6.1.4.1.2011.6.164.1.1.2.100.1.100.2183538548,Integer,1
.1.3.6.1.4.1.2011.6.164.1.1.2.100.1.100.2183538600,Integer,1
.1.3.6.1.4.1.2011.6.164.1.1.2.100.1.100.2183538601,Integer,1
.1.3.6.1.4.1.2011.6.164.1.1.2.100.1.100.2183538602,Integer,1
.1.3.6.1.4.1.2011.6.164.1.1.2.100.1.100.2183538603,Integer,1
.1.3.6.1.4.1.2011.6.164.1.1.2.100.1.100.2183538617,Integer,1
.1.3.6.1.4.1.2011.6.164.1.1.2.100.1.100.2183538618,Integer,1
.1.3.6.1.4.1.2011.6.164.1.1.2.100.1.100.2183538619,Integer,1
.1.3.6.1.4.1.2011.6.164.1.1.2.100.1.100.2183538620,Integer,1
.1.3.6.1.4.1.2011.6.164.1.1.2.100.1.100.2183538621,Integer,1
.1.3.6.1.4.1.2011.6.164.1.1.2.100.1.100.2183538623,Integer,1
.1.3.6.1.4.1.2011.6.164.1.1.2.100.1.100.2183538624,Integer,1
.1.3.6.1.4.1.2011.6.164.1.1.2.100.1.100.2183538625,Integer,1
.1.3.6.1.4.1.2011.6.164.1.1.2.100.1.100.2183538626,Integer,1
.1.3.6.1.4.1.2011.6.164.1.1.2.100.1.100.2183538627,Integer,1
.1.3.6.1.4.1.2011.6.164.1.1.2.100.1.100.2183538628,Integer,1
.1.3.6.1.4.1.2011.6.164.1.1.2.100.1.100.2183538629,Integer,1
.1.3.6.1.4.1.2011.6.164.1.1.2.100.1.100.2183538630,Integer,1
.1.3.6.1.4.1.2011.6.164.1.1.2.100.1.100.2183538631,Integer,1
.1.3.6.1.4.1.2011.6.164.1.1.2.100.1.100.2183538632,Integer,1
.1.3.6.1.4.1.2011.6.164.1.1.2.100.1.100.2183538633,Integer,1
.1.3.6.1.4.1.2011.6.164.1.1.2.100.1.100.2183538634,Integer,1
.1.3.6.1.4.1.2011.6.164.1.1.2.100.1.100.2183538635,Integer,1
.1.3.6.1.4.1.2011.6.164.1.1.2.100.1.100.2183538636,Integer,1
.1.3.6.1.4.1.2011.6.164.1.1.2.100.1.100.2183538637,Integer,1
.1.3.6.1.4.1.2011.6.164.1.1.2.100.1.100.2183538638,Integer,1
.1.3.6.1.4.1.2011.6.164.1.1.2.100.1.100.2183538639,Integer,1
.1.3.6.1.4.1.2011.6.164.1.1.2.100.1.100.2183538640,Integer,1
.1.3.6.1.4.1.2011.6.164.1.1.2.100.1.100.2183538641,Integer,1
.1.3.6.1.4.1.2011.6.164.1.1.2.100.1.100.2183538672,Integer,1
.1.3.6.1.4.1.2011.6.164.1.1.2.100.1.100.2183538711,Integer,1
.1.3.6.1.4.1.2011.6.164.1.1.2.100.1.100.2183538713,Integer,1
.1.3.6.1.4.1.2011.6.164.1.1.2.100.1.100.2183538744,Integer,1
.1.3.6.1.4.1.2011.6.164.1.1.2.100.1.100.2183538745,Integer,1
.1.3.6.1.4.1.2011.6.164.1.1.2.100.1.100.2183543704,Integer,1
.1.3.6.1.4.1.2011.6.164.1.1.2.100.1.100.2183543705,Integer,1
.1.3.6.1.4.1.2011.6.164.1.1.2.100.1.100.2183543708,Integer,1
.1.3.6.1.4.1.2011.6.164.1.1.2.100.1.100.2183543709,Integer,1
.1.3.6.1.4.1.2011.6.164.1.1.2.100.1.100.2183543719,Integer,1
.1.3.6.1.4.1.2011.6.164.1.1.2.100.1.100.2183543732,Integer,1
.1.3.6.1.4.1.2011.6.164.1.1.2.100.1.100.2183543733,Integer,1
.1.3.6.1.4.1.2011.6.164.1.1.2.100.1.100.2183543737,Integer,1
.1.3.6.1.4.1.2011.6.164.1.1.2.100.1.100.2183543738,Integer,1
.1.3.6.1.4.1.2011.6.164.1.1.2.100.1.100.2183543739,Integer,1
.1.3.6.1.4.1.2011.6.164.1.1.2.100.1.100.2183543740,Integer,1
.1.3.6.1.4.1.2011.6.164.1.1.2.100.1.100.2183543741,Integer,1
.1.3.6.1.4.1.2011.6.164.1.1.2.100.1.100.2183543742,Integer,1
.1.3.6.1.4.1.2011.6.164.1.1.2.100.1.100.2183543744,Integer,1
.1.3.6.1.4.1.2011.6.164.1.1.2.100.1.100.2183543753,Integer,1
.1.3.6.1.4.1.2011.6.164.1.1.2.100.1.100.2183543778,Integer,1
.1.3.6.1.4.1.2011.6.164.1.1.2.100.1.100.2183543779,Integer,1
.1.3.6.1.4.1.2011.6.164.1.1.2.100.1.100.2183549235,Integer,1
.1.3.6.1.4.1.2011.6.164.1.1.2.100.1.100.2183549236,Integer,1
.1.3.6.1.4.1.2011.6.164.1.1.2.100.1.100.2183549237,Integer,1
.1.3.6.1.4.1.2011.6.164.1.1.2.100.1.100.2183549238,Integer,1
.1.3.6.1.4.1.2011.6.164.1.1.2.100.1.100.2183549241,Integer,1
.1.3.6.1.4.1.2011.6.164.1.1.2.100.1.100.2183549242,Integer,1
.1.3.6.1.4.1.2011.6.164.1.1.2.100.1.100.2183549243,Integer,1
.1.3.6.1.4.1.2011.6.164.1.1.2.100.1.100.2183549244,Integer,1
.1.3.6.1.4.1.2011.6.164.1.1.2.100.1.100.2183549246,Integer,1
.1.3.6.1.4.1.2011.6.164.1.1.2.100.1.100.2183549247,Integer,1
.1.3.6.1.4.1.2011.6.164.1.1.2.100.1.100.2183549248,Integer,1
.1.3.6.1.4.1.2011.6.164.1.1.2.100.1.100.2183549249,Integer,1
.1.3.6.1.4.1.2011.6.164.1.1.2.100.1.100.2183549251,Integer,1
.1.3.6.1.4.1.2011.6.164.1.1.2.100.1.100.2183549252,Integer,1
.1.3.6.1.4.1.2011.6.164.1.1.2.100.1.100.2183549253,Integer,1
.1.3.6.1.4.1.2011.6.164.1.1.2.100.1.100.2183549254,Integer,1
.1.3.6.1.4.1.2011.6.164.1.1.2.100.1.100.2183589908,Integer,1
.1.3.6.1.4.1.2011.6.164.1.1.2.100.1.100.2183589909,Integer,1
.1.3.6.1.4.1.2011.6.164.1.1.2.100.1.100.2183589910,Integer,1
.1.3.6.1.4.1.2011.6.164.1.1.2.100.1.100.2183589911,Integer,1
.1.3.6.1.4.1.2011.6.164.1.1.2.100.1.100.2183589912,Integer,1
.1.3.6.1.4.1.2011.6.164.1.1.2.100.1.100.2183589913,Integer,1
.1.3.6.1.4.1.2011.6.164.1.1.2.100.1.100.2183589914,Integer,1
.1.3.6.1.4.1.2011.6.164.1.1.2.100.1.100.2183589915,Integer,1
.1.3.6.1.4.1.2011.6.164.1.1.2.100.1.100.2183589916,Integer,1
.1.3.6.1.4.1.2011.6.164.1.1.2.100.1.100.2183589917,Integer,1
.1.3.6.1.4.1.2011.6.164.1.1.2.100.1.100.2183589918,Integer,1
.1.3.6.1.4.1.2011.6.164.1.1.2.100.1.100.2183589919,Integer,1
.1.3.6.1.4.1.2011.6.164.1.1.2.100.1.100.2183590015,Integer,1
.1.3.6.1.4.1.2011.6.164.1.1.2.100.1.100.2183590040,Integer,1
.1.3.6.1.4.1.2011.6.164.1.1.2.100.1.100.2183590041,Integer,1
.1.3.6.1.4.1.2011.6.164.1.1.2.100.1.100.2183590042,Integer,1
.1.3.6.1.4.1.2011.6.164.1.1.2.100.1.100.2183590043,Integer,1
.1.3.6.1.4.1.2011.6.164.1.1.2.100.1.100.2183590044,Integer,1
.1.3.6.1.4.1.2011.6.164.1.1.2.100.1.100.2183590045,Integer,1
.1.3.6.1.4.1.2011.6.164.1.1.2.100.1.100.2183590046,Integer,1
.1.3.6.1.4.1.2011.6.164.1.1.2.100.1.100.2183590047,Integer,1
.1.3.6.1.4.1.2011.6.164.1.1.2.100.1.100.2183590109,Integer,1
.1.3.6.1.4.1.2011.6.164.1.1.2.100.1.100.2183590111,Integer,1
.1.3.6.1.4.1.2011.6.164.1.1.2.100.1.100.2183590112,Integer,1
.1.3.6.1.4.1.2011.6.164.1.1.2.100.1.100.2183590113,Integer,1
.1.3.6.1.4.1.2011.6.164.1.1.2.100.1.100.2183590114,Integer,1
.1.3.6.1.4.1.2011.6.164.1.1.2.100.1.100.2183590115,Integer,1
.1.3.6.1.4.1.2011.6.164.1.1.2.100.1.100.2183590116,Integer,1
.1.3.6.1.4.1.2011.6.164.1.1.2.100.1.100.2183590117,Integer,1
.1.3.6.1.4.1.2011.6.164.1.1.2.100.1.100.2183590118,Integer,1
.1.3.6.1.4.1.2011.6.164.1.1.2.100.1.100.2183590119,Integer,1
.1.3.6.1.4.1.2011.6.164.1.1.2.100.1.100.2183590120,Integer,1
.1.3.6.1.4.1.2011.6.164.1.1.2.100.1.100.2183590121,Integer,1
.1.3.6.1.4.1.2011.6.164.1.1.2.100.1.100.2183590122,Integer,1
.1.3.6.1.4.1.2011.6.164.1.1.2.100.1.100.2183590123,Integer,1
.1.3.6.1.4.1.2011.6.164.1.1.2.100.1.100.2183590124,Integer,1
.1.3.6.1.4.1.2011.6.164.1.1.2.100.1.100.2183590125,Integer,1
.1.3.6.1.4.1.2011.6.164.1.1.2.100.1.100.2183590126,Integer,1
.1.3.6.1.4.1.2011.6.164.1.1.2.100.1.100.2183590127,Integer,1
.1.3.6.1.4.1.2011.6.164.1.1.2.100.1.100.2183590128,Integer,1
.1.3.6.1.4.1.2011.6.164.1.1.2.100.1.100.2183590129,Integer,1
.1.3.6.1.4.1.2011.6.164.1.1.2.100.1.100.2183590130,Integer,1
.1.3.6.1.4.1.2011.6.164.1.1.2.100.1.100.2183590131,Integer,1
.1.3.6.1.4.1.2011.6.164.1.1.2.100.1.100.2183590132,Integer,1
.1.3.6.1.4.1.2011.6.164.1.1.2.100.1.100.2183590133,Integer,1
.1.3.6.1.4.1.2011.6.164.1.1.2.100.1.100.2183590134,Integer,1
.1.3.6.1.4.1.2011.6.164.1.1.2.100.1.100.2183590135,Integer,1
.1.3.6.1.4.1.2011.6.164.1.1.2.100.1.100.2183590136,Integer,1
.1.3.6.1.4.1.2011.6.164.1.1.2.100.1.100.2183590137,Integer,1
.1.3.6.1.4.1.2011.6.164.1.1.2.100.1.100.2183590138,Integer,1
.1.3.6.1.4.1.2011.6.164.1.1.2.100.1.100.2183590139,Integer,1
.1.3.6.1.4.1.2011.6.164.1.1.2.100.1.100.2183590140,Integer,1
.1.3.6.1.4.1.2011.6.164.1.1.2.100.1.100.2183590141,Integer,1
.1.3.6.1.4.1.2011.6.164.1.1.2.100.1.100.2183590142,Integer,1
.1.3.6.1.4.1.2011.6.164.1.1.2.100.1.100.2183590143,Integer,1
.1.3.6.1.4.1.2011.6.164.1.1.2.100.1.100.2183590144,Integer,1
.1.3.6.1.4.1.2011.6.164.1.1.2.100.1.100.2183590145,Integer,1
.1.3.6.1.4.1.2011.6.164.1.1.2.100.1.100.2183590146,Integer,1
.1.3.6.1.4.1.2011.6.164.1.1.2.100.1.100.2183590147,Integer,1
.1.3.6.1.4.1.2011.6.164.1.1.2.100.1.100.2183590148,Integer,1
.1.3.6.1.4.1.2011.6.164.1.1.2.100.1.100.2183590149,Integer,1
.1.3.6.1.4.1.2011.6.164.1.1.2.100.1.100.2183590150,Integer,1
.1.3.6.1.4.1.2011.6.164.1.1.2.100.1.100.2183590151,Integer,1
.1.3.6.1.4.1.2011.6.164.1.1.2.100.1.100.2183590152,Integer,1
.1.3.6.1.4.1.2011.6.164.1.1.2.100.1.100.2183590153,Integer,1
.1.3.6.1.4.1.2011.6.164.1.1.2.100.1.100.2183590154,Integer,1
.1.3.6.1.4.1.2011.6.164.1.1.2.100.1.100.2183590155,Integer,1
.1.3.6.1.4.1.2011.6.164.1.1.2.100.1.100.2183590156,Integer,1
.1.3.6.1.4.1.2011.6.164.1.1.2.100.1.100.2183590157,Integer,1
.1.3.6.1.4.1.2011.6.164.1.1.2.100.1.100.2183590158,Integer,1
.1.3.6.1.4.1.2011.6.164.1.1.2.100.1.100.2183590159,Integer,1
.1.3.6.1.4.1.2011.6.164.1.1.2.100.1.100.2183590169,Integer,1
.1.3.6.1.4.1.2011.6.164.1.1.2.100.1.100.2183590170,Integer,1
.1.3.6.1.4.1.2011.6.164.1.1.2.100.1.100.2184249452,Integer,1
.1.3.6.1.4.1.2011.6.164.1.1.2.100.1.100.2184250894,Integer,1
.1.3.6.1.4.1.2011.6.164.1.1.2.100.1.100.2184250896,Integer,1
.1.3.6.1.4.1.2011.6.164.1.1.2.100.1.100.2184250897,Integer,1
.1.3.6.1.4.1.2011.6.164.1.1.2.100.1.100.2184250899,Integer,1
.1.3.6.1.4.1.2011.6.164.1.1.2.100.1.100.2184250900,Integer,1
.1.3.6.1.4.1.2011.6.164.1.1.2.100.1.100.2184250901,Integer,1
.1.3.6.1.4.1.2011.6.164.1.1.2.100.1.100.2184250902,Integer,1
.1.3.6.1.4.1.2011.6.164.1.1.2.100.1.100.2184250903,Integer,1
.1.3.6.1.4.1.2011.6.164.1.1.2.100.1.100.2184250904,Integer,1
.1.3.6.1.4.1.2011.6.164.1.1.2.100.1.100.2184250911,Integer,1
.1.3.6.1.4.1.2011.6.164.1.1.2.100.1.100.2184250912,Integer,1
.1.3.6.1.4.1.2011.6.164.1.1.2.100.1.100.2184250913,Integer,1
.1.3.6.1.4.1.2011.6.164.1.1.2.100.1.100.2184259556,Integer,1
.1.3.6.1.4.1.2011.6.164.1.1.2.100.1.100.2184259608,Integer,1
.1.3.6.1.4.1.2011.6.164.1.1.2.100.1.100.2184259614,Integer,1
.1.3.6.1.4.1.2011.6.164.1.1.2.100.1.100.2184259615,Integer,1
.1.3.6.1.4.1.2011.6.164.1.1.2.100.1.100.2184259616,Integer,1
.1.3.6.1.4.1.2011.6.164.1.1.2.100.1.100.2184259617,Integer,1
.1.3.6.1.4.1.2011.6.164.1.1.2.100.1.100.2184259618,Integer,1
.1.3.6.1.4.1.2011.6.164.1.1.2.100.1.100.2184259619,Integer,1
.1.3.6.1.4.1.2011.6.164.1.1.2.100.1.100.2184264616,Integer,1
.1.3.6.1.4.1.2011.6.164.1.1.2.100.1.100.2184264626,Integer,1
.1.3.6.1.4.1.2011.6.164.1.1.2.100.1.100.2184310902,Integer,1
.1.3.6.1.4.1.2011.6.164.1.1.2.100.1.100.2184310903,Integer,1
.1.3.6.1.4.1.2011.6.164.1.1.2.100.1.100.2184310983,Integer,1
.1.3.6.1.4.1.2011.6.164.1.1.2.100.1.100.2184311186,Integer,1
.1.3.6.1.4.1.2011.6.164.1.1.2.100.1.100.2184537702,Integer,1
.1.3.6.1.4.1.2011.6.164.1.1.2.100.1.100.2184537703,Integer,1
.1.3.6.1.4.1.2011.6.164.1.1.2.100.1.100.2184537704,Integer,1
.1.3.6.1.4.1.2011.6.164.1.1.2.100.1.100.2184537705,Integer,1
.1.3.6.1.4.1.2011.6.164.1.1.2.100.1.100.2184537712,Integer,1
.1.3.6.1.4.1.2011.6.164.1.1.2.100.1.100.2184537713,Integer,1
.1.3.6.1.4.1.2011.6.164.1.1.2.100.1.100.2184537714,Integer,1
.1.3.6.1.4.1.2011.6.164.1.1.2.100.1.100.2184537715,Integer,1
.1.3.6.1.4.1.2011.6.164.1.1.2.100.1.100.2184537716,Integer,1
.1.3.6.1.4.1.2011.6.164.1.1.2.100.1.100.2184537717,Integer,1
.1.3.6.1.4.1.2011.6.164.1.1.2.100.1.100.2184537718,Integer,1
.1.3.6.1.4.1.2011.6.164.1.1.2.100.1.100.2184537719,Integer,1
.1.3.6.1.4.1.2011.6.164.1.1.2.100.1.100.2184537720,Integer,1
.1.3.6.1.4.1.2011.6.164.1.1.2.100.1.100.2184537721,Integer,1
.1.3.6.1.4.1.2011.6.164.1.1.2.100.1.100.2184537728,Integer,1
.1.3.6.1.4.1.2011.6.164.1.1.2.100.1.100.2184537729,Integer,1
.1.3.6.1.4.1.2011.6.164.1.1.2.100.1.100.2184537730,Integer,1
.1.3.6.1.4.1.2011.6.164.1.1.2.100.1.100.2184537731,Integer,1
.1.3.6.1.4.1.2011.6.164.1.1.2.100.1.100.2184537732,Integer,1
.1.3.6.1.4.1.2011.6.164.1.1.2.100.1.100.2184537733,Integer,1
.1.3.6.1.4.1.2011.6.164.1.1.2.100.1.100.2184537734,Integer,1
.1.3.6.1.4.1.2011.6.164.1.1.2.100.1.100.2184537735,Integer,1
.1.3.6.1.4.1.2011.6.164.1.1.2.100.1.100.2184537736,Integer,1
.1.3.6.1.4.1.2011.6.164.1.1.2.100.1.100.2184537737,Integer,1
.1.3.6.1.4.1.2011.6.164.1.1.2.100.1.100.2184537744,Integer,1
.1.3.6.1.4.1.2011.6.164.1.1.2.100.1.100.2184537745,Integer,1
.1.3.6.1.4.1.2011.6.164.1.1.2.100.1.100.2184537746,Integer,1
.1.3.6.1.4.1.2011.6.164.1.1.2.100.1.100.2184537747,Integer,1
.1.3.6.1.4.1.2011.6.164.1.1.2.100.1.100.2184537748,Integer,1
.1.3.6.1.4.1.2011.6.164.1.1.2.100.1.100.2184537749,Integer,1
.1.3.6.1.4.1.2011.6.164.1.1.2.100.1.100.2184537750,Integer,1
.1.3.6.1.4.1.2011.6.164.1.1.2.100.1.100.2184537751,Integer,1
.1.3.6.1.4.1.2011.6.164.1.1.2.100.1.100.2184537752,Integer,1
.1.3.6.1.4.1.2011.6.164.1.1.2.100.1.100.2184537753,Integer,1
.1.3.6.1.4.1.2011.6.164.1.1.2.100.1.100.2184537856,Integer,1
.1.3.6.1.4.1.2011.6.164.1.1.2.100.1.100.2184537857,Integer,1
.1.3.6.1.4.1.2011.6.164.1.1.2.100.1.100.2184537858,Integer,1
.1.3.6.1.4.1.2011.6.164.1.1.2.100.1.100.2184537859,Integer,1
.1.3.6.1.4.1.2011.6.164.1.1.2.100.1.100.2184537860,Integer,1
.1.3.6.1.4.1.2011.6.164.1.1.2.100.1.100.2184537861,Integer,1
.1.3.6.1.4.1.2011.6.164.1.1.2.100.1.100.2184537862,Integer,1
.1.3.6.1.4.1.2011.6.164.1.1.2.100.1.100.2184537863,Integer,1
.1.3.6.1.4.1.2011.6.164.1.1.2.100.1.100.2184537864,Integer,1
.1.3.6.1.4.1.2011.6.164.1.1.2.100.1.100.2184537865,Integer,1
.1.3.6.1.4.1.2011.6.164.1.1.2.100.1.100.2184537872,Integer,1
.1.3.6.1.4.1.2011.6.164.1.1.2.100.1.100.2184537873,Integer,1
.1.3.6.1.4.1.2011.6.164.1.1.2.100.1.100.2184537874,Integer,1
.1.3.6.1.4.1.2011.6.164.1.1.2.100.1.100.2184537875,Integer,1
.1.3.6.1.4.1.2011.6.164.1.1.2.100.1.100.2184537876,Integer,1
.1.3.6.1.4.1.2011.6.164.1.1.2.100.1.100.2184537877,Integer,1
.1.3.6.1.4.1.2011.6.164.1.1.2.100.1.100.2184537878,Integer,1
.1.3.6.1.4.1.2011.6.164.1.1.2.100.1.100.2184537879,Integer,1
.1.3.6.1.4.1.2011.6.164.1.1.2.100.1.100.2184537880,Integer,1
.1.3.6.1.4.1.2011.6.164.1.1.2.100.1.100.2184537881,Integer,1
.1.3.6.1.4.1.2011.6.164.1.1.2.100.1.100.2184537888,Integer,1
.1.3.6.1.4.1.2011.6.164.1.1.2.100.1.100.2184537889,Integer,1
.1.3.6.1.4.1.2011.6.164.1.1.2.100.1.100.2184537890,Integer,1
.1.3.6.1.4.1.2011.6.164.1.1.2.100.1.100.2184537891,Integer,1
.1.3.6.1.4.1.2011.6.164.1.1.2.100.1.100.2184537892,Integer,1
.1.3.6.1.4.1.2011.6.164.1.1.2.100.1.100.2184537893,Integer,1
.1.3.6.1.4.1.2011.6.164.1.1.2.100.1.100.2184537894,Integer,1
.1.3.6.1.4.1.2011.6.164.1.1.2.100.1.100.2184537895,Integer,1
.1.3.6.1.4.1.2011.6.164.1.1.2.100.1.100.2184537896,Integer,1
.1.3.6.1.4.1.2011.6.164.1.1.2.100.1.100.2184537897,Integer,1
.1.3.6.1.4.1.2011.6.164.1.1.2.100.1.100.2184537904,Integer,1
.1.3.6.1.4.1.2011.6.164.1.1.2.100.1.100.2184537905,Integer,1
.1.3.6.1.4.1.2011.6.164.1.1.2.100.1.100.2184537906,Integer,1
.1.3.6.1.4.1.2011.6.164.1.1.2.100.1.100.2184537907,Integer,1
.1.3.6.1.4.1.2011.6.164.1.1.2.100.1.100.2184537908,Integer,1
.1.3.6.1.4.1.2011.6.164.1.1.2.100.1.100.2184537909,Integer,1
.1.3.6.1.4.1.2011.6.164.1.1.2.100.1.100.2184537910,Integer,1
.1.3.6.1.4.1.2011.6.164.1.1.2.100.1.100.2184537911,Integer,1
.1.3.6.1.4.1.2011.6.164.1.1.2.100.1.100.2184537912,Integer,1
.1.3.6.1.4.1.2011.6.164.1.1.2.100.1.100.2184537913,Integer,1
.1.3.6.1.4.1.2011.6.164.1.1.2.100.1.100.2184537920,Integer,1
.1.3.6.1.4.1.2011.6.164.1.1.2.100.1.100.2184537921,Integer,1
.1.3.6.1.4.1.2011.6.164.1.1.2.100.1.100.2184537922,Integer,1
.1.3.6.1.4.1.2011.6.164.1.1.2.100.1.100.2184537923,Integer,1
.1.3.6.1.4.1.2011.6.164.1.1.2.100.1.100.2184537924,Integer,1
.1.3.6.1.4.1.2011.6.164.1.1.2.100.1.100.2184537925,Integer,1
.1.3.6.1.4.1.2011.6.164.1.1.2.100.1.100.2184537926,Integer,1
.1.3.6.1.4.1.2011.6.164.1.1.2.100.1.100.2184537927,Integer,1
.1.3.6.1.4.1.2011.6.164.1.1.2.100.1.100.2184537928,Integer,1
.1.3.6.1.4.1.2011.6.164.1.1.2.100.1.100.2184537929,Integer,1
.1.3.6.1.4.1.2011.6.164.1.1.2.100.1.100.2184537936,Integer,1
.1.3.6.1.4.1.2011.6.164.1.1.2.100.1.100.2184537937,Integer,1
.1.3.6.1.4.1.2011.6.164.1.1.2.100.1.100.2184537938,Integer,1
.1.3.6.1.4.1.2011.6.164.1.1.2.100.1.100.2184537939,Integer,1
.1.3.6.1.4.1.2011.6.164.1.1.2.100.1.100.2184537940,Integer,1
.1.3.6.1.4.1.2011.6.164.1.1.2.100.1.100.2184537941,Integer,1
.1.3.6.1.4.1.2011.6.164.1.1.2.100.1.100.2184537942,Integer,1
.1.3.6.1.4.1.2011.6.164.1.1.2.100.1.100.2184537943,Integer,1
.1.3.6.1.4.1.2011.6.164.1.1.2.100.1.100.2184537944,Integer,1
.1.3.6.1.4.1.2011.6.164.1.1.2.100.1.100.2184537945,Integer,1
.1.3.6.1.4.1.2011.6.164.1.1.2.100.1.100.2184537952,Integer,1
.1.3.6.1.4.1.2011.6.164.1.1.2.100.1.100.2184537953,Integer,1
.1.3.6.1.4.1.2011.6.164.1.1.2.100.1.100.2184537954,Integer,1
.1.3.6.1.4.1.2011.6.164.1.1.2.100.1.100.2184537955,Integer,1
.1.3.6.1.4.1.2011.6.164.1.1.2.100.1.100.2184537956,Integer,1
.1.3.6.1.4.1.2011.6.164.1.1.2.100.1.100.2184537957,Integer,1
.1.3.6.1.4.1.2011.6.164.1.1.2.100.1.100.2184537958,Integer,1
.1.3.6.1.4.1.2011.6.164.1.1.2.100.1.100.2184537960,Integer,1
.1.3.6.1.4.1.2011.6.164.1.1.2.100.1.100.2184537961,Integer,1
.1.3.6.1.4.1.2011.6.164.1.1.2.100.1.100.2184537968,Integer,1
.1.3.6.1.4.1.2011.6.164.1.1.2.100.1.100.2184537970,Integer,1
.1.3.6.1.4.1.2011.6.164.1.1.2.100.1.100.2184537971,Integer,1
.1.3.6.1.4.1.2011.6.164.1.1.2.100.1.100.2184537972,Integer,1
.1.3.6.1.4.1.2011.6.164.1.1.2.100.1.100.2184537974,Integer,1
.1.3.6.1.4.1.2011.6.164.1.1.2.100.1.100.2184537975,Integer,1
.1.3.6.1.4.1.2011.6.164.1.1.2.100.1.100.2184537976,Integer,1
.1.3.6.1.4.1.2011.6.164.1.1.2.100.1.100.2184537977,Integer,1
.1.3.6.1.4.1.2011.6.164.1.1.2.100.1.100.2184537984,Integer,1
.1.3.6.1.4.1.2011.6.164.1.1.2.100.1.100.2184537985,Integer,1
.1.3.6.1.4.1.2011.6.164.1.1.2.100.1.100.2184537986,Integer,1
.1.3.6.1.4.1.2011.6.164.1.1.2.100.1.100.2184537987,Integer,1
.1.3.6.1.4.1.2011.6.164.1.1.2.100.1.100.2184537988,Integer,1
.1.3.6.1.4.1.2011.6.164.1.1.2.100.1.100.2184537989,Integer,1
.1.3.6.1.4.1.2011.6.164.1.1.2.100.1.100.2184728039,Integer,1
.1.3.6.1.4.1.2011.6.164.1.1.2.100.1.100.2184728067,Integer,1
.1.3.6.1.4.1.2011.6.164.1.1.2.100.1.100.2184728068,Integer,1
.1.3.6.1.4.1.2011.6.164.1.1.2.100.1.100.2184728074,Integer,1
.1.3.6.1.4.1.2011.6.164.1.1.2.100.1.100.2184728077,Integer,1
.1.3.6.1.4.1.2011.6.164.1.1.2.100.1.100.2184728085,Integer,1
.1.3.6.1.4.1.2011.6.164.1.1.2.100.1.100.2184728088,Integer,1
.1.3.6.1.4.1.2011.6.164.1.1.2.100.1.100.2184728089,Integer,1
.1.3.6.1.4.1.2011.6.164.1.1.2.100.1.100.2184728091,Integer,1
.1.3.6.1.4.1.2011.6.164.1.1.2.100.1.100.2184728092,Integer,1
.1.3.6.1.4.1.2011.6.164.1.1.2.100.1.100.2184728093,Integer,1
.1.3.6.1.4.1.2011.6.164.1.1.2.100.1.100.2184769656,Integer,1
.1.3.6.1.4.1.2011.6.164.1.1.2.100.1.100.2185490496,Integer,1
.1.3.6.1.4.1.2011.6.164.1.1.2.100.1.100.2185490497,Integer,1
.1.3.6.1.4.1.2011.6.164.1.1.2.100.1.100.2185490498,Integer,1
.1.3.6.1.4.1.2011.6.164.1.1.2.100.1.100.2185556006,Integer,1
.1.3.6.1.4.1.2011.6.164.1.1.2.100.1.100.2185556007,Integer,1
.1.3.6.1.4.1.2011.6.164.1.1.2.100.1.100.2185556008,Integer,1
.1.3.6.1.4.1.2011.6.164.1.1.2.100.1.100.2185556009,Integer,1
.1.3.6.1.4.1.2011.6.164.1.1.2.100.1.100.2185556010,Integer,1
.1.3.6.1.4.1.2011.6.164.1.1.2.100.1.100.2185556011,Integer,1
.1.3.6.1.4.1.2011.6.164.1.1.2.100.1.100.2185556012,Integer,1
.1.3.6.1.4.1.2011.6.164.1.1.2.100.1.100.2185556013,Integer,1
.1.3.6.1.4.1.2011.6.164.1.1.2.100.1.100.2185556014,Integer,1
.1.3.6.1.4.1.2011.6.164.1.1.2.100.1.100.2185556015,Integer,1
.1.3.6.1.4.1.2011.6.164.1.1.2.100.1.100.2185556016,Integer,1
.1.3.6.1.4.1.2011.6.164.1.1.2.100.1.100.2185556017,Integer,1
.1.3.6.1.4.1.2011.6.164.1.1.2.100.1.100.2185556018,Integer,1
.1.3.6.1.4.1.2011.6.164.1.1.2.100.1.100.2185556019,Integer,1
.1.3.6.1.4.1.2011.6.164.1.1.2.100.1.100.2185556020,Integer,1
.1.3.6.1.4.1.2011.6.164.1.1.2.100.1.100.2185556021,Integer,1
.1.3.6.1.4.1.2011.6.164.1.1.2.100.1.100.2185556022,Integer,1
.1.3.6.1.4.1.2011.6.164.1.1.2.100.1.100.2185556023,Integer,1
.1.3.6.1.4.1.2011.6.164.1.1.2.100.1.100.2185556024,Integer,1
.1.3.6.1.4.1.2011.6.164.1.1.2.100.1.100.2185556025,Integer,1
.1.3.6.1.4.1.2011.6.164.1.1.2.100.1.100.2185556026,Integer,1
.1.3.6.1.4.1.2011.6.164.1.1.2.100.1.100.2185556027,Integer,1
.1.3.6.1.4.1.2011.6.164.1.1.2.100.1.100.2185556028,Integer,1
.1.3.6.1.4.1.2011.6.164.1.1.2.100.1.100.2185556029,Integer,1
.1.3.6.1.4.1.2011.6.164.1.1.2.100.1.100.2185556030,Integer,1
.1.3.6.1.4.1.2011.6.164.1.1.2.100.1.100.2185556103,Integer,1
.1.3.6.1.4.1.2011.6.164.1.1.2.100.1.100.2185556104,Integer,1
.1.3.6.1.4.1.2011.6.164.1.1.2.100.1.100.2185897913,Integer,1
.1.3.6.1.4.1.2011.6.164.1.1.2.100.1.100.2185903028,Integer,1
.1.3.6.1.4.1.2011.6.164.1.1.2.100.1.100.2185903029,Integer,1
.1.3.6.1.4.1.2011.6.164.1.1.2.100.1.100.2185949204,Integer,1
.1.3.6.1.4.1.2011.6.164.1.1.2.100.1.100.2185949205,Integer,1
.1.3.6.1.4.1.2011.6.164.1.1.2.100.1.100.2185949311,Integer,1
.1.3.6.1.4.1.2011.6.164.1.1.2.100.1.100.2185949341,Integer,1
.1.3.6.1.4.1.2011.6.164.1.1.2.100.1.100.2185949342,Integer,1
.1.3.6.1.4.1.2011.6.164.1.1.2.100.1.100.2185949343,Integer,1
.1.3.6.1.4.1.2011.6.164.1.1.2.100.1.100.2185949348,Integer,1
.1.3.6.1.4.1.2011.6.164.1.1.2.100.1.100.2186625026,Integer,1
.1.3.6.1.4.1.2011.6.164.1.1.2.100.1.100.2186675778,Integer,1
.1.3.6.1.4.1.2011.6.164.1.1.2.100.1.100.2186675779,Integer,1
.1.3.6.1.4.1.2011.6.164.1.1.2.100.1.100.2186675780,Integer,1
.1.3.6.1.4.1.2011.6.164.1.1.2.100.1.100.2186675783,Integer,1
.1.3.6.1.4.1.2011.6.164.1.1.2.100.1.100.2187011257,Integer,1
.1.3.6.1.4.1.2011.6.164.1.1.2.100.1.100.2187981083,Integer,1
.1.3.6.1.4.1.2011.6.164.1.1.2.100.1.100.2187981084,Integer,1
.1.3.6.1.4.1.2011.6.164.1.1.2.100.1.100.2187981085,Integer,1
.1.3.6.1.4.1.2011.6.164.1.1.2.100.1.100.2187981086,Integer,1
.1.3.6.1.4.1.2011.6.164.1.1.2.100.1.100.2187981087,Integer,1
.1.3.6.1.4.1.2011.6.164.1.1.2.100.1.100.2187981088,Integer,1
.1.3.6.1.4.1.2011.6.164.1.1.2.100.1.100.2187981089,Integer,1
.1.3.6.1.4.1.2011.6.164.1.1.2.100.1.100.2187981090,Integer,1
.1.3.6.1.4.1.2011.6.164.1.1.2.100.1.100.2187981313,Integer,1
.1.3.6.1.4.1.2011.6.164.1.1.2.100.1.100.2188046672,Integer,1
.1.3.6.1.4.1.2011.6.164.1.1.2.100.1.100.2188046673,Integer,1
.1.3.6.1.4.1.2011.6.164.1.1.2.100.1.100.2188046674,Integer,1
.1.3.6.1.4.1.2011.6.164.1.1.2.100.1.100.2188046675,Integer,1
.1.3.6.1.4.1.2011.6.164.1.1.2.100.1.100.2188046676,Integer,1
.1.3.6.1.4.1.2011.6.164.1.1.2.100.1.100.2188046677,Integer,1
.1.3.6.1.4.1.2011.6.164.1.1.2.100.1.100.2188046678,Integer,1
.1.3.6.1.4.1.2011.6.164.1.1.2.100.1.100.2188046679,Integer,1
.1.3.6.1.4.1.2011.6.164.1.1.2.100.1.100.2188046680,Integer,1
.1.3.6.1.4.1.2011.6.164.1.1.2.100.1.100.2188046681,Integer,1
.1.3.6.1.4.1.2011.6.164.1.1.2.100.1.100.2188046850,Integer,1
.1.3.6.1.4.1.2011.6.164.1.1.2.100.1.100.2188243311,Integer,1
.1.3.6.1.4.1.2011.6.164.1.1.2.100.1.100.2188243312,Integer,1
.1.3.6.1.4.1.2011.6.164.1.1.2.100.1.100.2188243313,Integer,1
.1.3.6.1.4.1.2011.6.164.1.1.2.100.1.100.2196828801,Integer,1
.1.3.6.1.4.1.2011.6.164.1.1.2.100.1.100.2196828802,Integer,1
.1.3.6.1.4.1.2011.6.164.1.1.2.100.1.100.2196828803,Integer,1
.1.3.6.1.4.1.2011.6.164.1.1.2.100.1.100.2196828804,Integer,1
.1.3.6.1.4.1.2011.6.164.1.1.2.100.1.100.2196828805,Integer,1
.1.3.6.1.4.1.2011.6.164.1.1.2.100.1.100.2196894329,Integer,1
.1.3.6.1.4.1.2011.6.164.1.1.2.100.1.100.2196894330,Integer,1
.1.3.6.1.4.1.2011.6.164.1.1.2.100.1.100.2196894331,Integer,1
.1.3.6.1.4.1.2011.6.164.1.1.2.100.1.100.2196894332,Integer,1
.1.3.6.1.4.1.2011.6.164.1.1.2.100.1.100.2196894333,Integer,1
.1.3.6.1.4.1.2011.6.164.1.1.2.100.1.100.2196894334,Integer,1
.1.3.6.1.4.1.2011.6.164.1.1.2.100.1.100.2196894335,Integer,1
.1.3.6.1.4.1.2011.6.164.1.1.2.100.1.100.2196894336,Integer,1
.1.3.6.1.4.1.2011.6.164.1.1.2.100.1.100.2196959862,Integer,1
.1.3.6.1.4.1.2011.6.164.1.1.2.100.1.100.2196959863,Integer,1
.1.3.6.1.4.1.2011.6.164.1.1.2.100.1.100.2196959864,Integer,1
.1.3.6.1.4.1.2011.6.164.1.1.2.100.1.100.2415872118,Integer,1
.1.3.6.1.4.1.2011.6.164.1.1.2.100.1.100.2415872119,Integer,1
.1.3.6.1.4.1.2011.6.164.1.1.2.100.1.100.2415872120,Integer,1
.1.3.6.1.4.1.2011.6.164.1.1.2.100.1.100.2415872121,Integer,1
.1.3.6.1.4.1.2011.6.164.1.1.2.100.1.100.2415872122,Integer,1
.1.3.6.1.4.1.2011.6.164.1.1.2.100.1.100.2415872123,Integer,1
.1.3.6.1.4.1.2011.6.164.1.1.2.100.1.100.2415872124,Integer,1
.1.3.6.1.4.1.2011.6.164.1.1.2.100.1.100.2415872125,Integer,1
.1.3.6.1.4.1.2011.6.164.1.1.2.100.1.100.2415872126,Integer,1
.1.3.6.1.4.1.2011.6.164.1.1.2.100.1.100.2415872127,Integer,1
.1.3.6.1.4.1.2011.6.164.1.1.2.100.1.100.2415872128,Integer,1
.1.3.6.1.4.1.2011.6.164.1.1.2.100.1.100.2415872129,Integer,1
.1.3.6.1.4.1.2011.6.164.1.1.2.100.1.100.2415872130,Integer,1
.1.3.6.1.4.1.2011.6.164.1.1.2.100.1.100.2415872131,Integer,1
.1.3.6.1.4.1.2011.6.164.1.1.2.100.1.100.2415872132,Integer,1
.1.3.6.1.4.1.2011.6.164.1.1.2.100.1.100.2415872133,Integer,1
.1.3.6.1.4.1.2011.6.164.1.1.2.100.1.100.2415872134,Integer,1
.1.3.6.1.4.1.2011.6.164.1.1.2.100.1.100.2415872135,Integer,1
.1.3.6.1.4.1.2011.6.164.1.1.2.100.1.100.2415872136,Integer,1
.1.3.6.1.4.1.2011.6.164.1.1.2.100.1.100.2415872137,Integer,1
.1.3.6.1.4.1.2011.6.164.1.1.2.100.1.100.2415872138,Integer,1
.1.3.6.1.4.1.2011.6.164.1.1.2.100.1.100.2415872139,Integer,1
.1.3.6.1.4.1.2011.6.164.1.1.2.100.1.100.2415872140,Integer,1
.1.3.6.1.4.1.2011.6.164.1.1.2.100.1.100.2415872141,Integer,1
.1.3.6.1.4.1.2011.6.164.1.1.2.100.1.100.2415872142,Integer,1
.1.3.6.1.4.1.2011.6.164.1.1.2.100.1.100.2415872143,Integer,1
.1.3.6.1.4.1.2011.6.164.1.1.2.100.1.100.2415872144,Integer,1
.1.3.6.1.4.1.2011.6.164.1.1.2.100.1.100.2415872145,Integer,1
.1.3.6.1.4.1.2011.6.164.1.1.2.100.1.100.2415872146,Integer,1
.1.3.6.1.4.1.2011.6.164.1.1.2.100.1.100.2415872147,Integer,1
.1.3.6.1.4.1.2011.6.164.1.1.2.100.1.100.2415872148,Integer,1
.1.3.6.1.4.1.2011.6.164.1.1.2.100.1.100.2415872149,Integer,1
.1.3.6.1.4.1.2011.6.164.1.1.2.100.1.100.2415872150,Integer,1
.1.3.6.1.4.1.2011.6.164.1.1.2.100.1.100.2415872151,Integer,1
.1.3.6.1.4.1.2011.6.164.1.1.2.100.1.100.2415872152,Integer,1
.1.3.6.1.4.1.2011.6.164.1.1.2.100.1.100.2415872153,Integer,1
.1.3.6.1.4.1.2011.6.164.1.1.2.100.1.100.2415872154,Integer,1
.1.3.6.1.4.1.2011.6.164.1.1.2.100.1.100.2415872155,Integer,1
.1.3.6.1.4.1.2011.6.164.1.1.2.100.1.100.2415872156,Integer,1
.1.3.6.1.4.1.2011.6.164.1.1.2.100.1.100.2415872157,Integer,1
.1.3.6.1.4.1.2011.6.164.1.1.2.100.1.100.2415872158,Integer,1
.1.3.6.1.4.1.2011.6.164.1.1.2.100.1.100.2415872159,Integer,1
.1.3.6.1.4.1.2011.6.164.1.1.2.100.1.100.2415872160,Integer,1
.1.3.6.1.4.1.2011.6.164.1.1.2.100.1.100.2415872161,Integer,1
.1.3.6.1.4.1.2011.6.164.1.1.2.100.1.100.2415872162,Integer,1
.1.3.6.1.4.1.2011.6.164.1.1.2.100.1.100.2415872163,Integer,1
.1.3.6.1.4.1.2011.6.164.1.1.2.100.1.100.2415872164,Integer,1
.1.3.6.1.4.1.2011.6.164.1.1.2.100.1.100.2416129088,Integer,1
.1.3.6.1.4.1.2011.6.164.1.1.2.100.1.100.2416177498,Integer,1
.1.3.6.1.4.1.2011.6.164.1.1.2.100.1.100.2416177499,Integer,1
.1.3.6.1.4.1.2011.6.164.1.1.2.100.1.100.2416177500,Integer,1
.1.3.6.1.4.1.2011.6.164.1.1.2.100.1.100.2416177501,Integer,1
.1.3.6.1.4.1.2011.6.164.1.1.2.100.1.100.2416177502,Integer,1
.1.3.6.1.4.1.2011.6.164.1.1.2.100.1.100.2416177503,Integer,1
.1.3.6.1.4.1.2011.6.164.1.1.2.100.1.100.2416177504,Integer,1
.1.3.6.1.4.1.2011.6.164.1.1.2.100.1.100.2416177505,Integer,1
.1.3.6.1.4.1.2011.6.164.1.1.2.100.1.100.2416177506,Integer,1
.1.3.6.1.4.1.2011.6.164.1.1.2.100.1.100.2416177515,Integer,1
.1.3.6.1.4.1.2011.6.164.1.1.2.100.1.100.2416177618,Integer,1
.1.3.6.1.4.1.2011.6.164.1.1.2.100.1.100.2416177619,Integer,1
.1.3.6.1.4.1.2011.6.164.1.1.2.100.1.100.2416177620,Integer,1
.1.3.6.1.4.1.2011.6.164.1.1.2.100.1.100.2416177621,Integer,1
.1.3.6.1.4.1.2011.6.164.1.1.2.100.1.100.2416177622,Integer,1
.1.3.6.1.4.1.2011.6.164.1.1.2.100.1.100.2416177623,Integer,1
.1.3.6.1.4.1.2011.6.164.1.1.2.100.1.100.2416177624,Integer,1
.1.3.6.1.4.1.2011.6.164.1.1.2.100.1.100.2416177625,Integer,1
.1.3.6.1.4.1.2011.6.164.1.1.2.100.1.100.2416177626,Integer,1
.1.3.6.1.4.1.2011.6.164.1.1.2.100.1.100.2416177627,Integer,1
.1.3.6.1.4.1.2011.6.164.1.1.2.100.1.100.2416194537,Integer,1
.1.3.6.1.4.1.2011.6.164.1.1.2.100.1.100.2416243052,Integer,1
.1.3.6.1.4.1.2011.6.164.1.1.2.100.1.100.2416243053,Integer,1
.1.3.6.1.4.1.2011.6.164.1.1.2.100.1.100.2416255534,Integer,1
.1.3.6.1.4.1.2011.6.164.1.1.2.100.1.100.2416255536,Integer,1
.1.3.6.1.4.1.2011.6.164.1.1.2.100.1.100.2416321020,Integer,1
.1.3.6.1.4.1.2011.6.164.1.1.2.100.1.100.2416321021,Integer,1
.1.3.6.1.4.1.2011.6.164.1.1.2.100.1.100.2416321022,Integer,1
.1.3.6.1.4.1.2011.6.164.1.1.2.100.1.100.2416392106,Integer,1
.1.3.6.1.4.1.2011.6.164.1.1.2.100.1.100.2416454119,Integer,1
.1.3.6.1.4.1.2011.6.164.1.1.2.100.1.100.2416454120,Integer,1
.1.3.6.1.4.1.2011.6.164.1.1.2.100.1.100.2416454121,Integer,1
.1.3.6.1.4.1.2011.6.164.1.1.2.100.1.100.2416454141,Integer,1
.1.3.6.1.4.1.2011.6.164.1.1.2.100.1.100.2416457742,Integer,1
.1.3.6.1.4.1.2011.6.164.1.1.2.100.1.100.2416463153,Integer,1
.1.3.6.1.4.1.2011.6.164.1.1.2.100.1.100.2416463154,Integer,1
.1.3.6.1.4.1.2011.6.164.1.1.2.100.1.100.2416463155,Integer,1
.1.3.6.1.4.1.2011.6.164.1.1.2.100.1.100.2416504836,Integer,1
.1.3.6.1.4.1.2011.6.164.1.1.2.100.1.100.2416523978,Integer,1
.1.3.6.1.4.1.2011.6.164.1.1.2.100.1.100.2416523980,Integer,1
.1.3.6.1.4.1.2011.6.164.1.1.2.100.1.100.2416523981,Integer,1
.1.3.6.1.4.1.2011.6.164.1.1.2.100.1.100.2416523982,Integer,1
.1.3.6.1.4.1.2011.6.164.1.1.2.100.1.100.2416523983,Integer,1
.1.3.6.1.4.1.2011.6.164.1.1.2.100.1.100.2416523984,Integer,1
.1.3.6.1.4.1.2011.6.164.1.1.2.100.1.100.2416570403,Integer,1
.1.3.6.1.4.1.2011.6.164.1.1.2.100.1.100.2416586864,Integer,1
.1.3.6.1.4.1.2011.6.164.1.1.2.100.1.100.2416586865,Integer,1
.1.3.6.1.4.1.2011.6.164.1.1.2.100.1.100.2416586875,Integer,1
.1.3.6.1.4.1.2011.6.164.1.1.2.100.1.100.2416586876,Integer,1
.1.3.6.1.4.1.2011.6.164.1.1.2.100.1.100.2416586877,Integer,1
.1.3.6.1.4.1.2011.6.164.1.1.2.100.1.100.2416586878,Integer,1
.1.3.6.1.4.1.2011.6.164.1.1.2.100.1.100.2416722787,Integer,1
.1.3.6.1.4.1.2011.6.164.1.1.2.100.1.100.2416722788,Integer,1
.1.3.6.1.4.1.2011.6.164.1.1.2.100.1.100.2416722789,Integer,1
.1.3.6.1.4.1.2011.6.164.1.1.2.100.1.100.2416722790,Integer,1
.1.3.6.1.4.1.2011.6.164.1.1.2.100.1.100.2416722791,Integer,1
.1.3.6.1.4.1.2011.6.164.1.1.2.100.1.100.2416722792,Integer,1
.1.3.6.1.4.1.2011.6.164.1.1.2.100.1.100.2416722793,Integer,1
.1.3.6.1.4.1.2011.6.164.1.1.2.100.1.100.2416722794,Integer,1
.1.3.6.1.4.1.2011.6.164.1.1.2.100.1.100.2416722795,Integer,1
.1.3.6.1.4.1.2011.6.164.1.1.2.100.1.100.2416722796,Integer,1
.1.3.6.1.4.1.2011.6.164.1.1.2.100.1.100.2416722797,Integer,1
.1.3.6.1.4.1.2011.6.164.1.1.2.100.1.100.2416722798,Integer,1
.1.3.6.1.4.1.2011.6.164.1.1.2.100.1.100.2416722799,Integer,1
.1.3.6.1.4.1.2011.6.164.1.1.2.100.1.100.2416722800,Integer,1
.1.3.6.1.4.1.2011.6.164.1.1.2.100.1.100.2416722801,Integer,1
.1.3.6.1.4.1.2011.6.164.1.1.2.100.1.100.2416722802,Integer,1
.1.3.6.1.4.1.2011.6.164.1.1.2.100.1.100.2416722803,Integer,1
.1.3.6.1.4.1.2011.6.164.1.1.2.100.1.100.2416722804,Integer,1
.1.3.6.1.4.1.2011.6.164.1.1.2.100.1.100.2416722805,Integer,1
.1.3.6.1.4.1.2011.6.164.1.1.2.100.1.100.2416722806,Integer,1
.1.3.6.1.4.1.2011.6.164.1.1.2.100.1.100.2416722807,Integer,1
.1.3.6.1.4.1.2011.6.164.1.1.2.100.1.100.2416722808,Integer,1
.1.3.6.1.4.1.2011.6.164.1.1.2.100.1.100.2416722810,Integer,1
.1.3.6.1.4.1.2011.6.164.1.1.2.100.1.100.2416722811,Integer,1
.1.3.6.1.4.1.2011.6.164.1.1.2.100.1.100.2416722812,Integer,1
.1.3.6.1.4.1.2011.6.164.1.1.2.100.1.100.2416722813,Integer,1
.1.3.6.1.4.1.2011.6.164.1.1.2.100.1.100.2416722814,Integer,1
.1.3.6.1.4.1.2011.6.164.1.1.2.100.1.100.2416722815,Integer,1
.1.3.6.1.4.1.2011.6.164.1.1.2.100.1.100.2416722816,Integer,1
.1.3.6.1.4.1.2011.6.164.1.1.2.100.1.100.2416722817,Integer,1
.1.3.6.1.4.1.2011.6.164.1.1.2.100.1.100.2416722818,Integer,1
.1.3.6.1.4.1.2011.6.164.1.1.2.100.1.100.2416722819,Integer,1
.1.3.6.1.4.1.2011.6.164.1.1.2.100.1.100.2416722820,Integer,1
.1.3.6.1.4.1.2011.6.164.1.1.2.100.1.100.2416722821,Integer,1
.1.3.6.1.4.1.2011.6.164.1.1.2.100.1.100.2416722822,Integer,1
.1.3.6.1.4.1.2011.6.164.1.1.2.100.1.100.2416722823,Integer,1
.1.3.6.1.4.1.2011.6.164.1.1.2.100.1.100.2416722824,Integer,1
.1.3.6.1.4.1.2011.6.164.1.1.2.100.1.100.2416722825,Integer,1
.1.3.6.1.4.1.2011.6.164.1.1.2.100.1.100.2416722826,Integer,1
.1.3.6.1.4.1.2011.6.164.1.1.2.100.1.100.2416722827,Integer,1
.1.3.6.1.4.1.2011.6.164.1.1.2.100.1.100.2416722828,Integer,1
.1.3.6.1.4.1.2011.6.164.1.1.2.100.1.100.2416722829,Integer,1
.1.3.6.1.4.1.2011.6.164.1.1.2.100.1.100.2416722830,Integer,1
.1.3.6.1.4.1.2011.6.164.1.1.2.100.1.100.2416722831,Integer,1
.1.3.6.1.4.1.2011.6.164.1.1.2.100.1.100.2416722832,Integer,1
.1.3.6.1.4.1.2011.6.164.1.1.2.100.1.100.2416722833,Integer,1
.1.3.6.1.4.1.2011.6.164.1.1.2.100.1.100.2416722834,Integer,1
.1.3.6.1.4.1.2011.6.164.1.1.2.100.1.100.2416722835,Integer,1
.1.3.6.1.4.1.2011.6.164.1.1.2.100.1.100.2416722836,Integer,1
.1.3.6.1.4.1.2011.6.164.1.1.2.100.1.100.2416722837,Integer,1
.1.3.6.1.4.1.2011.6.164.1.1.2.100.1.100.2416722838,Integer,1
.1.3.6.1.4.1.2011.6.164.1.1.2.100.1.100.2416722839,Integer,1
.1.3.6.1.4.1.2011.6.164.1.1.2.100.1.100.2416722840,Integer,1
.1.3.6.1.4.1.2011.6.164.1.1.2.100.1.100.2416722841,Integer,1
.1.3.6.1.4.1.2011.6.164.1.1.2.100.1.100.2416722842,Integer,1
.1.3.6.1.4.1.2011.6.164.1.1.2.100.1.100.2416722843,Integer,1
.1.3.6.1.4.1.2011.6.164.1.1.2.100.1.100.2416722844,Integer,1
.1.3.6.1.4.1.2011.6.164.1.1.2.100.1.100.2416722845,Integer,1
.1.3.6.1.4.1.2011.6.164.1.1.2.100.1.100.2416722846,Integer,1
.1.3.6.1.4.1.2011.6.164.1.1.2.100.1.100.2416722847,Integer,1
.1.3.6.1.4.1.2011.6.164.1.1.2.100.1.100.2416722848,Integer,1
.1.3.6.1.4.1.2011.6.164.1.1.2.100.1.100.2416722870,Integer,1
.1.3.6.1.4.1.2011.6.164.1.1.2.100.1.100.2416766992,Integer,1
.1.3.6.1.4.1.2011.6.164.1.1.2.100.1.100.2416919595,Integer,1
.1.3.6.1.4.1.2011.6.164.1.1.2.100.1.100.2416919596,Integer,1
.1.3.6.1.4.1.2011.6.164.1.1.2.100.1.100.2416919597,Integer,1
.1.3.6.1.4.1.2011.6.164.1.1.2.100.1.100.2416919598,Integer,1
.1.3.6.1.4.1.2011.6.164.1.1.2.100.1.100.2416919599,Integer,1
.1.3.6.1.4.1.2011.6.164.1.1.2.100.1.100.2416919600,Integer,1
.1.3.6.1.4.1.2011.6.164.1.1.2.100.1.100.2417244525,Integer,1
.1.3.6.1.4.1.2011.6.164.1.1.2.100.1.100.2417244526,Integer,1
.1.3.6.1.4.1.2011.6.164.1.1.2.100.1.100.2417244527,Integer,1
.1.3.6.1.4.1.2011.6.164.1.1.2.100.1.100.2417244528,Integer,1
.1.3.6.1.4.1.2011.6.164.1.1.2.100.1.100.2417244529,Integer,1
.1.3.6.1.4.1.2011.6.164.1.1.2.100.1.100.2417244530,Integer,1
.1.3.6.1.4.1.2011.6.164.1.1.2.100.1.100.2417244531,Integer,1
.1.3.6.1.4.1.2011.6.164.1.1.2.100.1.100.2417244532,Integer,1
.1.3.6.1.4.1.2011.6.164.1.1.2.100.1.100.2417244533,Integer,1
.1.3.6.1.4.1.2011.6.164.1.1.2.100.1.100.2417244534,Integer,1
.1.3.6.1.4.1.2011.6.164.1.1.2.100.1.100.2417244535,Integer,1
.1.3.6.1.4.1.2011.6.164.1.1.2.100.1.100.2417308861,Integer,1
.1.3.6.1.4.1.2011.6.164.1.1.2.100.1.100.2417308862,Integer,1
.1.3.6.1.4.1.2011.6.164.1.1.2.100.1.100.2417308863,Integer,1
.1.3.6.1.4.1.2011.6.164.1.1.2.100.1.100.2417308864,Integer,1
.1.3.6.1.4.1.2011.6.164.1.1.2.100.1.100.2417380007,Integer,1
.1.3.6.1.4.1.2011.6.164.1.1.2.100.1.100.2417380008,Integer,1
.1.3.6.1.4.1.2011.6.164.1.1.2.100.1.100.2417380009,Integer,1
.1.3.6.1.4.1.2011.6.164.1.1.2.100.1.100.2417380010,Integer,1
.1.3.6.1.4.1.2011.6.164.1.1.2.100.1.100.2417380011,Integer,1
.1.3.6.1.4.1.2011.6.164.1.1.2.100.1.100.2417380012,Integer,1
.1.3.6.1.4.1.2011.6.164.1.1.2.100.1.100.2417380013,Integer,1
.1.3.6.1.4.1.2011.6.164.1.1.2.100.1.100.2417380014,Integer,1
.1.3.6.1.4.1.2011.6.164.1.1.2.100.1.100.2417380015,Integer,1
.1.3.6.1.4.1.2011.6.164.1.1.2.100.1.100.2417380016,Integer,1
.1.3.6.1.4.1.2011.6.164.1.1.2.100.1.100.2417380017,Integer,1
.1.3.6.1.4.1.2011.6.164.1.1.2.100.1.100.2417380018,Integer,1
.1.3.6.1.4.1.2011.6.164.1.1.2.100.1.100.2417380019,Integer,1
.1.3.6.1.4.1.2011.6.164.1.1.2.100.1.100.2417380020,Integer,1
.1.3.6.1.4.1.2011.6.164.1.1.2.100.1.100.2417380021,Integer,1
.1.3.6.1.4.1.2011.6.164.1.1.2.100.1.100.2417380022,Integer,1
.1.3.6.1.4.1.2011.6.164.1.1.2.100.1.100.2417380023,Integer,1
.1.3.6.1.4.1.2011.6.164.1.1.2.100.1.100.2417380024,Integer,1
.1.3.6.1.4.1.2011.6.164.1.1.2.100.1.100.2417380025,Integer,1
.1.3.6.1.4.1.2011.6.164.1.1.2.100.1.100.2417380027,Integer,1
.1.3.6.1.4.1.2011.6.164.1.1.2.100.1.100.2417380028,Integer,1
.1.3.6.1.4.1.2011.6.164.1.1.2.100.1.100.2417380029,Integer,1
.1.3.6.1.4.1.2011.6.164.1.1.2.100.1.100.2417380030,Integer,1
.1.3.6.1.4.1.2011.6.164.1.1.2.100.1.100.2417380032,Integer,1
.1.3.6.1.4.1.2011.6.164.1.1.2.100.1.100.2417380033,Integer,1
.1.3.6.1.4.1.2011.6.164.1.1.2.100.1.100.2417380034,Integer,1
.1.3.6.1.4.1.2011.6.164.1.1.2.100.1.100.2417380035,Integer,1
.1.3.6.1.4.1.2011.6.164.1.1.2.100.1.100.2417380036,Integer,1
.1.3.6.1.4.1.2011.6.164.1.1.2.100.1.100.2417380037,Integer,1
.1.3.6.1.4.1.2011.6.164.1.1.2.100.1.100.2417708577,Integer,1
.1.3.6.1.4.1.2011.6.164.1.1.2.100.1.100.2417750513,Integer,1
.1.3.6.1.4.1.2011.6.164.1.1.2.100.1.100.2417755662,Integer,1
.1.3.6.1.4.1.2011.6.164.1.1.2.100.1.100.2417755684,Integer,1
.1.3.6.1.4.1.2011.6.164.1.1.2.100.1.100.2417755685,Integer,1
.1.3.6.1.4.1.2011.6.164.1.1.2.100.1.100.2417755686,Integer,1
.1.3.6.1.4.1.2011.6.164.1.1.2.100.1.100.2417755687,Integer,1
.1.3.6.1.4.1.2011.6.164.1.1.2.100.1.100.2417755688,Integer,1
.1.3.6.1.4.1.2011.6.164.1.1.2.100.1.100.2417755689,Integer,1
.1.3.6.1.4.1.2011.6.164.1.1.2.100.1.100.2417755690,Integer,1
.1.3.6.1.4.1.2011.6.164.1.1.2.100.1.100.2417755691,Integer,1
.1.3.6.1.4.1.2011.6.164.1.1.2.100.1.100.2417755692,Integer,1
.1.3.6.1.4.1.2011.6.164.1.1.2.100.1.100.2417755693,Integer,1
.1.3.6.1.4.1.2011.6.164.1.1.2.100.1.100.2417755694,Integer,1
.1.3.6.1.4.1.2011.6.164.1.1.2.100.1.100.2417755695,Integer,1
.1.3.6.1.4.1.2011.6.164.1.1.2.100.1.100.2417755696,Integer,1
.1.3.6.1.4.1.2011.6.164.1.1.2.100.1.100.2417755697,Integer,1
.1.3.6.1.4.1.2011.6.164.1.1.2.100.1.100.2417755698,Integer,1
.1.3.6.1.4.1.2011.6.164.1.1.2.100.1.100.2417755699,Integer,1
.1.3.6.1.4.1.2011.6.164.1.1.2.100.1.100.2417755700,Integer,1
.1.3.6.1.4.1.2011.6.164.1.1.2.100.1.100.2417755701,Integer,1
.1.3.6.1.4.1.2011.6.164.1.1.2.100.1.100.2417755702,Integer,1
.1.3.6.1.4.1.2011.6.164.1.1.2.100.1.100.2417839211,Integer,1
.1.3.6.1.4.1.2011.6.164.1.1.2.100.1.100.2417839212,Integer,1
.1.3.6.1.4.1.2011.6.164.1.1.2.100.1.100.2417904744,Integer,1
.1.3.6.1.4.1.2011.6.164.1.1.2.100.1.100.2417904745,Integer,1
.1.3.6.1.4.1.2011.6.164.1.1.2.100.1.100.2417904746,Integer,1
.1.3.6.1.4.1.2011.6.164.1.1.2.100.1.100.2417960998,Integer,1
.1.3.6.1.4.1.2011.6.164.1.1.2.100.1.100.2417960999,Integer,1
.1.3.6.1.4.1.2011.6.164.1.1.2.100.1.100.2417961000,Integer,1
.1.3.6.1.4.1.2011.6.164.1.1.2.100.1.100.2417961001,Integer,1
.1.3.6.1.4.1.2011.6.164.1.1.2.100.1.100.2417961008,Integer,1
.1.3.6.1.4.1.2011.6.164.1.1.2.100.1.100.2417961009,Integer,1
.1.3.6.1.4.1.2011.6.164.1.1.2.100.1.100.2417961010,Integer,1
.1.3.6.1.4.1.2011.6.164.1.1.2.100.1.100.2417961011,Integer,1
.1.3.6.1.4.1.2011.6.164.1.1.2.100.1.100.2417961012,Integer,1
.1.3.6.1.4.1.2011.6.164.1.1.2.100.1.100.2417961013,Integer,1
.1.3.6.1.4.1.2011.6.164.1.1.2.100.1.100.2417961014,Integer,1
.1.3.6.1.4.1.2011.6.164.1.1.2.100.1.100.2417961015,Integer,1
.1.3.6.1.4.1.2011.6.164.1.1.2.100.1.100.2418036514,Integer,1
.1.3.6.1.4.1.2011.6.164.1.1.2.100.1.100.2418036515,Integer,1
.1.3.6.1.4.1.2011.6.164.1.1.2.100.1.100.2418036516,Integer,1
.1.3.6.1.4.1.2011.6.164.1.1.2.100.1.100.2418036517,Integer,1
.1.3.6.1.4.1.2011.6.164.1.1.2.100.1.100.2418036518,Integer,1
.1.3.6.1.4.1.2011.6.164.1.1.2.100.1.100.2418102043,Integer,1
.1.3.6.1.4.1.2011.6.164.1.1.2.100.1.100.2418102044,Integer,1
.1.3.6.1.4.1.2011.6.164.1.1.2.100.1.100.2418102045,Integer,1
.1.3.6.1.4.1.2011.6.164.1.1.2.100.1.100.2418298476,Integer,1
.1.3.6.1.4.1.2011.6.164.1.1.2.100.1.100.2418298477,Integer,1
.1.3.6.1.4.1.2011.6.164.1.1.2.100.1.100.2418298478,Integer,1
.1.3.6.1.4.1.2011.6.164.1.1.2.100.1.100.2418298479,Integer,1
.1.3.6.1.4.1.2011.6.164.1.1.2.100.1.100.2418298480,Integer,1
.1.3.6.1.4.1.2011.6.164.1.1.2.100.1.100.2418298481,Integer,1
.1.3.6.1.4.1.2011.6.164.1.1.2.100.1.100.2418298482,Integer,1
.1.3.6.1.4.1.2011.6.164.1.1.2.100.1.100.2418495109,Integer,1
.1.3.6.1.4.1.2011.6.164.1.1.2.100.1.100.2418495110,Integer,1
.1.3.6.1.4.1.2011.6.164.1.1.2.100.1.100.2418495111,Integer,1
.1.3.6.1.4.1.2011.6.164.1.1.2.100.1.100.2418495112,Integer,1
.1.3.6.1.4.1.2011.6.164.1.1.2.100.1.100.2418495113,Integer,1
.1.3.6.1.4.1.2011.6.164.1.1.2.100.1.100.2418495114,Integer,1
.1.3.6.1.4.1.2011.6.164.1.1.2.100.1.100.2418495115,Integer,1
.1.3.6.1.4.1.2011.6.164.1.1.2.100.1.100.2418495116,Integer,1
.1.3.6.1.4.1.2011.6.164.1.1.2.100.1.100.2418495117,Integer,1
.1.3.6.1.4.1.2011.6.164.1.1.2.100.1.100.2418495118,Integer,1
.1.3.6.1.4.1.2011.6.164.1.1.2.100.1.100.2418495119,Integer,1
.1.3.6.1.4.1.2011.6.164.1.1.2.100.1.100.2418495120,Integer,1
.1.3.6.1.4.1.2011.6.164.1.1.2.100.1.100.2418495121,Integer,1
.1.3.6.1.4.1.2011.6.164.1.1.2.100.1.100.2418495122,Integer,1
.1.3.6.1.4.1.2011.6.164.1.1.2.100.1.100.2418536587,Integer,1
.1.3.6.1.4.1.2011.6.164.1.1.2.100.1.100.2418560745,Integer,1
.1.3.6.1.4.1.2011.6.164.1.1.2.100.1.100.2418560746,Integer,1
.1.3.6.1.4.1.2011.6.164.1.1.2.100.1.100.2418602430,Integer,1
.1.3.6.1.4.1.2011.6.164.1.1.2.100.1.100.2418626231,Integer,1
.1.3.6.1.4.1.2011.6.164.1.1.2.100.1.100.2418626232,Integer,1
.1.3.6.1.4.1.2011.6.164.1.1.2.100.1.100.2418626233,Integer,1
.1.3.6.1.4.1.2011.6.164.1.1.2.100.1.100.2418626235,Integer,1
.1.3.6.1.4.1.2011.6.164.1.1.2.100.1.100.2418626236,Integer,1
.1.3.6.1.4.1.2011.6.164.1.1.2.100.1.100.2418626237,Integer,1
.1.3.6.1.4.1.2011.6.164.1.1.2.100.1.100.2418626238,Integer,1
.1.3.6.1.4.1.2011.6.164.1.1.2.100.1.100.2418626239,Integer,1
.1.3.6.1.4.1.2011.6.164.1.1.2.100.1.100.2418626240,Integer,1
.1.3.6.1.4.1.2011.6.164.1.1.2.100.1.100.2418626241,Integer,1
.1.3.6.1.4.1.2011.6.164.1.1.2.100.1.100.2418626242,Integer,1
.1.3.6.1.4.1.2011.6.164.1.1.2.100.1.100.2418626243,Integer,1
.1.3.6.1.4.1.2011.6.164.1.1.2.100.1.100.2418626244,Integer,1
.1.3.6.1.4.1.2011.6.164.1.1.2.100.1.100.2418626245,Integer,1
.1.3.6.1.4.1.2011.6.164.1.1.2.100.1.100.2418626246,Integer,1
.1.3.6.1.4.1.2011.6.164.1.1.2.100.1.100.2418626247,Integer,1
.1.3.6.1.4.1.2011.6.164.1.1.2.100.1.100.2418626248,Integer,1
.1.3.6.1.4.1.2011.6.164.1.1.2.100.1.100.2418626249,Integer,1
.1.3.6.1.4.1.2011.6.164.1.1.2.100.1.100.2418626250,Integer,1
.1.3.6.1.4.1.2011.6.164.1.1.2.100.1.100.2418626251,Integer,1
.1.3.6.1.4.1.2011.6.164.1.1.2.100.1.100.2418626252,Integer,1
.1.3.6.1.4.1.2011.6.164.1.1.2.100.1.100.2418667967,Integer,1
.1.3.6.1.4.1.2011.6.164.1.1.2.100.1.100.2418668016,Integer,1
.1.3.6.1.4.1.2011.6.164.1.1.2.100.1.100.2418822999,Integer,1
.1.3.6.1.4.1.2011.6.164.1.1.2.100.1.100.2418823000,Integer,1
.1.3.6.1.4.1.2011.6.164.1.1.2.100.1.100.2419206117,Integer,1
.1.3.6.1.4.1.2011.6.164.1.1.2.100.1.100.2419206118,Integer,1
.1.3.6.1.4.1.2011.6.164.1.1.2.100.1.100.2419206119,Integer,1
.1.3.6.1.4.1.2011.6.164.1.1.2.100.1.100.2419206120,Integer,1
.1.3.6.1.4.1.2011.6.164.1.1.2.100.1.100.2419206121,Integer,1
.1.3.6.1.4.1.2011.6.164.1.1.2.100.1.100.2419206122,Integer,1
.1.3.6.1.4.1.2011.6.164.1.1.2.100.1.100.2419206123,Integer,1
.1.3.6.1.4.1.2011.6.164.1.1.2.100.1.100.2419206124,Integer,1
.1.3.6.1.4.1.2011.6.164.1.1.2.100.1.100.2419206125,Integer,1
.1.3.6.1.4.1.2011.6.164.1.1.2.100.1.100.2419206126,Integer,1
.1.3.6.1.4.1.2011.6.164.1.1.2.100.1.100.2419206127,Integer,1
.1.3.6.1.4.1.2011.6.164.1.1.2.100.1.100.2419206131,Integer,1
.1.3.6.1.4.1.2011.6.164.1.1.2.100.1.100.2419206132,Integer,1
.1.3.6.1.4.1.2011.6.164.1.1.2.100.1.100.2419206134,Integer,1
.1.3.6.1.4.1.2011.6.164.1.1.2.100.1.100.2419206205,Integer,1
.1.3.6.1.4.1.2011.6.164.1.1.2.100.1.100.2419206206,Integer,1
.1.3.6.1.4.1.2011.6.164.1.1.2.100.1.100.2419206207,Integer,1
.1.3.6.1.4.1.2011.6.164.1.1.2.100.1.100.2419206208,Integer,1
.1.3.6.1.4.1.2011.6.164.1.1.2.100.1.100.2419206209,Integer,1
.1.3.6.1.4.1.2011.6.164.1.1.2.100.1.100.2419206210,Integer,1
.1.3.6.1.4.1.2011.6.164.1.1.2.100.1.100.2419206211,Integer,1
.1.3.6.1.4.1.2011.6.164.1.1.2.100.1.100.2419206212,Integer,1
.1.3.6.1.4.1.2011.6.164.1.1.2.100.1.100.2419211228,Integer,1
.1.3.6.1.4.1.2011.6.164.1.1.2.100.1.100.2419276703,Integer,1
.1.3.6.1.4.1.2011.6.164.1.1.2.100.1.100.2419402810,Integer,1
.1.3.6.1.4.1.2011.6.164.1.1.2.100.1.100.2419478119,Integer,1
.1.3.6.1.4.1.2011.6.164.1.1.2.100.1.100.2419480199,Integer,1
.1.3.6.1.4.1.2011.6.164.1.1.2.100.1.100.2419480200,Integer,1
.1.3.6.1.4.1.2011.6.164.1.1.2.100.1.100.2419480201,Integer,1
.1.3.6.1.4.1.2011.6.164.1.1.2.100.1.100.2419480202,Integer,1
.1.3.6.1.4.1.2011.6.164.1.1.2.100.1.100.2419480203,Integer,1
.1.3.6.1.4.1.2011.6.164.1.1.2.100.1.100.2419480204,Integer,1
.1.3.6.1.4.1.2011.6.164.1.1.2.100.1.100.2419480205,Integer,1
.1.3.6.1.4.1.2011.6.164.1.1.2.100.1.100.2419480206,Integer,1
.1.3.6.1.4.1.2011.6.164.1.1.2.100.1.100.2419480207,Integer,1
.1.3.6.1.4.1.2011.6.164.1.1.2.100.1.100.2419480208,Integer,1
.1.3.6.1.4.1.2011.6.164.1.1.2.100.1.100.2419480209,Integer,1
.1.3.6.1.4.1.2011.6.164.1.1.2.100.1.100.2419480210,Integer,1
.1.3.6.1.4.1.2011.6.164.1.1.2.100.1.100.2419480211,Integer,1
.1.3.6.1.4.1.2011.6.164.1.1.2.100.1.100.2419480212,Integer,1
.1.3.6.1.4.1.2011.6.164.1.1.2.100.1.100.2419480213,Integer,1
.1.3.6.1.4.1.2011.6.164.1.1.2.100.1.100.2419480214,Integer,1
.1.3.6.1.4.1.2011.6.164.1.1.2.100.1.100.2419480215,Integer,1
.1.3.6.1.4.1.2011.6.164.1.1.2.100.1.100.2419480216,Integer,1
.1.3.6.1.4.1.2011.6.164.1.1.2.100.1.100.2419480217,Integer,1
.1.3.6.1.4.1.2011.6.164.1.1.2.100.1.100.2419480218,Integer,1
.1.3.6.1.4.1.2011.6.164.1.1.2.100.1.100.2419480219,Integer,1
.1.3.6.1.4.1.2011.6.164.1.1.2.100.1.100.2419480220,Integer,1
.1.3.6.1.4.1.2011.6.164.1.1.2.100.1.100.2419480221,Integer,1
.1.3.6.1.4.1.2011.6.164.1.1.2.100.1.100.2419480222,Integer,1
.1.3.6.1.4.1.2011.6.164.1.1.2.100.1.100.2419480223,Integer,1
.1.3.6.1.4.1.2011.6.164.1.1.2.100.1.100.2419480224,Integer,1
.1.3.6.1.4.1.2011.6.164.1.1.2.100.1.100.2419480225,Integer,1
.1.3.6.1.4.1.2011.6.164.1.1.2.100.1.100.2419480226,Integer,1
.1.3.6.1.4.1.2011.6.164.1.1.2.100.1.100.2419480227,Integer,1
.1.3.6.1.4.1.2011.6.164.1.1.2.100.1.100.2419480228,Integer,1
.1.3.6.1.4.1.2011.6.164.1.1.2.100.1.100.2419480229,Integer,1
.1.3.6.1.4.1.2011.6.164.1.1.2.100.1.100.2419480230,Integer,1
.1.3.6.1.4.1.2011.6.164.1.1.2.100.1.100.2419480231,Integer,1
.1.3.6.1.4.1.2011.6.164.1.1.2.100.1.100.2419480232,Integer,1
.1.3.6.1.4.1.2011.6.164.1.1.2.100.1.100.2419480233,Integer,1
.1.3.6.1.4.1.2011.6.164.1.1.2.100.1.100.2419480234,Integer,1
.1.3.6.1.4.1.2011.6.164.1.1.2.100.1.100.2419480235,Integer,1
.1.3.6.1.4.1.2011.6.164.1.1.2.100.1.100.2419480236,Integer,1
.1.3.6.1.4.1.2011.6.164.1.1.2.100.1.100.2419480237,Integer,1
.1.3.6.1.4.1.2011.6.164.1.1.2.100.1.100.2419480238,Integer,1
.1.3.6.1.4.1.2011.6.164.1.1.2.100.1.100.2419480239,Integer,1
.1.3.6.1.4.1.2011.6.164.1.1.2.100.1.100.2419480240,Integer,1
.1.3.6.1.4.1.2011.6.164.1.1.2.100.1.100.2419480241,Integer,1
.1.3.6.1.4.1.2011.6.164.1.1.2.100.1.100.2419480242,Integer,1
.1.3.6.1.4.1.2011.6.164.1.1.2.100.1.100.2419480243,Integer,1
.1.3.6.1.4.1.2011.6.164.1.1.2.100.1.100.2419480244,Integer,1
.1.3.6.1.4.1.2011.6.164.1.1.2.100.1.100.2419480245,Integer,1
.1.3.6.1.4.1.2011.6.164.1.1.2.100.1.100.2419480246,Integer,1
.1.3.6.1.4.1.2011.6.164.1.1.2.100.1.100.2419480247,Integer,1
.1.3.6.1.4.1.2011.6.164.1.1.2.100.1.100.2419480248,Integer,1
.1.3.6.1.4.1.2011.6.164.1.1.2.100.1.100.2419480249,Integer,1
.1.3.6.1.4.1.2011.6.164.1.1.2.100.1.100.2419480250,Integer,1
.1.3.6.1.4.1.2011.6.164.1.1.2.100.1.100.2419480251,Integer,1
.1.3.6.1.4.1.2011.6.164.1.1.2.100.1.100.2419480252,Integer,1
.1.3.6.1.4.1.2011.6.164.1.1.2.100.1.100.2419480253,Integer,1
.1.3.6.1.4.1.2011.6.164.1.1.2.100.1.100.2419480254,Integer,1
.1.3.6.1.4.1.2011.6.164.1.1.2.100.1.100.2419480255,Integer,1
.1.3.6.1.4.1.2011.6.164.1.1.2.100.1.100.2419480256,Integer,1
.1.3.6.1.4.1.2011.6.164.1.1.2.100.1.100.2419480257,Integer,1
.1.3.6.1.4.1.2011.6.164.1.1.2.100.1.100.2419480258,Integer,1
.1.3.6.1.4.1.2011.6.164.1.1.2.100.1.100.2419480259,Integer,1
.1.3.6.1.4.1.2011.6.164.1.1.2.100.1.100.2419480260,Integer,1
.1.3.6.1.4.1.2011.6.164.1.1.2.100.1.100.2419992561,Integer,1
.1.3.6.1.4.1.2011.6.164.1.1.2.100.1.100.2419992562,Integer,1
.1.3.6.1.4.1.2011.6.164.1.1.2.100.1.100.2419997600,Integer,1
.1.3.6.1.4.1.2011.6.164.1.1.2.100.1.100.2419997605,Integer,1
.1.3.6.1.4.1.2011.6.164.1.1.2.100.1.100.2419997632,Integer,1
.1.3.6.1.4.1.2011.6.164.1.1.2.100.1.100.2419997633,Integer,1
.1.3.6.1.4.1.2011.6.164.1.1.2.100.1.100.2419997634,Integer,1
.1.3.6.1.4.1.2011.6.164.1.1.2.100.1.100.2419997642,Integer,1
.1.3.6.1.4.1.2011.6.164.1.1.2.100.1.100.2420043776,Integer,1
.1.3.6.1.4.1.2011.6.164.1.1.2.100.1.100.2420043777,Integer,1
.1.3.6.1.4.1.2011.6.164.1.1.2.100.1.100.2420043917,Integer,1
.1.3.6.1.4.1.2011.6.164.1.1.2.100.1.100.2420043918,Integer,1
.1.3.6.1.4.1.2011.6.164.1.1.2.100.1.100.2420043987,Integer,1
.1.3.6.1.4.1.2011.6.164.1.1.2.100.1.100.2420043988,Integer,1
.1.3.6.1.4.1.2011.6.164.1.1.2.100.1.100.2420043992,Integer,1
.1.3.6.1.4.1.2011.6.164.1.1.2.100.1.100.2420043993,Integer,1
.1.3.6.1.4.1.2011.6.164.1.1.2.100.1.100.2420044048,Integer,1
.1.3.6.1.4.1.2011.6.164.1.1.2.100.1.100.2420044170,Integer,1
.1.3.6.1.4.1.2011.6.164.1.1.2.100.1.100.2420044171,Integer,1
.1.3.6.1.4.1.2011.6.164.1.1.3.1.0,Integer,0
.1.3.6.1.4.1.2011.6.164.1.1.3.2.0,Integer,0
.1.3.6.1.4.1.2011.6.164.1.1.3.3.0,Integer,0
.1.3.6.1.4.1.2011.6.164.1.1.3.4.0,Integer,0
.1.3.6.1.4.1.2011.6.164.1.1.3.5.0,Integer,0
.1.3.6.1.4.1.2011.6.164.1.1.3.6.0,Integer,0
.1.3.6.1.4.1.2011.6.164.1.1.3.7.0,Integer,0
.1.3.6.1.4.1.2011.6.164.1.1.3.8.0,Integer,0
.1.3.6.1.4.1.2011.6.164.1.1.3.9.0,Integer,0
.1.3.6.1.4.1.2011.6.164.1.1.3.10.0,Integer,0
.1.3.6.1.4.1.2011.6.164.1.1.3.11.0,Integer,0
.1.3.6.1.4.1.2011.6.164.1.2.1.1.0,Gauge32,1000
.1.3.6.1.4.1.2011.6.164.1.2.1.2.0,OctetString,"""Monitor Group"""
.1.3.6.1.4.1.2011.6.164.1.2.1.3.0,Gauge32,1
.1.3.6.1.4.1.2011.6.164.1.2.2.1.1.1.1,Integer,1
.1.3.6.1.4.1.2011.6.164.1.2.2.1.1.2.1,Gauge32,1001
.1.3.6.1.4.1.2011.6.164.1.2.2.1.1.3.1,OctetString,"""Monitor"""
.1.3.6.1.4.1.2011.6.164.1.2.2.1.1.4.1,OctetString,"""Monitor"""
.1.3.6.1.4.1.2011.6.164.1.2.2.1.1.5.1,OctetString,"""SMU02C V500R003C10SPC038"""
.1.3.6.1.4.1.2011.6.164.1.2.2.1.1.7.1,OctetString,"""HUAWEI"""
.1.3.6.1.4.1.2011.6.164.1.2.2.1.1.11.1,Integer,2
.1.3.6.1.4.1.2011.6.164.1.2.2.1.1.12.1,Integer,2
.1.3.6.1.4.1.2011.6.164.1.2.2.1.1.99.1,Integer,1
.1.3.6.1.4.1.2011.6.164.1.2.2.1.1.100.1,Integer,1
.1.3.6.1.4.1.2011.6.164.1.3.1.1.0,Gauge32,2000
.1.3.6.1.4.1.2011.6.164.1.3.1.2.0,OctetString,"""Rectifier Group"""
.1.3.6.1.4.1.2011.6.164.1.3.1.3.0,Gauge32,146
.1.3.6.1.4.1.2011.6.164.1.3.1.4.0,Gauge32,5
.1.3.6.1.4.1.2011.6.164.1.3.1.5.0,Gauge32,535
.1.3.6.1.4.1.2011.6.164.1.3.1.6.0,Gauge32,540
.1.3.6.1.4.1.2011.6.164.1.3.1.7.0,Integer,1
.1.3.6.1.4.1.2011.6.164.1.3.1.8.0,Integer,1
.1.3.6.1.4.1.2011.6.164.1.3.1.9.0,Gauge32,780
.1.3.6.1.4.1.2011.6.164.1.3.1.10.0,Gauge32,0
.1.3.6.1.4.1.2011.6.164.1.3.1.11.0,Gauge32,841
.1.3.6.1.4.1.2011.6.164.1.3.1.12.0,Gauge32,5
.1.3.6.1.4.1.2011.6.164.1.3.1.13.0,Gauge32,75
.1.3.6.1.4.1.2011.6.164.1.3.1.14.0,Gauge32,595
.1.3.6.1.4.1.2011.6.164.1.3.2.1.1.1.28672,Integer,28672
.1.3.6.1.4.1.2011.6.164.1.3.2.1.1.1.28673,Integer,28673
.1.3.6.1.4.1.2011.6.164.1.3.2.1.1.1.28674,Integer,28674
.1.3.6.1.4.1.2011.6.164.1.3.2.1.1.1.28676,Integer,28676
.1.3.6.1.4.1.2011.6.164.1.3.2.1.1.1.28677,Integer,28677
.1.3.6.1.4.1.2011.6.164.1.3.2.1.1.2.28672,Gauge32,2002
.1.3.6.1.4.1.2011.6.164.1.3.2.1.1.2.28673,Gauge32,2006
.1.3.6.1.4.1.2011.6.164.1.3.2.1.1.2.28674,Gauge32,2003
.1.3.6.1.4.1.2011.6.164.1.3.2.1.1.2.28676,Gauge32,2005
.1.3.6.1.4.1.2011.6.164.1.3.2.1.1.2.28677,Gauge32,2001
.1.3.6.1.4.1.2011.6.164.1.3.2.1.1.3.28672,OctetString,"""Rectifier2"""
.1.3.6.1.4.1.2011.6.164.1.3.2.1.1.3.28673,OctetString,"""Rectifier6"""
.1.3.6.1.4.1.2011.6.164.1.3.2.1.1.3.28674,OctetString,"""Rectifier3"""
.1.3.6.1.4.1.2011.6.164.1.3.2.1.1.3.28676,OctetString,"""Rectifier5"""
.1.3.6.1.4.1.2011.6.164.1.3.2.1.1.3.28677,OctetString,"""Rectifier1"""
.1.3.6.1.4.1.2011.6.164.1.3.2.1.1.5.28672,OctetString,"""V302"""
.1.3.6.1.4.1.2011.6.164.1.3.2.1.1.5.28673,OctetString,"""V302"""
.1.3.6.1.4.1.2011.6.164.1.3.2.1.1.5.28674,OctetString,"""V302"""
.1.3.6.1.4.1.2011.6.164.1.3.2.1.1.5.28676,OctetString,"""V302"""
.1.3.6.1.4.1.2011.6.164.1.3.2.1.1.5.28677,OctetString,"""V302"""
.1.3.6.1.4.1.2011.6.164.1.3.2.1.1.8.28672,OctetString,"""2102310FFAHVJ8001625"""
.1.3.6.1.4.1.2011.6.164.1.3.2.1.1.8.28673,OctetString,"""2102310FFAHVJ8001607"""
.1.3.6.1.4.1.2011.6.164.1.3.2.1.1.8.28674,OctetString,"""2102310FFAHVJ8001594"""
.1.3.6.1.4.1.2011.6.164.1.3.2.1.1.8.28676,OctetString,"""2102310FFAHVJ8001002"""
.1.3.6.1.4.1.2011.6.164.1.3.2.1.1.8.28677,OctetString,"""2102310FFAHVJ8000887"""
.1.3.6.1.4.1.2011.6.164.1.3.2.1.1.9.28672,Gauge32,520
.1.3.6.1.4.1.2011.6.164.1.3.2.1.1.9.28673,Gauge32,520
.1.3.6.1.4.1.2011.6.164.1.3.2.1.1.9.28674,Gauge32,520
.1.3.6.1.4.1.2011.6.164.1.3.2.1.1.9.28676,Gauge32,520
.1.3.6.1.4.1.2011.6.164.1.3.2.1.1.9.28677,Gauge32,520
.1.3.6.1.4.1.2011.6.164.1.3.2.1.1.10.28672,Gauge32,93
.1.3.6.1.4.1.2011.6.164.1.3.2.1.1.10.28673,Gauge32,93
.1.3.6.1.4.1.2011.6.164.1.3.2.1.1.10.28674,Gauge32,93
.1.3.6.1.4.1.2011.6.164.1.3.2.1.1.10.28676,Gauge32,93
.1.3.6.1.4.1.2011.6.164.1.3.2.1.1.10.28677,Gauge32,93
.1.3.6.1.4.1.2011.6.164.1.3.2.1.1.14.28672,OctetString,"""Rectifier Group"""
.1.3.6.1.4.1.2011.6.164.1.3.2.1.1.14.28673,OctetString,"""Rectifier Group"""
.1.3.6.1.4.1.2011.6.164.1.3.2.1.1.14.28674,OctetString,"""Rectifier Group"""
.1.3.6.1.4.1.2011.6.164.1.3.2.1.1.14.28676,OctetString,"""Rectifier Group"""
.1.3.6.1.4.1.2011.6.164.1.3.2.1.1.14.28677,OctetString,"""Rectifier Group"""
.1.3.6.1.4.1.2011.6.164.1.3.2.2.1.1.28672,Integer,28672
.1.3.6.1.4.1.2011.6.164.1.3.2.2.1.1.28673,Integer,28673
.1.3.6.1.4.1.2011.6.164.1.3.2.2.1.1.28674,Integer,28674
.1.3.6.1.4.1.2011.6.164.1.3.2.2.1.1.28676,Integer,28676
.1.3.6.1.4.1.2011.6.164.1.3.2.2.1.1.28677,Integer,28677
.1.3.6.1.4.1.2011.6.164.1.3.2.2.1.2.28672,Gauge32,32
.1.3.6.1.4.1.2011.6.164.1.3.2.2.1.2.28673,Gauge32,27
.1.3.6.1.4.1.2011.6.164.1.3.2.2.1.2.28674,Gauge32,26
.1.3.6.1.4.1.2011.6.164.1.3.2.2.1.2.28676,Gauge32,28
.1.3.6.1.4.1.2011.6.164.1.3.2.2.1.2.28677,Gauge32,29
.1.3.6.1.4.1.2011.6.164.1.3.2.2.1.3.28672,Gauge32,541
.1.3.6.1.4.1.2011.6.164.1.3.2.2.1.3.28673,Gauge32,540
.1.3.6.1.4.1.2011.6.164.1.3.2.2.1.3.28674,Gauge32,540
.1.3.6.1.4.1.2011.6.164.1.3.2.2.1.3.28676,Gauge32,540
.1.3.6.1.4.1.2011.6.164.1.3.2.2.1.3.28677,Gauge32,540
.1.3.6.1.4.1.2011.6.164.1.3.2.2.1.5.28672,Gauge32,174
.1.3.6.1.4.1.2011.6.164.1.3.2.2.1.5.28673,Gauge32,147
.1.3.6.1.4.1.2011.6.164.1.3.2.2.1.5.28674,Gauge32,141
.1.3.6.1.4.1.2011.6.164.1.3.2.2.1.5.28676,Gauge32,152
.1.3.6.1.4.1.2011.6.164.1.3.2.2.1.5.28677,Gauge32,158
.1.3.6.1.4.1.2011.6.164.1.3.2.2.1.6.28672,Gauge32,2317
.1.3.6.1.4.1.2011.6.164.1.3.2.2.1.6.28673,Gauge32,2343
.1.3.6.1.4.1.2011.6.164.1.3.2.2.1.6.28674,Gauge32,2339
.1.3.6.1.4.1.2011.6.164.1.3.2.2.1.6.28676,Gauge32,2319
.1.3.6.1.4.1.2011.6.164.1.3.2.2.1.6.28677,Gauge32,2335
.1.3.6.1.4.1.2011.6.164.1.3.2.2.1.7.28672,Gauge32,96
.1.3.6.1.4.1.2011.6.164.1.3.2.2.1.7.28673,Gauge32,96
.1.3.6.1.4.1.2011.6.164.1.3.2.2.1.7.28674,Gauge32,96
.1.3.6.1.4.1.2011.6.164.1.3.2.2.1.7.28676,Gauge32,96
.1.3.6.1.4.1.2011.6.164.1.3.2.2.1.7.28677,Gauge32,96
.1.3.6.1.4.1.2011.6.164.1.3.2.2.1.8.28672,Integer,340
.1.3.6.1.4.1.2011.6.164.1.3.2.2.1.8.28673,Integer,330
.1.3.6.1.4.1.2011.6.164.1.3.2.2.1.8.28674,Integer,340
.1.3.6.1.4.1.2011.6.164.1.3.2.2.1.8.28676,Integer,330
.1.3.6.1.4.1.2011.6.164.1.3.2.2.1.8.28677,Integer,350
.1.3.6.1.4.1.2011.6.164.1.3.2.2.1.99.28672,Integer,1
.1.3.6.1.4.1.2011.6.164.1.3.2.2.1.99.28673,Integer,1
.1.3.6.1.4.1.2011.6.164.1.3.2.2.1.99.28674,Integer,1
.1.3.6.1.4.1.2011.6.164.1.3.2.2.1.99.28676,Integer,1
.1.3.6.1.4.1.2011.6.164.1.3.2.2.1.99.28677,Integer,1
.1.3.6.1.4.1.2011.6.164.1.3.2.2.1.100.28672,Integer,1
.1.3.6.1.4.1.2011.6.164.1.3.2.2.1.100.28673,Integer,1
.1.3.6.1.4.1.2011.6.164.1.3.2.2.1.100.28674,Integer,1
.1.3.6.1.4.1.2011.6.164.1.3.2.2.1.100.28676,Integer,1
.1.3.6.1.4.1.2011.6.164.1.3.2.2.1.100.28677,Integer,1
.1.3.6.1.4.1.2011.6.164.1.4.1.1.0,Gauge32,3000
.1.3.6.1.4.1.2011.6.164.1.4.1.2.0,OctetString,"""Battery Group"""
.1.3.6.1.4.1.2011.6.164.1.4.1.3.0,Gauge32,2
.1.3.6.1.4.1.2011.6.164.1.4.1.4.0,Integer,2
.1.3.6.1.4.1.2011.6.164.1.4.1.5.0,Gauge32,515
.1.3.6.1.4.1.2011.6.164.1.4.1.6.0,Integer,58
.1.3.6.1.4.1.2011.6.164.1.4.1.8.0,Gauge32,542
.1.3.6.1.4.1.2011.6.164.1.4.1.9.0,Gauge32,564
.1.3.6.1.4.1.2011.6.164.1.4.1.10.0,Gauge32,10
.1.3.6.1.4.1.2011.6.164.1.4.1.11.0,Gauge32,80
.1.3.6.1.4.1.2011.6.164.1.4.1.12.0,Integer,1
.1.3.6.1.4.1.2011.6.164.1.4.1.13.0,Gauge32,1300
.1.3.6.1.4.1.2011.6.164.1.4.1.14.0,Integer,2
.1.3.6.1.4.1.2011.6.164.1.4.1.15.0,Gauge32,30
.1.3.6.1.4.1.2011.6.164.1.4.1.16.0,Gauge32,18
.1.3.6.1.4.1.2011.6.164.1.4.1.17.0,Gauge32,35
.1.3.6.1.4.1.2011.6.164.1.4.1.18.0,Gauge32,25
.1.3.6.1.4.1.2011.6.164.1.4.2.1.0,Integer,-43
.1.3.6.1.4.1.2011.6.164.1.4.2.2.0,Gauge32,0
.1.3.6.1.4.1.2011.6.164.1.4.2.3.0,Integer,3
.1.3.6.1.4.1.2011.6.164.1.4.2.4.0,Integer,2
.1.3.6.1.4.1.2011.6.164.1.4.2.5.0,Integer,26
.1.3.6.1.4.1.2011.6.164.1.4.2.8.0,Gauge32,2600
.1.3.6.1.4.1.2011.6.164.1.4.2.9.0,Gauge32,0
.1.3.6.1.4.1.2011.6.164.1.4.2.10.0,Gauge32,100
.1.3.6.1.4.1.2011.6.164.1.4.2.11.0,Gauge32,0
.1.3.6.1.4.1.2011.6.164.1.4.3.2.0,Gauge32,480
.1.3.6.1.4.1.2011.6.164.1.4.3.3.0,Gauge32,192
.1.3.6.1.4.1.2011.6.164.1.4.3.4.0,Gauge32,24
.1.3.6.1.4.1.2011.6.164.1.4.3.5.0,Gauge32,5
.1.3.6.1.4.1.2011.6.164.1.4.3.6.0,Gauge32,450
.1.3.6.1.4.1.2011.6.164.1.4.3.7.0,Integer,3
.1.3.6.1.4.1.2011.6.164.1.4.3.8.0,Integer,1
.1.3.6.1.4.1.2011.6.164.1.4.3.9.0,Gauge32,9999
.1.3.6.1.4.1.2011.6.164.1.4.3.10.0,Integer,1
.1.3.6.1.4.1.2011.6.164.1.4.3.11.0,Gauge32,90
.1.3.6.1.4.1.2011.6.164.1.4.3.12.0,Gauge32,20
.1.3.6.1.4.1.2011.6.164.1.4.3.13.0,Integer,5
.1.3.6.1.4.1.2011.6.164.1.4.3.14.0,Integer,1
.1.3.6.1.4.1.2011.6.164.1.4.3.15.0,Gauge32,30
.1.3.6.1.4.1.2011.6.164.1.4.3.100.1.1.1,Integer,1
.1.3.6.1.4.1.2011.6.164.1.4.3.100.1.2.1,Integer,1
.1.3.6.1.4.1.2011.6.164.1.4.3.100.1.3.1,OctetString,"""2020-11-12 22:57:55"""
.1.3.6.1.4.1.2011.6.164.1.4.3.100.1.4.1,Integer,1
.1.3.6.1.4.1.2011.6.164.1.4.3.100.1.5.1,Integer,255
.1.3.6.1.4.1.2011.6.164.1.4.3.100.1.6.1,Gauge32,2
.1.3.6.1.4.1.2011.6.164.1.4.3.100.1.7.1,Gauge32,526
.1.3.6.1.4.1.2011.6.164.1.4.3.100.1.8.1,Integer,-188
.1.3.6.1.4.1.2011.6.164.1.4.3.100.1.9.1,Gauge32,0
.1.3.6.1.4.1.2011.6.164.1.4.3.100.1.10.1,Integer,36
.1.3.6.1.4.1.2011.6.164.1.4.3.100.1.11.1,Integer,4
.1.3.6.1.4.1.2011.6.164.1.4.3.100.1.100.1,Integer,1
.1.3.6.1.4.1.2011.6.164.1.4.4.1.1.1.5,Integer,5
.1.3.6.1.4.1.2011.6.164.1.4.4.1.1.1.6,Integer,6
.1.3.6.1.4.1.2011.6.164.1.4.4.1.1.2.5,Gauge32,3001
.1.3.6.1.4.1.2011.6.164.1.4.4.1.1.2.6,Gauge32,3002
.1.3.6.1.4.1.2011.6.164.1.4.4.1.1.3.5,OctetString,"""Battery String1"""
.1.3.6.1.4.1.2011.6.164.1.4.4.1.1.3.6,OctetString,"""Battery String2"""
.1.3.6.1.4.1.2011.6.164.1.4.4.1.1.4.5,Integer,55
.1.3.6.1.4.1.2011.6.164.1.4.4.1.1.4.6,Integer,55
.1.3.6.1.4.1.2011.6.164.1.4.4.1.1.5.5,Integer,-5
.1.3.6.1.4.1.2011.6.164.1.4.4.1.1.5.6,Integer,-5
.1.3.6.1.4.1.2011.6.164.1.4.4.1.1.8.5,Integer,1300
.1.3.6.1.4.1.2011.6.164.1.4.4.1.1.8.6,Integer,1300
.1.3.6.1.4.1.2011.6.164.1.4.4.1.1.10.5,OctetString,"""Battery Group"""
.1.3.6.1.4.1.2011.6.164.1.4.4.1.1.10.6,OctetString,"""Battery Group"""
.1.3.6.1.4.1.2011.6.164.1.4.4.2.1.1.5,Integer,5
.1.3.6.1.4.1.2011.6.164.1.4.4.2.1.1.6,Integer,6
.1.3.6.1.4.1.2011.6.164.1.4.4.2.1.2.5,Integer,-21
.1.3.6.1.4.1.2011.6.164.1.4.4.2.1.2.6,Integer,-21
.1.3.6.1.4.1.2011.6.164.1.4.4.2.1.3.5,Gauge32,1000
.1.3.6.1.4.1.2011.6.164.1.4.4.2.1.3.6,Gauge32,1000
.1.3.6.1.4.1.2011.6.164.1.4.4.2.1.4.5,Gauge32,0
.1.3.6.1.4.1.2011.6.164.1.4.4.2.1.4.6,Gauge32,0
.1.3.6.1.4.1.2011.6.164.1.4.4.2.1.6.5,Integer,276
.1.3.6.1.4.1.2011.6.164.1.4.4.2.1.6.6,Integer,276
.1.3.6.1.4.1.2011.6.164.1.4.4.2.1.7.5,Integer,0
.1.3.6.1.4.1.2011.6.164.1.4.4.2.1.7.6,Integer,0
.1.3.6.1.4.1.2011.6.164.1.4.4.2.1.99.5,Integer,1
.1.3.6.1.4.1.2011.6.164.1.4.4.2.1.99.6,Integer,1
.1.3.6.1.4.1.2011.6.164.1.5.1.1.0,Gauge32,4000
.1.3.6.1.4.1.2011.6.164.1.5.1.2.0,OctetString,"""AC Distribution Group"""
.1.3.6.1.4.1.2011.6.164.1.5.1.3.0,Gauge32,51
.1.3.6.1.4.1.2011.6.164.1.5.1.4.0,Gauge32,1
.1.3.6.1.4.1.2011.6.164.1.5.2.1.1.1.3996,Integer,3996
.1.3.6.1.4.1.2011.6.164.1.5.2.1.1.2.3996,Gauge32,4000
.1.3.6.1.4.1.2011.6.164.1.5.2.1.1.3.3996,OctetString,"""AC Distribution"""
.1.3.6.1.4.1.2011.6.164.1.5.2.1.1.4.3996,Gauge32,2337
.1.3.6.1.4.1.2011.6.164.1.5.2.1.1.5.3996,Gauge32,2319
.1.3.6.1.4.1.2011.6.164.1.5.2.1.1.6.3996,Gauge32,2343
.1.3.6.1.4.1.2011.6.164.1.5.2.1.1.7.3996,Integer,8
.1.3.6.1.4.1.2011.6.164.1.5.2.1.1.8.3996,Integer,15
.1.3.6.1.4.1.2011.6.164.1.5.2.1.1.9.3996,Integer,14
.1.3.6.1.4.1.2011.6.164.1.5.2.1.1.11.3996,Gauge32,280
.1.3.6.1.4.1.2011.6.164.1.5.2.1.1.12.3996,Gauge32,180
.1.3.6.1.4.1.2011.6.164.1.5.2.1.1.13.3996,OctetString,"""DC Power"""
.1.3.6.1.4.1.2011.6.164.1.5.2.1.1.99.3996,Integer,1
.1.3.6.1.4.1.2011.6.164.1.6.1.1.0,Gauge32,6000
.1.3.6.1.4.1.2011.6.164.1.6.1.2.0,OctetString,"""DC Power"""
.1.3.6.1.4.1.2011.6.164.1.6.1.3.0,Gauge32,540
.1.3.6.1.4.1.2011.6.164.1.6.1.4.0,Integer,176
.1.3.6.1.4.1.2011.6.164.1.6.1.5.0,Gauge32,951
.1.3.6.1.4.1.2011.6.164.1.6.1.6.0,Gauge32,1
.1.3.6.1.4.1.2011.6.164.1.6.1.7.0,Gauge32,575
.1.3.6.1.4.1.2011.6.164.1.6.1.8.0,Gauge32,470
.1.3.6.1.4.1.2011.6.164.1.6.1.9.0,Gauge32,49512
.1.3.6.1.4.1.2011.6.164.1.6.2.1.1.1.3980,Integer,3980
.1.3.6.1.4.1.2011.6.164.1.6.2.1.1.2.3980,Gauge32,6000
.1.3.6.1.4.1.2011.6.164.1.6.2.1.1.3.3980,OctetString,"""DC Distribution"""
.1.3.6.1.4.1.2011.6.164.1.6.2.1.1.4.3980,Gauge32,540
.1.3.6.1.4.1.2011.6.164.1.6.2.1.1.5.3980,Integer,176
.1.3.6.1.4.1.2011.6.164.1.6.2.1.1.6.3980,Gauge32,952
.1.3.6.1.4.1.2011.6.164.1.6.2.1.1.7.3980,Gauge32,4
.1.3.6.1.4.1.2011.6.164.1.6.2.1.1.8.3980,Gauge32,5
.1.3.6.1.4.1.2011.6.164.1.6.2.1.1.9.3980,OctetString,"""DC Power"""
.1.3.6.1.4.1.2011.6.164.1.6.2.1.1.10.3980,Gauge32,575
.1.3.6.1.4.1.2011.6.164.1.6.2.1.1.11.3980,Gauge32,470
.1.3.6.1.4.1.2011.6.164.1.6.2.1.1.99.3980,Integer,1
.1.3.6.1.4.1.2011.6.164.1.6.2.2.1.1.1,Integer,1
.1.3.6.1.4.1.2011.6.164.1.6.2.2.1.1.2,Integer,2
.1.3.6.1.4.1.2011.6.164.1.6.2.2.1.1.3,Integer,3
.1.3.6.1.4.1.2011.6.164.1.6.2.2.1.1.4,Integer,4
.1.3.6.1.4.1.2011.6.164.1.6.2.2.1.2.1,Gauge32,1
.1.3.6.1.4.1.2011.6.164.1.6.2.2.1.2.2,Gauge32,2
.1.3.6.1.4.1.2011.6.164.1.6.2.2.1.2.3,Gauge32,3
.1.3.6.1.4.1.2011.6.164.1.6.2.2.1.2.4,Gauge32,4
.1.3.6.1.4.1.2011.6.164.1.6.2.2.1.3.1,OctetString,"""LoadBranch1"""
.1.3.6.1.4.1.2011.6.164.1.6.2.2.1.3.2,OctetString,"""LoadBranch2"""
.1.3.6.1.4.1.2011.6.164.1.6.2.2.1.3.3,OctetString,"""LoadBranch3"""
.1.3.6.1.4.1.2011.6.164.1.6.2.2.1.3.4,OctetString,"""LoadBranch4"""
.1.3.6.1.4.1.2011.6.164.1.6.2.2.1.4.1,Integer,169
.1.3.6.1.4.1.2011.6.164.1.6.2.2.1.4.2,Integer,0
.1.3.6.1.4.1.2011.6.164.1.6.2.2.1.4.3,Integer,0
.1.3.6.1.4.1.2011.6.164.1.6.2.2.1.4.4,Integer,0
.1.3.6.1.4.1.2011.6.164.1.6.2.2.1.5.1,Gauge32,915
.1.3.6.1.4.1.2011.6.164.1.6.2.2.1.5.2,Gauge32,0
.1.3.6.1.4.1.2011.6.164.1.6.2.2.1.5.3,Gauge32,0
.1.3.6.1.4.1.2011.6.164.1.6.2.2.1.5.4,Gauge32,0
.1.3.6.1.4.1.2011.6.164.1.6.2.2.1.6.1,Gauge32,566279
.1.3.6.1.4.1.2011.6.164.1.6.2.2.1.6.2,Gauge32,20077
.1.3.6.1.4.1.2011.6.164.1.6.2.2.1.6.3,Gauge32,6508
.1.3.6.1.4.1.2011.6.164.1.6.2.2.1.6.4,Gauge32,164
.1.3.6.1.4.1.2011.6.164.1.6.2.2.1.8.1,Gauge32,56628
.1.3.6.1.4.1.2011.6.164.1.6.2.2.1.8.2,Gauge32,2008
.1.3.6.1.4.1.2011.6.164.1.6.2.2.1.8.3,Gauge32,651
.1.3.6.1.4.1.2011.6.164.1.6.2.2.1.8.4,Gauge32,16
.1.3.6.1.4.1.2011.6.164.1.6.2.2.1.9.1,Gauge32,0
.1.3.6.1.4.1.2011.6.164.1.6.2.2.1.9.2,Gauge32,0
.1.3.6.1.4.1.2011.6.164.1.6.2.2.1.9.3,Gauge32,0
.1.3.6.1.4.1.2011.6.164.1.6.2.2.1.9.4,Gauge32,0
.1.3.6.1.4.1.2011.6.164.1.6.2.2.1.10.1,Gauge32,5662785
.1.3.6.1.4.1.2011.6.164.1.6.2.2.1.10.2,Gauge32,200769
.1.3.6.1.4.1.2011.6.164.1.6.2.2.1.10.3,Gauge32,65080
.1.3.6.1.4.1.2011.6.164.1.6.2.2.1.10.4,Gauge32,1637
.1.3.6.1.4.1.2011.6.164.1.6.2.2.1.11.1,OctetString,"""DC Distribution:DC Power"""
.1.3.6.1.4.1.2011.6.164.1.6.2.2.1.11.2,OctetString,"""DC Distribution:DC Power"""
.1.3.6.1.4.1.2011.6.164.1.6.2.2.1.11.3,OctetString,"""DC Distribution:DC Power"""
.1.3.6.1.4.1.2011.6.164.1.6.2.2.1.11.4,OctetString,"""DC Distribution:DC Power"""
.1.3.6.1.4.1.2011.6.164.1.7.1.1.0,Gauge32,8000
.1.3.6.1.4.1.2011.6.164.1.7.1.2.0,OctetString,"""Lvd Unit Group"""
.1.3.6.1.4.1.2011.6.164.1.7.1.3.0,Gauge32,5
.1.3.6.1.4.1.2011.6.164.1.7.2.1.1.1.1,Integer,1
.1.3.6.1.4.1.2011.6.164.1.7.2.1.1.1.2,Integer,2
.1.3.6.1.4.1.2011.6.164.1.7.2.1.1.1.3,Integer,3
.1.3.6.1.4.1.2011.6.164.1.7.2.1.1.1.4,Integer,4
.1.3.6.1.4.1.2011.6.164.1.7.2.1.1.1.5,Integer,5
.1.3.6.1.4.1.2011.6.164.1.7.2.1.1.2.1,Gauge32,8001
.1.3.6.1.4.1.2011.6.164.1.7.2.1.1.2.2,Gauge32,8002
.1.3.6.1.4.1.2011.6.164.1.7.2.1.1.2.3,Gauge32,8003
.1.3.6.1.4.1.2011.6.164.1.7.2.1.1.2.4,Gauge32,8004
.1.3.6.1.4.1.2011.6.164.1.7.2.1.1.2.5,Gauge32,8005
.1.3.6.1.4.1.2011.6.164.1.7.2.1.1.3.1,OctetString,"""LLVD1"""
.1.3.6.1.4.1.2011.6.164.1.7.2.1.1.3.2,OctetString,"""LLVD2"""
.1.3.6.1.4.1.2011.6.164.1.7.2.1.1.3.3,OctetString,"""BLVD"""
.1.3.6.1.4.1.2011.6.164.1.7.2.1.1.3.4,OctetString,"""LLVD3"""
.1.3.6.1.4.1.2011.6.164.1.7.2.1.1.3.5,OctetString,"""LLVD4"""
.1.3.6.1.4.1.2011.6.164.1.7.2.1.1.4.1,Integer,1
.1.3.6.1.4.1.2011.6.164.1.7.2.1.1.4.2,Integer,1
.1.3.6.1.4.1.2011.6.164.1.7.2.1.1.4.3,Integer,1
.1.3.6.1.4.1.2011.6.164.1.7.2.1.1.4.4,Integer,1
.1.3.6.1.4.1.2011.6.164.1.7.2.1.1.4.5,Integer,1
.1.3.6.1.4.1.2011.6.164.1.7.2.1.1.5.1,Integer,440
.1.3.6.1.4.1.2011.6.164.1.7.2.1.1.5.2,Integer,440
.1.3.6.1.4.1.2011.6.164.1.7.2.1.1.5.3,Integer,440
.1.3.6.1.4.1.2011.6.164.1.7.2.1.1.5.4,Integer,440
.1.3.6.1.4.1.2011.6.164.1.7.2.1.1.5.5,Integer,440
.1.3.6.1.4.1.2011.6.164.1.7.2.1.1.6.1,Integer,2
.1.3.6.1.4.1.2011.6.164.1.7.2.1.1.6.2,Integer,2
.1.3.6.1.4.1.2011.6.164.1.7.2.1.1.6.3,Integer,2
.1.3.6.1.4.1.2011.6.164.1.7.2.1.1.6.4,Integer,2
.1.3.6.1.4.1.2011.6.164.1.7.2.1.1.6.5,Integer,2
.1.3.6.1.4.1.2011.6.164.1.7.2.1.1.7.1,Integer,1
.1.3.6.1.4.1.2011.6.164.1.7.2.1.1.7.2,Integer,1
.1.3.6.1.4.1.2011.6.164.1.7.2.1.1.7.3,Integer,1
.1.3.6.1.4.1.2011.6.164.1.7.2.1.1.7.4,Integer,1
.1.3.6.1.4.1.2011.6.164.1.7.2.1.1.7.5,Integer,1
.1.3.6.1.4.1.2011.6.164.1.7.2.1.1.8.1,Integer,510
.1.3.6.1.4.1.2011.6.164.1.7.2.1.1.8.2,Integer,510
.1.3.6.1.4.1.2011.6.164.1.7.2.1.1.8.3,Integer,510
.1.3.6.1.4.1.2011.6.164.1.7.2.1.1.8.4,Integer,510
.1.3.6.1.4.1.2011.6.164.1.7.2.1.1.8.5,Integer,510
.1.3.6.1.4.1.2011.6.164.1.7.2.1.1.9.1,Integer,180
.1.3.6.1.4.1.2011.6.164.1.7.2.1.1.9.2,Integer,360
.1.3.6.1.4.1.2011.6.164.1.7.2.1.1.9.3,Integer,480
.1.3.6.1.4.1.2011.6.164.1.7.2.1.1.9.4,Integer,360
.1.3.6.1.4.1.2011.6.164.1.7.2.1.1.9.5,Integer,360
.1.3.6.1.4.1.2011.6.164.1.7.2.1.1.10.1,Integer,150
.1.3.6.1.4.1.2011.6.164.1.7.2.1.1.10.2,Integer,150
.1.3.6.1.4.1.2011.6.164.1.7.2.1.1.10.3,Integer,100
.1.3.6.1.4.1.2011.6.164.1.7.2.1.1.10.4,Integer,150
.1.3.6.1.4.1.2011.6.164.1.7.2.1.1.10.5,Integer,150
.1.3.6.1.4.1.2011.6.164.1.7.2.1.1.99.1,Integer,1
.1.3.6.1.4.1.2011.6.164.1.7.2.1.1.99.2,Integer,1
.1.3.6.1.4.1.2011.6.164.1.7.2.1.1.99.3,Integer,1
.1.3.6.1.4.1.2011.6.164.1.7.2.1.1.99.4,Integer,1
.1.3.6.1.4.1.2011.6.164.1.7.2.1.1.99.5,Integer,1
.1.3.6.1.4.1.2011.6.164.1.7.2.2.1.1.1,Integer,1
.1.3.6.1.4.1.2011.6.164.1.7.2.2.1.1.2,Integer,2
.1.3.6.1.4.1.2011.6.164.1.7.2.2.1.1.3,Integer,3
.1.3.6.1.4.1.2011.6.164.1.7.2.2.1.1.4,Integer,4
.1.3.6.1.4.1.2011.6.164.1.7.2.2.1.2.1,Gauge32,1
.1.3.6.1.4.1.2011.6.164.1.7.2.2.1.2.2,Gauge32,2
.1.3.6.1.4.1.2011.6.164.1.7.2.2.1.2.3,Gauge32,3
.1.3.6.1.4.1.2011.6.164.1.7.2.2.1.2.4,Gauge32,4
.1.3.6.1.4.1.2011.6.164.1.7.2.2.1.3.1,OctetString,"""LLVD1"""
.1.3.6.1.4.1.2011.6.164.1.7.2.2.1.3.2,OctetString,"""LLVD2"""
.1.3.6.1.4.1.2011.6.164.1.7.2.2.1.3.3,OctetString,"""LLVD3"""
.1.3.6.1.4.1.2011.6.164.1.7.2.2.1.3.4,OctetString,"""LLVD4"""
.1.3.6.1.4.1.2011.6.164.1.7.2.2.1.4.1,Integer,1
.1.3.6.1.4.1.2011.6.164.1.7.2.2.1.4.2,Integer,1
.1.3.6.1.4.1.2011.6.164.1.7.2.2.1.4.3,Integer,1
.1.3.6.1.4.1.2011.6.164.1.7.2.2.1.4.4,Integer,1
.1.3.6.1.4.1.2011.6.164.1.7.2.2.1.5.1,Integer,440
.1.3.6.1.4.1.2011.6.164.1.7.2.2.1.5.2,Integer,440
.1.3.6.1.4.1.2011.6.164.1.7.2.2.1.5.3,Integer,440
.1.3.6.1.4.1.2011.6.164.1.7.2.2.1.5.4,Integer,440
.1.3.6.1.4.1.2011.6.164.1.7.2.2.1.6.1,Integer,2
.1.3.6.1.4.1.2011.6.164.1.7.2.2.1.6.2,Integer,2
.1.3.6.1.4.1.2011.6.164.1.7.2.2.1.6.3,Integer,2
.1.3.6.1.4.1.2011.6.164.1.7.2.2.1.6.4,Integer,2
.1.3.6.1.4.1.2011.6.164.1.7.2.2.1.7.1,Integer,1
.1.3.6.1.4.1.2011.6.164.1.7.2.2.1.7.2,Integer,1
.1.3.6.1.4.1.2011.6.164.1.7.2.2.1.7.3,Integer,1
.1.3.6.1.4.1.2011.6.164.1.7.2.2.1.7.4,Integer,1
.1.3.6.1.4.1.2011.6.164.1.7.2.2.1.8.1,Integer,510
.1.3.6.1.4.1.2011.6.164.1.7.2.2.1.8.2,Integer,510
.1.3.6.1.4.1.2011.6.164.1.7.2.2.1.8.3,Integer,510
.1.3.6.1.4.1.2011.6.164.1.7.2.2.1.8.4,Integer,510
.1.3.6.1.4.1.2011.6.164.1.7.2.2.1.9.1,Integer,180
.1.3.6.1.4.1.2011.6.164.1.7.2.2.1.9.2,Integer,360
.1.3.6.1.4.1.2011.6.164.1.7.2.2.1.9.3,Integer,360
.1.3.6.1.4.1.2011.6.164.1.7.2.2.1.9.4,Integer,360
.1.3.6.1.4.1.2011.6.164.1.7.2.2.1.10.1,Integer,150
.1.3.6.1.4.1.2011.6.164.1.7.2.2.1.10.2,Integer,150
.1.3.6.1.4.1.2011.6.164.1.7.2.2.1.10.3,Integer,150
.1.3.6.1.4.1.2011.6.164.1.7.2.2.1.10.4,Integer,150
.1.3.6.1.4.1.2011.6.164.1.7.2.2.1.11.1,OctetString,"""DC Distribution:DC Power"""
.1.3.6.1.4.1.2011.6.164.1.7.2.2.1.11.2,OctetString,"""DC Distribution:DC Power"""
.1.3.6.1.4.1.2011.6.164.1.7.2.2.1.11.3,OctetString,"""DC Distribution:DC Power"""
.1.3.6.1.4.1.2011.6.164.1.7.2.2.1.11.4,OctetString,"""DC Distribution:DC Power"""
.1.3.6.1.4.1.2011.6.164.1.7.2.3.1.1.1,Integer,1
.1.3.6.1.4.1.2011.6.164.1.7.2.3.1.2.1,Gauge32,1
.1.3.6.1.4.1.2011.6.164.1.7.2.3.1.3.1,OctetString,"""BLVD1"""
.1.3.6.1.4.1.2011.6.164.1.7.2.3.1.4.1,Integer,1
.1.3.6.1.4.1.2011.6.164.1.7.2.3.1.5.1,Integer,440
.1.3.6.1.4.1.2011.6.164.1.7.2.3.1.6.1,Integer,2
.1.3.6.1.4.1.2011.6.164.1.7.2.3.1.7.1,Integer,1
.1.3.6.1.4.1.2011.6.164.1.7.2.3.1.8.1,Integer,510
.1.3.6.1.4.1.2011.6.164.1.7.2.3.1.9.1,Integer,480
.1.3.6.1.4.1.2011.6.164.1.7.2.3.1.10.1,Integer,100
.1.3.6.1.4.1.2011.6.164.1.7.2.3.1.11.1,OctetString,"""Battery Group:DC Power"""
.1.3.6.1.4.1.2011.6.164.1.8.1.1.0,Gauge32,9000
.1.3.6.1.4.1.2011.6.164.1.8.1.2.0,OctetString,"""Environment Unit Group"""
.1.3.6.1.4.1.2011.6.164.1.8.1.3.0,Integer,2
.1.3.6.1.4.1.2011.6.164.1.8.1.5.0,Integer,2
.1.3.6.1.4.1.2011.6.164.1.8.1.6.0,Gauge32,1
.1.3.6.1.4.1.2011.6.164.1.8.1.7.0,Gauge32,1
.1.3.6.1.4.1.2011.6.164.1.8.1.8.0,Gauge32,6
.1.3.6.1.4.1.2011.6.164.1.8.1.9.0,Gauge32,8
.1.3.6.1.4.1.2011.6.164.1.8.2.1.1.1.2147,Integer,2147
.1.3.6.1.4.1.2011.6.164.1.8.2.1.1.2.2147,Gauge32,9000
.1.3.6.1.4.1.2011.6.164.1.8.2.1.1.3.2147,OctetString,"""EnvTem sensor"""
.1.3.6.1.4.1.2011.6.164.1.8.2.1.1.4.2147,Integer,2147483647
.1.3.6.1.4.1.2011.6.164.1.8.2.1.1.5.2147,Integer,55
.1.3.6.1.4.1.2011.6.164.1.8.2.1.1.6.2147,Integer,-20
.1.3.6.1.4.1.2011.6.164.1.8.2.1.1.10.2147,Gauge32,75
.1.3.6.1.4.1.2011.6.164.1.8.2.1.1.11.2147,OctetString,""""""
.1.3.6.1.4.1.2011.6.164.1.8.2.1.1.99.2147,Integer,1
.1.3.6.1.4.1.2011.6.164.1.8.2.2.1.1.2147,Integer,2147
.1.3.6.1.4.1.2011.6.164.1.8.2.2.1.2.2147,Gauge32,10000
.1.3.6.1.4.1.2011.6.164.1.8.2.2.1.3.2147,OctetString,"""Environment humility sensor"""
.1.3.6.1.4.1.2011.6.164.1.8.2.2.1.4.2147,Integer,2147483647
.1.3.6.1.4.1.2011.6.164.1.8.2.2.1.5.2147,Integer,95
.1.3.6.1.4.1.2011.6.164.1.8.2.2.1.6.2147,Integer,5
.1.3.6.1.4.1.2011.6.164.1.8.2.2.1.10.2147,OctetString,""""""
.1.3.6.1.4.1.2011.6.164.1.8.2.2.1.99.2147,Integer,1
.1.3.6.1.4.1.2011.6.164.1.8.2.3.1.1.1,Integer,1
.1.3.6.1.4.1.2011.6.164.1.8.2.3.1.1.2,Integer,2
.1.3.6.1.4.1.2011.6.164.1.8.2.3.1.1.3,Integer,3
.1.3.6.1.4.1.2011.6.164.1.8.2.3.1.1.4,Integer,4
.1.3.6.1.4.1.2011.6.164.1.8.2.3.1.1.5,Integer,5
.1.3.6.1.4.1.2011.6.164.1.8.2.3.1.1.6,Integer,6
.1.3.6.1.4.1.2011.6.164.1.8.2.3.1.2.1,Gauge32,1
.1.3.6.1.4.1.2011.6.164.1.8.2.3.1.2.2,Gauge32,2
.1.3.6.1.4.1.2011.6.164.1.8.2.3.1.2.3,Gauge32,3
.1.3.6.1.4.1.2011.6.164.1.8.2.3.1.2.4,Gauge32,4
.1.3.6.1.4.1.2011.6.164.1.8.2.3.1.2.5,Gauge32,5
.1.3.6.1.4.1.2011.6.164.1.8.2.3.1.2.6,Gauge32,6
.1.3.6.1.4.1.2011.6.164.1.8.2.3.1.3.1,OctetString,"""TempAlta"""
.1.3.6.1.4.1.2011.6.164.1.8.2.3.1.3.2,OctetString,"""Gasolio"""
.1.3.6.1.4.1.2011.6.164.1.8.2.3.1.3.3,OctetString,"""Comun"""
.1.3.6.1.4.1.2011.6.164.1.8.2.3.1.3.4,OctetString,"""Balizame"""
.1.3.6.1.4.1.2011.6.164.1.8.2.3.1.3.5,OctetString,"""Inversor"""
.1.3.6.1.4.1.2011.6.164.1.8.2.3.1.3.6,OctetString,"""SPD1e2"""
.1.3.6.1.4.1.2011.6.164.1.8.2.3.1.4.1,Integer,0
.1.3.6.1.4.1.2011.6.164.1.8.2.3.1.4.2,Integer,0
.1.3.6.1.4.1.2011.6.164.1.8.2.3.1.4.3,Integer,0
.1.3.6.1.4.1.2011.6.164.1.8.2.3.1.4.4,Integer,0
.1.3.6.1.4.1.2011.6.164.1.8.2.3.1.4.5,Integer,0
.1.3.6.1.4.1.2011.6.164.1.8.2.3.1.4.6,Integer,0
.1.3.6.1.4.1.2011.6.164.1.8.2.3.1.6.1,OctetString,"""UIM"""
.1.3.6.1.4.1.2011.6.164.1.8.2.3.1.6.2,OctetString,"""UIM"""
.1.3.6.1.4.1.2011.6.164.1.8.2.3.1.6.3,OctetString,"""UIM"""
.1.3.6.1.4.1.2011.6.164.1.8.2.3.1.6.4,OctetString,"""UIM"""
.1.3.6.1.4.1.2011.6.164.1.8.2.3.1.6.5,OctetString,"""UIM"""
.1.3.6.1.4.1.2011.6.164.1.8.2.3.1.6.6,OctetString,"""UIM"""
.1.3.6.1.4.1.2011.6.164.1.8.2.3.1.99.1,Integer,1
.1.3.6.1.4.1.2011.6.164.1.8.2.3.1.99.2,Integer,1
.1.3.6.1.4.1.2011.6.164.1.8.2.3.1.99.3,Integer,1
.1.3.6.1.4.1.2011.6.164.1.8.2.3.1.99.4,Integer,1
.1.3.6.1.4.1.2011.6.164.1.8.2.3.1.99.5,Integer,1
.1.3.6.1.4.1.2011.6.164.1.8.2.3.1.99.6,Integer,1
.1.3.6.1.4.1.2011.6.164.1.8.2.4.1.1.1,Integer,1
.1.3.6.1.4.1.2011.6.164.1.8.2.4.1.1.2,Integer,2
.1.3.6.1.4.1.2011.6.164.1.8.2.4.1.1.3,Integer,3
.1.3.6.1.4.1.2011.6.164.1.8.2.4.1.1.4,Integer,4
.1.3.6.1.4.1.2011.6.164.1.8.2.4.1.1.5,Integer,5
.1.3.6.1.4.1.2011.6.164.1.8.2.4.1.1.6,Integer,6
.1.3.6.1.4.1.2011.6.164.1.8.2.4.1.1.7,Integer,7
.1.3.6.1.4.1.2011.6.164.1.8.2.4.1.1.8,Integer,8
.1.3.6.1.4.1.2011.6.164.1.8.2.4.1.2.1,Gauge32,1
.1.3.6.1.4.1.2011.6.164.1.8.2.4.1.2.2,Gauge32,2
.1.3.6.1.4.1.2011.6.164.1.8.2.4.1.2.3,Gauge32,3
.1.3.6.1.4.1.2011.6.164.1.8.2.4.1.2.4,Gauge32,4
.1.3.6.1.4.1.2011.6.164.1.8.2.4.1.2.5,Gauge32,5
.1.3.6.1.4.1.2011.6.164.1.8.2.4.1.2.6,Gauge32,6
.1.3.6.1.4.1.2011.6.164.1.8.2.4.1.2.7,Gauge32,7
.1.3.6.1.4.1.2011.6.164.1.8.2.4.1.2.8,Gauge32,8
.1.3.6.1.4.1.2011.6.164.1.8.2.4.1.3.1,OctetString,"""DO1"""
.1.3.6.1.4.1.2011.6.164.1.8.2.4.1.3.2,OctetString,"""DO2"""
.1.3.6.1.4.1.2011.6.164.1.8.2.4.1.3.3,OctetString,"""DO3"""
.1.3.6.1.4.1.2011.6.164.1.8.2.4.1.3.4,OctetString,"""DO4"""
.1.3.6.1.4.1.2011.6.164.1.8.2.4.1.3.5,OctetString,"""DO5"""
.1.3.6.1.4.1.2011.6.164.1.8.2.4.1.3.6,OctetString,"""DO6"""
.1.3.6.1.4.1.2011.6.164.1.8.2.4.1.3.7,OctetString,"""DO7"""
.1.3.6.1.4.1.2011.6.164.1.8.2.4.1.3.8,OctetString,"""DO8"""
.1.3.6.1.4.1.2011.6.164.1.8.2.4.1.4.1,Integer,1
.1.3.6.1.4.1.2011.6.164.1.8.2.4.1.4.2,Integer,1
.1.3.6.1.4.1.2011.6.164.1.8.2.4.1.4.3,Integer,1
.1.3.6.1.4.1.2011.6.164.1.8.2.4.1.4.4,Integer,2
.1.3.6.1.4.1.2011.6.164.1.8.2.4.1.4.5,Integer,2
.1.3.6.1.4.1.2011.6.164.1.8.2.4.1.4.6,Integer,2
.1.3.6.1.4.1.2011.6.164.1.8.2.4.1.4.7,Integer,2
.1.3.6.1.4.1.2011.6.164.1.8.2.4.1.4.8,Integer,2
.1.3.6.1.4.1.2011.6.164.1.8.2.4.1.6.1,OctetString,"""UIM"""
.1.3.6.1.4.1.2011.6.164.1.8.2.4.1.6.2,OctetString,"""UIM"""
.1.3.6.1.4.1.2011.6.164.1.8.2.4.1.6.3,OctetString,"""UIM"""
.1.3.6.1.4.1.2011.6.164.1.8.2.4.1.6.4,OctetString,"""UIM"""
.1.3.6.1.4.1.2011.6.164.1.8.2.4.1.6.5,OctetString,"""UIM"""
.1.3.6.1.4.1.2011.6.164.1.8.2.4.1.6.6,OctetString,"""UIM"""
.1.3.6.1.4.1.2011.6.164.1.8.2.4.1.6.7,OctetString,"""UIM"""
.1.3.6.1.4.1.2011.6.164.1.8.2.4.1.6.8,OctetString,"""UIM"""
.1.3.6.1.4.1.2011.6.164.1.8.2.4.1.99.1,Integer,2
.1.3.6.1.4.1.2011.6.164.1.8.2.4.1.99.2,Integer,2
.1.3.6.1.4.1.2011.6.164.1.8.2.4.1.99.3,Integer,2
.1.3.6.1.4.1.2011.6.164.1.8.2.4.1.99.4,Integer,1
.1.3.6.1.4.1.2011.6.164.1.8.2.4.1.99.5,Integer,1
.1.3.6.1.4.1.2011.6.164.1.8.2.4.1.99.6,Integer,1
.1.3.6.1.4.1.2011.6.164.1.8.2.4.1.99.7,Integer,1
.1.3.6.1.4.1.2011.6.164.1.8.2.4.1.99.8,Integer,1
.1.3.6.1.4.1.2011.6.164.1.8.2.5.1.1.3394,Integer,3394
.1.3.6.1.4.1.2011.6.164.1.8.2.5.1.2.3394,Gauge32,26000
.1.3.6.1.4.1.2011.6.164.1.8.2.5.1.3.3394,OctetString,"""Temp1"""
.1.3.6.1.4.1.2011.6.164.1.8.2.5.1.4.3394,Integer,33
.1.3.6.1.4.1.2011.6.164.1.8.2.5.1.5.3394,Integer,55
.1.3.6.1.4.1.2011.6.164.1.8.2.5.1.6.3394,Integer,-20
.1.3.6.1.4.1.2011.6.164.1.8.2.5.1.7.3394,OctetString,""""""
.1.3.6.1.4.1.2011.6.164.1.8.2.5.1.99.3394,Integer,1
.1.3.6.1.4.1.2011.6.164.1.8.2.6.1.1.3394,Integer,3394
.1.3.6.1.4.1.2011.6.164.1.8.2.6.1.2.3394,Gauge32,27000
.1.3.6.1.4.1.2011.6.164.1.8.2.6.1.3.3394,OctetString,"""Temp2"""
.1.3.6.1.4.1.2011.6.164.1.8.2.6.1.4.3394,Integer,2147483647
.1.3.6.1.4.1.2011.6.164.1.8.2.6.1.5.3394,Integer,55
.1.3.6.1.4.1.2011.6.164.1.8.2.6.1.6.3394,Integer,-20
.1.3.6.1.4.1.2011.6.164.1.8.2.6.1.7.3394,OctetString,""""""
.1.3.6.1.4.1.2011.6.164.1.8.2.6.1.99.3394,Integer,1
.1.3.6.1.4.1.2011.6.164.1.8.2.13.1.1.2146,Gauge32,2146
.1.3.6.1.4.1.2011.6.164.1.8.2.13.1.2.2146,Gauge32,2146
.1.3.6.1.4.1.2011.6.164.1.8.2.13.1.3.2146,OctetString,"""Smoke Sensor"""
.1.3.6.1.4.1.2011.6.164.1.8.2.13.1.4.2146,Integer,0
.1.3.6.1.4.1.2011.6.164.1.8.2.13.1.5.2146,OctetString,""""""
.1.3.6.1.4.1.2011.6.164.1.8.2.13.1.6.2146,Integer,2
.1.3.6.1.4.1.2011.6.164.1.8.2.14.1.1.2145,Gauge32,2145
.1.3.6.1.4.1.2011.6.164.1.8.2.14.1.2.2145,Gauge32,2145
.1.3.6.1.4.1.2011.6.164.1.8.2.14.1.3.2145,OctetString,"""Water Sensor"""
.1.3.6.1.4.1.2011.6.164.1.8.2.14.1.4.2145,Integer,0
.1.3.6.1.4.1.2011.6.164.1.8.2.14.1.5.2145,OctetString,""""""
.1.3.6.1.4.1.2011.6.164.1.8.2.15.1.1.2144,Gauge32,2144
.1.3.6.1.4.1.2011.6.164.1.8.2.15.1.2.2144,Gauge32,2144
.1.3.6.1.4.1.2011.6.164.1.8.2.15.1.3.2144,OctetString,"""Door Sensor"""
.1.3.6.1.4.1.2011.6.164.1.8.2.15.1.4.2144,Integer,0
.1.3.6.1.4.1.2011.6.164.1.8.2.15.1.5.2144,OctetString,""""""
.1.3.6.1.4.1.2011.6.164.1.10.1.1.0,Integer,19001
.1.3.6.1.4.1.2011.6.164.1.10.1.2.0,OctetString,"""Cooling Devices"""
.1.3.6.1.4.1.2011.6.164.1.10.1.3.0,Integer,1
.1.3.6.1.4.1.2011.6.164.1.10.1.4.0,Integer,68
.1.3.6.1.4.1.2011.6.164.1.10.1.5.0,Integer,65
.1.3.6.1.4.1.2011.6.164.1.10.1.6.0,Integer,1
.1.3.6.1.4.1.2011.6.164.1.10.2.1.1.1.1,Gauge32,1
.1.3.6.1.4.1.2011.6.164.1.10.2.1.1.2.1,Gauge32,20001
.1.3.6.1.4.1.2011.6.164.1.10.2.1.1.3.1,OctetString,"""Fan"""
.1.3.6.1.4.1.2011.6.164.1.10.2.1.1.4.1,Integer,1
.1.3.6.1.4.1.2011.6.164.1.10.2.1.1.5.1,Integer,1
.1.3.6.1.4.1.2011.6.164.1.10.2.1.1.6.1,Integer,1
.1.3.6.1.4.1.2011.6.164.1.10.2.1.1.7.1,Integer,1
.1.3.6.1.4.1.2011.6.164.1.10.2.1.1.8.1,Integer,1
.1.3.6.1.4.1.2011.6.164.1.10.2.1.1.9.1,Integer,1340
.1.3.6.1.4.1.2011.6.164.1.10.2.1.1.10.1,Integer,1223
.1.3.6.1.4.1.2011.6.164.1.10.2.1.1.11.1,Integer,1289
.1.3.6.1.4.1.2011.6.164.1.10.2.1.1.12.1,Integer,1229
.1.3.6.1.4.1.2011.6.164.1.10.2.1.1.99.1,Integer,1
.1.3.6.1.4.1.2011.6.164.1.10.2.1.1.100.1,Integer,1
.1.3.6.1.4.1.2011.6.164.1.10.2.2.1.1.4098,Gauge32,4098
.1.3.6.1.4.1.2011.6.164.1.10.2.2.1.2.4098,Gauge32,21513
.1.3.6.1.4.1.2011.6.164.1.10.2.2.1.3.4098,OctetString,"""Dc AirCondition"""
.1.3.6.1.4.1.2011.6.164.1.10.2.2.1.4.4098,Integer,1
.1.3.6.1.4.1.2011.6.164.1.10.2.2.1.5.4098,Integer,1
.1.3.6.1.4.1.2011.6.164.1.10.2.2.1.6.4098,Integer,2
.1.3.6.1.4.1.2011.6.164.1.10.2.2.1.7.4098,Integer,1
.1.3.6.1.4.1.2011.6.164.1.10.2.2.1.8.4098,Integer,1500
.1.3.6.1.4.1.2011.6.164.1.10.2.2.1.9.4098,Integer,0
.1.3.6.1.4.1.2011.6.164.1.10.2.2.1.10.4098,Integer,6151
.1.3.6.1.4.1.2011.6.164.1.10.2.2.1.11.4098,Integer,9818
.1.3.6.1.4.1.2011.6.164.1.10.2.2.1.13.4098,Integer,28
.1.3.6.1.4.1.2011.6.164.1.10.2.2.1.14.4098,Integer,0
.1.3.6.1.4.1.2011.6.164.1.10.2.2.1.15.4098,Integer,0
.1.3.6.1.4.1.2011.6.164.1.10.2.2.1.17.4098,Integer,1
.1.3.6.1.4.1.2011.6.164.1.10.2.2.1.18.4098,Integer,45
.1.3.6.1.4.1.2011.6.164.1.10.2.2.1.19.4098,Integer,37
.1.3.6.1.4.1.2011.6.164.1.10.2.2.1.21.4098,Gauge32,21
.1.3.6.1.4.1.2011.6.164.1.10.2.2.1.99.4098,Integer,2
.1.3.6.1.4.1.2011.6.164.1.10.2.2.1.100.4098,Integer,1
.1.3.6.1.4.1.2011.6.164.1.12.1.1.0,Gauge32,23000
.1.3.6.1.4.1.2011.6.164.1.12.1.2.0,OctetString,"""DG Group"""
.1.3.6.1.4.1.2011.6.164.1.12.1.3.0,Gauge32,1
.1.3.6.1.4.1.2011.6.164.1.12.2.1.1.1.22,Integer,22
.1.3.6.1.4.1.2011.6.164.1.12.2.1.1.2.22,Gauge32,23001
.1.3.6.1.4.1.2011.6.164.1.12.2.1.1.3.22,OctetString,"""DG1"""
.1.3.6.1.4.1.2011.6.164.1.12.2.1.1.4.22,Integer,2
.1.3.6.1.4.1.2011.6.164.1.12.2.1.1.5.22,Gauge32,2338
.1.3.6.1.4.1.2011.6.164.1.12.2.1.1.6.22,Gauge32,2319
.1.3.6.1.4.1.2011.6.164.1.12.2.1.1.7.22,Gauge32,2342
.1.3.6.1.4.1.2011.6.164.1.12.2.1.1.8.22,Gauge32,1
.1.3.6.1.4.1.2011.6.164.1.12.2.1.1.9.22,Gauge32,1
.1.3.6.1.4.1.2011.6.164.1.12.2.1.1.10.22,Gauge32,1
.1.3.6.1.4.1.2011.6.164.1.12.2.1.1.11.22,Gauge32,8
.1.3.6.1.4.1.2011.6.164.1.12.2.1.1.12.22,Gauge32,540
.1.3.6.1.4.1.2011.6.164.1.12.2.1.1.13.22,Gauge32,2147483647
.1.3.6.1.4.1.2011.6.164.1.12.2.1.1.14.22,Gauge32,282086
.1.3.6.1.4.1.2011.6.164.1.12.2.1.1.15.22,Integer,2147483647
.1.3.6.1.4.1.2011.6.164.1.12.2.1.1.16.22,Integer,2147483647
.1.3.6.1.4.1.2011.6.164.1.12.2.1.1.17.22,Integer,2147483647
.1.3.6.1.4.1.2011.6.164.1.12.2.1.1.18.22,Gauge32,56
.1.3.6.1.4.1.2011.6.164.1.12.2.1.1.19.22,Integer,2
.1.3.6.1.4.1.2011.6.164.1.12.2.1.1.20.22,Integer,1
.1.3.6.1.4.1.2011.6.164.1.12.2.1.1.21.22,Integer,1
.1.3.6.1.4.1.2011.6.164.1.12.2.1.1.99.22,Integer,2
.1.3.6.1.4.1.2011.6.164.1.12.2.1.1.100.22,Integer,1
.1.3.6.1.4.1.2011.6.164.1.13.1.1.0,Gauge32,24000
.1.3.6.1.4.1.2011.6.164.1.13.1.2.0,OctetString,"""SSU Group"""
.1.3.6.1.4.1.2011.6.164.1.22.1.1.1.1297,Gauge32,1297
.1.3.6.1.4.1.2011.6.164.1.22.1.1.2.1297,Gauge32,32281
.1.3.6.1.4.1.2011.6.164.1.22.1.1.3.1297,OctetString,"""Comm. Ex. Board281"""
.1.3.6.1.4.1.2011.6.164.1.23.1.1.1.2185,Gauge32,2185
.1.3.6.1.4.1.2011.6.164.1.23.1.1.2.2185,Gauge32,34001
.1.3.6.1.4.1.2011.6.164.1.23.1.1.3.2185,OctetString,"""DG Comm Ex Board"""
.1.3.6.1.4.1.2011.6.164.1.33.1.1.1.2550,Gauge32,2550
.1.3.6.1.4.1.2011.6.164.1.33.1.1.2.2550,Gauge32,34400
.1.3.6.1.4.1.2011.6.164.1.33.1.1.3.2550,OctetString,"""ATS1"""
.1.3.6.1.4.1.2011.6.164.1.39.1.1.1.3816,Gauge32,3816
.1.3.6.1.4.1.2011.6.164.1.39.1.1.2.3816,Gauge32,34899
.1.3.6.1.4.1.2011.6.164.1.39.1.1.3.3816,OctetString,"""Controller"""
.1.3.6.1.4.1.2011.6.164.1.39.1.1.4.3816,OctetString,""""""
.1.3.6.1.4.1.2011.6.164.1.39.1.1.5.3816,Integer,2
.1.3.6.1.4.1.2011.6.164.1.40.1.1.1.3394,Gauge32,3394
.1.3.6.1.4.1.2011.6.164.1.40.1.1.2.3394,Gauge32,34999
.1.3.6.1.4.1.2011.6.164.1.40.1.1.3.3394,OctetString,"""UIM"""
.1.3.6.1.4.1.2011.6.164.1.40.1.1.4.3394,OctetString,""""""
.1.3.6.1.4.1.2011.6.164.1.41.1.1.1.4004,Gauge32,4004
.1.3.6.1.4.1.2011.6.164.1.41.1.1.2.4004,Gauge32,35099
.1.3.6.1.4.1.2011.6.164.1.41.1.1.3.4004,OctetString,"""DC Power"""
.1.3.6.1.4.1.2011.6.164.3.1.1.1.4101,OctetString,"""192.168.36.59"""
.1.3.6.1.4.1.2011.6.164.3.1.1.2.4101,Integer,1
.1.3.6.1.4.1.2011.6.164.3.1.1.5.4101,Integer,255
.1.3.6.1.4.1.2011.6.164.3.1.1.6.4101,OctetString,""""""
.1.3.6.1.4.1.2011.6.164.3.1.1.7.4101,OctetString,""""""
.1.3.6.1.4.1.2011.6.164.3.1.1.8.4101,OctetString,""""""
.1.3.6.1.4.1.2011.6.164.3.1.1.9.4101,OctetString,""""""
.1.3.6.1.4.1.2011.6.164.3.1.1.10.4101,OctetString,""""""
.1.3.6.1.4.1.2011.6.164.3.1.1.11.4101,OctetString,""""""
.1.3.6.1.4.1.2011.6.164.3.1.1.12.4101,OctetString,""""""
.1.3.6.1.4.1.2011.6.164.3.1.1.13.4101,OctetString,""""""
.1.3.6.1.4.1.2011.6.164.3.1.1.14.4101,OctetString,""""""
.1.3.6.1.4.1.2011.6.164.3.1.1.15.4101,OctetString,""""""
.1.3.6.1.4.1.2011.6.164.3.1.1.16.4101,OctetString,""""""
