Data Time,System Voltage,Rectifier Current,Solar Total Current,Load Current,Battery Current,Battery Temp,Ambient Temp,Battery Capacity,Battery Status
2026-07-14 12:41:11,49.2V,0.0A,0.0A,0.0A,5.1A,22.6 deg.C,0.0 deg.C,0Ah,Float
2026-07-14 12:31:11,48.6V,0.0A,0.0A,51.9A,-53.4A,22.5 deg.C,0.0 deg.C,2Ah,Discharge
2026-07-14 12:21:11,48.9V,0.0A,0.0A,52.9A,-53.9A,22.4 deg.C,0.0 deg.C,12Ah,Discharge
2026-07-14 12:11:11,49.2V,0.0A,0.0A,52.4A,-54.1A,22.2 deg.C,0.0 deg.C,20Ah,Discharge
2026-07-14 12:01:11,49.5V,0.0A,0.0A,51.7A,-51.4A,21.9 deg.C,0.0 deg.C,29Ah,Discharge
2026-07-14 11:51:11,49.7V,0.0A,0.0A,52.6A,-54.1A,21.7 deg.C,0.0 deg.C,38Ah,Discharge
2026-07-14 11:41:11,50.0V,0.0A,0.0A,51.3A,-53.6A,21.5 deg.C,0.0 deg.C,46Ah,Discharge
2026-07-14 11:31:11,50.3V,0.0A,0.0A,50.8A,-52.1A,21.4 deg.C,0.0 deg.C,55Ah,Discharge
2026-07-14 11:21:11,51.1V,0.0A,0.0A,0.0A,9.8A,21.3 deg.C,0.0 deg.C,54Ah,Float
2026-07-14 11:11:11,51.0V,0.0A,0.0A,0.0A,10.7A,21.3 deg.C,0.0 deg.C,53Ah,Float
2026-07-14 11:01:11,51.0V,0.0A,0.0A,0.0A,9.8A,21.1 deg.C,0.0 deg.C,51Ah,Float
2026-07-14 10:51:11,51.0V,0.0A,0.0A,0.0A,9.8A,21.0 deg.C,0.0 deg.C,49Ah,Float
2026-07-14 10:41:11,50.9V,0.0A,0.0A,0.0A,10.4A,20.9 deg.C,0.0 deg.C,47Ah,Float
2026-07-14 10:31:11,50.9V,0.0A,0.0A,0.0A,10.7A,20.7 deg.C,0.0 deg.C,47Ah,Float
2026-07-14 10:21:11,50.8V,0.0A,0.0A,0.0A,5.7A,20.6 deg.C,0.0 deg.C,45Ah,Float
2026-07-14 10:11:11,50.9V,0.0A,0.0A,0.0A,11.8A,20.4 deg.C,0.0 deg.C,43Ah,Float
2026-07-14 10:01:11,50.8V,0.0A,0.0A,0.0A,11.2A,20.4 deg.C,0.0 deg.C,42Ah,Float
2026-07-14 09:51:11,50.8V,0.0A,0.0A,0.0A,11.3A,20.7 deg.C,0.0 deg.C,40Ah,Float
2026-07-14 09:41:11,50.8V,0.0A,0.0A,0.0A,12.0A,21.7 deg.C,0.0 deg.C,38Ah,Float
2026-07-14 09:31:11,50.8V,0.0A,0.0A,0.0A,18.1A,22.5 deg.C,0.0 deg.C,36Ah,Float
2026-07-14 09:21:11,50.6V,0.0A,0.0A,0.0A,14.9A,22.1 deg.C,0.0 deg.C,33Ah,Float
2026-07-14 09:11:11,50.5V,0.0A,0.0A,0.0A,14.9A,21.6 deg.C,0.0 deg.C,31Ah,Float
2026-07-14 09:01:11,50.4V,0.0A,0.0A,0.0A,15.4A,21.1 deg.C,0.0 deg.C,28Ah,Float
2026-07-14 08:51:11,50.4V,0.0A,0.0A,0.0A,15.0A,20.7 deg.C,0.0 deg.C,26Ah,Float
2026-07-14 08:41:11,50.3V,0.0A,0.0A,0.0A,14.3A,20.3 deg.C,0.0 deg.C,23Ah,Float
2026-07-14 08:31:11,50.2V,0.0A,0.0A,0.0A,14.9A,19.9 deg.C,0.0 deg.C,20Ah,Float
2026-07-14 08:21:11,50.1V,0.0A,0.0A,0.0A,17.8A,19.6 deg.C,0.0 deg.C,17Ah,Float
2026-07-14 08:11:11,49.9V,0.0A,0.0A,0.0A,14.7A,19.4 deg.C,0.0 deg.C,14Ah,Float
2026-07-14 08:01:11,49.9V,0.0A,0.0A,0.0A,18.4A,19.2 deg.C,0.0 deg.C,12Ah,Float
2026-07-14 07:51:11,49.7V,0.0A,0.0A,0.0A,19.8A,19.0 deg.C,0.0 deg.C,9Ah,Float
2026-07-14 07:41:10,49.6V,0.0A,0.0A,0.0A,19.5A,18.7 deg.C,0.0 deg.C,5Ah,Float
2026-07-14 07:31:10,49.4V,0.0A,0.0A,0.0A,16.7A,18.0 deg.C,0.0 deg.C,2Ah,Float
2026-07-14 07:21:10,48.5V,0.0A,0.0A,45.4A,-45.8A,18.0 deg.C,0.0 deg.C,0Ah,Discharge
2026-07-14 07:11:10,48.7V,0.0A,0.0A,48.7A,-50.6A,18.0 deg.C,0.0 deg.C,7Ah,Discharge
2026-07-14 07:01:10,49.1V,0.0A,0.0A,47.0A,-43.6A,18.2 deg.C,0.0 deg.C,14Ah,Discharge
2026-07-14 06:51:10,49.3V,0.0A,0.0A,44.8A,-43.6A,18.3 deg.C,0.0 deg.C,21Ah,Discharge
2026-07-14 06:41:10,49.5V,0.0A,0.0A,42.2A,-43.4A,18.7 deg.C,0.0 deg.C,29Ah,Discharge
2026-07-14 06:31:10,49.8V,0.0A,0.0A,42.9A,-43.4A,19.0 deg.C,0.0 deg.C,36Ah,Discharge
2026-07-14 06:21:10,49.9V,0.0A,0.0A,47.2A,-47.4A,19.2 deg.C,0.0 deg.C,44Ah,Discharge
2026-07-14 06:11:10,50.2V,0.0A,0.0A,42.5A,-43.0A,19.5 deg.C,0.0 deg.C,51Ah,Discharge
2026-07-14 06:01:10,51.0V,0.0A,0.0A,0.0A,17.9A,19.5 deg.C,0.0 deg.C,52Ah,Float
2026-07-14 05:51:10,51.0V,0.0A,0.0A,0.0A,17.0A,19.7 deg.C,0.0 deg.C,52Ah,Float
2026-07-14 05:41:10,50.6V,0.0A,0.0A,17.3A,-17.5A,19.9 deg.C,0.0 deg.C,53Ah,Float
2026-07-14 05:31:10,50.6V,0.0A,0.0A,20.8A,-19.4A,20.1 deg.C,0.0 deg.C,54Ah,Discharge
2026-07-14 05:21:10,50.7V,0.0A,0.0A,17.2A,-16.7A,20.2 deg.C,0.0 deg.C,56Ah,Float
2026-07-14 05:11:10,51.1V,0.0A,0.0A,0.0A,17.0A,20.3 deg.C,0.0 deg.C,55Ah,Float
2026-07-14 05:01:10,51.1V,0.0A,0.0A,0.0A,17.8A,20.3 deg.C,0.0 deg.C,53Ah,Float
2026-07-14 04:51:10,50.7V,0.0A,0.0A,9.7A,-9.3A,20.3 deg.C,0.0 deg.C,52Ah,Float
2026-07-14 04:41:10,51.0V,0.0A,0.0A,0.0A,12.9A,20.6 deg.C,0.0 deg.C,53Ah,Float
2026-07-14 04:31:10,50.8V,0.0A,0.0A,62.2A,5.8A,20.9 deg.C,0.0 deg.C,54Ah,Float
2026-07-14 04:21:10,50.6V,0.0A,0.0A,27.2A,-26.8A,21.2 deg.C,0.0 deg.C,57Ah,Discharge
2026-07-14 04:11:10,51.2V,0.0A,0.0A,0.0A,17.7A,21.3 deg.C,0.0 deg.C,55Ah,Float
2026-07-14 04:01:10,51.1V,0.0A,0.0A,0.0A,17.9A,21.4 deg.C,0.0 deg.C,52Ah,Float
2026-07-14 03:51:10,51.0V,0.0A,0.0A,0.0A,13.2A,21.5 deg.C,0.0 deg.C,49Ah,Float
2026-07-14 03:41:10,51.0V,0.0A,0.0A,0.0A,16.5A,21.5 deg.C,0.0 deg.C,47Ah,Float
2026-07-14 03:31:10,50.9V,0.0A,0.0A,0.0A,16.8A,21.5 deg.C,0.0 deg.C,44Ah,Float
2026-07-14 03:21:10,50.9V,0.0A,0.0A,0.0A,17.7A,21.7 deg.C,0.0 deg.C,42Ah,Float
2026-07-14 03:11:10,50.8V,0.0A,0.0A,0.0A,17.1A,21.8 deg.C,0.0 deg.C,39Ah,Float
2026-07-14 03:01:10,50.7V,0.0A,0.0A,0.0A,13.1A,21.8 deg.C,0.0 deg.C,37Ah,Float
2026-07-14 02:51:10,50.7V,0.0A,0.0A,0.0A,17.0A,21.9 deg.C,0.0 deg.C,34Ah,Float
2026-07-14 02:41:10,50.6V,0.0A,0.0A,0.0A,17.4A,21.9 deg.C,0.0 deg.C,31Ah,Float
2026-07-14 02:31:10,50.5V,0.0A,0.0A,0.0A,17.2A,21.9 deg.C,0.0 deg.C,28Ah,Float
2026-07-14 02:21:10,50.3V,0.0A,0.0A,0.0A,13.5A,21.9 deg.C,0.0 deg.C,26Ah,Float
2026-07-14 02:11:10,50.3V,0.0A,0.0A,0.0A,17.3A,22.0 deg.C,0.0 deg.C,23Ah,Float
2026-07-14 02:01:10,50.2V,0.0A,0.0A,0.0A,16.7A,22.1 deg.C,0.0 deg.C,21Ah,Float
2026-07-14 01:51:10,50.1V,0.0A,0.0A,0.0A,15.9A,22.1 deg.C,0.0 deg.C,18Ah,Float
2026-07-14 01:41:10,49.9V,0.0A,0.0A,0.0A,12.3A,22.1 deg.C,0.0 deg.C,15Ah,Float
2026-07-14 01:31:10,49.9V,0.0A,0.0A,0.0A,17.6A,22.2 deg.C,0.0 deg.C,13Ah,Float
2026-07-14 01:21:10,49.8V,0.0A,0.0A,0.0A,16.4A,22.2 deg.C,0.0 deg.C,10Ah,Float
2026-07-14 01:11:10,49.6V,0.0A,0.0A,0.0A,16.3A,22.2 deg.C,0.0 deg.C,8Ah,Float
2026-07-14 01:01:10,49.5V,0.0A,0.0A,0.0A,12.0A,22.1 deg.C,0.0 deg.C,6Ah,Float
2026-07-14 00:51:10,49.4V,0.0A,0.0A,0.0A,15.9A,22.0 deg.C,0.0 deg.C,3Ah,Float
2026-07-14 00:41:10,49.3V,0.0A,0.0A,0.0A,14.0A,21.9 deg.C,0.0 deg.C,1Ah,Float
2026-07-14 00:31:10,48.5V,0.0A,0.0A,52.4A,-53.4A,22.0 deg.C,0.0 deg.C,2Ah,Discharge
2026-07-14 00:21:10,49.3V,0.0A,0.0A,0.0A,12.0A,21.9 deg.C,0.0 deg.C,2Ah,Float
2026-07-14 00:11:10,49.2V,0.0A,0.0A,0.0A,13.8A,21.7 deg.C,0.0 deg.C,0Ah,Float
2026-07-14 00:01:10,48.7V,0.0A,0.0A,48.8A,-48.6A,21.9 deg.C,0.0 deg.C,5Ah,Discharge
2026-07-13 23:51:10,49.6V,0.0A,0.0A,0.0A,7.6A,22.0 deg.C,0.0 deg.C,10Ah,Float
2026-07-13 23:41:10,49.6V,0.0A,0.0A,0.0A,12.0A,21.7 deg.C,0.0 deg.C,8Ah,Float
2026-07-13 23:31:10,49.5V,0.0A,0.0A,0.0A,12.1A,21.3 deg.C,0.0 deg.C,6Ah,Float
2026-07-13 23:21:10,49.4V,0.0A,0.0A,0.0A,6.4A,20.7 deg.C,0.0 deg.C,5Ah,Float
2026-07-13 23:11:10,49.4V,0.0A,0.0A,0.0A,12.4A,19.9 deg.C,0.0 deg.C,3Ah,Float
2026-07-13 23:01:10,49.3V,0.0A,0.0A,0.0A,12.0A,20.4 deg.C,0.0 deg.C,1Ah,Float
2026-07-13 22:51:10,48.3V,0.0A,0.0A,57.8A,-58.4A,21.6 deg.C,0.0 deg.C,1Ah,Discharge
2026-07-13 22:41:10,49.2V,0.0A,0.0A,0.0A,7.0A,22.7 deg.C,0.0 deg.C,3Ah,Float
2026-07-13 22:31:10,49.2V,0.0A,0.0A,0.0A,11.8A,22.4 deg.C,0.0 deg.C,1Ah,Float
2026-07-13 22:21:10,48.4V,0.0A,0.0A,54.6A,-56.6A,22.2 deg.C,0.0 deg.C,0Ah,Discharge
2026-07-13 22:11:10,49.3V,0.0A,0.0A,0.0A,8.2A,21.9 deg.C,0.0 deg.C,1Ah,Float
2026-07-13 22:01:10,48.4V,0.0A,0.0A,58.0A,-56.9A,21.5 deg.C,0.0 deg.C,0Ah,Discharge
2026-07-13 21:51:10,49.6V,0.0A,0.0A,0.0A,0.0A,21.3 deg.C,0.0 deg.C,8Ah,Float
2026-07-13 21:41:10,49.6V,0.0A,0.0A,0.0A,7.4A,20.4 deg.C,0.0 deg.C,7Ah,Float
2026-07-13 21:31:10,49.5V,0.0A,0.0A,0.0A,11.1A,19.7 deg.C,0.0 deg.C,5Ah,Float
2026-07-13 21:21:10,49.3V,0.0A,0.0A,0.0A,0.0A,19.9 deg.C,0.0 deg.C,4Ah,Float
2026-07-13 21:11:10,49.3V,0.0A,0.0A,0.0A,7.8A,20.2 deg.C,0.0 deg.C,3Ah,Float
2026-07-13 21:01:10,49.3V,0.0A,0.0A,0.0A,8.7A,20.5 deg.C,0.0 deg.C,1Ah,Float
2026-07-13 20:51:10,49.1V,0.0A,0.0A,0.0A,5.3A,21.0 deg.C,0.0 deg.C,0Ah,Float
2026-07-13 20:41:10,49.4V,0.0A,0.0A,0.0A,8.6A,22.1 deg.C,0.0 deg.C,4Ah,Float
2026-07-13 20:31:10,49.4V,0.0A,0.0A,0.0A,10.8A,22.5 deg.C,0.0 deg.C,3Ah,Float
2026-07-13 20:21:10,49.2V,0.0A,0.0A,0.0A,8.0A,22.1 deg.C,0.0 deg.C,1Ah,Float
2026-07-13 20:11:10,48.5V,0.0A,0.0A,49.6A,-51.5A,21.8 deg.C,0.0 deg.C,1Ah,Discharge
2026-07-13 20:01:10,48.8V,0.0A,0.0A,50.1A,-47.8A,21.6 deg.C,0.0 deg.C,10Ah,Discharge
2026-07-13 19:51:10,49.1V,0.0A,0.0A,50.8A,-53.4A,21.4 deg.C,0.0 deg.C,19Ah,Discharge
2026-07-13 19:41:10,49.5V,0.0A,0.0A,45.7A,-46.1A,20.9 deg.C,0.0 deg.C,27Ah,Discharge
2026-07-13 19:31:10,49.8V,0.0A,0.0A,49.5A,-51.4A,20.4 deg.C,0.0 deg.C,35Ah,Discharge
2026-07-13 19:21:10,50.6V,0.0A,0.0A,0.0A,13.6A,20.5 deg.C,0.0 deg.C,34Ah,Float
2026-07-13 19:11:10,50.5V,0.0A,0.0A,0.0A,16.7A,20.5 deg.C,0.0 deg.C,32Ah,Float
2026-07-13 19:01:10,50.4V,0.0A,0.0A,0.0A,9.1A,20.5 deg.C,0.0 deg.C,29Ah,Float
2026-07-13 18:51:10,50.4V,0.0A,0.0A,0.0A,14.1A,20.5 deg.C,0.0 deg.C,27Ah,Float
2026-07-13 18:41:10,50.3V,0.0A,0.0A,0.0A,18.4A,20.5 deg.C,0.0 deg.C,24Ah,Float
2026-07-13 18:31:10,50.2V,0.0A,0.0A,0.0A,12.2A,20.4 deg.C,0.0 deg.C,22Ah,Float
2026-07-13 18:21:10,50.1V,0.0A,0.0A,0.0A,13.1A,20.4 deg.C,0.0 deg.C,20Ah,Float
2026-07-13 18:11:10,50.0V,0.0A,0.0A,0.0A,12.0A,20.4 deg.C,0.0 deg.C,17Ah,Float
2026-07-13 18:01:10,49.9V,0.0A,0.0A,0.0A,12.9A,20.5 deg.C,0.0 deg.C,15Ah,Float
2026-07-13 17:51:10,49.9V,0.0A,0.0A,0.0A,15.3A,20.5 deg.C,0.0 deg.C,13Ah,Float
2026-07-13 17:41:10,49.7V,0.0A,0.0A,0.0A,12.9A,20.6 deg.C,0.0 deg.C,11Ah,Float
2026-07-13 17:31:10,49.6V,0.0A,0.0A,0.0A,12.5A,20.7 deg.C,0.0 deg.C,9Ah,Float
2026-07-13 17:21:10,49.5V,0.0A,0.0A,0.0A,11.2A,20.7 deg.C,0.0 deg.C,7Ah,Float
2026-07-13 17:11:10,49.4V,0.0A,0.0A,0.0A,9.7A,20.8 deg.C,0.0 deg.C,5Ah,Float
2026-07-13 17:01:10,49.3V,0.0A,0.0A,0.0A,9.9A,21.0 deg.C,0.0 deg.C,3Ah,Float
2026-07-13 16:51:10,49.2V,0.0A,0.0A,0.0A,11.0A,21.1 deg.C,0.0 deg.C,1Ah,Float
2026-07-13 16:41:10,49.1V,0.0A,0.0A,0.0A,9.6A,21.2 deg.C,0.0 deg.C,0Ah,Float
2026-07-13 16:31:10,49.4V,0.0A,0.0A,0.0A,6.8A,21.3 deg.C,0.0 deg.C,4Ah,Float
2026-07-13 16:21:10,49.3V,0.0A,0.0A,0.0A,8.2A,21.5 deg.C,0.0 deg.C,3Ah,Float
2026-07-13 16:11:10,49.2V,0.0A,0.0A,0.0A,9.6A,21.7 deg.C,0.0 deg.C,1Ah,Float
2026-07-13 16:01:10,49.1V,0.0A,0.0A,0.0A,7.6A,21.8 deg.C,0.0 deg.C,0Ah,Float
2026-07-13 15:51:10,49.3V,0.0A,0.0A,0.0A,5.9A,22.0 deg.C,0.0 deg.C,3Ah,Float
2026-07-13 15:41:10,49.2V,0.0A,0.0A,0.0A,6.9A,22.1 deg.C,0.0 deg.C,2Ah,Float
2026-07-13 15:31:10,48.5V,0.0A,0.0A,55.8A,-57.1A,22.2 deg.C,0.0 deg.C,3Ah,Discharge
2026-07-13 15:21:10,49.6V,0.0A,0.0A,0.0A,6.4A,22.5 deg.C,0.0 deg.C,10Ah,Float
2026-07-13 15:11:10,49.6V,0.0A,0.0A,0.0A,6.9A,22.6 deg.C,0.0 deg.C,9Ah,Float
2026-07-13 15:01:10,49.5V,0.0A,0.0A,0.0A,6.6A,22.6 deg.C,0.0 deg.C,8Ah,Float
2026-07-13 14:51:10,49.5V,0.0A,0.0A,0.0A,6.8A,22.6 deg.C,0.0 deg.C,7Ah,Float
2026-07-13 14:41:10,49.4V,0.0A,0.0A,0.0A,6.3A,22.7 deg.C,0.0 deg.C,6Ah,Float
2026-07-13 14:31:10,49.4V,0.0A,0.0A,0.0A,8.0A,22.7 deg.C,0.0 deg.C,5Ah,Float
2026-07-13 14:21:10,49.3V,0.0A,0.0A,0.0A,6.4A,22.7 deg.C,0.0 deg.C,4Ah,Float
2026-07-13 14:11:10,49.3V,0.0A,0.0A,0.0A,7.7A,22.6 deg.C,0.0 deg.C,3Ah,Float
2026-07-13 14:01:10,49.2V,0.0A,0.0A,0.0A,6.3A,22.6 deg.C,0.0 deg.C,2Ah,Float
2026-07-13 13:51:10,49.4V,0.0A,0.0A,0.0A,0.0A,22.7 deg.C,0.0 deg.C,7Ah,Float
2026-07-13 13:41:10,49.4V,0.0A,0.0A,0.0A,6.3A,22.6 deg.C,0.0 deg.C,6Ah,Float
2026-07-13 13:31:10,49.3V,0.0A,0.0A,0.0A,6.1A,22.5 deg.C,0.0 deg.C,5Ah,Float
2026-07-13 13:21:09,49.3V,0.0A,0.0A,0.0A,6.9A,22.4 deg.C,0.0 deg.C,4Ah,Float
2026-07-13 13:11:09,49.2V,0.0A,0.0A,0.0A,8.2A,22.2 deg.C,0.0 deg.C,3Ah,Float
2026-07-13 13:01:09,49.2V,0.0A,0.0A,0.0A,7.7A,22.1 deg.C,0.0 deg.C,1Ah,Float
2026-07-13 12:51:09,49.1V,0.0A,0.0A,0.0A,6.9A,21.9 deg.C,0.0 deg.C,0Ah,Float
2026-07-13 12:41:09,48.9V,0.0A,0.0A,0.0A,0.0A,21.8 deg.C,0.0 deg.C,0Ah,Float
2026-07-13 12:31:09,49.1V,0.0A,0.0A,0.0A,0.0A,21.7 deg.C,0.0 deg.C,0Ah,Float
2026-07-13 12:21:09,49.4V,0.0A,0.0A,0.0A,7.6A,21.8 deg.C,0.0 deg.C,5Ah,Float
2026-07-13 12:11:09,49.4V,0.0A,0.0A,0.0A,10.2A,21.7 deg.C,0.0 deg.C,3Ah,Float
2026-07-13 12:01:08,49.3V,0.0A,0.0A,0.0A,8.3A,21.6 deg.C,0.0 deg.C,2Ah,Float
2026-07-13 11:51:08,49.2V,0.0A,0.0A,0.0A,8.6A,21.4 deg.C,0.0 deg.C,1Ah,Float
2026-07-13 11:41:08,48.4V,0.0A,0.0A,49.0A,-50.0A,21.3 deg.C,0.0 deg.C,0Ah,Discharge
2026-07-13 11:31:08,48.9V,0.0A,0.0A,51.1A,-51.9A,21.2 deg.C,0.0 deg.C,8Ah,Discharge
2026-07-13 11:21:08,49.6V,0.0A,0.0A,0.0A,8.9A,21.3 deg.C,0.0 deg.C,8Ah,Float
2026-07-13 11:11:08,49.5V,0.0A,0.0A,0.0A,9.0A,21.4 deg.C,0.0 deg.C,6Ah,Float
2026-07-13 11:01:08,49.5V,0.0A,0.0A,0.0A,10.2A,21.6 deg.C,0.0 deg.C,5Ah,Float
2026-07-13 10:51:08,49.4V,0.0A,0.0A,0.0A,9.8A,22.2 deg.C,0.0 deg.C,3Ah,Float
2026-07-13 10:41:08,49.3V,0.0A,0.0A,0.0A,9.8A,23.5 deg.C,0.0 deg.C,2Ah,Float
2026-07-13 10:31:08,49.2V,0.0A,0.0A,0.0A,14.2A,23.6 deg.C,0.0 deg.C,0Ah,Float
2026-07-13 10:21:08,48.7V,0.0A,0.0A,48.5A,-48.7A,23.1 deg.C,0.0 deg.C,6Ah,Discharge
2026-07-13 10:11:08,49.0V,0.0A,0.0A,47.8A,-48.6A,22.7 deg.C,0.0 deg.C,14Ah,Discharge
2026-07-13 10:01:08,49.2V,0.0A,0.0A,49.0A,-48.0A,22.3 deg.C,0.0 deg.C,21Ah,Discharge
2026-07-13 09:51:08,49.6V,0.0A,0.0A,40.8A,-42.5A,22.0 deg.C,0.0 deg.C,29Ah,Discharge
2026-07-13 09:41:08,49.8V,0.0A,0.0A,48.0A,-46.6A,21.7 deg.C,0.0 deg.C,37Ah,Discharge
2026-07-13 09:31:07,50.1V,0.0A,0.0A,45.4A,-45.8A,21.6 deg.C,0.0 deg.C,45Ah,Discharge
2026-07-13 09:21:07,51.0V,0.0A,0.0A,0.0A,16.0A,21.1 deg.C,0.0 deg.C,47Ah,Float
2026-07-13 09:11:07,50.9V,0.0A,0.0A,0.0A,14.8A,20.5 deg.C,0.0 deg.C,46Ah,Float
2026-07-13 09:01:07,50.6V,0.0A,0.0A,13.7A,-12.8A,20.1 deg.C,0.0 deg.C,46Ah,Float
2026-07-13 08:51:07,50.6V,0.0A,0.0A,10.7A,-10.7A,19.8 deg.C,0.0 deg.C,47Ah,Float
2026-07-13 08:41:07,50.6V,0.0A,0.0A,6.7A,-6.7A,19.5 deg.C,0.0 deg.C,47Ah,Float
2026-07-13 08:31:07,50.9V,0.0A,0.0A,0.0A,13.3A,19.2 deg.C,0.0 deg.C,47Ah,Float
2026-07-13 08:21:07,50.6V,0.0A,0.0A,14.7A,-14.8A,19.1 deg.C,0.0 deg.C,47Ah,Float
2026-07-13 08:11:07,50.6V,0.0A,0.0A,16.4A,-14.8A,19.0 deg.C,0.0 deg.C,47Ah,Float
2026-07-13 08:01:07,50.6V,0.0A,0.0A,17.0A,-16.9A,19.1 deg.C,0.0 deg.C,47Ah,Float
2026-07-13 07:51:07,50.9V,0.0A,0.0A,0.0A,15.7A,19.1 deg.C,0.0 deg.C,47Ah,Float
2026-07-13 07:41:07,51.0V,0.0A,0.0A,0.0A,19.7A,19.3 deg.C,0.0 deg.C,47Ah,Float
2026-07-13 07:31:07,51.0V,0.0A,0.0A,0.0A,16.6A,19.3 deg.C,0.0 deg.C,47Ah,Float
2026-07-13 07:21:07,51.0V,0.0A,0.0A,0.0A,17.4A,19.5 deg.C,0.0 deg.C,46Ah,Float
2026-07-13 07:11:07,51.0V,0.0A,0.0A,0.0A,17.6A,19.6 deg.C,0.0 deg.C,46Ah,Float
2026-07-13 07:01:07,50.5V,0.0A,0.0A,15.7A,-15.4A,19.7 deg.C,0.0 deg.C,43Ah,Float
2026-07-13 06:51:07,50.8V,0.0A,0.0A,0.0A,13.4A,19.8 deg.C,0.0 deg.C,42Ah,Float
2026-07-13 06:41:07,50.8V,0.0A,0.0A,0.0A,17.8A,19.7 deg.C,0.0 deg.C,39Ah,Float
2026-07-13 06:31:07,50.7V,0.0A,0.0A,0.0A,17.9A,19.8 deg.C,0.0 deg.C,36Ah,Float
2026-07-13 06:21:07,50.6V,0.0A,0.0A,0.0A,17.2A,19.8 deg.C,0.0 deg.C,33Ah,Float
2026-07-13 06:11:07,50.5V,0.0A,0.0A,0.0A,18.3A,19.8 deg.C,0.0 deg.C,30Ah,Float
2026-07-13 06:01:07,50.4V,0.0A,0.0A,0.0A,18.0A,19.9 deg.C,0.0 deg.C,27Ah,Float
2026-07-13 05:51:07,50.2V,0.0A,0.0A,0.0A,14.4A,19.9 deg.C,0.0 deg.C,24Ah,Float
2026-07-13 05:41:07,50.2V,0.0A,0.0A,0.0A,18.5A,19.9 deg.C,0.0 deg.C,21Ah,Float
2026-07-13 05:31:07,50.1V,0.0A,0.0A,0.0A,18.2A,19.9 deg.C,0.0 deg.C,18Ah,Float
2026-07-13 05:21:07,50.0V,0.0A,0.0A,0.0A,18.2A,19.9 deg.C,0.0 deg.C,15Ah,Float
2026-07-13 05:11:07,49.8V,0.0A,0.0A,0.0A,18.5A,19.7 deg.C,0.0 deg.C,12Ah,Float
2026-07-13 05:01:07,49.6V,0.0A,0.0A,0.0A,14.2A,19.6 deg.C,0.0 deg.C,9Ah,Float
2026-07-13 04:51:07,49.6V,0.0A,0.0A,0.0A,18.9A,19.4 deg.C,0.0 deg.C,7Ah,Float
2026-07-13 04:41:07,49.4V,0.0A,0.0A,0.0A,18.1A,19.1 deg.C,0.0 deg.C,4Ah,Float
2026-07-13 04:31:07,49.2V,0.0A,0.0A,0.0A,18.6A,19.0 deg.C,0.0 deg.C,1Ah,Float
2026-07-13 04:21:07,48.6V,0.0A,0.0A,43.2A,-43.6A,19.0 deg.C,0.0 deg.C,1Ah,Discharge
2026-07-13 04:11:07,48.8V,0.0A,0.0A,43.8A,-47.2A,19.2 deg.C,0.0 deg.C,8Ah,Discharge
2026-07-13 04:01:07,49.1V,0.0A,0.0A,47.0A,-47.5A,19.5 deg.C,0.0 deg.C,16Ah,Discharge
2026-07-13 03:51:07,49.4V,0.0A,0.0A,43.5A,-43.2A,19.9 deg.C,0.0 deg.C,23Ah,Discharge
2026-07-13 03:41:07,49.6V,0.0A,0.0A,43.0A,-43.1A,20.4 deg.C,0.0 deg.C,31Ah,Discharge
2026-07-13 03:31:07,49.9V,0.0A,0.0A,43.7A,-42.1A,20.6 deg.C,0.0 deg.C,38Ah,Discharge
2026-07-13 03:21:07,50.2V,0.0A,0.0A,45.2A,-46.4A,21.1 deg.C,0.0 deg.C,45Ah,Discharge
2026-07-13 03:11:07,50.6V,0.0A,0.0A,7.8A,-7.7A,21.0 deg.C,0.0 deg.C,45Ah,Float
2026-07-13 03:01:07,50.6V,0.0A,0.0A,15.1A,-15.4A,21.3 deg.C,0.0 deg.C,45Ah,Float
2026-07-13 02:51:07,50.7V,0.0A,0.0A,9.9A,-9.3A,21.5 deg.C,0.0 deg.C,46Ah,Float
2026-07-13 02:41:07,50.5V,0.0A,0.0A,18.7A,-18.2A,21.7 deg.C,0.0 deg.C,46Ah,Discharge
2026-07-13 02:31:07,50.7V,0.0A,0.0A,9.5A,-5.4A,21.8 deg.C,0.0 deg.C,45Ah,Float
2026-07-13 02:21:07,50.9V,0.0A,0.0A,0.0A,16.0A,21.9 deg.C,0.0 deg.C,43Ah,Float
2026-07-13 02:11:07,50.9V,0.0A,0.0A,0.0A,17.2A,22.0 deg.C,0.0 deg.C,41Ah,Float
2026-07-13 02:01:07,50.8V,0.0A,0.0A,0.0A,13.0A,22.0 deg.C,0.0 deg.C,38Ah,Float
2026-07-13 01:51:07,50.7V,0.0A,0.0A,0.0A,16.5A,22.1 deg.C,0.0 deg.C,36Ah,Float
2026-07-13 01:41:07,50.6V,0.0A,0.0A,0.0A,13.9A,22.1 deg.C,0.0 deg.C,33Ah,Float
2026-07-13 01:31:07,50.5V,0.0A,0.0A,0.0A,17.1A,22.1 deg.C,0.0 deg.C,30Ah,Float
2026-07-13 01:21:07,50.4V,0.0A,0.0A,0.0A,12.9A,22.1 deg.C,0.0 deg.C,28Ah,Float
2026-07-13 01:11:07,50.4V,0.0A,0.0A,0.0A,17.3A,22.2 deg.C,0.0 deg.C,26Ah,Float
2026-07-13 01:01:07,50.3V,0.0A,0.0A,0.0A,16.1A,22.2 deg.C,0.0 deg.C,23Ah,Float
2026-07-13 00:51:07,50.2V,0.0A,0.0A,0.0A,16.3A,22.3 deg.C,0.0 deg.C,20Ah,Float
2026-07-13 00:41:07,50.0V,0.0A,0.0A,0.0A,12.0A,22.3 deg.C,0.0 deg.C,18Ah,Float
2026-07-13 00:31:07,50.0V,0.0A,0.0A,0.0A,15.5A,22.3 deg.C,0.0 deg.C,16Ah,Float
2026-07-13 00:21:07,49.9V,0.0A,0.0A,0.0A,14.7A,22.3 deg.C,0.0 deg.C,13Ah,Float
2026-07-13 00:11:07,49.7V,0.0A,0.0A,0.0A,8.0A,22.3 deg.C,0.0 deg.C,11Ah,Float
2026-07-13 00:01:07,49.7V,0.0A,0.0A,0.0A,13.9A,22.2 deg.C,0.0 deg.C,10Ah,Float
2026-07-12 23:51:07,49.5V,0.0A,0.0A,0.0A,9.9A,22.2 deg.C,0.0 deg.C,7Ah,Float
2026-07-12 23:41:07,49.5V,0.0A,0.0A,0.0A,12.5A,22.0 deg.C,0.0 deg.C,5Ah,Float
2026-07-12 23:31:07,49.3V,0.0A,0.0A,0.0A,9.1A,21.9 deg.C,0.0 deg.C,4Ah,Float
2026-07-12 23:21:07,49.3V,0.0A,0.0A,0.0A,13.8A,21.7 deg.C,0.0 deg.C,2Ah,Float
2026-07-12 23:11:07,48.4V,0.0A,0.0A,45.5A,-47.0A,21.4 deg.C,0.0 deg.C,0Ah,Discharge
2026-07-12 23:01:07,49.3V,0.0A,0.0A,0.0A,8.4A,21.3 deg.C,0.0 deg.C,3Ah,Float
2026-07-12 22:51:07,49.3V,0.0A,0.0A,0.0A,11.8A,20.8 deg.C,0.0 deg.C,1Ah,Float
2026-07-12 22:41:07,49.1V,0.0A,0.0A,0.0A,11.0A,20.1 deg.C,0.0 deg.C,0Ah,Float
2026-07-12 22:31:07,48.7V,0.0A,0.0A,55.6A,-55.6A,19.8 deg.C,0.0 deg.C,8Ah,Discharge
2026-07-12 22:21:07,49.7V,0.0A,0.0A,0.0A,8.9A,20.1 deg.C,0.0 deg.C,11Ah,Float
2026-07-12 22:11:07,49.6V,0.0A,0.0A,0.0A,9.0A,20.9 deg.C,0.0 deg.C,10Ah,Float
2026-07-12 22:01:07,49.5V,0.0A,0.0A,0.0A,0.0A,22.5 deg.C,0.0 deg.C,8Ah,Float
2026-07-12 21:51:07,49.6V,0.0A,0.0A,0.0A,11.4A,22.5 deg.C,0.0 deg.C,7Ah,Float
2026-07-12 21:41:07,49.5V,0.0A,0.0A,0.0A,11.1A,22.1 deg.C,0.0 deg.C,5Ah,Float
2026-07-12 21:31:07,49.3V,0.0A,0.0A,0.0A,7.9A,21.7 deg.C,0.0 deg.C,4Ah,Float
2026-07-12 21:21:07,49.3V,0.0A,0.0A,0.0A,11.3A,21.2 deg.C,0.0 deg.C,2Ah,Float
2026-07-12 21:11:07,48.5V,0.0A,0.0A,52.4A,-53.1A,21.0 deg.C,0.0 deg.C,5Ah,Discharge
2026-07-12 21:01:07,48.8V,0.0A,0.0A,58.2A,-57.7A,20.8 deg.C,0.0 deg.C,15Ah,Discharge
2026-07-12 20:51:07,49.2V,0.0A,0.0A,47.9A,-49.0A,20.6 deg.C,0.0 deg.C,23Ah,Discharge
2026-07-12 20:41:07,49.5V,0.0A,0.0A,53.7A,-50.8A,20.2 deg.C,0.0 deg.C,31Ah,Discharge
2026-07-12 20:31:07,49.9V,0.0A,0.0A,50.7A,-50.4A,19.5 deg.C,0.0 deg.C,40Ah,Discharge
2026-07-12 20:21:07,50.8V,0.0A,0.0A,0.0A,12.4A,19.6 deg.C,0.0 deg.C,42Ah,Float
2026-07-12 20:11:07,50.7V,0.0A,0.0A,0.0A,13.2A,19.7 deg.C,0.0 deg.C,40Ah,Float
2026-07-12 20:01:07,50.6V,0.0A,0.0A,0.0A,5.7A,19.8 deg.C,0.0 deg.C,38Ah,Float
2026-07-12 19:51:07,50.6V,0.0A,0.0A,0.0A,14.6A,20.0 deg.C,0.0 deg.C,36Ah,Float
2026-07-12 19:41:07,50.5V,0.0A,0.0A,0.0A,8.8A,20.1 deg.C,0.0 deg.C,34Ah,Float
2026-07-12 19:31:07,50.5V,0.0A,0.0A,0.0A,9.0A,20.3 deg.C,0.0 deg.C,33Ah,Float
2026-07-12 19:21:07,50.5V,0.0A,0.0A,0.0A,18.8A,20.4 deg.C,0.0 deg.C,30Ah,Float
2026-07-12 19:11:07,50.3V,0.0A,0.0A,0.0A,14.7A,20.4 deg.C,0.0 deg.C,28Ah,Float
2026-07-12 19:01:07,50.3V,0.0A,0.0A,0.0A,14.5A,20.5 deg.C,0.0 deg.C,25Ah,Float
2026-07-12 18:51:07,50.2V,0.0A,0.0A,0.0A,18.7A,20.4 deg.C,0.0 deg.C,22Ah,Float
2026-07-12 18:41:07,50.1V,0.0A,0.0A,0.0A,13.4A,20.4 deg.C,0.0 deg.C,20Ah,Float
2026-07-12 18:31:07,50.0V,0.0A,0.0A,0.0A,17.6A,20.4 deg.C,0.0 deg.C,18Ah,Float
2026-07-12 18:21:07,49.9V,0.0A,0.0A,0.0A,14.1A,20.3 deg.C,0.0 deg.C,15Ah,Float
2026-07-12 18:11:07,49.8V,0.0A,0.0A,0.0A,11.0A,20.4 deg.C,0.0 deg.C,13Ah,Float
2026-07-12 18:01:07,49.7V,0.0A,0.0A,0.0A,15.1A,20.5 deg.C,0.0 deg.C,11Ah,Float
2026-07-12 17:51:07,49.6V,0.0A,0.0A,0.0A,11.6A,20.6 deg.C,0.0 deg.C,9Ah,Float
2026-07-12 17:41:07,49.5V,0.0A,0.0A,0.0A,12.2A,20.7 deg.C,0.0 deg.C,7Ah,Float
2026-07-12 17:31:07,49.4V,0.0A,0.0A,0.0A,10.4A,20.7 deg.C,0.0 deg.C,5Ah,Float
2026-07-12 17:21:07,49.3V,0.0A,0.0A,0.0A,9.9A,20.8 deg.C,0.0 deg.C,4Ah,Float
2026-07-12 17:11:07,49.2V,0.0A,0.0A,0.0A,9.8A,20.9 deg.C,0.0 deg.C,2Ah,Float
2026-07-12 17:01:07,48.5V,0.0A,0.0A,51.8A,-52.0A,21.1 deg.C,0.0 deg.C,3Ah,Discharge
2026-07-12 16:51:07,49.3V,0.0A,0.0A,0.0A,8.1A,21.2 deg.C,0.0 deg.C,4Ah,Float
2026-07-12 16:41:07,49.2V,0.0A,0.0A,0.0A,6.3A,21.3 deg.C,0.0 deg.C,3Ah,Float
2026-07-12 16:31:07,49.1V,0.0A,0.0A,0.0A,6.9A,21.5 deg.C,0.0 deg.C,2Ah,Float
2026-07-12 16:21:07,49.1V,0.0A,0.0A,0.0A,7.8A,21.6 deg.C,0.0 deg.C,1Ah,Float
2026-07-12 16:11:07,48.3V,0.0A,0.0A,53.3A,-55.0A,21.8 deg.C,0.0 deg.C,0Ah,Discharge
2026-07-12 16:01:07,49.0V,0.0A,0.0A,0.0A,0.0A,22.0 deg.C,0.0 deg.C,0Ah,Discharge
2026-07-12 15:51:07,49.3V,0.0A,0.0A,0.0A,5.3A,22.3 deg.C,0.0 deg.C,4Ah,Float
2026-07-12 15:41:07,49.2V,0.0A,0.0A,0.0A,5.6A,22.4 deg.C,0.0 deg.C,3Ah,Float
2026-07-12 15:31:07,49.2V,0.0A,0.0A,0.0A,6.6A,22.4 deg.C,0.0 deg.C,2Ah,Float
2026-07-12 15:21:07,49.1V,0.0A,0.0A,0.0A,6.1A,22.5 deg.C,0.0 deg.C,1Ah,Float
2026-07-12 15:11:07,49.0V,0.0A,0.0A,0.0A,7.8A,22.5 deg.C,0.0 deg.C,0Ah,Float
2026-07-12 15:01:07,49.2V,0.0A,0.0A,0.0A,7.2A,22.7 deg.C,0.0 deg.C,1Ah,Float
2026-07-12 14:51:07,49.1V,0.0A,0.0A,0.0A,7.6A,22.7 deg.C,0.0 deg.C,0Ah,Float
2026-07-12 14:41:07,49.2V,0.0A,0.0A,0.0A,7.3A,22.7 deg.C,0.0 deg.C,2Ah,Float
2026-07-12 14:31:07,49.2V,0.0A,0.0A,0.0A,7.1A,22.6 deg.C,0.0 deg.C,0Ah,Float
2026-07-12 14:21:07,48.4V,0.0A,0.0A,51.2A,-51.6A,22.6 deg.C,0.0 deg.C,0Ah,Discharge
2026-07-12 14:11:07,49.2V,0.0A,0.0A,0.0A,0.0A,22.5 deg.C,0.0 deg.C,1Ah,Float
2026-07-12 14:01:07,49.2V,0.0A,0.0A,0.0A,7.0A,22.3 deg.C,0.0 deg.C,0Ah,Float
2026-07-12 13:51:07,48.5V,0.0A,0.0A,54.0A,-55.3A,22.2 deg.C,0.0 deg.C,0Ah,Discharge
2026-07-12 13:41:07,49.2V,0.0A,0.0A,0.0A,5.4A,22.0 deg.C,0.0 deg.C,0Ah,Float
2026-07-12 13:31:07,48.6V,0.0A,0.0A,54.1A,-52.9A,21.9 deg.C,0.0 deg.C,4Ah,Discharge
2026-07-12 13:21:07,49.0V,0.0A,0.0A,52.4A,-54.2A,21.8 deg.C,0.0 deg.C,13Ah,Discharge
2026-07-12 13:11:07,49.3V,0.0A,0.0A,52.1A,-52.4A,21.7 deg.C,0.0 deg.C,22Ah,Discharge
2026-07-12 13:01:07,49.6V,0.0A,0.0A,51.8A,-51.3A,21.7 deg.C,0.0 deg.C,31Ah,Discharge
2026-07-12 12:51:07,49.9V,0.0A,0.0A,50.7A,-51.7A,21.8 deg.C,0.0 deg.C,39Ah,Discharge
2026-07-12 12:41:07,50.5V,0.0A,0.0A,26.3A,-25.9A,21.9 deg.C,0.0 deg.C,46Ah,Discharge
2026-07-12 12:31:07,50.9V,0.0A,0.0A,0.0A,9.0A,21.9 deg.C,0.0 deg.C,46Ah,Float
2026-07-12 12:21:07,50.8V,0.0A,0.0A,0.0A,9.7A,21.8 deg.C,0.0 deg.C,45Ah,Float
2026-07-12 12:11:07,50.9V,0.0A,0.0A,0.0A,10.2A,21.7 deg.C,0.0 deg.C,45Ah,Float
2026-07-12 12:01:07,50.9V,0.0A,0.0A,0.0A,9.9A,21.6 deg.C,0.0 deg.C,45Ah,Float
2026-07-12 11:51:07,50.9V,0.0A,0.0A,0.0A,10.6A,21.5 deg.C,0.0 deg.C,46Ah,Float
2026-07-12 11:41:07,50.8V,0.0A,0.0A,0.0A,-2.3A,21.5 deg.C,0.0 deg.C,45Ah,Float
2026-07-12 11:31:07,50.9V,0.0A,0.0A,0.0A,10.9A,21.4 deg.C,0.0 deg.C,45Ah,Float
2026-07-12 11:21:07,50.9V,0.0A,0.0A,0.0A,11.3A,21.3 deg.C,0.0 deg.C,45Ah,Float
2026-07-12 11:11:07,50.9V,0.0A,0.0A,0.0A,10.3A,21.2 deg.C,0.0 deg.C,45Ah,Float
2026-07-12 11:01:07,50.6V,0.0A,0.0A,15.5A,-7.2A,21.0 deg.C,0.0 deg.C,46Ah,Float
2026-07-12 10:51:07,50.6V,0.0A,0.0A,18.2A,5.1A,20.9 deg.C,0.0 deg.C,46Ah,Float
2026-07-12 10:41:07,50.9V,0.0A,0.0A,0.0A,10.1A,20.8 deg.C,0.0 deg.C,46Ah,Float
2026-07-12 10:31:07,50.9V,0.0A,0.0A,0.0A,11.2A,20.7 deg.C,0.0 deg.C,46Ah,Float
2026-07-12 10:21:07,50.8V,0.0A,0.0A,3.9A,8.4A,20.8 deg.C,0.0 deg.C,46Ah,Float
2026-07-12 10:11:07,50.6V,0.0A,0.0A,13.5A,-13.1A,21.3 deg.C,0.0 deg.C,46Ah,Float
2026-07-12 10:01:07,50.9V,0.0A,0.0A,0.0A,11.1A,22.5 deg.C,0.0 deg.C,46Ah,Float
2026-07-12 09:51:07,50.6V,0.0A,0.0A,8.5A,-8.4A,22.3 deg.C,0.0 deg.C,45Ah,Float
2026-07-12 09:41:07,50.9V,0.0A,0.0A,0.0A,12.8A,21.8 deg.C,0.0 deg.C,45Ah,Float
2026-07-12 09:31:07,50.6V,0.0A,0.0A,11.4A,-11.8A,21.4 deg.C,0.0 deg.C,46Ah,Float
2026-07-12 09:21:07,50.5V,0.0A,0.0A,15.3A,-15.8A,21.0 deg.C,0.0 deg.C,46Ah,Float
2026-07-12 09:11:07,51.0V,0.0A,0.0A,0.0A,15.2A,20.5 deg.C,0.0 deg.C,47Ah,Float
2026-07-12 09:01:07,50.6V,0.0A,0.0A,15.1A,-12.7A,20.2 deg.C,0.0 deg.C,46Ah,Float
2026-07-12 08:51:07,50.9V,0.0A,0.0A,0.0A,15.7A,19.8 deg.C,0.0 deg.C,45Ah,Float
2026-07-12 08:41:07,50.7V,0.0A,0.0A,6.3A,-7.1A,19.6 deg.C,0.0 deg.C,45Ah,Float
2026-07-12 08:31:07,50.9V,0.0A,0.0A,0.0A,13.7A,19.3 deg.C,0.0 deg.C,45Ah,Float
2026-07-12 08:21:07,50.8V,0.0A,0.0A,0.0A,14.2A,19.0 deg.C,0.0 deg.C,42Ah,Float
2026-07-12 08:11:07,50.9V,0.0A,0.0A,0.0A,19.3A,19.0 deg.C,0.0 deg.C,41Ah,Float
2026-07-12 08:01:07,50.8V,0.0A,0.0A,0.0A,18.5A,19.0 deg.C,0.0 deg.C,37Ah,Float
2026-07-12 07:51:07,50.6V,0.0A,0.0A,0.0A,14.7A,18.9 deg.C,0.0 deg.C,35Ah,Float
2026-07-12 07:41:07,50.6V,0.0A,0.0A,0.0A,20.9A,18.9 deg.C,0.0 deg.C,32Ah,Float
2026-07-12 07:31:07,50.5V,0.0A,0.0A,0.0A,17.4A,18.8 deg.C,0.0 deg.C,29Ah,Float
2026-07-12 07:21:07,50.3V,0.0A,0.0A,0.0A,18.0A,18.8 deg.C,0.0 deg.C,26Ah,Float
2026-07-12 07:11:07,50.3V,0.0A,0.0A,0.0A,17.7A,18.8 deg.C,0.0 deg.C,23Ah,Float
2026-07-12 07:01:07,50.2V,0.0A,0.0A,0.0A,17.8A,18.8 deg.C,0.0 deg.C,20Ah,Float
2026-07-12 06:51:07,50.0V,0.0A,0.0A,0.0A,17.9A,18.8 deg.C,0.0 deg.C,17Ah,Float
2026-07-12 06:41:07,49.9V,0.0A,0.0A,0.0A,14.3A,18.7 deg.C,0.0 deg.C,14Ah,Float
2026-07-12 06:31:07,49.8V,0.0A,0.0A,0.0A,18.2A,18.5 deg.C,0.0 deg.C,12Ah,Float
2026-07-12 06:21:07,49.7V,0.0A,0.0A,0.0A,18.2A,18.4 deg.C,0.0 deg.C,9Ah,Float
2026-07-12 06:11:07,49.5V,0.0A,0.0A,0.0A,18.3A,18.1 deg.C,0.0 deg.C,6Ah,Float
2026-07-12 06:01:07,49.4V,0.0A,0.0A,0.0A,18.3A,17.7 deg.C,0.0 deg.C,3Ah,Float
2026-07-12 05:51:07,49.1V,0.0A,0.0A,0.0A,17.8A,17.7 deg.C,0.0 deg.C,0Ah,Float
2026-07-12 05:41:07,48.7V,0.0A,0.0A,44.1A,-44.3A,17.7 deg.C,0.0 deg.C,1Ah,Discharge
2026-07-12 05:31:07,48.9V,0.0A,0.0A,48.3A,-48.3A,17.9 deg.C,0.0 deg.C,9Ah,Discharge
2026-07-12 05:21:07,49.3V,0.0A,0.0A,44.0A,-44.0A,18.2 deg.C,0.0 deg.C,16Ah,Discharge
2026-07-12 05:11:07,49.5V,0.0A,0.0A,42.7A,-43.2A,18.6 deg.C,0.0 deg.C,24Ah,Discharge
2026-07-12 05:01:07,49.8V,0.0A,0.0A,43.0A,-43.4A,18.9 deg.C,0.0 deg.C,31Ah,Discharge
2026-07-12 04:51:07,50.0V,0.0A,0.0A,42.9A,-42.8A,19.1 deg.C,0.0 deg.C,38Ah,Discharge
2026-07-12 04:41:07,50.8V,0.0A,0.0A,0.0A,-8.0A,19.3 deg.C,0.0 deg.C,41Ah,Float
2026-07-12 04:31:07,50.5V,0.0A,0.0A,17.8A,-19.1A,19.4 deg.C,0.0 deg.C,42Ah,Discharge
2026-07-12 04:21:07,50.9V,0.0A,0.0A,0.0A,17.6A,19.4 deg.C,0.0 deg.C,41Ah,Float
2026-07-12 04:11:07,50.6V,60.4A,0.0A,17.5A,-6.9A,19.5 deg.C,0.0 deg.C,41Ah,Float
2026-07-12 04:01:07,50.5V,0.0A,0.0A,15.1A,-15.1A,19.6 deg.C,0.0 deg.C,41Ah,Float
2026-07-12 03:51:07,50.6V,0.0A,0.0A,9.5A,-8.4A,19.8 deg.C,0.0 deg.C,41Ah,Float
2026-07-12 03:41:07,50.6V,0.0A,0.0A,9.4A,-8.3A,19.9 deg.C,0.0 deg.C,41Ah,Float
2026-07-12 03:31:07,50.9V,0.0A,0.0A,0.0A,13.3A,20.0 deg.C,0.0 deg.C,41Ah,Float
2026-07-12 03:21:07,50.5V,0.0A,0.0A,15.8A,-15.5A,20.0 deg.C,0.0 deg.C,41Ah,Float
2026-07-12 03:11:07,50.6V,0.0A,0.0A,8.4A,-8.6A,20.3 deg.C,0.0 deg.C,42Ah,Float
2026-07-12 03:01:07,50.5V,0.0A,0.0A,15.4A,-16.3A,20.4 deg.C,0.0 deg.C,41Ah,Float
2026-07-12 02:51:07,50.5V,0.0A,0.0A,14.8A,-15.3A,20.7 deg.C,0.0 deg.C,42Ah,Float
2026-07-12 02:41:07,50.8V,0.0A,0.0A,0.0A,12.3A,20.9 deg.C,0.0 deg.C,41Ah,Float
2026-07-12 02:31:07,50.5V,0.0A,0.0A,17.0A,-17.0A,21.0 deg.C,0.0 deg.C,40Ah,Float
2026-07-12 02:21:07,50.9V,0.0A,0.0A,0.0A,17.2A,21.2 deg.C,0.0 deg.C,40Ah,Float
2026-07-12 02:11:07,50.6V,0.0A,0.0A,6.6A,-7.6A,21.4 deg.C,0.0 deg.C,40Ah,Float
2026-07-12 02:01:07,50.6V,0.0A,0.0A,9.0A,-8.5A,21.5 deg.C,0.0 deg.C,39Ah,Float
2026-07-12 01:51:07,50.7V,0.0A,0.0A,0.0A,10.9A,21.6 deg.C,0.0 deg.C,37Ah,Float
2026-07-12 01:41:07,50.7V,0.0A,0.0A,0.0A,15.4A,21.7 deg.C,0.0 deg.C,35Ah,Float
2026-07-12 01:31:07,50.7V,0.0A,0.0A,0.0A,15.8A,21.8 deg.C,0.0 deg.C,32Ah,Float
2026-07-12 01:21:07,50.6V,0.0A,0.0A,0.0A,15.5A,21.9 deg.C,0.0 deg.C,29Ah,Float
2026-07-12 01:11:07,50.5V,0.0A,0.0A,0.0A,14.4A,21.9 deg.C,0.0 deg.C,27Ah,Float
2026-07-12 01:01:07,50.3V,0.0A,0.0A,0.0A,11.7A,21.9 deg.C,0.0 deg.C,25Ah,Float
2026-07-12 00:51:07,50.3V,0.0A,0.0A,0.0A,16.4A,21.9 deg.C,0.0 deg.C,23Ah,Float
2026-07-12 00:41:07,50.2V,0.0A,0.0A,0.0A,12.3A,21.8 deg.C,0.0 deg.C,20Ah,Float
2026-07-12 00:31:07,50.1V,0.0A,0.0A,0.0A,12.5A,21.7 deg.C,0.0 deg.C,18Ah,Float
2026-07-12 00:21:07,50.0V,0.0A,0.0A,0.0A,9.3A,21.6 deg.C,0.0 deg.C,16Ah,Float
2026-07-12 00:11:07,50.0V,0.0A,0.0A,0.0A,13.0A,21.3 deg.C,0.0 deg.C,14Ah,Float
2026-07-12 00:01:07,49.8V,0.0A,0.0A,0.0A,9.9A,20.8 deg.C,0.0 deg.C,12Ah,Float
2026-07-11 23:51:07,49.7V,0.0A,0.0A,0.0A,10.2A,20.1 deg.C,0.0 deg.C,10Ah,Float
2026-07-11 23:41:07,49.7V,0.0A,0.0A,0.0A,10.2A,20.9 deg.C,0.0 deg.C,9Ah,Float
2026-07-11 23:31:07,49.6V,0.0A,0.0A,0.0A,12.9A,22.8 deg.C,0.0 deg.C,7Ah,Float
2026-07-11 23:21:07,49.6V,0.0A,0.0A,0.0A,12.9A,22.8 deg.C,0.0 deg.C,5Ah,Float
2026-07-11 23:11:07,49.5V,0.0A,0.0A,0.0A,8.1A,22.7 deg.C,0.0 deg.C,4Ah,Float
2026-07-11 23:01:07,49.4V,0.0A,0.0A,0.0A,13.3A,22.6 deg.C,0.0 deg.C,2Ah,Float
2026-07-11 22:51:07,49.3V,0.0A,0.0A,0.0A,11.4A,22.3 deg.C,0.0 deg.C,0Ah,Float
2026-07-11 22:41:07,48.6V,0.0A,0.0A,53.8A,-55.5A,22.5 deg.C,0.0 deg.C,5Ah,Discharge
2026-07-11 22:31:07,49.5V,0.0A,0.0A,0.0A,11.4A,22.4 deg.C,0.0 deg.C,4Ah,Float
2026-07-11 22:21:07,49.4V,0.0A,0.0A,0.0A,12.4A,22.1 deg.C,0.0 deg.C,2Ah,Float
2026-07-11 22:11:07,49.2V,0.0A,0.0A,0.0A,7.5A,21.8 deg.C,0.0 deg.C,1Ah,Float
2026-07-11 22:01:07,49.1V,0.0A,0.0A,0.0A,12.0A,21.5 deg.C,0.0 deg.C,0Ah,Float
2026-07-11 21:51:07,48.7V,0.0A,0.0A,51.0A,-49.3A,21.5 deg.C,0.0 deg.C,6Ah,Discharge
2026-07-11 21:41:07,49.0V,0.0A,0.0A,53.7A,-56.1A,21.6 deg.C,0.0 deg.C,15Ah,Discharge
2026-07-11 21:31:07,49.3V,0.0A,0.0A,52.9A,-53.1A,21.7 deg.C,0.0 deg.C,24Ah,Discharge
2026-07-11 21:21:07,49.6V,0.0A,0.0A,49.8A,-48.8A,21.8 deg.C,0.0 deg.C,32Ah,Discharge
2026-07-11 21:11:07,49.9V,0.0A,0.0A,54.2A,-57.1A,21.9 deg.C,0.0 deg.C,40Ah,Discharge
2026-07-11 21:01:07,50.8V,0.0A,0.0A,0.0A,8.0A,21.7 deg.C,0.0 deg.C,44Ah,Float
2026-07-11 20:51:07,50.9V,0.0A,0.0A,0.0A,12.8A,21.2 deg.C,0.0 deg.C,43Ah,Float
2026-07-11 20:41:07,50.5V,0.0A,0.0A,16.7A,-17.0A,20.5 deg.C,0.0 deg.C,42Ah,Float
2026-07-11 20:31:07,50.8V,0.0A,0.0A,0.0A,11.0A,19.5 deg.C,0.0 deg.C,41Ah,Float
2026-07-11 20:21:07,50.8V,0.0A,0.0A,0.0A,12.6A,19.6 deg.C,0.0 deg.C,40Ah,Float
2026-07-11 20:11:07,50.7V,0.0A,0.0A,0.0A,7.6A,19.8 deg.C,0.0 deg.C,38Ah,Float
2026-07-11 20:01:07,50.7V,0.0A,0.0A,0.0A,12.1A,20.0 deg.C,0.0 deg.C,37Ah,Float
2026-07-11 19:51:07,50.6V,0.0A,0.0A,0.0A,11.0A,20.1 deg.C,0.0 deg.C,35Ah,Float
2026-07-11 19:41:07,50.6V,0.0A,0.0A,0.0A,8.0A,20.3 deg.C,0.0 deg.C,34Ah,Float
2026-07-11 19:31:07,50.6V,0.0A,0.0A,0.0A,13.4A,20.4 deg.C,0.0 deg.C,32Ah,Float
2026-07-11 19:21:07,50.5V,0.0A,0.0A,0.0A,12.4A,20.5 deg.C,0.0 deg.C,30Ah,Float
2026-07-11 19:11:07,50.4V,0.0A,0.0A,0.0A,12.4A,20.5 deg.C,0.0 deg.C,28Ah,Float
2026-07-11 19:01:07,50.4V,0.0A,0.0A,0.0A,16.5A,20.5 deg.C,0.0 deg.C,25Ah,Float
2026-07-11 18:51:07,50.3V,0.0A,0.0A,0.0A,11.2A,20.5 deg.C,0.0 deg.C,23Ah,Float
2026-07-11 18:41:07,50.2V,0.0A,0.0A,0.0A,12.1A,20.6 deg.C,0.0 deg.C,21Ah,Float
2026-07-11 18:31:07,50.1V,0.0A,0.0A,0.0A,10.0A,20.6 deg.C,0.0 deg.C,19Ah,Float
2026-07-11 18:21:07,50.0V,0.0A,0.0A,0.0A,10.7A,20.7 deg.C,0.0 deg.C,17Ah,Float
2026-07-11 18:11:07,50.0V,0.0A,0.0A,0.0A,11.6A,20.7 deg.C,0.0 deg.C,15Ah,Float
2026-07-11 18:01:07,49.9V,0.0A,0.0A,0.0A,15.1A,20.7 deg.C,0.0 deg.C,13Ah,Float
2026-07-11 17:51:07,49.7V,0.0A,0.0A,0.0A,9.4A,20.6 deg.C,0.0 deg.C,11Ah,Float
2026-07-11 17:41:07,49.7V,0.0A,0.0A,0.0A,11.1A,20.6 deg.C,0.0 deg.C,10Ah,Float
2026-07-11 17:31:07,49.6V,0.0A,0.0A,0.0A,11.6A,20.7 deg.C,0.0 deg.C,8Ah,Float
2026-07-11 17:21:07,49.5V,0.0A,0.0A,0.0A,10.0A,20.8 deg.C,0.0 deg.C,6Ah,Float
2026-07-11 17:11:07,49.4V,0.0A,0.0A,0.0A,9.7A,20.9 deg.C,0.0 deg.C,4Ah,Float
2026-07-11 17:01:07,49.3V,0.0A,0.0A,0.0A,10.1A,21.0 deg.C,0.0 deg.C,3Ah,Float
2026-07-11 16:51:07,49.2V,0.0A,0.0A,0.0A,8.9A,21.0 deg.C,0.0 deg.C,1Ah,Float
2026-07-11 16:41:07,49.2V,0.0A,0.0A,0.0A,10.8A,21.1 deg.C,0.0 deg.C,0Ah,Float
2026-07-11 16:31:07,49.5V,0.0A,0.0A,0.0A,9.0A,21.3 deg.C,0.0 deg.C,5Ah,Float
2026-07-11 16:21:07,49.4V,0.0A,0.0A,0.0A,7.3A,21.4 deg.C,0.0 deg.C,4Ah,Float
2026-07-11 16:11:07,49.3V,0.0A,0.0A,0.0A,8.6A,21.6 deg.C,0.0 deg.C,2Ah,Float
2026-07-11 16:01:07,49.2V,0.0A,0.0A,0.0A,8.7A,21.7 deg.C,0.0 deg.C,1Ah,Float
2026-07-11 15:51:07,49.2V,0.0A,0.0A,0.0A,8.5A,21.8 deg.C,0.0 deg.C,0Ah,Float
2026-07-11 15:41:07,48.6V,0.0A,0.0A,53.4A,-54.2A,22.1 deg.C,0.0 deg.C,4Ah,Discharge
2026-07-11 15:31:07,49.4V,0.0A,0.0A,0.0A,6.0A,22.2 deg.C,0.0 deg.C,4Ah,Float
2026-07-11 15:21:07,49.4V,0.0A,0.0A,0.0A,8.3A,22.3 deg.C,0.0 deg.C,3Ah,Float
2026-07-11 15:11:07,49.3V,0.0A,0.0A,0.0A,6.7A,22.4 deg.C,0.0 deg.C,2Ah,Float
2026-07-11 15:01:07,49.2V,0.0A,0.0A,0.0A,6.8A,22.4 deg.C,0.0 deg.C,1Ah,Float
2026-07-11 14:51:07,49.2V,0.0A,0.0A,0.0A,6.9A,22.5 deg.C,0.0 deg.C,0Ah,Float
2026-07-11 14:41:07,48.5V,0.0A,0.0A,59.6A,-56.6A,22.5 deg.C,0.0 deg.C,1Ah,Discharge
2026-07-11 14:31:07,49.3V,0.0A,0.0A,0.0A,0.0A,22.5 deg.C,0.0 deg.C,2Ah,Float
2026-07-11 14:21:07,49.3V,0.0A,0.0A,0.0A,7.6A,22.4 deg.C,0.0 deg.C,1Ah,Float
2026-07-11 14:11:07,49.2V,0.0A,0.0A,0.0A,5.8A,22.3 deg.C,0.0 deg.C,0Ah,Float
2026-07-11 14:01:07,48.6V,0.0A,0.0A,57.1A,-56.4A,22.2 deg.C,0.0 deg.C,2Ah,Discharge
2026-07-11 13:51:07,49.3V,0.0A,0.0A,0.0A,6.8A,22.0 deg.C,0.0 deg.C,2Ah,Float
2026-07-11 13:41:07,49.2V,0.0A,0.0A,0.0A,6.7A,21.7 deg.C,0.0 deg.C,1Ah,Float
2026-07-11 13:31:07,48.4V,0.0A,0.0A,54.2A,-54.4A,21.5 deg.C,0.0 deg.C,0Ah,Discharge
2026-07-11 13:21:07,48.8V,0.0A,0.0A,54.2A,-53.9A,21.4 deg.C,0.0 deg.C,9Ah,Discharge
2026-07-11 13:11:07,49.1V,0.0A,0.0A,53.2A,-54.3A,21.4 deg.C,0.0 deg.C,19Ah,Discharge
2026-07-11 13:01:07,49.4V,0.0A,0.0A,52.4A,-52.8A,21.5 deg.C,0.0 deg.C,27Ah,Discharge
2026-07-11 12:51:07,49.7V,0.0A,0.0A,53.4A,-55.2A,21.7 deg.C,0.0 deg.C,37Ah,Discharge
2026-07-11 12:41:07,50.5V,0.0A,0.0A,0.0A,-30.3A,22.1 deg.C,0.0 deg.C,43Ah,Discharge
2026-07-11 12:31:07,50.8V,0.0A,0.0A,0.0A,5.9A,22.5 deg.C,0.0 deg.C,47Ah,Float
2026-07-11 12:21:07,50.9V,0.0A,0.0A,0.0A,7.9A,22.5 deg.C,0.0 deg.C,47Ah,Float
2026-07-11 12:11:07,50.9V,0.0A,0.0A,0.0A,9.2A,22.7 deg.C,0.0 deg.C,46Ah,Float
2026-07-11 12:01:07,50.5V,0.0A,0.0A,25.3A,-24.6A,21.4 deg.C,0.0 deg.C,47Ah,Discharge
2026-07-11 11:51:07,50.9V,0.0A,0.0A,0.0A,8.4A,21.2 deg.C,0.0 deg.C,47Ah,Float
2026-07-11 11:41:07,50.9V,0.0A,0.0A,0.0A,11.1A,21.1 deg.C,0.0 deg.C,46Ah,Float
2026-07-11 11:31:07,50.5V,0.0A,0.0A,24.8A,-13.8A,21.0 deg.C,0.0 deg.C,46Ah,Discharge
2026-07-11 11:21:07,50.8V,0.0A,0.0A,0.0A,8.6A,20.8 deg.C,0.0 deg.C,46Ah,Float
2026-07-11 11:11:07,50.9V,0.0A,0.0A,0.0A,14.9A,20.7 deg.C,0.0 deg.C,46Ah,Discharge
2026-07-11 11:01:07,50.6V,0.0A,0.0A,12.3A,-13.7A,20.5 deg.C,0.0 deg.C,46Ah,Float
2026-07-11 10:51:07,50.5V,0.0A,0.0A,18.7A,-20.1A,20.4 deg.C,0.0 deg.C,46Ah,Discharge
2026-07-11 10:41:07,50.9V,0.0A,0.0A,0.0A,10.4A,20.3 deg.C,0.0 deg.C,46Ah,Float
2026-07-11 10:31:07,50.9V,0.0A,0.0A,0.0A,11.0A,20.1 deg.C,0.0 deg.C,45Ah,Float
2026-07-11 10:21:07,50.6V,0.0A,0.0A,11.0A,-11.6A,20.0 deg.C,0.0 deg.C,45Ah,Float
2026-07-11 10:11:07,50.6V,0.0A,0.0A,11.5A,-12.3A,20.2 deg.C,0.0 deg.C,44Ah,Float
2026-07-11 10:01:07,50.8V,0.0A,0.0A,0.0A,12.0A,20.8 deg.C,0.0 deg.C,43Ah,Float
2026-07-11 09:51:07,50.8V,0.0A,0.0A,0.0A,11.6A,22.3 deg.C,0.0 deg.C,42Ah,Float
2026-07-11 09:41:07,50.8V,0.0A,0.0A,0.0A,13.9A,22.0 deg.C,0.0 deg.C,40Ah,Float
2026-07-11 09:31:07,50.7V,0.0A,0.0A,0.0A,14.5A,21.5 deg.C,0.0 deg.C,37Ah,Float
2026-07-11 09:21:07,50.7V,0.0A,0.0A,0.0A,19.0A,21.1 deg.C,0.0 deg.C,35Ah,Float
2026-07-11 09:11:07,50.5V,0.0A,0.0A,0.0A,15.2A,20.6 deg.C,0.0 deg.C,32Ah,Float
2026-07-11 09:01:07,50.5V,0.0A,0.0A,0.0A,19.3A,20.1 deg.C,0.0 deg.C,30Ah,Float
2026-07-11 08:51:07,50.3V,0.0A,0.0A,0.0A,15.3A,19.6 deg.C,0.0 deg.C,27Ah,Float
2026-07-11 08:41:07,50.3V,0.0A,0.0A,0.0A,15.9A,19.2 deg.C,0.0 deg.C,24Ah,Float
2026-07-11 08:31:07,50.1V,0.0A,0.0A,0.0A,10.8A,18.8 deg.C,0.0 deg.C,21Ah,Float
2026-07-11 08:21:07,50.1V,0.0A,0.0A,0.0A,14.5A,18.4 deg.C,0.0 deg.C,19Ah,Float
2026-07-11 08:11:07,50.0V,0.0A,0.0A,0.0A,19.0A,18.1 deg.C,0.0 deg.C,16Ah,Float
2026-07-11 08:01:07,49.8V,0.0A,0.0A,0.0A,19.2A,18.0 deg.C,0.0 deg.C,12Ah,Float
2026-07-11 07:51:07,49.7V,0.0A,0.0A,0.0A,18.3A,17.9 deg.C,0.0 deg.C,9Ah,Float
2026-07-11 07:41:07,49.5V,0.0A,0.0A,0.0A,16.8A,17.6 deg.C,0.0 deg.C,6Ah,Float
2026-07-11 07:31:07,49.4V,0.0A,0.0A,0.0A,18.1A,17.0 deg.C,0.0 deg.C,3Ah,Float
2026-07-11 07:21:07,49.2V,0.0A,0.0A,0.0A,18.3A,16.9 deg.C,0.0 deg.C,0Ah,Float
2026-07-11 07:11:07,48.6V,0.0A,0.0A,46.3A,-44.2A,16.9 deg.C,0.0 deg.C,0Ah,Discharge
2026-07-11 07:01:07,48.9V,0.0A,0.0A,45.9A,-44.5A,17.0 deg.C,0.0 deg.C,6Ah,Discharge
2026-07-11 06:51:07,49.2V,0.0A,0.0A,42.9A,-43.5A,17.2 deg.C,0.0 deg.C,13Ah,Discharge
2026-07-11 06:41:07,49.4V,0.0A,0.0A,44.3A,-44.7A,17.6 deg.C,0.0 deg.C,21Ah,Discharge
2026-07-11 06:31:07,49.6V,0.0A,0.0A,43.6A,-48.5A,18.0 deg.C,0.0 deg.C,28Ah,Discharge
2026-07-11 06:21:07,49.9V,0.0A,0.0A,46.1A,-46.7A,18.2 deg.C,0.0 deg.C,36Ah,Discharge
2026-07-11 06:11:07,50.9V,0.0A,0.0A,0.0A,17.7A,18.3 deg.C,0.0 deg.C,41Ah,Float
2026-07-11 06:01:07,50.5V,0.0A,0.0A,16.1A,-16.2A,18.4 deg.C,0.0 deg.C,41Ah,Float
2026-07-11 05:51:07,50.5V,0.0A,0.0A,15.0A,-15.3A,18.4 deg.C,0.0 deg.C,41Ah,Float
2026-07-11 05:41:07,50.9V,0.0A,0.0A,0.0A,17.8A,18.5 deg.C,0.0 deg.C,41Ah,Float
2026-07-11 05:31:07,50.9V,0.0A,0.0A,0.0A,17.6A,18.7 deg.C,0.0 deg.C,41Ah,Float
2026-07-11 05:21:07,50.6V,0.0A,0.0A,11.1A,-11.8A,18.8 deg.C,0.0 deg.C,42Ah,Float
2026-07-11 05:11:07,50.5V,0.0A,0.0A,16.7A,-16.6A,18.8 deg.C,0.0 deg.C,41Ah,Float
2026-07-11 05:01:06,50.5V,0.0A,0.0A,14.8A,-14.6A,19.0 deg.C,0.0 deg.C,42Ah,Float
2026-07-11 04:51:06,50.9V,0.0A,0.0A,0.0A,17.7A,18.9 deg.C,0.0 deg.C,42Ah,Float
2026-07-11 04:41:06,50.5V,0.0A,0.0A,15.1A,-14.5A,19.0 deg.C,0.0 deg.C,42Ah,Float
2026-07-11 04:31:06,50.6V,0.0A,0.0A,7.1A,-8.0A,19.1 deg.C,0.0 deg.C,42Ah,Float
2026-07-11 04:21:06,50.5V,0.0A,0.0A,17.0A,-17.3A,19.3 deg.C,0.0 deg.C,42Ah,Float
2026-07-11 04:11:06,50.8V,0.0A,0.0A,0.0A,13.2A,19.3 deg.C,0.0 deg.C,42Ah,Float
2026-07-11 04:01:06,50.9V,0.0A,0.0A,0.0A,18.2A,19.5 deg.C,0.0 deg.C,42Ah,Float
2026-07-11 03:51:06,50.5V,0.0A,0.0A,16.3A,-16.4A,19.7 deg.C,0.0 deg.C,42Ah,Float
2026-07-11 03:41:06,50.5V,0.0A,0.0A,16.5A,-16.9A,19.8 deg.C,0.0 deg.C,43Ah,Float
2026-07-11 03:31:06,50.6V,0.0A,0.0A,12.0A,-10.7A,20.0 deg.C,0.0 deg.C,43Ah,Float
2026-07-11 03:21:06,50.9V,0.0A,0.0A,0.0A,17.3A,20.1 deg.C,0.0 deg.C,43Ah,Float
2026-07-11 03:11:06,50.6V,0.0A,0.0A,11.9A,-11.1A,20.2 deg.C,0.0 deg.C,43Ah,Float
2026-07-11 03:01:06,50.5V,0.0A,0.0A,15.9A,-14.0A,20.4 deg.C,0.0 deg.C,42Ah,Float
2026-07-11 02:51:06,50.6V,0.0A,0.0A,8.2A,-8.3A,20.4 deg.C,0.0 deg.C,42Ah,Float
2026-07-11 02:41:06,50.9V,0.0A,0.0A,0.0A,17.1A,20.6 deg.C,0.0 deg.C,42Ah,Float
2026-07-11 02:31:06,50.6V,0.0A,0.0A,7.4A,-7.4A,20.9 deg.C,0.0 deg.C,42Ah,Float
2026-07-11 02:21:06,50.9V,0.0A,0.0A,0.0A,13.1A,21.0 deg.C,0.0 deg.C,42Ah,Float
2026-07-11 02:11:06,50.9V,0.0A,0.0A,0.0A,17.5A,21.1 deg.C,0.0 deg.C,42Ah,Float
2026-07-11 02:01:06,50.5V,0.0A,0.0A,14.8A,-14.8A,21.4 deg.C,0.0 deg.C,41Ah,Float
2026-07-11 01:51:06,50.6V,0.0A,0.0A,8.6A,-8.8A,21.6 deg.C,0.0 deg.C,41Ah,Float
2026-07-11 01:41:06,50.8V,0.0A,0.0A,0.0A,7.9A,21.8 deg.C,0.0 deg.C,40Ah,Float
2026-07-11 01:31:06,50.8V,0.0A,0.0A,0.0A,13.0A,21.9 deg.C,0.0 deg.C,39Ah,Float
2026-07-11 01:21:06,50.8V,0.0A,0.0A,0.0A,15.1A,21.9 deg.C,0.0 deg.C,37Ah,Float
2026-07-11 01:11:06,50.7V,0.0A,0.0A,0.0A,15.8A,21.9 deg.C,0.0 deg.C,34Ah,Float
2026-07-11 01:01:06,50.6V,0.0A,0.0A,0.0A,13.7A,22.0 deg.C,0.0 deg.C,32Ah,Float
2026-07-11 00:51:06,50.5V,0.0A,0.0A,0.0A,11.4A,22.1 deg.C,0.0 deg.C,29Ah,Float
2026-07-11 00:41:06,50.5V,0.0A,0.0A,0.0A,15.3A,22.1 deg.C,0.0 deg.C,27Ah,Float
2026-07-11 00:31:06,50.4V,0.0A,0.0A,0.0A,13.9A,22.2 deg.C,0.0 deg.C,25Ah,Float
2026-07-11 00:21:06,50.2V,0.0A,0.0A,0.0A,12.6A,22.3 deg.C,0.0 deg.C,23Ah,Float
2026-07-11 00:11:06,50.1V,0.0A,0.0A,0.0A,8.7A,22.3 deg.C,0.0 deg.C,21Ah,Float
2026-07-11 00:01:06,50.2V,0.0A,0.0A,0.0A,13.7A,22.4 deg.C,0.0 deg.C,19Ah,Float
2026-07-10 23:51:06,50.1V,0.0A,0.0A,0.0A,12.9A,22.4 deg.C,0.0 deg.C,17Ah,Float
2026-07-10 23:41:06,49.9V,0.0A,0.0A,0.0A,8.6A,22.4 deg.C,0.0 deg.C,15Ah,Float
2026-07-10 23:31:06,49.8V,0.0A,0.0A,0.0A,7.4A,22.5 deg.C,0.0 deg.C,14Ah,Float
2026-07-10 23:21:06,49.8V,0.0A,0.0A,0.0A,14.1A,22.5 deg.C,0.0 deg.C,12Ah,Float
2026-07-10 23:11:06,49.7V,0.0A,0.0A,0.0A,11.7A,22.5 deg.C,0.0 deg.C,10Ah,Float
2026-07-10 23:01:06,49.6V,0.0A,0.0A,0.0A,12.2A,22.4 deg.C,0.0 deg.C,8Ah,Float
2026-07-10 22:51:06,49.5V,0.0A,0.0A,0.0A,7.7A,22.4 deg.C,0.0 deg.C,6Ah,Float
2026-07-10 22:41:06,49.5V,0.0A,0.0A,0.0A,12.0A,22.2 deg.C,0.0 deg.C,5Ah,Float
2026-07-10 22:31:06,49.4V,0.0A,0.0A,0.0A,13.4A,21.9 deg.C,0.0 deg.C,3Ah,Float
2026-07-10 22:21:06,49.2V,0.0A,0.0A,0.0A,7.6A,21.5 deg.C,0.0 deg.C,1Ah,Float
2026-07-10 22:11:06,48.5V,0.0A,0.0A,49.8A,-49.0A,21.3 deg.C,0.0 deg.C,1Ah,Discharge
2026-07-10 22:01:06,48.8V,0.0A,0.0A,50.8A,-49.2A,21.4 deg.C,0.0 deg.C,10Ah,Discharge
2026-07-10 21:51:06,49.0V,0.0A,0.0A,55.9A,-54.2A,21.6 deg.C,0.0 deg.C,19Ah,Discharge
2026-07-10 21:41:06,49.4V,0.0A,0.0A,48.3A,-48.1A,21.7 deg.C,0.0 deg.C,28Ah,Discharge
2026-07-10 21:31:06,49.7V,0.0A,0.0A,49.3A,-49.0A,22.0 deg.C,0.0 deg.C,36Ah,Discharge
2026-07-10 21:21:06,49.9V,0.0A,0.0A,52.3A,-54.1A,22.3 deg.C,0.0 deg.C,44Ah,Discharge
2026-07-10 21:11:06,50.8V,0.0A,0.0A,0.0A,6.7A,22.3 deg.C,0.0 deg.C,46Ah,Float
2026-07-10 21:01:06,50.6V,0.0A,0.0A,11.9A,-11.9A,22.2 deg.C,0.0 deg.C,47Ah,Float
2026-07-10 20:51:06,50.8V,0.0A,0.0A,0.0A,8.4A,22.0 deg.C,0.0 deg.C,47Ah,Float
2026-07-10 20:41:06,50.8V,0.0A,0.0A,0.0A,8.5A,21.7 deg.C,0.0 deg.C,47Ah,Float
2026-07-10 20:31:06,50.6V,0.0A,0.0A,12.7A,-12.8A,21.4 deg.C,0.0 deg.C,47Ah,Float
2026-07-10 20:21:06,50.5V,0.0A,0.0A,22.3A,-22.4A,21.0 deg.C,0.0 deg.C,47Ah,Discharge
2026-07-10 20:11:06,50.8V,0.0A,0.0A,0.0A,9.8A,20.3 deg.C,0.0 deg.C,46Ah,Float
2026-07-10 20:01:06,50.5V,0.0A,0.0A,19.8A,-20.7A,19.6 deg.C,0.0 deg.C,46Ah,Discharge
2026-07-10 19:51:06,50.8V,0.0A,0.0A,0.0A,8.4A,19.7 deg.C,0.0 deg.C,45Ah,Float
2026-07-10 19:41:06,50.8V,0.0A,0.0A,0.0A,13.0A,19.9 deg.C,0.0 deg.C,43Ah,Float
2026-07-10 19:31:06,50.8V,0.0A,0.0A,0.0A,13.2A,20.1 deg.C,0.0 deg.C,41Ah,Float
2026-07-10 19:21:06,50.7V,0.0A,0.0A,0.0A,12.7A,20.3 deg.C,0.0 deg.C,39Ah,Float
2026-07-10 19:11:06,50.7V,0.0A,0.0A,0.0A,18.1A,20.4 deg.C,0.0 deg.C,36Ah,Float
2026-07-10 19:01:06,50.5V,0.0A,0.0A,0.0A,12.2A,20.5 deg.C,0.0 deg.C,34Ah,Float
2026-07-10 18:51:06,50.5V,0.0A,0.0A,0.0A,13.0A,20.5 deg.C,0.0 deg.C,31Ah,Float
2026-07-10 18:41:06,50.4V,0.0A,0.0A,0.0A,18.2A,20.5 deg.C,0.0 deg.C,29Ah,Float
2026-07-10 18:31:06,50.3V,0.0A,0.0A,0.0A,13.6A,20.5 deg.C,0.0 deg.C,27Ah,Float
2026-07-10 18:21:06,50.2V,0.0A,0.0A,0.0A,13.0A,20.4 deg.C,0.0 deg.C,24Ah,Float
2026-07-10 18:11:06,50.1V,0.0A,0.0A,0.0A,16.0A,20.4 deg.C,0.0 deg.C,22Ah,Float
2026-07-10 18:01:06,50.0V,0.0A,0.0A,0.0A,11.4A,20.4 deg.C,0.0 deg.C,20Ah,Float
2026-07-10 17:51:06,50.0V,0.0A,0.0A,0.0A,13.4A,20.4 deg.C,0.0 deg.C,18Ah,Float
2026-07-10 17:41:06,49.9V,0.0A,0.0A,0.0A,12.9A,20.5 deg.C,0.0 deg.C,16Ah,Float
2026-07-10 17:31:06,49.8V,0.0A,0.0A,0.0A,10.6A,20.5 deg.C,0.0 deg.C,13Ah,Float
2026-07-10 17:21:06,49.7V,0.0A,0.0A,0.0A,12.9A,20.6 deg.C,0.0 deg.C,11Ah,Float
2026-07-10 17:11:06,49.6V,0.0A,0.0A,0.0A,10.8A,20.6 deg.C,0.0 deg.C,9Ah,Float
2026-07-10 17:01:06,49.5V,0.0A,0.0A,0.0A,10.5A,20.7 deg.C,0.0 deg.C,8Ah,Float
2026-07-10 16:51:06,49.4V,0.0A,0.0A,0.0A,10.2A,20.8 deg.C,0.0 deg.C,6Ah,Float
2026-07-10 16:41:06,49.3V,0.0A,0.0A,0.0A,11.5A,21.0 deg.C,0.0 deg.C,4Ah,Float
2026-07-10 16:31:06,49.2V,0.0A,0.0A,0.0A,10.6A,21.1 deg.C,0.0 deg.C,2Ah,Float
2026-07-10 16:21:06,49.1V,0.0A,0.0A,0.0A,6.7A,21.2 deg.C,0.0 deg.C,1Ah,Float
2026-07-10 16:11:06,49.0V,0.0A,0.0A,0.0A,7.7A,21.5 deg.C,0.0 deg.C,0Ah,Float
2026-07-10 16:01:06,49.0V,0.0A,0.0A,0.0A,6.6A,21.7 deg.C,0.0 deg.C,0Ah,Discharge
2026-07-10 15:51:06,49.3V,0.0A,0.0A,0.0A,6.3A,21.9 deg.C,0.0 deg.C,2Ah,Float
2026-07-10 15:41:06,49.2V,0.0A,0.0A,0.0A,7.9A,21.9 deg.C,0.0 deg.C,1Ah,Float
2026-07-10 15:31:06,49.0V,0.0A,0.0A,0.0A,5.2A,22.0 deg.C,0.0 deg.C,0Ah,Float
2026-07-10 15:21:06,49.4V,0.0A,0.0A,0.0A,6.8A,22.2 deg.C,0.0 deg.C,4Ah,Float
2026-07-10 15:11:06,49.4V,0.0A,0.0A,0.0A,7.6A,22.3 deg.C,0.0 deg.C,3Ah,Float
2026-07-10 15:01:06,49.3V,0.0A,0.0A,0.0A,7.8A,22.4 deg.C,0.0 deg.C,2Ah,Float
2026-07-10 14:51:06,49.2V,0.0A,0.0A,0.0A,6.7A,22.5 deg.C,0.0 deg.C,1Ah,Float
2026-07-10 14:41:06,48.5V,0.0A,0.0A,55.7A,-57.3A,22.6 deg.C,0.0 deg.C,3Ah,Discharge
2026-07-10 14:31:06,49.4V,0.0A,0.0A,0.0A,7.5A,22.6 deg.C,0.0 deg.C,4Ah,Float
2026-07-10 14:21:06,49.3V,0.0A,0.0A,0.0A,7.2A,22.6 deg.C,0.0 deg.C,3Ah,Float
2026-07-10 14:11:06,49.3V,0.0A,0.0A,0.0A,7.4A,22.5 deg.C,0.0 deg.C,2Ah,Float
2026-07-10 14:01:06,49.2V,0.0A,0.0A,0.0A,0.0A,22.4 deg.C,0.0 deg.C,1Ah,Float
2026-07-10 13:51:06,48.5V,0.0A,0.0A,56.7A,-57.0A,22.5 deg.C,0.0 deg.C,3Ah,Discharge
2026-07-10 13:41:06,49.4V,0.0A,0.0A,0.0A,5.9A,22.5 deg.C,0.0 deg.C,7Ah,Float
2026-07-10 13:31:06,49.4V,0.0A,0.0A,0.0A,7.2A,22.4 deg.C,0.0 deg.C,5Ah,Float
2026-07-10 13:21:06,49.3V,0.0A,0.0A,0.0A,5.8A,22.3 deg.C,0.0 deg.C,4Ah,Float
2026-07-10 13:11:06,49.3V,0.0A,0.0A,0.0A,6.4A,22.3 deg.C,0.0 deg.C,3Ah,Float
2026-07-10 13:01:06,49.2V,0.0A,0.0A,0.0A,7.3A,22.2 deg.C,0.0 deg.C,2Ah,Float
2026-07-10 12:51:06,48.4V,0.0A,0.0A,53.0A,-54.5A,22.3 deg.C,0.0 deg.C,2Ah,Discharge
2026-07-10 12:41:06,49.5V,0.0A,0.0A,0.0A,8.4A,22.5 deg.C,0.0 deg.C,7Ah,Float
2026-07-10 12:31:06,49.4V,0.0A,0.0A,0.0A,7.5A,22.5 deg.C,0.0 deg.C,6Ah,Float
2026-07-10 12:21:06,49.3V,0.0A,0.0A,0.0A,10.2A,22.4 deg.C,0.0 deg.C,4Ah,Float
2026-07-10 12:11:06,49.2V,0.0A,0.0A,0.0A,9.8A,22.3 deg.C,0.0 deg.C,3Ah,Float
2026-07-10 12:01:06,48.7V,0.0A,0.0A,51.7A,-51.7A,22.0 deg.C,0.0 deg.C,10Ah,Discharge
2026-07-10 11:51:06,49.0V,0.0A,0.0A,52.1A,-52.1A,21.8 deg.C,0.0 deg.C,19Ah,Discharge
2026-07-10 11:41:06,49.3V,0.0A,0.0A,50.3A,-51.4A,21.6 deg.C,0.0 deg.C,27Ah,Discharge
2026-07-10 11:31:06,49.6V,0.0A,0.0A,51.3A,-50.6A,21.5 deg.C,0.0 deg.C,36Ah,Discharge
2026-07-10 11:21:06,49.9V,0.0A,0.0A,49.4A,-49.6A,21.4 deg.C,0.0 deg.C,44Ah,Discharge
2026-07-10 11:11:06,50.9V,0.0A,0.0A,0.0A,10.8A,21.2 deg.C,0.0 deg.C,49Ah,Float
2026-07-10 11:01:06,50.8V,0.0A,0.0A,0.0A,0.0A,21.1 deg.C,0.0 deg.C,49Ah,Float
2026-07-10 10:51:06,50.5V,0.0A,0.0A,20.5A,-19.6A,21.0 deg.C,0.0 deg.C,49Ah,Discharge
2026-07-10 10:41:06,50.9V,0.0A,0.0A,0.0A,11.0A,20.9 deg.C,0.0 deg.C,49Ah,Float
2026-07-10 10:31:06,50.6V,0.0A,0.0A,13.2A,-13.1A,20.7 deg.C,0.0 deg.C,48Ah,Float
2026-07-10 10:21:06,50.6V,0.0A,0.0A,23.0A,-5.2A,20.6 deg.C,0.0 deg.C,49Ah,Float
2026-07-10 10:11:06,50.5V,0.0A,0.0A,23.3A,-20.9A,20.5 deg.C,0.0 deg.C,48Ah,Float
2026-07-10 10:01:06,50.9V,0.0A,0.0A,0.0A,11.9A,20.4 deg.C,0.0 deg.C,48Ah,Float
2026-07-10 09:51:06,50.8V,0.0A,0.0A,0.0A,11.7A,20.7 deg.C,0.0 deg.C,47Ah,Float
2026-07-10 09:41:06,50.8V,0.0A,0.0A,0.0A,12.0A,21.7 deg.C,0.0 deg.C,45Ah,Float
2026-07-10 09:31:06,50.8V,0.0A,0.0A,0.0A,14.0A,22.3 deg.C,0.0 deg.C,43Ah,Float
2026-07-10 09:21:06,50.7V,0.0A,0.0A,0.0A,14.7A,21.8 deg.C,0.0 deg.C,40Ah,Float
2026-07-10 09:11:06,50.6V,0.0A,0.0A,0.0A,14.0A,21.3 deg.C,0.0 deg.C,38Ah,Float
2026-07-10 09:01:06,50.5V,0.0A,0.0A,0.0A,15.1A,20.8 deg.C,0.0 deg.C,35Ah,Float
2026-07-10 08:51:06,50.4V,0.0A,0.0A,0.0A,14.2A,20.3 deg.C,0.0 deg.C,32Ah,Float
2026-07-10 08:41:06,50.4V,0.0A,0.0A,0.0A,19.2A,19.9 deg.C,0.0 deg.C,29Ah,Float
2026-07-10 08:31:06,50.3V,0.0A,0.0A,0.0A,15.5A,19.5 deg.C,0.0 deg.C,27Ah,Float
2026-07-10 08:21:06,50.2V,0.0A,0.0A,0.0A,16.0A,19.2 deg.C,0.0 deg.C,24Ah,Float
2026-07-10 08:11:06,50.0V,0.0A,0.0A,0.0A,14.4A,18.9 deg.C,0.0 deg.C,21Ah,Float
2026-07-10 08:01:06,50.0V,0.0A,0.0A,0.0A,15.7A,18.8 deg.C,0.0 deg.C,19Ah,Float
2026-07-10 07:51:06,49.8V,0.0A,0.0A,0.0A,16.2A,18.6 deg.C,0.0 deg.C,16Ah,Float
2026-07-10 07:41:06,49.7V,0.0A,0.0A,0.0A,19.3A,18.4 deg.C,0.0 deg.C,13Ah,Float
2026-07-10 07:31:06,49.6V,0.0A,0.0A,0.0A,17.4A,18.0 deg.C,0.0 deg.C,10Ah,Float
2026-07-10 07:21:06,49.4V,0.0A,0.0A,0.0A,17.6A,17.7 deg.C,0.0 deg.C,7Ah,Float
2026-07-10 07:11:06,49.1V,0.0A,0.0A,0.0A,8.9A,17.5 deg.C,0.0 deg.C,4Ah,Float
2026-07-10 07:01:06,48.7V,0.0A,0.0A,45.6A,-44.9A,17.5 deg.C,0.0 deg.C,11Ah,Discharge
2026-07-10 06:51:06,49.0V,0.0A,0.0A,44.6A,-43.9A,17.8 deg.C,0.0 deg.C,19Ah,Discharge
2026-07-10 06:41:06,49.3V,0.0A,0.0A,46.1A,-44.8A,18.1 deg.C,0.0 deg.C,26Ah,Discharge
2026-07-10 06:31:06,49.5V,0.0A,0.0A,43.4A,-44.9A,18.5 deg.C,0.0 deg.C,33Ah,Discharge
2026-07-10 06:21:06,49.8V,0.0A,0.0A,42.8A,-43.6A,18.7 deg.C,0.0 deg.C,41Ah,Discharge
2026-07-10 06:11:06,50.0V,0.0A,0.0A,44.0A,-47.0A,19.0 deg.C,0.0 deg.C,48Ah,Discharge
2026-07-10 06:01:06,50.6V,0.0A,0.0A,10.9A,-11.1A,19.1 deg.C,0.0 deg.C,50Ah,Float
2026-07-10 05:51:06,50.5V,0.0A,0.0A,14.8A,-15.8A,19.1 deg.C,0.0 deg.C,51Ah,Float
2026-07-10 05:41:06,50.9V,0.0A,0.0A,0.0A,9.8A,19.1 deg.C,0.0 deg.C,50Ah,Float
2026-07-10 05:31:06,50.9V,0.0A,0.0A,0.0A,13.3A,19.4 deg.C,0.0 deg.C,51Ah,Float
2026-07-10 05:21:06,50.5V,0.0A,0.0A,14.7A,-15.7A,19.5 deg.C,0.0 deg.C,50Ah,Float
2026-07-10 05:11:06,50.5V,0.0A,0.0A,16.7A,-16.9A,19.6 deg.C,0.0 deg.C,51Ah,Float
2026-07-10 05:01:06,50.8V,0.0A,0.0A,0.0A,13.6A,19.6 deg.C,0.0 deg.C,50Ah,Float
2026-07-10 04:51:06,50.5V,0.0A,0.0A,17.8A,-18.0A,19.9 deg.C,0.0 deg.C,50Ah,Discharge
2026-07-10 04:41:06,50.8V,0.0A,0.0A,0.0A,12.1A,19.9 deg.C,0.0 deg.C,50Ah,Float
2026-07-10 04:31:06,50.6V,0.0A,0.0A,8.7A,-8.3A,20.0 deg.C,0.0 deg.C,50Ah,Float
2026-07-10 04:21:06,50.5V,0.0A,0.0A,15.9A,-15.9A,20.2 deg.C,0.0 deg.C,51Ah,Float
2026-07-10 04:11:06,50.8V,0.0A,0.0A,0.0A,-2.7A,20.3 deg.C,0.0 deg.C,50Ah,Discharge
2026-07-10 04:01:06,50.6V,0.0A,0.0A,8.6A,-8.5A,20.4 deg.C,0.0 deg.C,50Ah,Float
2026-07-10 03:51:06,50.5V,0.0A,0.0A,15.2A,-14.9A,20.6 deg.C,0.0 deg.C,50Ah,Float
2026-07-10 03:41:06,50.9V,0.0A,0.0A,0.0A,15.9A,20.8 deg.C,0.0 deg.C,50Ah,Float
2026-07-10 03:31:06,50.9V,0.0A,0.0A,0.0A,17.3A,21.0 deg.C,0.0 deg.C,50Ah,Float
2026-07-10 03:21:06,50.9V,0.0A,0.0A,0.0A,13.7A,21.1 deg.C,0.0 deg.C,50Ah,Float
2026-07-10 03:11:06,50.5V,0.0A,0.0A,16.9A,-13.1A,21.3 deg.C,0.0 deg.C,49Ah,Float
2026-07-10 03:01:06,50.5V,0.0A,0.0A,15.9A,-15.3A,21.5 deg.C,0.0 deg.C,48Ah,Float
2026-07-10 02:51:06,50.8V,0.0A,0.0A,0.0A,17.6A,21.7 deg.C,0.0 deg.C,46Ah,Float
2026-07-10 02:41:06,50.8V,0.0A,0.0A,0.0A,18.0A,21.7 deg.C,0.0 deg.C,43Ah,Float
2026-07-10 02:31:06,50.6V,0.0A,0.0A,0.0A,13.6A,21.8 deg.C,0.0 deg.C,41Ah,Float
2026-07-10 02:21:06,50.6V,0.0A,0.0A,0.0A,16.9A,21.9 deg.C,0.0 deg.C,38Ah,Float
2026-07-10 02:11:06,50.5V,0.0A,0.0A,0.0A,16.3A,22.0 deg.C,0.0 deg.C,35Ah,Float
2026-07-10 02:01:06,50.4V,0.0A,0.0A,0.0A,15.7A,22.0 deg.C,0.0 deg.C,33Ah,Float
2026-07-10 01:51:06,50.2V,0.0A,0.0A,0.0A,11.1A,22.1 deg.C,0.0 deg.C,31Ah,Float
2026-07-10 01:41:06,50.2V,0.0A,0.0A,0.0A,15.9A,22.1 deg.C,0.0 deg.C,28Ah,Float
2026-07-10 01:31:06,50.1V,0.0A,0.0A,0.0A,15.9A,22.2 deg.C,0.0 deg.C,26Ah,Float
2026-07-10 01:21:06,50.0V,0.0A,0.0A,0.0A,14.8A,22.2 deg.C,0.0 deg.C,23Ah,Float
2026-07-10 01:11:06,49.9V,0.0A,0.0A,0.0A,9.9A,22.2 deg.C,0.0 deg.C,21Ah,Float
2026-07-10 01:01:06,49.8V,0.0A,0.0A,0.0A,13.7A,22.2 deg.C,0.0 deg.C,19Ah,Float
2026-07-10 00:51:06,49.7V,0.0A,0.0A,0.0A,13.4A,22.1 deg.C,0.0 deg.C,17Ah,Float
2026-07-10 00:41:06,49.6V,0.0A,0.0A,0.0A,9.5A,22.1 deg.C,0.0 deg.C,15Ah,Float
2026-07-10 00:31:06,49.5V,0.0A,0.0A,0.0A,8.9A,22.1 deg.C,0.0 deg.C,13Ah,Float
2026-07-10 00:21:06,49.4V,0.0A,0.0A,0.0A,12.4A,22.0 deg.C,0.0 deg.C,11Ah,Float
2026-07-10 00:11:06,49.3V,0.0A,0.0A,0.0A,8.1A,21.8 deg.C,0.0 deg.C,9Ah,Float
2026-07-10 00:01:06,49.1V,0.0A,0.0A,0.0A,5.0A,21.5 deg.C,0.0 deg.C,8Ah,Float
2026-07-09 23:51:06,49.3V,0.0A,0.0A,0.0A,10.6A,21.3 deg.C,0.0 deg.C,10Ah,Float
2026-07-09 23:41:06,49.2V,0.0A,0.0A,0.0A,9.0A,20.7 deg.C,0.0 deg.C,9Ah,Float
2026-07-09 23:31:06,49.0V,0.0A,0.0A,0.0A,0.0A,20.0 deg.C,0.0 deg.C,7Ah,Float
2026-07-09 23:21:06,49.5V,0.0A,0.0A,0.0A,0.0A,20.1 deg.C,0.0 deg.C,15Ah,Float
2026-07-09 23:11:06,49.5V,0.0A,0.0A,0.0A,9.9A,21.2 deg.C,0.0 deg.C,14Ah,Float
2026-07-09 23:01:06,49.4V,0.0A,0.0A,0.0A,11.4A,22.6 deg.C,0.0 deg.C,12Ah,Float
2026-07-09 22:51:06,49.3V,0.0A,0.0A,0.0A,8.9A,22.5 deg.C,0.0 deg.C,11Ah,Float
2026-07-09 22:41:06,49.3V,0.0A,0.0A,0.0A,11.8A,22.3 deg.C,0.0 deg.C,10Ah,Float
2026-07-09 22:31:06,49.1V,0.0A,0.0A,0.0A,11.5A,21.9 deg.C,0.0 deg.C,8Ah,Float
2026-07-09 22:21:06,49.3V,0.0A,0.0A,0.0A,9.1A,21.8 deg.C,0.0 deg.C,11Ah,Float
2026-07-09 22:11:06,49.2V,0.0A,0.0A,0.0A,9.7A,21.4 deg.C,0.0 deg.C,10Ah,Float
2026-07-09 22:01:06,48.7V,0.0A,0.0A,51.5A,-51.1A,21.4 deg.C,0.0 deg.C,17Ah,Discharge
2026-07-09 21:51:06,49.0V,0.0A,0.0A,52.6A,-53.9A,21.3 deg.C,0.0 deg.C,26Ah,Discharge
2026-07-09 21:41:06,49.3V,0.0A,0.0A,49.7A,-50.4A,21.2 deg.C,0.0 deg.C,35Ah,Discharge
2026-07-09 21:31:06,49.6V,0.0A,0.0A,52.2A,-53.4A,21.1 deg.C,0.0 deg.C,44Ah,Discharge
2026-07-09 21:21:06,50.0V,0.0A,0.0A,56.6A,-57.0A,22.0 deg.C,0.0 deg.C,53Ah,Discharge
2026-07-09 21:11:06,50.8V,0.0A,0.0A,0.0A,6.3A,22.1 deg.C,0.0 deg.C,52Ah,Float
2026-07-09 21:01:06,50.7V,0.0A,0.0A,0.0A,5.5A,21.7 deg.C,0.0 deg.C,51Ah,Float
2026-07-09 20:51:06,50.7V,0.0A,0.0A,0.0A,6.0A,21.2 deg.C,0.0 deg.C,50Ah,Float
2026-07-09 20:41:06,50.7V,0.0A,0.0A,0.0A,12.2A,20.4 deg.C,0.0 deg.C,48Ah,Float
2026-07-09 20:31:06,50.6V,0.0A,0.0A,0.0A,8.1A,19.5 deg.C,0.0 deg.C,46Ah,Float
2026-07-09 20:21:06,50.5V,0.0A,0.0A,0.0A,6.6A,19.7 deg.C,0.0 deg.C,45Ah,Float
2026-07-09 20:11:06,50.5V,0.0A,0.0A,0.0A,11.3A,19.8 deg.C,0.0 deg.C,44Ah,Float
2026-07-09 20:01:06,50.5V,0.0A,0.0A,0.0A,8.9A,20.0 deg.C,0.0 deg.C,42Ah,Float
2026-07-09 19:51:06,50.4V,0.0A,0.0A,0.0A,7.3A,20.1 deg.C,0.0 deg.C,41Ah,Float
2026-07-09 19:41:06,50.4V,0.0A,0.0A,0.0A,10.6A,20.3 deg.C,0.0 deg.C,38Ah,Float
2026-07-09 19:31:06,50.3V,0.0A,0.0A,0.0A,9.6A,20.4 deg.C,0.0 deg.C,37Ah,Float
2026-07-09 19:21:06,50.3V,0.0A,0.0A,0.0A,17.5A,20.5 deg.C,0.0 deg.C,35Ah,Float
2026-07-09 19:11:06,50.2V,0.0A,0.0A,0.0A,17.1A,20.5 deg.C,0.0 deg.C,32Ah,Float
2026-07-09 19:01:06,50.1V,0.0A,0.0A,0.0A,12.9A,20.6 deg.C,0.0 deg.C,30Ah,Float
2026-07-09 18:51:06,50.1V,0.0A,0.0A,0.0A,18.1A,20.6 deg.C,0.0 deg.C,28Ah,Float
2026-07-09 18:41:06,49.9V,0.0A,0.0A,0.0A,13.1A,20.6 deg.C,0.0 deg.C,25Ah,Float
2026-07-09 18:31:06,49.8V,0.0A,0.0A,0.0A,13.3A,20.6 deg.C,0.0 deg.C,23Ah,Float
2026-07-09 18:21:06,49.8V,0.0A,0.0A,0.0A,16.8A,20.6 deg.C,0.0 deg.C,20Ah,Float
2026-07-09 18:11:06,49.6V,0.0A,0.0A,0.0A,12.8A,20.6 deg.C,0.0 deg.C,18Ah,Float
2026-07-09 18:01:06,49.5V,0.0A,0.0A,0.0A,13.4A,20.6 deg.C,0.0 deg.C,16Ah,Float
2026-07-09 17:51:06,49.5V,0.0A,0.0A,0.0A,15.7A,20.6 deg.C,0.0 deg.C,14Ah,Float
2026-07-09 17:41:06,49.3V,0.0A,0.0A,0.0A,11.0A,20.7 deg.C,0.0 deg.C,12Ah,Float
2026-07-09 17:31:06,49.3V,0.0A,0.0A,0.0A,9.7A,20.7 deg.C,0.0 deg.C,10Ah,Float
2026-07-09 17:21:06,49.2V,0.0A,0.0A,0.0A,12.9A,20.7 deg.C,0.0 deg.C,8Ah,Float
2026-07-09 17:11:06,49.1V,0.0A,0.0A,0.0A,11.5A,20.8 deg.C,0.0 deg.C,6Ah,Float
2026-07-09 17:01:06,49.0V,0.0A,0.0A,0.0A,10.6A,20.9 deg.C,0.0 deg.C,4Ah,Float
2026-07-09 16:51:06,48.9V,0.0A,0.0A,0.0A,9.8A,21.0 deg.C,0.0 deg.C,3Ah,Float
2026-07-09 16:41:06,48.9V,0.0A,0.0A,0.0A,10.5A,21.0 deg.C,0.0 deg.C,1Ah,Float
2026-07-09 16:31:06,48.7V,0.0A,0.0A,0.0A,9.4A,21.2 deg.C,0.0 deg.C,0Ah,Float
2026-07-09 16:21:06,48.8V,0.0A,0.0A,0.0A,7.5A,21.2 deg.C,0.0 deg.C,1Ah,Float
2026-07-09 16:11:06,48.7V,0.0A,0.0A,0.0A,6.3A,21.3 deg.C,0.0 deg.C,0Ah,Float
2026-07-09 16:01:06,48.7V,0.0A,0.0A,0.0A,6.0A,21.4 deg.C,0.0 deg.C,0Ah,Float
2026-07-09 15:51:06,48.1V,0.0A,0.0A,59.4A,-60.2A,21.6 deg.C,0.0 deg.C,0Ah,Discharge
2026-07-09 15:41:06,49.0V,0.0A,0.0A,0.0A,5.4A,21.7 deg.C,0.0 deg.C,0Ah,Float
2026-07-09 15:31:06,48.9V,0.0A,0.0A,0.0A,5.8A,21.8 deg.C,0.0 deg.C,0Ah,Float
2026-07-09 15:21:05,49.0V,0.0A,0.0A,0.0A,6.8A,21.9 deg.C,0.0 deg.C,0Ah,Float
2026-07-09 15:11:05,49.1V,0.0A,0.0A,0.0A,5.2A,22.1 deg.C,0.0 deg.C,0Ah,Float
2026-07-09 15:01:05,49.3V,0.0A,0.0A,0.0A,0.0A,22.2 deg.C,0.0 deg.C,2Ah,Float
2026-07-09 14:51:05,49.2V,0.0A,0.0A,0.0A,0.0A,22.2 deg.C,0.0 deg.C,1Ah,Float
2026-07-09 14:41:05,49.2V,0.0A,0.0A,0.0A,6.5A,22.1 deg.C,0.0 deg.C,0Ah,Float
2026-07-09 14:31:05,48.6V,0.0A,0.0A,55.9A,-54.1A,22.1 deg.C,0.0 deg.C,2Ah,Discharge
2026-07-09 14:21:05,49.3V,0.0A,0.0A,0.0A,7.8A,21.9 deg.C,0.0 deg.C,1Ah,Float
2026-07-09 14:11:05,49.2V,0.0A,0.0A,0.0A,7.0A,21.6 deg.C,0.0 deg.C,0Ah,Float
2026-07-09 14:01:05,48.7V,0.0A,0.0A,53.3A,-53.8A,21.6 deg.C,0.0 deg.C,6Ah,Discharge
2026-07-09 13:51:05,49.0V,0.0A,0.0A,53.2A,-54.4A,21.6 deg.C,0.0 deg.C,16Ah,Discharge
2026-07-09 13:41:05,49.4V,0.0A,0.0A,52.2A,-53.1A,21.9 deg.C,0.0 deg.C,25Ah,Discharge
2026-07-09 13:31:05,49.8V,0.0A,0.0A,53.0A,-54.1A,22.1 deg.C,0.0 deg.C,33Ah,Discharge
2026-07-09 13:21:05,50.6V,0.0A,0.0A,0.0A,7.8A,22.0 deg.C,0.0 deg.C,33Ah,Float
2026-07-09 13:11:05,50.5V,0.0A,0.0A,0.0A,10.1A,21.9 deg.C,0.0 deg.C,32Ah,Float
2026-07-09 13:01:05,50.5V,0.0A,0.0A,0.0A,6.6A,21.9 deg.C,0.0 deg.C,31Ah,Float
2026-07-09 12:51:05,50.4V,0.0A,0.0A,0.0A,0.0A,21.9 deg.C,0.0 deg.C,30Ah,Float
2026-07-09 12:41:05,50.4V,0.0A,0.0A,0.0A,7.9A,21.8 deg.C,0.0 deg.C,28Ah,Float
2026-07-09 12:31:05,50.3V,0.0A,0.0A,0.0A,7.9A,21.8 deg.C,0.0 deg.C,27Ah,Float
2026-07-09 12:21:05,50.3V,0.0A,0.0A,0.0A,7.3A,21.7 deg.C,0.0 deg.C,26Ah,Float
2026-07-09 12:11:04,50.2V,0.0A,0.0A,0.0A,8.8A,21.6 deg.C,0.0 deg.C,24Ah,Float
2026-07-09 12:01:04,50.2V,0.0A,0.0A,0.0A,8.9A,21.5 deg.C,0.0 deg.C,23Ah,Float
2026-07-09 11:51:04,50.1V,0.0A,0.0A,0.0A,8.7A,21.4 deg.C,0.0 deg.C,21Ah,Float
2026-07-09 11:41:04,50.1V,0.0A,0.0A,0.0A,10.4A,21.4 deg.C,0.0 deg.C,19Ah,Float
2026-07-09 11:31:04,50.0V,0.0A,0.0A,0.0A,9.5A,21.3 deg.C,0.0 deg.C,18Ah,Float
2026-07-09 11:21:04,50.0V,0.0A,0.0A,0.0A,9.9A,21.3 deg.C,0.0 deg.C,16Ah,Float
2026-07-09 11:11:04,49.9V,0.0A,0.0A,0.0A,9.0A,21.3 deg.C,0.0 deg.C,14Ah,Float
2026-07-09 11:01:04,49.8V,0.0A,0.0A,0.0A,10.6A,21.2 deg.C,0.0 deg.C,12Ah,Float
2026-07-09 10:51:04,49.7V,0.0A,0.0A,0.0A,10.1A,21.1 deg.C,0.0 deg.C,11Ah,Float
2026-07-09 10:41:04,49.7V,0.0A,0.0A,0.0A,10.2A,21.1 deg.C,0.0 deg.C,9Ah,Float
2026-07-09 10:31:04,49.6V,0.0A,0.0A,0.0A,11.0A,21.2 deg.C,0.0 deg.C,8Ah,Float
2026-07-09 10:21:04,49.5V,0.0A,0.0A,0.0A,8.0A,21.5 deg.C,0.0 deg.C,6Ah,Float
2026-07-09 10:11:04,49.4V,0.0A,0.0A,0.0A,11.0A,22.4 deg.C,0.0 deg.C,4Ah,Float
2026-07-09 10:01:04,49.3V,0.0A,0.0A,0.0A,9.6A,22.9 deg.C,0.0 deg.C,3Ah,Float
2026-07-09 09:51:04,49.2V,0.0A,0.0A,0.0A,13.2A,22.1 deg.C,0.0 deg.C,0Ah,Float
2026-07-09 09:41:04,48.6V,0.0A,0.0A,47.1A,-48.5A,21.6 deg.C,0.0 deg.C,3Ah,Discharge
2026-07-09 09:31:04,48.9V,0.0A,0.0A,46.8A,-46.5A,21.2 deg.C,0.0 deg.C,11Ah,Discharge
2026-07-09 09:21:04,49.2V,0.0A,0.0A,44.4A,-47.0A,20.8 deg.C,0.0 deg.C,19Ah,Discharge
2026-07-09 09:11:04,49.5V,0.0A,0.0A,40.3A,-41.4A,20.6 deg.C,0.0 deg.C,26Ah,Discharge
2026-07-09 09:01:03,49.7V,0.0A,0.0A,45.1A,-47.0A,20.5 deg.C,0.0 deg.C,34Ah,Discharge
2026-07-09 08:51:03,50.2V,0.0A,0.0A,39.5A,-40.8A,20.6 deg.C,0.0 deg.C,42Ah,Discharge
2026-07-09 08:41:03,50.8V,0.0A,0.0A,0.0A,13.6A,20.3 deg.C,0.0 deg.C,41Ah,Float
2026-07-09 08:31:03,50.8V,0.0A,0.0A,0.0A,18.4A,20.1 deg.C,0.0 deg.C,40Ah,Float
2026-07-09 08:21:03,50.8V,0.0A,0.0A,0.0A,18.2A,19.9 deg.C,0.0 deg.C,37Ah,Float
2026-07-09 08:11:03,50.6V,0.0A,0.0A,0.0A,15.2A,19.8 deg.C,0.0 deg.C,34Ah,Float
2026-07-09 08:01:03,50.5V,0.0A,0.0A,0.0A,14.9A,19.7 deg.C,0.0 deg.C,32Ah,Float
2026-07-09 07:51:03,50.5V,0.0A,0.0A,0.0A,19.7A,19.8 deg.C,0.0 deg.C,29Ah,Float
2026-07-09 07:41:03,50.4V,0.0A,0.0A,0.0A,18.8A,19.7 deg.C,0.0 deg.C,26Ah,Float
2026-07-09 07:31:03,50.3V,0.0A,0.0A,0.0A,16.8A,19.6 deg.C,0.0 deg.C,23Ah,Float
2026-07-09 07:21:03,50.2V,0.0A,0.0A,0.0A,17.5A,19.5 deg.C,0.0 deg.C,20Ah,Float
2026-07-09 07:11:03,50.0V,0.0A,0.0A,0.0A,13.9A,19.5 deg.C,0.0 deg.C,18Ah,Float
2026-07-09 07:01:03,49.9V,0.0A,0.0A,0.0A,16.1A,19.4 deg.C,0.0 deg.C,15Ah,Float
2026-07-09 06:51:03,49.8V,0.0A,0.0A,0.0A,17.5A,19.4 deg.C,0.0 deg.C,12Ah,Float
2026-07-09 06:41:03,49.7V,0.0A,0.0A,0.0A,17.5A,19.3 deg.C,0.0 deg.C,9Ah,Float
2026-07-09 06:31:03,49.6V,0.0A,0.0A,0.0A,18.0A,19.0 deg.C,0.0 deg.C,6Ah,Float
2026-07-09 06:21:03,49.4V,0.0A,0.0A,0.0A,13.8A,18.7 deg.C,0.0 deg.C,3Ah,Float
2026-07-09 06:11:03,49.3V,0.0A,0.0A,0.0A,18.0A,18.4 deg.C,0.0 deg.C,1Ah,Float
2026-07-09 06:01:03,48.6V,0.0A,0.0A,44.1A,-44.0A,18.5 deg.C,0.0 deg.C,2Ah,Discharge
2026-07-09 05:51:03,48.9V,0.0A,0.0A,44.3A,-43.6A,18.5 deg.C,0.0 deg.C,9Ah,Discharge
2026-07-09 05:41:03,49.1V,0.0A,0.0A,43.5A,-43.9A,18.8 deg.C,0.0 deg.C,16Ah,Discharge
2026-07-09 05:31:03,49.3V,0.0A,0.0A,46.7A,-47.0A,19.2 deg.C,0.0 deg.C,24Ah,Discharge
2026-07-09 05:21:03,49.6V,0.0A,0.0A,47.7A,-47.4A,19.5 deg.C,0.0 deg.C,31Ah,Discharge
2026-07-09 05:11:03,49.9V,0.0A,0.0A,43.7A,-43.4A,19.8 deg.C,0.0 deg.C,39Ah,Discharge
2026-07-09 05:01:03,50.9V,0.0A,0.0A,0.0A,17.8A,19.9 deg.C,0.0 deg.C,45Ah,Float
2026-07-09 04:51:03,50.9V,0.0A,0.0A,0.0A,17.6A,20.1 deg.C,0.0 deg.C,45Ah,Float
2026-07-09 04:41:03,50.5V,0.0A,0.0A,21.4A,-19.8A,20.2 deg.C,0.0 deg.C,46Ah,Float
2026-07-09 04:31:03,50.8V,0.0A,0.0A,0.0A,-8.3A,20.1 deg.C,0.0 deg.C,45Ah,Float
2026-07-09 04:21:03,50.9V,0.0A,0.0A,0.0A,18.1A,20.3 deg.C,0.0 deg.C,46Ah,Float
2026-07-09 04:11:03,50.6V,60.2A,0.0A,16.0A,-16.8A,20.5 deg.C,0.0 deg.C,46Ah,Float
2026-07-09 04:01:03,50.9V,0.0A,0.0A,0.0A,14.1A,20.6 deg.C,0.0 deg.C,45Ah,Float
2026-07-09 03:51:03,50.9V,0.0A,0.0A,0.0A,14.2A,20.6 deg.C,0.0 deg.C,45Ah,Float
2026-07-09 03:41:03,50.9V,0.0A,0.0A,0.0A,16.9A,20.7 deg.C,0.0 deg.C,44Ah,Float
2026-07-09 03:31:03,50.5V,0.0A,0.0A,14.8A,-14.5A,21.0 deg.C,0.0 deg.C,45Ah,Float
2026-07-09 03:21:03,50.9V,0.0A,0.0A,0.0A,18.0A,21.1 deg.C,0.0 deg.C,44Ah,Float
2026-07-09 03:11:03,50.8V,0.0A,0.0A,0.0A,13.8A,21.3 deg.C,0.0 deg.C,44Ah,Float
2026-07-09 03:01:03,50.8V,0.0A,0.0A,0.0A,-0.1A,21.5 deg.C,0.0 deg.C,43Ah,Float
2026-07-09 02:51:03,50.9V,0.0A,0.0A,0.0A,17.7A,21.7 deg.C,0.0 deg.C,42Ah,Float
2026-07-09 02:41:03,50.8V,0.0A,0.0A,0.0A,16.5A,21.8 deg.C,0.0 deg.C,40Ah,Float
2026-07-09 02:31:03,50.7V,0.0A,0.0A,0.0A,17.0A,21.9 deg.C,0.0 deg.C,37Ah,Float
2026-07-09 02:21:03,50.6V,0.0A,0.0A,0.0A,13.9A,21.9 deg.C,0.0 deg.C,35Ah,Float
2026-07-09 02:11:03,50.6V,0.0A,0.0A,0.0A,17.4A,21.9 deg.C,0.0 deg.C,32Ah,Float
2026-07-09 02:01:03,50.5V,0.0A,0.0A,0.0A,17.5A,22.0 deg.C,0.0 deg.C,30Ah,Float
2026-07-09 01:51:03,50.4V,0.0A,0.0A,0.0A,17.0A,22.1 deg.C,0.0 deg.C,27Ah,Float
2026-07-09 01:41:03,50.2V,0.0A,0.0A,0.0A,11.7A,22.1 deg.C,0.0 deg.C,25Ah,Float
2026-07-09 01:31:03,50.2V,0.0A,0.0A,0.0A,14.6A,22.2 deg.C,0.0 deg.C,22Ah,Float
2026-07-09 01:21:03,50.1V,0.0A,0.0A,0.0A,16.1A,22.2 deg.C,0.0 deg.C,20Ah,Float
2026-07-09 01:11:03,50.0V,0.0A,0.0A,0.0A,16.3A,22.2 deg.C,0.0 deg.C,17Ah,Float
2026-07-09 01:01:03,49.8V,0.0A,0.0A,0.0A,10.7A,22.2 deg.C,0.0 deg.C,15Ah,Float
2026-07-09 00:51:03,49.8V,0.0A,0.0A,0.0A,15.1A,22.1 deg.C,0.0 deg.C,13Ah,Float
2026-07-09 00:41:03,49.7V,0.0A,0.0A,0.0A,14.0A,22.1 deg.C,0.0 deg.C,10Ah,Float
2026-07-09 00:31:03,49.5V,0.0A,0.0A,0.0A,12.1A,22.1 deg.C,0.0 deg.C,8Ah,Float
2026-07-09 00:21:03,49.5V,0.0A,0.0A,0.0A,9.4A,22.0 deg.C,0.0 deg.C,6Ah,Float
2026-07-09 00:11:03,49.4V,0.0A,0.0A,0.0A,11.7A,21.9 deg.C,0.0 deg.C,5Ah,Float
2026-07-09 00:01:03,49.3V,0.0A,0.0A,0.0A,14.0A,21.7 deg.C,0.0 deg.C,3Ah,Float
2026-07-08 23:51:03,49.1V,0.0A,0.0A,0.0A,8.8A,21.4 deg.C,0.0 deg.C,1Ah,Float
2026-07-08 23:41:03,48.3V,0.0A,0.0A,51.4A,-52.2A,21.0 deg.C,0.0 deg.C,0Ah,Discharge
2026-07-08 23:31:03,49.2V,0.0A,0.0A,0.0A,10.5A,20.4 deg.C,0.0 deg.C,0Ah,Float
2026-07-08 23:21:03,49.4V,0.0A,0.0A,0.0A,0.0A,20.9 deg.C,0.0 deg.C,5Ah,Float
2026-07-08 23:11:03,49.4V,0.0A,0.0A,0.0A,8.1A,22.8 deg.C,0.0 deg.C,4Ah,Float
2026-07-08 23:01:03,49.3V,0.0A,0.0A,0.0A,10.6A,22.6 deg.C,0.0 deg.C,2Ah,Float
2026-07-08 22:51:03,49.2V,0.0A,0.0A,0.0A,10.0A,22.4 deg.C,0.0 deg.C,1Ah,Float
2026-07-08 22:41:03,48.5V,0.0A,0.0A,55.0A,-58.5A,22.2 deg.C,0.0 deg.C,3Ah,Discharge
2026-07-08 22:31:03,49.3V,0.0A,0.0A,0.0A,10.1A,21.7 deg.C,0.0 deg.C,2Ah,Float
2026-07-08 22:21:03,49.1V,0.0A,0.0A,0.0A,8.1A,21.0 deg.C,0.0 deg.C,0Ah,Float
2026-07-08 22:11:03,49.2V,0.0A,0.0A,0.0A,5.2A,21.3 deg.C,0.0 deg.C,3Ah,Float
2026-07-08 22:01:03,49.2V,0.0A,0.0A,0.0A,9.6A,22.7 deg.C,0.0 deg.C,2Ah,Float
2026-07-08 21:51:03,49.2V,0.0A,0.0A,0.0A,12.6A,22.3 deg.C,0.0 deg.C,0Ah,Float
2026-07-08 21:41:03,49.2V,0.0A,0.0A,0.0A,5.9A,21.9 deg.C,0.0 deg.C,2Ah,Float
2026-07-08 21:31:03,49.1V,0.0A,0.0A,0.0A,0.0A,21.1 deg.C,0.0 deg.C,0Ah,Float
2026-07-08 21:21:03,48.6V,0.0A,0.0A,50.5A,-52.8A,20.9 deg.C,0.0 deg.C,3Ah,Discharge
2026-07-08 21:11:03,49.3V,0.0A,0.0A,0.0A,7.7A,21.8 deg.C,0.0 deg.C,3Ah,Float
2026-07-08 21:01:03,49.3V,0.0A,0.0A,0.0A,12.5A,22.7 deg.C,0.0 deg.C,1Ah,Float
2026-07-08 20:51:03,48.4V,0.0A,0.0A,56.3A,-56.1A,22.4 deg.C,0.0 deg.C,0Ah,Discharge
2026-07-08 20:41:03,49.2V,0.0A,0.0A,0.0A,7.9A,22.0 deg.C,0.0 deg.C,2Ah,Float
2026-07-08 20:31:03,48.5V,0.0A,0.0A,48.1A,-50.0A,21.7 deg.C,0.0 deg.C,2Ah,Discharge
2026-07-08 20:21:03,48.8V,0.0A,0.0A,51.8A,-54.0A,21.5 deg.C,0.0 deg.C,11Ah,Discharge
2026-07-08 20:11:03,49.1V,0.0A,0.0A,52.0A,-52.7A,21.2 deg.C,0.0 deg.C,20Ah,Discharge
2026-07-08 20:01:03,49.5V,0.0A,0.0A,47.9A,-48.2A,20.7 deg.C,0.0 deg.C,28Ah,Discharge
2026-07-08 19:51:03,49.9V,0.0A,0.0A,51.1A,-51.6A,20.4 deg.C,0.0 deg.C,37Ah,Discharge
2026-07-08 19:41:03,50.6V,0.0A,0.0A,0.0A,9.4A,20.5 deg.C,0.0 deg.C,35Ah,Float
2026-07-08 19:31:03,50.5V,0.0A,0.0A,0.0A,13.6A,20.5 deg.C,0.0 deg.C,33Ah,Float
2026-07-08 19:21:03,50.5V,0.0A,0.0A,0.0A,12.5A,20.5 deg.C,0.0 deg.C,31Ah,Float
2026-07-08 19:11:03,50.4V,0.0A,0.0A,0.0A,15.4A,20.4 deg.C,0.0 deg.C,29Ah,Float
2026-07-08 19:01:03,50.3V,0.0A,0.0A,0.0A,12.9A,20.5 deg.C,0.0 deg.C,26Ah,Float
2026-07-08 18:51:03,50.2V,0.0A,0.0A,0.0A,13.0A,20.5 deg.C,0.0 deg.C,24Ah,Float
2026-07-08 18:41:03,50.2V,0.0A,0.0A,0.0A,16.9A,20.6 deg.C,0.0 deg.C,22Ah,Float
2026-07-08 18:31:03,50.0V,0.0A,0.0A,0.0A,12.5A,20.7 deg.C,0.0 deg.C,20Ah,Float
2026-07-08 18:21:03,50.0V,0.0A,0.0A,0.0A,12.1A,20.7 deg.C,0.0 deg.C,18Ah,Float
2026-07-08 18:11:03,49.9V,0.0A,0.0A,0.0A,12.4A,20.6 deg.C,0.0 deg.C,16Ah,Float
2026-07-08 18:01:03,49.8V,0.0A,0.0A,0.0A,10.8A,20.7 deg.C,0.0 deg.C,14Ah,Float
2026-07-08 17:51:03,49.7V,0.0A,0.0A,0.0A,9.7A,20.7 deg.C,0.0 deg.C,12Ah,Float
2026-07-08 17:41:03,49.6V,0.0A,0.0A,0.0A,9.0A,20.7 deg.C,0.0 deg.C,10Ah,Float
2026-07-08 17:31:03,49.6V,0.0A,0.0A,0.0A,9.6A,20.8 deg.C,0.0 deg.C,8Ah,Float
2026-07-08 17:21:03,49.5V,0.0A,0.0A,0.0A,11.0A,20.8 deg.C,0.0 deg.C,7Ah,Float
2026-07-08 17:11:03,49.4V,0.0A,0.0A,0.0A,10.8A,20.8 deg.C,0.0 deg.C,5Ah,Float
2026-07-08 17:01:03,49.3V,0.0A,0.0A,0.0A,9.4A,20.8 deg.C,0.0 deg.C,3Ah,Float
2026-07-08 16:51:03,49.2V,0.0A,0.0A,0.0A,10.5A,20.8 deg.C,0.0 deg.C,1Ah,Float
2026-07-08 16:41:03,48.7V,0.0A,0.0A,52.8A,-53.2A,20.9 deg.C,0.0 deg.C,5Ah,Discharge
2026-07-08 16:31:03,49.3V,0.0A,0.0A,0.0A,7.3A,21.0 deg.C,0.0 deg.C,4Ah,Float
2026-07-08 16:21:03,49.2V,0.0A,0.0A,0.0A,8.6A,21.0 deg.C,0.0 deg.C,3Ah,Float
2026-07-08 16:11:03,49.2V,0.0A,0.0A,0.0A,6.5A,21.2 deg.C,0.0 deg.C,2Ah,Float
2026-07-08 16:01:03,49.1V,0.0A,0.0A,0.0A,6.6A,21.2 deg.C,0.0 deg.C,0Ah,Float
2026-07-08 15:51:03,48.3V,0.0A,0.0A,55.5A,-55.1A,21.4 deg.C,0.0 deg.C,0Ah,Discharge
2026-07-08 15:41:03,49.1V,0.0A,0.0A,0.0A,6.3A,21.5 deg.C,0.0 deg.C,0Ah,Float
2026-07-08 15:31:03,48.5V,0.0A,0.0A,56.0A,-57.0A,21.7 deg.C,0.0 deg.C,1Ah,Discharge
2026-07-08 15:21:03,49.2V,0.0A,0.0A,0.0A,6.2A,21.7 deg.C,0.0 deg.C,1Ah,Float
2026-07-08 15:11:03,49.1V,0.0A,0.0A,0.0A,8.2A,21.7 deg.C,0.0 deg.C,0Ah,Float
2026-07-08 15:01:03,48.7V,0.0A,0.0A,60.2A,-57.9A,22.0 deg.C,0.0 deg.C,6Ah,Discharge
2026-07-08 14:51:03,49.5V,0.0A,0.0A,0.0A,6.9A,22.0 deg.C,0.0 deg.C,6Ah,Float
2026-07-08 14:41:03,49.4V,0.0A,0.0A,0.0A,7.3A,22.0 deg.C,0.0 deg.C,5Ah,Float
2026-07-08 14:31:03,49.3V,0.0A,0.0A,0.0A,6.2A,22.0 deg.C,0.0 deg.C,4Ah,Float
2026-07-08 14:21:03,49.3V,0.0A,0.0A,0.0A,7.3A,21.9 deg.C,0.0 deg.C,3Ah,Float
2026-07-08 14:11:03,49.2V,0.0A,0.0A,0.0A,9.4A,21.9 deg.C,0.0 deg.C,1Ah,Float
2026-07-08 14:01:03,48.5V,0.0A,0.0A,51.7A,-52.1A,21.9 deg.C,0.0 deg.C,4Ah,Discharge
2026-07-08 13:51:03,48.9V,0.0A,0.0A,51.5A,-52.2A,21.7 deg.C,0.0 deg.C,13Ah,Discharge
2026-07-08 13:41:03,49.2V,0.0A,0.0A,50.5A,-52.1A,21.6 deg.C,0.0 deg.C,21Ah,Discharge
2026-07-08 13:31:03,49.4V,0.0A,0.0A,51.2A,-51.7A,21.5 deg.C,0.0 deg.C,30Ah,Discharge
2026-07-08 13:21:03,49.7V,0.0A,0.0A,51.4A,-50.7A,21.5 deg.C,0.0 deg.C,39Ah,Discharge
2026-07-08 13:11:03,50.1V,0.0A,0.0A,50.3A,-50.2A,21.5 deg.C,0.0 deg.C,47Ah,Discharge
2026-07-08 13:01:03,50.9V,0.0A,0.0A,0.0A,6.4A,21.5 deg.C,0.0 deg.C,50Ah,Float
2026-07-08 12:51:03,50.6V,0.0A,0.0A,14.7A,-15.3A,21.6 deg.C,0.0 deg.C,50Ah,Float
2026-07-08 12:41:03,50.9V,0.0A,0.0A,0.0A,10.2A,21.7 deg.C,0.0 deg.C,50Ah,Float
2026-07-08 12:31:03,50.8V,0.0A,0.0A,0.0A,6.3A,21.8 deg.C,0.0 deg.C,49Ah,Float
2026-07-08 12:21:03,50.9V,0.0A,0.0A,0.0A,8.1A,21.8 deg.C,0.0 deg.C,49Ah,Float
2026-07-08 12:11:03,50.9V,0.0A,0.0A,0.0A,8.7A,21.7 deg.C,0.0 deg.C,49Ah,Float
2026-07-08 12:01:03,50.9V,0.0A,0.0A,0.0A,10.6A,21.7 deg.C,0.0 deg.C,49Ah,Float
2026-07-08 11:51:03,50.9V,0.0A,0.0A,0.0A,11.9A,21.6 deg.C,0.0 deg.C,48Ah,Float
2026-07-08 11:41:03,50.9V,0.0A,0.0A,0.0A,11.1A,21.5 deg.C,0.0 deg.C,48Ah,Float
2026-07-08 11:31:03,50.8V,0.0A,0.0A,0.0A,9.3A,21.5 deg.C,0.0 deg.C,46Ah,Float
2026-07-08 11:21:03,50.8V,0.0A,0.0A,0.0A,9.5A,21.6 deg.C,0.0 deg.C,45Ah,Float
2026-07-08 11:11:03,50.8V,0.0A,0.0A,0.0A,9.6A,21.6 deg.C,0.0 deg.C,44Ah,Float
2026-07-08 11:01:03,50.7V,0.0A,0.0A,0.0A,11.1A,21.5 deg.C,0.0 deg.C,42Ah,Float
2026-07-08 10:51:03,50.7V,0.0A,0.0A,0.0A,11.0A,21.4 deg.C,0.0 deg.C,40Ah,Float
2026-07-08 10:41:03,50.6V,0.0A,0.0A,0.0A,10.2A,21.3 deg.C,0.0 deg.C,38Ah,Float
2026-07-08 10:31:03,50.6V,0.0A,0.0A,0.0A,11.6A,21.3 deg.C,0.0 deg.C,36Ah,Float
2026-07-08 10:21:03,50.5V,0.0A,0.0A,0.0A,9.9A,21.2 deg.C,0.0 deg.C,35Ah,Float
2026-07-08 10:11:03,50.5V,0.0A,0.0A,0.0A,11.6A,21.0 deg.C,0.0 deg.C,33Ah,Float
2026-07-08 10:01:03,50.4V,0.0A,0.0A,0.0A,12.3A,20.9 deg.C,0.0 deg.C,31Ah,Float
2026-07-08 09:51:03,50.3V,0.0A,0.0A,0.0A,12.0A,20.7 deg.C,0.0 deg.C,29Ah,Float
2026-07-08 09:41:03,50.3V,0.0A,0.0A,0.0A,12.1A,20.8 deg.C,0.0 deg.C,27Ah,Float
2026-07-08 09:31:03,50.2V,0.0A,0.0A,0.0A,12.1A,21.1 deg.C,0.0 deg.C,25Ah,Float
2026-07-08 09:21:03,50.1V,0.0A,0.0A,0.0A,12.7A,22.0 deg.C,0.0 deg.C,23Ah,Float
2026-07-08 09:11:03,50.1V,0.0A,0.0A,0.0A,14.0A,23.0 deg.C,0.0 deg.C,20Ah,Float
2026-07-08 09:01:03,50.0V,0.0A,0.0A,0.0A,15.2A,22.5 deg.C,0.0 deg.C,18Ah,Float
2026-07-08 08:51:03,49.9V,0.0A,0.0A,0.0A,20.0A,22.0 deg.C,0.0 deg.C,15Ah,Float
2026-07-08 08:41:03,49.7V,0.0A,0.0A,0.0A,16.3A,21.4 deg.C,0.0 deg.C,12Ah,Float
2026-07-08 08:31:03,49.6V,0.0A,0.0A,0.0A,19.1A,20.9 deg.C,0.0 deg.C,10Ah,Float
2026-07-08 08:21:03,49.5V,0.0A,0.0A,0.0A,14.4A,20.3 deg.C,0.0 deg.C,7Ah,Float
2026-07-08 08:11:03,49.4V,0.0A,0.0A,0.0A,20.2A,19.8 deg.C,0.0 deg.C,4Ah,Float
2026-07-08 08:01:03,49.0V,0.0A,0.0A,0.0A,-7.1A,19.4 deg.C,0.0 deg.C,1Ah,Discharge
2026-07-08 07:51:03,48.6V,0.0A,0.0A,47.9A,-47.6A,19.5 deg.C,0.0 deg.C,8Ah,Discharge
2026-07-08 07:41:03,49.0V,0.0A,0.0A,46.0A,-43.7A,19.6 deg.C,0.0 deg.C,16Ah,Discharge
2026-07-08 07:31:03,49.2V,0.0A,0.0A,46.1A,-48.7A,19.9 deg.C,0.0 deg.C,24Ah,Discharge
2026-07-08 07:21:03,49.5V,0.0A,0.0A,44.9A,-44.6A,20.2 deg.C,0.0 deg.C,31Ah,Discharge
2026-07-08 07:11:03,49.6V,0.0A,0.0A,51.4A,-53.3A,20.4 deg.C,0.0 deg.C,39Ah,Discharge
2026-07-08 07:01:03,50.1V,0.0A,0.0A,43.5A,-44.3A,20.9 deg.C,0.0 deg.C,47Ah,Discharge
2026-07-08 06:51:03,50.6V,0.0A,0.0A,9.8A,-9.1A,21.2 deg.C,0.0 deg.C,49Ah,Float
2026-07-08 06:41:03,50.6V,0.0A,0.0A,15.8A,-16.1A,21.4 deg.C,0.0 deg.C,50Ah,Float
2026-07-08 06:31:03,50.9V,0.0A,0.0A,0.0A,13.0A,21.6 deg.C,0.0 deg.C,49Ah,Float
2026-07-08 06:21:03,50.6V,0.0A,0.0A,9.5A,-8.7A,21.6 deg.C,0.0 deg.C,48Ah,Float
2026-07-08 06:11:03,50.6V,0.0A,0.0A,6.6A,-6.7A,21.8 deg.C,0.0 deg.C,48Ah,Float
2026-07-08 06:01:03,50.8V,0.0A,0.0A,0.0A,17.9A,21.8 deg.C,0.0 deg.C,46Ah,Float
2026-07-08 05:51:03,50.8V,0.0A,0.0A,0.0A,13.8A,21.8 deg.C,0.0 deg.C,44Ah,Float
2026-07-08 05:41:03,50.8V,0.0A,0.0A,0.0A,17.7A,21.8 deg.C,0.0 deg.C,42Ah,Float
2026-07-08 05:31:03,50.6V,0.0A,0.0A,0.0A,18.1A,21.7 deg.C,0.0 deg.C,39Ah,Float
2026-07-08 05:21:03,50.5V,0.0A,0.0A,0.0A,17.9A,21.7 deg.C,0.0 deg.C,36Ah,Float
2026-07-08 05:11:03,50.4V,0.0A,0.0A,0.0A,14.0A,21.7 deg.C,0.0 deg.C,33Ah,Float
2026-07-08 05:01:03,50.4V,0.0A,0.0A,0.0A,17.8A,21.6 deg.C,0.0 deg.C,31Ah,Float
2026-07-08 04:51:03,50.3V,0.0A,0.0A,0.0A,18.2A,21.5 deg.C,0.0 deg.C,27Ah,Float
2026-07-08 04:41:03,50.2V,0.0A,0.0A,0.0A,18.5A,21.4 deg.C,0.0 deg.C,24Ah,Float
2026-07-08 04:31:03,50.0V,0.0A,0.0A,0.0A,14.0A,21.3 deg.C,0.0 deg.C,22Ah,Float
2026-07-08 04:21:03,50.0V,0.0A,0.0A,0.0A,17.9A,21.2 deg.C,0.0 deg.C,19Ah,Float
2026-07-08 04:11:03,49.8V,0.0A,0.0A,0.0A,18.4A,21.2 deg.C,0.0 deg.C,16Ah,Float
2026-07-08 04:01:03,49.7V,0.0A,0.0A,0.0A,18.3A,21.0 deg.C,0.0 deg.C,13Ah,Float
2026-07-08 03:51:03,49.5V,0.0A,0.0A,0.0A,14.8A,20.7 deg.C,0.0 deg.C,11Ah,Float
2026-07-08 03:41:03,49.4V,0.0A,0.0A,0.0A,18.7A,20.5 deg.C,0.0 deg.C,8Ah,Float
2026-07-08 03:31:03,49.2V,0.0A,0.0A,0.0A,19.3A,20.3 deg.C,0.0 deg.C,5Ah,Float
2026-07-08 03:21:03,48.6V,0.0A,0.0A,43.2A,-43.6A,20.3 deg.C,0.0 deg.C,8Ah,Discharge
2026-07-08 03:11:03,48.8V,0.0A,0.0A,47.6A,-48.3A,20.7 deg.C,0.0 deg.C,16Ah,Discharge
2026-07-08 03:01:03,49.2V,0.0A,0.0A,42.3A,-42.9A,21.0 deg.C,0.0 deg.C,24Ah,Discharge
2026-07-08 02:51:03,49.4V,0.0A,0.0A,43.2A,-42.9A,21.2 deg.C,0.0 deg.C,31Ah,Discharge
2026-07-08 02:41:03,49.6V,0.0A,0.0A,50.2A,-49.2A,21.5 deg.C,0.0 deg.C,39Ah,Discharge
2026-07-08 02:31:03,50.0V,0.0A,0.0A,47.0A,-46.8A,21.9 deg.C,0.0 deg.C,47Ah,Discharge
2026-07-08 02:21:03,50.8V,0.0A,0.0A,0.0A,16.5A,22.2 deg.C,0.0 deg.C,47Ah,Float
2026-07-08 02:11:03,50.8V,0.0A,0.0A,0.0A,17.2A,22.2 deg.C,0.0 deg.C,44Ah,Float
2026-07-08 02:01:03,50.6V,0.0A,0.0A,0.0A,16.2A,22.2 deg.C,0.0 deg.C,42Ah,Float
2026-07-08 01:51:03,50.6V,0.0A,0.0A,0.0A,10.9A,22.4 deg.C,0.0 deg.C,40Ah,Float
2026-07-08 01:41:03,50.5V,0.0A,0.0A,0.0A,15.6A,22.4 deg.C,0.0 deg.C,37Ah,Float
2026-07-08 01:31:03,50.4V,0.0A,0.0A,0.0A,15.1A,22.5 deg.C,0.0 deg.C,35Ah,Float
2026-07-08 01:21:03,50.3V,0.0A,0.0A,0.0A,10.8A,22.5 deg.C,0.0 deg.C,32Ah,Float
2026-07-08 01:11:03,50.2V,0.0A,0.0A,0.0A,11.8A,22.5 deg.C,0.0 deg.C,30Ah,Float
2026-07-08 01:01:03,50.2V,0.0A,0.0A,0.0A,16.1A,22.5 deg.C,0.0 deg.C,28Ah,Float
2026-07-08 00:51:03,50.1V,0.0A,0.0A,0.0A,15.9A,22.5 deg.C,0.0 deg.C,25Ah,Float
2026-07-08 00:41:03,49.8V,0.0A,0.0A,0.0A,0.0A,22.5 deg.C,0.0 deg.C,23Ah,Float
2026-07-08 00:31:03,49.9V,0.0A,0.0A,0.0A,14.8A,22.5 deg.C,0.0 deg.C,21Ah,Float
2026-07-08 00:21:03,49.8V,0.0A,0.0A,0.0A,14.3A,22.4 deg.C,0.0 deg.C,19Ah,Float
2026-07-08 00:11:03,49.6V,0.0A,0.0A,0.0A,7.2A,22.3 deg.C,0.0 deg.C,17Ah,Float
2026-07-08 00:01:03,49.6V,0.0A,0.0A,0.0A,8.5A,22.2 deg.C,0.0 deg.C,15Ah,Float
2026-07-07 23:51:03,49.6V,0.0A,0.0A,0.0A,13.4A,21.9 deg.C,0.0 deg.C,13Ah,Float
2026-07-07 23:41:03,49.5V,0.0A,0.0A,0.0A,13.3A,21.6 deg.C,0.0 deg.C,11Ah,Float
2026-07-07 23:31:03,49.3V,0.0A,0.0A,0.0A,7.8A,20.9 deg.C,0.0 deg.C,10Ah,Float
2026-07-07 23:21:03,49.3V,0.0A,0.0A,0.0A,10.2A,20.0 deg.C,0.0 deg.C,8Ah,Float
2026-07-07 23:11:03,49.2V,0.0A,0.0A,0.0A,11.1A,20.0 deg.C,0.0 deg.C,6Ah,Float
2026-07-07 23:01:03,49.1V,0.0A,0.0A,0.0A,5.5A,20.7 deg.C,0.0 deg.C,5Ah,Float
2026-07-07 22:51:03,49.1V,0.0A,0.0A,0.0A,9.6A,22.1 deg.C,0.0 deg.C,4Ah,Float
2026-07-07 22:41:03,49.0V,0.0A,0.0A,0.0A,9.1A,22.6 deg.C,0.0 deg.C,2Ah,Float
2026-07-07 22:31:03,49.1V,0.0A,0.0A,0.0A,8.2A,22.4 deg.C,0.0 deg.C,4Ah,Float
2026-07-07 22:21:03,49.0V,0.0A,0.0A,0.0A,12.8A,21.9 deg.C,0.0 deg.C,3Ah,Float
2026-07-07 22:11:03,48.9V,0.0A,0.0A,0.0A,11.3A,21.2 deg.C,0.0 deg.C,1Ah,Float
2026-07-07 22:01:03,48.0V,0.0A,0.0A,61.4A,-57.8A,20.5 deg.C,0.0 deg.C,0Ah,Discharge
2026-07-07 21:51:03,48.9V,0.0A,0.0A,0.0A,9.6A,20.9 deg.C,0.0 deg.C,0Ah,Float
2026-07-07 21:41:03,48.3V,0.0A,0.0A,56.5A,-52.0A,21.6 deg.C,0.0 deg.C,0Ah,Float
2026-07-07 21:31:03,49.0V,0.0A,0.0A,0.0A,0.0A,22.9 deg.C,0.0 deg.C,1Ah,Float
2026-07-07 21:21:03,48.9V,0.0A,0.0A,0.0A,9.7A,22.5 deg.C,0.0 deg.C,0Ah,Float
2026-07-07 21:11:03,48.5V,0.0A,0.0A,49.1A,-50.6A,22.3 deg.C,0.0 deg.C,1Ah,Discharge
2026-07-07 21:01:03,48.4V,0.0A,0.0A,56.3A,-56.7A,21.8 deg.C,0.0 deg.C,5Ah,Discharge
2026-07-07 20:51:03,48.9V,0.0A,0.0A,51.7A,-50.2A,21.5 deg.C,0.0 deg.C,14Ah,Discharge
2026-07-07 20:41:03,49.2V,0.0A,0.0A,53.9A,-53.6A,20.9 deg.C,0.0 deg.C,22Ah,Discharge
2026-07-07 20:31:03,49.6V,0.0A,0.0A,53.2A,-54.4A,20.5 deg.C,0.0 deg.C,31Ah,Discharge
2026-07-07 20:21:03,50.4V,0.0A,0.0A,0.0A,11.8A,20.5 deg.C,0.0 deg.C,30Ah,Float
2026-07-07 20:11:03,50.2V,0.0A,0.0A,0.0A,6.9A,20.5 deg.C,0.0 deg.C,28Ah,Float
2026-07-07 20:01:03,50.2V,0.0A,0.0A,0.0A,7.4A,20.4 deg.C,0.0 deg.C,27Ah,Float
2026-07-07 19:51:03,50.2V,0.0A,0.0A,0.0A,11.0A,20.4 deg.C,0.0 deg.C,25Ah,Float
2026-07-07 19:41:03,50.1V,0.0A,0.0A,0.0A,9.5A,20.4 deg.C,0.0 deg.C,24Ah,Float
2026-07-07 19:31:03,50.1V,0.0A,0.0A,0.0A,8.7A,20.3 deg.C,0.0 deg.C,22Ah,Float
2026-07-07 19:21:03,50.0V,0.0A,0.0A,0.0A,10.3A,20.4 deg.C,0.0 deg.C,20Ah,Float
2026-07-07 19:11:03,50.0V,0.0A,0.0A,0.0A,10.3A,20.4 deg.C,0.0 deg.C,18Ah,Float
2026-07-07 19:01:03,49.9V,0.0A,0.0A,0.0A,11.4A,20.5 deg.C,0.0 deg.C,17Ah,Float
2026-07-07 18:51:03,49.8V,0.0A,0.0A,0.0A,9.3A,20.6 deg.C,0.0 deg.C,15Ah,Float
2026-07-07 18:41:03,49.7V,0.0A,0.0A,0.0A,7.8A,20.6 deg.C,0.0 deg.C,13Ah,Float
2026-07-07 18:31:03,49.7V,0.0A,0.0A,0.0A,12.6A,20.7 deg.C,0.0 deg.C,11Ah,Float
2026-07-07 18:21:03,49.6V,0.0A,0.0A,0.0A,10.4A,20.8 deg.C,0.0 deg.C,10Ah,Float
2026-07-07 18:11:03,49.5V,0.0A,0.0A,0.0A,9.1A,20.9 deg.C,0.0 deg.C,8Ah,Float
2026-07-07 18:01:03,49.4V,0.0A,0.0A,0.0A,9.2A,21.0 deg.C,0.0 deg.C,6Ah,Float
2026-07-07 17:51:03,49.3V,0.0A,0.0A,0.0A,8.4A,21.0 deg.C,0.0 deg.C,5Ah,Float
2026-07-07 17:41:03,49.3V,0.0A,0.0A,0.0A,8.3A,21.1 deg.C,0.0 deg.C,4Ah,Float
2026-07-07 17:31:03,49.2V,0.0A,0.0A,0.0A,6.1A,21.2 deg.C,0.0 deg.C,2Ah,Float
2026-07-07 17:21:03,49.1V,0.0A,0.0A,0.0A,7.6A,21.3 deg.C,0.0 deg.C,1Ah,Float
2026-07-07 17:11:03,49.0V,0.0A,0.0A,0.0A,6.9A,21.3 deg.C,0.0 deg.C,0Ah,Float
2026-07-07 17:01:03,49.1V,0.0A,0.0A,0.0A,0.0A,21.5 deg.C,0.0 deg.C,1Ah,Float
2026-07-07 16:51:03,49.1V,0.0A,0.0A,0.0A,7.0A,21.6 deg.C,0.0 deg.C,0Ah,Float
2026-07-07 16:41:03,48.6V,0.0A,0.0A,54.6A,-29.1A,21.7 deg.C,0.0 deg.C,3Ah,Float
2026-07-07 16:31:03,49.1V,0.0A,0.0A,0.0A,6.3A,21.8 deg.C,0.0 deg.C,1Ah,Float
2026-07-07 16:21:03,49.1V,0.0A,0.0A,0.0A,6.3A,21.9 deg.C,0.0 deg.C,0Ah,Float
2026-07-07 16:11:03,49.0V,0.0A,0.0A,0.0A,6.1A,22.0 deg.C,0.0 deg.C,0Ah,Float
2026-07-07 16:01:03,49.2V,0.0A,0.0A,0.0A,6.4A,22.1 deg.C,0.0 deg.C,2Ah,Float
2026-07-07 15:51:03,49.1V,0.0A,0.0A,0.0A,6.8A,22.2 deg.C,0.0 deg.C,1Ah,Float
2026-07-07 15:41:03,49.0V,0.0A,0.0A,0.0A,6.8A,22.2 deg.C,0.0 deg.C,0Ah,Float
2026-07-07 15:31:03,49.2V,0.0A,0.0A,0.0A,6.8A,22.3 deg.C,0.0 deg.C,1Ah,Float
2026-07-07 15:21:03,49.0V,0.0A,0.0A,0.0A,5.5A,22.3 deg.C,0.0 deg.C,0Ah,Float
2026-07-07 15:11:03,49.2V,0.0A,0.0A,0.0A,6.3A,22.4 deg.C,0.0 deg.C,0Ah,Float
2026-07-07 15:01:03,48.6V,0.0A,0.0A,54.9A,-56.3A,22.6 deg.C,0.0 deg.C,3Ah,Discharge
2026-07-07 14:51:03,49.6V,0.0A,0.0A,0.0A,6.5A,22.6 deg.C,0.0 deg.C,8Ah,Float
2026-07-07 14:41:03,49.5V,0.0A,0.0A,0.0A,0.0A,22.6 deg.C,0.0 deg.C,7Ah,Float
2026-07-07 14:31:03,49.5V,0.0A,0.0A,0.0A,6.2A,22.5 deg.C,0.0 deg.C,6Ah,Float
2026-07-07 14:21:03,49.5V,0.0A,0.0A,0.0A,7.4A,22.4 deg.C,0.0 deg.C,5Ah,Float
2026-07-07 14:11:03,49.4V,0.0A,0.0A,0.0A,7.4A,22.3 deg.C,0.0 deg.C,4Ah,Float
2026-07-07 14:01:03,49.4V,0.0A,0.0A,0.0A,8.5A,22.2 deg.C,0.0 deg.C,2Ah,Float
2026-07-07 13:51:03,49.3V,0.0A,0.0A,0.0A,8.3A,22.0 deg.C,0.0 deg.C,1Ah,Float
2026-07-07 13:41:03,49.2V,0.0A,0.0A,0.0A,9.3A,21.8 deg.C,0.0 deg.C,0Ah,Float
2026-07-07 13:31:03,48.8V,0.0A,0.0A,51.3A,-52.9A,21.9 deg.C,0.0 deg.C,6Ah,Discharge
2026-07-07 13:21:03,49.9V,0.0A,0.0A,0.0A,6.4A,22.1 deg.C,0.0 deg.C,14Ah,Float
2026-07-07 13:11:03,49.9V,0.0A,0.0A,0.0A,8.6A,22.1 deg.C,0.0 deg.C,13Ah,Float
2026-07-07 13:01:03,49.8V,0.0A,0.0A,0.0A,8.7A,22.1 deg.C,0.0 deg.C,12Ah,Float
2026-07-07 12:51:03,49.7V,0.0A,0.0A,0.0A,7.7A,22.1 deg.C,0.0 deg.C,11Ah,Float
2026-07-07 12:41:03,49.7V,0.0A,0.0A,0.0A,8.6A,22.1 deg.C,0.0 deg.C,9Ah,Float
2026-07-07 12:31:03,49.6V,0.0A,0.0A,0.0A,8.4A,22.3 deg.C,0.0 deg.C,8Ah,Float
2026-07-07 12:21:03,49.5V,0.0A,0.0A,0.0A,7.8A,22.3 deg.C,0.0 deg.C,6Ah,Float
2026-07-07 12:11:03,49.5V,0.0A,0.0A,0.0A,8.9A,22.2 deg.C,0.0 deg.C,5Ah,Float
2026-07-07 12:01:03,49.4V,0.0A,0.0A,0.0A,11.6A,22.1 deg.C,0.0 deg.C,3Ah,Float
2026-07-07 11:51:03,49.3V,0.0A,0.0A,0.0A,10.4A,22.0 deg.C,0.0 deg.C,2Ah,Float
2026-07-07 11:41:03,49.2V,0.0A,0.0A,0.0A,11.2A,21.9 deg.C,0.0 deg.C,0Ah,Float
2026-07-07 11:31:03,48.7V,0.0A,0.0A,52.8A,-50.9A,21.8 deg.C,0.0 deg.C,5Ah,Discharge
2026-07-07 11:21:03,49.0V,0.0A,0.0A,50.7A,-50.2A,21.7 deg.C,0.0 deg.C,14Ah,Discharge
2026-07-07 11:11:03,49.3V,0.0A,0.0A,47.3A,-49.4A,21.6 deg.C,0.0 deg.C,22Ah,Discharge
2026-07-07 11:01:03,49.6V,0.0A,0.0A,50.4A,-49.0A,21.6 deg.C,0.0 deg.C,30Ah,Discharge
2026-07-07 10:51:03,49.9V,0.0A,0.0A,47.8A,-48.1A,21.4 deg.C,0.0 deg.C,38Ah,Discharge
2026-07-07 10:41:03,50.9V,0.0A,0.0A,0.0A,11.7A,21.3 deg.C,0.0 deg.C,43Ah,Float
2026-07-07 10:31:03,50.8V,0.0A,0.0A,0.0A,11.3A,21.3 deg.C,0.0 deg.C,42Ah,Float
2026-07-07 10:21:03,50.8V,0.0A,0.0A,0.0A,11.5A,21.3 deg.C,0.0 deg.C,41Ah,Float
2026-07-07 10:11:03,50.8V,0.0A,0.0A,0.0A,11.7A,21.3 deg.C,0.0 deg.C,40Ah,Float
2026-07-07 10:01:03,50.7V,0.0A,0.0A,0.0A,11.5A,21.1 deg.C,0.0 deg.C,38Ah,Float
2026-07-07 09:51:03,50.7V,0.0A,0.0A,0.0A,13.6A,21.0 deg.C,0.0 deg.C,36Ah,Float
2026-07-07 09:41:03,50.6V,0.0A,0.0A,0.0A,14.1A,20.8 deg.C,0.0 deg.C,33Ah,Float
2026-07-07 09:31:03,50.5V,0.0A,0.0A,0.0A,13.4A,20.7 deg.C,0.0 deg.C,31Ah,Float
2026-07-07 09:21:03,50.4V,0.0A,0.0A,0.0A,12.4A,20.8 deg.C,0.0 deg.C,29Ah,Float
2026-07-07 09:11:03,50.4V,0.0A,0.0A,0.0A,13.5A,21.2 deg.C,0.0 deg.C,27Ah,Float
2026-07-07 09:01:03,50.3V,0.0A,0.0A,0.0A,17.6A,22.4 deg.C,0.0 deg.C,24Ah,Float
2026-07-07 08:51:03,50.2V,0.0A,0.0A,0.0A,15.5A,22.7 deg.C,0.0 deg.C,22Ah,Float
2026-07-07 08:41:03,50.1V,0.0A,0.0A,0.0A,14.3A,22.3 deg.C,0.0 deg.C,20Ah,Float
2026-07-07 08:31:03,50.0V,0.0A,0.0A,0.0A,14.3A,21.9 deg.C,0.0 deg.C,17Ah,Float
2026-07-07 08:21:03,49.9V,0.0A,0.0A,0.0A,14.2A,21.5 deg.C,0.0 deg.C,14Ah,Float
2026-07-07 08:11:03,49.8V,0.0A,0.0A,0.0A,18.3A,21.2 deg.C,0.0 deg.C,11Ah,Float
2026-07-07 08:01:03,49.7V,0.0A,0.0A,0.0A,14.8A,20.9 deg.C,0.0 deg.C,9Ah,Float
2026-07-07 07:51:03,49.6V,0.0A,0.0A,0.0A,18.3A,20.6 deg.C,0.0 deg.C,6Ah,Float
2026-07-07 07:41:03,49.4V,0.0A,0.0A,0.0A,19.2A,20.2 deg.C,0.0 deg.C,3Ah,Float
2026-07-07 07:31:03,49.1V,0.0A,0.0A,0.0A,12.3A,19.9 deg.C,0.0 deg.C,0Ah,Float
2026-07-07 07:21:03,48.7V,0.0A,0.0A,48.9A,-50.2A,19.9 deg.C,0.0 deg.C,6Ah,Discharge
2026-07-07 07:11:03,49.0V,0.0A,0.0A,44.1A,-44.7A,20.1 deg.C,0.0 deg.C,14Ah,Discharge
2026-07-07 07:01:03,49.3V,0.0A,0.0A,43.4A,-43.3A,20.3 deg.C,0.0 deg.C,21Ah,Discharge
2026-07-07 06:51:03,49.5V,0.0A,0.0A,47.1A,-47.8A,20.5 deg.C,0.0 deg.C,29Ah,Discharge
2026-07-07 06:41:03,49.8V,0.0A,0.0A,45.2A,-43.6A,20.8 deg.C,0.0 deg.C,36Ah,Discharge
2026-07-07 06:31:03,50.1V,0.0A,0.0A,42.8A,-43.1A,21.2 deg.C,0.0 deg.C,44Ah,Discharge
2026-07-07 06:21:03,50.9V,0.0A,0.0A,0.0A,11.1A,21.4 deg.C,0.0 deg.C,46Ah,Float
2026-07-07 06:11:03,50.6V,0.0A,0.0A,10.6A,-10.9A,21.4 deg.C,0.0 deg.C,46Ah,Float
2026-07-07 06:01:03,50.6V,0.0A,0.0A,15.3A,-14.8A,21.4 deg.C,0.0 deg.C,46Ah,Float
2026-07-07 05:51:03,50.5V,0.0A,0.0A,14.5A,-14.6A,21.5 deg.C,0.0 deg.C,46Ah,Float
2026-07-07 05:41:03,50.6V,0.0A,0.0A,10.5A,-10.9A,21.6 deg.C,0.0 deg.C,46Ah,Float
2026-07-07 05:31:03,50.5V,0.0A,0.0A,13.4A,-13.7A,21.6 deg.C,0.0 deg.C,46Ah,Float
2026-07-07 05:21:03,50.6V,0.0A,0.0A,16.4A,-15.9A,21.7 deg.C,0.0 deg.C,46Ah,Float
2026-07-07 05:11:03,50.6V,0.0A,0.0A,15.7A,-16.2A,21.7 deg.C,0.0 deg.C,46Ah,Float
2026-07-07 05:01:03,50.9V,0.0A,0.0A,0.0A,14.2A,21.6 deg.C,0.0 deg.C,46Ah,Float
2026-07-07 04:51:03,50.5V,0.0A,0.0A,13.7A,-13.6A,21.7 deg.C,0.0 deg.C,46Ah,Float
2026-07-07 04:41:03,50.5V,0.0A,0.0A,14.3A,-15.0A,21.7 deg.C,0.0 deg.C,46Ah,Float
2026-07-07 04:31:03,50.9V,0.0A,0.0A,0.0A,13.9A,21.7 deg.C,0.0 deg.C,46Ah,Float
2026-07-07 04:21:03,50.6V,0.0A,0.0A,8.0A,-8.2A,21.7 deg.C,0.0 deg.C,46Ah,Float
2026-07-07 04:11:03,50.6V,0.0A,0.0A,16.5A,-9.9A,21.7 deg.C,0.0 deg.C,46Ah,Float
2026-07-07 04:01:03,50.5V,0.0A,0.0A,21.0A,-18.2A,21.7 deg.C,0.0 deg.C,47Ah,Float
2026-07-07 03:51:03,50.5V,0.0A,0.0A,16.0A,-15.5A,21.6 deg.C,0.0 deg.C,46Ah,Float
2026-07-07 03:41:03,50.6V,0.0A,0.0A,15.9A,-15.1A,21.7 deg.C,0.0 deg.C,46Ah,Float
2026-07-07 03:31:03,50.5V,0.0A,0.0A,21.9A,-13.6A,21.6 deg.C,0.0 deg.C,47Ah,Float
2026-07-07 03:21:03,50.6V,0.0A,0.0A,11.5A,-10.3A,21.6 deg.C,0.0 deg.C,46Ah,Float
2026-07-07 03:11:03,50.6V,0.0A,0.0A,7.9A,-8.7A,21.6 deg.C,0.0 deg.C,46Ah,Float
2026-07-07 03:01:03,50.5V,0.0A,0.0A,16.7A,-16.5A,21.6 deg.C,0.0 deg.C,46Ah,Float
2026-07-07 02:51:03,50.6V,0.0A,0.0A,12.5A,-12.7A,21.4 deg.C,0.0 deg.C,46Ah,Float
2026-07-07 02:41:03,50.9V,0.0A,0.0A,0.0A,17.4A,21.1 deg.C,0.0 deg.C,46Ah,Float
2026-07-07 02:31:03,50.6V,0.0A,0.0A,8.6A,-8.4A,20.9 deg.C,0.0 deg.C,46Ah,Float
2026-07-07 02:21:03,50.9V,0.0A,0.0A,0.0A,13.2A,20.2 deg.C,0.0 deg.C,45Ah,Float
2026-07-07 02:11:03,50.9V,0.0A,0.0A,0.0A,15.1A,20.7 deg.C,0.0 deg.C,44Ah,Float
2026-07-07 02:01:03,50.8V,0.0A,0.0A,0.0A,16.5A,22.8 deg.C,0.0 deg.C,41Ah,Float
2026-07-07 01:51:03,50.7V,0.0A,0.0A,0.0A,12.9A,22.7 deg.C,0.0 deg.C,39Ah,Float
2026-07-07 01:41:03,50.7V,0.0A,0.0A,0.0A,17.4A,22.6 deg.C,0.0 deg.C,37Ah,Float
2026-07-07 01:31:03,50.6V,0.0A,0.0A,0.0A,16.0A,22.6 deg.C,0.0 deg.C,34Ah,Float
2026-07-07 01:21:03,50.4V,0.0A,0.0A,0.0A,10.7A,22.5 deg.C,0.0 deg.C,31Ah,Float
2026-07-07 01:11:03,50.4V,0.0A,0.0A,0.0A,12.1A,22.5 deg.C,0.0 deg.C,29Ah,Float
2026-07-07 01:01:03,50.3V,0.0A,0.0A,0.0A,16.4A,22.4 deg.C,0.0 deg.C,27Ah,Float
2026-07-07 00:51:03,50.2V,0.0A,0.0A,0.0A,16.3A,22.4 deg.C,0.0 deg.C,24Ah,Float
2026-07-07 00:41:03,50.1V,0.0A,0.0A,0.0A,10.9A,22.3 deg.C,0.0 deg.C,22Ah,Float
2026-07-07 00:31:03,50.1V,0.0A,0.0A,0.0A,13.5A,22.4 deg.C,0.0 deg.C,20Ah,Float
2026-07-07 00:21:03,50.0V,0.0A,0.0A,0.0A,10.9A,22.3 deg.C,0.0 deg.C,18Ah,Float
2026-07-07 00:11:03,49.9V,0.0A,0.0A,0.0A,14.6A,22.2 deg.C,0.0 deg.C,16Ah,Float
2026-07-07 00:01:03,49.7V,0.0A,0.0A,0.0A,6.8A,22.2 deg.C,0.0 deg.C,14Ah,Float
2026-07-06 23:51:03,49.7V,0.0A,0.0A,0.0A,12.4A,22.1 deg.C,0.0 deg.C,12Ah,Float
2026-07-06 23:41:03,49.6V,0.0A,0.0A,0.0A,9.1A,21.8 deg.C,0.0 deg.C,11Ah,Float
2026-07-06 23:31:03,49.5V,0.0A,0.0A,0.0A,7.5A,21.3 deg.C,0.0 deg.C,9Ah,Float
2026-07-06 23:21:03,49.5V,0.0A,0.0A,0.0A,12.9A,20.7 deg.C,0.0 deg.C,8Ah,Float
2026-07-06 23:11:03,49.4V,0.0A,0.0A,0.0A,12.7A,19.8 deg.C,0.0 deg.C,6Ah,Float
2026-07-06 23:01:03,49.2V,0.0A,0.0A,0.0A,0.0A,20.1 deg.C,0.0 deg.C,4Ah,Float
2026-07-06 22:51:03,49.2V,0.0A,0.0A,0.0A,6.4A,21.0 deg.C,0.0 deg.C,3Ah,Float
2026-07-06 22:41:03,49.2V,0.0A,0.0A,0.0A,6.8A,22.7 deg.C,0.0 deg.C,2Ah,Float
2026-07-06 22:31:03,49.0V,0.0A,0.0A,0.0A,0.0A,22.4 deg.C,0.0 deg.C,1Ah,Float
2026-07-06 22:21:03,49.2V,0.0A,0.0A,0.0A,7.4A,22.2 deg.C,0.0 deg.C,3Ah,Float
2026-07-06 22:11:03,49.1V,0.0A,0.0A,0.0A,11.4A,21.6 deg.C,0.0 deg.C,2Ah,Float
2026-07-06 22:01:03,49.0V,0.0A,0.0A,0.0A,10.8A,20.8 deg.C,0.0 deg.C,0Ah,Float
2026-07-06 21:51:03,49.1V,0.0A,0.0A,0.0A,0.0A,20.7 deg.C,0.0 deg.C,1Ah,Float
2026-07-06 21:41:03,49.1V,0.0A,0.0A,0.0A,9.1A,21.4 deg.C,0.0 deg.C,0Ah,Float
2026-07-06 21:31:03,49.1V,0.0A,0.0A,0.0A,5.2A,22.9 deg.C,0.0 deg.C,0Ah,Float
2026-07-06 21:21:03,48.6V,0.0A,0.0A,58.8A,-57.4A,22.7 deg.C,0.0 deg.C,3Ah,Discharge
2026-07-06 21:11:03,49.3V,0.0A,0.0A,0.0A,11.0A,22.2 deg.C,0.0 deg.C,2Ah,Float
2026-07-06 21:01:03,49.0V,0.0A,0.0A,0.0A,0.0A,21.7 deg.C,0.0 deg.C,0Ah,Float
2026-07-06 20:51:03,48.7V,0.0A,0.0A,52.3A,-54.6A,21.3 deg.C,0.0 deg.C,10Ah,Discharge
2026-07-06 20:41:03,49.1V,0.0A,0.0A,47.0A,-50.4A,20.9 deg.C,0.0 deg.C,18Ah,Discharge
2026-07-06 20:31:03,49.4V,0.0A,0.0A,62.3A,-56.8A,20.3 deg.C,0.0 deg.C,27Ah,Discharge
2026-07-06 20:21:03,50.3V,0.0A,0.0A,0.0A,7.7A,20.4 deg.C,0.0 deg.C,28Ah,Float
2026-07-06 20:11:03,50.3V,0.0A,0.0A,0.0A,11.1A,20.4 deg.C,0.0 deg.C,26Ah,Float
2026-07-06 20:01:03,50.2V,0.0A,0.0A,0.0A,6.4A,20.5 deg.C,0.0 deg.C,25Ah,Float
2026-07-06 19:51:03,50.2V,0.0A,0.0A,0.0A,11.9A,20.5 deg.C,0.0 deg.C,23Ah,Float
2026-07-06 19:41:03,50.1V,0.0A,0.0A,0.0A,7.8A,20.5 deg.C,0.0 deg.C,21Ah,Float
2026-07-06 19:31:03,50.0V,0.0A,0.0A,0.0A,8.1A,20.4 deg.C,0.0 deg.C,20Ah,Float
2026-07-06 19:21:03,50.1V,0.0A,0.0A,0.0A,15.9A,20.4 deg.C,0.0 deg.C,18Ah,Float
2026-07-06 19:11:03,49.9V,0.0A,0.0A,0.0A,11.1A,20.4 deg.C,0.0 deg.C,16Ah,Float
2026-07-06 19:01:03,49.8V,0.0A,0.0A,0.0A,12.2A,20.4 deg.C,0.0 deg.C,14Ah,Float
2026-07-06 18:51:03,49.8V,0.0A,0.0A,0.0A,13.5A,20.4 deg.C,0.0 deg.C,11Ah,Float
2026-07-06 18:41:03,49.6V,0.0A,0.0A,0.0A,9.2A,20.5 deg.C,0.0 deg.C,9Ah,Float
2026-07-06 18:31:03,49.5V,0.0A,0.0A,0.0A,10.4A,20.6 deg.C,0.0 deg.C,8Ah,Float
2026-07-06 18:21:03,49.5V,0.0A,0.0A,0.0A,11.4A,20.7 deg.C,0.0 deg.C,5Ah,Float
2026-07-06 18:11:03,49.3V,0.0A,0.0A,0.0A,9.9A,20.8 deg.C,0.0 deg.C,4Ah,Float
2026-07-06 18:01:03,49.2V,0.0A,0.0A,0.0A,8.2A,20.9 deg.C,0.0 deg.C,2Ah,Float
2026-07-06 17:51:03,49.1V,0.0A,0.0A,0.0A,10.1A,20.9 deg.C,0.0 deg.C,0Ah,Float
2026-07-06 17:41:03,49.4V,0.0A,0.0A,0.0A,8.0A,21.0 deg.C,0.0 deg.C,5Ah,Float
2026-07-06 17:31:03,49.3V,0.0A,0.0A,0.0A,6.8A,21.0 deg.C,0.0 deg.C,4Ah,Float
2026-07-06 17:21:03,49.3V,0.0A,0.0A,0.0A,8.4A,21.1 deg.C,0.0 deg.C,3Ah,Float
2026-07-06 17:11:03,49.2V,0.0A,0.0A,0.0A,7.1A,21.2 deg.C,0.0 deg.C,2Ah,Float
2026-07-06 17:01:03,49.1V,0.0A,0.0A,0.0A,6.6A,21.2 deg.C,0.0 deg.C,1Ah,Float
2026-07-06 16:51:03,48.5V,0.0A,0.0A,51.8A,-53.0A,21.4 deg.C,0.0 deg.C,2Ah,Discharge
2026-07-06 16:41:03,49.2V,0.0A,0.0A,0.0A,9.3A,21.4 deg.C,0.0 deg.C,2Ah,Float
2026-07-06 16:31:03,49.1V,0.0A,0.0A,0.0A,8.0A,21.5 deg.C,0.0 deg.C,0Ah,Float
2026-07-06 16:21:03,48.4V,0.0A,0.0A,56.3A,-54.8A,21.6 deg.C,0.0 deg.C,2Ah,Discharge
2026-07-06 16:11:03,49.1V,0.0A,0.0A,0.0A,7.2A,21.7 deg.C,0.0 deg.C,2Ah,Float
2026-07-06 16:01:03,49.3V,0.0A,0.0A,0.0A,5.6A,21.9 deg.C,0.0 deg.C,7Ah,Float
2026-07-06 15:51:03,49.3V,0.0A,0.0A,0.0A,6.3A,22.0 deg.C,0.0 deg.C,6Ah,Float
2026-07-06 15:41:03,49.2V,0.0A,0.0A,0.0A,7.2A,22.1 deg.C,0.0 deg.C,5Ah,Float
2026-07-06 15:31:03,49.1V,0.0A,0.0A,0.0A,6.1A,22.1 deg.C,0.0 deg.C,4Ah,Float
2026-07-06 15:21:03,49.5V,0.0A,0.0A,0.0A,6.7A,22.4 deg.C,0.0 deg.C,10Ah,Float
2026-07-06 15:11:03,49.4V,0.0A,0.0A,0.0A,6.2A,22.4 deg.C,0.0 deg.C,9Ah,Float
2026-07-06 15:01:03,49.3V,0.0A,0.0A,0.0A,0.0A,22.5 deg.C,0.0 deg.C,8Ah,Float
2026-07-06 14:51:03,49.3V,0.0A,0.0A,0.0A,5.1A,22.5 deg.C,0.0 deg.C,7Ah,Float
2026-07-06 14:41:03,49.3V,0.0A,0.0A,0.0A,6.6A,22.4 deg.C,0.0 deg.C,6Ah,Float
2026-07-06 14:31:03,49.2V,0.0A,0.0A,0.0A,5.9A,22.4 deg.C,0.0 deg.C,5Ah,Float
2026-07-06 14:21:03,48.4V,0.0A,0.0A,53.1A,-52.6A,22.3 deg.C,0.0 deg.C,4Ah,Discharge
2026-07-06 14:11:03,49.5V,0.0A,0.0A,0.0A,6.5A,22.5 deg.C,0.0 deg.C,12Ah,Float
2026-07-06 14:01:03,49.5V,0.0A,0.0A,0.0A,7.4A,22.4 deg.C,0.0 deg.C,11Ah,Float
2026-07-06 13:51:03,49.4V,0.0A,0.0A,0.0A,5.2A,22.4 deg.C,0.0 deg.C,9Ah,Float
2026-07-06 13:41:03,49.3V,0.0A,0.0A,0.0A,6.0A,22.3 deg.C,0.0 deg.C,8Ah,Float
2026-07-06 13:31:03,49.3V,0.0A,0.0A,0.0A,6.9A,22.2 deg.C,0.0 deg.C,7Ah,Float
2026-07-06 13:21:03,49.2V,0.0A,0.0A,0.0A,7.3A,22.1 deg.C,0.0 deg.C,6Ah,Float
2026-07-06 13:11:03,49.0V,0.0A,0.0A,0.0A,-0.3A,22.0 deg.C,0.0 deg.C,6Ah,Discharge
2026-07-06 13:01:03,48.9V,0.0A,0.0A,55.3A,-55.9A,22.3 deg.C,0.0 deg.C,15Ah,Discharge
2026-07-06 12:51:03,49.6V,0.0A,0.0A,0.0A,6.1A,22.3 deg.C,0.0 deg.C,14Ah,Float
2026-07-06 12:41:03,49.5V,0.0A,0.0A,0.0A,7.6A,22.4 deg.C,0.0 deg.C,13Ah,Float
2026-07-06 12:31:03,49.5V,0.0A,0.0A,0.0A,7.3A,22.5 deg.C,0.0 deg.C,12Ah,Float
2026-07-06 12:21:03,49.4V,0.0A,0.0A,0.0A,7.1A,22.5 deg.C,0.0 deg.C,11Ah,Float
2026-07-06 12:11:03,49.4V,0.0A,0.0A,0.0A,8.0A,22.4 deg.C,0.0 deg.C,10Ah,Float
2026-07-06 12:01:03,49.3V,0.0A,0.0A,0.0A,8.9A,22.3 deg.C,0.0 deg.C,8Ah,Float
2026-07-06 11:51:03,49.1V,0.0A,0.0A,0.0A,9.4A,22.2 deg.C,0.0 deg.C,7Ah,Float
2026-07-06 11:41:03,48.7V,0.0A,0.0A,53.8A,-52.6A,22.1 deg.C,0.0 deg.C,15Ah,Discharge
2026-07-06 11:31:03,49.0V,0.0A,0.0A,50.8A,-50.9A,22.0 deg.C,0.0 deg.C,24Ah,Discharge
2026-07-06 11:21:03,49.3V,0.0A,0.0A,52.3A,-50.8A,21.9 deg.C,0.0 deg.C,32Ah,Discharge
2026-07-06 11:11:03,49.6V,0.0A,0.0A,49.9A,-49.8A,21.8 deg.C,0.0 deg.C,41Ah,Discharge
2026-07-06 11:01:03,49.9V,0.0A,0.0A,48.2A,-49.4A,21.7 deg.C,0.0 deg.C,49Ah,Discharge
2026-07-06 10:51:03,50.9V,0.0A,0.0A,0.0A,9.9A,21.6 deg.C,0.0 deg.C,54Ah,Float
2026-07-06 10:41:03,50.6V,0.0A,0.0A,15.2A,-14.0A,21.4 deg.C,0.0 deg.C,54Ah,Float
2026-07-06 10:31:03,50.5V,0.0A,0.0A,21.2A,-21.4A,21.3 deg.C,0.0 deg.C,54Ah,Discharge
2026-07-06 10:21:03,50.8V,0.0A,0.0A,0.0A,11.3A,21.2 deg.C,0.0 deg.C,53Ah,Float
2026-07-06 10:11:03,50.5V,0.0A,0.0A,19.8A,-19.5A,21.0 deg.C,0.0 deg.C,54Ah,Discharge
2026-07-06 10:01:03,50.7V,0.0A,0.0A,0.0A,-18.2A,20.9 deg.C,0.0 deg.C,53Ah,Discharge
2026-07-06 09:51:03,50.6V,0.0A,0.0A,12.9A,-13.4A,20.8 deg.C,0.0 deg.C,54Ah,Float
2026-07-06 09:41:03,50.5V,0.0A,0.0A,20.3A,-20.0A,20.9 deg.C,0.0 deg.C,54Ah,Float
2026-07-06 09:31:03,50.9V,0.0A,0.0A,0.0A,12.6A,21.3 deg.C,0.0 deg.C,53Ah,Float
2026-07-06 09:21:03,50.5V,0.0A,0.0A,19.8A,-19.9A,22.5 deg.C,0.0 deg.C,53Ah,Discharge
2026-07-06 09:11:03,50.8V,0.0A,0.0A,0.0A,11.7A,23.0 deg.C,0.0 deg.C,52Ah,Float
2026-07-06 09:01:03,50.6V,0.0A,0.0A,0.0A,0.0A,22.7 deg.C,0.0 deg.C,52Ah,Float
2026-07-06 08:51:03,50.5V,0.0A,0.0A,18.8A,-18.6A,22.3 deg.C,0.0 deg.C,52Ah,Discharge
2026-07-06 08:41:03,50.9V,0.0A,0.0A,0.0A,15.0A,22.0 deg.C,0.0 deg.C,52Ah,Float
2026-07-06 08:31:03,50.5V,0.0A,0.0A,14.7A,-15.0A,21.7 deg.C,0.0 deg.C,51Ah,Float
2026-07-06 08:21:03,50.6V,0.0A,0.0A,10.2A,-10.2A,21.5 deg.C,0.0 deg.C,51Ah,Float
2026-07-06 08:11:03,50.5V,0.0A,0.0A,15.3A,-15.8A,21.4 deg.C,0.0 deg.C,50Ah,Float
2026-07-06 08:01:03,50.8V,0.0A,0.0A,0.0A,19.9A,21.4 deg.C,0.0 deg.C,46Ah,Float
2026-07-06 07:51:03,50.7V,0.0A,0.0A,0.0A,15.9A,21.4 deg.C,0.0 deg.C,44Ah,Float
2026-07-06 07:41:03,50.6V,0.0A,0.0A,0.0A,20.6A,21.3 deg.C,0.0 deg.C,41Ah,Float
2026-07-06 07:31:03,50.5V,0.0A,0.0A,0.0A,16.2A,21.3 deg.C,0.0 deg.C,38Ah,Float
2026-07-06 07:21:03,50.4V,0.0A,0.0A,0.0A,17.4A,21.3 deg.C,0.0 deg.C,34Ah,Float
2026-07-06 07:11:03,50.3V,0.0A,0.0A,0.0A,13.7A,21.2 deg.C,0.0 deg.C,32Ah,Float
2026-07-06 07:01:03,50.2V,0.0A,0.0A,0.0A,18.1A,21.2 deg.C,0.0 deg.C,29Ah,Float
2026-07-06 06:51:03,50.1V,0.0A,0.0A,0.0A,17.8A,21.2 deg.C,0.0 deg.C,27Ah,Float
2026-07-06 06:41:03,50.0V,0.0A,0.0A,0.0A,18.0A,21.1 deg.C,0.0 deg.C,24Ah,Float
2026-07-06 06:31:03,49.8V,0.0A,0.0A,0.0A,14.3A,20.9 deg.C,0.0 deg.C,21Ah,Float
2026-07-06 06:21:03,49.8V,0.0A,0.0A,0.0A,18.8A,20.6 deg.C,0.0 deg.C,18Ah,Float
2026-07-06 06:11:03,49.6V,0.0A,0.0A,0.0A,17.7A,20.5 deg.C,0.0 deg.C,15Ah,Float
2026-07-06 06:01:03,49.4V,0.0A,0.0A,0.0A,17.6A,20.1 deg.C,0.0 deg.C,12Ah,Float
2026-07-06 05:51:03,49.3V,0.0A,0.0A,0.0A,14.7A,19.7 deg.C,0.0 deg.C,9Ah,Float
2026-07-06 05:41:03,48.5V,0.0A,0.0A,43.8A,-43.3A,19.5 deg.C,0.0 deg.C,8Ah,Discharge
2026-07-06 05:31:03,48.7V,0.0A,0.0A,43.4A,-43.5A,19.7 deg.C,0.0 deg.C,15Ah,Discharge
2026-07-06 05:21:03,49.0V,0.0A,0.0A,42.6A,-43.3A,19.9 deg.C,0.0 deg.C,23Ah,Discharge
2026-07-06 05:11:03,49.2V,0.0A,0.0A,48.2A,-47.8A,20.1 deg.C,0.0 deg.C,30Ah,Discharge
2026-07-06 05:01:03,49.5V,0.0A,0.0A,46.0A,-47.2A,20.3 deg.C,0.0 deg.C,38Ah,Discharge
2026-07-06 04:51:03,49.8V,0.0A,0.0A,43.0A,-42.2A,20.8 deg.C,0.0 deg.C,45Ah,Discharge
2026-07-06 04:41:03,50.0V,0.0A,0.0A,41.8A,-42.4A,21.2 deg.C,0.0 deg.C,52Ah,Discharge
2026-07-06 04:31:03,50.9V,0.0A,0.0A,0.0A,18.2A,21.4 deg.C,0.0 deg.C,56Ah,Float
2026-07-06 04:21:03,50.5V,0.0A,0.0A,20.6A,-20.5A,21.6 deg.C,0.0 deg.C,56Ah,Float
2026-07-06 04:11:03,51.0V,0.0A,0.0A,0.0A,18.7A,21.6 deg.C,0.0 deg.C,56Ah,Float
2026-07-06 04:01:03,50.5V,0.0A,0.0A,14.1A,-15.4A,21.7 deg.C,0.0 deg.C,55Ah,Float
2026-07-06 03:51:03,50.5V,0.0A,0.0A,14.6A,-14.4A,21.8 deg.C,0.0 deg.C,55Ah,Float
2026-07-06 03:41:03,50.9V,0.0A,0.0A,0.0A,14.3A,21.9 deg.C,0.0 deg.C,55Ah,Float
2026-07-06 03:31:03,50.6V,0.0A,0.0A,6.2A,-6.1A,22.1 deg.C,0.0 deg.C,54Ah,Float
2026-07-06 03:21:03,50.8V,0.0A,0.0A,0.0A,18.1A,22.2 deg.C,0.0 deg.C,51Ah,Float
2026-07-06 03:11:03,50.8V,0.0A,0.0A,0.0A,17.8A,22.4 deg.C,0.0 deg.C,48Ah,Float
2026-07-06 03:01:03,50.6V,0.0A,0.0A,0.0A,14.0A,22.4 deg.C,0.0 deg.C,45Ah,Float
2026-07-06 02:51:03,50.6V,0.0A,0.0A,0.0A,17.0A,22.3 deg.C,0.0 deg.C,43Ah,Float
2026-07-06 02:41:03,50.5V,0.0A,0.0A,0.0A,17.8A,22.3 deg.C,0.0 deg.C,40Ah,Float
2026-07-06 02:31:03,50.4V,0.0A,0.0A,0.0A,17.4A,22.3 deg.C,0.0 deg.C,37Ah,Float
2026-07-06 02:21:03,50.3V,0.0A,0.0A,0.0A,13.1A,22.3 deg.C,0.0 deg.C,35Ah,Float
2026-07-06 02:11:03,50.2V,0.0A,0.0A,0.0A,14.2A,22.2 deg.C,0.0 deg.C,32Ah,Float
2026-07-06 02:01:03,50.1V,0.0A,0.0A,0.0A,16.0A,22.2 deg.C,0.0 deg.C,29Ah,Float
2026-07-06 01:51:03,50.0V,0.0A,0.0A,0.0A,12.4A,22.2 deg.C,0.0 deg.C,27Ah,Float
2026-07-06 01:41:03,49.9V,0.0A,0.0A,0.0A,15.2A,22.1 deg.C,0.0 deg.C,25Ah,Float
2026-07-06 01:31:03,49.8V,0.0A,0.0A,0.0A,15.5A,21.9 deg.C,0.0 deg.C,22Ah,Float
2026-07-06 01:21:03,49.7V,0.0A,0.0A,0.0A,15.5A,21.6 deg.C,0.0 deg.C,20Ah,Float
2026-07-06 01:11:03,49.6V,0.0A,0.0A,0.0A,13.2A,21.2 deg.C,0.0 deg.C,18Ah,Float
2026-07-06 01:01:02,49.5V,0.0A,0.0A,0.0A,16.0A,20.5 deg.C,0.0 deg.C,15Ah,Float
2026-07-06 00:51:02,49.4V,0.0A,0.0A,0.0A,11.5A,19.9 deg.C,0.0 deg.C,13Ah,Float
2026-07-06 00:41:02,49.2V,0.0A,0.0A,0.0A,6.6A,21.3 deg.C,0.0 deg.C,11Ah,Float
2026-07-06 00:31:02,49.3V,0.0A,0.0A,0.0A,13.2A,22.6 deg.C,0.0 deg.C,10Ah,Float
2026-07-06 00:21:02,49.2V,0.0A,0.0A,0.0A,11.9A,22.4 deg.C,0.0 deg.C,7Ah,Float
2026-07-06 00:11:02,49.0V,0.0A,0.0A,0.0A,8.7A,22.0 deg.C,0.0 deg.C,6Ah,Float
2026-07-06 00:01:02,49.0V,0.0A,0.0A,0.0A,13.9A,21.5 deg.C,0.0 deg.C,4Ah,Float
2026-07-05 23:51:02,48.9V,0.0A,0.0A,0.0A,12.2A,20.7 deg.C,0.0 deg.C,2Ah,Float
2026-07-05 23:41:02,48.9V,0.0A,0.0A,0.0A,0.0A,21.3 deg.C,0.0 deg.C,4Ah,Float
2026-07-05 23:31:02,48.9V,0.0A,0.0A,0.0A,7.7A,22.7 deg.C,0.0 deg.C,3Ah,Float
2026-07-05 23:21:02,48.8V,0.0A,0.0A,0.0A,10.9A,22.5 deg.C,0.0 deg.C,1Ah,Float
2026-07-05 23:11:02,48.6V,0.0A,0.0A,0.0A,6.2A,22.1 deg.C,0.0 deg.C,0Ah,Float
2026-07-05 23:01:02,48.2V,0.0A,0.0A,58.8A,-57.2A,21.9 deg.C,0.0 deg.C,2Ah,Discharge
2026-07-05 22:51:02,48.9V,0.0A,0.0A,0.0A,9.1A,21.2 deg.C,0.0 deg.C,1Ah,Float
2026-07-05 22:41:02,48.0V,0.0A,0.0A,57.6A,-57.4A,20.5 deg.C,0.0 deg.C,0Ah,Discharge
2026-07-05 22:31:02,49.0V,0.0A,0.0A,0.0A,6.1A,20.1 deg.C,0.0 deg.C,4Ah,Float
2026-07-05 22:21:02,49.0V,0.0A,0.0A,0.0A,9.9A,20.4 deg.C,0.0 deg.C,2Ah,Float
2026-07-05 22:11:02,48.2V,0.0A,0.0A,55.0A,-57.1A,21.0 deg.C,0.0 deg.C,3Ah,Discharge
2026-07-05 22:01:02,48.3V,0.0A,0.0A,56.0A,-58.5A,21.9 deg.C,0.0 deg.C,6Ah,Discharge
2026-07-05 21:51:02,49.0V,0.0A,0.0A,0.0A,8.5A,22.5 deg.C,0.0 deg.C,5Ah,Float
2026-07-05 21:41:02,48.2V,0.0A,0.0A,54.1A,-58.8A,22.0 deg.C,0.0 deg.C,6Ah,Discharge
2026-07-05 21:31:02,49.2V,0.0A,0.0A,0.0A,0.0A,21.5 deg.C,0.0 deg.C,10Ah,Float
2026-07-05 21:21:02,49.1V,0.0A,0.0A,0.0A,9.4A,20.5 deg.C,0.0 deg.C,9Ah,Float
2026-07-05 21:11:02,49.3V,0.0A,0.0A,0.0A,6.5A,20.5 deg.C,0.0 deg.C,14Ah,Float
2026-07-05 21:01:02,49.3V,0.0A,0.0A,0.0A,6.1A,20.6 deg.C,0.0 deg.C,13Ah,Float
2026-07-05 20:51:02,49.3V,0.0A,0.0A,0.0A,10.0A,20.7 deg.C,0.0 deg.C,11Ah,Float
2026-07-05 20:41:02,48.5V,0.0A,0.0A,55.3A,-55.7A,21.0 deg.C,0.0 deg.C,13Ah,Discharge
2026-07-05 20:31:02,49.4V,0.0A,0.0A,0.0A,10.5A,21.6 deg.C,0.0 deg.C,14Ah,Float
2026-07-05 20:21:02,49.3V,0.0A,0.0A,0.0A,10.0A,22.6 deg.C,0.0 deg.C,12Ah,Float
2026-07-05 20:11:02,49.2V,0.0A,0.0A,0.0A,9.4A,21.9 deg.C,0.0 deg.C,11Ah,Float
2026-07-05 20:01:02,48.7V,0.0A,0.0A,49.7A,-49.7A,21.1 deg.C,0.0 deg.C,17Ah,Discharge
2026-07-05 19:51:02,49.1V,0.0A,0.0A,51.4A,-54.1A,20.4 deg.C,0.0 deg.C,25Ah,Discharge
2026-07-05 19:41:02,49.8V,0.0A,0.0A,0.0A,7.9A,20.4 deg.C,0.0 deg.C,25Ah,Float
2026-07-05 19:31:02,49.8V,0.0A,0.0A,0.0A,12.3A,20.3 deg.C,0.0 deg.C,24Ah,Float
2026-07-05 19:21:02,49.7V,0.0A,0.0A,0.0A,10.7A,20.4 deg.C,0.0 deg.C,22Ah,Float
2026-07-05 19:11:02,49.7V,0.0A,0.0A,0.0A,11.3A,20.5 deg.C,0.0 deg.C,20Ah,Float
2026-07-05 19:01:02,49.6V,0.0A,0.0A,0.0A,15.8A,20.6 deg.C,0.0 deg.C,18Ah,Float
2026-07-05 18:51:02,49.5V,0.0A,0.0A,0.0A,10.9A,20.6 deg.C,0.0 deg.C,16Ah,Float
2026-07-05 18:41:02,49.4V,0.0A,0.0A,0.0A,7.4A,20.7 deg.C,0.0 deg.C,14Ah,Float
2026-07-05 18:31:02,49.3V,0.0A,0.0A,0.0A,9.7A,20.8 deg.C,0.0 deg.C,12Ah,Float
2026-07-05 18:21:02,49.2V,0.0A,0.0A,0.0A,10.2A,20.9 deg.C,0.0 deg.C,10Ah,Float
2026-07-05 18:11:02,49.2V,0.0A,0.0A,0.0A,9.2A,21.0 deg.C,0.0 deg.C,9Ah,Float
2026-07-05 18:01:02,49.1V,0.0A,0.0A,0.0A,9.5A,21.0 deg.C,0.0 deg.C,7Ah,Float
2026-07-05 17:51:02,49.0V,0.0A,0.0A,0.0A,7.2A,21.0 deg.C,0.0 deg.C,6Ah,Float
2026-07-05 17:41:02,49.0V,0.0A,0.0A,0.0A,9.6A,21.2 deg.C,0.0 deg.C,4Ah,Float
2026-07-05 17:31:02,48.9V,0.0A,0.0A,0.0A,7.7A,21.2 deg.C,0.0 deg.C,3Ah,Float
2026-07-05 17:21:02,48.8V,0.0A,0.0A,0.0A,8.0A,21.3 deg.C,0.0 deg.C,2Ah,Float
2026-07-05 17:11:02,48.8V,0.0A,0.0A,0.0A,8.1A,21.4 deg.C,0.0 deg.C,1Ah,Float
2026-07-05 17:01:02,48.0V,0.0A,0.0A,53.5A,-54.0A,21.5 deg.C,0.0 deg.C,1Ah,Discharge
2026-07-05 16:51:02,48.8V,0.0A,0.0A,0.0A,7.6A,21.5 deg.C,0.0 deg.C,0Ah,Float
2026-07-05 16:41:02,48.0V,0.0A,0.0A,56.3A,-53.4A,21.5 deg.C,0.0 deg.C,0Ah,Discharge
2026-07-05 16:31:02,48.9V,0.0A,0.0A,0.0A,0.0A,21.6 deg.C,0.0 deg.C,0Ah,Float
2026-07-05 16:21:02,48.2V,0.0A,0.0A,54.9A,-54.2A,21.7 deg.C,0.0 deg.C,0Ah,Discharge
2026-07-05 16:11:02,48.9V,0.0A,0.0A,0.0A,7.0A,21.7 deg.C,0.0 deg.C,0Ah,Float
2026-07-05 16:01:02,49.1V,0.0A,0.0A,0.0A,6.1A,21.9 deg.C,0.0 deg.C,2Ah,Float
2026-07-05 15:51:02,49.0V,0.0A,0.0A,0.0A,6.5A,21.9 deg.C,0.0 deg.C,1Ah,Float
2026-07-05 15:41:02,48.9V,0.0A,0.0A,0.0A,6.6A,21.9 deg.C,0.0 deg.C,0Ah,Float
2026-07-05 15:31:02,49.0V,0.0A,0.0A,0.0A,6.8A,21.9 deg.C,0.0 deg.C,0Ah,Float
2026-07-05 15:21:02,49.1V,0.0A,0.0A,0.0A,8.0A,21.9 deg.C,0.0 deg.C,0Ah,Float
2026-07-05 15:11:02,49.2V,0.0A,0.0A,0.0A,8.2A,21.9 deg.C,0.0 deg.C,0Ah,Float
2026-07-05 15:01:02,48.7V,0.0A,0.0A,54.5A,-52.6A,21.9 deg.C,0.0 deg.C,5Ah,Discharge
2026-07-05 14:51:02,49.0V,0.0A,0.0A,53.8A,-54.5A,21.9 deg.C,0.0 deg.C,15Ah,Discharge
2026-07-05 14:41:02,49.3V,0.0A,0.0A,53.1A,-53.6A,21.9 deg.C,0.0 deg.C,23Ah,Discharge
2026-07-05 14:31:02,49.6V,0.0A,0.0A,53.5A,-54.0A,22.1 deg.C,0.0 deg.C,32Ah,Discharge
2026-07-05 14:21:02,49.9V,0.0A,0.0A,52.3A,-53.0A,22.3 deg.C,0.0 deg.C,41Ah,Discharge
2026-07-05 14:11:02,50.8V,0.0A,0.0A,0.0A,7.1A,22.4 deg.C,0.0 deg.C,46Ah,Float
2026-07-05 14:01:02,50.9V,0.0A,0.0A,0.0A,7.1A,22.3 deg.C,0.0 deg.C,47Ah,Float
2026-07-05 13:51:02,50.8V,0.0A,0.0A,0.0A,8.0A,22.3 deg.C,0.0 deg.C,46Ah,Float
2026-07-05 13:41:02,50.9V,0.0A,0.0A,0.0A,7.6A,22.2 deg.C,0.0 deg.C,47Ah,Float
2026-07-05 13:31:02,50.8V,0.0A,0.0A,0.0A,7.8A,22.1 deg.C,0.0 deg.C,46Ah,Float
2026-07-05 13:21:02,50.9V,0.0A,0.0A,0.0A,7.6A,22.0 deg.C,0.0 deg.C,47Ah,Float
2026-07-05 13:11:02,50.8V,0.0A,0.0A,0.0A,6.4A,21.9 deg.C,0.0 deg.C,47Ah,Float
2026-07-05 13:01:02,50.6V,0.0A,0.0A,16.3A,-16.5A,21.9 deg.C,0.0 deg.C,47Ah,Discharge
2026-07-05 12:51:02,50.8V,0.0A,0.0A,0.0A,7.3A,21.9 deg.C,0.0 deg.C,47Ah,Float
2026-07-05 12:41:02,50.5V,0.0A,0.0A,27.3A,-25.2A,21.9 deg.C,0.0 deg.C,47Ah,Discharge
2026-07-05 12:31:02,50.9V,0.0A,0.0A,0.0A,8.9A,22.0 deg.C,0.0 deg.C,47Ah,Float
2026-07-05 12:21:02,50.9V,0.0A,0.0A,0.0A,9.5A,22.0 deg.C,0.0 deg.C,47Ah,Float
2026-07-05 12:11:02,50.9V,0.0A,0.0A,0.0A,9.7A,22.0 deg.C,0.0 deg.C,47Ah,Float
2026-07-05 12:01:02,50.6V,0.0A,0.0A,14.7A,-13.8A,21.9 deg.C,0.0 deg.C,46Ah,Float
2026-07-05 11:51:02,50.8V,0.0A,0.0A,0.0A,5.9A,21.8 deg.C,0.0 deg.C,47Ah,Float
2026-07-05 11:41:02,50.9V,0.0A,0.0A,0.0A,10.2A,21.8 deg.C,0.0 deg.C,47Ah,Float
2026-07-05 11:31:02,50.9V,0.0A,0.0A,0.0A,11.4A,21.8 deg.C,0.0 deg.C,47Ah,Float
2026-07-05 11:21:02,50.9V,0.0A,0.0A,0.0A,11.8A,21.8 deg.C,0.0 deg.C,47Ah,Float
2026-07-05 11:11:02,50.9V,0.0A,0.0A,0.0A,12.0A,21.7 deg.C,0.0 deg.C,47Ah,Float
2026-07-05 11:01:02,50.5V,0.0A,0.0A,26.9A,-11.5A,21.6 deg.C,0.0 deg.C,47Ah,Float
2026-07-05 10:51:02,50.6V,0.0A,0.0A,11.3A,-12.8A,21.5 deg.C,0.0 deg.C,47Ah,Float
2026-07-05 10:41:02,50.5V,0.0A,0.0A,19.6A,-20.4A,21.4 deg.C,0.0 deg.C,46Ah,Discharge
2026-07-05 10:31:02,50.8V,0.0A,0.0A,0.0A,11.7A,21.3 deg.C,0.0 deg.C,46Ah,Float
2026-07-05 10:21:02,50.9V,0.0A,0.0A,0.0A,12.4A,21.2 deg.C,0.0 deg.C,46Ah,Float
2026-07-05 10:11:02,50.9V,0.0A,0.0A,0.0A,11.3A,21.0 deg.C,0.0 deg.C,46Ah,Float
2026-07-05 10:01:02,50.5V,0.0A,0.0A,17.3A,-18.2A,20.9 deg.C,0.0 deg.C,46Ah,Float
2026-07-05 09:51:02,50.8V,0.0A,0.0A,0.0A,9.2A,20.7 deg.C,0.0 deg.C,45Ah,Float
2026-07-05 09:41:02,50.9V,0.0A,0.0A,0.0A,13.3A,20.6 deg.C,0.0 deg.C,45Ah,Float
2026-07-05 09:31:02,50.8V,0.0A,0.0A,0.0A,11.8A,20.7 deg.C,0.0 deg.C,44Ah,Float
2026-07-05 09:21:02,50.8V,0.0A,0.0A,0.0A,10.6A,21.2 deg.C,0.0 deg.C,42Ah,Float
2026-07-05 09:11:02,50.7V,0.0A,0.0A,0.0A,11.2A,22.5 deg.C,0.0 deg.C,40Ah,Float
2026-07-05 09:01:02,50.7V,0.0A,0.0A,0.0A,14.7A,22.5 deg.C,0.0 deg.C,37Ah,Float
2026-07-05 08:51:02,50.6V,0.0A,0.0A,0.0A,13.7A,21.9 deg.C,0.0 deg.C,35Ah,Float
2026-07-05 08:41:02,50.5V,0.0A,0.0A,0.0A,13.6A,21.5 deg.C,0.0 deg.C,32Ah,Float
2026-07-05 08:31:02,50.4V,0.0A,0.0A,0.0A,15.8A,21.1 deg.C,0.0 deg.C,29Ah,Float
2026-07-05 08:21:02,50.3V,0.0A,0.0A,0.0A,13.7A,20.8 deg.C,0.0 deg.C,27Ah,Float
2026-07-05 08:11:02,50.3V,0.0A,0.0A,0.0A,20.2A,20.6 deg.C,0.0 deg.C,23Ah,Float
2026-07-05 08:01:02,50.1V,0.0A,0.0A,0.0A,16.7A,20.5 deg.C,0.0 deg.C,20Ah,Float
2026-07-05 07:51:02,50.1V,0.0A,0.0A,0.0A,20.4A,20.4 deg.C,0.0 deg.C,18Ah,Float
2026-07-05 07:41:02,49.9V,0.0A,0.0A,0.0A,20.6A,20.3 deg.C,0.0 deg.C,14Ah,Float
2026-07-05 07:31:02,49.8V,0.0A,0.0A,0.0A,17.5A,20.1 deg.C,0.0 deg.C,11Ah,Float
2026-07-05 07:21:02,49.6V,0.0A,0.0A,0.0A,17.8A,19.9 deg.C,0.0 deg.C,8Ah,Float
2026-07-05 07:11:02,49.5V,0.0A,0.0A,0.0A,14.3A,19.6 deg.C,0.0 deg.C,5Ah,Float
2026-07-05 07:01:02,49.3V,0.0A,0.0A,0.0A,16.1A,19.3 deg.C,0.0 deg.C,3Ah,Float
2026-07-05 06:51:02,49.1V,0.0A,0.0A,0.0A,17.4A,19.2 deg.C,0.0 deg.C,0Ah,Float
2026-07-05 06:41:02,48.7V,0.0A,0.0A,44.0A,-43.8A,19.3 deg.C,0.0 deg.C,6Ah,Discharge
2026-07-05 06:31:02,49.0V,0.0A,0.0A,43.2A,-43.4A,19.5 deg.C,0.0 deg.C,13Ah,Discharge
2026-07-05 06:21:02,49.2V,0.0A,0.0A,46.7A,-47.3A,19.8 deg.C,0.0 deg.C,21Ah,Discharge
2026-07-05 06:11:02,49.5V,0.0A,0.0A,42.7A,-42.7A,20.0 deg.C,0.0 deg.C,29Ah,Discharge
2026-07-05 06:01:02,49.7V,0.0A,0.0A,42.5A,-42.4A,20.3 deg.C,0.0 deg.C,36Ah,Discharge
2026-07-05 05:51:02,50.0V,0.0A,0.0A,41.3A,-41.9A,20.6 deg.C,0.0 deg.C,43Ah,Discharge
2026-07-05 05:41:02,50.6V,0.0A,0.0A,15.0A,-15.2A,21.0 deg.C,0.0 deg.C,48Ah,Float
2026-07-05 05:31:02,50.9V,0.0A,0.0A,0.0A,13.4A,21.1 deg.C,0.0 deg.C,48Ah,Float
2026-07-05 05:21:02,50.6V,0.0A,0.0A,7.8A,-7.4A,21.1 deg.C,0.0 deg.C,47Ah,Float
2026-07-05 05:11:02,50.6V,0.0A,0.0A,7.1A,-7.1A,21.3 deg.C,0.0 deg.C,47Ah,Float
2026-07-05 05:01:02,50.6V,0.0A,0.0A,9.4A,-8.6A,21.5 deg.C,0.0 deg.C,48Ah,Float
2026-07-05 04:51:02,50.5V,0.0A,0.0A,16.8A,-17.4A,21.6 deg.C,0.0 deg.C,47Ah,Float
2026-07-05 04:41:02,50.9V,0.0A,0.0A,0.0A,17.6A,21.7 deg.C,0.0 deg.C,46Ah,Float
2026-07-05 04:31:02,50.6V,0.0A,0.0A,6.7A,-7.0A,21.9 deg.C,0.0 deg.C,46Ah,Float
2026-07-05 04:21:02,50.9V,0.0A,0.0A,0.0A,18.1A,22.1 deg.C,0.0 deg.C,45Ah,Float
2026-07-05 04:11:02,50.8V,0.0A,0.0A,0.0A,13.9A,22.1 deg.C,0.0 deg.C,43Ah,Float
2026-07-05 04:01:02,50.8V,0.0A,0.0A,0.0A,17.9A,22.2 deg.C,0.0 deg.C,41Ah,Float
2026-07-05 03:51:02,50.7V,0.0A,0.0A,0.0A,17.4A,22.2 deg.C,0.0 deg.C,38Ah,Float
2026-07-05 03:41:02,50.6V,0.0A,0.0A,0.0A,17.7A,22.2 deg.C,0.0 deg.C,35Ah,Float
2026-07-05 03:31:02,50.4V,0.0A,0.0A,0.0A,13.5A,22.2 deg.C,0.0 deg.C,32Ah,Float
2026-07-05 03:21:02,50.4V,0.0A,0.0A,0.0A,16.7A,22.2 deg.C,0.0 deg.C,30Ah,Float
2026-07-05 03:11:02,50.3V,0.0A,0.0A,0.0A,16.9A,22.1 deg.C,0.0 deg.C,27Ah,Float
2026-07-05 03:01:02,50.1V,0.0A,0.0A,0.0A,13.4A,22.1 deg.C,0.0 deg.C,24Ah,Float
2026-07-05 02:51:02,50.1V,0.0A,0.0A,0.0A,13.9A,22.1 deg.C,0.0 deg.C,22Ah,Float
2026-07-05 02:41:02,50.0V,0.0A,0.0A,0.0A,17.8A,22.1 deg.C,0.0 deg.C,19Ah,Float
2026-07-05 02:31:02,49.9V,0.0A,0.0A,0.0A,17.6A,22.0 deg.C,0.0 deg.C,16Ah,Float
2026-07-05 02:21:02,49.7V,0.0A,0.0A,0.0A,13.5A,21.9 deg.C,0.0 deg.C,13Ah,Float
2026-07-05 02:11:02,49.6V,0.0A,0.0A,0.0A,13.3A,21.7 deg.C,0.0 deg.C,11Ah,Float
2026-07-05 02:01:02,49.5V,0.0A,0.0A,0.0A,17.3A,21.5 deg.C,0.0 deg.C,8Ah,Float
2026-07-05 01:51:02,49.4V,0.0A,0.0A,0.0A,18.4A,21.1 deg.C,0.0 deg.C,5Ah,Float
2026-07-05 01:41:02,49.2V,0.0A,0.0A,0.0A,12.5A,20.6 deg.C,0.0 deg.C,3Ah,Float
2026-07-05 01:31:02,48.6V,0.0A,0.0A,47.8A,-46.5A,20.5 deg.C,0.0 deg.C,8Ah,Discharge
2026-07-05 01:21:02,48.9V,0.0A,0.0A,51.5A,-49.1A,20.4 deg.C,0.0 deg.C,16Ah,Discharge
2026-07-05 01:11:02,49.9V,0.0A,0.0A,0.0A,9.9A,19.9 deg.C,0.0 deg.C,21Ah,Float
2026-07-05 01:01:02,49.9V,0.0A,0.0A,0.0A,12.5A,21.0 deg.C,0.0 deg.C,19Ah,Float
2026-07-05 00:51:02,49.8V,0.0A,0.0A,0.0A,15.2A,22.7 deg.C,0.0 deg.C,17Ah,Float
2026-07-05 00:41:02,49.6V,0.0A,0.0A,0.0A,6.0A,22.6 deg.C,0.0 deg.C,15Ah,Float
2026-07-05 00:31:02,49.6V,0.0A,0.0A,0.0A,11.8A,22.4 deg.C,0.0 deg.C,13Ah,Float
2026-07-05 00:21:02,49.5V,0.0A,0.0A,0.0A,14.2A,22.1 deg.C,0.0 deg.C,11Ah,Float
2026-07-05 00:11:02,49.4V,0.0A,0.0A,0.0A,7.7A,21.8 deg.C,0.0 deg.C,9Ah,Float
2026-07-05 00:01:02,49.3V,0.0A,0.0A,0.0A,7.4A,21.3 deg.C,0.0 deg.C,7Ah,Float
2026-07-04 23:51:02,49.2V,0.0A,0.0A,0.0A,13.0A,20.6 deg.C,0.0 deg.C,5Ah,Float
2026-07-04 23:41:02,48.7V,0.0A,0.0A,52.2A,-53.1A,20.1 deg.C,0.0 deg.C,11Ah,Discharge
2026-07-04 23:31:02,49.5V,0.0A,0.0A,0.0A,8.3A,19.9 deg.C,0.0 deg.C,11Ah,Float
2026-07-04 23:21:02,49.4V,0.0A,0.0A,0.0A,11.7A,20.3 deg.C,0.0 deg.C,9Ah,Float
2026-07-04 23:11:02,49.2V,0.0A,0.0A,0.0A,5.5A,21.5 deg.C,0.0 deg.C,8Ah,Float
2026-07-04 23:01:02,49.2V,0.0A,0.0A,0.0A,0.0A,22.7 deg.C,0.0 deg.C,7Ah,Float
2026-07-04 22:51:02,49.2V,0.0A,0.0A,0.0A,11.6A,22.3 deg.C,0.0 deg.C,5Ah,Float
2026-07-04 22:41:02,49.3V,0.0A,0.0A,0.0A,0.0A,22.3 deg.C,0.0 deg.C,11Ah,Float
2026-07-04 22:31:02,49.3V,0.0A,0.0A,0.0A,6.4A,21.8 deg.C,0.0 deg.C,10Ah,Float
2026-07-04 22:21:02,49.3V,0.0A,0.0A,0.0A,10.8A,21.1 deg.C,0.0 deg.C,8Ah,Float
2026-07-04 22:11:02,48.5V,0.0A,0.0A,59.5A,-61.5A,20.4 deg.C,0.0 deg.C,11Ah,Discharge
2026-07-04 22:01:02,49.5V,0.0A,0.0A,0.0A,0.0A,20.8 deg.C,0.0 deg.C,14Ah,Float
2026-07-04 21:51:02,49.5V,0.0A,0.0A,0.0A,9.4A,21.6 deg.C,0.0 deg.C,12Ah,Float
2026-07-04 21:41:02,49.3V,0.0A,0.0A,0.0A,5.7A,22.7 deg.C,0.0 deg.C,11Ah,Float
2026-07-04 21:31:02,49.3V,0.0A,0.0A,0.0A,0.0A,22.2 deg.C,0.0 deg.C,10Ah,Float
2026-07-04 21:21:02,49.2V,0.0A,0.0A,0.0A,9.6A,21.6 deg.C,0.0 deg.C,8Ah,Float
2026-07-04 21:11:02,48.6V,0.0A,0.0A,50.8A,-53.5A,21.4 deg.C,0.0 deg.C,13Ah,Discharge
2026-07-04 21:01:02,49.0V,0.0A,0.0A,55.0A,-53.2A,21.1 deg.C,0.0 deg.C,23Ah,Discharge
2026-07-04 20:51:02,49.3V,0.0A,0.0A,51.6A,-48.3A,20.8 deg.C,0.0 deg.C,31Ah,Discharge
2026-07-04 20:41:02,49.6V,0.0A,0.0A,52.9A,-52.8A,20.2 deg.C,0.0 deg.C,40Ah,Discharge
2026-07-04 20:31:02,50.7V,0.0A,0.0A,0.0A,9.7A,20.1 deg.C,0.0 deg.C,45Ah,Float
2026-07-04 20:21:02,50.6V,0.0A,0.0A,0.0A,7.8A,20.2 deg.C,0.0 deg.C,43Ah,Float
2026-07-04 20:11:02,50.5V,0.0A,0.0A,0.0A,6.9A,20.3 deg.C,0.0 deg.C,42Ah,Float
2026-07-04 20:01:02,50.5V,0.0A,0.0A,0.0A,12.8A,20.3 deg.C,0.0 deg.C,41Ah,Float
2026-07-04 19:51:02,50.4V,0.0A,0.0A,0.0A,8.1A,20.4 deg.C,0.0 deg.C,39Ah,Float
2026-07-04 19:41:02,50.4V,0.0A,0.0A,0.0A,8.1A,20.4 deg.C,0.0 deg.C,38Ah,Float
2026-07-04 19:31:02,50.4V,0.0A,0.0A,0.0A,12.4A,20.5 deg.C,0.0 deg.C,36Ah,Float
2026-07-04 19:21:02,50.3V,0.0A,0.0A,0.0A,13.4A,20.5 deg.C,0.0 deg.C,34Ah,Float
2026-07-04 19:11:02,50.2V,0.0A,0.0A,0.0A,12.7A,20.4 deg.C,0.0 deg.C,32Ah,Float
2026-07-04 19:01:02,50.2V,0.0A,0.0A,0.0A,17.9A,20.4 deg.C,0.0 deg.C,29Ah,Float
2026-07-04 18:51:02,50.1V,0.0A,0.0A,0.0A,13.4A,20.4 deg.C,0.0 deg.C,27Ah,Float
2026-07-04 18:41:02,50.0V,0.0A,0.0A,0.0A,16.8A,20.4 deg.C,0.0 deg.C,25Ah,Float
2026-07-04 18:31:02,49.9V,0.0A,0.0A,0.0A,13.4A,20.4 deg.C,0.0 deg.C,22Ah,Float
2026-07-04 18:21:01,49.8V,0.0A,0.0A,0.0A,12.8A,20.4 deg.C,0.0 deg.C,20Ah,Float
2026-07-04 18:11:01,49.8V,0.0A,0.0A,0.0A,15.9A,20.5 deg.C,0.0 deg.C,18Ah,Float
2026-07-04 18:01:01,49.6V,0.0A,0.0A,0.0A,11.2A,20.6 deg.C,0.0 deg.C,16Ah,Float
2026-07-04 17:51:01,49.5V,0.0A,0.0A,0.0A,10.9A,20.7 deg.C,0.0 deg.C,14Ah,Float
2026-07-04 17:41:01,49.4V,0.0A,0.0A,0.0A,9.8A,20.9 deg.C,0.0 deg.C,12Ah,Float
2026-07-04 17:31:01,49.4V,0.0A,0.0A,0.0A,8.9A,21.1 deg.C,0.0 deg.C,11Ah,Float
2026-07-04 17:21:01,49.3V,0.0A,0.0A,0.0A,7.2A,21.4 deg.C,0.0 deg.C,9Ah,Float
2026-07-04 17:11:01,49.2V,0.0A,0.0A,0.0A,9.2A,21.5 deg.C,0.0 deg.C,8Ah,Float
2026-07-04 17:01:01,49.1V,0.0A,0.0A,0.0A,8.1A,21.6 deg.C,0.0 deg.C,7Ah,Float
2026-07-04 16:51:01,49.1V,0.0A,0.0A,0.0A,8.7A,21.8 deg.C,0.0 deg.C,5Ah,Float
2026-07-04 16:41:01,49.0V,0.0A,0.0A,0.0A,7.7A,21.9 deg.C,0.0 deg.C,4Ah,Float
2026-07-04 16:31:01,49.0V,0.0A,0.0A,0.0A,5.4A,22.0 deg.C,0.0 deg.C,3Ah,Float
2026-07-04 16:21:01,48.9V,0.0A,0.0A,0.0A,8.1A,22.1 deg.C,0.0 deg.C,2Ah,Float
2026-07-04 16:11:01,48.8V,0.0A,0.0A,0.0A,8.0A,22.2 deg.C,0.0 deg.C,1Ah,Float
2026-07-04 16:01:01,49.0V,0.0A,0.0A,0.0A,7.8A,22.4 deg.C,0.0 deg.C,4Ah,Float
2026-07-04 15:51:01,48.9V,0.0A,0.0A,0.0A,6.2A,22.5 deg.C,0.0 deg.C,2Ah,Float
2026-07-04 15:41:01,48.8V,0.0A,0.0A,0.0A,6.5A,22.6 deg.C,0.0 deg.C,1Ah,Float
2026-07-04 15:31:01,48.9V,0.0A,0.0A,0.0A,6.0A,22.7 deg.C,0.0 deg.C,4Ah,Float
2026-07-04 15:21:01,49.0V,0.0A,0.0A,0.0A,0.0A,22.8 deg.C,0.0 deg.C,7Ah,Float
2026-07-04 15:11:01,48.9V,0.0A,0.0A,0.0A,0.0A,22.9 deg.C,0.0 deg.C,6Ah,Float
2026-07-04 15:01:01,49.0V,0.0A,0.0A,0.0A,5.0A,23.0 deg.C,0.0 deg.C,9Ah,Float
2026-07-04 14:51:01,49.2V,0.0A,0.0A,0.0A,0.0A,23.1 deg.C,0.0 deg.C,12Ah,Float
2026-07-04 14:41:01,49.2V,0.0A,0.0A,0.0A,6.2A,23.0 deg.C,0.0 deg.C,11Ah,Float
2026-07-04 14:31:01,49.1V,0.0A,0.0A,0.0A,8.3A,23.0 deg.C,0.0 deg.C,10Ah,Float
2026-07-04 14:21:01,49.0V,0.0A,0.0A,0.0A,6.2A,22.9 deg.C,0.0 deg.C,8Ah,Float
2026-07-04 14:11:01,49.1V,0.0A,0.0A,0.0A,7.3A,22.9 deg.C,0.0 deg.C,11Ah,Float
2026-07-04 14:01:01,49.0V,0.0A,0.0A,0.0A,6.0A,22.8 deg.C,0.0 deg.C,10Ah,Float
2026-07-04 13:51:01,49.1V,0.0A,0.0A,0.0A,6.1A,22.8 deg.C,0.0 deg.C,12Ah,Float
2026-07-04 13:41:01,48.8V,0.0A,0.0A,55.7A,-55.5A,22.8 deg.C,0.0 deg.C,19Ah,Float
2026-07-04 13:31:01,49.5V,0.0A,0.0A,0.0A,7.7A,22.7 deg.C,0.0 deg.C,18Ah,Float
2026-07-04 13:21:01,49.4V,0.0A,0.0A,0.0A,7.1A,22.5 deg.C,0.0 deg.C,17Ah,Float
2026-07-04 13:11:01,49.3V,0.0A,0.0A,0.0A,7.2A,22.3 deg.C,0.0 deg.C,16Ah,Float
2026-07-04 13:01:01,49.2V,0.0A,0.0A,0.0A,8.2A,22.0 deg.C,0.0 deg.C,15Ah,Float
2026-07-04 12:51:01,48.4V,0.0A,0.0A,55.2A,-54.7A,21.8 deg.C,0.0 deg.C,15Ah,Discharge
2026-07-04 12:41:01,48.8V,0.0A,0.0A,53.6A,-54.0A,21.8 deg.C,0.0 deg.C,24Ah,Discharge
2026-07-04 12:31:01,49.1V,0.0A,0.0A,54.3A,-54.9A,21.9 deg.C,0.0 deg.C,33Ah,Discharge
2026-07-04 12:21:01,49.5V,0.0A,0.0A,53.0A,-53.6A,22.0 deg.C,0.0 deg.C,42Ah,Discharge
2026-07-04 12:11:01,50.4V,0.0A,0.0A,0.0A,8.1A,22.0 deg.C,0.0 deg.C,45Ah,Float
2026-07-04 12:01:01,50.4V,0.0A,0.0A,0.0A,8.0A,21.8 deg.C,0.0 deg.C,43Ah,Float
2026-07-04 11:51:01,50.4V,0.0A,0.0A,0.0A,8.6A,21.7 deg.C,0.0 deg.C,42Ah,Float
2026-07-04 11:41:01,50.3V,0.0A,0.0A,0.0A,9.3A,21.6 deg.C,0.0 deg.C,40Ah,Float
2026-07-04 11:31:01,50.2V,0.0A,0.0A,0.0A,9.9A,21.6 deg.C,0.0 deg.C,39Ah,Float
2026-07-04 11:21:01,50.2V,0.0A,0.0A,0.0A,10.7A,21.6 deg.C,0.0 deg.C,37Ah,Float
2026-07-04 11:11:01,50.1V,0.0A,0.0A,0.0A,9.9A,21.6 deg.C,0.0 deg.C,35Ah,Float
2026-07-04 11:01:01,50.1V,0.0A,0.0A,0.0A,10.5A,21.5 deg.C,0.0 deg.C,33Ah,Float
2026-07-04 10:51:01,50.0V,0.0A,0.0A,0.0A,11.6A,21.5 deg.C,0.0 deg.C,32Ah,Float
2026-07-04 10:41:01,49.9V,0.0A,0.0A,0.0A,12.1A,21.5 deg.C,0.0 deg.C,30Ah,Float
2026-07-04 10:31:01,49.8V,0.0A,0.0A,0.0A,11.8A,21.4 deg.C,0.0 deg.C,28Ah,Float
2026-07-04 10:21:01,49.8V,0.0A,0.0A,0.0A,12.6A,21.3 deg.C,0.0 deg.C,26Ah,Float
2026-07-04 10:11:01,49.7V,0.0A,0.0A,0.0A,12.9A,21.3 deg.C,0.0 deg.C,24Ah,Float
2026-07-04 10:01:01,49.6V,0.0A,0.0A,0.0A,12.3A,21.5 deg.C,0.0 deg.C,22Ah,Float
2026-07-04 09:51:01,49.5V,0.0A,0.0A,0.0A,12.5A,22.2 deg.C,0.0 deg.C,19Ah,Float
2026-07-04 09:41:01,49.4V,0.0A,0.0A,0.0A,12.7A,22.9 deg.C,0.0 deg.C,17Ah,Float
2026-07-04 09:31:01,49.3V,0.0A,0.0A,0.0A,15.9A,22.1 deg.C,0.0 deg.C,15Ah,Float
2026-07-04 09:21:01,48.5V,0.0A,0.0A,42.0A,-41.6A,21.6 deg.C,0.0 deg.C,16Ah,Discharge
2026-07-04 09:11:01,48.8V,0.0A,0.0A,47.3A,-48.2A,21.1 deg.C,0.0 deg.C,24Ah,Discharge
2026-07-04 09:01:01,49.1V,0.0A,0.0A,46.0A,-46.2A,20.7 deg.C,0.0 deg.C,32Ah,Discharge
2026-07-04 08:51:01,49.4V,0.0A,0.0A,41.2A,-42.2A,20.3 deg.C,0.0 deg.C,39Ah,Discharge
2026-07-04 08:41:01,49.6V,0.0A,0.0A,44.3A,-46.7A,20.1 deg.C,0.0 deg.C,47Ah,Discharge
2026-07-04 08:31:01,49.9V,0.0A,0.0A,43.0A,-41.6A,20.0 deg.C,0.0 deg.C,55Ah,Discharge
2026-07-04 08:21:01,50.1V,0.0A,0.0A,45.4A,-46.9A,20.2 deg.C,0.0 deg.C,62Ah,Discharge
2026-07-04 08:11:01,50.6V,0.0A,0.0A,8.9A,-8.2A,20.1 deg.C,0.0 deg.C,63Ah,Float
2026-07-04 08:01:01,51.0V,0.0A,0.0A,0.0A,19.0A,20.1 deg.C,0.0 deg.C,63Ah,Float
2026-07-04 07:51:01,51.0V,0.0A,0.0A,0.0A,19.6A,20.2 deg.C,0.0 deg.C,63Ah,Float
2026-07-04 07:41:01,50.9V,0.0A,0.0A,0.0A,15.5A,20.2 deg.C,0.0 deg.C,63Ah,Float
2026-07-04 07:31:01,50.9V,0.0A,0.0A,0.0A,16.9A,20.1 deg.C,0.0 deg.C,63Ah,Float
2026-07-04 07:21:01,50.9V,0.0A,0.0A,0.0A,16.0A,20.1 deg.C,0.0 deg.C,63Ah,Float
2026-07-04 07:11:01,50.5V,0.0A,0.0A,18.4A,-19.3A,20.3 deg.C,0.0 deg.C,64Ah,Discharge
2026-07-04 07:01:01,50.9V,0.0A,0.0A,0.0A,11.8A,20.3 deg.C,0.0 deg.C,64Ah,Float
2026-07-04 06:51:01,50.9V,0.0A,0.0A,0.0A,15.7A,20.3 deg.C,0.0 deg.C,63Ah,Float
2026-07-04 06:41:01,50.6V,0.0A,0.0A,21.9A,-1.6A,20.3 deg.C,0.0 deg.C,64Ah,Float
2026-07-04 06:31:01,50.6V,0.0A,0.0A,9.0A,-9.2A,20.3 deg.C,0.0 deg.C,63Ah,Float
2026-07-04 06:21:01,50.5V,0.0A,0.0A,21.9A,-21.8A,20.5 deg.C,0.0 deg.C,64Ah,Discharge
2026-07-04 06:11:01,50.6V,0.0A,0.0A,9.0A,-9.2A,20.5 deg.C,0.0 deg.C,64Ah,Float
2026-07-04 06:01:01,50.6V,0.0A,0.0A,8.6A,-8.6A,20.6 deg.C,0.0 deg.C,64Ah,Float
2026-07-04 05:51:01,50.9V,0.0A,0.0A,0.0A,9.6A,20.6 deg.C,0.0 deg.C,64Ah,Float
2026-07-04 05:41:01,50.9V,0.0A,0.0A,0.0A,0.0A,20.8 deg.C,0.0 deg.C,64Ah,Float
2026-07-04 05:31:01,50.5V,0.0A,0.0A,17.5A,-17.5A,20.8 deg.C,0.0 deg.C,64Ah,Float
2026-07-04 05:21:01,50.9V,0.0A,0.0A,0.0A,18.1A,20.9 deg.C,0.0 deg.C,64Ah,Float
2026-07-04 05:11:01,50.8V,0.0A,0.0A,0.0A,-2.1A,21.1 deg.C,0.0 deg.C,63Ah,Float
2026-07-04 05:01:01,50.6V,0.0A,0.0A,15.5A,-15.1A,21.3 deg.C,0.0 deg.C,64Ah,Float
2026-07-04 04:51:01,50.9V,0.0A,0.0A,0.0A,12.4A,21.3 deg.C,0.0 deg.C,64Ah,Float
2026-07-04 04:41:01,50.5V,0.0A,0.0A,14.6A,-14.9A,21.4 deg.C,0.0 deg.C,64Ah,Float
2026-07-04 04:31:01,50.6V,0.0A,0.0A,9.9A,-9.7A,21.6 deg.C,0.0 deg.C,64Ah,Float
2026-07-04 04:21:01,50.6V,0.0A,0.0A,17.7A,-16.2A,21.7 deg.C,0.0 deg.C,64Ah,Float
2026-07-04 04:11:01,50.8V,0.0A,0.0A,0.0A,13.5A,21.7 deg.C,0.0 deg.C,63Ah,Float
2026-07-04 04:01:01,50.9V,0.0A,0.0A,0.0A,17.1A,21.7 deg.C,0.0 deg.C,63Ah,Float
2026-07-04 03:51:01,50.9V,0.0A,0.0A,0.0A,17.3A,21.8 deg.C,0.0 deg.C,63Ah,Float
2026-07-04 03:41:01,50.9V,0.0A,0.0A,0.0A,12.4A,22.0 deg.C,0.0 deg.C,63Ah,Float
2026-07-04 03:31:01,50.9V,0.0A,0.0A,0.0A,15.5A,22.1 deg.C,0.0 deg.C,62Ah,Float
2026-07-04 03:21:01,50.9V,0.0A,0.0A,0.0A,17.8A,22.2 deg.C,0.0 deg.C,59Ah,Float
2026-07-04 03:11:01,50.8V,0.0A,0.0A,0.0A,17.2A,22.3 deg.C,0.0 deg.C,57Ah,Float
2026-07-04 03:01:01,50.6V,0.0A,0.0A,0.0A,10.8A,22.3 deg.C,0.0 deg.C,54Ah,Float
2026-07-04 02:51:01,50.6V,0.0A,0.0A,0.0A,15.5A,22.3 deg.C,0.0 deg.C,52Ah,Float
2026-07-04 02:41:01,50.5V,0.0A,0.0A,0.0A,16.6A,22.2 deg.C,0.0 deg.C,50Ah,Float
2026-07-04 02:31:01,50.5V,0.0A,0.0A,0.0A,16.0A,22.2 deg.C,0.0 deg.C,47Ah,Float
2026-07-04 02:21:01,50.3V,0.0A,0.0A,0.0A,11.9A,22.2 deg.C,0.0 deg.C,45Ah,Float
2026-07-04 02:11:01,50.3V,0.0A,0.0A,0.0A,14.9A,22.1 deg.C,0.0 deg.C,43Ah,Float
2026-07-04 02:01:01,50.2V,0.0A,0.0A,0.0A,16.2A,21.9 deg.C,0.0 deg.C,40Ah,Float
2026-07-04 01:51:01,50.1V,0.0A,0.0A,0.0A,11.9A,21.6 deg.C,0.0 deg.C,38Ah,Float
2026-07-04 01:41:01,50.0V,0.0A,0.0A,0.0A,13.1A,21.1 deg.C,0.0 deg.C,36Ah,Float
2026-07-04 01:31:01,49.9V,0.0A,0.0A,0.0A,15.4A,20.4 deg.C,0.0 deg.C,33Ah,Float
2026-07-04 01:21:01,49.7V,0.0A,0.0A,0.0A,8.9A,20.3 deg.C,0.0 deg.C,31Ah,Float
2026-07-04 01:11:01,49.7V,0.0A,0.0A,0.0A,6.8A,22.4 deg.C,0.0 deg.C,29Ah,Float
2026-07-04 01:01:01,49.7V,0.0A,0.0A,0.0A,14.1A,22.7 deg.C,0.0 deg.C,27Ah,Float
2026-07-04 00:51:00,49.5V,0.0A,0.0A,0.0A,9.2A,22.5 deg.C,0.0 deg.C,25Ah,Float
2026-07-04 00:41:00,49.4V,0.0A,0.0A,0.0A,6.1A,22.2 deg.C,0.0 deg.C,24Ah,Float
2026-07-04 00:31:00,49.4V,0.0A,0.0A,0.0A,15.0A,21.9 deg.C,0.0 deg.C,22Ah,Float
2026-07-04 00:21:00,49.2V,0.0A,0.0A,0.0A,15.8A,21.3 deg.C,0.0 deg.C,19Ah,Float
2026-07-04 00:11:00,48.6V,0.0A,0.0A,57.5A,-57.4A,21.9 deg.C,0.0 deg.C,25Ah,Discharge
2026-07-04 00:01:00,49.5V,0.0A,0.0A,0.0A,11.0A,22.6 deg.C,0.0 deg.C,25Ah,Float
2026-07-03 23:51:00,49.4V,0.0A,0.0A,0.0A,12.9A,22.3 deg.C,0.0 deg.C,23Ah,Float
2026-07-03 23:41:00,49.2V,0.0A,0.0A,0.0A,7.1A,21.8 deg.C,0.0 deg.C,22Ah,Float
2026-07-03 23:31:00,49.2V,0.0A,0.0A,0.0A,10.9A,21.2 deg.C,0.0 deg.C,20Ah,Float
2026-07-03 23:21:00,48.5V,0.0A,0.0A,55.6A,-56.0A,21.0 deg.C,0.0 deg.C,24Ah,Discharge
2026-07-03 23:11:00,49.5V,0.0A,0.0A,0.0A,5.2A,22.6 deg.C,0.0 deg.C,27Ah,Float
2026-07-03 23:01:00,49.5V,0.0A,0.0A,0.0A,12.1A,22.4 deg.C,0.0 deg.C,26Ah,Float
2026-07-03 22:51:00,49.4V,0.0A,0.0A,0.0A,10.9A,22.1 deg.C,0.0 deg.C,24Ah,Float
2026-07-03 22:41:00,49.2V,0.0A,0.0A,0.0A,6.8A,21.6 deg.C,0.0 deg.C,23Ah,Float
2026-07-03 22:31:00,49.2V,0.0A,0.0A,0.0A,10.6A,21.0 deg.C,0.0 deg.C,21Ah,Float
2026-07-03 22:20:59,48.5V,0.0A,0.0A,52.0A,-53.0A,20.5 deg.C,0.0 deg.C,24Ah,Discharge
2026-07-03 22:10:59,49.5V,0.0A,0.0A,0.0A,0.0A,19.7 deg.C,0.0 deg.C,28Ah,Float
2026-07-03 22:00:59,49.5V,0.0A,0.0A,0.0A,10.9A,19.9 deg.C,0.0 deg.C,27Ah,Float
2026-07-03 21:50:59,49.4V,0.0A,0.0A,0.0A,10.1A,20.1 deg.C,0.0 deg.C,25Ah,Float
2026-07-03 21:40:59,49.3V,0.0A,0.0A,0.0A,7.5A,20.3 deg.C,0.0 deg.C,24Ah,Float
2026-07-03 21:30:59,49.3V,0.0A,0.0A,0.0A,8.7A,20.7 deg.C,0.0 deg.C,23Ah,Float
2026-07-03 21:20:59,48.4V,0.0A,0.0A,56.1A,-56.3A,21.4 deg.C,0.0 deg.C,24Ah,Discharge
2026-07-03 21:10:59,49.4V,0.0A,0.0A,0.0A,0.0A,22.7 deg.C,0.0 deg.C,26Ah,Float
2026-07-03 21:00:59,49.4V,0.0A,0.0A,0.0A,12.2A,22.4 deg.C,0.0 deg.C,25Ah,Float
2026-07-03 20:50:59,49.2V,0.0A,0.0A,0.0A,7.5A,21.9 deg.C,0.0 deg.C,23Ah,Float
2026-07-03 20:40:59,48.6V,0.0A,0.0A,59.5A,-56.0A,21.6 deg.C,0.0 deg.C,29Ah,Discharge
2026-07-03 20:30:59,49.0V,0.0A,0.0A,49.7A,-49.6A,21.2 deg.C,0.0 deg.C,37Ah,Discharge
2026-07-03 20:20:59,49.3V,0.0A,0.0A,52.1A,-55.0A,20.6 deg.C,0.0 deg.C,46Ah,Discharge
2026-07-03 20:10:59,50.4V,0.0A,0.0A,0.0A,5.9A,20.3 deg.C,0.0 deg.C,53Ah,Float
2026-07-03 20:00:59,50.4V,0.0A,0.0A,0.0A,14.1A,20.4 deg.C,0.0 deg.C,52Ah,Float
2026-07-03 19:50:59,50.3V,0.0A,0.0A,0.0A,8.6A,20.5 deg.C,0.0 deg.C,50Ah,Float
2026-07-03 19:40:59,50.3V,0.0A,0.0A,0.0A,9.1A,20.5 deg.C,0.0 deg.C,48Ah,Float
2026-07-03 19:30:59,50.2V,0.0A,0.0A,0.0A,13.5A,20.5 deg.C,0.0 deg.C,46Ah,Float
2026-07-03 19:20:59,50.2V,0.0A,0.0A,0.0A,13.3A,20.5 deg.C,0.0 deg.C,44Ah,Float
2026-07-03 19:10:59,50.2V,0.0A,0.0A,0.0A,17.5A,20.4 deg.C,0.0 deg.C,42Ah,Float
2026-07-03 19:00:59,50.0V,0.0A,0.0A,0.0A,12.1A,20.4 deg.C,0.0 deg.C,39Ah,Float
2026-07-03 18:50:59,49.9V,0.0A,0.0A,0.0A,13.2A,20.4 deg.C,0.0 deg.C,37Ah,Float
2026-07-03 18:40:59,49.8V,0.0A,0.0A,0.0A,18.0A,20.4 deg.C,0.0 deg.C,34Ah,Float
2026-07-03 18:30:59,49.7V,0.0A,0.0A,0.0A,12.9A,20.5 deg.C,0.0 deg.C,32Ah,Float
2026-07-03 18:20:59,49.6V,0.0A,0.0A,0.0A,13.0A,20.6 deg.C,0.0 deg.C,30Ah,Float
2026-07-03 18:10:59,49.6V,0.0A,0.0A,0.0A,15.9A,20.7 deg.C,0.0 deg.C,28Ah,Float
2026-07-03 18:00:59,49.4V,0.0A,0.0A,0.0A,10.8A,20.7 deg.C,0.0 deg.C,26Ah,Float
2026-07-03 17:50:59,49.4V,0.0A,0.0A,0.0A,10.7A,20.8 deg.C,0.0 deg.C,24Ah,Float
2026-07-03 17:40:59,49.3V,0.0A,0.0A,0.0A,10.6A,21.0 deg.C,0.0 deg.C,23Ah,Float
2026-07-03 17:30:59,49.2V,0.0A,0.0A,0.0A,9.7A,21.1 deg.C,0.0 deg.C,21Ah,Float
2026-07-03 17:20:59,49.1V,0.0A,0.0A,0.0A,9.9A,21.2 deg.C,0.0 deg.C,19Ah,Float
2026-07-03 17:10:59,49.0V,0.0A,0.0A,0.0A,7.7A,21.4 deg.C,0.0 deg.C,18Ah,Float
2026-07-03 17:00:59,49.0V,0.0A,0.0A,0.0A,9.1A,21.6 deg.C,0.0 deg.C,17Ah,Float
2026-07-03 16:50:59,48.8V,0.0A,0.0A,0.0A,6.9A,21.7 deg.C,0.0 deg.C,15Ah,Float
2026-07-03 16:40:59,48.8V,0.0A,0.0A,0.0A,5.3A,21.9 deg.C,0.0 deg.C,14Ah,Float
2026-07-03 16:30:59,48.9V,0.0A,0.0A,0.0A,6.0A,22.1 deg.C,0.0 deg.C,17Ah,Float
2026-07-03 16:20:59,49.0V,0.0A,0.0A,0.0A,6.1A,22.3 deg.C,0.0 deg.C,20Ah,Float
2026-07-03 16:10:59,49.0V,0.0A,0.0A,0.0A,5.6A,22.5 deg.C,0.0 deg.C,19Ah,Float
2026-07-03 16:00:59,48.9V,0.0A,0.0A,0.0A,6.0A,22.7 deg.C,0.0 deg.C,18Ah,Float
2026-07-03 15:50:59,48.9V,0.0A,0.0A,0.0A,6.2A,22.8 deg.C,0.0 deg.C,17Ah,Float
2026-07-03 15:40:59,48.8V,0.0A,0.0A,0.0A,0.0A,22.9 deg.C,0.0 deg.C,16Ah,Float
2026-07-03 15:30:59,48.8V,0.0A,0.0A,0.0A,5.3A,23.0 deg.C,0.0 deg.C,15Ah,Float
2026-07-03 15:20:59,48.8V,0.0A,0.0A,0.0A,0.0A,23.2 deg.C,0.0 deg.C,17Ah,Float
2026-07-03 15:10:59,48.9V,0.0A,0.0A,0.0A,5.3A,23.3 deg.C,0.0 deg.C,19Ah,Float
2026-07-03 15:00:59,48.8V,0.0A,0.0A,0.0A,5.9A,23.3 deg.C,0.0 deg.C,18Ah,Float
2026-07-03 14:50:59,49.0V,0.0A,0.0A,0.0A,6.1A,23.4 deg.C,0.0 deg.C,21Ah,Float
2026-07-03 14:40:59,48.8V,0.0A,0.0A,0.0A,0.0A,23.3 deg.C,0.0 deg.C,20Ah,Float
2026-07-03 14:30:59,49.0V,0.0A,0.0A,0.0A,5.3A,23.3 deg.C,0.0 deg.C,23Ah,Float
2026-07-03 14:20:59,49.0V,0.0A,0.0A,0.0A,0.0A,23.1 deg.C,0.0 deg.C,22Ah,Float
2026-07-03 14:10:59,48.9V,0.0A,0.0A,0.0A,6.0A,22.9 deg.C,0.0 deg.C,21Ah,Float
2026-07-03 14:00:59,49.0V,0.0A,0.0A,0.0A,0.0A,22.8 deg.C,0.0 deg.C,24Ah,Float
2026-07-03 13:50:59,49.0V,0.0A,0.0A,0.0A,5.4A,22.6 deg.C,0.0 deg.C,27Ah,Float
2026-07-03 13:40:59,49.2V,0.0A,0.0A,0.0A,5.6A,22.4 deg.C,0.0 deg.C,30Ah,Float
2026-07-03 13:30:59,48.5V,0.0A,0.0A,56.8A,-55.5A,22.2 deg.C,0.0 deg.C,33Ah,Discharge
2026-07-03 13:20:59,48.9V,0.0A,0.0A,55.0A,-54.9A,22.1 deg.C,0.0 deg.C,42Ah,Discharge
2026-07-03 13:10:59,49.2V,0.0A,0.0A,56.9A,-55.5A,22.0 deg.C,0.0 deg.C,51Ah,Discharge
2026-07-03 13:00:59,49.5V,0.0A,0.0A,53.8A,-54.6A,22.0 deg.C,0.0 deg.C,61Ah,Discharge
2026-07-03 12:50:59,49.8V,0.0A,0.0A,51.5A,-53.9A,22.1 deg.C,0.0 deg.C,70Ah,Discharge
2026-07-03 12:40:59,50.8V,0.0A,0.0A,0.0A,5.6A,22.1 deg.C,0.0 deg.C,76Ah,Float
2026-07-03 12:30:59,50.9V,0.0A,0.0A,0.0A,11.8A,22.0 deg.C,0.0 deg.C,75Ah,Float
2026-07-03 12:20:59,50.5V,0.0A,0.0A,19.3A,-20.7A,21.9 deg.C,0.0 deg.C,75Ah,Discharge
2026-07-03 12:10:59,50.6V,0.0A,0.0A,13.3A,-12.2A,21.8 deg.C,0.0 deg.C,75Ah,Float
2026-07-03 12:00:59,50.9V,0.0A,0.0A,0.0A,12.8A,21.7 deg.C,0.0 deg.C,74Ah,Float
2026-07-03 11:50:59,50.9V,0.0A,0.0A,0.0A,14.3A,21.6 deg.C,0.0 deg.C,74Ah,Float
2026-07-03 11:40:59,50.9V,0.0A,0.0A,0.0A,16.0A,21.5 deg.C,0.0 deg.C,73Ah,Float
2026-07-03 11:30:59,50.9V,0.0A,0.0A,0.0A,16.4A,21.4 deg.C,0.0 deg.C,73Ah,Float
2026-07-03 11:20:59,50.9V,0.0A,0.0A,0.0A,16.0A,21.4 deg.C,0.0 deg.C,71Ah,Float
2026-07-03 11:10:59,50.8V,0.0A,0.0A,0.0A,15.8A,21.4 deg.C,0.0 deg.C,69Ah,Float
2026-07-03 11:00:59,50.7V,0.0A,0.0A,0.0A,15.2A,21.3 deg.C,0.0 deg.C,66Ah,Float
2026-07-03 10:50:59,50.6V,0.0A,0.0A,0.0A,17.3A,21.2 deg.C,0.0 deg.C,64Ah,Float
2026-07-03 10:40:59,50.5V,0.0A,0.0A,0.0A,16.7A,21.1 deg.C,0.0 deg.C,61Ah,Float
2026-07-03 10:30:59,50.5V,0.0A,0.0A,0.0A,17.6A,21.0 deg.C,0.0 deg.C,58Ah,Float
2026-07-03 10:20:59,50.4V,0.0A,0.0A,0.0A,18.4A,21.0 deg.C,0.0 deg.C,55Ah,Float
2026-07-03 10:10:59,50.3V,0.0A,0.0A,0.0A,17.8A,20.9 deg.C,0.0 deg.C,52Ah,Float
2026-07-03 10:00:59,50.2V,0.0A,0.0A,0.0A,18.1A,20.9 deg.C,0.0 deg.C,50Ah,Float
2026-07-03 09:50:59,50.1V,0.0A,0.0A,0.0A,17.0A,21.3 deg.C,0.0 deg.C,47Ah,Float
2026-07-03 09:40:59,49.9V,0.0A,0.0A,0.0A,17.6A,22.5 deg.C,0.0 deg.C,44Ah,Float
2026-07-03 09:30:59,49.9V,0.0A,0.0A,0.0A,21.5A,22.2 deg.C,0.0 deg.C,41Ah,Float
2026-07-03 09:20:59,49.7V,0.0A,0.0A,0.0A,21.7A,21.4 deg.C,0.0 deg.C,37Ah,Float
2026-07-03 09:10:59,49.5V,0.0A,0.0A,0.0A,21.1A,20.6 deg.C,0.0 deg.C,33Ah,Float
2026-07-03 09:00:59,49.4V,0.0A,0.0A,0.0A,25.3A,19.8 deg.C,0.0 deg.C,29Ah,Float
2026-07-03 08:50:59,48.5V,0.0A,0.0A,39.8A,-40.0A,19.2 deg.C,0.0 deg.C,30Ah,Discharge
2026-07-03 08:40:59,48.8V,0.0A,0.0A,34.4A,-35.4A,18.9 deg.C,0.0 deg.C,37Ah,Discharge
2026-07-03 08:30:59,49.0V,0.0A,0.0A,39.8A,-39.8A,18.7 deg.C,0.0 deg.C,43Ah,Discharge
2026-07-03 08:20:59,49.3V,0.0A,0.0A,36.2A,-36.9A,18.6 deg.C,0.0 deg.C,50Ah,Discharge
2026-07-03 08:10:59,49.5V,0.0A,0.0A,35.0A,-35.3A,18.5 deg.C,0.0 deg.C,56Ah,Discharge
2026-07-03 08:00:59,49.6V,0.0A,0.0A,46.8A,-45.9A,18.6 deg.C,0.0 deg.C,63Ah,Discharge
2026-07-03 07:50:59,50.0V,0.0A,0.0A,40.2A,-40.2A,18.8 deg.C,0.0 deg.C,69Ah,Discharge
2026-07-03 07:40:59,50.6V,0.0A,0.0A,3.0A,-0.2A,19.3 deg.C,0.0 deg.C,74Ah,Float
2026-07-03 07:30:59,50.5V,0.0A,0.0A,12.7A,-12.7A,19.2 deg.C,0.0 deg.C,74Ah,Float
2026-07-03 07:20:59,50.9V,0.0A,0.0A,0.0A,21.3A,19.3 deg.C,0.0 deg.C,74Ah,Float
2026-07-03 07:10:59,50.8V,0.0A,0.0A,0.0A,17.4A,19.5 deg.C,0.0 deg.C,74Ah,Float
2026-07-03 07:00:59,50.9V,0.0A,0.0A,0.0A,23.4A,19.5 deg.C,0.0 deg.C,73Ah,Float
2026-07-03 06:50:59,50.9V,0.0A,0.0A,0.0A,22.8A,19.7 deg.C,0.0 deg.C,73Ah,Float
2026-07-03 06:40:59,50.6V,0.0A,0.0A,3.7A,-3.6A,19.8 deg.C,0.0 deg.C,73Ah,Float
2026-07-03 06:30:59,50.5V,0.0A,0.0A,9.4A,-9.0A,20.0 deg.C,0.0 deg.C,72Ah,Float
2026-07-03 06:20:59,50.5V,0.0A,0.0A,10.7A,-11.0A,20.2 deg.C,0.0 deg.C,71Ah,Float
2026-07-03 06:10:59,50.8V,0.0A,0.0A,0.0A,19.9A,20.2 deg.C,0.0 deg.C,68Ah,Float
2026-07-03 06:00:59,50.7V,0.0A,0.0A,0.0A,24.0A,20.2 deg.C,0.0 deg.C,64Ah,Float
2026-07-03 05:50:59,50.5V,0.0A,0.0A,0.0A,23.8A,20.1 deg.C,0.0 deg.C,60Ah,Float
2026-07-03 05:40:59,50.4V,0.0A,0.0A,0.0A,24.0A,20.1 deg.C,0.0 deg.C,56Ah,Float
2026-07-03 05:30:59,50.3V,0.0A,0.0A,0.0A,24.1A,20.0 deg.C,0.0 deg.C,52Ah,Float
2026-07-03 05:20:59,50.1V,0.0A,0.0A,0.0A,20.3A,19.9 deg.C,0.0 deg.C,48Ah,Float
2026-07-03 05:10:59,50.0V,0.0A,0.0A,0.0A,24.4A,19.8 deg.C,0.0 deg.C,45Ah,Float
2026-07-03 05:00:59,49.8V,0.0A,0.0A,0.0A,23.9A,19.6 deg.C,0.0 deg.C,41Ah,Float
2026-07-03 04:50:59,49.6V,0.0A,0.0A,0.0A,24.4A,19.4 deg.C,0.0 deg.C,37Ah,Float
2026-07-03 04:40:59,49.5V,0.0A,0.0A,0.0A,25.0A,19.0 deg.C,0.0 deg.C,33Ah,Float
2026-07-03 04:30:59,48.4V,0.0A,0.0A,42.0A,-41.9A,18.8 deg.C,0.0 deg.C,30Ah,Discharge
2026-07-03 04:20:59,48.7V,0.0A,0.0A,42.6A,-41.7A,18.9 deg.C,0.0 deg.C,37Ah,Discharge
2026-07-03 04:10:59,49.0V,0.0A,0.0A,36.8A,-37.1A,18.9 deg.C,0.0 deg.C,43Ah,Discharge
2026-07-03 04:00:59,49.2V,0.0A,0.0A,36.8A,-36.9A,19.1 deg.C,0.0 deg.C,49Ah,Discharge
2026-07-03 03:50:59,49.4V,0.0A,0.0A,36.3A,-36.7A,19.3 deg.C,0.0 deg.C,55Ah,Discharge
2026-07-03 03:40:59,49.6V,0.0A,0.0A,40.7A,-41.6A,19.6 deg.C,0.0 deg.C,62Ah,Discharge
2026-07-03 03:30:59,49.9V,0.0A,0.0A,36.4A,-37.1A,19.9 deg.C,0.0 deg.C,68Ah,Discharge
2026-07-03 03:20:59,50.1V,0.0A,0.0A,37.1A,-36.7A,20.2 deg.C,0.0 deg.C,74Ah,Discharge
2026-07-03 03:10:59,50.4V,0.0A,0.0A,24.8A,-24.5A,20.3 deg.C,0.0 deg.C,77Ah,Discharge
2026-07-03 03:00:59,50.6V,0.0A,0.0A,6.7A,-6.7A,20.4 deg.C,0.0 deg.C,77Ah,Float
2026-07-03 02:50:59,50.6V,0.0A,0.0A,4.3A,-4.2A,20.4 deg.C,0.0 deg.C,77Ah,Float
2026-07-03 02:40:59,50.5V,0.0A,0.0A,11.8A,-12.9A,20.5 deg.C,0.0 deg.C,77Ah,Float
2026-07-03 02:30:59,50.6V,0.0A,0.0A,3.1A,-3.8A,20.6 deg.C,0.0 deg.C,77Ah,Float
2026-07-03 02:20:59,50.5V,0.0A,0.0A,17.3A,-16.9A,20.7 deg.C,0.0 deg.C,78Ah,Float
2026-07-03 02:10:59,50.7V,0.0A,0.0A,8.4A,11.3A,20.7 deg.C,0.0 deg.C,78Ah,Float
2026-07-03 02:00:59,50.5V,0.0A,0.0A,11.8A,-11.7A,20.8 deg.C,0.0 deg.C,78Ah,Float
2026-07-03 01:50:59,50.5V,0.0A,0.0A,13.4A,-12.7A,20.9 deg.C,0.0 deg.C,78Ah,Float
2026-07-03 01:40:59,50.6V,0.0A,0.0A,9.3A,-9.4A,20.9 deg.C,0.0 deg.C,78Ah,Float
2026-07-03 01:30:59,50.6V,0.0A,0.0A,5.6A,-6.7A,20.9 deg.C,0.0 deg.C,78Ah,Float
2026-07-03 01:20:59,50.5V,0.0A,0.0A,12.3A,-13.6A,21.0 deg.C,0.0 deg.C,78Ah,Float
2026-07-03 01:10:59,50.6V,0.0A,0.0A,6.0A,-5.9A,21.1 deg.C,0.0 deg.C,78Ah,Float
2026-07-03 01:00:59,50.9V,0.0A,0.0A,0.0A,15.7A,21.2 deg.C,0.0 deg.C,78Ah,Float
2026-07-03 00:50:59,50.5V,0.0A,0.0A,13.9A,-13.7A,21.2 deg.C,0.0 deg.C,78Ah,Float
2026-07-03 00:40:59,50.9V,0.0A,0.0A,0.0A,5.9A,21.3 deg.C,0.0 deg.C,79Ah,Float
2026-07-03 00:30:59,50.5V,0.0A,0.0A,18.2A,-17.3A,21.4 deg.C,0.0 deg.C,79Ah,Float
2026-07-03 00:20:59,50.9V,0.0A,0.0A,0.0A,13.2A,21.4 deg.C,0.0 deg.C,79Ah,Float
2026-07-03 00:10:59,50.6V,0.0A,0.0A,16.8A,-16.3A,21.5 deg.C,0.0 deg.C,80Ah,Float
2026-07-03 00:00:59,50.5V,0.0A,0.0A,18.3A,-17.8A,21.5 deg.C,0.0 deg.C,79Ah,Float
2026-07-02 23:50:59,50.6V,0.0A,0.0A,13.1A,-11.7A,21.4 deg.C,0.0 deg.C,79Ah,Float
2026-07-02 23:40:59,50.8V,0.0A,0.0A,0.0A,13.0A,21.3 deg.C,0.0 deg.C,79Ah,Float
2026-07-02 23:30:59,50.5V,0.0A,0.0A,19.5A,-20.7A,21.1 deg.C,0.0 deg.C,79Ah,Discharge
2026-07-02 23:20:59,50.6V,0.0A,0.0A,11.0A,-11.1A,20.7 deg.C,0.0 deg.C,79Ah,Float
2026-07-02 23:10:59,50.8V,0.0A,0.0A,0.0A,11.1A,20.1 deg.C,0.0 deg.C,78Ah,Float
2026-07-02 23:00:59,50.8V,0.0A,0.0A,0.0A,12.0A,20.4 deg.C,0.0 deg.C,78Ah,Float
2026-07-02 22:50:59,50.8V,0.0A,0.0A,0.0A,11.9A,22.4 deg.C,0.0 deg.C,75Ah,Float
2026-07-02 22:40:59,50.7V,0.0A,0.0A,0.0A,11.5A,22.6 deg.C,0.0 deg.C,73Ah,Float
2026-07-02 22:30:58,50.7V,0.0A,0.0A,0.0A,16.6A,22.4 deg.C,0.0 deg.C,71Ah,Float
2026-07-02 22:20:58,50.6V,0.0A,0.0A,0.0A,18.4A,22.3 deg.C,0.0 deg.C,68Ah,Float
2026-07-02 22:10:58,50.5V,0.0A,0.0A,0.0A,13.5A,22.1 deg.C,0.0 deg.C,65Ah,Float
2026-07-02 22:00:58,50.4V,0.0A,0.0A,0.0A,12.1A,21.8 deg.C,0.0 deg.C,63Ah,Float
2026-07-02 21:50:58,50.4V,0.0A,0.0A,0.0A,18.8A,21.3 deg.C,0.0 deg.C,60Ah,Float
2026-07-02 21:40:58,50.2V,0.0A,0.0A,0.0A,17.3A,20.5 deg.C,0.0 deg.C,58Ah,Float
2026-07-02 21:30:58,50.1V,0.0A,0.0A,0.0A,12.7A,19.8 deg.C,0.0 deg.C,55Ah,Float
2026-07-02 21:20:58,50.1V,0.0A,0.0A,0.0A,16.9A,20.4 deg.C,0.0 deg.C,53Ah,Float
2026-07-02 21:10:58,50.0V,0.0A,0.0A,0.0A,16.8A,21.6 deg.C,0.0 deg.C,50Ah,Float
2026-07-02 21:00:58,49.8V,0.0A,0.0A,0.0A,14.4A,22.7 deg.C,0.0 deg.C,48Ah,Float
2026-07-02 20:50:58,49.8V,0.0A,0.0A,0.0A,18.4A,22.5 deg.C,0.0 deg.C,45Ah,Float
2026-07-02 20:40:58,49.6V,0.0A,0.0A,0.0A,20.7A,22.2 deg.C,0.0 deg.C,42Ah,Float
2026-07-02 20:30:58,49.5V,0.0A,0.0A,0.0A,15.8A,21.8 deg.C,0.0 deg.C,39Ah,Float
2026-07-02 20:20:58,49.3V,0.0A,0.0A,0.0A,20.1A,21.3 deg.C,0.0 deg.C,36Ah,Float
2026-07-02 20:10:58,48.6V,0.0A,0.0A,42.2A,-42.8A,21.3 deg.C,0.0 deg.C,39Ah,Discharge
2026-07-02 20:00:58,48.9V,0.0A,0.0A,44.5A,-45.5A,21.3 deg.C,0.0 deg.C,46Ah,Discharge
2026-07-02 19:50:58,49.2V,0.0A,0.0A,40.0A,-40.2A,21.3 deg.C,0.0 deg.C,54Ah,Discharge
2026-07-02 19:40:58,49.4V,0.0A,0.0A,40.1A,-42.0A,21.3 deg.C,0.0 deg.C,60Ah,Discharge
2026-07-02 19:30:58,49.6V,0.0A,0.0A,44.4A,-45.6A,21.3 deg.C,0.0 deg.C,68Ah,Discharge
2026-07-02 19:20:58,50.0V,0.0A,0.0A,35.7A,-36.2A,21.2 deg.C,0.0 deg.C,75Ah,Discharge
2026-07-02 19:10:58,50.5V,0.0A,0.0A,14.0A,-14.7A,20.7 deg.C,0.0 deg.C,81Ah,Float
2026-07-02 19:00:58,50.6V,0.0A,0.0A,4.7A,-5.3A,20.4 deg.C,0.0 deg.C,81Ah,Float
2026-07-02 18:50:58,50.6V,0.0A,0.0A,9.6A,-9.3A,20.6 deg.C,0.0 deg.C,81Ah,Float
2026-07-02 18:40:58,50.6V,0.0A,0.0A,14.2A,-14.1A,20.7 deg.C,0.0 deg.C,81Ah,Float
2026-07-02 18:30:58,50.5V,0.0A,0.0A,12.3A,-13.4A,20.6 deg.C,0.0 deg.C,81Ah,Float
2026-07-02 18:20:58,50.9V,0.0A,0.0A,0.0A,19.3A,20.6 deg.C,0.0 deg.C,81Ah,Float
2026-07-02 18:10:58,50.5V,0.0A,0.0A,17.7A,-18.2A,20.6 deg.C,0.0 deg.C,81Ah,Float
2026-07-02 18:00:58,50.6V,0.0A,0.0A,8.5A,-8.6A,20.6 deg.C,0.0 deg.C,81Ah,Float
2026-07-02 17:50:58,50.8V,0.0A,0.0A,0.0A,16.6A,20.6 deg.C,0.0 deg.C,80Ah,Float
2026-07-02 17:40:58,50.8V,0.0A,0.0A,0.0A,17.3A,20.6 deg.C,0.0 deg.C,79Ah,Float
2026-07-02 17:30:58,50.8V,0.0A,0.0A,0.0A,16.4A,20.6 deg.C,0.0 deg.C,76Ah,Float
2026-07-02 17:20:58,50.7V,0.0A,0.0A,0.0A,16.8A,20.6 deg.C,0.0 deg.C,73Ah,Float
2026-07-02 17:10:58,50.6V,0.0A,0.0A,0.0A,16.3A,20.7 deg.C,0.0 deg.C,70Ah,Float
2026-07-02 17:00:58,50.5V,0.0A,0.0A,0.0A,16.6A,20.8 deg.C,0.0 deg.C,68Ah,Float
2026-07-02 16:50:58,50.4V,0.0A,0.0A,0.0A,15.1A,20.9 deg.C,0.0 deg.C,65Ah,Float
2026-07-02 16:40:58,50.3V,0.0A,0.0A,0.0A,13.8A,21.0 deg.C,0.0 deg.C,63Ah,Float
2026-07-02 16:30:58,50.2V,0.0A,0.0A,0.0A,13.6A,21.1 deg.C,0.0 deg.C,61Ah,Float
2026-07-02 16:20:58,50.1V,0.0A,0.0A,0.0A,13.2A,21.2 deg.C,0.0 deg.C,58Ah,Float
2026-07-02 16:10:58,50.1V,0.0A,0.0A,0.0A,14.1A,21.4 deg.C,0.0 deg.C,56Ah,Float
2026-07-02 16:00:58,50.0V,0.0A,0.0A,0.0A,14.2A,21.6 deg.C,0.0 deg.C,54Ah,Float
2026-07-02 15:50:58,49.9V,0.0A,0.0A,0.0A,12.9A,21.8 deg.C,0.0 deg.C,52Ah,Float
2026-07-02 15:40:58,49.8V,0.0A,0.0A,0.0A,13.7A,22.0 deg.C,0.0 deg.C,49Ah,Float
2026-07-02 15:30:58,49.7V,0.0A,0.0A,0.0A,13.8A,22.1 deg.C,0.0 deg.C,47Ah,Float
2026-07-02 15:20:58,49.5V,0.0A,0.0A,0.0A,12.5A,22.1 deg.C,0.0 deg.C,45Ah,Float
2026-07-02 15:10:58,49.5V,0.0A,0.0A,0.0A,13.9A,22.1 deg.C,0.0 deg.C,43Ah,Float
2026-07-02 15:00:58,49.3V,0.0A,0.0A,0.0A,12.8A,22.0 deg.C,0.0 deg.C,40Ah,Float
2026-07-02 14:50:58,49.1V,0.0A,0.0A,0.0A,12.9A,21.9 deg.C,0.0 deg.C,38Ah,Float
2026-07-02 14:40:58,48.7V,0.0A,0.0A,47.7A,-48.3A,21.8 deg.C,0.0 deg.C,46Ah,Discharge
2026-07-02 14:30:58,49.0V,0.0A,0.0A,47.7A,-48.5A,21.9 deg.C,0.0 deg.C,54Ah,Discharge
2026-07-02 14:20:58,49.3V,0.0A,0.0A,50.3A,-48.7A,21.9 deg.C,0.0 deg.C,62Ah,Discharge
2026-07-02 14:10:58,49.5V,0.0A,0.0A,51.2A,-48.3A,22.0 deg.C,0.0 deg.C,70Ah,Discharge
2026-07-02 14:00:58,49.8V,0.0A,0.0A,48.2A,-49.8A,22.1 deg.C,0.0 deg.C,78Ah,Discharge
2026-07-02 13:50:58,50.5V,0.0A,0.0A,18.0A,-18.6A,22.2 deg.C,0.0 deg.C,85Ah,Discharge
2026-07-02 13:40:58,50.6V,0.0A,0.0A,14.0A,-11.5A,22.2 deg.C,0.0 deg.C,86Ah,Float
2026-07-02 13:30:58,50.5V,0.0A,0.0A,21.6A,-21.2A,22.1 deg.C,0.0 deg.C,86Ah,Float
2026-07-02 13:20:58,50.6V,0.0A,0.0A,10.9A,-10.8A,22.1 deg.C,0.0 deg.C,86Ah,Float
2026-07-02 13:10:58,50.9V,0.0A,0.0A,0.0A,13.2A,22.0 deg.C,0.0 deg.C,86Ah,Float
2026-07-02 13:00:58,50.8V,0.0A,0.0A,0.0A,13.8A,22.0 deg.C,0.0 deg.C,85Ah,Float
2026-07-02 12:50:58,50.6V,0.0A,0.0A,10.3A,-10.3A,21.9 deg.C,0.0 deg.C,85Ah,Float
2026-07-02 12:40:58,50.6V,0.0A,0.0A,10.6A,-10.1A,21.9 deg.C,0.0 deg.C,84Ah,Float
2026-07-02 12:30:58,50.8V,0.0A,0.0A,0.0A,12.9A,21.9 deg.C,0.0 deg.C,83Ah,Float
2026-07-02 12:20:58,50.8V,0.0A,0.0A,0.0A,14.7A,21.9 deg.C,0.0 deg.C,81Ah,Float
2026-07-02 12:10:58,50.7V,0.0A,0.0A,0.0A,15.2A,21.8 deg.C,0.0 deg.C,79Ah,Float
2026-07-02 12:00:58,50.7V,0.0A,0.0A,0.0A,15.6A,21.6 deg.C,0.0 deg.C,76Ah,Float
2026-07-02 11:50:58,50.6V,0.0A,0.0A,0.0A,15.2A,21.4 deg.C,0.0 deg.C,74Ah,Float
2026-07-02 11:40:58,50.5V,0.0A,0.0A,0.0A,17.0A,21.4 deg.C,0.0 deg.C,71Ah,Float
2026-07-02 11:30:58,50.4V,0.0A,0.0A,0.0A,16.8A,21.3 deg.C,0.0 deg.C,68Ah,Float
2026-07-02 11:20:58,50.3V,0.0A,0.0A,0.0A,16.0A,21.3 deg.C,0.0 deg.C,66Ah,Float
2026-07-02 11:10:58,50.2V,0.0A,0.0A,0.0A,17.1A,21.1 deg.C,0.0 deg.C,63Ah,Float
2026-07-02 11:00:58,50.2V,0.0A,0.0A,0.0A,18.0A,21.1 deg.C,0.0 deg.C,60Ah,Float
2026-07-02 10:50:58,50.0V,0.0A,0.0A,0.0A,18.5A,21.1 deg.C,0.0 deg.C,57Ah,Float
2026-07-02 10:40:58,49.9V,0.0A,0.0A,0.0A,17.9A,21.1 deg.C,0.0 deg.C,54Ah,Float
2026-07-02 10:30:58,49.8V,0.0A,0.0A,0.0A,14.1A,21.2 deg.C,0.0 deg.C,51Ah,Float
2026-07-02 10:20:58,49.7V,0.0A,0.0A,0.0A,16.7A,21.8 deg.C,0.0 deg.C,48Ah,Float
2026-07-02 10:10:58,49.5V,0.0A,0.0A,0.0A,18.0A,23.0 deg.C,0.0 deg.C,45Ah,Float
2026-07-02 10:00:58,49.4V,0.0A,0.0A,0.0A,21.0A,22.3 deg.C,0.0 deg.C,42Ah,Float
2026-07-02 09:50:58,48.4V,0.0A,0.0A,40.9A,-41.2A,21.8 deg.C,0.0 deg.C,39Ah,Discharge
2026-07-02 09:40:58,48.7V,0.0A,0.0A,40.3A,-40.0A,21.4 deg.C,0.0 deg.C,46Ah,Discharge
2026-07-02 09:30:58,49.0V,0.0A,0.0A,36.7A,-38.5A,21.1 deg.C,0.0 deg.C,53Ah,Discharge
2026-07-02 09:20:58,49.2V,0.0A,0.0A,40.0A,-40.3A,20.7 deg.C,0.0 deg.C,60Ah,Discharge
2026-07-02 09:10:58,49.5V,0.0A,0.0A,38.8A,-39.1A,20.5 deg.C,0.0 deg.C,66Ah,Discharge
2026-07-02 09:00:58,49.7V,0.0A,0.0A,39.3A,-40.6A,20.3 deg.C,0.0 deg.C,73Ah,Discharge
2026-07-02 08:50:58,50.0V,0.0A,0.0A,39.3A,-39.5A,20.4 deg.C,0.0 deg.C,79Ah,Discharge
2026-07-02 08:40:58,50.8V,0.0A,0.0A,0.0A,21.6A,20.1 deg.C,0.0 deg.C,80Ah,Float
2026-07-02 08:30:58,50.7V,0.0A,0.0A,0.0A,21.9A,19.8 deg.C,0.0 deg.C,77Ah,Float
2026-07-02 08:20:58,50.6V,0.0A,0.0A,0.0A,24.7A,19.5 deg.C,0.0 deg.C,73Ah,Float
2026-07-02 08:10:58,50.4V,0.0A,0.0A,0.0A,20.4A,19.4 deg.C,0.0 deg.C,69Ah,Float
2026-07-02 08:00:58,50.4V,0.0A,0.0A,0.0A,23.4A,19.3 deg.C,0.0 deg.C,65Ah,Float
2026-07-02 07:50:58,50.2V,0.0A,0.0A,0.0A,25.1A,19.1 deg.C,0.0 deg.C,61Ah,Float
2026-07-02 07:40:58,50.0V,0.0A,0.0A,0.0A,23.3A,19.0 deg.C,0.0 deg.C,57Ah,Float
2026-07-02 07:30:58,49.8V,0.0A,0.0A,0.0A,20.1A,18.7 deg.C,0.0 deg.C,53Ah,Float
2026-07-02 07:20:58,49.7V,0.0A,0.0A,0.0A,22.8A,18.5 deg.C,0.0 deg.C,49Ah,Float
2026-07-02 07:10:58,49.5V,0.0A,0.0A,0.0A,20.4A,18.2 deg.C,0.0 deg.C,46Ah,Float
2026-07-02 07:00:58,49.4V,0.0A,0.0A,0.0A,24.3A,17.8 deg.C,0.0 deg.C,42Ah,Float
2026-07-02 06:50:58,48.4V,0.0A,0.0A,38.9A,-38.5A,17.7 deg.C,0.0 deg.C,39Ah,Discharge
2026-07-02 06:40:58,48.7V,0.0A,0.0A,38.0A,-37.7A,17.8 deg.C,0.0 deg.C,45Ah,Discharge
2026-07-02 06:30:58,48.9V,0.0A,0.0A,37.1A,-38.3A,18.0 deg.C,0.0 deg.C,52Ah,Discharge
2026-07-02 06:20:58,49.1V,0.0A,0.0A,36.8A,-37.2A,18.5 deg.C,0.0 deg.C,58Ah,Discharge
2026-07-02 06:10:58,49.3V,0.0A,0.0A,40.2A,-41.2A,18.8 deg.C,0.0 deg.C,64Ah,Discharge
2026-07-02 06:00:58,49.6V,0.0A,0.0A,38.2A,-38.3A,19.0 deg.C,0.0 deg.C,71Ah,Discharge
2026-07-02 05:50:58,49.8V,0.0A,0.0A,38.5A,-36.5A,19.4 deg.C,0.0 deg.C,78Ah,Discharge
2026-07-02 05:40:58,50.1V,0.0A,0.0A,36.8A,-36.5A,19.7 deg.C,0.0 deg.C,84Ah,Discharge
2026-07-02 05:30:58,50.5V,0.0A,0.0A,12.2A,-11.7A,20.0 deg.C,0.0 deg.C,85Ah,Float
2026-07-02 05:20:58,50.9V,0.0A,0.0A,0.0A,22.6A,20.2 deg.C,0.0 deg.C,85Ah,Float
2026-07-02 05:10:58,50.8V,0.0A,0.0A,0.0A,19.9A,20.3 deg.C,0.0 deg.C,83Ah,Float
2026-07-02 05:00:58,50.8V,0.0A,0.0A,0.0A,23.9A,20.3 deg.C,0.0 deg.C,79Ah,Float
2026-07-02 04:50:58,50.6V,0.0A,0.0A,0.0A,23.9A,20.2 deg.C,0.0 deg.C,75Ah,Float
2026-07-02 04:40:58,50.5V,0.0A,0.0A,0.0A,23.7A,20.2 deg.C,0.0 deg.C,71Ah,Float
2026-07-02 04:30:58,50.4V,0.0A,0.0A,0.0A,24.0A,20.2 deg.C,0.0 deg.C,67Ah,Float
2026-07-02 04:20:58,50.2V,0.0A,0.0A,0.0A,19.9A,20.1 deg.C,0.0 deg.C,63Ah,Float
2026-07-02 04:10:58,50.1V,0.0A,0.0A,0.0A,24.6A,20.1 deg.C,0.0 deg.C,59Ah,Float
2026-07-02 04:00:58,49.9V,0.0A,0.0A,0.0A,24.6A,19.9 deg.C,0.0 deg.C,55Ah,Float
2026-07-02 03:50:58,49.8V,0.0A,0.0A,0.0A,24.6A,19.7 deg.C,0.0 deg.C,51Ah,Float
2026-07-02 03:40:58,49.6V,0.0A,0.0A,0.0A,24.6A,19.4 deg.C,0.0 deg.C,47Ah,Float
2026-07-02 03:30:58,49.3V,0.0A,0.0A,0.0A,20.5A,19.1 deg.C,0.0 deg.C,43Ah,Float
2026-07-02 03:20:58,48.5V,0.0A,0.0A,40.8A,-40.8A,19.0 deg.C,0.0 deg.C,44Ah,Discharge
2026-07-02 03:10:58,48.8V,0.0A,0.0A,38.3A,-38.3A,19.1 deg.C,0.0 deg.C,50Ah,Discharge
2026-07-02 03:00:58,49.0V,0.0A,0.0A,37.1A,-37.6A,19.3 deg.C,0.0 deg.C,56Ah,Discharge
2026-07-02 02:50:58,49.2V,0.0A,0.0A,36.7A,-37.0A,19.5 deg.C,0.0 deg.C,63Ah,Discharge
2026-07-02 02:40:58,49.4V,0.0A,0.0A,41.8A,-41.5A,19.7 deg.C,0.0 deg.C,69Ah,Discharge
2026-07-02 02:30:58,49.7V,0.0A,0.0A,36.9A,-36.8A,20.0 deg.C,0.0 deg.C,76Ah,Discharge
2026-07-02 02:20:58,49.9V,0.0A,0.0A,36.8A,-37.7A,20.4 deg.C,0.0 deg.C,82Ah,Discharge
2026-07-02 02:10:58,50.1V,0.0A,0.0A,36.3A,-36.8A,20.7 deg.C,0.0 deg.C,89Ah,Discharge
2026-07-02 02:00:58,50.6V,0.0A,0.0A,13.3A,-13.4A,20.8 deg.C,0.0 deg.C,91Ah,Float
2026-07-02 01:50:58,50.9V,0.0A,0.0A,0.0A,17.6A,21.0 deg.C,0.0 deg.C,91Ah,Float
2026-07-02 01:40:58,50.9V,0.0A,0.0A,0.0A,20.4A,21.1 deg.C,0.0 deg.C,91Ah,Float
2026-07-02 01:30:58,50.6V,0.0A,0.0A,13.1A,-12.7A,21.2 deg.C,0.0 deg.C,91Ah,Float
2026-07-02 01:20:58,50.9V,0.0A,0.0A,0.0A,14.9A,21.4 deg.C,0.0 deg.C,92Ah,Float
2026-07-02 01:10:58,50.6V,0.0A,0.0A,18.0A,-17.4A,21.5 deg.C,0.0 deg.C,91Ah,Float
2026-07-02 01:00:58,50.7V,0.0A,0.0A,6.8A,-6.9A,21.6 deg.C,0.0 deg.C,91Ah,Float
2026-07-02 00:50:58,50.9V,0.0A,0.0A,0.0A,0.0A,21.7 deg.C,0.0 deg.C,91Ah,Float
2026-07-02 00:40:58,50.5V,0.0A,0.0A,17.7A,-17.7A,21.9 deg.C,0.0 deg.C,91Ah,Discharge
2026-07-02 00:30:58,50.9V,0.0A,0.0A,0.0A,19.2A,21.9 deg.C,0.0 deg.C,89Ah,Float
2026-07-02 00:20:58,50.9V,0.0A,0.0A,0.0A,18.8A,21.9 deg.C,0.0 deg.C,88Ah,Float
2026-07-02 00:10:58,50.8V,0.0A,0.0A,0.0A,17.7A,21.8 deg.C,0.0 deg.C,85Ah,Float
2026-07-02 00:00:58,50.6V,0.0A,0.0A,0.0A,11.5A,21.6 deg.C,0.0 deg.C,82Ah,Float
2026-07-01 23:50:58,50.6V,0.0A,0.0A,0.0A,17.2A,21.2 deg.C,0.0 deg.C,80Ah,Float
2026-07-01 23:40:58,50.5V,0.0A,0.0A,0.0A,17.1A,20.7 deg.C,0.0 deg.C,77Ah,Float
2026-07-01 23:30:58,50.4V,0.0A,0.0A,0.0A,8.1A,20.1 deg.C,0.0 deg.C,75Ah,Float
2026-07-01 23:20:58,50.3V,0.0A,0.0A,0.0A,12.5A,21.9 deg.C,0.0 deg.C,73Ah,Float
2026-07-01 23:10:58,50.3V,0.0A,0.0A,0.0A,17.1A,22.9 deg.C,0.0 deg.C,70Ah,Float
2026-07-01 23:00:58,50.2V,0.0A,0.0A,0.0A,18.0A,22.8 deg.C,0.0 deg.C,68Ah,Float
2026-07-01 22:50:58,50.1V,0.0A,0.0A,0.0A,13.6A,22.7 deg.C,0.0 deg.C,65Ah,Float
2026-07-01 22:40:58,50.0V,0.0A,0.0A,0.0A,15.7A,22.6 deg.C,0.0 deg.C,63Ah,Float
2026-07-01 22:30:58,49.9V,0.0A,0.0A,0.0A,18.0A,22.5 deg.C,0.0 deg.C,60Ah,Float
2026-07-01 22:20:58,49.8V,0.0A,0.0A,0.0A,12.7A,22.3 deg.C,0.0 deg.C,58Ah,Float
2026-07-01 22:10:58,49.7V,0.0A,0.0A,0.0A,19.6A,22.1 deg.C,0.0 deg.C,55Ah,Float
2026-07-01 22:00:58,49.6V,0.0A,0.0A,0.0A,17.0A,21.8 deg.C,0.0 deg.C,52Ah,Float
2026-07-01 21:50:58,49.4V,0.0A,0.0A,0.0A,13.3A,21.6 deg.C,0.0 deg.C,50Ah,Float
2026-07-01 21:40:58,49.3V,0.0A,0.0A,0.0A,18.2A,21.1 deg.C,0.0 deg.C,47Ah,Float
2026-07-01 21:30:58,48.5V,0.0A,0.0A,42.3A,-41.5A,20.9 deg.C,0.0 deg.C,46Ah,Discharge
2026-07-01 21:20:58,48.7V,0.0A,0.0A,49.8A,-47.4A,21.0 deg.C,0.0 deg.C,53Ah,Discharge
2026-07-01 21:10:58,48.9V,0.0A,0.0A,48.5A,-49.7A,21.2 deg.C,0.0 deg.C,61Ah,Discharge
2026-07-01 21:00:58,49.3V,0.0A,0.0A,41.4A,-40.4A,21.2 deg.C,0.0 deg.C,68Ah,Discharge
2026-07-01 20:50:58,49.5V,0.0A,0.0A,48.9A,-43.2A,21.4 deg.C,0.0 deg.C,75Ah,Discharge
2026-07-01 20:40:58,49.7V,0.0A,0.0A,46.6A,-47.1A,21.7 deg.C,0.0 deg.C,83Ah,Discharge
2026-07-01 20:30:58,50.0V,0.0A,0.0A,40.8A,-41.1A,22.1 deg.C,0.0 deg.C,90Ah,Discharge
2026-07-01 20:20:58,50.9V,0.0A,0.0A,0.0A,17.8A,22.5 deg.C,0.0 deg.C,94Ah,Float
2026-07-01 20:10:58,50.5V,0.0A,0.0A,19.2A,-18.9A,22.5 deg.C,0.0 deg.C,94Ah,Discharge
2026-07-01 20:00:58,50.5V,0.0A,0.0A,11.5A,-12.5A,22.6 deg.C,0.0 deg.C,94Ah,Float
2026-07-01 19:50:58,50.6V,0.0A,0.0A,15.1A,-17.3A,22.6 deg.C,0.0 deg.C,95Ah,Float
2026-07-01 19:40:58,50.9V,0.0A,0.0A,0.0A,17.0A,22.5 deg.C,0.0 deg.C,94Ah,Float
2026-07-01 19:30:58,50.5V,0.0A,0.0A,16.0A,-16.9A,22.4 deg.C,0.0 deg.C,94Ah,Float
2026-07-01 19:20:58,50.6V,0.0A,0.0A,8.0A,-5.2A,22.3 deg.C,0.0 deg.C,94Ah,Float
2026-07-01 19:10:58,50.5V,0.0A,0.0A,16.4A,-15.3A,22.2 deg.C,0.0 deg.C,94Ah,Float
2026-07-01 19:00:58,50.9V,0.0A,0.0A,0.0A,22.4A,21.9 deg.C,0.0 deg.C,94Ah,Float
2026-07-01 18:50:58,50.6V,0.0A,0.0A,16.5A,-9.6A,21.5 deg.C,0.0 deg.C,95Ah,Float
2026-07-01 18:40:58,50.6V,0.0A,0.0A,9.5A,-0.1A,20.8 deg.C,0.0 deg.C,94Ah,Float
2026-07-01 18:30:58,50.6V,0.0A,0.0A,12.0A,-11.1A,20.2 deg.C,0.0 deg.C,95Ah,Float
2026-07-01 18:20:58,50.5V,0.0A,0.0A,14.4A,-14.6A,20.4 deg.C,0.0 deg.C,94Ah,Float
2026-07-01 18:10:58,50.5V,0.0A,0.0A,11.3A,-11.6A,20.5 deg.C,0.0 deg.C,94Ah,Float
2026-07-01 18:00:58,50.9V,0.0A,0.0A,0.0A,19.3A,20.6 deg.C,0.0 deg.C,95Ah,Float
2026-07-01 17:50:58,50.9V,0.0A,0.0A,0.0A,19.2A,20.7 deg.C,0.0 deg.C,95Ah,Float
2026-07-01 17:40:58,50.6V,0.0A,0.0A,10.4A,-10.5A,20.7 deg.C,0.0 deg.C,95Ah,Float
2026-07-01 17:30:58,50.5V,0.0A,0.0A,16.0A,-15.8A,20.7 deg.C,0.0 deg.C,95Ah,Float
2026-07-01 17:20:58,50.5V,0.0A,0.0A,15.7A,-16.3A,20.6 deg.C,0.0 deg.C,95Ah,Float
2026-07-01 17:10:58,50.5V,60.2A,0.0A,18.2A,-10.8A,20.6 deg.C,0.0 deg.C,96Ah,Float
2026-07-01 17:00:58,50.5V,0.0A,0.0A,16.3A,-17.6A,20.5 deg.C,0.0 deg.C,96Ah,Discharge
2026-07-01 16:50:58,50.6V,0.0A,0.0A,7.2A,-10.0A,20.5 deg.C,0.0 deg.C,95Ah,Float
2026-07-01 16:40:58,50.8V,0.0A,0.0A,0.0A,15.2A,20.6 deg.C,0.0 deg.C,95Ah,Float
2026-07-01 16:30:58,50.9V,0.0A,0.0A,0.0A,16.4A,20.7 deg.C,0.0 deg.C,96Ah,Float
2026-07-01 16:20:58,50.6V,0.0A,0.0A,12.3A,-10.8A,20.8 deg.C,0.0 deg.C,96Ah,Float
2026-07-01 16:10:58,50.9V,0.0A,0.0A,0.0A,13.3A,21.0 deg.C,0.0 deg.C,96Ah,Float
2026-07-01 16:00:58,50.9V,0.0A,0.0A,0.0A,14.2A,21.2 deg.C,0.0 deg.C,95Ah,Float
2026-07-01 15:50:58,50.6V,0.0A,0.0A,10.0A,-10.4A,21.5 deg.C,0.0 deg.C,94Ah,Float
2026-07-01 15:40:58,50.8V,0.0A,0.0A,0.0A,14.2A,21.8 deg.C,0.0 deg.C,92Ah,Float
2026-07-01 15:30:58,50.8V,0.0A,0.0A,0.0A,12.3A,22.0 deg.C,0.0 deg.C,90Ah,Float
2026-07-01 15:20:58,50.7V,0.0A,0.0A,0.0A,12.3A,22.2 deg.C,0.0 deg.C,88Ah,Float
2026-07-01 15:10:58,50.6V,0.0A,0.0A,0.0A,9.9A,22.4 deg.C,0.0 deg.C,86Ah,Float
2026-07-01 15:00:58,50.5V,0.0A,0.0A,0.0A,11.2A,22.6 deg.C,0.0 deg.C,84Ah,Float
2026-07-01 14:50:58,50.4V,0.0A,0.0A,0.0A,5.8A,22.7 deg.C,0.0 deg.C,82Ah,Float
2026-07-01 14:40:58,50.4V,0.0A,0.0A,0.0A,12.0A,22.8 deg.C,0.0 deg.C,80Ah,Float
2026-07-01 14:30:58,50.4V,0.0A,0.0A,0.0A,12.3A,22.9 deg.C,0.0 deg.C,78Ah,Float
2026-07-01 14:20:58,50.3V,0.0A,0.0A,0.0A,13.3A,23.0 deg.C,0.0 deg.C,76Ah,Float
2026-07-01 14:10:58,50.2V,0.0A,0.0A,0.0A,12.3A,22.9 deg.C,0.0 deg.C,74Ah,Float
2026-07-01 14:00:58,50.2V,0.0A,0.0A,0.0A,12.9A,22.9 deg.C,0.0 deg.C,72Ah,Float
2026-07-01 13:50:58,50.1V,0.0A,0.0A,0.0A,12.9A,22.8 deg.C,0.0 deg.C,70Ah,Float
2026-07-01 13:40:58,50.0V,0.0A,0.0A,0.0A,13.1A,22.8 deg.C,0.0 deg.C,68Ah,Float
2026-07-01 13:30:58,49.9V,0.0A,0.0A,0.0A,12.4A,22.7 deg.C,0.0 deg.C,66Ah,Float
2026-07-01 13:20:58,49.8V,0.0A,0.0A,0.0A,11.4A,22.7 deg.C,0.0 deg.C,64Ah,Float
2026-07-01 13:10:58,49.7V,0.0A,0.0A,0.0A,11.7A,22.7 deg.C,0.0 deg.C,62Ah,Float
2026-07-01 13:00:58,49.6V,0.0A,0.0A,0.0A,11.8A,22.7 deg.C,0.0 deg.C,60Ah,Float
2026-07-01 12:50:58,49.5V,0.0A,0.0A,0.0A,13.7A,22.8 deg.C,0.0 deg.C,57Ah,Float
2026-07-01 12:40:58,49.4V,0.0A,0.0A,0.0A,11.2A,22.7 deg.C,0.0 deg.C,55Ah,Float
2026-07-01 12:30:58,49.3V,0.0A,0.0A,0.0A,15.2A,22.6 deg.C,0.0 deg.C,53Ah,Float
2026-07-01 12:20:58,48.5V,0.0A,0.0A,46.4A,-47.1A,22.5 deg.C,0.0 deg.C,54Ah,Discharge
2026-07-01 12:10:58,48.8V,0.0A,0.0A,44.1A,-46.5A,22.4 deg.C,0.0 deg.C,62Ah,Discharge
2026-07-01 12:00:58,49.1V,0.0A,0.0A,46.6A,-49.3A,22.2 deg.C,0.0 deg.C,69Ah,Discharge
2026-07-01 11:50:58,49.3V,0.0A,0.0A,46.6A,-47.4A,21.9 deg.C,0.0 deg.C,77Ah,Discharge
2026-07-01 11:40:58,49.5V,0.0A,0.0A,53.7A,-52.6A,21.7 deg.C,0.0 deg.C,86Ah,Discharge
2026-07-01 11:30:58,49.9V,0.0A,0.0A,53.8A,-52.1A,21.6 deg.C,0.0 deg.C,95Ah,Discharge
2026-07-01 11:20:58,50.8V,0.0A,0.0A,0.0A,9.9A,21.5 deg.C,0.0 deg.C,100Ah,Float
2026-07-01 11:10:58,50.6V,0.0A,0.0A,15.9A,-15.3A,21.4 deg.C,0.0 deg.C,100Ah,Float
2026-07-01 11:00:58,50.8V,0.0A,0.0A,0.0A,9.3A,21.2 deg.C,0.0 deg.C,100Ah,Float
2026-07-01 10:50:58,50.6V,0.0A,0.0A,14.8A,-14.7A,21.1 deg.C,0.0 deg.C,100Ah,Float
2026-07-01 10:40:58,50.9V,0.0A,0.0A,0.0A,9.1A,21.0 deg.C,0.0 deg.C,99Ah,Float
2026-07-01 10:30:58,50.9V,0.0A,0.0A,0.0A,10.5A,20.8 deg.C,0.0 deg.C,99Ah,Float
2026-07-01 10:20:58,50.8V,0.0A,0.0A,0.0A,10.4A,20.7 deg.C,0.0 deg.C,97Ah,Float
2026-07-01 10:10:58,50.8V,0.0A,0.0A,0.0A,11.0A,20.5 deg.C,0.0 deg.C,95Ah,Float
2026-07-01 10:00:58,50.7V,0.0A,0.0A,0.0A,11.3A,20.4 deg.C,0.0 deg.C,93Ah,Float
2026-07-01 09:50:58,50.7V,0.0A,0.0A,0.0A,11.5A,20.4 deg.C,0.0 deg.C,91Ah,Float
2026-07-01 09:40:58,50.6V,0.0A,0.0A,0.0A,10.7A,20.8 deg.C,0.0 deg.C,89Ah,Float
2026-07-01 09:30:58,50.5V,0.0A,0.0A,0.0A,11.1A,21.9 deg.C,0.0 deg.C,87Ah,Float
2026-07-01 09:20:58,50.5V,0.0A,0.0A,0.0A,13.5A,22.6 deg.C,0.0 deg.C,85Ah,Float
2026-07-01 09:10:58,50.4V,0.0A,0.0A,0.0A,14.1A,22.2 deg.C,0.0 deg.C,83Ah,Float
2026-07-01 09:00:58,50.4V,0.0A,0.0A,0.0A,14.6A,21.7 deg.C,0.0 deg.C,80Ah,Float
2026-07-01 08:50:58,50.3V,0.0A,0.0A,0.0A,13.7A,21.3 deg.C,0.0 deg.C,78Ah,Float
2026-07-01 08:40:58,50.2V,0.0A,0.0A,0.0A,13.1A,21.0 deg.C,0.0 deg.C,75Ah,Float
2026-07-01 08:30:58,50.1V,0.0A,0.0A,0.0A,15.6A,20.6 deg.C,0.0 deg.C,72Ah,Float
2026-07-01 08:20:58,50.0V,0.0A,0.0A,0.0A,12.9A,20.3 deg.C,0.0 deg.C,70Ah,Float
2026-07-01 08:10:58,50.0V,0.0A,0.0A,0.0A,18.0A,20.1 deg.C,0.0 deg.C,68Ah,Float
2026-07-01 08:00:58,49.8V,0.0A,0.0A,0.0A,17.2A,19.9 deg.C,0.0 deg.C,65Ah,Float
2026-07-01 07:50:58,49.7V,0.0A,0.0A,0.0A,14.6A,19.7 deg.C,0.0 deg.C,62Ah,Float
2026-07-01 07:40:58,49.6V,0.0A,0.0A,0.0A,17.5A,19.5 deg.C,0.0 deg.C,60Ah,Float
2026-07-01 07:30:58,49.4V,0.0A,0.0A,0.0A,15.1A,18.9 deg.C,0.0 deg.C,57Ah,Float
2026-07-01 07:20:58,49.3V,0.0A,0.0A,0.0A,16.5A,18.7 deg.C,0.0 deg.C,54Ah,Float
2026-07-01 07:10:58,48.6V,0.0A,0.0A,44.9A,-45.3A,18.7 deg.C,0.0 deg.C,57Ah,Discharge
2026-07-01 07:00:58,48.8V,0.0A,0.0A,48.2A,-49.0A,18.8 deg.C,0.0 deg.C,64Ah,Discharge
2026-07-01 06:50:58,49.1V,0.0A,0.0A,44.3A,-44.7A,19.1 deg.C,0.0 deg.C,73Ah,Discharge
2026-07-01 06:40:58,49.4V,0.0A,0.0A,43.2A,-43.1A,19.3 deg.C,0.0 deg.C,80Ah,Discharge
2026-07-01 06:30:58,49.6V,0.0A,0.0A,42.8A,-43.6A,19.8 deg.C,0.0 deg.C,87Ah,Discharge
2026-07-01 06:20:58,49.9V,0.0A,0.0A,41.8A,-43.0A,20.0 deg.C,0.0 deg.C,94Ah,Discharge
2026-07-01 06:10:58,50.2V,0.0A,0.0A,46.8A,-32.7A,20.2 deg.C,0.0 deg.C,102Ah,Discharge
2026-07-01 06:00:58,50.5V,0.0A,0.0A,19.2A,-18.2A,20.2 deg.C,0.0 deg.C,102Ah,Discharge
2026-07-01 05:50:58,50.5V,0.0A,0.0A,15.5A,-15.7A,20.3 deg.C,0.0 deg.C,102Ah,Float
2026-07-01 05:40:58,50.6V,0.0A,0.0A,7.1A,-8.1A,20.4 deg.C,0.0 deg.C,102Ah,Float
2026-07-01 05:30:58,50.5V,0.0A,0.0A,15.3A,-15.4A,20.6 deg.C,0.0 deg.C,102Ah,Float
2026-07-01 05:20:58,50.6V,0.0A,0.0A,10.8A,-11.4A,20.7 deg.C,0.0 deg.C,102Ah,Float
2026-07-01 05:10:58,50.5V,0.0A,0.0A,13.5A,-14.3A,20.7 deg.C,0.0 deg.C,102Ah,Float
2026-07-01 05:00:58,50.6V,0.0A,0.0A,8.2A,-7.0A,20.9 deg.C,0.0 deg.C,102Ah,Float
2026-07-01 04:50:58,50.5V,0.0A,0.0A,14.0A,-13.7A,21.0 deg.C,0.0 deg.C,102Ah,Float
2026-07-01 04:40:58,50.9V,0.0A,0.0A,0.0A,13.6A,21.2 deg.C,0.0 deg.C,102Ah,Float
2026-07-01 04:30:58,50.6V,0.0A,0.0A,7.5A,-7.3A,21.2 deg.C,0.0 deg.C,102Ah,Float
2026-07-01 04:20:58,50.9V,0.0A,0.0A,0.0A,17.5A,21.3 deg.C,0.0 deg.C,101Ah,Float
2026-07-01 04:10:58,50.6V,0.0A,0.0A,9.2A,-9.0A,21.6 deg.C,0.0 deg.C,101Ah,Float
2026-07-01 04:00:58,50.9V,0.0A,0.0A,0.0A,13.9A,21.8 deg.C,0.0 deg.C,102Ah,Float
2026-07-01 03:50:58,50.9V,0.0A,0.0A,0.0A,17.7A,21.9 deg.C,0.0 deg.C,100Ah,Float
2026-07-01 03:40:58,50.9V,0.0A,0.0A,0.0A,17.9A,22.1 deg.C,0.0 deg.C,98Ah,Float
2026-07-01 03:30:58,50.8V,0.0A,0.0A,0.0A,18.2A,22.2 deg.C,0.0 deg.C,95Ah,Float
2026-07-01 03:20:58,50.7V,0.0A,0.0A,0.0A,18.0A,22.3 deg.C,0.0 deg.C,92Ah,Float
2026-07-01 03:10:58,50.6V,0.0A,0.0A,0.0A,13.4A,22.3 deg.C,0.0 deg.C,90Ah,Float
2026-07-01 03:00:58,50.5V,0.0A,0.0A,0.0A,17.1A,22.3 deg.C,0.0 deg.C,87Ah,Float
2026-07-01 02:50:58,50.5V,0.0A,0.0A,0.0A,17.9A,22.4 deg.C,0.0 deg.C,84Ah,Float
2026-07-01 02:40:58,50.3V,0.0A,0.0A,0.0A,13.1A,22.4 deg.C,0.0 deg.C,81Ah,Float
2026-07-01 02:30:58,50.3V,0.0A,0.0A,0.0A,16.3A,22.5 deg.C,0.0 deg.C,79Ah,Float
2026-07-01 02:20:58,50.2V,0.0A,0.0A,0.0A,17.0A,22.5 deg.C,0.0 deg.C,77Ah,Float
2026-07-01 02:10:58,50.1V,0.0A,0.0A,0.0A,16.8A,22.6 deg.C,0.0 deg.C,74Ah,Float
2026-07-01 02:00:58,50.0V,0.0A,0.0A,0.0A,11.8A,22.5 deg.C,0.0 deg.C,71Ah,Float
2026-07-01 01:50:58,49.9V,0.0A,0.0A,0.0A,15.8A,22.5 deg.C,0.0 deg.C,69Ah,Float
2026-07-01 01:40:58,49.8V,0.0A,0.0A,0.0A,15.3A,22.6 deg.C,0.0 deg.C,67Ah,Float
2026-07-01 01:30:58,49.7V,0.0A,0.0A,0.0A,15.8A,22.6 deg.C,0.0 deg.C,64Ah,Float
2026-07-01 01:20:58,49.6V,0.0A,0.0A,0.0A,10.7A,22.6 deg.C,0.0 deg.C,62Ah,Float
2026-07-01 01:10:58,49.5V,0.0A,0.0A,0.0A,16.4A,22.6 deg.C,0.0 deg.C,60Ah,Float
2026-07-01 01:00:58,49.3V,0.0A,0.0A,0.0A,14.4A,22.6 deg.C,0.0 deg.C,58Ah,Float
2026-07-01 00:50:58,49.1V,0.0A,0.0A,0.0A,7.1A,22.4 deg.C,0.0 deg.C,56Ah,Float
2026-07-01 00:40:58,49.5V,0.0A,0.0A,0.0A,10.5A,22.8 deg.C,0.0 deg.C,60Ah,Float
2026-07-01 00:30:58,49.4V,0.0A,0.0A,0.0A,12.7A,22.8 deg.C,0.0 deg.C,59Ah,Float
2026-07-01 00:20:58,49.3V,0.0A,0.0A,0.0A,11.2A,22.7 deg.C,0.0 deg.C,57Ah,Float
2026-07-01 00:10:58,49.2V,0.0A,0.0A,0.0A,6.3A,22.6 deg.C,0.0 deg.C,56Ah,Float
2026-07-01 00:00:58,49.1V,0.0A,0.0A,0.0A,12.2A,22.6 deg.C,0.0 deg.C,54Ah,Float
2026-06-30 23:50:58,49.0V,0.0A,0.0A,0.0A,10.6A,22.4 deg.C,0.0 deg.C,52Ah,Float
2026-06-30 23:40:58,48.3V,0.0A,0.0A,55.1A,-57.9A,22.5 deg.C,0.0 deg.C,56Ah,Discharge
2026-06-30 23:30:58,49.2V,0.0A,0.0A,0.0A,9.9A,22.4 deg.C,0.0 deg.C,58Ah,Float
2026-06-30 23:20:58,49.1V,0.0A,0.0A,0.0A,9.8A,22.1 deg.C,0.0 deg.C,56Ah,Float
2026-06-30 23:10:58,49.4V,0.0A,0.0A,0.0A,5.5A,22.4 deg.C,0.0 deg.C,62Ah,Float
2026-06-30 23:00:58,49.4V,0.0A,0.0A,0.0A,11.8A,22.1 deg.C,0.0 deg.C,61Ah,Float
2026-06-30 22:50:57,49.3V,0.0A,0.0A,0.0A,11.3A,21.7 deg.C,0.0 deg.C,59Ah,Float
2026-06-30 22:40:57,49.1V,0.0A,0.0A,0.0A,6.2A,21.1 deg.C,0.0 deg.C,57Ah,Float
2026-06-30 22:30:57,49.3V,0.0A,0.0A,0.0A,5.4A,22.1 deg.C,0.0 deg.C,61Ah,Float
2026-06-30 22:20:57,49.3V,0.0A,0.0A,0.0A,10.2A,22.6 deg.C,0.0 deg.C,60Ah,Float
2026-06-30 22:10:57,49.2V,0.0A,0.0A,0.0A,9.8A,22.4 deg.C,0.0 deg.C,58Ah,Float
2026-06-30 22:00:57,48.6V,0.0A,0.0A,55.6A,-55.5A,22.5 deg.C,0.0 deg.C,62Ah,Discharge
2026-06-30 21:50:57,49.5V,0.0A,0.0A,0.0A,11.1A,22.5 deg.C,0.0 deg.C,63Ah,Float
2026-06-30 21:40:57,49.4V,0.0A,0.0A,0.0A,12.5A,22.3 deg.C,0.0 deg.C,61Ah,Float
2026-06-30 21:30:57,49.2V,0.0A,0.0A,0.0A,7.5A,22.0 deg.C,0.0 deg.C,60Ah,Float
2026-06-30 21:20:57,49.1V,0.0A,0.0A,0.0A,11.4A,21.7 deg.C,0.0 deg.C,58Ah,Float
2026-06-30 21:10:57,48.8V,0.0A,0.0A,51.5A,-50.5A,21.9 deg.C,0.0 deg.C,67Ah,Discharge
2026-06-30 21:00:57,49.9V,0.0A,0.0A,0.0A,0.0A,22.3 deg.C,0.0 deg.C,74Ah,Float
2026-06-30 20:50:57,49.9V,0.0A,0.0A,0.0A,12.0A,22.1 deg.C,0.0 deg.C,73Ah,Float
2026-06-30 20:40:57,49.8V,0.0A,0.0A,0.0A,12.4A,21.7 deg.C,0.0 deg.C,71Ah,Float
2026-06-30 20:30:57,49.7V,0.0A,0.0A,0.0A,8.5A,21.2 deg.C,0.0 deg.C,70Ah,Float
2026-06-30 20:20:57,49.7V,0.0A,0.0A,0.0A,11.1A,20.3 deg.C,0.0 deg.C,68Ah,Float
2026-06-30 20:10:57,49.6V,0.0A,0.0A,0.0A,12.4A,19.8 deg.C,0.0 deg.C,66Ah,Float
2026-06-30 20:00:57,49.5V,0.0A,0.0A,0.0A,8.2A,19.9 deg.C,0.0 deg.C,65Ah,Float
2026-06-30 19:50:57,49.5V,0.0A,0.0A,0.0A,12.9A,20.1 deg.C,0.0 deg.C,63Ah,Float
2026-06-30 19:40:57,49.4V,0.0A,0.0A,0.0A,8.0A,20.3 deg.C,0.0 deg.C,61Ah,Float
2026-06-30 19:30:57,49.3V,0.0A,0.0A,0.0A,8.9A,20.4 deg.C,0.0 deg.C,60Ah,Float
2026-06-30 19:20:57,49.4V,0.0A,0.0A,0.0A,18.7A,20.5 deg.C,0.0 deg.C,58Ah,Float
2026-06-30 19:10:57,49.2V,0.0A,0.0A,0.0A,12.8A,20.6 deg.C,0.0 deg.C,55Ah,Float
2026-06-30 19:00:57,49.1V,0.0A,0.0A,0.0A,12.7A,20.7 deg.C,0.0 deg.C,53Ah,Float
2026-06-30 18:50:57,49.1V,0.0A,0.0A,0.0A,17.5A,20.6 deg.C,0.0 deg.C,50Ah,Float
2026-06-30 18:40:57,49.0V,0.0A,0.0A,0.0A,13.0A,20.6 deg.C,0.0 deg.C,48Ah,Float
2026-06-30 18:30:57,49.0V,0.0A,0.0A,0.0A,13.1A,20.6 deg.C,0.0 deg.C,46Ah,Float
2026-06-30 18:20:57,48.9V,0.0A,0.0A,0.0A,12.1A,20.6 deg.C,0.0 deg.C,43Ah,Float
2026-06-30 18:10:57,48.8V,0.0A,0.0A,0.0A,11.7A,20.7 deg.C,0.0 deg.C,41Ah,Float
2026-06-30 18:00:57,48.8V,0.0A,0.0A,0.0A,10.0A,20.8 deg.C,0.0 deg.C,39Ah,Float
2026-06-30 17:50:57,48.7V,0.0A,0.0A,0.0A,11.5A,20.9 deg.C,0.0 deg.C,37Ah,Float
2026-06-30 17:40:57,48.7V,0.0A,0.0A,0.0A,12.2A,21.0 deg.C,0.0 deg.C,36Ah,Float
2026-06-30 17:30:57,48.6V,0.0A,0.0A,0.0A,10.2A,21.1 deg.C,0.0 deg.C,34Ah,Float
2026-06-30 17:20:57,48.5V,0.0A,0.0A,0.0A,6.9A,21.2 deg.C,0.0 deg.C,33Ah,Float
2026-06-30 17:10:57,48.4V,0.0A,0.0A,0.0A,7.6A,21.3 deg.C,0.0 deg.C,31Ah,Float
2026-06-30 17:00:57,48.4V,0.0A,0.0A,0.0A,0.0A,21.4 deg.C,0.0 deg.C,33Ah,Float
2026-06-30 16:50:57,47.7V,0.0A,0.0A,61.0A,-56.0A,21.7 deg.C,0.0 deg.C,35Ah,Discharge
2026-06-30 16:40:57,48.5V,0.0A,0.0A,0.0A,0.0A,21.8 deg.C,0.0 deg.C,37Ah,Float
2026-06-30 16:30:57,48.5V,0.0A,0.0A,0.0A,6.2A,22.0 deg.C,0.0 deg.C,36Ah,Float
2026-06-30 16:20:57,48.4V,0.0A,0.0A,0.0A,5.0A,22.1 deg.C,0.0 deg.C,35Ah,Float
2026-06-30 16:10:57,48.5V,0.0A,0.0A,0.0A,5.1A,22.2 deg.C,0.0 deg.C,37Ah,Float
2026-06-30 16:00:57,47.6V,0.0A,0.0A,58.7A,-59.6A,22.4 deg.C,0.0 deg.C,37Ah,Discharge
2026-06-30 15:50:57,47.7V,0.0A,0.0A,60.6A,-59.8A,22.5 deg.C,0.0 deg.C,39Ah,Discharge
2026-06-30 15:40:57,48.5V,0.0A,0.0A,0.0A,0.0A,22.5 deg.C,0.0 deg.C,40Ah,Float
2026-06-30 15:30:57,48.6V,0.0A,0.0A,0.0A,8.9A,22.6 deg.C,0.0 deg.C,42Ah,Float
2026-06-30 15:20:57,48.5V,0.0A,0.0A,0.0A,0.0A,22.6 deg.C,0.0 deg.C,44Ah,Float
2026-06-30 15:10:57,48.5V,0.0A,0.0A,0.0A,0.0A,22.7 deg.C,0.0 deg.C,46Ah,Float
2026-06-30 15:00:57,48.0V,0.0A,0.0A,58.7A,-58.2A,22.8 deg.C,0.0 deg.C,52Ah,Float
2026-06-30 14:50:57,48.0V,0.0A,0.0A,58.6A,-58.4A,22.8 deg.C,0.0 deg.C,54Ah,Discharge
2026-06-30 14:40:57,48.1V,0.0A,0.0A,56.3A,-57.8A,22.7 deg.C,0.0 deg.C,57Ah,Discharge
2026-06-30 14:30:57,48.8V,0.0A,0.0A,0.0A,9.4A,22.6 deg.C,0.0 deg.C,57Ah,Float
2026-06-30 14:20:57,48.2V,0.0A,0.0A,56.2A,-58.4A,22.5 deg.C,0.0 deg.C,60Ah,Discharge
2026-06-30 14:10:57,49.0V,0.0A,0.0A,0.0A,7.2A,22.3 deg.C,0.0 deg.C,62Ah,Float
2026-06-30 14:00:57,49.1V,0.0A,0.0A,0.0A,0.0A,22.2 deg.C,0.0 deg.C,65Ah,Float
2026-06-30 13:50:57,49.2V,0.0A,0.0A,0.0A,0.0A,22.1 deg.C,0.0 deg.C,69Ah,Float
2026-06-30 13:40:57,48.6V,0.0A,0.0A,55.7A,-53.9A,21.9 deg.C,0.0 deg.C,72Ah,Discharge
2026-06-30 13:30:57,48.9V,0.0A,0.0A,55.3A,-57.2A,21.9 deg.C,0.0 deg.C,81Ah,Discharge
2026-06-30 13:20:57,49.1V,0.0A,0.0A,54.7A,-55.3A,21.9 deg.C,0.0 deg.C,90Ah,Discharge
2026-06-30 13:10:57,49.4V,0.0A,0.0A,55.8A,-54.5A,21.9 deg.C,0.0 deg.C,99Ah,Discharge
2026-06-30 13:00:57,49.7V,0.0A,0.0A,55.6A,-55.1A,22.0 deg.C,0.0 deg.C,109Ah,Discharge
2026-06-30 12:50:57,50.1V,0.0A,0.0A,50.7A,-50.9A,22.1 deg.C,0.0 deg.C,118Ah,Discharge
2026-06-30 12:40:57,50.8V,0.0A,0.0A,0.0A,-8.8A,22.0 deg.C,0.0 deg.C,120Ah,Discharge
2026-06-30 12:30:57,50.9V,0.0A,0.0A,0.0A,6.2A,21.9 deg.C,0.0 deg.C,120Ah,Float
2026-06-30 12:20:57,50.9V,0.0A,0.0A,0.0A,6.4A,21.9 deg.C,0.0 deg.C,121Ah,Float
2026-06-30 12:10:57,50.6V,0.0A,0.0A,15.8A,-15.6A,21.9 deg.C,0.0 deg.C,121Ah,Float
2026-06-30 12:00:57,50.9V,0.0A,0.0A,0.0A,6.3A,21.7 deg.C,0.0 deg.C,121Ah,Float
2026-06-30 11:50:57,50.9V,0.0A,0.0A,0.0A,0.0A,21.6 deg.C,0.0 deg.C,121Ah,Float
2026-06-30 11:40:57,50.9V,0.0A,0.0A,0.0A,6.2A,21.5 deg.C,0.0 deg.C,120Ah,Float
2026-06-30 11:30:57,50.5V,0.0A,0.0A,22.3A,-22.2A,21.5 deg.C,0.0 deg.C,120Ah,Discharge
2026-06-30 11:20:57,50.9V,0.0A,0.0A,0.0A,10.2A,21.4 deg.C,0.0 deg.C,120Ah,Float
2026-06-30 11:10:57,50.7V,0.0A,0.0A,13.1A,-13.0A,21.2 deg.C,0.0 deg.C,121Ah,Float
2026-06-30 11:00:57,50.9V,0.0A,0.0A,0.0A,7.8A,21.1 deg.C,0.0 deg.C,121Ah,Float
2026-06-30 10:50:57,50.9V,0.0A,0.0A,0.0A,6.8A,21.0 deg.C,0.0 deg.C,120Ah,Float
2026-06-30 10:40:57,50.9V,0.0A,0.0A,0.0A,10.0A,20.9 deg.C,0.0 deg.C,121Ah,Float
2026-06-30 10:30:57,50.9V,0.0A,0.0A,0.0A,9.2A,20.8 deg.C,0.0 deg.C,121Ah,Float
2026-06-30 10:20:57,50.9V,0.0A,0.0A,0.0A,9.9A,20.9 deg.C,0.0 deg.C,120Ah,Float
2026-06-30 10:10:57,50.9V,0.0A,0.0A,0.0A,9.2A,21.2 deg.C,0.0 deg.C,121Ah,Float
2026-06-30 10:00:57,50.9V,0.0A,0.0A,0.0A,7.0A,22.2 deg.C,0.0 deg.C,121Ah,Float
2026-06-30 09:50:57,50.7V,0.0A,0.0A,17.9A,-12.2A,22.1 deg.C,0.0 deg.C,121Ah,Float
2026-06-30 09:40:57,51.0V,0.0A,0.0A,0.0A,13.7A,20.8 deg.C,0.0 deg.C,121Ah,Float
2026-06-30 09:30:57,51.0V,0.0A,0.0A,0.0A,11.5A,20.0 deg.C,0.0 deg.C,121Ah,Float
2026-06-30 09:20:57,50.6V,0.0A,0.0A,13.8A,-13.6A,20.4 deg.C,0.0 deg.C,121Ah,Float
2026-06-30 09:10:57,50.6V,0.0A,0.0A,17.7A,-17.3A,21.6 deg.C,0.0 deg.C,121Ah,Discharge
2026-06-30 09:00:57,50.9V,0.0A,0.0A,0.0A,7.5A,23.5 deg.C,0.0 deg.C,120Ah,Float
2026-06-30 08:50:57,50.9V,0.0A,0.0A,0.0A,14.2A,23.1 deg.C,0.0 deg.C,120Ah,Float
2026-06-30 08:40:57,50.9V,0.0A,0.0A,0.0A,13.7A,22.9 deg.C,0.0 deg.C,120Ah,Float
2026-06-30 08:30:57,50.9V,0.0A,0.0A,0.0A,11.6A,22.7 deg.C,0.0 deg.C,119Ah,Float
2026-06-30 08:20:57,50.7V,0.0A,0.0A,8.6A,-8.3A,22.6 deg.C,0.0 deg.C,119Ah,Float
2026-06-30 08:10:57,50.9V,0.0A,0.0A,0.0A,14.1A,22.5 deg.C,0.0 deg.C,118Ah,Float
2026-06-30 08:00:57,51.0V,0.0A,0.0A,0.0A,18.3A,22.5 deg.C,0.0 deg.C,116Ah,Float
2026-06-30 07:50:57,50.9V,0.0A,0.0A,0.0A,16.3A,22.6 deg.C,0.0 deg.C,113Ah,Float
2026-06-30 07:40:57,50.8V,0.0A,0.0A,0.0A,14.3A,22.6 deg.C,0.0 deg.C,110Ah,Float
2026-06-30 07:30:57,50.7V,0.0A,0.0A,0.0A,15.8A,22.6 deg.C,0.0 deg.C,108Ah,Float
2026-06-30 07:20:57,50.7V,0.0A,0.0A,0.0A,21.5A,22.6 deg.C,0.0 deg.C,105Ah,Float
2026-06-30 07:10:57,50.6V,0.0A,0.0A,0.0A,17.5A,22.6 deg.C,0.0 deg.C,102Ah,Float
2026-06-30 07:00:57,50.5V,0.0A,0.0A,0.0A,13.1A,22.6 deg.C,0.0 deg.C,100Ah,Float
2026-06-30 06:50:57,50.5V,0.0A,0.0A,0.0A,18.3A,22.5 deg.C,0.0 deg.C,97Ah,Float
2026-06-30 06:40:57,50.4V,0.0A,0.0A,0.0A,17.8A,22.5 deg.C,0.0 deg.C,94Ah,Float
2026-06-30 06:30:57,50.3V,0.0A,0.0A,0.0A,13.9A,22.4 deg.C,0.0 deg.C,92Ah,Float
2026-06-30 06:20:57,50.2V,0.0A,0.0A,0.0A,18.6A,22.4 deg.C,0.0 deg.C,89Ah,Float
2026-06-30 06:10:57,50.2V,0.0A,0.0A,0.0A,18.4A,22.4 deg.C,0.0 deg.C,86Ah,Float
2026-06-30 06:00:57,50.0V,0.0A,0.0A,0.0A,14.0A,22.3 deg.C,0.0 deg.C,83Ah,Float
2026-06-30 05:50:57,50.0V,0.0A,0.0A,0.0A,18.4A,22.3 deg.C,0.0 deg.C,80Ah,Float
2026-06-30 05:40:57,49.9V,0.0A,0.0A,0.0A,22.4A,22.3 deg.C,0.0 deg.C,77Ah,Float
2026-06-30 05:30:57,49.8V,0.0A,0.0A,0.0A,18.3A,22.3 deg.C,0.0 deg.C,74Ah,Float
2026-06-30 05:20:57,49.6V,0.0A,0.0A,0.0A,14.6A,22.3 deg.C,0.0 deg.C,71Ah,Float
2026-06-30 05:10:57,49.6V,0.0A,0.0A,0.0A,18.8A,22.2 deg.C,0.0 deg.C,69Ah,Float
2026-06-30 05:00:57,49.5V,0.0A,0.0A,0.0A,18.7A,22.1 deg.C,0.0 deg.C,66Ah,Float
2026-06-30 04:50:57,49.4V,0.0A,0.0A,0.0A,18.7A,22.1 deg.C,0.0 deg.C,63Ah,Float
2026-06-30 04:40:57,49.3V,0.0A,0.0A,0.0A,14.8A,22.2 deg.C,0.0 deg.C,60Ah,Float
2026-06-30 04:30:57,49.2V,0.0A,0.0A,0.0A,18.8A,22.2 deg.C,0.0 deg.C,57Ah,Float
2026-06-30 04:20:57,49.1V,0.0A,0.0A,0.0A,18.6A,22.2 deg.C,0.0 deg.C,54Ah,Float
2026-06-30 04:10:57,49.0V,0.0A,0.0A,0.0A,17.2A,22.2 deg.C,0.0 deg.C,51Ah,Float
2026-06-30 04:00:57,49.0V,0.0A,0.0A,0.0A,14.4A,22.2 deg.C,0.0 deg.C,49Ah,Float
2026-06-30 03:50:57,48.9V,0.0A,0.0A,0.0A,17.8A,22.3 deg.C,0.0 deg.C,46Ah,Float
2026-06-30 03:40:57,48.8V,0.0A,0.0A,0.0A,18.5A,22.3 deg.C,0.0 deg.C,43Ah,Float
2026-06-30 03:30:57,48.8V,0.0A,0.0A,0.0A,18.1A,22.3 deg.C,0.0 deg.C,40Ah,Float
2026-06-30 03:20:57,48.7V,0.0A,0.0A,0.0A,13.6A,22.2 deg.C,0.0 deg.C,37Ah,Float
2026-06-30 03:10:57,48.7V,0.0A,0.0A,0.0A,18.1A,22.3 deg.C,0.0 deg.C,34Ah,Float
2026-06-30 03:00:57,48.6V,0.0A,0.0A,0.0A,18.1A,22.2 deg.C,0.0 deg.C,32Ah,Float
2026-06-30 02:50:57,48.5V,0.0A,0.0A,0.0A,17.0A,22.1 deg.C,0.0 deg.C,29Ah,Float
2026-06-30 02:40:57,48.5V,0.0A,0.0A,0.0A,13.6A,22.1 deg.C,0.0 deg.C,26Ah,Float
2026-06-30 02:30:57,48.4V,0.0A,0.0A,0.0A,18.1A,21.9 deg.C,0.0 deg.C,23Ah,Float
2026-06-30 02:20:57,48.3V,0.0A,0.0A,0.0A,16.5A,21.8 deg.C,0.0 deg.C,21Ah,Float
2026-06-30 02:10:57,48.0V,0.0A,0.0A,0.0A,11.5A,21.5 deg.C,0.0 deg.C,18Ah,Float
2026-06-30 02:00:57,47.8V,0.0A,0.0A,0.0A,15.1A,21.0 deg.C,0.0 deg.C,16Ah,Float
2026-06-30 01:50:57,47.5V,0.0A,0.0A,0.0A,14.0A,20.4 deg.C,0.0 deg.C,14Ah,Float
2026-06-30 01:40:57,47.3V,0.0A,0.0A,0.0A,19.4A,22.0 deg.C,0.0 deg.C,11Ah,Float
2026-06-30 01:30:57,46.9V,0.0A,0.0A,0.0A,13.8A,22.2 deg.C,0.0 deg.C,9Ah,Float
2026-06-30 01:20:57,46.5V,0.0A,0.0A,0.0A,19.6A,22.3 deg.C,0.0 deg.C,6Ah,Float
2026-06-30 01:10:57,45.9V,0.0A,0.0A,0.0A,17.3A,22.3 deg.C,0.0 deg.C,3Ah,Float
2026-06-30 01:00:57,45.1V,0.0A,0.0A,0.0A,0.0A,22.3 deg.C,0.0 deg.C,0Ah,Discharge
2026-06-30 00:50:57,44.5V,0.0A,0.0A,49.6A,-51.5A,22.3 deg.C,0.0 deg.C,0Ah,Discharge
2026-06-30 00:40:57,45.4V,0.0A,0.0A,46.5A,-47.2A,22.1 deg.C,0.0 deg.C,0Ah,Discharge
2026-06-30 00:30:57,46.2V,0.0A,0.0A,48.3A,-51.7A,21.7 deg.C,0.0 deg.C,0Ah,Discharge
2026-06-30 00:20:57,47.0V,0.0A,0.0A,55.4A,-55.1A,21.8 deg.C,0.0 deg.C,0Ah,Discharge
2026-06-30 00:10:57,47.5V,0.0A,0.0A,46.5A,-48.3A,21.8 deg.C,0.0 deg.C,2Ah,Discharge
2026-06-30 00:00:57,47.7V,0.0A,0.0A,47.0A,-48.4A,21.8 deg.C,0.0 deg.C,11Ah,Discharge
2026-06-29 23:50:57,47.8V,0.0A,0.0A,56.3A,-58.9A,21.7 deg.C,0.0 deg.C,20Ah,Discharge
2026-06-29 23:40:57,48.0V,0.0A,0.0A,47.5A,-49.3A,21.8 deg.C,0.0 deg.C,29Ah,Discharge
2026-06-29 23:30:57,48.2V,0.0A,0.0A,55.2A,-52.4A,21.8 deg.C,0.0 deg.C,37Ah,Discharge
2026-06-29 23:20:57,48.6V,0.0A,0.0A,53.2A,-54.2A,21.9 deg.C,0.0 deg.C,46Ah,Discharge
2026-06-29 23:10:57,49.6V,0.0A,0.0A,0.0A,11.5A,21.7 deg.C,0.0 deg.C,50Ah,Float
2026-06-29 23:00:57,49.4V,0.0A,0.0A,0.0A,13.3A,21.2 deg.C,0.0 deg.C,47Ah,Float
2026-06-29 22:50:57,48.5V,0.0A,0.0A,55.2A,-56.6A,21.0 deg.C,0.0 deg.C,47Ah,Discharge
2026-06-29 22:40:57,48.8V,0.0A,0.0A,56.0A,-52.5A,20.9 deg.C,0.0 deg.C,56Ah,Discharge
2026-06-29 22:30:57,49.2V,0.0A,0.0A,48.1A,-49.2A,20.9 deg.C,0.0 deg.C,64Ah,Discharge
2026-06-29 22:20:57,49.3V,0.0A,0.0A,52.8A,-54.9A,20.9 deg.C,0.0 deg.C,73Ah,Discharge
2026-06-29 22:10:57,49.6V,0.0A,0.0A,54.4A,-53.3A,21.0 deg.C,0.0 deg.C,82Ah,Discharge
2026-06-29 22:00:57,49.8V,0.0A,0.0A,51.3A,-50.0A,21.1 deg.C,0.0 deg.C,91Ah,Discharge
2026-06-29 21:50:57,50.0V,0.0A,0.0A,53.8A,-54.1A,21.2 deg.C,0.0 deg.C,99Ah,Discharge
2026-06-29 21:40:57,50.2V,0.0A,0.0A,57.4A,-56.9A,21.4 deg.C,0.0 deg.C,108Ah,Discharge
2026-06-29 21:30:57,50.5V,0.0A,0.0A,47.5A,-50.0A,21.5 deg.C,0.0 deg.C,117Ah,Discharge
2026-06-29 21:20:57,50.6V,0.0A,0.0A,54.9A,-56.8A,21.8 deg.C,0.0 deg.C,126Ah,Discharge
2026-06-29 21:10:57,51.5V,1.0A,0.0A,0.0A,1.0A,21.6 deg.C,0.0 deg.C,130Ah,Float
2026-06-29 21:00:57,51.5V,1.0A,0.0A,0.0A,9.5A,21.0 deg.C,0.0 deg.C,128Ah,Float
2026-06-29 20:50:57,51.5V,1.0A,0.0A,0.0A,7.2A,20.1 deg.C,0.0 deg.C,127Ah,Float
2026-06-29 20:40:57,51.4V,1.0A,0.0A,0.0A,7.3A,19.5 deg.C,0.0 deg.C,126Ah,Float
2026-06-29 20:30:57,51.5V,1.0A,0.0A,0.0A,10.3A,19.7 deg.C,0.0 deg.C,124Ah,Float
2026-06-29 20:20:57,51.4V,1.0A,0.0A,0.0A,7.2A,19.9 deg.C,0.0 deg.C,123Ah,Float
2026-06-29 20:10:57,51.4V,1.0A,0.0A,0.0A,7.7A,20.1 deg.C,0.0 deg.C,122Ah,Float
2026-06-29 20:00:57,52.0V,58.2A,0.0A,0.0A,65.8A,20.4 deg.C,0.0 deg.C,114Ah,Float
2026-06-29 19:50:57,51.8V,58.5A,0.0A,0.0A,66.8A,19.9 deg.C,0.0 deg.C,103Ah,Float
2026-06-29 19:40:57,52.3V,0.0A,0.0A,0.0A,127.9A,19.5 deg.C,0.0 deg.C,90Ah,Float
2026-06-29 19:30:57,50.3V,0.0A,0.0A,19.4A,-18.8A,19.5 deg.C,0.0 deg.C,82Ah,Discharge
2026-06-29 19:20:57,50.7V,0.0A,0.0A,0.0A,11.8A,19.7 deg.C,0.0 deg.C,82Ah,Float
2026-06-29 19:10:57,50.7V,0.0A,0.0A,0.0A,14.5A,19.8 deg.C,0.0 deg.C,80Ah,Float
2026-06-29 19:00:57,50.6V,0.0A,0.0A,0.0A,15.8A,19.9 deg.C,0.0 deg.C,78Ah,Float
2026-06-29 18:50:57,50.5V,0.0A,0.0A,0.0A,10.7A,20.0 deg.C,0.0 deg.C,76Ah,Float
2026-06-29 18:40:57,50.5V,0.0A,0.0A,0.0A,15.7A,20.2 deg.C,0.0 deg.C,74Ah,Float
2026-06-29 18:30:57,50.3V,0.0A,0.0A,0.0A,8.4A,20.3 deg.C,0.0 deg.C,71Ah,Float
2026-06-29 18:20:57,50.3V,0.0A,0.0A,0.0A,10.9A,20.4 deg.C,0.0 deg.C,70Ah,Float
2026-06-29 18:10:57,50.3V,0.0A,0.0A,0.0A,15.5A,20.4 deg.C,0.0 deg.C,68Ah,Float
2026-06-29 18:00:57,50.2V,0.0A,0.0A,0.0A,11.1A,20.4 deg.C,0.0 deg.C,65Ah,Float
2026-06-29 17:50:57,50.1V,0.0A,0.0A,0.0A,10.4A,20.4 deg.C,0.0 deg.C,64Ah,Float
2026-06-29 17:40:57,50.0V,0.0A,0.0A,0.0A,14.8A,20.4 deg.C,0.0 deg.C,61Ah,Float
2026-06-29 17:30:57,50.0V,0.0A,0.0A,0.0A,11.5A,20.3 deg.C,0.0 deg.C,60Ah,Float
2026-06-29 17:20:57,49.9V,0.0A,0.0A,0.0A,12.9A,20.3 deg.C,0.0 deg.C,58Ah,Float
2026-06-29 17:10:57,49.8V,0.0A,0.0A,0.0A,11.3A,20.3 deg.C,0.0 deg.C,55Ah,Float
2026-06-29 17:00:57,49.7V,0.0A,0.0A,0.0A,10.8A,20.2 deg.C,0.0 deg.C,54Ah,Float
2026-06-29 16:50:57,49.6V,0.0A,0.0A,0.0A,11.3A,20.2 deg.C,0.0 deg.C,52Ah,Float
2026-06-29 16:40:57,49.6V,0.0A,0.0A,0.0A,15.3A,20.2 deg.C,0.0 deg.C,50Ah,Float
2026-06-29 16:30:57,49.4V,0.0A,0.0A,0.0A,8.4A,20.2 deg.C,0.0 deg.C,48Ah,Float
2026-06-29 16:20:57,49.4V,0.0A,0.0A,0.0A,7.8A,20.3 deg.C,0.0 deg.C,47Ah,Float
2026-06-29 16:10:57,49.3V,0.0A,0.0A,0.0A,9.3A,20.3 deg.C,0.0 deg.C,45Ah,Float
2026-06-29 16:00:57,49.2V,0.0A,0.0A,0.0A,8.1A,20.3 deg.C,0.0 deg.C,44Ah,Float
2026-06-29 15:50:57,49.2V,0.0A,0.0A,0.0A,5.4A,20.5 deg.C,0.0 deg.C,44Ah,Float
2026-06-29 15:40:57,49.3V,0.0A,0.0A,0.0A,8.1A,20.6 deg.C,0.0 deg.C,45Ah,Float
2026-06-29 15:30:57,49.2V,0.0A,0.0A,0.0A,6.8A,20.8 deg.C,0.0 deg.C,44Ah,Float
2026-06-29 15:20:57,49.1V,0.0A,0.0A,0.0A,0.0A,21.0 deg.C,0.0 deg.C,43Ah,Float
2026-06-29 15:10:57,49.0V,0.0A,0.0A,0.0A,0.0A,21.3 deg.C,0.0 deg.C,42Ah,Float
2026-06-29 15:00:57,49.1V,0.0A,0.0A,0.0A,6.2A,21.6 deg.C,0.0 deg.C,43Ah,Float
2026-06-29 14:50:57,49.0V,0.0A,0.0A,0.0A,7.2A,21.8 deg.C,0.0 deg.C,42Ah,Float
2026-06-29 14:40:57,49.0V,0.0A,0.0A,0.0A,0.0A,22.0 deg.C,0.0 deg.C,42Ah,Float
2026-06-29 14:30:57,49.1V,0.0A,0.0A,0.0A,6.1A,22.1 deg.C,0.0 deg.C,43Ah,Float
2026-06-29 14:20:57,49.0V,0.0A,0.0A,0.0A,5.6A,22.3 deg.C,0.0 deg.C,42Ah,Float
2026-06-29 14:10:57,48.9V,0.0A,0.0A,0.0A,0.0A,22.4 deg.C,0.0 deg.C,41Ah,Float
2026-06-29 14:00:57,49.0V,0.0A,0.0A,0.0A,0.0A,22.6 deg.C,0.0 deg.C,42Ah,Float
2026-06-29 13:50:57,49.0V,0.0A,0.0A,0.0A,0.0A,22.6 deg.C,0.0 deg.C,43Ah,Float
2026-06-29 13:40:57,49.0V,0.0A,0.0A,0.0A,0.0A,22.6 deg.C,0.0 deg.C,44Ah,Float
2026-06-29 13:30:57,48.4V,0.0A,0.0A,58.3A,-57.2A,22.5 deg.C,0.0 deg.C,46Ah,Discharge
2026-06-29 13:20:57,49.2V,0.0A,0.0A,0.0A,5.3A,22.4 deg.C,0.0 deg.C,47Ah,Float
2026-06-29 13:10:57,49.1V,0.0A,0.0A,0.0A,0.0A,22.3 deg.C,0.0 deg.C,46Ah,Float
2026-06-29 13:00:57,49.2V,0.0A,0.0A,0.0A,0.0A,22.3 deg.C,0.0 deg.C,49Ah,Float
2026-06-29 12:50:57,49.2V,0.0A,0.0A,0.0A,6.0A,22.1 deg.C,0.0 deg.C,50Ah,Float
2026-06-29 12:40:57,49.3V,0.0A,0.0A,0.0A,0.0A,22.0 deg.C,0.0 deg.C,52Ah,Float
2026-06-29 12:30:57,48.6V,0.0A,0.0A,55.5A,-55.4A,22.0 deg.C,0.0 deg.C,55Ah,Discharge
2026-06-29 12:20:57,49.7V,0.0A,0.0A,0.0A,5.5A,22.0 deg.C,0.0 deg.C,60Ah,Float
2026-06-29 12:10:57,49.6V,0.0A,0.0A,0.0A,6.2A,21.8 deg.C,0.0 deg.C,59Ah,Float
2026-06-29 12:00:57,49.6V,0.0A,0.0A,0.0A,8.1A,21.7 deg.C,0.0 deg.C,58Ah,Float
2026-06-29 11:50:57,49.5V,0.0A,0.0A,0.0A,6.5A,21.6 deg.C,0.0 deg.C,57Ah,Float
2026-06-29 11:40:57,49.5V,0.0A,0.0A,0.0A,6.2A,21.5 deg.C,0.0 deg.C,56Ah,Float
2026-06-29 11:30:57,49.4V,0.0A,0.0A,0.0A,6.8A,21.6 deg.C,0.0 deg.C,55Ah,Float
2026-06-29 11:20:57,49.4V,0.0A,0.0A,0.0A,7.6A,21.7 deg.C,0.0 deg.C,53Ah,Float
2026-06-29 11:10:57,49.3V,0.0A,0.0A,0.0A,6.4A,21.8 deg.C,0.0 deg.C,52Ah,Float
2026-06-29 11:00:57,48.5V,0.0A,0.0A,52.6A,-52.0A,22.2 deg.C,0.0 deg.C,53Ah,Discharge
2026-06-29 10:50:57,48.8V,0.0A,0.0A,52.7A,-53.0A,23.3 deg.C,0.0 deg.C,62Ah,Discharge
2026-06-29 10:40:57,49.0V,0.0A,0.0A,52.8A,-53.8A,24.1 deg.C,0.0 deg.C,70Ah,Discharge
2026-06-29 10:30:57,49.3V,0.0A,0.0A,49.0A,-50.2A,23.6 deg.C,0.0 deg.C,79Ah,Discharge
2026-06-29 10:20:57,49.5V,0.0A,0.0A,49.0A,-49.4A,23.0 deg.C,0.0 deg.C,87Ah,Discharge
2026-06-29 10:10:57,49.7V,0.0A,0.0A,48.4A,-48.8A,22.5 deg.C,0.0 deg.C,95Ah,Discharge
2026-06-29 10:00:57,49.9V,0.0A,0.0A,48.6A,-49.9A,22.2 deg.C,0.0 deg.C,104Ah,Discharge
2026-06-29 09:50:57,50.1V,0.0A,0.0A,44.3A,-45.3A,21.8 deg.C,0.0 deg.C,112Ah,Discharge
2026-06-29 09:40:57,50.2V,0.0A,0.0A,48.7A,-48.9A,21.5 deg.C,0.0 deg.C,120Ah,Discharge
2026-06-29 09:30:57,50.4V,0.0A,0.0A,47.6A,-46.6A,21.2 deg.C,0.0 deg.C,127Ah,Discharge
2026-06-29 09:20:57,50.6V,0.0A,0.0A,43.7A,-43.1A,20.9 deg.C,0.0 deg.C,135Ah,Discharge
2026-06-29 09:10:57,50.7V,0.0A,0.0A,47.5A,-48.0A,20.6 deg.C,0.0 deg.C,143Ah,Discharge
2026-06-29 09:00:57,50.9V,0.0A,0.0A,42.5A,-42.5A,20.4 deg.C,0.0 deg.C,151Ah,Discharge
2026-06-29 08:50:57,51.1V,0.0A,0.0A,46.8A,-45.1A,20.3 deg.C,0.0 deg.C,158Ah,Discharge
2026-06-29 08:40:57,51.3V,0.0A,0.0A,41.5A,-42.0A,20.4 deg.C,0.0 deg.C,165Ah,Discharge
2026-06-29 08:30:57,51.5V,0.0A,0.0A,45.4A,-45.3A,20.5 deg.C,0.0 deg.C,173Ah,Discharge
2026-06-29 08:20:57,51.8V,0.0A,0.0A,42.8A,-42.8A,20.8 deg.C,0.0 deg.C,180Ah,Discharge
2026-06-29 08:10:57,52.6V,0.0A,0.0A,0.0A,18.3A,20.7 deg.C,0.0 deg.C,180Ah,Float
2026-06-29 08:00:57,52.4V,0.0A,0.0A,0.0A,12.7A,20.6 deg.C,0.0 deg.C,177Ah,Float
2026-06-29 07:50:57,52.4V,0.0A,0.0A,0.0A,15.3A,20.6 deg.C,0.0 deg.C,175Ah,Float
2026-06-29 07:40:57,52.4V,0.0A,0.0A,0.0A,19.6A,20.5 deg.C,0.0 deg.C,171Ah,Float
2026-06-29 07:30:57,52.3V,0.0A,0.0A,0.0A,15.5A,20.3 deg.C,0.0 deg.C,168Ah,Float
2026-06-29 07:20:57,52.2V,0.0A,0.0A,0.0A,15.5A,20.3 deg.C,0.0 deg.C,166Ah,Float
2026-06-29 07:10:57,52.1V,0.0A,0.0A,0.0A,16.2A,20.3 deg.C,0.0 deg.C,163Ah,Float
2026-06-29 07:00:57,52.0V,0.0A,0.0A,0.0A,11.7A,20.3 deg.C,0.0 deg.C,161Ah,Float
2026-06-29 06:50:57,52.0V,0.0A,0.0A,0.0A,15.8A,20.3 deg.C,0.0 deg.C,159Ah,Float
2026-06-29 06:40:57,52.0V,0.0A,0.0A,0.0A,16.4A,20.3 deg.C,0.0 deg.C,156Ah,Float
2026-06-29 06:30:57,51.9V,0.0A,0.0A,0.0A,16.5A,20.3 deg.C,0.0 deg.C,153Ah,Float
2026-06-29 06:20:57,51.9V,0.0A,0.0A,0.0A,16.5A,20.3 deg.C,0.0 deg.C,150Ah,Float
2026-06-29 06:10:57,51.8V,0.0A,0.0A,0.0A,13.6A,20.4 deg.C,0.0 deg.C,148Ah,Float
2026-06-29 06:00:57,51.8V,0.0A,0.0A,0.0A,17.0A,20.4 deg.C,0.0 deg.C,145Ah,Float
2026-06-29 05:50:57,51.7V,0.0A,0.0A,0.0A,17.3A,20.4 deg.C,0.0 deg.C,142Ah,Float
2026-06-29 05:40:57,51.7V,0.0A,0.0A,0.0A,17.4A,20.3 deg.C,0.0 deg.C,140Ah,Float
2026-06-29 05:30:57,51.6V,0.0A,0.0A,0.0A,17.2A,20.4 deg.C,0.0 deg.C,137Ah,Float
2026-06-29 05:20:57,51.6V,0.0A,0.0A,0.0A,17.3A,20.5 deg.C,0.0 deg.C,134Ah,Float
2026-06-29 05:10:57,51.5V,0.0A,0.0A,0.0A,13.9A,20.5 deg.C,0.0 deg.C,132Ah,Float
2026-06-29 05:00:57,51.5V,0.0A,0.0A,0.0A,17.7A,20.5 deg.C,0.0 deg.C,129Ah,Float
2026-06-29 04:50:57,51.4V,0.0A,0.0A,0.0A,17.2A,20.6 deg.C,0.0 deg.C,126Ah,Float
2026-06-29 04:40:57,51.4V,0.0A,0.0A,0.0A,17.3A,20.5 deg.C,0.0 deg.C,123Ah,Float
2026-06-29 04:30:57,51.3V,0.0A,0.0A,0.0A,17.5A,20.7 deg.C,0.0 deg.C,120Ah,Float
2026-06-29 04:20:57,51.2V,0.0A,0.0A,0.0A,13.6A,20.7 deg.C,0.0 deg.C,118Ah,Float
2026-06-29 04:10:57,51.2V,0.0A,0.0A,0.0A,17.5A,20.7 deg.C,0.0 deg.C,115Ah,Float
2026-06-29 04:00:57,51.2V,0.0A,0.0A,0.0A,17.8A,20.8 deg.C,0.0 deg.C,112Ah,Float
2026-06-29 03:50:57,51.1V,0.0A,0.0A,0.0A,17.4A,20.8 deg.C,0.0 deg.C,109Ah,Float
2026-06-29 03:40:57,51.1V,0.0A,0.0A,0.0A,17.8A,21.0 deg.C,0.0 deg.C,106Ah,Float
2026-06-29 03:30:57,51.0V,0.0A,0.0A,0.0A,13.3A,20.9 deg.C,0.0 deg.C,104Ah,Float
2026-06-29 03:20:57,51.0V,0.0A,0.0A,0.0A,16.7A,20.9 deg.C,0.0 deg.C,101Ah,Float
2026-06-29 03:10:57,50.9V,0.0A,0.0A,0.0A,16.7A,21.0 deg.C,0.0 deg.C,98Ah,Float
2026-06-29 03:00:57,50.9V,0.0A,0.0A,0.0A,17.7A,21.1 deg.C,0.0 deg.C,95Ah,Float
2026-06-29 02:50:57,50.8V,0.0A,0.0A,0.0A,17.5A,21.1 deg.C,0.0 deg.C,93Ah,Float
2026-06-29 02:40:57,50.7V,0.0A,0.0A,0.0A,13.6A,21.0 deg.C,0.0 deg.C,90Ah,Float
2026-06-29 02:30:57,50.6V,0.0A,0.0A,0.0A,17.7A,21.2 deg.C,0.0 deg.C,88Ah,Float
2026-06-29 02:20:57,50.5V,0.0A,0.0A,0.0A,15.1A,21.3 deg.C,0.0 deg.C,85Ah,Float
2026-06-29 02:10:57,50.5V,0.0A,0.0A,0.0A,17.0A,21.4 deg.C,0.0 deg.C,82Ah,Float
2026-06-29 02:00:57,50.3V,0.0A,0.0A,0.0A,13.6A,21.5 deg.C,0.0 deg.C,79Ah,Float
2026-06-29 01:50:57,50.3V,0.0A,0.0A,0.0A,17.6A,21.5 deg.C,0.0 deg.C,77Ah,Float
2026-06-29 01:40:57,50.2V,0.0A,0.0A,0.0A,17.4A,21.4 deg.C,0.0 deg.C,75Ah,Float
2026-06-29 01:30:57,50.1V,0.0A,0.0A,0.0A,15.6A,21.3 deg.C,0.0 deg.C,72Ah,Float
2026-06-29 01:20:57,50.0V,0.0A,0.0A,0.0A,15.6A,21.4 deg.C,0.0 deg.C,69Ah,Float
2026-06-29 01:10:57,49.8V,0.0A,0.0A,0.0A,11.5A,21.5 deg.C,0.0 deg.C,67Ah,Float
2026-06-29 01:00:57,49.7V,0.0A,0.0A,0.0A,11.4A,21.5 deg.C,0.0 deg.C,64Ah,Float
2026-06-29 00:50:57,49.6V,0.0A,0.0A,0.0A,10.4A,21.4 deg.C,0.0 deg.C,62Ah,Float
2026-06-29 00:40:57,49.5V,0.0A,0.0A,0.0A,13.1A,21.4 deg.C,0.0 deg.C,60Ah,Float
2026-06-29 00:30:57,49.4V,0.0A,0.0A,0.0A,11.2A,21.2 deg.C,0.0 deg.C,58Ah,Float
2026-06-29 00:20:57,49.3V,0.0A,0.0A,0.0A,13.8A,21.2 deg.C,0.0 deg.C,56Ah,Float
2026-06-29 00:10:57,48.6V,0.0A,0.0A,48.1A,-49.8A,21.5 deg.C,0.0 deg.C,59Ah,Discharge
2026-06-29 00:00:57,49.7V,0.0A,0.0A,0.0A,8.6A,21.7 deg.C,0.0 deg.C,64Ah,Float
2026-06-28 23:50:57,49.6V,0.0A,0.0A,0.0A,9.6A,21.8 deg.C,0.0 deg.C,63Ah,Float
2026-06-28 23:40:57,49.5V,0.0A,0.0A,0.0A,11.3A,21.8 deg.C,0.0 deg.C,61Ah,Float
2026-06-28 23:30:57,49.5V,0.0A,0.0A,0.0A,12.6A,21.8 deg.C,0.0 deg.C,59Ah,Float
2026-06-28 23:20:57,49.3V,0.0A,0.0A,0.0A,5.1A,21.8 deg.C,0.0 deg.C,57Ah,Float
2026-06-28 23:10:57,49.3V,0.0A,0.0A,0.0A,10.4A,21.6 deg.C,0.0 deg.C,56Ah,Float
2026-06-28 23:00:57,49.1V,0.0A,0.0A,0.0A,9.2A,21.7 deg.C,0.0 deg.C,54Ah,Float
2026-06-28 22:50:57,49.2V,0.0A,0.0A,0.0A,9.8A,21.7 deg.C,0.0 deg.C,54Ah,Float
2026-06-28 22:40:57,49.1V,0.0A,0.0A,0.0A,0.0A,21.7 deg.C,0.0 deg.C,55Ah,Float
2026-06-28 22:30:57,49.1V,0.0A,0.0A,0.0A,0.0A,21.7 deg.C,0.0 deg.C,56Ah,Float
2026-06-28 22:20:57,48.5V,0.0A,0.0A,53.4A,-52.3A,21.9 deg.C,0.0 deg.C,57Ah,Discharge
2026-06-28 22:10:57,49.3V,0.0A,0.0A,0.0A,8.9A,21.7 deg.C,0.0 deg.C,58Ah,Float
2026-06-28 22:00:57,49.4V,0.0A,0.0A,0.0A,6.7A,21.9 deg.C,0.0 deg.C,61Ah,Float
2026-06-28 21:50:57,49.4V,0.0A,0.0A,0.0A,9.1A,21.8 deg.C,0.0 deg.C,60Ah,Float
2026-06-28 21:40:57,49.3V,0.0A,0.0A,0.0A,9.4A,21.5 deg.C,0.0 deg.C,58Ah,Float
2026-06-28 21:30:57,49.1V,0.0A,0.0A,0.0A,-4.2A,21.3 deg.C,0.0 deg.C,57Ah,Discharge
2026-06-28 21:20:57,49.2V,0.0A,0.0A,0.0A,7.5A,21.1 deg.C,0.0 deg.C,58Ah,Float
2026-06-28 21:10:57,49.3V,0.0A,0.0A,0.0A,10.2A,21.0 deg.C,0.0 deg.C,60Ah,Float
2026-06-28 21:00:57,49.2V,0.0A,0.0A,0.0A,5.3A,20.7 deg.C,0.0 deg.C,58Ah,Float
2026-06-28 20:50:57,49.4V,0.0A,0.0A,0.0A,9.6A,20.4 deg.C,0.0 deg.C,61Ah,Float
2026-06-28 20:40:57,49.3V,0.0A,0.0A,0.0A,9.9A,20.1 deg.C,0.0 deg.C,59Ah,Float
2026-06-28 20:30:57,48.6V,0.0A,0.0A,53.5A,-52.1A,20.1 deg.C,0.0 deg.C,64Ah,Discharge
2026-06-28 20:20:57,48.9V,0.0A,0.0A,60.5A,-55.5A,20.2 deg.C,0.0 deg.C,73Ah,Discharge
2026-06-28 20:10:57,49.3V,0.0A,0.0A,52.3A,-50.0A,20.3 deg.C,0.0 deg.C,83Ah,Discharge
2026-06-28 20:00:57,49.7V,0.0A,0.0A,47.9A,-48.2A,20.4 deg.C,0.0 deg.C,91Ah,Discharge
2026-06-28 19:50:57,50.6V,0.0A,0.0A,0.0A,9.6A,20.1 deg.C,0.0 deg.C,95Ah,Float
2026-06-28 19:40:57,50.6V,0.0A,0.0A,0.0A,12.7A,19.3 deg.C,0.0 deg.C,93Ah,Float
2026-06-28 19:30:57,50.5V,0.0A,0.0A,0.0A,12.6A,19.0 deg.C,0.0 deg.C,91Ah,Float
2026-06-28 19:20:57,50.5V,0.0A,0.0A,0.0A,11.4A,19.2 deg.C,0.0 deg.C,89Ah,Float
2026-06-28 19:10:57,50.5V,0.0A,0.0A,0.0A,16.8A,19.5 deg.C,0.0 deg.C,87Ah,Float
2026-06-28 19:00:57,50.4V,0.0A,0.0A,0.0A,18.0A,19.6 deg.C,0.0 deg.C,84Ah,Float
2026-06-28 18:50:57,50.2V,0.0A,0.0A,0.0A,10.6A,19.8 deg.C,0.0 deg.C,82Ah,Float
2026-06-28 18:40:56,50.2V,0.0A,0.0A,0.0A,17.7A,19.9 deg.C,0.0 deg.C,80Ah,Float
2026-06-28 18:30:56,50.2V,0.0A,0.0A,0.0A,17.0A,20.0 deg.C,0.0 deg.C,77Ah,Float
2026-06-28 18:20:56,50.0V,0.0A,0.0A,0.0A,11.8A,20.1 deg.C,0.0 deg.C,75Ah,Float
2026-06-28 18:10:56,50.0V,0.0A,0.0A,0.0A,16.9A,20.1 deg.C,0.0 deg.C,73Ah,Float
2026-06-28 18:00:56,49.8V,0.0A,0.0A,0.0A,12.5A,20.2 deg.C,0.0 deg.C,70Ah,Float
2026-06-28 17:50:56,49.7V,0.0A,0.0A,0.0A,11.5A,20.3 deg.C,0.0 deg.C,68Ah,Float
2026-06-28 17:40:56,49.7V,0.0A,0.0A,0.0A,15.9A,20.4 deg.C,0.0 deg.C,66Ah,Float
2026-06-28 17:30:56,49.5V,0.0A,0.0A,0.0A,10.4A,20.8 deg.C,0.0 deg.C,64Ah,Float
2026-06-28 17:20:56,49.5V,0.0A,0.0A,0.0A,10.8A,21.6 deg.C,0.0 deg.C,63Ah,Float
2026-06-28 17:10:56,49.3V,0.0A,0.0A,0.0A,11.3A,21.8 deg.C,0.0 deg.C,60Ah,Float
2026-06-28 17:00:56,48.5V,0.0A,0.0A,50.8A,-51.2A,20.5 deg.C,0.0 deg.C,61Ah,Discharge
2026-06-28 16:50:56,49.0V,0.0A,0.0A,55.9A,-37.2A,20.2 deg.C,0.0 deg.C,69Ah,Float
2026-06-28 16:40:56,49.7V,0.0A,0.0A,0.0A,15.6A,20.2 deg.C,0.0 deg.C,68Ah,Float
2026-06-28 16:30:56,49.6V,0.0A,0.0A,0.0A,9.5A,20.2 deg.C,0.0 deg.C,66Ah,Float
2026-06-28 16:20:56,49.5V,0.0A,0.0A,0.0A,10.8A,20.3 deg.C,0.0 deg.C,64Ah,Float
2026-06-28 16:10:56,49.4V,0.0A,0.0A,0.0A,9.9A,20.3 deg.C,0.0 deg.C,62Ah,Float
2026-06-28 16:00:56,49.3V,0.0A,0.0A,0.0A,9.9A,20.4 deg.C,0.0 deg.C,61Ah,Float
2026-06-28 15:50:56,49.2V,0.0A,0.0A,0.0A,5.6A,20.5 deg.C,0.0 deg.C,59Ah,Float
2026-06-28 15:40:56,49.1V,0.0A,0.0A,0.0A,0.0A,20.6 deg.C,0.0 deg.C,58Ah,Float
2026-06-28 15:30:56,49.0V,0.0A,0.0A,0.0A,-7.4A,20.7 deg.C,0.0 deg.C,57Ah,Float
2026-06-28 15:20:56,49.1V,0.0A,0.0A,0.0A,5.7A,20.8 deg.C,0.0 deg.C,59Ah,Float
2026-06-28 15:10:56,49.2V,0.0A,0.0A,0.0A,7.4A,20.9 deg.C,0.0 deg.C,60Ah,Float
2026-06-28 15:00:56,49.2V,0.0A,0.0A,0.0A,7.5A,21.0 deg.C,0.0 deg.C,60Ah,Float
2026-06-28 14:50:56,49.2V,0.0A,0.0A,0.0A,0.0A,21.2 deg.C,0.0 deg.C,61Ah,Float
2026-06-28 14:40:56,49.1V,0.0A,0.0A,0.0A,0.0A,21.4 deg.C,0.0 deg.C,65Ah,Float
2026-06-28 14:30:56,49.4V,0.0A,0.0A,0.0A,7.0A,21.5 deg.C,0.0 deg.C,64Ah,Float
2026-06-28 14:20:56,49.3V,0.0A,0.0A,0.0A,7.9A,21.6 deg.C,0.0 deg.C,63Ah,Float
2026-06-28 14:10:56,49.2V,0.0A,0.0A,0.0A,7.7A,21.7 deg.C,0.0 deg.C,61Ah,Float
2026-06-28 14:00:56,49.3V,0.0A,0.0A,0.0A,5.9A,21.8 deg.C,0.0 deg.C,64Ah,Float
2026-06-28 13:50:56,49.3V,0.0A,0.0A,0.0A,7.0A,21.9 deg.C,0.0 deg.C,63Ah,Float
2026-06-28 13:40:56,49.2V,0.0A,0.0A,0.0A,6.9A,21.9 deg.C,0.0 deg.C,62Ah,Float
2026-06-28 13:30:56,48.5V,0.0A,0.0A,57.1A,-56.8A,22.0 deg.C,0.0 deg.C,63Ah,Discharge
2026-06-28 13:20:56,49.2V,0.0A,0.0A,0.0A,7.7A,21.9 deg.C,0.0 deg.C,62Ah,Float
2026-06-28 13:10:56,49.2V,0.0A,0.0A,0.0A,6.8A,21.9 deg.C,0.0 deg.C,62Ah,Float
2026-06-28 13:00:56,49.2V,0.0A,0.0A,0.0A,0.0A,21.9 deg.C,0.0 deg.C,64Ah,Float
2026-06-28 12:50:56,48.6V,0.0A,0.0A,54.5A,-55.0A,22.0 deg.C,0.0 deg.C,67Ah,Discharge
2026-06-28 12:40:56,49.0V,0.0A,0.0A,53.8A,-54.3A,22.1 deg.C,0.0 deg.C,76Ah,Discharge
2026-06-28 12:30:56,49.9V,0.0A,0.0A,0.0A,7.5A,22.1 deg.C,0.0 deg.C,78Ah,Float
2026-06-28 12:20:56,49.8V,0.0A,0.0A,0.0A,7.4A,22.0 deg.C,0.0 deg.C,77Ah,Float
2026-06-28 12:10:56,49.8V,0.0A,0.0A,0.0A,7.8A,21.9 deg.C,0.0 deg.C,75Ah,Float
2026-06-28 12:00:56,49.7V,0.0A,0.0A,0.0A,8.0A,21.8 deg.C,0.0 deg.C,74Ah,Float
2026-06-28 11:50:56,49.7V,0.0A,0.0A,0.0A,8.8A,21.7 deg.C,0.0 deg.C,72Ah,Float
2026-06-28 11:40:56,49.6V,0.0A,0.0A,0.0A,10.7A,21.6 deg.C,0.0 deg.C,71Ah,Float
2026-06-28 11:30:56,49.5V,0.0A,0.0A,0.0A,10.0A,21.6 deg.C,0.0 deg.C,69Ah,Float
2026-06-28 11:20:56,49.4V,0.0A,0.0A,0.0A,9.8A,21.7 deg.C,0.0 deg.C,67Ah,Float
2026-06-28 11:10:56,49.3V,0.0A,0.0A,0.0A,9.3A,21.8 deg.C,0.0 deg.C,66Ah,Float
2026-06-28 11:00:56,48.5V,0.0A,0.0A,50.3A,-50.3A,21.9 deg.C,0.0 deg.C,67Ah,Discharge
2026-06-28 10:50:56,48.8V,0.0A,0.0A,51.0A,-50.2A,22.2 deg.C,0.0 deg.C,75Ah,Discharge
2026-06-28 10:40:56,49.0V,0.0A,0.0A,56.3A,-57.2A,23.4 deg.C,0.0 deg.C,84Ah,Discharge
2026-06-28 10:30:56,49.3V,0.0A,0.0A,47.5A,-47.2A,23.9 deg.C,0.0 deg.C,92Ah,Discharge
2026-06-28 10:20:56,49.5V,0.0A,0.0A,46.5A,-47.4A,23.3 deg.C,0.0 deg.C,101Ah,Discharge
2026-06-28 10:10:56,49.7V,0.0A,0.0A,54.6A,-47.2A,22.8 deg.C,0.0 deg.C,109Ah,Discharge
2026-06-28 10:00:56,50.0V,0.0A,0.0A,42.2A,-41.8A,22.4 deg.C,0.0 deg.C,116Ah,Discharge
2026-06-28 09:50:56,50.1V,0.0A,0.0A,47.7A,-47.3A,22.1 deg.C,0.0 deg.C,124Ah,Discharge
2026-06-28 09:40:56,50.2V,0.0A,0.0A,50.0A,-48.0A,21.8 deg.C,0.0 deg.C,132Ah,Discharge
2026-06-28 09:30:56,50.5V,0.0A,0.0A,41.6A,-41.8A,21.5 deg.C,0.0 deg.C,139Ah,Discharge
2026-06-28 09:20:56,50.6V,0.0A,0.0A,45.8A,-45.5A,21.3 deg.C,0.0 deg.C,147Ah,Discharge
2026-06-28 09:10:56,50.8V,0.0A,0.0A,45.7A,-44.9A,21.0 deg.C,0.0 deg.C,155Ah,Discharge
2026-06-28 09:00:56,50.9V,0.0A,0.0A,45.3A,-45.7A,20.9 deg.C,0.0 deg.C,162Ah,Discharge
2026-06-28 08:50:56,51.1V,0.0A,0.0A,44.5A,-44.8A,21.0 deg.C,0.0 deg.C,170Ah,Discharge
2026-06-28 08:40:56,52.1V,0.0A,0.0A,0.0A,13.3A,21.2 deg.C,0.0 deg.C,175Ah,Float
2026-06-28 08:30:56,52.0V,0.0A,0.0A,0.0A,12.4A,20.7 deg.C,0.0 deg.C,172Ah,Float
2026-06-28 08:20:56,52.0V,0.0A,0.0A,0.0A,18.0A,20.4 deg.C,0.0 deg.C,169Ah,Float
2026-06-28 08:10:56,51.9V,0.0A,0.0A,0.0A,14.6A,20.2 deg.C,0.0 deg.C,167Ah,Float
2026-06-28 08:00:55,51.9V,0.0A,0.0A,0.0A,16.8A,20.0 deg.C,0.0 deg.C,164Ah,Float
2026-06-28 07:50:55,51.9V,0.0A,0.0A,0.0A,19.1A,20.0 deg.C,0.0 deg.C,161Ah,Float
2026-06-28 07:40:55,51.8V,0.0A,0.0A,0.0A,19.9A,19.8 deg.C,0.0 deg.C,158Ah,Float
2026-06-28 07:30:55,51.6V,0.0A,0.0A,0.0A,12.3A,19.8 deg.C,0.0 deg.C,155Ah,Float
2026-06-28 07:20:55,51.6V,0.0A,0.0A,0.0A,14.6A,19.9 deg.C,0.0 deg.C,153Ah,Float
2026-06-28 07:10:55,51.6V,0.0A,0.0A,0.0A,15.4A,20.1 deg.C,0.0 deg.C,150Ah,Float
2026-06-28 07:00:55,51.6V,0.0A,0.0A,0.0A,17.2A,20.0 deg.C,0.0 deg.C,147Ah,Float
2026-06-28 06:50:55,51.5V,0.0A,0.0A,0.0A,17.2A,20.1 deg.C,0.0 deg.C,145Ah,Float
2026-06-28 06:40:55,51.5V,0.0A,0.0A,0.0A,17.2A,20.0 deg.C,0.0 deg.C,142Ah,Float
2026-06-28 06:30:55,51.4V,0.0A,0.0A,0.0A,16.8A,20.1 deg.C,0.0 deg.C,139Ah,Float
2026-06-28 06:20:55,51.3V,0.0A,0.0A,0.0A,13.6A,20.1 deg.C,0.0 deg.C,136Ah,Float
2026-06-28 06:10:55,51.3V,0.0A,0.0A,0.0A,17.4A,20.3 deg.C,0.0 deg.C,134Ah,Float
2026-06-28 06:00:55,51.3V,0.0A,0.0A,0.0A,17.1A,20.2 deg.C,0.0 deg.C,131Ah,Float
2026-06-28 05:50:55,51.2V,0.0A,0.0A,0.0A,17.8A,20.1 deg.C,0.0 deg.C,128Ah,Float
2026-06-28 05:40:55,51.2V,0.0A,0.0A,0.0A,17.7A,20.3 deg.C,0.0 deg.C,125Ah,Float
2026-06-28 05:30:55,51.1V,0.0A,0.0A,0.0A,17.6A,20.4 deg.C,0.0 deg.C,122Ah,Float
2026-06-28 05:20:55,51.1V,0.0A,0.0A,0.0A,13.3A,20.4 deg.C,0.0 deg.C,120Ah,Float
2026-06-28 05:10:55,51.1V,0.0A,0.0A,0.0A,17.6A,20.5 deg.C,0.0 deg.C,117Ah,Float
2026-06-28 05:00:55,51.0V,0.0A,0.0A,0.0A,17.5A,20.5 deg.C,0.0 deg.C,114Ah,Float
2026-06-28 04:50:55,50.9V,0.0A,0.0A,0.0A,16.9A,20.8 deg.C,0.0 deg.C,111Ah,Float
2026-06-28 04:40:55,50.9V,0.0A,0.0A,0.0A,17.4A,20.8 deg.C,0.0 deg.C,109Ah,Float
2026-06-28 04:30:55,50.8V,0.0A,0.0A,0.0A,13.2A,21.0 deg.C,0.0 deg.C,106Ah,Float
2026-06-28 04:20:55,50.8V,0.0A,0.0A,0.0A,17.3A,21.0 deg.C,0.0 deg.C,103Ah,Float
2026-06-28 04:10:55,50.7V,0.0A,0.0A,0.0A,16.7A,20.9 deg.C,0.0 deg.C,101Ah,Float
2026-06-28 04:00:54,50.6V,0.0A,0.0A,0.0A,17.0A,21.1 deg.C,0.0 deg.C,98Ah,Float
2026-06-28 03:50:54,50.5V,0.0A,0.0A,0.0A,17.4A,21.0 deg.C,0.0 deg.C,95Ah,Float
2026-06-28 03:40:54,50.4V,0.0A,0.0A,0.0A,11.3A,21.0 deg.C,0.0 deg.C,92Ah,Float
2026-06-28 03:30:54,50.4V,0.0A,0.0A,0.0A,17.2A,21.0 deg.C,0.0 deg.C,90Ah,Float
2026-06-28 03:20:54,50.3V,0.0A,0.0A,0.0A,16.6A,21.0 deg.C,0.0 deg.C,87Ah,Float
2026-06-28 03:10:54,50.2V,0.0A,0.0A,0.0A,17.1A,21.1 deg.C,0.0 deg.C,84Ah,Float
2026-06-28 03:00:54,50.2V,0.0A,0.0A,0.0A,16.8A,21.0 deg.C,0.0 deg.C,81Ah,Float
2026-06-28 02:50:54,50.0V,0.0A,0.0A,0.0A,12.5A,20.9 deg.C,0.0 deg.C,79Ah,Float
2026-06-28 02:40:54,50.0V,0.0A,0.0A,0.0A,17.1A,20.6 deg.C,0.0 deg.C,77Ah,Float
2026-06-28 02:30:54,49.9V,0.0A,0.0A,0.0A,17.1A,20.2 deg.C,0.0 deg.C,74Ah,Float
2026-06-28 02:20:54,49.8V,0.0A,0.0A,0.0A,17.1A,19.5 deg.C,0.0 deg.C,71Ah,Float
2026-06-28 02:10:54,49.6V,0.0A,0.0A,0.0A,8.0A,19.2 deg.C,0.0 deg.C,69Ah,Float
2026-06-28 02:00:54,49.6V,0.0A,0.0A,0.0A,12.6A,20.9 deg.C,0.0 deg.C,67Ah,Float
2026-06-28 01:50:54,49.6V,0.0A,0.0A,0.0A,15.7A,22.1 deg.C,0.0 deg.C,65Ah,Float
2026-06-28 01:40:54,49.5V,0.0A,0.0A,0.0A,15.6A,22.1 deg.C,0.0 deg.C,62Ah,Float
2026-06-28 01:30:54,49.4V,0.0A,0.0A,0.0A,10.5A,22.1 deg.C,0.0 deg.C,60Ah,Float
2026-06-28 01:20:54,49.3V,0.0A,0.0A,0.0A,11.5A,22.0 deg.C,0.0 deg.C,58Ah,Float
2026-06-28 01:10:54,49.3V,0.0A,0.0A,0.0A,15.7A,22.0 deg.C,0.0 deg.C,56Ah,Float
2026-06-28 01:00:54,49.2V,0.0A,0.0A,0.0A,15.3A,21.9 deg.C,0.0 deg.C,53Ah,Float
2026-06-28 00:50:54,49.1V,0.0A,0.0A,0.0A,9.9A,21.7 deg.C,0.0 deg.C,51Ah,Float
2026-06-28 00:40:54,49.0V,0.0A,0.0A,0.0A,11.6A,21.6 deg.C,0.0 deg.C,49Ah,Float
2026-06-28 00:30:54,49.0V,0.0A,0.0A,0.0A,10.9A,21.5 deg.C,0.0 deg.C,48Ah,Float
2026-06-28 00:20:54,48.9V,0.0A,0.0A,0.0A,0.0A,21.2 deg.C,0.0 deg.C,46Ah,Float
2026-06-28 00:10:54,48.9V,0.0A,0.0A,0.0A,6.4A,20.8 deg.C,0.0 deg.C,45Ah,Float
2026-06-28 00:00:54,48.9V,0.0A,0.0A,0.0A,11.3A,20.1 deg.C,0.0 deg.C,43Ah,Float
2026-06-27 23:50:54,48.8V,0.0A,0.0A,0.0A,12.3A,19.3 deg.C,0.0 deg.C,42Ah,Float
2026-06-27 23:40:54,48.7V,0.0A,0.0A,0.0A,5.7A,19.6 deg.C,0.0 deg.C,41Ah,Float
2026-06-27 23:30:54,48.8V,0.0A,0.0A,0.0A,6.1A,20.5 deg.C,0.0 deg.C,41Ah,Float
2026-06-27 23:20:54,48.8V,0.0A,0.0A,0.0A,7.6A,22.2 deg.C,0.0 deg.C,40Ah,Float
2026-06-27 23:10:54,48.7V,0.0A,0.0A,0.0A,0.0A,22.1 deg.C,0.0 deg.C,39Ah,Float
2026-06-27 23:00:54,48.7V,0.0A,0.0A,0.0A,10.3A,21.8 deg.C,0.0 deg.C,38Ah,Float
2026-06-27 22:50:54,48.7V,0.0A,0.0A,0.0A,8.4A,21.3 deg.C,0.0 deg.C,37Ah,Float
2026-06-27 22:40:54,48.6V,0.0A,0.0A,0.0A,5.2A,20.6 deg.C,0.0 deg.C,35Ah,Float
2026-06-27 22:30:54,48.6V,0.0A,0.0A,0.0A,6.1A,19.6 deg.C,0.0 deg.C,35Ah,Float
2026-06-27 22:20:54,48.6V,0.0A,0.0A,0.0A,8.7A,19.4 deg.C,0.0 deg.C,33Ah,Float
2026-06-27 22:10:54,48.5V,0.0A,0.0A,0.0A,0.0A,19.5 deg.C,0.0 deg.C,32Ah,Float
2026-06-27 22:00:54,48.5V,0.0A,0.0A,0.0A,0.0A,19.7 deg.C,0.0 deg.C,32Ah,Float
2026-06-27 21:50:54,48.5V,0.0A,0.0A,0.0A,9.3A,19.8 deg.C,0.0 deg.C,30Ah,Float
2026-06-27 21:40:54,48.4V,0.0A,0.0A,0.0A,0.0A,19.9 deg.C,0.0 deg.C,29Ah,Float
2026-06-27 21:30:54,48.4V,0.0A,0.0A,0.0A,0.0A,20.0 deg.C,0.0 deg.C,29Ah,Float
2026-06-27 21:20:54,48.5V,0.0A,0.0A,0.0A,8.4A,20.0 deg.C,0.0 deg.C,28Ah,Float
2026-06-27 21:10:54,48.4V,0.0A,0.0A,0.0A,5.3A,20.1 deg.C,0.0 deg.C,27Ah,Float
2026-06-27 21:00:54,48.4V,0.0A,0.0A,0.0A,0.0A,20.2 deg.C,0.0 deg.C,26Ah,Float
2026-06-27 20:50:54,48.4V,0.0A,0.0A,0.0A,9.3A,20.2 deg.C,0.0 deg.C,25Ah,Float
2026-06-27 20:40:54,48.3V,0.0A,0.0A,0.0A,0.0A,20.2 deg.C,0.0 deg.C,24Ah,Float
2026-06-27 20:30:54,48.3V,0.0A,0.0A,0.0A,0.0A,20.1 deg.C,0.0 deg.C,24Ah,Float
2026-06-27 20:20:54,48.3V,0.0A,0.0A,0.0A,7.9A,20.1 deg.C,0.0 deg.C,22Ah,Float
2026-06-27 20:10:54,48.3V,0.0A,0.0A,0.0A,5.5A,20.1 deg.C,0.0 deg.C,22Ah,Float
2026-06-27 20:00:54,48.3V,0.0A,0.0A,0.0A,6.4A,20.0 deg.C,0.0 deg.C,21Ah,Float
2026-06-27 19:50:54,48.2V,0.0A,0.0A,0.0A,8.9A,20.1 deg.C,0.0 deg.C,19Ah,Float
2026-06-27 19:40:54,48.1V,0.0A,0.0A,0.0A,5.9A,20.2 deg.C,0.0 deg.C,18Ah,Float
2026-06-27 19:30:54,48.1V,0.0A,0.0A,0.0A,10.9A,20.4 deg.C,0.0 deg.C,17Ah,Float
2026-06-27 19:20:54,47.9V,0.0A,0.0A,0.0A,7.0A,20.8 deg.C,0.0 deg.C,16Ah,Float
2026-06-27 19:10:54,47.8V,0.0A,0.0A,0.0A,6.0A,21.4 deg.C,0.0 deg.C,15Ah,Float
2026-06-27 19:00:54,47.8V,0.0A,0.0A,0.0A,11.1A,22.4 deg.C,0.0 deg.C,13Ah,Float
2026-06-27 18:50:54,47.5V,0.0A,0.0A,0.0A,0.0A,23.7 deg.C,0.0 deg.C,12Ah,Float
2026-06-27 18:40:54,47.5V,0.0A,0.0A,0.0A,0.0A,25.3 deg.C,0.0 deg.C,12Ah,Float
2026-06-27 18:30:54,47.5V,0.0A,0.0A,0.0A,13.8A,26.1 deg.C,0.0 deg.C,11Ah,Float
2026-06-27 18:20:54,47.2V,0.0A,0.0A,0.0A,7.5A,26.1 deg.C,0.0 deg.C,9Ah,Float
2026-06-27 18:10:54,47.0V,0.0A,0.0A,0.0A,9.2A,26.1 deg.C,0.0 deg.C,8Ah,Float
2026-06-27 18:00:54,46.8V,0.0A,0.0A,0.0A,12.6A,26.1 deg.C,0.0 deg.C,6Ah,Float
2026-06-27 17:50:54,46.4V,0.0A,0.0A,0.0A,7.9A,26.1 deg.C,0.0 deg.C,5Ah,Float
2026-06-27 17:40:54,46.2V,0.0A,0.0A,0.0A,0.0A,26.1 deg.C,0.0 deg.C,4Ah,Float
2026-06-27 17:30:54,46.0V,0.0A,0.0A,0.0A,6.6A,26.0 deg.C,0.0 deg.C,3Ah,Float
2026-06-27 17:20:54,45.7V,0.0A,0.0A,0.0A,5.4A,26.0 deg.C,0.0 deg.C,2Ah,Float
2026-06-27 17:10:54,45.5V,0.0A,0.0A,0.0A,6.0A,25.9 deg.C,0.0 deg.C,1Ah,Float
2026-06-27 17:00:54,45.2V,0.0A,0.0A,0.0A,6.6A,25.4 deg.C,0.0 deg.C,0Ah,Float
2026-06-27 16:50:54,44.0V,0.0A,0.0A,56.9A,-56.2A,24.6 deg.C,0.0 deg.C,0Ah,Discharge
2026-06-27 16:40:54,44.9V,0.0A,0.0A,58.2A,-55.4A,23.5 deg.C,0.0 deg.C,0Ah,Discharge
2026-06-27 16:30:54,45.8V,0.0A,0.0A,53.0A,-54.2A,22.1 deg.C,0.0 deg.C,0Ah,Discharge
2026-06-27 16:20:54,46.6V,0.0A,0.0A,59.0A,-57.1A,21.7 deg.C,0.0 deg.C,0Ah,Discharge
2026-06-27 16:10:54,47.2V,0.0A,0.0A,62.3A,-57.2A,21.7 deg.C,0.0 deg.C,0Ah,Discharge
2026-06-27 16:00:54,47.5V,0.0A,0.0A,58.4A,-57.3A,21.7 deg.C,0.0 deg.C,0Ah,Discharge
2026-06-27 15:50:54,47.8V,0.0A,0.0A,58.7A,-56.1A,21.9 deg.C,0.0 deg.C,0Ah,Discharge
2026-06-27 15:40:54,48.0V,0.0A,0.0A,55.4A,-57.2A,22.1 deg.C,0.0 deg.C,0Ah,Discharge
2026-06-27 15:30:54,48.9V,0.0A,0.0A,0.0A,0.0A,22.2 deg.C,0.0 deg.C,0Ah,Float
2026-06-27 15:20:54,49.0V,0.0A,0.0A,0.0A,6.2A,22.3 deg.C,0.0 deg.C,0Ah,Float
2026-06-27 15:10:54,48.4V,0.0A,0.0A,54.8A,-55.8A,22.6 deg.C,0.0 deg.C,0Ah,Discharge
2026-06-27 15:00:54,49.2V,0.0A,0.0A,0.0A,0.0A,22.7 deg.C,0.0 deg.C,2Ah,Float
2026-06-27 14:50:54,48.5V,0.0A,0.0A,53.2A,-54.8A,22.8 deg.C,0.0 deg.C,2Ah,Discharge
2026-06-27 14:40:54,49.3V,0.0A,0.0A,0.0A,6.2A,22.8 deg.C,0.0 deg.C,2Ah,Float
2026-06-27 14:30:54,49.2V,0.0A,0.0A,0.0A,0.0A,22.8 deg.C,0.0 deg.C,2Ah,Float
2026-06-27 14:20:54,49.3V,0.0A,0.0A,0.0A,0.0A,22.8 deg.C,0.0 deg.C,3Ah,Float
2026-06-27 14:10:54,48.6V,0.0A,0.0A,54.7A,-56.0A,22.8 deg.C,0.0 deg.C,5Ah,Discharge
2026-06-27 14:00:54,49.6V,0.0A,0.0A,0.0A,6.7A,22.8 deg.C,0.0 deg.C,9Ah,Float
2026-06-27 13:50:54,49.5V,0.0A,0.0A,0.0A,6.3A,22.8 deg.C,0.0 deg.C,8Ah,Float
2026-06-27 13:40:54,49.5V,0.0A,0.0A,0.0A,6.1A,22.7 deg.C,0.0 deg.C,7Ah,Float
2026-06-27 13:30:54,49.4V,0.0A,0.0A,0.0A,6.5A,22.6 deg.C,0.0 deg.C,6Ah,Float
2026-06-27 13:20:54,49.4V,0.0A,0.0A,0.0A,7.6A,22.5 deg.C,0.0 deg.C,5Ah,Float
2026-06-27 13:10:54,49.3V,0.0A,0.0A,0.0A,6.1A,22.2 deg.C,0.0 deg.C,4Ah,Float
2026-06-27 13:00:54,48.7V,0.0A,0.0A,55.3A,-55.1A,22.3 deg.C,0.0 deg.C,9Ah,Discharge
2026-06-27 12:50:54,49.7V,0.0A,0.0A,0.0A,6.0A,22.3 deg.C,0.0 deg.C,14Ah,Float
2026-06-27 12:40:54,49.6V,0.0A,0.0A,0.0A,5.8A,22.2 deg.C,0.0 deg.C,13Ah,Float
2026-06-27 12:30:54,49.6V,0.0A,0.0A,0.0A,7.7A,22.1 deg.C,0.0 deg.C,12Ah,Float
2026-06-27 12:20:54,49.6V,0.0A,0.0A,0.0A,8.4A,22.0 deg.C,0.0 deg.C,11Ah,Float
2026-06-27 12:10:54,49.5V,0.0A,0.0A,0.0A,9.5A,21.9 deg.C,0.0 deg.C,10Ah,Float
2026-06-27 12:00:54,49.5V,0.0A,0.0A,0.0A,9.9A,21.7 deg.C,0.0 deg.C,8Ah,Float
2026-06-27 11:50:54,49.4V,0.0A,0.0A,0.0A,11.3A,21.6 deg.C,0.0 deg.C,6Ah,Float
2026-06-27 11:40:54,48.6V,0.0A,0.0A,52.0A,-49.8A,21.3 deg.C,0.0 deg.C,8Ah,Discharge
2026-06-27 11:30:54,48.8V,0.0A,0.0A,56.2A,-51.9A,21.1 deg.C,0.0 deg.C,16Ah,Discharge
2026-06-27 11:20:54,49.1V,0.0A,0.0A,50.3A,-52.0A,20.8 deg.C,0.0 deg.C,24Ah,Discharge
2026-06-27 11:10:54,49.3V,0.0A,0.0A,50.3A,-51.0A,20.6 deg.C,0.0 deg.C,33Ah,Discharge
2026-06-27 11:00:54,49.5V,0.0A,0.0A,56.9A,-55.1A,20.5 deg.C,0.0 deg.C,42Ah,Discharge
2026-06-27 10:50:54,49.7V,0.0A,0.0A,51.1A,-50.4A,20.7 deg.C,0.0 deg.C,50Ah,Discharge
2026-06-27 10:40:54,49.9V,0.0A,0.0A,49.4A,-51.1A,21.7 deg.C,0.0 deg.C,58Ah,Discharge
2026-06-27 10:30:54,50.1V,0.0A,0.0A,51.1A,-52.0A,23.8 deg.C,0.0 deg.C,67Ah,Discharge
2026-06-27 10:20:54,50.3V,0.0A,0.0A,46.5A,-46.6A,23.6 deg.C,0.0 deg.C,75Ah,Discharge
2026-06-27 10:10:54,50.5V,0.0A,0.0A,48.3A,-47.0A,23.2 deg.C,0.0 deg.C,83Ah,Discharge
2026-06-27 10:00:54,50.7V,0.0A,0.0A,48.5A,-47.6A,22.8 deg.C,0.0 deg.C,91Ah,Discharge
2026-06-27 09:50:54,50.8V,0.0A,0.0A,45.6A,-47.0A,22.4 deg.C,0.0 deg.C,98Ah,Discharge
2026-06-27 09:40:54,51.0V,0.0A,0.0A,46.9A,-48.1A,22.0 deg.C,0.0 deg.C,106Ah,Discharge
2026-06-27 09:30:54,51.2V,0.0A,0.0A,44.1A,-45.8A,21.4 deg.C,0.0 deg.C,114Ah,Discharge
2026-06-27 09:20:54,51.4V,0.0A,0.0A,46.6A,-46.0A,20.7 deg.C,0.0 deg.C,121Ah,Discharge
2026-06-27 09:10:54,52.4V,0.0A,0.0A,0.0A,8.4A,21.1 deg.C,0.0 deg.C,129Ah,Float
2026-06-27 09:00:54,52.4V,0.0A,0.0A,0.0A,7.8A,22.6 deg.C,0.0 deg.C,127Ah,Float
2026-06-27 08:50:54,52.3V,0.0A,0.0A,0.0A,11.6A,22.1 deg.C,0.0 deg.C,125Ah,Float
2026-06-27 08:40:54,52.3V,0.0A,0.0A,0.0A,11.6A,21.6 deg.C,0.0 deg.C,123Ah,Float
2026-06-27 08:30:54,52.3V,0.0A,0.0A,0.0A,12.9A,21.2 deg.C,0.0 deg.C,121Ah,Float
2026-06-27 08:20:54,52.2V,0.0A,0.0A,0.0A,12.9A,20.9 deg.C,0.0 deg.C,119Ah,Float
2026-06-27 08:10:54,52.2V,0.0A,0.0A,0.0A,17.6A,20.6 deg.C,0.0 deg.C,116Ah,Float
2026-06-27 08:00:54,52.1V,0.0A,0.0A,0.0A,11.7A,20.5 deg.C,0.0 deg.C,113Ah,Float
2026-06-27 07:50:54,52.1V,0.0A,0.0A,0.0A,17.4A,20.5 deg.C,0.0 deg.C,111Ah,Float
2026-06-27 07:40:54,52.1V,0.0A,0.0A,0.0A,17.1A,20.3 deg.C,0.0 deg.C,108Ah,Float
2026-06-27 07:30:54,52.0V,0.0A,0.0A,0.0A,14.4A,20.3 deg.C,0.0 deg.C,105Ah,Float
2026-06-27 07:20:54,51.8V,0.0A,0.0A,0.0A,10.5A,20.3 deg.C,0.0 deg.C,103Ah,Float
2026-06-27 07:10:54,51.8V,0.0A,0.0A,0.0A,15.4A,20.4 deg.C,0.0 deg.C,100Ah,Float
2026-06-27 07:00:54,51.8V,0.0A,0.0A,0.0A,12.6A,20.4 deg.C,0.0 deg.C,98Ah,Float
2026-06-27 06:50:54,51.8V,0.0A,0.0A,0.0A,15.4A,20.4 deg.C,0.0 deg.C,96Ah,Float
2026-06-27 06:40:54,51.7V,0.0A,0.0A,0.0A,16.2A,20.5 deg.C,0.0 deg.C,93Ah,Float
2026-06-27 06:30:54,51.7V,0.0A,0.0A,0.0A,16.6A,20.6 deg.C,0.0 deg.C,91Ah,Float
2026-06-27 06:20:54,51.6V,0.0A,0.0A,0.0A,16.2A,20.6 deg.C,0.0 deg.C,88Ah,Float
2026-06-27 06:10:54,51.6V,0.0A,0.0A,0.0A,16.2A,20.6 deg.C,0.0 deg.C,85Ah,Float
2026-06-27 06:00:54,51.5V,0.0A,0.0A,0.0A,12.7A,20.6 deg.C,0.0 deg.C,83Ah,Float
2026-06-27 05:50:54,51.5V,0.0A,0.0A,0.0A,17.2A,20.6 deg.C,0.0 deg.C,80Ah,Float
2026-06-27 05:40:54,51.4V,0.0A,0.0A,0.0A,16.8A,20.7 deg.C,0.0 deg.C,78Ah,Float
2026-06-27 05:30:54,51.4V,0.0A,0.0A,0.0A,16.3A,20.7 deg.C,0.0 deg.C,75Ah,Float
2026-06-27 05:20:54,51.3V,0.0A,0.0A,0.0A,15.5A,20.8 deg.C,0.0 deg.C,72Ah,Float
2026-06-27 05:10:54,51.3V,0.0A,0.0A,0.0A,13.7A,20.9 deg.C,0.0 deg.C,70Ah,Float
2026-06-27 05:00:54,51.3V,0.0A,0.0A,0.0A,17.4A,20.9 deg.C,0.0 deg.C,67Ah,Float
2026-06-27 04:50:54,51.2V,0.0A,0.0A,0.0A,17.1A,21.0 deg.C,0.0 deg.C,64Ah,Float
2026-06-27 04:40:54,51.1V,0.0A,0.0A,0.0A,17.5A,21.0 deg.C,0.0 deg.C,61Ah,Float
2026-06-27 04:30:54,51.0V,0.0A,0.0A,0.0A,12.7A,21.0 deg.C,0.0 deg.C,59Ah,Float
2026-06-27 04:20:54,51.0V,0.0A,0.0A,0.0A,17.2A,21.0 deg.C,0.0 deg.C,56Ah,Float
2026-06-27 04:10:54,51.0V,0.0A,0.0A,0.0A,16.3A,21.0 deg.C,0.0 deg.C,53Ah,Float
2026-06-27 04:00:54,50.9V,0.0A,0.0A,0.0A,17.1A,20.9 deg.C,0.0 deg.C,51Ah,Float
2026-06-27 03:50:54,50.8V,0.0A,0.0A,0.0A,13.1A,21.0 deg.C,0.0 deg.C,48Ah,Float
2026-06-27 03:40:54,50.8V,0.0A,0.0A,0.0A,15.9A,21.1 deg.C,0.0 deg.C,46Ah,Float
2026-06-27 03:30:54,50.7V,0.0A,0.0A,0.0A,17.5A,21.2 deg.C,0.0 deg.C,43Ah,Float
2026-06-27 03:20:54,50.6V,0.0A,0.0A,0.0A,17.5A,21.3 deg.C,0.0 deg.C,40Ah,Float
2026-06-27 03:10:54,50.5V,0.0A,0.0A,0.0A,17.1A,21.4 deg.C,0.0 deg.C,37Ah,Float
2026-06-27 03:00:54,50.4V,0.0A,0.0A,0.0A,13.4A,21.4 deg.C,0.0 deg.C,35Ah,Float
2026-06-27 02:50:54,50.4V,0.0A,0.0A,0.0A,17.2A,21.4 deg.C,0.0 deg.C,32Ah,Float
2026-06-27 02:40:54,50.3V,0.0A,0.0A,0.0A,16.6A,21.4 deg.C,0.0 deg.C,30Ah,Float
2026-06-27 02:30:54,50.2V,0.0A,0.0A,0.0A,16.5A,21.4 deg.C,0.0 deg.C,27Ah,Float
2026-06-27 02:20:54,50.0V,0.0A,0.0A,0.0A,11.0A,21.6 deg.C,0.0 deg.C,24Ah,Float
2026-06-27 02:10:54,50.0V,0.0A,0.0A,0.0A,15.3A,21.7 deg.C,0.0 deg.C,22Ah,Float
2026-06-27 02:00:54,49.9V,0.0A,0.0A,0.0A,16.6A,21.5 deg.C,0.0 deg.C,19Ah,Float
2026-06-27 01:50:53,49.8V,0.0A,0.0A,0.0A,16.1A,21.6 deg.C,0.0 deg.C,17Ah,Float
2026-06-27 01:40:53,49.6V,0.0A,0.0A,0.0A,10.9A,21.5 deg.C,0.0 deg.C,14Ah,Float
2026-06-27 01:30:53,49.5V,0.0A,0.0A,0.0A,15.0A,21.6 deg.C,0.0 deg.C,13Ah,Float
2026-06-27 01:20:53,49.4V,0.0A,0.0A,0.0A,12.2A,21.5 deg.C,0.0 deg.C,10Ah,Float
2026-06-27 01:10:53,49.3V,0.0A,0.0A,0.0A,14.0A,21.3 deg.C,0.0 deg.C,8Ah,Float
2026-06-27 01:00:53,49.4V,0.0A,0.0A,0.0A,6.8A,21.4 deg.C,0.0 deg.C,11Ah,Float
2026-06-27 00:50:53,49.3V,0.0A,0.0A,0.0A,13.0A,21.2 deg.C,0.0 deg.C,9Ah,Float
2026-06-27 00:40:53,49.2V,0.0A,0.0A,0.0A,10.4A,21.1 deg.C,0.0 deg.C,7Ah,Float
2026-06-27 00:30:53,49.3V,0.0A,0.0A,0.0A,12.4A,20.9 deg.C,0.0 deg.C,9Ah,Float
2026-06-27 00:20:53,49.3V,0.0A,0.0A,0.0A,6.4A,20.6 deg.C,0.0 deg.C,11Ah,Float
2026-06-27 00:10:53,49.3V,0.0A,0.0A,0.0A,10.8A,20.0 deg.C,0.0 deg.C,9Ah,Float
2026-06-27 00:00:53,49.3V,0.0A,0.0A,0.0A,8.7A,19.4 deg.C,0.0 deg.C,9Ah,Float
2026-06-26 23:50:53,49.2V,0.0A,0.0A,0.0A,0.0A,20.3 deg.C,0.0 deg.C,10Ah,Float
2026-06-26 23:40:53,49.4V,0.0A,0.0A,0.0A,7.3A,21.9 deg.C,0.0 deg.C,12Ah,Float
2026-06-26 23:30:53,49.3V,0.0A,0.0A,0.0A,8.1A,21.8 deg.C,0.0 deg.C,11Ah,Float
2026-06-26 23:20:53,49.2V,0.0A,0.0A,0.0A,6.8A,21.5 deg.C,0.0 deg.C,9Ah,Float
2026-06-26 23:10:53,49.2V,0.0A,0.0A,0.0A,0.0A,21.3 deg.C,0.0 deg.C,10Ah,Float
2026-06-26 23:00:53,49.4V,0.0A,0.0A,0.0A,0.0A,21.3 deg.C,0.0 deg.C,13Ah,Float
2026-06-26 22:50:53,49.3V,0.0A,0.0A,0.0A,8.3A,20.9 deg.C,0.0 deg.C,11Ah,Float
2026-06-26 22:40:53,49.2V,0.0A,0.0A,0.0A,0.0A,20.4 deg.C,0.0 deg.C,10Ah,Float
2026-06-26 22:30:53,49.4V,0.0A,0.0A,0.0A,10.1A,19.6 deg.C,0.0 deg.C,12Ah,Float
2026-06-26 22:20:53,49.2V,0.0A,0.0A,0.0A,6.4A,19.0 deg.C,0.0 deg.C,10Ah,Float
2026-06-26 22:10:53,49.1V,0.0A,0.0A,0.0A,0.0A,19.6 deg.C,0.0 deg.C,9Ah,Float
2026-06-26 22:00:53,49.1V,0.0A,0.0A,0.0A,7.8A,21.0 deg.C,0.0 deg.C,10Ah,Float
2026-06-26 21:50:53,49.3V,0.0A,0.0A,0.0A,8.6A,21.6 deg.C,0.0 deg.C,12Ah,Float
2026-06-26 21:40:53,48.6V,0.0A,0.0A,52.8A,-53.9A,21.5 deg.C,0.0 deg.C,13Ah,Discharge
2026-06-26 21:30:53,49.4V,0.0A,0.0A,0.0A,9.8A,21.1 deg.C,0.0 deg.C,15Ah,Float
2026-06-26 21:20:53,49.4V,0.0A,0.0A,0.0A,11.5A,20.4 deg.C,0.0 deg.C,13Ah,Float
2026-06-26 21:10:53,48.5V,0.0A,0.0A,58.3A,-54.0A,19.9 deg.C,0.0 deg.C,14Ah,Discharge
2026-06-26 21:00:53,49.5V,0.0A,0.0A,0.0A,0.0A,21.1 deg.C,0.0 deg.C,17Ah,Float
2026-06-26 20:50:53,49.5V,0.0A,0.0A,0.0A,11.4A,21.4 deg.C,0.0 deg.C,15Ah,Float
2026-06-26 20:40:53,49.3V,0.0A,0.0A,0.0A,7.1A,20.9 deg.C,0.0 deg.C,14Ah,Float
2026-06-26 20:30:53,48.6V,0.0A,0.0A,58.3A,-55.6A,21.4 deg.C,0.0 deg.C,16Ah,Discharge
2026-06-26 20:20:53,49.5V,0.0A,0.0A,0.0A,10.0A,21.7 deg.C,0.0 deg.C,18Ah,Float
2026-06-26 20:10:53,49.4V,0.0A,0.0A,0.0A,6.1A,21.3 deg.C,0.0 deg.C,16Ah,Float
2026-06-26 20:00:53,49.4V,0.0A,0.0A,0.0A,11.3A,20.6 deg.C,0.0 deg.C,15Ah,Float
2026-06-26 19:50:53,49.2V,0.0A,0.0A,0.0A,12.4A,20.1 deg.C,0.0 deg.C,13Ah,Float
2026-06-26 19:40:53,48.8V,0.0A,0.0A,52.0A,-52.0A,19.8 deg.C,0.0 deg.C,20Ah,Discharge
2026-06-26 19:30:53,49.9V,0.0A,0.0A,0.0A,7.8A,19.6 deg.C,0.0 deg.C,28Ah,Float
2026-06-26 19:20:53,50.0V,0.0A,0.0A,0.0A,15.4A,19.7 deg.C,0.0 deg.C,26Ah,Float
2026-06-26 19:10:53,49.8V,0.0A,0.0A,0.0A,12.4A,19.9 deg.C,0.0 deg.C,24Ah,Float
2026-06-26 19:00:53,49.8V,0.0A,0.0A,0.0A,16.6A,19.9 deg.C,0.0 deg.C,22Ah,Float
2026-06-26 18:50:53,49.7V,0.0A,0.0A,0.0A,16.3A,19.9 deg.C,0.0 deg.C,19Ah,Float
2026-06-26 18:40:53,49.6V,0.0A,0.0A,0.0A,12.5A,19.9 deg.C,0.0 deg.C,17Ah,Float
2026-06-26 18:30:53,49.5V,0.0A,0.0A,0.0A,12.2A,19.9 deg.C,0.0 deg.C,15Ah,Float
2026-06-26 18:20:53,49.4V,0.0A,0.0A,0.0A,11.1A,19.9 deg.C,0.0 deg.C,13Ah,Float
2026-06-26 18:10:53,49.3V,0.0A,0.0A,0.0A,9.5A,19.9 deg.C,0.0 deg.C,11Ah,Float
2026-06-26 18:00:53,49.3V,0.0A,0.0A,0.0A,14.9A,19.9 deg.C,0.0 deg.C,9Ah,Float
2026-06-26 17:50:53,49.1V,0.0A,0.0A,0.0A,8.4A,19.9 deg.C,0.0 deg.C,7Ah,Float
2026-06-26 17:40:53,49.1V,0.0A,0.0A,0.0A,9.3A,20.0 deg.C,0.0 deg.C,6Ah,Float
2026-06-26 17:30:53,49.0V,0.0A,0.0A,0.0A,8.3A,20.1 deg.C,0.0 deg.C,4Ah,Float
2026-06-26 17:20:53,49.0V,0.0A,0.0A,0.0A,7.3A,20.2 deg.C,0.0 deg.C,4Ah,Float
2026-06-26 17:10:53,48.9V,0.0A,0.0A,0.0A,6.1A,20.4 deg.C,0.0 deg.C,3Ah,Float
2026-06-26 17:00:53,48.9V,0.0A,0.0A,0.0A,5.4A,20.6 deg.C,0.0 deg.C,2Ah,Float
2026-06-26 16:50:53,48.8V,0.0A,0.0A,0.0A,6.1A,20.8 deg.C,0.0 deg.C,1Ah,Float
2026-06-26 16:40:53,48.7V,0.0A,0.0A,0.0A,0.0A,21.0 deg.C,0.0 deg.C,1Ah,Float
2026-06-26 16:30:53,48.8V,0.0A,0.0A,0.0A,5.5A,21.3 deg.C,0.0 deg.C,2Ah,Float
2026-06-26 16:20:53,48.8V,0.0A,0.0A,0.0A,0.0A,21.5 deg.C,0.0 deg.C,1Ah,Float
2026-06-26 16:10:53,48.8V,0.0A,0.0A,0.0A,0.0A,21.8 deg.C,0.0 deg.C,1Ah,Float
2026-06-26 16:00:53,48.7V,0.0A,0.0A,0.0A,5.2A,22.0 deg.C,0.0 deg.C,0Ah,Float
2026-06-26 15:50:53,48.7V,0.0A,0.0A,0.0A,0.0A,22.1 deg.C,0.0 deg.C,0Ah,Float
2026-06-26 15:40:53,48.7V,0.0A,0.0A,0.0A,0.0A,22.2 deg.C,0.0 deg.C,0Ah,Float
2026-06-26 15:30:53,48.7V,0.0A,0.0A,0.0A,0.0A,22.3 deg.C,0.0 deg.C,0Ah,Float
2026-06-26 15:20:53,48.7V,0.0A,0.0A,0.0A,0.0A,22.4 deg.C,0.0 deg.C,0Ah,Float
2026-06-26 15:10:53,48.1V,0.0A,0.0A,64.1A,-47.1A,22.5 deg.C,0.0 deg.C,0Ah,Float
2026-06-26 15:00:53,48.8V,0.0A,0.0A,0.0A,0.0A,22.6 deg.C,0.0 deg.C,0Ah,Float
2026-06-26 14:50:53,48.1V,0.0A,0.0A,59.8A,-60.2A,22.6 deg.C,0.0 deg.C,0Ah,Discharge
2026-06-26 14:40:53,48.8V,0.0A,0.0A,0.0A,0.0A,22.6 deg.C,0.0 deg.C,0Ah,Float
2026-06-26 14:30:53,48.9V,0.0A,0.0A,0.0A,0.0A,22.6 deg.C,0.0 deg.C,0Ah,Float
2026-06-26 14:20:53,48.9V,0.0A,0.0A,0.0A,0.0A,22.6 deg.C,0.0 deg.C,0Ah,Float
2026-06-26 14:10:53,48.7V,0.0A,0.0A,0.0A,0.0A,22.6 deg.C,0.0 deg.C,0Ah,Discharge
2026-06-26 14:00:53,49.0V,0.0A,0.0A,0.0A,0.0A,22.5 deg.C,0.0 deg.C,0Ah,Float
2026-06-26 13:50:53,49.1V,0.0A,0.0A,0.0A,0.0A,22.4 deg.C,0.0 deg.C,0Ah,Float
2026-06-26 13:40:53,49.1V,0.0A,0.0A,0.0A,0.0A,22.4 deg.C,0.0 deg.C,0Ah,Float
2026-06-26 13:30:53,49.2V,0.0A,0.0A,0.0A,0.0A,22.3 deg.C,0.0 deg.C,0Ah,Float
2026-06-26 13:20:53,49.2V,0.0A,0.0A,0.0A,5.7A,22.3 deg.C,0.0 deg.C,0Ah,Float
2026-06-26 13:10:53,48.6V,0.0A,0.0A,60.7A,-16.7A,22.2 deg.C,0.0 deg.C,0Ah,Float
2026-06-26 13:00:53,48.5V,0.0A,0.0A,55.1A,-55.8A,22.0 deg.C,0.0 deg.C,0Ah,Discharge
2026-06-26 12:50:53,48.5V,0.0A,0.0A,56.7A,-57.8A,22.1 deg.C,0.0 deg.C,0Ah,Discharge
2026-06-26 12:40:53,49.4V,0.0A,0.0A,0.0A,0.0A,22.0 deg.C,0.0 deg.C,2Ah,Float
2026-06-26 12:30:53,49.4V,0.0A,0.0A,0.0A,5.5A,21.8 deg.C,0.0 deg.C,2Ah,Float
2026-06-26 12:20:53,49.3V,0.0A,0.0A,0.0A,0.0A,21.7 deg.C,0.0 deg.C,1Ah,Float
2026-06-26 12:10:53,49.2V,0.0A,0.0A,0.0A,0.0A,21.5 deg.C,0.0 deg.C,0Ah,Float
2026-06-26 12:00:53,48.5V,0.0A,0.0A,61.3A,-61.5A,21.4 deg.C,0.0 deg.C,3Ah,Discharge
2026-06-26 11:50:53,49.8V,0.0A,0.0A,0.0A,6.5A,21.3 deg.C,0.0 deg.C,10Ah,Float
2026-06-26 11:40:53,49.7V,0.0A,0.0A,0.0A,6.3A,21.2 deg.C,0.0 deg.C,9Ah,Float
2026-06-26 11:30:53,49.7V,0.0A,0.0A,0.0A,7.6A,21.3 deg.C,0.0 deg.C,8Ah,Float
2026-06-26 11:20:53,49.6V,0.0A,0.0A,0.0A,7.7A,21.3 deg.C,0.0 deg.C,7Ah,Float
2026-06-26 11:10:53,49.6V,0.0A,0.0A,0.0A,9.0A,21.3 deg.C,0.0 deg.C,5Ah,Float
2026-06-26 11:00:53,49.5V,0.0A,0.0A,0.0A,8.5A,21.5 deg.C,0.0 deg.C,4Ah,Float
2026-06-26 10:50:53,49.4V,0.0A,0.0A,0.0A,7.9A,21.8 deg.C,0.0 deg.C,2Ah,Float
2026-06-26 10:40:53,49.3V,0.0A,0.0A,0.0A,8.3A,22.3 deg.C,0.0 deg.C,1Ah,Float
2026-06-26 10:30:53,48.6V,0.0A,0.0A,52.9A,-52.1A,23.5 deg.C,0.0 deg.C,3Ah,Discharge
2026-06-26 10:20:53,48.9V,0.0A,0.0A,52.5A,-49.8A,24.1 deg.C,0.0 deg.C,12Ah,Discharge
2026-06-26 10:10:53,49.1V,0.0A,0.0A,52.6A,-49.8A,23.5 deg.C,0.0 deg.C,20Ah,Discharge
2026-06-26 10:00:53,49.4V,0.0A,0.0A,49.3A,-48.0A,22.9 deg.C,0.0 deg.C,29Ah,Discharge
2026-06-26 09:50:53,49.6V,0.0A,0.0A,42.0A,-42.3A,22.5 deg.C,0.0 deg.C,36Ah,Discharge
2026-06-26 09:40:53,49.7V,0.0A,0.0A,48.0A,-48.7A,22.1 deg.C,0.0 deg.C,44Ah,Discharge
2026-06-26 09:30:53,49.9V,0.0A,0.0A,46.8A,-47.0A,21.6 deg.C,0.0 deg.C,52Ah,Discharge
2026-06-26 09:20:53,50.1V,0.0A,0.0A,45.6A,-45.4A,21.2 deg.C,0.0 deg.C,59Ah,Discharge
2026-06-26 09:10:53,50.3V,0.0A,0.0A,45.8A,-45.5A,20.9 deg.C,0.0 deg.C,67Ah,Discharge
2026-06-26 09:00:53,50.4V,0.0A,0.0A,51.2A,-45.4A,20.5 deg.C,0.0 deg.C,75Ah,Discharge
2026-06-26 08:50:53,50.6V,0.0A,0.0A,42.4A,-41.7A,20.3 deg.C,0.0 deg.C,82Ah,Discharge
2026-06-26 08:40:53,50.7V,0.0A,0.0A,48.3A,-47.6A,20.1 deg.C,0.0 deg.C,90Ah,Discharge
2026-06-26 08:30:53,51.0V,0.0A,0.0A,40.2A,-40.9A,20.1 deg.C,0.0 deg.C,97Ah,Discharge
2026-06-26 08:20:53,51.1V,0.0A,0.0A,45.3A,-45.7A,20.2 deg.C,0.0 deg.C,105Ah,Discharge
2026-06-26 08:10:53,51.4V,0.0A,0.0A,41.3A,-41.1A,20.3 deg.C,0.0 deg.C,112Ah,Discharge
2026-06-26 08:00:53,51.5V,0.0A,0.0A,45.0A,-41.4A,20.7 deg.C,0.0 deg.C,119Ah,Discharge
2026-06-26 07:50:53,52.4V,0.0A,0.0A,0.0A,12.1A,20.8 deg.C,0.0 deg.C,123Ah,Float
2026-06-26 07:40:53,52.4V,0.0A,0.0A,0.0A,15.4A,20.8 deg.C,0.0 deg.C,120Ah,Float
2026-06-26 07:30:53,52.4V,0.0A,0.0A,0.0A,14.7A,20.7 deg.C,0.0 deg.C,117Ah,Float
2026-06-26 07:20:53,52.3V,0.0A,0.0A,0.0A,15.9A,20.7 deg.C,0.0 deg.C,115Ah,Float
2026-06-26 07:10:53,52.2V,0.0A,0.0A,0.0A,16.6A,20.7 deg.C,0.0 deg.C,112Ah,Float
2026-06-26 07:00:53,52.1V,0.0A,0.0A,0.0A,11.8A,20.8 deg.C,0.0 deg.C,110Ah,Float
2026-06-26 06:50:53,52.1V,0.0A,0.0A,0.0A,16.8A,20.7 deg.C,0.0 deg.C,108Ah,Float
2026-06-26 06:40:53,52.1V,0.0A,0.0A,0.0A,16.1A,20.8 deg.C,0.0 deg.C,105Ah,Float
2026-06-26 06:30:53,52.0V,0.0A,0.0A,0.0A,16.0A,20.8 deg.C,0.0 deg.C,103Ah,Float
2026-06-26 06:20:53,52.0V,0.0A,0.0A,0.0A,16.5A,20.8 deg.C,0.0 deg.C,100Ah,Float
2026-06-26 06:10:53,51.9V,0.0A,0.0A,0.0A,11.6A,21.0 deg.C,0.0 deg.C,98Ah,Float
2026-06-26 06:00:53,51.9V,0.0A,0.0A,0.0A,16.9A,21.0 deg.C,0.0 deg.C,95Ah,Float
2026-06-26 05:50:53,51.8V,0.0A,0.0A,0.0A,16.5A,20.9 deg.C,0.0 deg.C,92Ah,Float
2026-06-26 05:40:53,51.8V,0.0A,0.0A,0.0A,17.0A,21.1 deg.C,0.0 deg.C,89Ah,Float
2026-06-26 05:30:53,51.7V,0.0A,0.0A,0.0A,17.2A,21.2 deg.C,0.0 deg.C,87Ah,Float
2026-06-26 05:20:53,51.6V,0.0A,0.0A,0.0A,12.6A,21.1 deg.C,0.0 deg.C,84Ah,Float
2026-06-26 05:10:53,51.6V,0.0A,0.0A,0.0A,17.3A,21.2 deg.C,0.0 deg.C,82Ah,Float
2026-06-26 05:00:53,51.6V,0.0A,0.0A,0.0A,17.3A,21.2 deg.C,0.0 deg.C,79Ah,Float
2026-06-26 04:50:53,51.5V,0.0A,0.0A,0.0A,16.1A,21.2 deg.C,0.0 deg.C,76Ah,Float
2026-06-26 04:40:53,51.4V,0.0A,0.0A,0.0A,12.5A,21.4 deg.C,0.0 deg.C,73Ah,Float
2026-06-26 04:30:53,51.4V,0.0A,0.0A,0.0A,17.1A,21.4 deg.C,0.0 deg.C,71Ah,Float
2026-06-26 04:20:53,51.4V,0.0A,0.0A,0.0A,15.7A,21.4 deg.C,0.0 deg.C,68Ah,Float
2026-06-26 04:10:53,51.3V,0.0A,0.0A,0.0A,17.2A,21.5 deg.C,0.0 deg.C,66Ah,Float
2026-06-26 04:00:53,51.2V,0.0A,0.0A,0.0A,11.5A,21.4 deg.C,0.0 deg.C,63Ah,Float
2026-06-26 03:50:53,51.2V,0.0A,0.0A,0.0A,17.6A,21.4 deg.C,0.0 deg.C,61Ah,Float
2026-06-26 03:40:53,51.2V,0.0A,0.0A,0.0A,16.3A,21.4 deg.C,0.0 deg.C,58Ah,Float
2026-06-26 03:30:53,51.1V,0.0A,0.0A,0.0A,17.0A,21.3 deg.C,0.0 deg.C,55Ah,Float
2026-06-26 03:20:53,51.0V,0.0A,0.0A,0.0A,12.9A,21.4 deg.C,0.0 deg.C,53Ah,Float
2026-06-26 03:10:53,51.0V,0.0A,0.0A,0.0A,17.3A,21.4 deg.C,0.0 deg.C,50Ah,Float
2026-06-26 03:00:53,51.0V,0.0A,0.0A,0.0A,17.4A,21.3 deg.C,0.0 deg.C,47Ah,Float
2026-06-26 02:50:53,50.9V,0.0A,0.0A,0.0A,17.6A,21.4 deg.C,0.0 deg.C,45Ah,Float
2026-06-26 02:40:53,50.8V,0.0A,0.0A,0.0A,13.6A,21.2 deg.C,0.0 deg.C,42Ah,Float
2026-06-26 02:30:53,50.7V,0.0A,0.0A,0.0A,17.1A,21.2 deg.C,0.0 deg.C,40Ah,Float
2026-06-26 02:20:53,50.6V,0.0A,0.0A,0.0A,17.0A,21.1 deg.C,0.0 deg.C,37Ah,Float
2026-06-26 02:10:53,50.6V,0.0A,0.0A,0.0A,17.3A,21.0 deg.C,0.0 deg.C,34Ah,Float
2026-06-26 02:00:53,50.4V,0.0A,0.0A,0.0A,13.5A,20.7 deg.C,0.0 deg.C,31Ah,Float
2026-06-26 01:50:53,50.4V,0.0A,0.0A,0.0A,16.6A,20.2 deg.C,0.0 deg.C,29Ah,Float
2026-06-26 01:40:53,50.3V,0.0A,0.0A,0.0A,17.4A,19.6 deg.C,0.0 deg.C,26Ah,Float
2026-06-26 01:30:53,50.2V,0.0A,0.0A,0.0A,16.7A,18.8 deg.C,0.0 deg.C,23Ah,Float
2026-06-26 01:20:53,50.1V,0.0A,0.0A,0.0A,10.8A,19.5 deg.C,0.0 deg.C,21Ah,Float
2026-06-26 01:10:53,50.0V,0.0A,0.0A,0.0A,14.2A,21.3 deg.C,0.0 deg.C,19Ah,Float
2026-06-26 01:00:53,49.9V,0.0A,0.0A,0.0A,14.3A,21.8 deg.C,0.0 deg.C,17Ah,Float
2026-06-26 00:50:53,49.8V,0.0A,0.0A,0.0A,10.3A,21.7 deg.C,0.0 deg.C,15Ah,Float
2026-06-26 00:40:53,49.8V,0.0A,0.0A,0.0A,14.8A,21.6 deg.C,0.0 deg.C,13Ah,Float
2026-06-26 00:30:53,49.6V,0.0A,0.0A,0.0A,14.8A,21.4 deg.C,0.0 deg.C,10Ah,Float
2026-06-26 00:20:53,49.5V,0.0A,0.0A,0.0A,11.3A,21.1 deg.C,0.0 deg.C,8Ah,Float
2026-06-26 00:10:53,49.4V,0.0A,0.0A,0.0A,8.0A,20.6 deg.C,0.0 deg.C,7Ah,Float
2026-06-26 00:00:53,49.3V,0.0A,0.0A,0.0A,11.4A,20.0 deg.C,0.0 deg.C,5Ah,Float
2026-06-25 23:50:53,48.4V,0.0A,0.0A,55.8A,-51.6A,19.3 deg.C,0.0 deg.C,4Ah,Discharge
2026-06-25 23:40:53,49.5V,0.0A,0.0A,0.0A,0.0A,18.9 deg.C,0.0 deg.C,11Ah,Float
2026-06-25 23:30:53,49.5V,0.0A,0.0A,0.0A,8.1A,19.1 deg.C,0.0 deg.C,11Ah,Float
2026-06-25 23:20:53,49.5V,0.0A,0.0A,0.0A,7.8A,19.4 deg.C,0.0 deg.C,10Ah,Float
2026-06-25 23:10:53,49.4V,0.0A,0.0A,0.0A,6.1A,20.0 deg.C,0.0 deg.C,8Ah,Float
2026-06-25 23:00:53,49.4V,0.0A,0.0A,0.0A,9.1A,21.3 deg.C,0.0 deg.C,8Ah,Float
2026-06-25 22:50:53,49.3V,0.0A,0.0A,0.0A,11.1A,22.0 deg.C,0.0 deg.C,6Ah,Float
2026-06-25 22:40:53,48.5V,0.0A,0.0A,56.8A,-56.1A,21.8 deg.C,0.0 deg.C,6Ah,Discharge
2026-06-25 22:30:53,49.3V,0.0A,0.0A,0.0A,7.6A,21.2 deg.C,0.0 deg.C,6Ah,Float
2026-06-25 22:20:53,49.2V,0.0A,0.0A,0.0A,8.2A,20.4 deg.C,0.0 deg.C,5Ah,Float
2026-06-25 22:10:53,49.2V,0.0A,0.0A,0.0A,5.4A,19.5 deg.C,0.0 deg.C,5Ah,Float
2026-06-25 22:00:53,49.3V,0.0A,0.0A,0.0A,9.0A,19.6 deg.C,0.0 deg.C,6Ah,Float
2026-06-25 21:50:53,49.2V,0.0A,0.0A,0.0A,8.2A,19.8 deg.C,0.0 deg.C,5Ah,Float
2026-06-25 21:40:53,49.1V,0.0A,0.0A,0.0A,0.0A,20.1 deg.C,0.0 deg.C,6Ah,Discharge
2026-06-25 21:30:53,49.3V,0.0A,0.0A,0.0A,7.5A,20.8 deg.C,0.0 deg.C,6Ah,Float
2026-06-25 21:20:53,49.2V,0.0A,0.0A,0.0A,0.0A,22.1 deg.C,0.0 deg.C,5Ah,Float
2026-06-25 21:10:53,49.2V,0.0A,0.0A,0.0A,6.7A,21.7 deg.C,0.0 deg.C,6Ah,Float
2026-06-25 21:00:53,49.3V,0.0A,0.0A,0.0A,7.7A,21.1 deg.C,0.0 deg.C,8Ah,Float
2026-06-25 20:50:53,48.5V,0.0A,0.0A,56.3A,-50.6A,20.2 deg.C,0.0 deg.C,7Ah,Discharge
2026-06-25 20:40:53,49.5V,0.0A,0.0A,0.0A,0.0A,20.6 deg.C,0.0 deg.C,13Ah,Float
2026-06-25 20:30:53,49.5V,0.0A,0.0A,0.0A,7.8A,21.5 deg.C,0.0 deg.C,12Ah,Float
2026-06-25 20:20:53,49.5V,0.0A,0.0A,0.0A,13.3A,22.0 deg.C,0.0 deg.C,10Ah,Float
2026-06-25 20:10:53,49.3V,0.0A,0.0A,0.0A,7.5A,21.3 deg.C,0.0 deg.C,9Ah,Float
2026-06-25 20:00:53,48.8V,0.0A,0.0A,47.3A,-47.7A,20.8 deg.C,0.0 deg.C,14Ah,Discharge
2026-06-25 19:50:53,49.0V,0.0A,0.0A,52.7A,-54.8A,20.2 deg.C,0.0 deg.C,22Ah,Discharge
2026-06-25 19:40:53,50.1V,0.0A,0.0A,0.0A,0.0A,20.0 deg.C,0.0 deg.C,30Ah,Float
2026-06-25 19:30:53,50.2V,0.0A,0.0A,0.0A,11.7A,20.0 deg.C,0.0 deg.C,28Ah,Float
2026-06-25 19:20:53,50.1V,0.0A,0.0A,0.0A,11.7A,20.0 deg.C,0.0 deg.C,26Ah,Float
2026-06-25 19:10:53,50.1V,0.0A,0.0A,0.0A,12.5A,20.0 deg.C,0.0 deg.C,24Ah,Float
2026-06-25 19:00:53,50.0V,0.0A,0.0A,0.0A,17.5A,19.9 deg.C,0.0 deg.C,22Ah,Float
2026-06-25 18:50:53,49.9V,0.0A,0.0A,0.0A,12.0A,19.9 deg.C,0.0 deg.C,20Ah,Float
2026-06-25 18:40:53,49.8V,0.0A,0.0A,0.0A,10.9A,19.9 deg.C,0.0 deg.C,17Ah,Float
2026-06-25 18:30:53,49.7V,0.0A,0.0A,0.0A,11.0A,20.0 deg.C,0.0 deg.C,15Ah,Float
2026-06-25 18:20:53,49.6V,0.0A,0.0A,0.0A,10.6A,20.0 deg.C,0.0 deg.C,13Ah,Float
2026-06-25 18:10:53,49.6V,0.0A,0.0A,0.0A,14.0A,20.1 deg.C,0.0 deg.C,11Ah,Float
2026-06-25 18:00:53,49.4V,0.0A,0.0A,0.0A,8.8A,20.1 deg.C,0.0 deg.C,9Ah,Float
2026-06-25 17:50:53,49.4V,0.0A,0.0A,0.0A,9.4A,20.2 deg.C,0.0 deg.C,8Ah,Float
2026-06-25 17:40:53,49.4V,0.0A,0.0A,0.0A,14.5A,20.2 deg.C,0.0 deg.C,6Ah,Float
2026-06-25 17:30:53,49.2V,0.0A,0.0A,0.0A,8.5A,20.3 deg.C,0.0 deg.C,4Ah,Float
2026-06-25 17:20:53,49.1V,0.0A,0.0A,0.0A,8.8A,20.4 deg.C,0.0 deg.C,3Ah,Float
2026-06-25 17:10:53,49.0V,0.0A,0.0A,0.0A,6.0A,20.5 deg.C,0.0 deg.C,2Ah,Float
2026-06-25 17:00:53,49.0V,0.0A,0.0A,0.0A,6.0A,20.7 deg.C,0.0 deg.C,2Ah,Float
2026-06-25 16:50:53,49.0V,0.0A,0.0A,0.0A,7.7A,20.9 deg.C,0.0 deg.C,1Ah,Float
2026-06-25 16:40:53,48.9V,0.0A,0.0A,0.0A,6.4A,21.1 deg.C,0.0 deg.C,0Ah,Float
2026-06-25 16:30:53,48.9V,0.0A,0.0A,0.0A,0.0A,21.4 deg.C,0.0 deg.C,0Ah,Float
2026-06-25 16:20:53,48.9V,0.0A,0.0A,0.0A,5.6A,21.6 deg.C,0.0 deg.C,0Ah,Float
2026-06-25 16:10:53,48.9V,0.0A,0.0A,0.0A,0.0A,21.9 deg.C,0.0 deg.C,0Ah,Float
2026-06-25 16:00:53,48.9V,0.0A,0.0A,0.0A,0.0A,22.1 deg.C,0.0 deg.C,0Ah,Float
2026-06-25 15:50:53,48.9V,0.0A,0.0A,0.0A,0.0A,22.1 deg.C,0.0 deg.C,0Ah,Float
2026-06-25 15:40:53,48.8V,0.0A,0.0A,0.0A,0.0A,22.2 deg.C,0.0 deg.C,0Ah,Float
2026-06-25 15:30:53,48.9V,0.0A,0.0A,0.0A,0.0A,22.2 deg.C,0.0 deg.C,0Ah,Float
2026-06-25 15:20:53,48.9V,0.0A,0.0A,0.0A,5.1A,22.3 deg.C,0.0 deg.C,0Ah,Float
2026-06-25 15:10:53,48.9V,0.0A,0.0A,0.0A,0.0A,22.5 deg.C,0.0 deg.C,0Ah,Float
2026-06-25 15:00:53,48.9V,0.0A,0.0A,0.0A,0.0A,22.5 deg.C,0.0 deg.C,0Ah,Float
2026-06-25 14:50:53,49.0V,0.0A,0.0A,0.0A,0.0A,22.6 deg.C,0.0 deg.C,0Ah,Float
2026-06-25 14:40:53,49.0V,0.0A,0.0A,0.0A,0.0A,22.6 deg.C,0.0 deg.C,0Ah,Float
2026-06-25 14:30:53,49.0V,0.0A,0.0A,0.0A,6.2A,22.7 deg.C,0.0 deg.C,0Ah,Float
2026-06-25 14:20:53,49.0V,0.0A,0.0A,0.0A,0.0A,22.7 deg.C,0.0 deg.C,0Ah,Float
2026-06-25 14:10:53,49.0V,0.0A,0.0A,0.0A,0.0A,22.7 deg.C,0.0 deg.C,0Ah,Float
2026-06-25 14:00:53,49.1V,0.0A,0.0A,0.0A,5.5A,22.6 deg.C,0.0 deg.C,0Ah,Float
2026-06-25 13:50:53,49.1V,0.0A,0.0A,0.0A,0.0A,22.6 deg.C,0.0 deg.C,0Ah,Float
2026-06-25 13:40:53,49.2V,0.0A,0.0A,0.0A,0.0A,22.6 deg.C,0.0 deg.C,0Ah,Float
2026-06-25 13:30:53,49.2V,0.0A,0.0A,0.0A,0.0A,22.5 deg.C,0.0 deg.C,0Ah,Float
2026-06-25 13:20:53,49.3V,0.0A,0.0A,0.0A,5.6A,22.5 deg.C,0.0 deg.C,1Ah,Float
2026-06-25 13:10:53,49.2V,0.0A,0.0A,0.0A,5.4A,22.4 deg.C,0.0 deg.C,0Ah,Float
2026-06-25 13:00:53,48.5V,0.0A,0.0A,55.6A,-57.1A,22.3 deg.C,0.0 deg.C,0Ah,Discharge
2026-06-25 12:50:53,49.3V,0.0A,0.0A,0.0A,5.2A,22.2 deg.C,0.0 deg.C,0Ah,Float
2026-06-25 12:40:53,48.5V,0.0A,0.0A,55.6A,-55.3A,22.1 deg.C,0.0 deg.C,0Ah,Discharge
2026-06-25 12:30:53,49.3V,0.0A,0.0A,0.0A,0.0A,21.9 deg.C,0.0 deg.C,1Ah,Float
2026-06-25 12:20:53,48.6V,0.0A,0.0A,55.5A,-58.1A,21.9 deg.C,0.0 deg.C,4Ah,Discharge
2026-06-25 12:10:53,49.6V,0.0A,0.0A,0.0A,6.7A,21.8 deg.C,0.0 deg.C,8Ah,Float
2026-06-25 12:00:53,49.6V,0.0A,0.0A,0.0A,7.2A,21.7 deg.C,0.0 deg.C,7Ah,Float
2026-06-25 11:50:53,49.5V,0.0A,0.0A,0.0A,7.4A,21.5 deg.C,0.0 deg.C,6Ah,Float
2026-06-25 11:40:53,49.5V,0.0A,0.0A,0.0A,6.6A,21.4 deg.C,0.0 deg.C,4Ah,Float
2026-06-25 11:30:53,49.4V,0.0A,0.0A,0.0A,8.0A,21.4 deg.C,0.0 deg.C,3Ah,Float
2026-06-25 11:20:53,49.4V,0.0A,0.0A,0.0A,9.4A,21.4 deg.C,0.0 deg.C,2Ah,Float
2026-06-25 11:10:53,49.3V,0.0A,0.0A,0.0A,10.2A,21.2 deg.C,0.0 deg.C,0Ah,Float
2026-06-25 11:00:53,48.6V,0.0A,0.0A,51.3A,-51.8A,21.0 deg.C,0.0 deg.C,4Ah,Discharge
2026-06-25 10:50:53,48.9V,0.0A,0.0A,49.0A,-49.4A,20.8 deg.C,0.0 deg.C,12Ah,Discharge
2026-06-25 10:40:53,49.2V,0.0A,0.0A,49.7A,-49.0A,20.9 deg.C,0.0 deg.C,21Ah,Discharge
2026-06-25 10:30:53,49.4V,0.0A,0.0A,49.5A,-50.5A,21.5 deg.C,0.0 deg.C,29Ah,Discharge
2026-06-25 10:20:53,49.5V,0.0A,0.0A,53.5A,-55.0A,22.7 deg.C,0.0 deg.C,37Ah,Discharge
2026-06-25 10:10:53,49.8V,0.0A,0.0A,52.0A,-50.0A,24.1 deg.C,0.0 deg.C,46Ah,Discharge
2026-06-25 10:00:53,50.0V,0.0A,0.0A,46.6A,-47.3A,23.7 deg.C,0.0 deg.C,54Ah,Discharge
2026-06-25 09:50:53,50.2V,0.0A,0.0A,51.7A,-48.4A,23.3 deg.C,0.0 deg.C,61Ah,Discharge
2026-06-25 09:40:53,50.4V,0.0A,0.0A,44.9A,-45.9A,23.0 deg.C,0.0 deg.C,69Ah,Discharge
2026-06-25 09:30:53,50.5V,0.0A,0.0A,44.5A,-45.9A,22.8 deg.C,0.0 deg.C,77Ah,Discharge
2026-06-25 09:20:53,50.7V,0.0A,0.0A,41.0A,-40.9A,22.6 deg.C,0.0 deg.C,85Ah,Discharge
2026-06-25 09:10:53,50.9V,0.0A,0.0A,44.2A,-44.5A,22.4 deg.C,0.0 deg.C,92Ah,Discharge
2026-06-25 09:00:53,51.0V,0.0A,0.0A,45.0A,-45.2A,22.2 deg.C,0.0 deg.C,100Ah,Discharge
2026-06-25 08:50:53,51.2V,0.0A,0.0A,45.9A,-45.5A,22.1 deg.C,0.0 deg.C,107Ah,Discharge
2026-06-25 08:40:53,51.5V,0.0A,0.0A,43.8A,-44.1A,22.2 deg.C,0.0 deg.C,115Ah,Discharge
2026-06-25 08:30:53,52.3V,0.0A,0.0A,0.0A,11.9A,22.1 deg.C,0.0 deg.C,117Ah,Float
2026-06-25 08:20:53,52.3V,0.0A,0.0A,0.0A,13.2A,21.9 deg.C,0.0 deg.C,115Ah,Float
2026-06-25 08:10:53,52.3V,0.0A,0.0A,0.0A,16.7A,21.6 deg.C,0.0 deg.C,113Ah,Float
2026-06-25 08:00:53,52.2V,0.0A,0.0A,0.0A,13.8A,21.6 deg.C,0.0 deg.C,110Ah,Float
2026-06-25 07:50:53,52.1V,0.0A,0.0A,0.0A,15.1A,21.5 deg.C,0.0 deg.C,108Ah,Float
2026-06-25 07:40:53,52.1V,0.0A,0.0A,0.0A,16.1A,21.5 deg.C,0.0 deg.C,105Ah,Float
2026-06-25 07:30:53,52.0V,0.0A,0.0A,0.0A,14.3A,21.3 deg.C,0.0 deg.C,102Ah,Float
2026-06-25 07:20:53,51.9V,0.0A,0.0A,0.0A,13.4A,21.2 deg.C,0.0 deg.C,100Ah,Float
2026-06-25 07:10:53,51.9V,0.0A,0.0A,0.0A,11.8A,21.2 deg.C,0.0 deg.C,98Ah,Float
2026-06-25 07:00:53,51.9V,0.0A,0.0A,0.0A,16.0A,21.2 deg.C,0.0 deg.C,96Ah,Float
2026-06-25 06:50:53,51.8V,0.0A,0.0A,0.0A,16.2A,21.4 deg.C,0.0 deg.C,93Ah,Float
2026-06-25 06:40:53,51.8V,0.0A,0.0A,0.0A,16.4A,21.4 deg.C,0.0 deg.C,90Ah,Float
2026-06-25 06:30:53,51.7V,0.0A,0.0A,0.0A,11.9A,21.3 deg.C,0.0 deg.C,88Ah,Float
2026-06-25 06:20:53,51.7V,0.0A,0.0A,0.0A,16.2A,21.3 deg.C,0.0 deg.C,86Ah,Float
2026-06-25 06:10:53,51.6V,0.0A,0.0A,0.0A,15.8A,21.4 deg.C,0.0 deg.C,83Ah,Float
2026-06-25 06:00:53,51.6V,0.0A,0.0A,0.0A,16.8A,21.4 deg.C,0.0 deg.C,80Ah,Float
2026-06-25 05:50:53,51.5V,0.0A,0.0A,0.0A,12.3A,21.5 deg.C,0.0 deg.C,78Ah,Float
2026-06-25 05:40:53,51.5V,0.0A,0.0A,0.0A,15.3A,21.4 deg.C,0.0 deg.C,75Ah,Float
2026-06-25 05:30:53,51.5V,0.0A,0.0A,0.0A,16.0A,21.5 deg.C,0.0 deg.C,73Ah,Float
2026-06-25 05:20:53,51.4V,0.0A,0.0A,0.0A,17.4A,21.4 deg.C,0.0 deg.C,70Ah,Float
2026-06-25 05:10:53,51.4V,0.0A,0.0A,0.0A,17.1A,21.4 deg.C,0.0 deg.C,67Ah,Float
2026-06-25 05:00:53,51.3V,0.0A,0.0A,0.0A,13.5A,21.5 deg.C,0.0 deg.C,65Ah,Float
2026-06-25 04:50:53,51.3V,0.0A,0.0A,0.0A,17.0A,21.5 deg.C,0.0 deg.C,62Ah,Float
2026-06-25 04:40:53,51.2V,0.0A,0.0A,0.0A,17.5A,21.5 deg.C,0.0 deg.C,59Ah,Float
2026-06-25 04:30:53,51.1V,0.0A,0.0A,0.0A,17.5A,21.5 deg.C,0.0 deg.C,56Ah,Float
2026-06-25 04:20:53,51.1V,0.0A,0.0A,0.0A,13.6A,21.5 deg.C,0.0 deg.C,54Ah,Float
2026-06-25 04:10:53,51.0V,0.0A,0.0A,0.0A,17.1A,21.3 deg.C,0.0 deg.C,51Ah,Float
2026-06-25 04:00:53,51.0V,0.0A,0.0A,0.0A,17.4A,21.2 deg.C,0.0 deg.C,49Ah,Float
2026-06-25 03:50:53,50.9V,0.0A,0.0A,0.0A,13.4A,21.1 deg.C,0.0 deg.C,46Ah,Float
2026-06-25 03:40:53,50.8V,0.0A,0.0A,0.0A,17.3A,21.0 deg.C,0.0 deg.C,43Ah,Float
2026-06-25 03:30:53,50.8V,0.0A,0.0A,0.0A,16.5A,20.7 deg.C,0.0 deg.C,41Ah,Float
2026-06-25 03:20:53,50.7V,0.0A,0.0A,0.0A,17.1A,20.3 deg.C,0.0 deg.C,38Ah,Float
2026-06-25 03:10:53,50.6V,0.0A,0.0A,0.0A,13.3A,19.5 deg.C,0.0 deg.C,35Ah,Float
2026-06-25 03:00:53,50.5V,0.0A,0.0A,0.0A,17.4A,18.7 deg.C,0.0 deg.C,33Ah,Float
2026-06-25 02:50:53,50.5V,0.0A,0.0A,0.0A,15.3A,19.3 deg.C,0.0 deg.C,30Ah,Float
2026-06-25 02:40:53,50.3V,0.0A,0.0A,0.0A,10.3A,20.6 deg.C,0.0 deg.C,28Ah,Float
2026-06-25 02:30:53,50.3V,0.0A,0.0A,0.0A,16.3A,21.9 deg.C,0.0 deg.C,26Ah,Float
2026-06-25 02:20:53,50.2V,0.0A,0.0A,0.0A,16.5A,21.7 deg.C,0.0 deg.C,23Ah,Float
2026-06-25 02:10:53,50.1V,0.0A,0.0A,0.0A,11.1A,21.6 deg.C,0.0 deg.C,21Ah,Float
2026-06-25 02:00:53,50.0V,0.0A,0.0A,0.0A,9.8A,21.3 deg.C,0.0 deg.C,19Ah,Float
2026-06-25 01:50:53,50.0V,0.0A,0.0A,0.0A,16.5A,20.9 deg.C,0.0 deg.C,16Ah,Float
2026-06-25 01:40:53,49.9V,0.0A,0.0A,0.0A,16.5A,20.3 deg.C,0.0 deg.C,13Ah,Float
2026-06-25 01:30:53,49.7V,0.0A,0.0A,0.0A,9.9A,19.4 deg.C,0.0 deg.C,11Ah,Float
2026-06-25 01:20:53,49.7V,0.0A,0.0A,0.0A,13.9A,18.9 deg.C,0.0 deg.C,9Ah,Float
2026-06-25 01:10:53,49.6V,0.0A,0.0A,0.0A,13.7A,19.1 deg.C,0.0 deg.C,7Ah,Float
2026-06-25 01:00:53,49.4V,0.0A,0.0A,0.0A,7.5A,19.5 deg.C,0.0 deg.C,6Ah,Float
2026-06-25 00:50:53,49.4V,0.0A,0.0A,0.0A,10.8A,20.3 deg.C,0.0 deg.C,4Ah,Float
2026-06-25 00:40:53,49.3V,0.0A,0.0A,0.0A,9.3A,22.0 deg.C,0.0 deg.C,3Ah,Float
2026-06-25 00:30:53,48.4V,0.0A,0.0A,59.7A,-58.0A,22.0 deg.C,0.0 deg.C,3Ah,Discharge
2026-06-25 00:20:53,49.3V,0.0A,0.0A,0.0A,10.6A,21.6 deg.C,0.0 deg.C,3Ah,Float
2026-06-25 00:10:53,49.2V,0.0A,0.0A,0.0A,9.2A,21.1 deg.C,0.0 deg.C,1Ah,Float
2026-06-25 00:00:53,49.1V,0.0A,0.0A,0.0A,6.8A,20.3 deg.C,0.0 deg.C,0Ah,Float
2026-06-24 23:50:53,49.1V,0.0A,0.0A,0.0A,10.1A,19.4 deg.C,0.0 deg.C,0Ah,Float
2026-06-24 23:40:53,49.1V,0.0A,0.0A,0.0A,7.2A,19.5 deg.C,0.0 deg.C,0Ah,Float
2026-06-24 23:30:53,49.2V,0.0A,0.0A,0.0A,0.0A,19.9 deg.C,0.0 deg.C,3Ah,Float
2026-06-24 23:20:53,49.3V,0.0A,0.0A,0.0A,7.9A,20.4 deg.C,0.0 deg.C,4Ah,Float
2026-06-24 23:10:53,49.2V,0.0A,0.0A,0.0A,7.1A,21.7 deg.C,0.0 deg.C,2Ah,Float
2026-06-24 23:00:53,49.2V,0.0A,0.0A,0.0A,7.6A,21.7 deg.C,0.0 deg.C,3Ah,Float
2026-06-24 22:50:53,49.2V,0.0A,0.0A,0.0A,10.0A,20.9 deg.C,0.0 deg.C,1Ah,Float
2026-06-24 22:40:53,49.1V,0.0A,0.0A,0.0A,10.7A,19.9 deg.C,0.0 deg.C,0Ah,Float
2026-06-24 22:30:53,49.1V,0.0A,0.0A,0.0A,0.0A,19.5 deg.C,0.0 deg.C,1Ah,Float
2026-06-24 22:20:53,49.2V,0.0A,0.0A,0.0A,7.6A,19.6 deg.C,0.0 deg.C,1Ah,Float
2026-06-24 22:10:53,49.0V,0.0A,0.0A,0.0A,5.1A,19.7 deg.C,0.0 deg.C,0Ah,Float
2026-06-24 22:00:53,49.0V,0.0A,0.0A,0.0A,0.0A,19.9 deg.C,0.0 deg.C,0Ah,Float
2026-06-24 21:50:53,49.1V,0.0A,0.0A,0.0A,8.1A,20.0 deg.C,0.0 deg.C,1Ah,Float
2026-06-24 21:40:53,49.0V,0.0A,0.0A,0.0A,6.1A,20.0 deg.C,0.0 deg.C,0Ah,Float
2026-06-24 21:30:53,48.3V,0.0A,0.0A,65.1A,-58.7A,20.1 deg.C,0.0 deg.C,1Ah,Discharge
2026-06-24 21:20:53,49.1V,0.0A,0.0A,0.0A,6.8A,20.2 deg.C,0.0 deg.C,0Ah,Float
2026-06-24 21:10:53,49.0V,0.0A,0.0A,0.0A,0.0A,20.3 deg.C,0.0 deg.C,1Ah,Float
2026-06-24 21:00:53,49.0V,0.0A,0.0A,0.0A,0.0A,20.4 deg.C,0.0 deg.C,2Ah,Float
2026-06-24 20:50:53,49.2V,0.0A,0.0A,0.0A,8.9A,20.5 deg.C,0.0 deg.C,3Ah,Float
2026-06-24 20:40:53,49.2V,0.0A,0.0A,0.0A,0.0A,20.8 deg.C,0.0 deg.C,4Ah,Float
2026-06-24 20:30:53,49.3V,0.0A,0.0A,0.0A,8.1A,21.5 deg.C,0.0 deg.C,6Ah,Float
2026-06-24 20:20:53,49.2V,0.0A,0.0A,0.0A,7.0A,22.4 deg.C,0.0 deg.C,4Ah,Float
2026-06-24 20:10:53,49.2V,0.0A,0.0A,0.0A,5.7A,21.6 deg.C,0.0 deg.C,5Ah,Float
2026-06-24 20:00:53,48.7V,0.0A,0.0A,48.1A,-49.4A,20.8 deg.C,0.0 deg.C,11Ah,Discharge
2026-06-24 19:50:53,49.1V,0.0A,0.0A,53.6A,-54.6A,20.2 deg.C,0.0 deg.C,19Ah,Discharge
2026-06-24 19:40:53,49.9V,0.0A,0.0A,0.0A,7.4A,20.1 deg.C,0.0 deg.C,20Ah,Float
2026-06-24 19:30:53,49.9V,0.0A,0.0A,0.0A,10.7A,20.1 deg.C,0.0 deg.C,18Ah,Float
2026-06-24 19:20:53,49.8V,0.0A,0.0A,0.0A,8.9A,20.1 deg.C,0.0 deg.C,17Ah,Float
2026-06-24 19:10:53,49.8V,0.0A,0.0A,0.0A,11.2A,20.1 deg.C,0.0 deg.C,15Ah,Float
2026-06-24 19:00:53,49.7V,0.0A,0.0A,0.0A,10.6A,20.1 deg.C,0.0 deg.C,13Ah,Float
2026-06-24 18:50:53,49.6V,0.0A,0.0A,0.0A,9.7A,20.2 deg.C,0.0 deg.C,11Ah,Float
2026-06-24 18:40:53,49.6V,0.0A,0.0A,0.0A,14.9A,20.2 deg.C,0.0 deg.C,9Ah,Float
2026-06-24 18:30:53,49.4V,0.0A,0.0A,0.0A,8.0A,20.3 deg.C,0.0 deg.C,7Ah,Float
2026-06-24 18:20:53,49.3V,0.0A,0.0A,0.0A,7.7A,20.3 deg.C,0.0 deg.C,6Ah,Float
2026-06-24 18:10:53,49.3V,0.0A,0.0A,0.0A,7.5A,20.4 deg.C,0.0 deg.C,5Ah,Float
2026-06-24 18:00:53,49.2V,0.0A,0.0A,0.0A,6.9A,20.5 deg.C,0.0 deg.C,3Ah,Float
2026-06-24 17:50:53,49.2V,0.0A,0.0A,0.0A,7.2A,20.7 deg.C,0.0 deg.C,4Ah,Float
2026-06-24 17:40:53,49.1V,0.0A,0.0A,0.0A,9.1A,20.8 deg.C,0.0 deg.C,2Ah,Discharge
2026-06-24 17:30:53,49.1V,0.0A,0.0A,0.0A,5.5A,21.0 deg.C,0.0 deg.C,3Ah,Float
2026-06-24 17:20:53,49.1V,0.0A,0.0A,0.0A,6.0A,21.2 deg.C,0.0 deg.C,2Ah,Float
2026-06-24 17:10:53,49.0V,0.0A,0.0A,0.0A,5.7A,21.3 deg.C,0.0 deg.C,1Ah,Float
2026-06-24 17:00:53,49.1V,0.0A,0.0A,0.0A,6.6A,21.4 deg.C,0.0 deg.C,1Ah,Float
2026-06-24 16:50:53,49.0V,0.0A,0.0A,0.0A,5.6A,21.5 deg.C,0.0 deg.C,0Ah,Float
2026-06-24 16:40:53,48.3V,0.0A,0.0A,55.8A,-54.5A,21.6 deg.C,0.0 deg.C,0Ah,Float
2026-06-24 16:30:53,49.0V,0.0A,0.0A,0.0A,0.0A,21.7 deg.C,0.0 deg.C,0Ah,Float
2026-06-24 16:20:53,49.0V,0.0A,0.0A,0.0A,0.0A,21.8 deg.C,0.0 deg.C,0Ah,Float
2026-06-24 16:10:53,49.0V,0.0A,0.0A,0.0A,0.0A,21.9 deg.C,0.0 deg.C,0Ah,Float
2026-06-24 16:00:53,49.0V,0.0A,0.0A,0.0A,5.3A,22.1 deg.C,0.0 deg.C,0Ah,Float
2026-06-24 15:50:53,49.0V,0.0A,0.0A,0.0A,5.7A,22.2 deg.C,0.0 deg.C,0Ah,Float
2026-06-24 15:40:53,48.3V,0.0A,0.0A,56.8A,-56.7A,22.4 deg.C,0.0 deg.C,0Ah,Discharge
2026-06-24 15:30:53,49.1V,0.0A,0.0A,0.0A,0.0A,22.6 deg.C,0.0 deg.C,0Ah,Float
2026-06-24 15:20:53,49.0V,0.0A,0.0A,0.0A,0.0A,22.7 deg.C,0.0 deg.C,0Ah,Float
2026-06-24 15:10:53,49.0V,0.0A,0.0A,0.0A,-1.1A,22.8 deg.C,0.0 deg.C,0Ah,Float
2026-06-24 15:00:53,49.1V,0.0A,0.0A,0.0A,0.0A,22.9 deg.C,0.0 deg.C,0Ah,Float
2026-06-24 14:50:53,49.2V,0.0A,0.0A,0.0A,0.0A,22.9 deg.C,0.0 deg.C,0Ah,Float
2026-06-24 14:40:53,49.3V,0.0A,0.0A,0.0A,0.0A,23.0 deg.C,0.0 deg.C,2Ah,Float
2026-06-24 14:30:53,49.3V,0.0A,0.0A,0.0A,5.4A,23.0 deg.C,0.0 deg.C,1Ah,Float
2026-06-24 14:20:53,49.2V,0.0A,0.0A,0.0A,0.0A,23.0 deg.C,0.0 deg.C,0Ah,Float
2026-06-24 14:10:53,48.5V,0.0A,0.0A,57.0A,-53.1A,22.9 deg.C,0.0 deg.C,0Ah,Float
2026-06-24 14:00:53,49.2V,0.0A,0.0A,0.0A,0.0A,22.8 deg.C,0.0 deg.C,0Ah,Float
2026-06-24 13:50:53,49.2V,0.0A,0.0A,0.0A,6.2A,22.7 deg.C,0.0 deg.C,0Ah,Float
2026-06-24 13:40:53,48.5V,0.0A,0.0A,55.6A,-55.3A,22.6 deg.C,0.0 deg.C,0Ah,Discharge
2026-06-24 13:30:53,49.2V,0.0A,0.0A,0.0A,5.2A,22.6 deg.C,0.0 deg.C,0Ah,Float
2026-06-24 13:20:53,49.2V,0.0A,0.0A,0.0A,5.1A,22.5 deg.C,0.0 deg.C,0Ah,Float
2026-06-24 13:10:53,49.3V,0.0A,0.0A,0.0A,5.8A,22.6 deg.C,0.0 deg.C,0Ah,Float
2026-06-24 13:00:53,48.6V,0.0A,0.0A,58.1A,-54.9A,22.7 deg.C,0.0 deg.C,1Ah,Discharge
2026-06-24 12:50:53,49.4V,0.0A,0.0A,0.0A,6.3A,22.8 deg.C,0.0 deg.C,2Ah,Float
2026-06-24 12:40:53,49.3V,0.0A,0.0A,0.0A,0.0A,22.7 deg.C,0.0 deg.C,1Ah,Float
2026-06-24 12:30:53,49.3V,0.0A,0.0A,0.0A,7.4A,22.6 deg.C,0.0 deg.C,0Ah,Float
2026-06-24 12:20:53,48.6V,0.0A,0.0A,51.8A,-52.5A,22.6 deg.C,0.0 deg.C,2Ah,Discharge
2026-06-24 12:10:53,48.9V,0.0A,0.0A,51.9A,-51.7A,22.3 deg.C,0.0 deg.C,11Ah,Discharge
2026-06-24 12:00:53,49.2V,0.0A,0.0A,48.3A,-45.8A,22.1 deg.C,0.0 deg.C,19Ah,Discharge
2026-06-24 11:50:53,49.4V,0.0A,0.0A,45.5A,-44.5A,21.9 deg.C,0.0 deg.C,26Ah,Discharge
2026-06-24 11:40:53,49.6V,0.0A,0.0A,44.7A,-44.4A,21.6 deg.C,0.0 deg.C,33Ah,Discharge
2026-06-24 11:30:53,49.7V,0.0A,0.0A,43.8A,-44.9A,21.3 deg.C,0.0 deg.C,41Ah,Discharge
2026-06-24 11:20:53,49.9V,0.0A,0.0A,47.5A,-47.1A,21.1 deg.C,0.0 deg.C,49Ah,Discharge
2026-06-24 11:10:53,50.1V,0.0A,0.0A,41.1A,-41.8A,20.8 deg.C,0.0 deg.C,56Ah,Discharge
2026-06-24 11:00:53,50.3V,0.0A,0.0A,41.6A,-42.0A,20.7 deg.C,0.0 deg.C,63Ah,Discharge
2026-06-24 10:50:53,50.4V,0.0A,0.0A,46.5A,-44.0A,20.6 deg.C,0.0 deg.C,70Ah,Discharge
2026-06-24 10:40:53,50.6V,0.0A,0.0A,42.0A,-43.2A,20.9 deg.C,0.0 deg.C,77Ah,Discharge
2026-06-24 10:30:53,50.7V,0.0A,0.0A,42.8A,-43.2A,21.6 deg.C,0.0 deg.C,85Ah,Discharge
2026-06-24 10:20:53,50.9V,0.0A,0.0A,43.7A,-44.4A,23.3 deg.C,0.0 deg.C,92Ah,Discharge
2026-06-24 10:10:53,51.1V,0.0A,0.0A,40.8A,-40.2A,24.2 deg.C,0.0 deg.C,99Ah,Discharge
2026-06-24 10:00:53,51.2V,0.0A,0.0A,41.5A,-41.3A,23.9 deg.C,0.0 deg.C,106Ah,Discharge
2026-06-24 09:50:53,51.4V,0.0A,0.0A,40.8A,-39.2A,23.6 deg.C,0.0 deg.C,113Ah,Discharge
2026-06-24 09:40:53,51.6V,0.0A,0.0A,38.0A,-39.0A,23.3 deg.C,0.0 deg.C,119Ah,Discharge
2026-06-24 09:30:53,51.8V,0.0A,0.0A,38.3A,-40.4A,23.0 deg.C,0.0 deg.C,126Ah,Discharge
2026-06-24 09:20:53,51.9V,0.0A,0.0A,38.2A,-41.4A,22.7 deg.C,0.0 deg.C,132Ah,Discharge
2026-06-24 09:10:53,52.1V,0.0A,0.0A,39.8A,-39.1A,22.5 deg.C,0.0 deg.C,138Ah,Discharge
2026-06-24 09:00:53,52.2V,0.0A,0.0A,37.7A,-38.9A,22.4 deg.C,0.0 deg.C,145Ah,Discharge
2026-06-24 08:50:53,52.4V,0.0A,0.0A,33.0A,-33.9A,22.3 deg.C,0.0 deg.C,151Ah,Discharge
2026-06-24 08:40:53,52.6V,0.0A,0.0A,37.3A,-37.7A,22.4 deg.C,0.0 deg.C,157Ah,Discharge
2026-06-24 08:30:53,53.6V,0.0A,0.0A,0.0A,22.4A,22.4 deg.C,0.0 deg.C,162Ah,Float
2026-06-24 08:20:53,53.4V,0.0A,0.0A,0.0A,17.0A,22.1 deg.C,0.0 deg.C,159Ah,Float
2026-06-24 08:10:53,53.4V,0.0A,0.0A,0.0A,18.5A,22.1 deg.C,0.0 deg.C,156Ah,Float
2026-06-24 08:00:53,53.4V,0.0A,0.0A,0.0A,23.0A,22.0 deg.C,0.0 deg.C,152Ah,Float
2026-06-24 07:50:53,53.2V,0.0A,0.0A,0.0A,20.0A,21.8 deg.C,0.0 deg.C,149Ah,Float
2026-06-24 07:40:53,53.1V,0.0A,0.0A,0.0A,19.1A,21.8 deg.C,0.0 deg.C,145Ah,Float
2026-06-24 07:30:53,53.1V,0.0A,0.0A,0.0A,20.5A,21.5 deg.C,0.0 deg.C,142Ah,Float
2026-06-24 07:20:53,53.0V,0.0A,0.0A,0.0A,21.4A,21.3 deg.C,0.0 deg.C,138Ah,Float
2026-06-24 07:10:53,52.9V,0.0A,0.0A,0.0A,21.3A,21.0 deg.C,0.0 deg.C,135Ah,Float
2026-06-24 07:00:53,52.8V,0.0A,0.0A,0.0A,16.3A,20.6 deg.C,0.0 deg.C,132Ah,Float
2026-06-24 06:50:53,52.8V,0.0A,0.0A,0.0A,21.0A,20.0 deg.C,0.0 deg.C,129Ah,Float
2026-06-24 06:40:53,52.7V,0.0A,0.0A,0.0A,21.8A,19.5 deg.C,0.0 deg.C,125Ah,Float
2026-06-24 06:30:53,52.6V,0.0A,0.0A,0.0A,20.0A,21.0 deg.C,0.0 deg.C,122Ah,Float
2026-06-24 06:20:53,52.5V,0.0A,0.0A,0.0A,16.7A,22.3 deg.C,0.0 deg.C,119Ah,Float
2026-06-24 06:10:53,52.4V,0.0A,0.0A,0.0A,21.3A,22.4 deg.C,0.0 deg.C,115Ah,Float
2026-06-24 06:00:53,52.3V,0.0A,0.0A,0.0A,22.7A,22.3 deg.C,0.0 deg.C,112Ah,Float
2026-06-24 05:50:53,52.3V,0.0A,0.0A,0.0A,22.0A,22.3 deg.C,0.0 deg.C,108Ah,Float
2026-06-24 05:40:53,52.1V,0.0A,0.0A,0.0A,18.8A,22.3 deg.C,0.0 deg.C,105Ah,Float
2026-06-24 05:30:53,52.1V,0.0A,0.0A,0.0A,22.8A,22.2 deg.C,0.0 deg.C,101Ah,Float
2026-06-24 05:20:53,52.0V,0.0A,0.0A,0.0A,21.6A,22.1 deg.C,0.0 deg.C,98Ah,Float
2026-06-24 05:10:53,51.9V,0.0A,0.0A,0.0A,18.5A,21.9 deg.C,0.0 deg.C,94Ah,Float
2026-06-24 05:00:53,51.9V,0.0A,0.0A,0.0A,22.9A,21.7 deg.C,0.0 deg.C,91Ah,Float
2026-06-24 04:50:53,51.8V,0.0A,0.0A,0.0A,22.0A,21.4 deg.C,0.0 deg.C,87Ah,Float
2026-06-24 04:40:53,51.7V,0.0A,0.0A,0.0A,18.5A,21.1 deg.C,0.0 deg.C,83Ah,Float
2026-06-24 04:30:53,51.7V,0.0A,0.0A,0.0A,23.4A,20.6 deg.C,0.0 deg.C,80Ah,Float
2026-06-24 04:20:53,51.6V,0.0A,0.0A,0.0A,22.8A,20.0 deg.C,0.0 deg.C,76Ah,Float
2026-06-24 04:10:53,51.6V,0.0A,0.0A,0.0A,23.4A,19.0 deg.C,0.0 deg.C,73Ah,Float
2026-06-24 04:00:53,51.4V,0.0A,0.0A,0.0A,17.3A,19.9 deg.C,0.0 deg.C,69Ah,Float
2026-06-24 03:50:53,51.4V,0.0A,0.0A,0.0A,19.1A,22.0 deg.C,0.0 deg.C,66Ah,Float
2026-06-24 03:40:53,51.4V,0.0A,0.0A,0.0A,22.9A,22.1 deg.C,0.0 deg.C,62Ah,Float
2026-06-24 03:30:53,51.3V,0.0A,0.0A,0.0A,18.4A,21.9 deg.C,0.0 deg.C,59Ah,Float
2026-06-24 03:20:53,51.2V,0.0A,0.0A,0.0A,22.8A,21.7 deg.C,0.0 deg.C,56Ah,Float
2026-06-24 03:10:53,51.2V,0.0A,0.0A,0.0A,23.1A,21.5 deg.C,0.0 deg.C,52Ah,Float
2026-06-24 03:00:53,51.0V,0.0A,0.0A,0.0A,19.1A,21.3 deg.C,0.0 deg.C,48Ah,Float
2026-06-24 02:50:53,51.0V,0.0A,0.0A,0.0A,21.9A,21.0 deg.C,0.0 deg.C,45Ah,Float
2026-06-24 02:40:53,50.9V,0.0A,0.0A,0.0A,21.9A,20.4 deg.C,0.0 deg.C,41Ah,Float
2026-06-24 02:30:53,50.7V,0.0A,0.0A,0.0A,18.1A,19.7 deg.C,0.0 deg.C,38Ah,Float
2026-06-24 02:20:53,50.7V,0.0A,0.0A,0.0A,21.5A,19.2 deg.C,0.0 deg.C,35Ah,Float
2026-06-24 02:10:53,50.6V,0.0A,0.0A,0.0A,21.2A,20.2 deg.C,0.0 deg.C,31Ah,Float
2026-06-24 02:00:53,50.4V,0.0A,0.0A,0.0A,18.3A,22.2 deg.C,0.0 deg.C,28Ah,Float
2026-06-24 01:50:53,50.4V,0.0A,0.0A,0.0A,18.5A,22.2 deg.C,0.0 deg.C,25Ah,Float
2026-06-24 01:40:53,50.3V,0.0A,0.0A,0.0A,22.5A,22.1 deg.C,0.0 deg.C,21Ah,Float
2026-06-24 01:30:53,50.1V,0.0A,0.0A,0.0A,19.7A,22.0 deg.C,0.0 deg.C,18Ah,Float
2026-06-24 01:20:53,50.0V,0.0A,0.0A,0.0A,17.3A,21.8 deg.C,0.0 deg.C,15Ah,Float
2026-06-24 01:10:53,49.9V,0.0A,0.0A,0.0A,20.3A,21.6 deg.C,0.0 deg.C,12Ah,Float
2026-06-24 01:00:53,49.7V,0.0A,0.0A,0.0A,18.9A,21.3 deg.C,0.0 deg.C,9Ah,Float
2026-06-24 00:50:53,49.5V,0.0A,0.0A,0.0A,14.5A,21.0 deg.C,0.0 deg.C,6Ah,Float
2026-06-24 00:40:53,49.4V,0.0A,0.0A,0.0A,15.2A,20.7 deg.C,0.0 deg.C,3Ah,Float
2026-06-24 00:30:53,49.3V,0.0A,0.0A,0.0A,19.5A,20.4 deg.C,0.0 deg.C,0Ah,Float
2026-06-24 00:20:53,48.6V,0.0A,0.0A,44.8A,-44.8A,20.3 deg.C,0.0 deg.C,0Ah,Discharge
2026-06-24 00:10:53,48.9V,0.0A,0.0A,46.2A,-46.8A,20.3 deg.C,0.0 deg.C,5Ah,Discharge
2026-06-24 00:00:53,49.1V,0.0A,0.0A,39.9A,-42.7A,20.3 deg.C,0.0 deg.C,13Ah,Discharge
2026-06-23 23:50:53,49.3V,0.0A,0.0A,42.2A,-43.1A,20.3 deg.C,0.0 deg.C,20Ah,Discharge
2026-06-23 23:40:53,49.4V,0.0A,0.0A,50.1A,-51.0A,20.3 deg.C,0.0 deg.C,28Ah,Discharge
2026-06-23 23:30:53,49.7V,0.0A,0.0A,44.0A,-44.5A,20.3 deg.C,0.0 deg.C,36Ah,Discharge
2026-06-23 23:20:53,49.8V,0.0A,0.0A,46.1A,-46.1A,20.3 deg.C,0.0 deg.C,44Ah,Discharge
2026-06-23 23:10:53,50.0V,0.0A,0.0A,46.2A,-47.0A,20.4 deg.C,0.0 deg.C,52Ah,Discharge
2026-06-23 23:00:53,50.2V,0.0A,0.0A,41.6A,-43.9A,20.4 deg.C,0.0 deg.C,59Ah,Discharge
2026-06-23 22:50:53,50.4V,0.0A,0.0A,45.8A,-43.1A,20.5 deg.C,0.0 deg.C,67Ah,Discharge
2026-06-23 22:40:53,50.5V,0.0A,0.0A,46.9A,-47.6A,20.5 deg.C,0.0 deg.C,74Ah,Discharge
2026-06-23 22:30:53,50.7V,0.0A,0.0A,41.3A,-43.3A,20.5 deg.C,0.0 deg.C,82Ah,Discharge
2026-06-23 22:20:53,50.9V,0.0A,0.0A,43.6A,-43.1A,20.5 deg.C,0.0 deg.C,89Ah,Discharge
2026-06-23 22:10:53,51.0V,0.0A,0.0A,50.3A,-49.5A,20.4 deg.C,0.0 deg.C,97Ah,Discharge
2026-06-23 22:00:53,51.3V,0.0A,0.0A,42.9A,-41.9A,20.3 deg.C,0.0 deg.C,105Ah,Discharge
2026-06-23 21:50:53,51.4V,0.0A,0.0A,44.8A,-44.3A,19.9 deg.C,0.0 deg.C,112Ah,Discharge
2026-06-23 21:40:53,51.7V,0.0A,0.0A,43.8A,-46.5A,19.4 deg.C,0.0 deg.C,120Ah,Discharge
2026-06-23 21:30:53,52.5V,0.0A,0.0A,0.0A,14.8A,19.5 deg.C,0.0 deg.C,121Ah,Float
2026-06-23 21:20:53,52.4V,0.0A,0.0A,0.0A,10.6A,19.5 deg.C,0.0 deg.C,118Ah,Float
2026-06-23 21:10:53,52.4V,0.0A,0.0A,0.0A,12.5A,19.6 deg.C,0.0 deg.C,116Ah,Float
2026-06-23 21:00:53,52.4V,0.0A,0.0A,0.0A,15.3A,19.7 deg.C,0.0 deg.C,114Ah,Float
2026-06-23 20:50:53,52.3V,0.0A,0.0A,0.0A,12.1A,19.8 deg.C,0.0 deg.C,111Ah,Float
2026-06-23 20:40:53,52.2V,0.0A,0.0A,0.0A,10.5A,19.8 deg.C,0.0 deg.C,109Ah,Float
2026-06-23 20:30:53,52.2V,0.0A,0.0A,0.0A,17.9A,19.9 deg.C,0.0 deg.C,107Ah,Float
2026-06-23 20:20:53,52.1V,0.0A,0.0A,0.0A,11.2A,20.0 deg.C,0.0 deg.C,104Ah,Float
2026-06-23 20:10:53,52.0V,0.0A,0.0A,0.0A,11.2A,20.1 deg.C,0.0 deg.C,102Ah,Float
2026-06-23 20:00:53,52.1V,0.0A,0.0A,0.0A,18.4A,20.1 deg.C,0.0 deg.C,99Ah,Float
2026-06-23 19:50:53,52.0V,0.0A,0.0A,0.0A,14.3A,20.2 deg.C,0.0 deg.C,96Ah,Float
2026-06-23 19:40:53,52.0V,0.0A,0.0A,0.0A,18.8A,20.2 deg.C,0.0 deg.C,94Ah,Float
2026-06-23 19:30:53,51.9V,0.0A,0.0A,0.0A,16.9A,20.3 deg.C,0.0 deg.C,91Ah,Float
2026-06-23 19:20:53,51.8V,0.0A,0.0A,0.0A,16.6A,20.3 deg.C,0.0 deg.C,88Ah,Float
2026-06-23 19:10:53,51.8V,0.0A,0.0A,0.0A,23.1A,20.3 deg.C,0.0 deg.C,85Ah,Float
2026-06-23 19:00:53,51.7V,0.0A,0.0A,0.0A,19.1A,20.3 deg.C,0.0 deg.C,81Ah,Float
2026-06-23 18:50:53,51.7V,0.0A,0.0A,0.0A,19.0A,20.3 deg.C,0.0 deg.C,78Ah,Float
2026-06-23 18:40:53,51.6V,0.0A,0.0A,0.0A,22.8A,20.2 deg.C,0.0 deg.C,75Ah,Float
2026-06-23 18:30:53,51.5V,0.0A,0.0A,0.0A,16.0A,20.1 deg.C,0.0 deg.C,72Ah,Float
2026-06-23 18:20:53,51.5V,0.0A,0.0A,0.0A,18.5A,20.1 deg.C,0.0 deg.C,69Ah,Float
2026-06-23 18:10:53,51.4V,0.0A,0.0A,0.0A,18.6A,20.1 deg.C,0.0 deg.C,65Ah,Float
2026-06-23 18:00:53,51.3V,0.0A,0.0A,0.0A,17.1A,20.1 deg.C,0.0 deg.C,62Ah,Float
2026-06-23 17:50:53,51.3V,0.0A,0.0A,0.0A,21.2A,20.1 deg.C,0.0 deg.C,59Ah,Float
2026-06-23 17:40:53,51.2V,0.0A,0.0A,0.0A,16.9A,20.1 deg.C,0.0 deg.C,56Ah,Float
2026-06-23 17:30:53,51.2V,0.0A,0.0A,0.0A,15.6A,20.2 deg.C,0.0 deg.C,53Ah,Float
2026-06-23 17:20:53,51.2V,0.0A,0.0A,0.0A,21.8A,20.2 deg.C,0.0 deg.C,50Ah,Float
2026-06-23 17:10:53,51.0V,0.0A,0.0A,0.0A,17.2A,20.3 deg.C,0.0 deg.C,47Ah,Float
2026-06-23 17:00:53,51.0V,0.0A,0.0A,0.0A,16.6A,20.3 deg.C,0.0 deg.C,45Ah,Float
2026-06-23 16:50:53,50.9V,0.0A,0.0A,0.0A,15.6A,20.5 deg.C,0.0 deg.C,42Ah,Float
2026-06-23 16:40:53,50.8V,0.0A,0.0A,0.0A,15.9A,20.6 deg.C,0.0 deg.C,40Ah,Float
2026-06-23 16:30:53,50.7V,0.0A,0.0A,0.0A,15.4A,20.8 deg.C,0.0 deg.C,37Ah,Float
2026-06-23 16:20:53,50.6V,0.0A,0.0A,0.0A,14.9A,21.1 deg.C,0.0 deg.C,34Ah,Float
2026-06-23 16:10:53,50.6V,0.0A,0.0A,0.0A,15.0A,21.4 deg.C,0.0 deg.C,32Ah,Float
2026-06-23 16:00:53,50.5V,0.0A,0.0A,0.0A,13.4A,21.6 deg.C,0.0 deg.C,30Ah,Float
2026-06-23 15:50:53,50.4V,0.0A,0.0A,0.0A,14.7A,21.9 deg.C,0.0 deg.C,27Ah,Float
2026-06-23 15:40:53,50.3V,0.0A,0.0A,0.0A,14.5A,22.2 deg.C,0.0 deg.C,25Ah,Float
2026-06-23 15:30:53,50.3V,0.0A,0.0A,0.0A,13.3A,22.5 deg.C,0.0 deg.C,23Ah,Float
2026-06-23 15:20:53,50.2V,0.0A,0.0A,0.0A,13.4A,22.8 deg.C,0.0 deg.C,21Ah,Float
2026-06-23 15:10:53,50.2V,0.0A,0.0A,0.0A,14.0A,23.0 deg.C,0.0 deg.C,19Ah,Float
2026-06-23 15:00:53,50.0V,0.0A,0.0A,0.0A,12.7A,23.2 deg.C,0.0 deg.C,16Ah,Float
2026-06-23 14:50:53,50.0V,0.0A,0.0A,0.0A,10.9A,23.2 deg.C,0.0 deg.C,14Ah,Float
2026-06-23 14:40:53,49.9V,0.0A,0.0A,0.0A,12.3A,23.2 deg.C,0.0 deg.C,12Ah,Float
2026-06-23 14:30:53,49.8V,0.0A,0.0A,0.0A,11.3A,23.1 deg.C,0.0 deg.C,10Ah,Float
2026-06-23 14:20:53,49.7V,0.0A,0.0A,0.0A,12.6A,23.0 deg.C,0.0 deg.C,8Ah,Float
2026-06-23 14:10:53,49.6V,0.0A,0.0A,0.0A,11.7A,22.9 deg.C,0.0 deg.C,6Ah,Float
2026-06-23 14:00:53,49.5V,0.0A,0.0A,0.0A,12.6A,22.8 deg.C,0.0 deg.C,4Ah,Float
2026-06-23 13:50:53,49.4V,0.0A,0.0A,0.0A,12.0A,22.8 deg.C,0.0 deg.C,2Ah,Float
2026-06-23 13:40:53,49.3V,0.0A,0.0A,0.0A,10.0A,22.7 deg.C,0.0 deg.C,0Ah,Float
2026-06-23 13:30:53,48.6V,0.0A,0.0A,48.2A,-47.7A,22.6 deg.C,0.0 deg.C,0Ah,Discharge
2026-06-23 13:20:53,48.8V,0.0A,0.0A,51.8A,-48.1A,22.5 deg.C,0.0 deg.C,7Ah,Discharge
2026-06-23 13:10:53,49.1V,0.0A,0.0A,49.3A,-47.7A,22.5 deg.C,0.0 deg.C,16Ah,Discharge
2026-06-23 13:00:53,49.3V,0.0A,0.0A,49.3A,-45.9A,22.4 deg.C,0.0 deg.C,23Ah,Discharge
2026-06-23 12:50:53,49.5V,0.0A,0.0A,46.5A,-47.5A,22.3 deg.C,0.0 deg.C,32Ah,Discharge
2026-06-23 12:40:53,49.7V,0.0A,0.0A,44.1A,-45.8A,22.3 deg.C,0.0 deg.C,40Ah,Discharge
2026-06-23 12:30:53,49.8V,0.0A,0.0A,48.6A,-47.1A,22.2 deg.C,0.0 deg.C,47Ah,Discharge
2026-06-23 12:20:53,50.0V,0.0A,0.0A,44.4A,-44.4A,22.1 deg.C,0.0 deg.C,55Ah,Discharge
2026-06-23 12:10:53,50.2V,0.0A,0.0A,44.6A,-45.8A,22.1 deg.C,0.0 deg.C,62Ah,Discharge
2026-06-23 12:00:53,50.4V,0.0A,0.0A,43.5A,-45.4A,22.0 deg.C,0.0 deg.C,69Ah,Discharge
2026-06-23 11:50:53,50.5V,0.0A,0.0A,43.3A,-44.1A,21.8 deg.C,0.0 deg.C,77Ah,Discharge
2026-06-23 11:40:53,50.7V,0.0A,0.0A,45.6A,-45.7A,21.6 deg.C,0.0 deg.C,85Ah,Discharge
2026-06-23 11:30:53,50.8V,0.0A,0.0A,49.1A,-45.6A,21.5 deg.C,0.0 deg.C,92Ah,Discharge
2026-06-23 11:20:53,51.0V,0.0A,0.0A,43.0A,-42.6A,21.4 deg.C,0.0 deg.C,100Ah,Discharge
2026-06-23 11:10:53,51.2V,0.0A,0.0A,43.0A,-42.6A,21.3 deg.C,0.0 deg.C,107Ah,Discharge
2026-06-23 11:00:53,51.4V,0.0A,0.0A,41.8A,-42.5A,21.4 deg.C,0.0 deg.C,114Ah,Discharge
2026-06-23 10:50:53,51.6V,0.0A,0.0A,41.9A,-42.6A,21.8 deg.C,0.0 deg.C,122Ah,Discharge
2026-06-23 10:40:53,51.8V,0.0A,0.0A,42.4A,-42.1A,22.9 deg.C,0.0 deg.C,129Ah,Discharge
2026-06-23 10:30:53,51.9V,0.0A,0.0A,45.4A,-46.3A,24.2 deg.C,0.0 deg.C,136Ah,Discharge
2026-06-23 10:20:53,52.1V,0.0A,0.0A,41.7A,-40.8A,23.6 deg.C,0.0 deg.C,143Ah,Discharge
2026-06-23 10:10:53,52.3V,0.0A,0.0A,39.0A,-40.4A,22.8 deg.C,0.0 deg.C,149Ah,Discharge
2026-06-23 10:00:53,52.5V,0.0A,0.0A,34.6A,-36.6A,21.9 deg.C,0.0 deg.C,156Ah,Discharge
2026-06-23 09:50:53,52.7V,0.0A,0.0A,37.3A,-37.8A,20.6 deg.C,0.0 deg.C,162Ah,Discharge
2026-06-23 09:40:53,53.6V,0.0A,0.0A,0.0A,17.1A,19.9 deg.C,0.0 deg.C,168Ah,Float
2026-06-23 09:30:53,53.5V,0.0A,0.0A,0.0A,17.6A,19.8 deg.C,0.0 deg.C,165Ah,Float
2026-06-23 09:20:53,53.5V,0.0A,0.0A,0.0A,17.3A,20.2 deg.C,0.0 deg.C,162Ah,Float
2026-06-23 09:10:53,53.4V,0.0A,0.0A,0.0A,15.4A,21.3 deg.C,0.0 deg.C,159Ah,Float
2026-06-23 09:00:53,53.4V,0.0A,0.0A,0.0A,20.0A,23.0 deg.C,0.0 deg.C,156Ah,Float
2026-06-23 08:50:53,53.3V,0.0A,0.0A,0.0A,20.1A,22.6 deg.C,0.0 deg.C,153Ah,Float
2026-06-23 08:40:53,53.2V,0.0A,0.0A,0.0A,23.3A,22.1 deg.C,0.0 deg.C,149Ah,Float
2026-06-23 08:30:53,53.1V,0.0A,0.0A,0.0A,19.0A,21.7 deg.C,0.0 deg.C,146Ah,Float
2026-06-23 08:20:53,53.1V,0.0A,0.0A,0.0A,23.0A,21.4 deg.C,0.0 deg.C,143Ah,Float
2026-06-23 08:10:53,52.9V,0.0A,0.0A,0.0A,18.8A,21.2 deg.C,0.0 deg.C,139Ah,Float
2026-06-23 08:00:53,52.9V,0.0A,0.0A,0.0A,23.4A,21.1 deg.C,0.0 deg.C,136Ah,Float
2026-06-23 07:50:53,52.8V,0.0A,0.0A,0.0A,22.1A,21.2 deg.C,0.0 deg.C,132Ah,Float
2026-06-23 07:40:53,52.8V,0.0A,0.0A,0.0A,23.8A,21.0 deg.C,0.0 deg.C,128Ah,Float
2026-06-23 07:30:53,52.6V,0.0A,0.0A,0.0A,19.9A,20.9 deg.C,0.0 deg.C,124Ah,Float
2026-06-23 07:20:53,52.5V,0.0A,0.0A,0.0A,17.4A,20.9 deg.C,0.0 deg.C,121Ah,Float
2026-06-23 07:10:53,52.5V,0.0A,0.0A,0.0A,21.1A,20.9 deg.C,0.0 deg.C,118Ah,Float
2026-06-23 07:00:53,52.4V,0.0A,0.0A,0.0A,21.9A,20.8 deg.C,0.0 deg.C,114Ah,Float
2026-06-23 06:50:53,52.3V,0.0A,0.0A,0.0A,22.4A,20.9 deg.C,0.0 deg.C,111Ah,Float
2026-06-23 06:40:53,52.2V,0.0A,0.0A,0.0A,22.5A,21.0 deg.C,0.0 deg.C,107Ah,Float
2026-06-23 06:30:53,52.1V,0.0A,0.0A,0.0A,18.9A,20.9 deg.C,0.0 deg.C,104Ah,Float
2026-06-23 06:20:53,52.1V,0.0A,0.0A,0.0A,21.8A,21.0 deg.C,0.0 deg.C,101Ah,Float
2026-06-23 06:10:53,52.0V,0.0A,0.0A,0.0A,22.7A,21.2 deg.C,0.0 deg.C,97Ah,Float
2026-06-23 06:00:53,51.9V,0.0A,0.0A,0.0A,21.7A,21.1 deg.C,0.0 deg.C,93Ah,Float
2026-06-23 05:50:53,51.8V,0.0A,0.0A,0.0A,19.1A,21.1 deg.C,0.0 deg.C,90Ah,Float
2026-06-23 05:40:53,51.8V,0.0A,0.0A,0.0A,18.8A,21.1 deg.C,0.0 deg.C,87Ah,Float
2026-06-23 05:30:53,51.7V,0.0A,0.0A,0.0A,22.4A,21.0 deg.C,0.0 deg.C,83Ah,Float
2026-06-23 05:20:53,51.7V,0.0A,0.0A,0.0A,22.2A,21.1 deg.C,0.0 deg.C,79Ah,Float
2026-06-23 05:10:53,51.6V,0.0A,0.0A,0.0A,23.0A,21.0 deg.C,0.0 deg.C,75Ah,Float
2026-06-23 05:00:53,51.5V,0.0A,0.0A,0.0A,19.1A,21.1 deg.C,0.0 deg.C,72Ah,Float
2026-06-23 04:50:53,51.5V,0.0A,0.0A,0.0A,22.7A,21.2 deg.C,0.0 deg.C,68Ah,Float
2026-06-23 04:40:53,51.4V,0.0A,0.0A,0.0A,22.3A,21.3 deg.C,0.0 deg.C,65Ah,Float
2026-06-23 04:30:53,51.3V,0.0A,0.0A,0.0A,22.8A,21.3 deg.C,0.0 deg.C,61Ah,Float
2026-06-23 04:20:53,51.2V,0.0A,0.0A,0.0A,18.1A,21.3 deg.C,0.0 deg.C,57Ah,Float
2026-06-23 04:10:53,51.2V,0.0A,0.0A,0.0A,22.3A,21.5 deg.C,0.0 deg.C,54Ah,Float
2026-06-23 04:00:53,51.1V,0.0A,0.0A,0.0A,23.1A,21.5 deg.C,0.0 deg.C,50Ah,Float
2026-06-23 03:50:53,51.0V,0.0A,0.0A,0.0A,22.9A,21.4 deg.C,0.0 deg.C,46Ah,Float
2026-06-23 03:40:53,50.9V,0.0A,0.0A,0.0A,18.3A,21.5 deg.C,0.0 deg.C,43Ah,Float
2026-06-23 03:30:53,50.8V,0.0A,0.0A,0.0A,19.4A,21.4 deg.C,0.0 deg.C,40Ah,Float
2026-06-23 03:20:53,50.7V,0.0A,0.0A,0.0A,23.5A,21.4 deg.C,0.0 deg.C,36Ah,Float
2026-06-23 03:10:53,50.6V,0.0A,0.0A,0.0A,22.2A,21.4 deg.C,0.0 deg.C,32Ah,Float
2026-06-23 03:00:53,50.4V,0.0A,0.0A,0.0A,18.5A,21.5 deg.C,0.0 deg.C,28Ah,Float
2026-06-23 02:50:53,50.4V,0.0A,0.0A,0.0A,21.9A,21.3 deg.C,0.0 deg.C,25Ah,Float
2026-06-23 02:40:53,50.3V,0.0A,0.0A,0.0A,23.0A,21.2 deg.C,0.0 deg.C,21Ah,Float
2026-06-23 02:30:53,50.1V,0.0A,0.0A,0.0A,23.3A,21.0 deg.C,0.0 deg.C,17Ah,Float
2026-06-23 02:20:53,49.9V,0.0A,0.0A,0.0A,19.0A,20.8 deg.C,0.0 deg.C,14Ah,Float
2026-06-23 02:10:53,49.8V,0.0A,0.0A,0.0A,22.9A,20.5 deg.C,0.0 deg.C,10Ah,Float
2026-06-23 02:00:53,49.7V,0.0A,0.0A,0.0A,23.1A,20.2 deg.C,0.0 deg.C,7Ah,Float
2026-06-23 01:50:53,49.5V,0.0A,0.0A,0.0A,22.2A,20.0 deg.C,0.0 deg.C,3Ah,Float
2026-06-23 01:40:53,49.2V,0.0A,0.0A,0.0A,18.4A,19.7 deg.C,0.0 deg.C,0Ah,Float
2026-06-23 01:30:53,48.7V,0.0A,0.0A,38.7A,-38.6A,19.8 deg.C,0.0 deg.C,1Ah,Discharge
2026-06-23 01:20:53,48.9V,0.0A,0.0A,40.4A,-38.9A,19.8 deg.C,0.0 deg.C,7Ah,Discharge
2026-06-23 01:10:53,49.0V,0.0A,0.0A,45.5A,-44.3A,19.8 deg.C,0.0 deg.C,14Ah,Discharge
2026-06-23 01:00:53,49.3V,0.0A,0.0A,43.2A,-42.8A,19.8 deg.C,0.0 deg.C,21Ah,Discharge
2026-06-23 00:50:53,49.5V,0.0A,0.0A,39.8A,-42.2A,19.9 deg.C,0.0 deg.C,28Ah,Discharge
2026-06-23 00:40:53,49.6V,0.0A,0.0A,39.9A,-41.5A,19.9 deg.C,0.0 deg.C,35Ah,Discharge
2026-06-23 00:30:53,49.8V,0.0A,0.0A,53.3A,-47.2A,20.0 deg.C,0.0 deg.C,43Ah,Discharge
2026-06-23 00:20:53,50.0V,0.0A,0.0A,45.5A,-46.6A,20.0 deg.C,0.0 deg.C,50Ah,Discharge
2026-06-23 00:10:53,50.2V,0.0A,0.0A,42.0A,-44.4A,20.1 deg.C,0.0 deg.C,57Ah,Discharge
2026-06-23 00:00:53,50.3V,0.0A,0.0A,50.5A,-50.8A,20.2 deg.C,0.0 deg.C,65Ah,Discharge
2026-06-22 23:50:53,50.5V,0.0A,0.0A,41.6A,-45.0A,20.1 deg.C,0.0 deg.C,72Ah,Discharge
2026-06-22 23:40:53,50.7V,0.0A,0.0A,46.5A,-46.0A,20.0 deg.C,0.0 deg.C,79Ah,Discharge
2026-06-22 23:30:53,50.9V,0.0A,0.0A,50.1A,-48.1A,19.6 deg.C,0.0 deg.C,88Ah,Discharge
2026-06-22 23:20:53,51.7V,0.0A,0.0A,0.0A,15.8A,19.1 deg.C,0.0 deg.C,88Ah,Float
2026-06-22 23:10:53,51.7V,0.0A,0.0A,0.0A,15.7A,19.3 deg.C,0.0 deg.C,85Ah,Float
2026-06-22 23:00:53,51.6V,0.0A,0.0A,0.0A,11.3A,19.6 deg.C,0.0 deg.C,83Ah,Float
2026-06-22 22:50:53,51.6V,0.0A,0.0A,0.0A,11.7A,20.2 deg.C,0.0 deg.C,81Ah,Float
2026-06-22 22:40:53,51.5V,0.0A,0.0A,0.0A,11.3A,21.7 deg.C,0.0 deg.C,79Ah,Float
2026-06-22 22:30:53,51.5V,0.0A,0.0A,0.0A,10.9A,21.9 deg.C,0.0 deg.C,76Ah,Float
2026-06-22 22:20:53,51.5V,0.0A,0.0A,0.0A,15.5A,21.6 deg.C,0.0 deg.C,74Ah,Float
2026-06-22 22:10:53,51.5V,0.0A,0.0A,0.0A,17.8A,21.0 deg.C,0.0 deg.C,72Ah,Float
2026-06-22 22:00:53,51.4V,0.0A,0.0A,0.0A,12.5A,20.2 deg.C,0.0 deg.C,69Ah,Float
2026-06-22 21:50:53,51.4V,0.0A,0.0A,0.0A,18.0A,19.2 deg.C,0.0 deg.C,67Ah,Float
2026-06-22 21:40:53,51.3V,0.0A,0.0A,0.0A,14.4A,19.1 deg.C,0.0 deg.C,65Ah,Float
2026-06-22 21:30:53,51.2V,0.0A,0.0A,0.0A,11.2A,19.2 deg.C,0.0 deg.C,63Ah,Float
2026-06-22 21:20:53,51.2V,0.0A,0.0A,0.0A,17.0A,19.3 deg.C,0.0 deg.C,60Ah,Float
2026-06-22 21:10:53,51.2V,0.0A,0.0A,0.0A,16.5A,19.4 deg.C,0.0 deg.C,58Ah,Float
2026-06-22 21:00:53,51.1V,0.0A,0.0A,0.0A,12.0A,19.6 deg.C,0.0 deg.C,56Ah,Float
2026-06-22 20:50:53,51.1V,0.0A,0.0A,0.0A,17.9A,19.7 deg.C,0.0 deg.C,54Ah,Float
2026-06-22 20:40:53,51.0V,0.0A,0.0A,0.0A,16.1A,19.8 deg.C,0.0 deg.C,51Ah,Float
2026-06-22 20:30:53,50.9V,0.0A,0.0A,0.0A,12.2A,19.9 deg.C,0.0 deg.C,49Ah,Float
2026-06-22 20:20:53,50.9V,0.0A,0.0A,0.0A,15.3A,20.0 deg.C,0.0 deg.C,46Ah,Float
2026-06-22 20:10:53,50.8V,0.0A,0.0A,0.0A,13.2A,20.0 deg.C,0.0 deg.C,44Ah,Float
2026-06-22 20:00:53,50.7V,0.0A,0.0A,0.0A,11.8A,20.1 deg.C,0.0 deg.C,42Ah,Float
2026-06-22 19:50:53,50.7V,0.0A,0.0A,0.0A,19.1A,20.2 deg.C,0.0 deg.C,39Ah,Float
2026-06-22 19:40:53,50.6V,0.0A,0.0A,0.0A,14.5A,20.3 deg.C,0.0 deg.C,36Ah,Float
2026-06-22 19:30:53,50.5V,0.0A,0.0A,0.0A,13.1A,20.4 deg.C,0.0 deg.C,34Ah,Float
2026-06-22 19:20:53,50.5V,0.0A,0.0A,0.0A,23.3A,20.6 deg.C,0.0 deg.C,31Ah,Float
2026-06-22 19:10:53,50.4V,0.0A,0.0A,0.0A,16.6A,20.7 deg.C,0.0 deg.C,27Ah,Float
2026-06-22 19:00:53,50.3V,0.0A,0.0A,0.0A,20.7A,20.8 deg.C,0.0 deg.C,25Ah,Float
2026-06-22 18:50:53,50.2V,0.0A,0.0A,0.0A,21.4A,20.9 deg.C,0.0 deg.C,21Ah,Float
2026-06-22 18:40:53,50.1V,0.0A,0.0A,0.0A,17.8A,21.1 deg.C,0.0 deg.C,18Ah,Float
2026-06-22 18:30:53,50.0V,0.0A,0.0A,0.0A,23.4A,21.2 deg.C,0.0 deg.C,15Ah,Float
2026-06-22 18:20:53,49.8V,0.0A,0.0A,0.0A,16.7A,21.4 deg.C,0.0 deg.C,11Ah,Float
2026-06-22 18:10:53,49.7V,0.0A,0.0A,0.0A,16.6A,21.5 deg.C,0.0 deg.C,9Ah,Float
2026-06-22 18:00:53,49.6V,0.0A,0.0A,0.0A,22.8A,21.6 deg.C,0.0 deg.C,5Ah,Float
2026-06-22 17:50:53,49.4V,0.0A,0.0A,0.0A,15.9A,21.7 deg.C,0.0 deg.C,2Ah,Float
2026-06-22 17:40:53,49.2V,0.0A,0.0A,0.0A,18.7A,21.8 deg.C,0.0 deg.C,0Ah,Float
2026-06-22 17:30:53,48.7V,0.0A,0.0A,42.0A,-43.3A,21.9 deg.C,0.0 deg.C,6Ah,Discharge
2026-06-22 17:20:53,48.9V,0.0A,0.0A,42.9A,-41.6A,21.9 deg.C,0.0 deg.C,13Ah,Discharge
2026-06-22 17:10:53,49.1V,0.0A,0.0A,41.5A,-43.3A,22.0 deg.C,0.0 deg.C,20Ah,Discharge
2026-06-22 17:00:53,49.3V,0.0A,0.0A,41.6A,-43.1A,21.9 deg.C,0.0 deg.C,28Ah,Discharge
2026-06-22 16:50:53,49.4V,0.0A,0.0A,44.8A,-43.9A,21.9 deg.C,0.0 deg.C,35Ah,Discharge
2026-06-22 16:40:53,49.6V,0.0A,0.0A,43.6A,-42.7A,21.8 deg.C,0.0 deg.C,42Ah,Discharge
2026-06-22 16:30:53,49.8V,0.0A,0.0A,42.5A,-43.6A,21.7 deg.C,0.0 deg.C,50Ah,Discharge
2026-06-22 16:20:53,49.9V,0.0A,0.0A,45.2A,-45.2A,21.6 deg.C,0.0 deg.C,57Ah,Discharge
2026-06-22 16:10:53,50.1V,0.0A,0.0A,46.8A,-44.7A,21.5 deg.C,0.0 deg.C,65Ah,Discharge
2026-06-22 16:00:53,50.2V,0.0A,0.0A,50.3A,-47.4A,21.5 deg.C,0.0 deg.C,73Ah,Discharge
2026-06-22 15:50:53,50.4V,0.0A,0.0A,43.7A,-44.5A,21.4 deg.C,0.0 deg.C,80Ah,Discharge
2026-06-22 15:40:53,50.5V,0.0A,0.0A,46.2A,-49.1A,21.4 deg.C,0.0 deg.C,88Ah,Discharge
2026-06-22 15:30:53,50.7V,0.0A,0.0A,46.1A,-45.2A,21.3 deg.C,0.0 deg.C,95Ah,Discharge
2026-06-22 15:20:53,50.9V,0.0A,0.0A,46.7A,-46.2A,21.4 deg.C,0.0 deg.C,103Ah,Discharge
2026-06-22 15:10:53,51.1V,0.0A,0.0A,43.9A,-44.2A,21.4 deg.C,0.0 deg.C,110Ah,Discharge
2026-06-22 15:00:53,51.2V,0.0A,0.0A,43.0A,-45.3A,21.5 deg.C,0.0 deg.C,118Ah,Discharge
2026-06-22 14:50:53,51.4V,0.0A,0.0A,44.0A,-44.0A,21.6 deg.C,0.0 deg.C,126Ah,Discharge
2026-06-22 14:40:53,51.6V,0.0A,0.0A,43.9A,-44.8A,21.7 deg.C,0.0 deg.C,133Ah,Discharge
2026-06-22 14:30:53,51.8V,0.0A,0.0A,45.6A,-45.2A,21.8 deg.C,0.0 deg.C,140Ah,Discharge
2026-06-22 14:20:53,52.0V,0.0A,0.0A,44.8A,-46.0A,21.9 deg.C,0.0 deg.C,148Ah,Discharge
2026-06-22 14:10:53,52.1V,0.0A,0.0A,46.6A,-47.5A,21.9 deg.C,0.0 deg.C,157Ah,Discharge
2026-06-22 14:00:53,52.3V,0.0A,0.0A,44.4A,-44.7A,21.9 deg.C,0.0 deg.C,164Ah,Discharge
2026-06-22 13:50:53,52.5V,0.0A,0.0A,46.9A,-46.9A,21.9 deg.C,0.0 deg.C,171Ah,Discharge
2026-06-22 13:40:53,52.7V,0.0A,0.0A,46.2A,-44.9A,21.9 deg.C,0.0 deg.C,179Ah,Discharge
2026-06-22 13:30:53,52.9V,0.0A,0.0A,43.7A,-44.3A,21.9 deg.C,0.0 deg.C,186Ah,Discharge
2026-06-22 13:20:53,53.0V,0.0A,0.0A,43.8A,-44.3A,22.0 deg.C,0.0 deg.C,194Ah,Discharge
2026-06-22 13:10:53,53.2V,0.0A,0.0A,44.5A,-43.6A,22.1 deg.C,0.0 deg.C,202Ah,Discharge
2026-06-22 13:00:53,53.4V,0.0A,0.0A,43.5A,-44.5A,22.3 deg.C,0.0 deg.C,209Ah,Discharge
2026-06-22 12:50:53,53.7V,0.0A,0.0A,42.6A,-43.4A,22.4 deg.C,0.0 deg.C,217Ah,Discharge
2026-06-22 12:40:53,54.0V,0.0A,0.0A,46.9A,-43.5A,22.6 deg.C,0.0 deg.C,224Ah,Discharge
2026-06-22 12:30:53,54.9V,0.0A,0.0A,0.0A,14.0A,22.5 deg.C,0.0 deg.C,228Ah,Float
2026-06-22 12:20:53,54.9V,0.0A,0.0A,0.0A,22.2A,22.5 deg.C,0.0 deg.C,226Ah,Float
2026-06-22 12:10:53,54.8V,0.0A,0.0A,0.0A,23.1A,22.3 deg.C,0.0 deg.C,221Ah,Float
2026-06-22 12:00:53,54.7V,0.0A,0.0A,0.0A,23.9A,22.3 deg.C,0.0 deg.C,218Ah,Float
2026-06-22 11:50:53,54.6V,0.0A,0.0A,0.0A,24.4A,22.2 deg.C,0.0 deg.C,214Ah,Float
2026-06-22 11:40:53,54.5V,0.0A,0.0A,0.0A,23.7A,22.0 deg.C,0.0 deg.C,210Ah,Float
2026-06-22 11:30:53,54.4V,0.0A,0.0A,0.0A,24.1A,21.9 deg.C,0.0 deg.C,206Ah,Float
2026-06-22 11:20:53,54.3V,0.0A,0.0A,0.0A,24.3A,21.9 deg.C,0.0 deg.C,201Ah,Float
2026-06-22 11:10:53,54.2V,0.0A,0.0A,0.0A,25.7A,21.9 deg.C,0.0 deg.C,197Ah,Float
2026-06-22 11:00:53,54.1V,0.0A,0.0A,0.0A,25.0A,21.8 deg.C,0.0 deg.C,193Ah,Float
2026-06-22 10:50:53,54.0V,0.0A,0.0A,0.0A,25.4A,21.6 deg.C,0.0 deg.C,189Ah,Float
2026-06-22 10:40:53,53.9V,0.0A,0.0A,0.0A,25.8A,21.4 deg.C,0.0 deg.C,185Ah,Float
2026-06-22 10:30:53,53.8V,0.0A,0.0A,0.0A,25.6A,21.3 deg.C,0.0 deg.C,180Ah,Float
2026-06-22 10:20:53,53.8V,0.0A,0.0A,0.0A,26.9A,21.1 deg.C,0.0 deg.C,176Ah,Float
2026-06-22 10:10:53,53.6V,0.0A,0.0A,0.0A,26.3A,20.9 deg.C,0.0 deg.C,172Ah,Float
2026-06-22 10:00:53,53.6V,0.0A,0.0A,0.0A,30.8A,20.5 deg.C,0.0 deg.C,167Ah,Float
2026-06-22 09:50:53,53.4V,0.0A,0.0A,0.0A,27.0A,20.3 deg.C,0.0 deg.C,163Ah,Float
2026-06-22 09:40:53,53.3V,0.0A,0.0A,0.0A,27.7A,20.1 deg.C,0.0 deg.C,158Ah,Float
2026-06-22 09:30:53,53.2V,0.0A,0.0A,0.0A,27.6A,20.2 deg.C,0.0 deg.C,154Ah,Float
2026-06-22 09:20:53,53.1V,0.0A,0.0A,0.0A,26.7A,20.6 deg.C,0.0 deg.C,149Ah,Float
2026-06-22 09:10:53,53.0V,0.0A,0.0A,0.0A,25.4A,21.9 deg.C,0.0 deg.C,144Ah,Float
2026-06-22 09:00:53,53.0V,0.0A,0.0A,0.0A,32.3A,22.9 deg.C,0.0 deg.C,140Ah,Float
2026-06-22 08:50:53,52.8V,0.0A,0.0A,0.0A,28.1A,22.3 deg.C,0.0 deg.C,135Ah,Float
2026-06-22 08:40:53,52.7V,0.0A,0.0A,0.0A,32.8A,21.9 deg.C,0.0 deg.C,130Ah,Float
2026-06-22 08:30:53,52.6V,0.0A,0.0A,0.0A,28.7A,21.7 deg.C,0.0 deg.C,125Ah,Float
2026-06-22 08:20:53,52.5V,0.0A,0.0A,0.0A,31.0A,21.4 deg.C,0.0 deg.C,119Ah,Float
2026-06-22 08:10:53,52.4V,0.0A,0.0A,0.0A,32.8A,21.2 deg.C,0.0 deg.C,114Ah,Float
2026-06-22 08:00:53,52.2V,0.0A,0.0A,0.0A,32.5A,21.1 deg.C,0.0 deg.C,108Ah,Float
2026-06-22 07:50:53,52.1V,0.0A,0.0A,0.0A,29.7A,21.0 deg.C,0.0 deg.C,104Ah,Float
2026-06-22 07:40:53,52.0V,0.0A,0.0A,0.0A,33.4A,20.9 deg.C,0.0 deg.C,98Ah,Float
2026-06-22 07:30:53,51.9V,0.0A,0.0A,0.0A,30.6A,20.7 deg.C,0.0 deg.C,93Ah,Float
2026-06-22 07:20:53,51.8V,0.0A,0.0A,0.0A,30.7A,20.6 deg.C,0.0 deg.C,87Ah,Float
2026-06-22 07:10:53,51.6V,0.0A,0.0A,0.0A,26.7A,20.7 deg.C,0.0 deg.C,83Ah,Float
2026-06-22 07:00:53,51.6V,0.0A,0.0A,0.0A,31.3A,20.6 deg.C,0.0 deg.C,78Ah,Float
2026-06-22 06:50:53,51.5V,0.0A,0.0A,0.0A,32.2A,20.4 deg.C,0.0 deg.C,73Ah,Float
2026-06-22 06:40:53,51.4V,0.0A,0.0A,0.0A,32.2A,20.4 deg.C,0.0 deg.C,67Ah,Float
2026-06-22 06:30:53,51.3V,0.0A,0.0A,0.0A,32.0A,20.5 deg.C,0.0 deg.C,62Ah,Float
2026-06-22 06:20:53,51.2V,0.0A,0.0A,0.0A,28.4A,20.5 deg.C,0.0 deg.C,57Ah,Float
2026-06-22 06:10:53,51.1V,0.0A,0.0A,0.0A,32.4A,20.4 deg.C,0.0 deg.C,52Ah,Float
2026-06-22 06:00:53,51.0V,0.0A,0.0A,0.0A,32.1A,20.3 deg.C,0.0 deg.C,47Ah,Float
2026-06-22 05:50:53,50.8V,0.0A,0.0A,0.0A,31.8A,20.3 deg.C,0.0 deg.C,41Ah,Float
2026-06-22 05:40:53,50.7V,0.0A,0.0A,0.0A,31.5A,20.1 deg.C,0.0 deg.C,36Ah,Float
2026-06-22 05:30:53,50.5V,0.0A,0.0A,0.0A,29.0A,20.0 deg.C,0.0 deg.C,31Ah,Float
2026-06-22 05:20:53,50.4V,0.0A,0.0A,0.0A,33.3A,19.7 deg.C,0.0 deg.C,26Ah,Float
2026-06-22 05:10:53,50.2V,0.0A,0.0A,0.0A,33.0A,19.5 deg.C,0.0 deg.C,20Ah,Float
2026-06-22 05:00:53,50.0V,0.0A,0.0A,0.0A,32.2A,19.3 deg.C,0.0 deg.C,15Ah,Float
2026-06-22 04:50:53,49.7V,0.0A,0.0A,0.0A,27.4A,19.0 deg.C,0.0 deg.C,9Ah,Float
2026-06-22 04:40:53,49.5V,0.0A,0.0A,0.0A,31.2A,18.7 deg.C,0.0 deg.C,5Ah,Float
2026-06-22 04:30:53,48.5V,0.0A,0.0A,29.2A,-28.5A,18.4 deg.C,0.0 deg.C,0Ah,Discharge
2026-06-22 04:20:53,48.6V,0.0A,0.0A,29.0A,-28.6A,18.5 deg.C,0.0 deg.C,0Ah,Discharge
2026-06-22 04:10:53,48.8V,0.0A,0.0A,27.7A,-27.9A,18.5 deg.C,0.0 deg.C,0Ah,Discharge
2026-06-22 04:00:53,48.9V,0.0A,0.0A,33.3A,-32.3A,18.6 deg.C,0.0 deg.C,5Ah,Discharge
2026-06-22 03:50:53,49.1V,0.0A,0.0A,29.1A,-28.9A,18.7 deg.C,0.0 deg.C,10Ah,Discharge
2026-06-22 03:40:53,49.2V,0.0A,0.0A,28.8A,-28.7A,18.8 deg.C,0.0 deg.C,15Ah,Discharge
2026-06-22 03:30:53,49.4V,0.0A,0.0A,28.7A,-28.8A,18.8 deg.C,0.0 deg.C,20Ah,Discharge
2026-06-22 03:20:53,49.5V,0.0A,0.0A,31.5A,-32.1A,18.8 deg.C,0.0 deg.C,25Ah,Discharge
2026-06-22 03:10:53,49.6V,0.0A,0.0A,30.0A,-29.0A,18.8 deg.C,0.0 deg.C,30Ah,Discharge
2026-06-22 03:00:53,49.7V,0.0A,0.0A,28.8A,-28.7A,18.9 deg.C,0.0 deg.C,35Ah,Discharge
2026-06-22 02:50:53,49.8V,0.0A,0.0A,33.2A,-33.7A,18.9 deg.C,0.0 deg.C,40Ah,Discharge
2026-06-22 02:40:53,49.9V,0.0A,0.0A,30.0A,-29.7A,18.9 deg.C,0.0 deg.C,46Ah,Discharge
2026-06-22 02:30:53,50.0V,0.0A,0.0A,29.4A,-29.6A,18.9 deg.C,0.0 deg.C,51Ah,Discharge
2026-06-22 02:20:53,50.2V,0.0A,0.0A,28.8A,-28.5A,19.0 deg.C,0.0 deg.C,55Ah,Discharge
2026-06-22 02:10:53,50.2V,0.0A,0.0A,34.0A,-33.8A,19.0 deg.C,0.0 deg.C,61Ah,Discharge
2026-06-22 02:00:53,50.4V,0.0A,0.0A,28.3A,-28.9A,19.1 deg.C,0.0 deg.C,66Ah,Discharge
2026-06-22 01:50:53,50.5V,0.0A,0.0A,28.2A,-28.3A,19.1 deg.C,0.0 deg.C,70Ah,Discharge
2026-06-22 01:40:53,50.5V,0.0A,0.0A,33.5A,-32.8A,19.2 deg.C,0.0 deg.C,76Ah,Discharge
2026-06-22 01:30:53,50.7V,0.0A,0.0A,32.0A,-32.9A,19.2 deg.C,0.0 deg.C,81Ah,Discharge
2026-06-22 01:20:53,50.8V,0.0A,0.0A,30.6A,-29.4A,19.3 deg.C,0.0 deg.C,86Ah,Discharge
2026-06-22 01:10:53,50.9V,0.0A,0.0A,30.5A,-30.5A,19.3 deg.C,0.0 deg.C,91Ah,Discharge
2026-06-22 01:00:53,51.0V,0.0A,0.0A,33.4A,-33.4A,19.5 deg.C,0.0 deg.C,96Ah,Discharge
2026-06-22 00:50:53,51.1V,0.0A,0.0A,29.3A,-29.5A,19.6 deg.C,0.0 deg.C,102Ah,Discharge
2026-06-22 00:40:53,51.3V,0.0A,0.0A,29.4A,-29.1A,19.8 deg.C,0.0 deg.C,107Ah,Discharge
2026-06-22 00:30:53,51.4V,0.0A,0.0A,27.8A,-28.2A,20.0 deg.C,0.0 deg.C,112Ah,Discharge
2026-06-22 00:20:53,51.5V,0.0A,0.0A,33.4A,-33.2A,20.1 deg.C,0.0 deg.C,117Ah,Discharge
2026-06-22 00:10:53,51.6V,0.0A,0.0A,29.3A,-28.5A,20.2 deg.C,0.0 deg.C,122Ah,Discharge
2026-06-22 00:00:53,51.8V,0.0A,0.0A,29.3A,-28.0A,20.3 deg.C,0.0 deg.C,127Ah,Discharge
2026-06-21 23:50:53,51.8V,0.0A,0.0A,34.3A,-33.1A,20.5 deg.C,0.0 deg.C,132Ah,Discharge
2026-06-21 23:40:53,52.0V,0.0A,0.0A,28.9A,-29.6A,20.7 deg.C,0.0 deg.C,137Ah,Discharge
2026-06-21 23:30:53,52.1V,0.0A,0.0A,30.5A,-30.0A,20.8 deg.C,0.0 deg.C,142Ah,Discharge
2026-06-21 23:20:53,52.2V,0.0A,0.0A,34.4A,-33.9A,20.9 deg.C,0.0 deg.C,148Ah,Discharge
2026-06-21 23:10:53,52.4V,0.0A,0.0A,30.3A,-29.5A,21.1 deg.C,0.0 deg.C,153Ah,Discharge
2026-06-21 23:00:53,52.5V,0.0A,0.0A,29.1A,-29.5A,21.2 deg.C,0.0 deg.C,158Ah,Discharge
2026-06-21 22:50:53,52.6V,0.0A,0.0A,33.9A,-33.4A,21.3 deg.C,0.0 deg.C,163Ah,Discharge
2026-06-21 22:40:53,52.7V,0.0A,0.0A,30.1A,-29.9A,21.5 deg.C,0.0 deg.C,169Ah,Discharge
2026-06-21 22:30:53,52.8V,0.0A,0.0A,30.3A,-28.6A,21.6 deg.C,0.0 deg.C,174Ah,Discharge
2026-06-21 22:20:53,52.9V,0.0A,0.0A,33.4A,-33.5A,21.7 deg.C,0.0 deg.C,179Ah,Discharge
2026-06-21 22:10:53,53.1V,0.0A,0.0A,27.8A,-28.7A,21.8 deg.C,0.0 deg.C,184Ah,Discharge
2026-06-21 22:00:53,53.2V,0.0A,0.0A,29.2A,-29.3A,21.8 deg.C,0.0 deg.C,189Ah,Discharge
2026-06-21 21:50:53,53.3V,0.0A,0.0A,34.4A,-33.8A,21.9 deg.C,0.0 deg.C,194Ah,Discharge
2026-06-21 21:40:53,53.5V,0.0A,0.0A,28.6A,-29.4A,22.2 deg.C,0.0 deg.C,200Ah,Discharge
2026-06-21 21:30:53,54.4V,0.0A,0.0A,0.0A,27.2A,22.3 deg.C,0.0 deg.C,202Ah,Float
2026-06-21 21:20:53,54.2V,0.0A,0.0A,0.0A,24.5A,21.9 deg.C,0.0 deg.C,198Ah,Float
2026-06-21 21:10:53,54.2V,0.0A,0.0A,0.0A,27.2A,21.4 deg.C,0.0 deg.C,193Ah,Float
2026-06-21 21:00:53,54.1V,0.0A,0.0A,0.0A,28.0A,20.6 deg.C,0.0 deg.C,189Ah,Float
2026-06-21 20:50:53,54.0V,0.0A,0.0A,0.0A,23.9A,19.9 deg.C,0.0 deg.C,184Ah,Float
2026-06-21 20:40:53,53.9V,0.0A,0.0A,0.0A,26.6A,19.8 deg.C,0.0 deg.C,180Ah,Float
2026-06-21 20:30:53,53.8V,0.0A,0.0A,0.0A,28.2A,19.9 deg.C,0.0 deg.C,176Ah,Float
2026-06-21 20:20:53,53.7V,0.0A,0.0A,0.0A,23.7A,20.1 deg.C,0.0 deg.C,172Ah,Float
2026-06-21 20:10:53,53.6V,0.0A,0.0A,0.0A,27.7A,20.1 deg.C,0.0 deg.C,167Ah,Float
2026-06-21 20:00:53,53.5V,0.0A,0.0A,0.0A,25.7A,20.2 deg.C,0.0 deg.C,163Ah,Float
2026-06-21 19:50:53,53.4V,0.0A,0.0A,0.0A,24.7A,20.3 deg.C,0.0 deg.C,159Ah,Float
2026-06-21 19:40:53,53.3V,0.0A,0.0A,0.0A,27.2A,20.4 deg.C,0.0 deg.C,154Ah,Float
2026-06-21 19:30:53,53.2V,0.0A,0.0A,0.0A,23.6A,20.5 deg.C,0.0 deg.C,150Ah,Float
2026-06-21 19:20:53,53.2V,0.0A,0.0A,0.0A,32.0A,20.6 deg.C,0.0 deg.C,146Ah,Float
2026-06-21 19:10:53,53.0V,0.0A,0.0A,0.0A,31.0A,20.6 deg.C,0.0 deg.C,141Ah,Float
2026-06-21 19:00:53,52.9V,0.0A,0.0A,0.0A,27.3A,20.5 deg.C,0.0 deg.C,136Ah,Float
2026-06-21 18:50:53,52.8V,0.0A,0.0A,0.0A,31.2A,20.5 deg.C,0.0 deg.C,131Ah,Float
2026-06-21 18:40:53,52.6V,0.0A,0.0A,0.0A,26.4A,20.4 deg.C,0.0 deg.C,126Ah,Float
2026-06-21 18:30:53,52.5V,0.0A,0.0A,0.0A,26.1A,20.4 deg.C,0.0 deg.C,122Ah,Float
2026-06-21 18:20:53,52.5V,0.0A,0.0A,0.0A,31.0A,20.3 deg.C,0.0 deg.C,117Ah,Float
2026-06-21 18:10:53,52.3V,0.0A,0.0A,0.0A,26.0A,20.3 deg.C,0.0 deg.C,112Ah,Float
2026-06-21 18:00:53,52.2V,0.0A,0.0A,0.0A,25.9A,20.3 deg.C,0.0 deg.C,108Ah,Float
2026-06-21 17:50:53,52.1V,0.0A,0.0A,0.0A,26.0A,20.3 deg.C,0.0 deg.C,103Ah,Float
2026-06-21 17:40:53,52.0V,0.0A,0.0A,0.0A,25.4A,20.4 deg.C,0.0 deg.C,99Ah,Float
2026-06-21 17:30:53,52.0V,0.0A,0.0A,0.0A,30.9A,20.4 deg.C,0.0 deg.C,94Ah,Float
2026-06-21 17:20:53,51.8V,0.0A,0.0A,0.0A,25.9A,20.5 deg.C,0.0 deg.C,90Ah,Float
2026-06-21 17:10:53,51.7V,0.0A,0.0A,0.0A,24.8A,20.6 deg.C,0.0 deg.C,86Ah,Float
2026-06-21 17:00:53,51.7V,0.0A,0.0A,0.0A,25.0A,20.7 deg.C,0.0 deg.C,81Ah,Float
2026-06-21 16:50:53,51.6V,0.0A,0.0A,0.0A,24.5A,20.9 deg.C,0.0 deg.C,77Ah,Float
2026-06-21 16:40:53,51.5V,0.0A,0.0A,0.0A,22.9A,21.1 deg.C,0.0 deg.C,73Ah,Float
2026-06-21 16:30:53,51.4V,0.0A,0.0A,0.0A,24.5A,21.4 deg.C,0.0 deg.C,69Ah,Float
2026-06-21 16:20:53,51.3V,0.0A,0.0A,0.0A,22.9A,21.7 deg.C,0.0 deg.C,65Ah,Float
2026-06-21 16:10:53,51.3V,0.0A,0.0A,0.0A,22.5A,22.1 deg.C,0.0 deg.C,61Ah,Float
2026-06-21 16:00:53,51.2V,0.0A,0.0A,0.0A,22.3A,22.3 deg.C,0.0 deg.C,57Ah,Float
2026-06-21 15:50:53,51.1V,0.0A,0.0A,0.0A,22.3A,22.6 deg.C,0.0 deg.C,54Ah,Float
2026-06-21 15:40:53,51.0V,0.0A,0.0A,0.0A,22.1A,22.8 deg.C,0.0 deg.C,50Ah,Float
2026-06-21 15:30:53,50.9V,0.0A,0.0A,0.0A,21.8A,23.1 deg.C,0.0 deg.C,46Ah,Float
2026-06-21 15:20:53,50.8V,0.0A,0.0A,0.0A,21.8A,23.2 deg.C,0.0 deg.C,43Ah,Float
2026-06-21 15:10:53,50.7V,0.0A,0.0A,0.0A,21.7A,23.3 deg.C,0.0 deg.C,39Ah,Float
2026-06-21 15:00:53,50.6V,0.0A,0.0A,0.0A,22.5A,23.3 deg.C,0.0 deg.C,35Ah,Float
2026-06-21 14:50:53,50.5V,0.0A,0.0A,0.0A,23.0A,23.3 deg.C,0.0 deg.C,31Ah,Float
2026-06-21 14:40:53,50.4V,0.0A,0.0A,0.0A,23.1A,23.1 deg.C,0.0 deg.C,27Ah,Float
2026-06-21 14:30:53,50.3V,0.0A,0.0A,0.0A,23.7A,23.0 deg.C,0.0 deg.C,24Ah,Float
2026-06-21 14:20:53,50.1V,0.0A,0.0A,0.0A,24.1A,22.9 deg.C,0.0 deg.C,20Ah,Float
2026-06-21 14:10:53,50.0V,0.0A,0.0A,0.0A,24.1A,22.8 deg.C,0.0 deg.C,16Ah,Float
2026-06-21 14:00:53,49.8V,0.0A,0.0A,0.0A,23.9A,22.7 deg.C,0.0 deg.C,12Ah,Float
2026-06-21 13:50:53,49.6V,0.0A,0.0A,0.0A,23.9A,22.8 deg.C,0.0 deg.C,8Ah,Float
2026-06-21 13:40:53,49.5V,0.0A,0.0A,0.0A,24.1A,22.7 deg.C,0.0 deg.C,4Ah,Float
2026-06-21 13:30:53,49.2V,0.0A,0.0A,0.0A,25.4A,22.7 deg.C,0.0 deg.C,0Ah,Float
2026-06-21 13:20:53,48.7V,0.0A,0.0A,34.8A,-34.5A,22.7 deg.C,0.0 deg.C,0Ah,Discharge
2026-06-21 13:10:53,48.8V,0.0A,0.0A,34.5A,-34.9A,22.6 deg.C,0.0 deg.C,3Ah,Discharge
2026-06-21 13:00:53,49.0V,0.0A,0.0A,35.2A,-35.1A,22.6 deg.C,0.0 deg.C,9Ah,Discharge
2026-06-21 12:50:53,49.2V,0.0A,0.0A,33.7A,-33.8A,22.5 deg.C,0.0 deg.C,15Ah,Discharge
2026-06-21 12:40:53,49.3V,0.0A,0.0A,34.4A,-34.1A,22.5 deg.C,0.0 deg.C,21Ah,Discharge
2026-06-21 12:30:53,49.5V,0.0A,0.0A,33.8A,-33.8A,22.3 deg.C,0.0 deg.C,26Ah,Discharge
2026-06-21 12:20:53,49.6V,0.0A,0.0A,32.5A,-33.0A,22.3 deg.C,0.0 deg.C,32Ah,Discharge
2026-06-21 12:10:53,49.7V,0.0A,0.0A,32.8A,-32.8A,22.2 deg.C,0.0 deg.C,38Ah,Discharge
2026-06-21 12:00:53,49.8V,0.0A,0.0A,32.2A,-32.4A,22.0 deg.C,0.0 deg.C,43Ah,Discharge
2026-06-21 11:50:53,50.0V,0.0A,0.0A,33.0A,-32.9A,21.8 deg.C,0.0 deg.C,48Ah,Discharge
2026-06-21 11:40:53,50.1V,0.0A,0.0A,32.1A,-32.6A,21.6 deg.C,0.0 deg.C,54Ah,Discharge
2026-06-21 11:30:53,50.2V,0.0A,0.0A,32.5A,-32.6A,21.4 deg.C,0.0 deg.C,59Ah,Discharge
2026-06-21 11:20:53,50.3V,0.0A,0.0A,32.8A,-32.4A,21.2 deg.C,0.0 deg.C,65Ah,Discharge
2026-06-21 11:10:53,50.5V,0.0A,0.0A,33.7A,-33.4A,21.2 deg.C,0.0 deg.C,70Ah,Discharge
2026-06-21 11:00:53,50.6V,0.0A,0.0A,31.3A,-31.8A,21.4 deg.C,0.0 deg.C,76Ah,Discharge
2026-06-21 10:50:53,50.7V,0.0A,0.0A,32.1A,-32.4A,21.9 deg.C,0.0 deg.C,81Ah,Discharge
2026-06-21 10:40:53,50.8V,0.0A,0.0A,32.8A,-32.9A,23.2 deg.C,0.0 deg.C,86Ah,Discharge
2026-06-21 10:30:53,50.9V,0.0A,0.0A,30.5A,-30.0A,23.5 deg.C,0.0 deg.C,92Ah,Discharge
2026-06-21 10:20:53,51.0V,0.0A,0.0A,30.5A,-30.3A,23.1 deg.C,0.0 deg.C,97Ah,Discharge
2026-06-21 10:10:53,51.2V,0.0A,0.0A,30.8A,-29.8A,22.7 deg.C,0.0 deg.C,102Ah,Discharge
2026-06-21 10:00:53,51.3V,0.0A,0.0A,29.2A,-29.1A,22.2 deg.C,0.0 deg.C,107Ah,Discharge
2026-06-21 09:50:53,51.4V,0.0A,0.0A,29.5A,-28.3A,21.8 deg.C,0.0 deg.C,112Ah,Discharge
2026-06-21 09:40:53,51.5V,0.0A,0.0A,30.0A,-29.8A,21.4 deg.C,0.0 deg.C,117Ah,Discharge
2026-06-21 09:30:53,51.6V,0.0A,0.0A,29.0A,-29.5A,21.0 deg.C,0.0 deg.C,121Ah,Discharge
2026-06-21 09:20:53,51.8V,0.0A,0.0A,29.3A,-28.5A,20.5 deg.C,0.0 deg.C,126Ah,Discharge
2026-06-21 09:10:53,51.8V,0.0A,0.0A,30.3A,-29.9A,20.1 deg.C,0.0 deg.C,131Ah,Discharge
2026-06-21 09:00:53,52.0V,0.0A,0.0A,29.7A,-28.7A,19.7 deg.C,0.0 deg.C,136Ah,Discharge
2026-06-21 08:50:53,52.1V,0.0A,0.0A,25.3A,-25.0A,19.3 deg.C,0.0 deg.C,140Ah,Discharge
2026-06-21 08:40:53,52.2V,0.0A,0.0A,28.3A,-28.2A,19.1 deg.C,0.0 deg.C,145Ah,Discharge
2026-06-21 08:30:53,52.3V,0.0A,0.0A,24.5A,-24.2A,18.8 deg.C,0.0 deg.C,149Ah,Discharge
2026-06-21 08:20:53,52.4V,0.0A,0.0A,28.8A,-28.4A,18.8 deg.C,0.0 deg.C,154Ah,Discharge
2026-06-21 08:10:53,52.6V,0.0A,0.0A,24.0A,-24.2A,18.7 deg.C,0.0 deg.C,159Ah,Discharge
2026-06-21 08:00:53,52.6V,0.0A,0.0A,24.7A,-25.6A,18.8 deg.C,0.0 deg.C,163Ah,Discharge
2026-06-21 07:50:53,52.7V,0.0A,0.0A,28.5A,-28.4A,18.9 deg.C,0.0 deg.C,167Ah,Discharge
2026-06-21 07:40:53,52.8V,0.0A,0.0A,24.1A,-24.4A,19.1 deg.C,0.0 deg.C,172Ah,Discharge
2026-06-21 07:30:53,52.9V,0.0A,0.0A,29.1A,-27.7A,19.1 deg.C,0.0 deg.C,176Ah,Discharge
2026-06-21 07:20:53,53.0V,0.0A,0.0A,27.5A,-27.9A,19.4 deg.C,0.0 deg.C,180Ah,Discharge
2026-06-21 07:10:53,53.1V,0.0A,0.0A,27.0A,-27.6A,19.6 deg.C,0.0 deg.C,185Ah,Discharge
2026-06-21 07:00:53,53.2V,0.0A,0.0A,29.5A,-30.3A,19.9 deg.C,0.0 deg.C,190Ah,Discharge
2026-06-21 06:50:53,53.3V,0.0A,0.0A,26.2A,-26.8A,20.1 deg.C,0.0 deg.C,195Ah,Discharge
2026-06-21 06:40:53,53.4V,0.0A,0.0A,26.7A,-27.0A,20.4 deg.C,0.0 deg.C,199Ah,Discharge
2026-06-21 06:30:53,53.5V,0.0A,0.0A,27.1A,-26.8A,20.4 deg.C,0.0 deg.C,203Ah,Discharge
2026-06-21 06:20:53,53.6V,0.0A,0.0A,31.3A,-30.9A,20.8 deg.C,0.0 deg.C,208Ah,Discharge
2026-06-21 06:10:53,53.9V,0.0A,0.0A,26.9A,-26.7A,21.3 deg.C,0.0 deg.C,213Ah,Discharge
2026-06-21 06:00:53,54.1V,0.0A,0.0A,26.0A,-26.0A,21.7 deg.C,0.0 deg.C,218Ah,Discharge
2026-06-21 05:50:53,54.2V,0.0A,0.0A,25.9A,-25.6A,21.9 deg.C,0.0 deg.C,222Ah,Discharge
2026-06-21 05:40:53,54.4V,0.0A,0.0A,25.0A,-25.7A,22.3 deg.C,0.0 deg.C,226Ah,Discharge
2026-06-21 05:30:53,55.1V,0.0A,0.0A,0.0A,25.7A,22.3 deg.C,0.0 deg.C,229Ah,Float
2026-06-21 05:20:53,55.0V,0.0A,0.0A,0.0A,30.3A,22.4 deg.C,0.0 deg.C,223Ah,Float
2026-06-21 05:10:53,54.9V,0.0A,0.0A,0.0A,30.0A,22.4 deg.C,0.0 deg.C,218Ah,Float
2026-06-21 05:00:53,54.7V,0.0A,0.0A,0.0A,30.1A,22.3 deg.C,0.0 deg.C,214Ah,Float
2026-06-21 04:50:53,54.6V,0.0A,0.0A,0.0A,26.3A,22.3 deg.C,0.0 deg.C,209Ah,Float
2026-06-21 04:40:53,54.5V,0.0A,0.0A,0.0A,30.4A,22.3 deg.C,0.0 deg.C,204Ah,Float
2026-06-21 04:30:53,54.4V,0.0A,0.0A,0.0A,30.2A,22.3 deg.C,0.0 deg.C,199Ah,Float
2026-06-21 04:20:53,54.2V,0.0A,0.0A,0.0A,30.2A,22.4 deg.C,0.0 deg.C,194Ah,Float
2026-06-21 04:10:53,54.1V,0.0A,0.0A,0.0A,26.2A,22.3 deg.C,0.0 deg.C,189Ah,Float
2026-06-21 04:00:53,54.0V,0.0A,0.0A,0.0A,30.0A,22.2 deg.C,0.0 deg.C,185Ah,Float
2026-06-21 03:50:53,53.9V,0.0A,0.0A,0.0A,30.3A,22.1 deg.C,0.0 deg.C,180Ah,Float
2026-06-21 03:40:53,53.8V,0.0A,0.0A,0.0A,30.4A,21.8 deg.C,0.0 deg.C,175Ah,Float
2026-06-21 03:30:53,53.7V,0.0A,0.0A,0.0A,26.5A,21.6 deg.C,0.0 deg.C,170Ah,Float
2026-06-21 03:20:53,53.6V,0.0A,0.0A,0.0A,30.7A,21.1 deg.C,0.0 deg.C,165Ah,Float
2026-06-21 03:10:53,53.5V,0.0A,0.0A,0.0A,29.8A,20.4 deg.C,0.0 deg.C,160Ah,Float
2026-06-21 03:00:53,53.4V,0.0A,0.0A,0.0A,30.6A,19.7 deg.C,0.0 deg.C,155Ah,Float
2026-06-21 02:50:53,53.2V,0.0A,0.0A,0.0A,24.5A,20.9 deg.C,0.0 deg.C,151Ah,Float
2026-06-21 02:40:53,53.2V,0.0A,0.0A,0.0A,30.8A,22.5 deg.C,0.0 deg.C,146Ah,Float
2026-06-21 02:30:53,53.0V,0.0A,0.0A,0.0A,30.9A,22.6 deg.C,0.0 deg.C,141Ah,Float
2026-06-21 02:20:53,52.9V,0.0A,0.0A,0.0A,31.1A,22.5 deg.C,0.0 deg.C,136Ah,Float
2026-06-21 02:10:53,52.8V,0.0A,0.0A,0.0A,25.8A,22.4 deg.C,0.0 deg.C,131Ah,Float
2026-06-21 02:00:53,52.7V,0.0A,0.0A,0.0A,30.9A,22.2 deg.C,0.0 deg.C,127Ah,Float
2026-06-21 01:50:53,52.6V,0.0A,0.0A,0.0A,30.6A,22.2 deg.C,0.0 deg.C,122Ah,Float
2026-06-21 01:40:53,52.4V,0.0A,0.0A,0.0A,26.4A,22.2 deg.C,0.0 deg.C,117Ah,Float
2026-06-21 01:30:53,52.3V,0.0A,0.0A,0.0A,28.1A,22.0 deg.C,0.0 deg.C,112Ah,Float
2026-06-21 01:20:53,52.2V,0.0A,0.0A,0.0A,29.6A,21.7 deg.C,0.0 deg.C,107Ah,Float
2026-06-21 01:10:53,52.1V,0.0A,0.0A,0.0A,30.8A,21.4 deg.C,0.0 deg.C,102Ah,Float
2026-06-21 01:00:53,52.0V,0.0A,0.0A,0.0A,26.5A,20.8 deg.C,0.0 deg.C,97Ah,Float
2026-06-21 00:50:53,51.9V,0.0A,0.0A,0.0A,29.6A,20.1 deg.C,0.0 deg.C,93Ah,Float
2026-06-21 00:40:53,51.8V,0.0A,0.0A,0.0A,30.4A,19.2 deg.C,0.0 deg.C,88Ah,Float
2026-06-21 00:30:53,51.7V,0.0A,0.0A,0.0A,24.3A,19.6 deg.C,0.0 deg.C,83Ah,Float
2026-06-21 00:20:53,51.7V,0.0A,0.0A,0.0A,29.1A,20.5 deg.C,0.0 deg.C,79Ah,Float
2026-06-21 00:10:53,51.6V,0.0A,0.0A,0.0A,28.2A,22.3 deg.C,0.0 deg.C,74Ah,Float
2026-06-21 00:00:53,51.5V,0.0A,0.0A,0.0A,30.5A,22.2 deg.C,0.0 deg.C,69Ah,Float
2026-06-20 23:50:53,51.4V,0.0A,0.0A,0.0A,26.0A,21.9 deg.C,0.0 deg.C,65Ah,Float
2026-06-20 23:40:53,51.3V,0.0A,0.0A,0.0A,29.9A,21.5 deg.C,0.0 deg.C,60Ah,Float
2026-06-20 23:30:53,51.2V,0.0A,0.0A,0.0A,30.4A,20.9 deg.C,0.0 deg.C,54Ah,Float
2026-06-20 23:20:53,51.1V,0.0A,0.0A,0.0A,26.0A,20.1 deg.C,0.0 deg.C,50Ah,Float
2026-06-20 23:10:53,51.0V,0.0A,0.0A,0.0A,30.4A,19.2 deg.C,0.0 deg.C,45Ah,Float
2026-06-20 23:00:53,50.8V,0.0A,0.0A,0.0A,29.6A,19.4 deg.C,0.0 deg.C,40Ah,Float
2026-06-20 22:50:53,50.6V,0.0A,0.0A,0.0A,25.0A,19.6 deg.C,0.0 deg.C,36Ah,Float
2026-06-20 22:40:53,50.6V,0.0A,0.0A,0.0A,28.7A,19.9 deg.C,0.0 deg.C,32Ah,Float
2026-06-20 22:30:53,50.4V,0.0A,0.0A,0.0A,29.6A,20.1 deg.C,0.0 deg.C,27Ah,Float
2026-06-20 22:20:53,50.3V,0.0A,0.0A,0.0A,25.5A,20.3 deg.C,0.0 deg.C,22Ah,Float
2026-06-20 22:10:53,50.1V,0.0A,0.0A,0.0A,28.0A,20.8 deg.C,0.0 deg.C,18Ah,Float
2026-06-20 22:00:53,49.9V,0.0A,0.0A,0.0A,25.5A,21.9 deg.C,0.0 deg.C,13Ah,Float
2026-06-20 21:50:53,49.7V,0.0A,0.0A,0.0A,26.1A,22.5 deg.C,0.0 deg.C,9Ah,Float
2026-06-20 21:40:53,49.6V,0.0A,0.0A,0.0A,29.7A,22.1 deg.C,0.0 deg.C,4Ah,Float
2026-06-20 21:30:53,49.2V,0.0A,0.0A,0.0A,25.1A,21.9 deg.C,0.0 deg.C,0Ah,Float
2026-06-20 21:20:53,48.7V,0.0A,0.0A,36.0A,-36.0A,21.9 deg.C,0.0 deg.C,0Ah,Discharge
2026-06-20 21:10:53,48.9V,0.0A,0.0A,32.0A,-31.6A,21.9 deg.C,0.0 deg.C,4Ah,Discharge
2026-06-20 21:00:53,49.0V,0.0A,0.0A,36.8A,-36.1A,21.9 deg.C,0.0 deg.C,10Ah,Discharge
2026-06-20 20:50:53,49.2V,0.0A,0.0A,34.1A,-35.1A,21.9 deg.C,0.0 deg.C,16Ah,Discharge
2026-06-20 20:40:53,49.4V,0.0A,0.0A,30.3A,-30.8A,21.9 deg.C,0.0 deg.C,21Ah,Discharge
2026-06-20 20:30:53,49.4V,0.0A,0.0A,35.7A,-35.6A,21.9 deg.C,0.0 deg.C,27Ah,Discharge
2026-06-20 20:20:53,49.6V,0.0A,0.0A,33.9A,-32.3A,21.9 deg.C,0.0 deg.C,32Ah,Discharge
2026-06-20 20:10:53,49.7V,0.0A,0.0A,31.4A,-30.1A,22.0 deg.C,0.0 deg.C,37Ah,Discharge
2026-06-20 20:00:53,49.8V,0.0A,0.0A,35.2A,-34.5A,22.1 deg.C,0.0 deg.C,43Ah,Discharge
2026-06-20 19:50:53,50.0V,0.0A,0.0A,29.8A,-30.5A,22.1 deg.C,0.0 deg.C,49Ah,Discharge
2026-06-20 19:40:53,50.1V,0.0A,0.0A,29.5A,-29.9A,22.2 deg.C,0.0 deg.C,54Ah,Discharge
2026-06-20 19:30:53,50.2V,0.0A,0.0A,35.2A,-34.0A,22.3 deg.C,0.0 deg.C,59Ah,Discharge
2026-06-20 19:20:53,50.4V,0.0A,0.0A,25.8A,-26.2A,22.4 deg.C,0.0 deg.C,65Ah,Discharge
2026-06-20 19:10:53,50.5V,0.0A,0.0A,30.8A,-30.5A,22.6 deg.C,0.0 deg.C,69Ah,Discharge
2026-06-20 19:00:53,50.6V,0.0A,0.0A,30.5A,-30.2A,22.6 deg.C,0.0 deg.C,74Ah,Discharge
2026-06-20 18:50:53,50.7V,0.0A,0.0A,26.4A,-25.4A,22.7 deg.C,0.0 deg.C,79Ah,Discharge
2026-06-20 18:40:53,50.7V,0.0A,0.0A,30.1A,-30.5A,22.8 deg.C,0.0 deg.C,84Ah,Discharge
2026-06-20 18:30:53,50.9V,0.0A,0.0A,28.5A,-28.0A,22.7 deg.C,0.0 deg.C,89Ah,Discharge
2026-06-20 18:20:53,51.0V,0.0A,0.0A,29.8A,-29.8A,22.5 deg.C,0.0 deg.C,93Ah,Discharge
2026-06-20 18:10:53,51.0V,0.0A,0.0A,31.6A,-31.3A,22.2 deg.C,0.0 deg.C,98Ah,Discharge
2026-06-20 18:00:53,51.2V,0.0A,0.0A,25.7A,-25.9A,21.5 deg.C,0.0 deg.C,103Ah,Discharge
2026-06-20 17:50:53,51.2V,0.0A,0.0A,31.5A,-31.2A,20.9 deg.C,0.0 deg.C,108Ah,Discharge
2026-06-20 17:40:53,51.4V,0.0A,0.0A,31.3A,-30.5A,21.1 deg.C,0.0 deg.C,113Ah,Discharge
2026-06-20 17:30:53,51.5V,0.0A,0.0A,27.2A,-27.1A,21.3 deg.C,0.0 deg.C,118Ah,Discharge
2026-06-20 17:20:53,51.6V,0.0A,0.0A,31.4A,-31.4A,21.5 deg.C,0.0 deg.C,123Ah,Discharge
2026-06-20 17:10:53,51.8V,0.0A,0.0A,29.7A,-30.6A,21.6 deg.C,0.0 deg.C,129Ah,Discharge
2026-06-20 17:00:53,51.9V,0.0A,0.0A,32.5A,-32.3A,21.7 deg.C,0.0 deg.C,134Ah,Discharge
2026-06-20 16:50:53,52.0V,0.0A,0.0A,32.0A,-30.7A,21.8 deg.C,0.0 deg.C,139Ah,Discharge
2026-06-20 16:40:53,52.1V,0.0A,0.0A,30.4A,-30.6A,21.8 deg.C,0.0 deg.C,144Ah,Discharge
2026-06-20 16:30:53,52.2V,0.0A,0.0A,30.8A,-30.8A,21.8 deg.C,0.0 deg.C,149Ah,Discharge
2026-06-20 16:20:53,52.4V,0.0A,0.0A,30.2A,-30.7A,21.8 deg.C,0.0 deg.C,154Ah,Discharge
2026-06-20 16:10:53,52.5V,0.0A,0.0A,30.9A,-30.6A,21.7 deg.C,0.0 deg.C,160Ah,Discharge
2026-06-20 16:00:53,52.6V,0.0A,0.0A,32.0A,-32.0A,21.7 deg.C,0.0 deg.C,165Ah,Discharge
2026-06-20 15:50:53,52.7V,0.0A,0.0A,31.9A,-32.1A,21.7 deg.C,0.0 deg.C,170Ah,Discharge
2026-06-20 15:40:53,52.8V,0.0A,0.0A,31.0A,-31.3A,21.6 deg.C,0.0 deg.C,176Ah,Discharge
2026-06-20 15:30:53,52.9V,0.0A,0.0A,32.0A,-32.1A,21.6 deg.C,0.0 deg.C,181Ah,Discharge
2026-06-20 15:20:53,53.1V,0.0A,0.0A,31.5A,-31.9A,21.6 deg.C,0.0 deg.C,186Ah,Discharge
2026-06-20 15:10:53,53.2V,0.0A,0.0A,31.4A,-31.9A,21.6 deg.C,0.0 deg.C,192Ah,Discharge
2026-06-20 15:00:53,53.3V,0.0A,0.0A,32.7A,-32.7A,21.6 deg.C,0.0 deg.C,197Ah,Discharge
2026-06-20 14:50:53,53.4V,0.0A,0.0A,33.2A,-33.0A,21.7 deg.C,0.0 deg.C,202Ah,Discharge
2026-06-20 14:40:53,53.5V,0.0A,0.0A,33.1A,-33.9A,21.8 deg.C,0.0 deg.C,208Ah,Discharge
2026-06-20 14:30:53,53.8V,0.0A,0.0A,32.2A,-32.4A,22.0 deg.C,0.0 deg.C,213Ah,Discharge
2026-06-20 14:20:53,54.0V,0.0A,0.0A,34.7A,-33.9A,22.3 deg.C,0.0 deg.C,219Ah,Discharge
2026-06-20 14:10:53,54.9V,0.0A,0.0A,0.0A,22.4A,22.6 deg.C,0.0 deg.C,224Ah,Float
2026-06-20 14:00:53,54.8V,0.0A,0.0A,0.0A,22.9A,22.5 deg.C,0.0 deg.C,220Ah,Float
2026-06-20 13:50:53,54.7V,0.0A,0.0A,0.0A,22.7A,22.5 deg.C,0.0 deg.C,216Ah,Float
2026-06-20 13:40:53,54.6V,0.0A,0.0A,0.0A,22.6A,22.4 deg.C,0.0 deg.C,212Ah,Float
2026-06-20 13:30:53,54.5V,0.0A,0.0A,0.0A,23.0A,22.4 deg.C,0.0 deg.C,209Ah,Float
2026-06-20 13:20:53,54.4V,0.0A,0.0A,0.0A,22.4A,22.3 deg.C,0.0 deg.C,205Ah,Float
2026-06-20 13:10:53,54.3V,0.0A,0.0A,0.0A,23.3A,22.2 deg.C,0.0 deg.C,201Ah,Float
2026-06-20 13:00:53,54.2V,0.0A,0.0A,0.0A,23.3A,22.1 deg.C,0.0 deg.C,197Ah,Float
2026-06-20 12:50:53,54.1V,0.0A,0.0A,0.0A,23.6A,21.9 deg.C,0.0 deg.C,193Ah,Float
2026-06-20 12:40:53,54.0V,0.0A,0.0A,0.0A,23.3A,21.9 deg.C,0.0 deg.C,189Ah,Float
2026-06-20 12:30:53,54.0V,0.0A,0.0A,0.0A,24.3A,21.9 deg.C,0.0 deg.C,185Ah,Float
2026-06-20 12:20:53,53.9V,0.0A,0.0A,0.0A,23.6A,21.9 deg.C,0.0 deg.C,182Ah,Float
2026-06-20 12:10:53,53.8V,0.0A,0.0A,0.0A,24.2A,21.8 deg.C,0.0 deg.C,178Ah,Float
2026-06-20 12:00:53,53.7V,0.0A,0.0A,0.0A,25.3A,21.7 deg.C,0.0 deg.C,173Ah,Float
2026-06-20 11:50:53,53.6V,0.0A,0.0A,0.0A,25.9A,21.5 deg.C,0.0 deg.C,169Ah,Float
2026-06-20 11:40:53,53.5V,0.0A,0.0A,0.0A,25.0A,21.4 deg.C,0.0 deg.C,165Ah,Float
2026-06-20 11:30:53,53.4V,0.0A,0.0A,0.0A,26.1A,21.4 deg.C,0.0 deg.C,161Ah,Float
2026-06-20 11:20:53,53.3V,0.0A,0.0A,0.0A,25.6A,21.3 deg.C,0.0 deg.C,156Ah,Float
2026-06-20 11:10:53,53.2V,0.0A,0.0A,0.0A,26.9A,21.2 deg.C,0.0 deg.C,152Ah,Float
2026-06-20 11:00:53,53.1V,0.0A,0.0A,0.0A,26.9A,21.1 deg.C,0.0 deg.C,147Ah,Float
2026-06-20 10:50:53,53.0V,0.0A,0.0A,0.0A,27.3A,20.9 deg.C,0.0 deg.C,143Ah,Float
2026-06-20 10:40:53,53.0V,0.0A,0.0A,0.0A,32.0A,20.8 deg.C,0.0 deg.C,138Ah,Float
2026-06-20 10:30:53,52.8V,0.0A,0.0A,0.0A,27.7A,20.6 deg.C,0.0 deg.C,134Ah,Float
2026-06-20 10:20:53,52.7V,0.0A,0.0A,0.0A,27.9A,20.4 deg.C,0.0 deg.C,129Ah,Float
2026-06-20 10:10:53,52.6V,0.0A,0.0A,0.0A,28.1A,20.2 deg.C,0.0 deg.C,125Ah,Float
2026-06-20 10:00:53,52.5V,0.0A,0.0A,0.0A,28.1A,20.0 deg.C,0.0 deg.C,120Ah,Float
2026-06-20 09:50:53,52.4V,0.0A,0.0A,0.0A,27.2A,20.0 deg.C,0.0 deg.C,115Ah,Float
2026-06-20 09:40:53,52.2V,0.0A,0.0A,0.0A,27.4A,20.4 deg.C,0.0 deg.C,110Ah,Float
2026-06-20 09:30:53,52.2V,0.0A,0.0A,0.0A,28.7A,21.5 deg.C,0.0 deg.C,106Ah,Float
2026-06-20 09:20:53,52.1V,0.0A,0.0A,0.0A,28.2A,21.9 deg.C,0.0 deg.C,101Ah,Float
2026-06-20 09:10:53,52.0V,0.0A,0.0A,0.0A,29.2A,21.4 deg.C,0.0 deg.C,96Ah,Float
2026-06-20 09:00:53,51.9V,0.0A,0.0A,0.0A,28.8A,20.8 deg.C,0.0 deg.C,91Ah,Float
2026-06-20 08:50:53,51.8V,0.0A,0.0A,0.0A,29.7A,20.3 deg.C,0.0 deg.C,86Ah,Float
2026-06-20 08:40:53,51.7V,0.0A,0.0A,0.0A,30.1A,19.8 deg.C,0.0 deg.C,81Ah,Float
2026-06-20 08:30:53,51.6V,0.0A,0.0A,0.0A,30.1A,19.5 deg.C,0.0 deg.C,76Ah,Float
2026-06-20 08:20:53,51.5V,0.0A,0.0A,0.0A,33.4A,19.2 deg.C,0.0 deg.C,70Ah,Float
2026-06-20 08:10:53,51.4V,0.0A,0.0A,0.0A,29.8A,19.0 deg.C,0.0 deg.C,64Ah,Float
2026-06-20 08:00:53,51.3V,0.0A,0.0A,0.0A,31.9A,18.8 deg.C,0.0 deg.C,60Ah,Float
2026-06-20 07:50:53,51.2V,0.0A,0.0A,0.0A,34.4A,18.8 deg.C,0.0 deg.C,54Ah,Float
2026-06-20 07:40:53,51.1V,0.0A,0.0A,0.0A,34.9A,18.7 deg.C,0.0 deg.C,48Ah,Float
2026-06-20 07:30:53,50.9V,0.0A,0.0A,0.0A,33.7A,18.4 deg.C,0.0 deg.C,43Ah,Float
2026-06-20 07:20:53,50.8V,0.0A,0.0A,0.0A,31.5A,18.2 deg.C,0.0 deg.C,37Ah,Float
2026-06-20 07:10:53,50.6V,0.0A,0.0A,0.0A,27.6A,18.1 deg.C,0.0 deg.C,32Ah,Float
2026-06-20 07:00:53,50.5V,0.0A,0.0A,0.0A,32.2A,18.0 deg.C,0.0 deg.C,27Ah,Float
2026-06-20 06:50:53,50.3V,0.0A,0.0A,0.0A,32.5A,17.7 deg.C,0.0 deg.C,22Ah,Float
2026-06-20 06:40:53,50.1V,0.0A,0.0A,0.0A,33.0A,17.4 deg.C,0.0 deg.C,17Ah,Float
2026-06-20 06:30:53,49.9V,0.0A,0.0A,0.0A,32.2A,17.2 deg.C,0.0 deg.C,11Ah,Float
2026-06-20 06:20:53,49.6V,0.0A,0.0A,0.0A,32.3A,16.9 deg.C,0.0 deg.C,6Ah,Float
2026-06-20 06:10:53,49.3V,0.0A,0.0A,0.0A,25.8A,16.6 deg.C,0.0 deg.C,0Ah,Float
2026-06-20 06:00:53,48.7V,0.0A,0.0A,29.2A,-29.8A,16.5 deg.C,0.0 deg.C,0Ah,Discharge
2026-06-20 05:50:53,48.8V,0.0A,0.0A,29.2A,-29.1A,16.5 deg.C,0.0 deg.C,2Ah,Discharge
2026-06-20 05:40:53,49.0V,0.0A,0.0A,29.3A,-28.8A,16.5 deg.C,0.0 deg.C,7Ah,Discharge
2026-06-20 05:30:53,49.1V,0.0A,0.0A,29.0A,-28.6A,16.6 deg.C,0.0 deg.C,12Ah,Discharge
2026-06-20 05:20:53,49.3V,0.0A,0.0A,27.9A,-27.8A,16.7 deg.C,0.0 deg.C,16Ah,Discharge
2026-06-20 05:10:53,49.3V,0.0A,0.0A,33.6A,-34.3A,16.7 deg.C,0.0 deg.C,22Ah,Discharge
2026-06-20 05:00:53,49.5V,0.0A,0.0A,31.3A,-30.7A,16.7 deg.C,0.0 deg.C,27Ah,Discharge
2026-06-20 04:50:53,49.6V,0.0A,0.0A,27.8A,-28.0A,16.7 deg.C,0.0 deg.C,32Ah,Discharge
2026-06-20 04:40:53,49.7V,0.0A,0.0A,28.8A,-27.7A,16.8 deg.C,0.0 deg.C,36Ah,Discharge
2026-06-20 04:30:53,49.8V,0.0A,0.0A,28.7A,-28.9A,16.8 deg.C,0.0 deg.C,41Ah,Discharge
2026-06-20 04:20:53,49.9V,0.0A,0.0A,27.5A,-27.7A,16.8 deg.C,0.0 deg.C,46Ah,Discharge
2026-06-20 04:10:53,50.0V,0.0A,0.0A,31.3A,-31.9A,16.8 deg.C,0.0 deg.C,51Ah,Discharge
2026-06-20 04:00:53,50.2V,0.0A,0.0A,28.3A,-28.6A,16.9 deg.C,0.0 deg.C,56Ah,Discharge
2026-06-20 03:50:53,50.3V,0.0A,0.0A,27.3A,-27.8A,17.1 deg.C,0.0 deg.C,60Ah,Discharge
2026-06-20 03:40:53,50.4V,0.0A,0.0A,28.5A,-28.2A,17.2 deg.C,0.0 deg.C,65Ah,Discharge
2026-06-20 03:30:53,50.5V,0.0A,0.0A,27.3A,-27.1A,17.3 deg.C,0.0 deg.C,69Ah,Discharge
2026-06-20 03:20:53,50.5V,0.0A,0.0A,31.8A,-31.5A,17.4 deg.C,0.0 deg.C,74Ah,Discharge
2026-06-20 03:10:53,50.7V,0.0A,0.0A,30.5A,-30.0A,17.5 deg.C,0.0 deg.C,80Ah,Discharge
2026-06-20 03:00:53,50.8V,0.0A,0.0A,28.3A,-28.0A,17.6 deg.C,0.0 deg.C,84Ah,Discharge
2026-06-20 02:50:53,50.9V,0.0A,0.0A,28.5A,-27.8A,17.7 deg.C,0.0 deg.C,89Ah,Discharge
2026-06-20 02:40:53,51.0V,0.0A,0.0A,28.0A,-28.1A,17.9 deg.C,0.0 deg.C,93Ah,Discharge
2026-06-20 02:30:53,51.0V,0.0A,0.0A,32.0A,-31.6A,18.0 deg.C,0.0 deg.C,98Ah,Discharge
2026-06-20 02:20:53,51.2V,0.0A,0.0A,27.4A,-27.6A,18.2 deg.C,0.0 deg.C,104Ah,Discharge
2026-06-20 02:10:53,51.3V,0.0A,0.0A,27.9A,-28.0A,18.4 deg.C,0.0 deg.C,108Ah,Discharge
2026-06-20 02:00:53,51.4V,0.0A,0.0A,27.8A,-28.4A,18.5 deg.C,0.0 deg.C,113Ah,Discharge
2026-06-20 01:50:53,51.5V,0.0A,0.0A,27.5A,-27.8A,18.7 deg.C,0.0 deg.C,117Ah,Discharge
2026-06-20 01:40:53,51.6V,0.0A,0.0A,32.5A,-32.3A,18.9 deg.C,0.0 deg.C,122Ah,Discharge
2026-06-20 01:30:53,51.8V,0.0A,0.0A,28.0A,-28.0A,19.0 deg.C,0.0 deg.C,127Ah,Discharge
2026-06-20 01:20:53,51.9V,0.0A,0.0A,27.4A,-27.8A,19.2 deg.C,0.0 deg.C,132Ah,Discharge
2026-06-20 01:10:53,52.0V,0.0A,0.0A,27.2A,-27.7A,19.4 deg.C,0.0 deg.C,137Ah,Discharge
2026-06-20 01:00:53,52.1V,0.0A,0.0A,31.8A,-31.9A,19.6 deg.C,0.0 deg.C,142Ah,Discharge
2026-06-20 00:50:53,52.2V,0.0A,0.0A,29.3A,-28.9A,19.7 deg.C,0.0 deg.C,147Ah,Discharge
2026-06-20 00:40:53,52.3V,0.0A,0.0A,28.8A,-28.8A,19.9 deg.C,0.0 deg.C,152Ah,Discharge
2026-06-20 00:30:53,52.4V,0.0A,0.0A,28.4A,-28.4A,20.0 deg.C,0.0 deg.C,156Ah,Discharge
2026-06-20 00:20:53,52.5V,0.0A,0.0A,31.8A,-31.9A,20.2 deg.C,0.0 deg.C,162Ah,Discharge
2026-06-20 00:10:53,52.7V,0.0A,0.0A,28.0A,-27.9A,20.3 deg.C,0.0 deg.C,167Ah,Discharge
2026-06-20 00:00:53,52.8V,0.0A,0.0A,27.6A,-28.4A,20.6 deg.C,0.0 deg.C,171Ah,Discharge
2026-06-19 23:50:53,52.9V,0.0A,0.0A,30.2A,-29.3A,20.8 deg.C,0.0 deg.C,176Ah,Discharge
2026-06-19 23:40:53,53.0V,0.0A,0.0A,32.0A,-32.4A,21.1 deg.C,0.0 deg.C,181Ah,Discharge
2026-06-19 23:30:53,53.1V,0.0A,0.0A,30.0A,-28.6A,21.3 deg.C,0.0 deg.C,186Ah,Discharge
2026-06-19 23:20:53,53.2V,0.0A,0.0A,27.5A,-27.8A,21.6 deg.C,0.0 deg.C,191Ah,Discharge
2026-06-19 23:10:53,53.3V,0.0A,0.0A,31.3A,-32.2A,21.9 deg.C,0.0 deg.C,196Ah,Discharge
2026-06-19 23:00:53,53.5V,0.0A,0.0A,27.3A,-27.9A,22.1 deg.C,0.0 deg.C,201Ah,Discharge
2026-06-19 22:50:53,53.7V,0.0A,0.0A,28.6A,-29.0A,22.3 deg.C,0.0 deg.C,206Ah,Discharge
2026-06-19 22:40:53,54.5V,0.0A,0.0A,0.0A,26.9A,22.3 deg.C,0.0 deg.C,208Ah,Float
2026-06-19 22:30:53,54.4V,0.0A,0.0A,0.0A,23.7A,22.0 deg.C,0.0 deg.C,204Ah,Float
2026-06-19 22:20:53,54.3V,0.0A,0.0A,0.0A,27.3A,21.5 deg.C,0.0 deg.C,200Ah,Float
2026-06-19 22:10:53,54.2V,0.0A,0.0A,0.0A,28.2A,20.6 deg.C,0.0 deg.C,195Ah,Float
2026-06-19 22:00:53,54.1V,0.0A,0.0A,0.0A,23.6A,19.8 deg.C,0.0 deg.C,191Ah,Float
2026-06-19 21:50:53,54.0V,0.0A,0.0A,0.0A,27.5A,20.0 deg.C,0.0 deg.C,186Ah,Float
2026-06-19 21:40:53,53.9V,0.0A,0.0A,0.0A,27.0A,20.2 deg.C,0.0 deg.C,182Ah,Float
2026-06-19 21:30:53,53.8V,0.0A,0.0A,0.0A,21.8A,20.8 deg.C,0.0 deg.C,178Ah,Float
2026-06-19 21:20:53,53.8V,0.0A,0.0A,0.0A,25.7A,22.1 deg.C,0.0 deg.C,174Ah,Float
2026-06-19 21:10:53,53.7V,0.0A,0.0A,0.0A,27.6A,22.8 deg.C,0.0 deg.C,169Ah,Float
2026-06-19 21:00:53,53.5V,0.0A,0.0A,0.0A,24.9A,22.5 deg.C,0.0 deg.C,165Ah,Float
2026-06-19 20:50:53,53.5V,0.0A,0.0A,0.0A,28.3A,21.9 deg.C,0.0 deg.C,161Ah,Float
2026-06-19 20:40:53,53.3V,0.0A,0.0A,0.0A,27.9A,21.2 deg.C,0.0 deg.C,156Ah,Float
2026-06-19 20:30:53,53.2V,0.0A,0.0A,0.0A,24.5A,20.2 deg.C,0.0 deg.C,152Ah,Float
2026-06-19 20:20:53,53.1V,0.0A,0.0A,0.0A,27.3A,19.7 deg.C,0.0 deg.C,147Ah,Float
2026-06-19 20:10:53,53.0V,0.0A,0.0A,0.0A,28.2A,19.8 deg.C,0.0 deg.C,143Ah,Float
2026-06-19 20:00:53,52.9V,0.0A,0.0A,0.0A,24.6A,19.9 deg.C,0.0 deg.C,139Ah,Float
2026-06-19 19:50:53,52.8V,0.0A,0.0A,0.0A,28.9A,20.0 deg.C,0.0 deg.C,134Ah,Float
2026-06-19 19:40:53,52.7V,0.0A,0.0A,0.0A,27.9A,20.1 deg.C,0.0 deg.C,130Ah,Float
2026-06-19 19:30:53,52.6V,0.0A,0.0A,0.0A,25.6A,20.2 deg.C,0.0 deg.C,125Ah,Float
2026-06-19 19:20:53,52.5V,0.0A,0.0A,0.0A,29.3A,20.3 deg.C,0.0 deg.C,121Ah,Float
2026-06-19 19:10:53,52.4V,0.0A,0.0A,0.0A,28.4A,20.4 deg.C,0.0 deg.C,116Ah,Float
2026-06-19 19:00:53,52.3V,0.0A,0.0A,0.0A,28.8A,20.4 deg.C,0.0 deg.C,111Ah,Float
2026-06-19 18:50:53,52.2V,0.0A,0.0A,0.0A,32.1A,20.6 deg.C,0.0 deg.C,106Ah,Float
2026-06-19 18:40:53,52.0V,0.0A,0.0A,0.0A,28.2A,20.7 deg.C,0.0 deg.C,101Ah,Float
2026-06-19 18:30:53,52.0V,0.0A,0.0A,0.0A,32.5A,20.7 deg.C,0.0 deg.C,96Ah,Float
2026-06-19 18:20:53,51.8V,0.0A,0.0A,0.0A,21.8A,20.7 deg.C,0.0 deg.C,91Ah,Float
2026-06-19 18:10:53,51.8V,0.0A,0.0A,0.0A,28.7A,20.6 deg.C,0.0 deg.C,86Ah,Float
2026-06-19 18:00:53,51.8V,0.0A,0.0A,0.0A,37.6A,20.6 deg.C,0.0 deg.C,80Ah,Float
2026-06-19 17:50:53,51.5V,0.0A,0.0A,0.0A,24.8A,20.6 deg.C,0.0 deg.C,76Ah,Float
2026-06-19 17:40:53,51.5V,0.0A,0.0A,0.0A,23.5A,20.6 deg.C,0.0 deg.C,72Ah,Float
2026-06-19 17:30:53,51.4V,0.0A,0.0A,0.0A,24.1A,20.6 deg.C,0.0 deg.C,67Ah,Float
2026-06-19 17:20:53,51.3V,0.0A,0.0A,0.0A,23.1A,20.7 deg.C,0.0 deg.C,63Ah,Float
2026-06-19 17:10:53,51.2V,0.0A,0.0A,0.0A,23.9A,20.8 deg.C,0.0 deg.C,59Ah,Float
2026-06-19 17:00:53,51.1V,0.0A,0.0A,0.0A,24.4A,20.8 deg.C,0.0 deg.C,55Ah,Float
2026-06-19 16:50:53,51.0V,0.0A,0.0A,0.0A,24.0A,20.9 deg.C,0.0 deg.C,51Ah,Float
2026-06-19 16:40:53,51.0V,0.0A,0.0A,0.0A,23.7A,21.1 deg.C,0.0 deg.C,47Ah,Float
2026-06-19 16:30:53,50.8V,0.0A,0.0A,0.0A,23.5A,21.2 deg.C,0.0 deg.C,43Ah,Float
2026-06-19 16:20:53,50.7V,0.0A,0.0A,0.0A,24.1A,21.3 deg.C,0.0 deg.C,39Ah,Float
2026-06-19 16:10:53,50.6V,0.0A,0.0A,0.0A,22.9A,21.4 deg.C,0.0 deg.C,36Ah,Float
2026-06-19 16:00:53,50.5V,0.0A,0.0A,0.0A,22.6A,21.5 deg.C,0.0 deg.C,32Ah,Float
2026-06-19 15:50:53,50.4V,0.0A,0.0A,0.0A,22.8A,21.6 deg.C,0.0 deg.C,28Ah,Float
2026-06-19 15:40:53,50.3V,0.0A,0.0A,0.0A,23.2A,21.7 deg.C,0.0 deg.C,24Ah,Float
2026-06-19 15:30:53,50.1V,0.0A,0.0A,0.0A,23.5A,21.8 deg.C,0.0 deg.C,20Ah,Float
2026-06-19 15:20:53,50.1V,0.0A,0.0A,0.0A,32.4A,21.9 deg.C,0.0 deg.C,16Ah,Float
2026-06-19 15:10:53,49.8V,0.0A,0.0A,0.0A,20.8A,22.0 deg.C,0.0 deg.C,12Ah,Float
2026-06-19 15:00:53,49.6V,0.0A,0.0A,0.0A,23.0A,22.2 deg.C,0.0 deg.C,8Ah,Float
2026-06-19 14:50:53,49.5V,0.0A,0.0A,0.0A,25.8A,22.4 deg.C,0.0 deg.C,4Ah,Float
2026-06-19 14:40:53,49.1V,0.0A,0.0A,0.0A,26.7A,22.5 deg.C,0.0 deg.C,0Ah,Discharge
2026-06-19 14:30:53,48.6V,0.0A,0.0A,34.1A,-34.9A,22.5 deg.C,0.0 deg.C,0Ah,Discharge
2026-06-19 14:20:53,48.8V,0.0A,0.0A,33.4A,-34.5A,22.4 deg.C,0.0 deg.C,2Ah,Discharge
2026-06-19 14:10:52,49.0V,0.0A,0.0A,34.3A,-33.4A,22.3 deg.C,0.0 deg.C,8Ah,Discharge
2026-06-19 14:00:52,49.2V,0.0A,0.0A,35.0A,-32.9A,22.3 deg.C,0.0 deg.C,13Ah,Discharge
2026-06-19 13:50:52,49.3V,0.0A,0.0A,33.6A,-33.2A,22.2 deg.C,0.0 deg.C,19Ah,Discharge
2026-06-19 13:40:52,49.4V,0.0A,0.0A,38.8A,-39.7A,22.1 deg.C,0.0 deg.C,25Ah,Discharge
2026-06-19 13:30:52,49.5V,0.0A,0.0A,40.0A,-41.4A,22.0 deg.C,0.0 deg.C,32Ah,Discharge
2026-06-19 13:20:52,49.7V,0.0A,0.0A,34.1A,-35.0A,21.8 deg.C,0.0 deg.C,38Ah,Discharge
2026-06-19 13:10:52,49.8V,0.0A,0.0A,36.5A,-34.8A,21.7 deg.C,0.0 deg.C,44Ah,Discharge
2026-06-19 13:00:52,50.0V,0.0A,0.0A,36.0A,-34.6A,21.5 deg.C,0.0 deg.C,50Ah,Discharge
2026-06-19 12:50:52,50.1V,0.0A,0.0A,34.7A,-36.0A,21.4 deg.C,0.0 deg.C,56Ah,Discharge
2026-06-19 12:40:52,50.3V,0.0A,0.0A,33.9A,-34.9A,21.3 deg.C,0.0 deg.C,62Ah,Discharge
2026-06-19 12:30:52,50.3V,0.0A,0.0A,38.6A,-38.5A,21.2 deg.C,0.0 deg.C,68Ah,Discharge
2026-06-19 12:20:52,50.5V,0.0A,0.0A,40.1A,-39.5A,21.2 deg.C,0.0 deg.C,74Ah,Discharge
2026-06-19 12:10:52,50.6V,0.0A,0.0A,38.8A,-39.2A,21.3 deg.C,0.0 deg.C,81Ah,Discharge
2026-06-19 12:00:52,50.7V,0.0A,0.0A,39.9A,-39.4A,21.7 deg.C,0.0 deg.C,87Ah,Discharge
2026-06-19 11:50:52,50.9V,0.0A,0.0A,38.6A,-39.3A,22.5 deg.C,0.0 deg.C,94Ah,Discharge
2026-06-19 11:40:52,51.0V,0.0A,0.0A,38.2A,-38.1A,23.5 deg.C,0.0 deg.C,100Ah,Discharge
2026-06-19 11:30:52,51.2V,0.0A,0.0A,34.3A,-35.6A,22.9 deg.C,0.0 deg.C,106Ah,Discharge
2026-06-19 11:20:52,51.3V,0.0A,0.0A,35.8A,-36.6A,22.5 deg.C,0.0 deg.C,112Ah,Discharge
2026-06-19 11:10:52,51.5V,0.0A,0.0A,35.2A,-35.9A,22.1 deg.C,0.0 deg.C,118Ah,Discharge
2026-06-19 11:00:52,51.6V,0.0A,0.0A,34.5A,-35.6A,21.6 deg.C,0.0 deg.C,124Ah,Discharge
2026-06-19 10:50:52,51.8V,0.0A,0.0A,34.0A,-34.3A,21.2 deg.C,0.0 deg.C,130Ah,Discharge
2026-06-19 10:40:52,51.9V,0.0A,0.0A,34.4A,-34.8A,20.9 deg.C,0.0 deg.C,135Ah,Discharge
2026-06-19 10:30:52,52.1V,0.0A,0.0A,34.5A,-35.2A,20.5 deg.C,0.0 deg.C,141Ah,Discharge
2026-06-19 10:20:52,52.2V,0.0A,0.0A,37.5A,-36.8A,20.3 deg.C,0.0 deg.C,147Ah,Discharge
2026-06-19 10:10:52,52.4V,0.0A,0.0A,30.5A,-30.2A,20.2 deg.C,0.0 deg.C,153Ah,Discharge
2026-06-19 10:00:52,52.4V,0.0A,0.0A,35.2A,-35.8A,20.1 deg.C,0.0 deg.C,158Ah,Discharge
2026-06-19 09:50:52,52.6V,0.0A,0.0A,33.0A,-33.3A,20.0 deg.C,0.0 deg.C,164Ah,Discharge
2026-06-19 09:40:52,52.8V,0.0A,0.0A,31.3A,-30.8A,20.1 deg.C,0.0 deg.C,169Ah,Discharge
2026-06-19 09:30:52,52.8V,0.0A,0.0A,34.2A,-34.3A,20.2 deg.C,0.0 deg.C,174Ah,Discharge
2026-06-19 09:20:52,53.0V,0.0A,0.0A,30.2A,-30.3A,20.3 deg.C,0.0 deg.C,179Ah,Discharge
2026-06-19 09:10:52,53.1V,0.0A,0.0A,28.8A,-29.0A,20.4 deg.C,0.0 deg.C,185Ah,Discharge
2026-06-19 09:00:52,53.2V,0.0A,0.0A,29.9A,-29.7A,20.6 deg.C,0.0 deg.C,190Ah,Discharge
2026-06-19 08:50:52,53.3V,0.0A,0.0A,32.5A,-33.0A,20.9 deg.C,0.0 deg.C,195Ah,Discharge
2026-06-19 08:40:52,53.5V,0.0A,0.0A,29.7A,-29.0A,21.3 deg.C,0.0 deg.C,200Ah,Discharge
2026-06-19 08:30:52,54.5V,0.0A,0.0A,0.0A,26.0A,21.8 deg.C,0.0 deg.C,203Ah,Float
2026-06-19 08:20:52,54.4V,0.0A,0.0A,0.0A,26.3A,21.8 deg.C,0.0 deg.C,199Ah,Float
2026-06-19 08:10:52,54.2V,0.0A,0.0A,0.0A,22.6A,21.6 deg.C,0.0 deg.C,194Ah,Float
2026-06-19 08:00:52,54.2V,0.0A,0.0A,0.0A,25.9A,21.6 deg.C,0.0 deg.C,190Ah,Float
2026-06-19 07:50:52,54.1V,0.0A,0.0A,0.0A,27.0A,21.5 deg.C,0.0 deg.C,186Ah,Float
2026-06-19 07:40:52,54.0V,0.0A,0.0A,0.0A,24.5A,21.2 deg.C,0.0 deg.C,182Ah,Float
2026-06-19 07:30:52,53.8V,0.0A,0.0A,0.0A,16.1A,21.1 deg.C,0.0 deg.C,178Ah,Float
2026-06-19 07:20:52,53.8V,0.0A,0.0A,0.0A,20.8A,21.1 deg.C,0.0 deg.C,174Ah,Float
2026-06-19 07:10:52,53.7V,0.0A,0.0A,0.0A,23.2A,20.9 deg.C,0.0 deg.C,170Ah,Float
2026-06-19 07:00:52,53.6V,0.0A,0.0A,0.0A,25.2A,21.0 deg.C,0.0 deg.C,166Ah,Float
2026-06-19 06:50:52,53.5V,0.0A,0.0A,0.0A,25.9A,21.0 deg.C,0.0 deg.C,162Ah,Float
2026-06-19 06:40:52,53.4V,0.0A,0.0A,0.0A,25.3A,20.9 deg.C,0.0 deg.C,158Ah,Float
2026-06-19 06:30:52,53.3V,0.0A,0.0A,0.0A,21.3A,21.0 deg.C,0.0 deg.C,154Ah,Float
2026-06-19 06:20:52,53.2V,0.0A,0.0A,0.0A,26.1A,21.0 deg.C,0.0 deg.C,150Ah,Float
2026-06-19 06:10:52,53.1V,0.0A,0.0A,0.0A,26.3A,20.9 deg.C,0.0 deg.C,145Ah,Float
2026-06-19 06:00:52,53.0V,0.0A,0.0A,0.0A,26.5A,21.1 deg.C,0.0 deg.C,141Ah,Float
2026-06-19 05:50:52,52.9V,0.0A,0.0A,0.0A,26.8A,21.0 deg.C,0.0 deg.C,136Ah,Float
2026-06-19 05:40:52,52.8V,0.0A,0.0A,0.0A,22.7A,20.9 deg.C,0.0 deg.C,132Ah,Float
2026-06-19 05:30:52,52.7V,0.0A,0.0A,0.0A,26.5A,20.9 deg.C,0.0 deg.C,128Ah,Float
2026-06-19 05:20:52,52.6V,0.0A,0.0A,0.0A,26.4A,21.0 deg.C,0.0 deg.C,124Ah,Float
2026-06-19 05:10:52,52.5V,0.0A,0.0A,0.0A,26.7A,21.0 deg.C,0.0 deg.C,119Ah,Float
2026-06-19 05:00:52,52.4V,0.0A,0.0A,0.0A,26.1A,20.9 deg.C,0.0 deg.C,115Ah,Float
2026-06-19 04:50:52,52.3V,0.0A,0.0A,0.0A,22.7A,20.6 deg.C,0.0 deg.C,111Ah,Float
2026-06-19 04:40:52,52.2V,0.0A,0.0A,0.0A,26.7A,20.4 deg.C,0.0 deg.C,107Ah,Float
2026-06-19 04:30:52,52.1V,0.0A,0.0A,0.0A,27.3A,20.2 deg.C,0.0 deg.C,103Ah,Float
2026-06-19 04:20:52,52.0V,0.0A,0.0A,0.0A,26.8A,20.4 deg.C,0.0 deg.C,98Ah,Float
2026-06-19 04:10:52,51.9V,0.0A,0.0A,0.0A,26.4A,20.3 deg.C,0.0 deg.C,94Ah,Float
2026-06-19 04:00:52,51.8V,0.0A,0.0A,0.0A,23.1A,20.1 deg.C,0.0 deg.C,90Ah,Float
2026-06-19 03:50:52,51.8V,0.0A,0.0A,0.0A,27.1A,19.8 deg.C,0.0 deg.C,85Ah,Float
2026-06-19 03:40:52,51.7V,0.0A,0.0A,0.0A,27.0A,19.9 deg.C,0.0 deg.C,81Ah,Float
2026-06-19 03:30:52,51.6V,0.0A,0.0A,0.0A,27.3A,19.8 deg.C,0.0 deg.C,77Ah,Float
2026-06-19 03:20:52,51.5V,0.0A,0.0A,0.0A,27.1A,19.8 deg.C,0.0 deg.C,72Ah,Float
2026-06-19 03:10:52,51.5V,0.0A,0.0A,0.0A,27.2A,19.6 deg.C,0.0 deg.C,68Ah,Float
2026-06-19 03:00:52,51.3V,0.0A,0.0A,0.0A,20.8A,19.8 deg.C,0.0 deg.C,63Ah,Float
2026-06-19 02:50:52,51.3V,0.0A,0.0A,0.0A,27.6A,19.8 deg.C,0.0 deg.C,60Ah,Float
2026-06-19 02:40:52,51.2V,0.0A,0.0A,0.0A,27.0A,19.7 deg.C,0.0 deg.C,55Ah,Float
2026-06-19 02:30:52,51.1V,0.0A,0.0A,0.0A,23.1A,20.0 deg.C,0.0 deg.C,51Ah,Float
2026-06-19 02:20:52,51.0V,0.0A,0.0A,0.0A,27.3A,19.9 deg.C,0.0 deg.C,47Ah,Float
2026-06-19 02:10:52,50.9V,0.0A,0.0A,0.0A,27.7A,19.9 deg.C,0.0 deg.C,42Ah,Float
2026-06-19 02:00:52,50.8V,0.0A,0.0A,0.0A,27.3A,20.0 deg.C,0.0 deg.C,38Ah,Float
2026-06-19 01:50:52,50.6V,0.0A,0.0A,0.0A,23.4A,20.0 deg.C,0.0 deg.C,33Ah,Float
2026-06-19 01:40:52,50.5V,0.0A,0.0A,0.0A,27.2A,19.9 deg.C,0.0 deg.C,29Ah,Float
2026-06-19 01:30:52,50.4V,0.0A,0.0A,0.0A,25.4A,19.9 deg.C,0.0 deg.C,25Ah,Float
2026-06-19 01:20:52,50.2V,0.0A,0.0A,0.0A,26.2A,19.8 deg.C,0.0 deg.C,20Ah,Float
2026-06-19 01:10:52,50.1V,0.0A,0.0A,0.0A,27.5A,19.4 deg.C,0.0 deg.C,16Ah,Float
2026-06-19 01:00:52,49.8V,0.0A,0.0A,0.0A,22.3A,19.2 deg.C,0.0 deg.C,12Ah,Float
2026-06-19 00:50:52,49.7V,0.0A,0.0A,0.0A,21.0A,19.1 deg.C,0.0 deg.C,8Ah,Float
2026-06-19 00:40:52,49.5V,0.0A,0.0A,0.0A,22.0A,18.8 deg.C,0.0 deg.C,4Ah,Float
2026-06-19 00:30:52,49.2V,0.0A,0.0A,0.0A,22.7A,18.6 deg.C,0.0 deg.C,0Ah,Float
2026-06-19 00:20:52,48.7V,0.0A,0.0A,38.5A,-36.9A,18.6 deg.C,0.0 deg.C,0Ah,Discharge
2026-06-19 00:10:52,48.9V,0.0A,0.0A,37.7A,-36.9A,18.7 deg.C,0.0 deg.C,6Ah,Discharge
2026-06-19 00:00:52,49.0V,0.0A,0.0A,41.3A,-41.4A,18.7 deg.C,0.0 deg.C,13Ah,Discharge
2026-06-18 23:50:52,49.2V,0.0A,0.0A,40.4A,-41.3A,18.7 deg.C,0.0 deg.C,19Ah,Discharge
2026-06-18 23:40:52,49.4V,0.0A,0.0A,37.4A,-38.7A,18.6 deg.C,0.0 deg.C,26Ah,Discharge
2026-06-18 23:30:52,49.6V,0.0A,0.0A,37.8A,-37.6A,18.6 deg.C,0.0 deg.C,33Ah,Discharge
2026-06-18 23:20:52,49.7V,0.0A,0.0A,43.2A,-40.4A,18.5 deg.C,0.0 deg.C,39Ah,Discharge
2026-06-18 23:10:52,49.9V,0.0A,0.0A,36.2A,-39.3A,18.5 deg.C,0.0 deg.C,46Ah,Discharge
2026-06-18 23:00:52,50.0V,0.0A,0.0A,35.7A,-36.6A,18.5 deg.C,0.0 deg.C,52Ah,Discharge
2026-06-18 22:50:52,50.1V,0.0A,0.0A,38.8A,-37.2A,18.5 deg.C,0.0 deg.C,58Ah,Discharge
2026-06-18 22:40:52,50.2V,0.0A,0.0A,43.2A,-42.6A,18.6 deg.C,0.0 deg.C,65Ah,Discharge
2026-06-18 22:30:52,50.5V,0.0A,0.0A,35.5A,-36.8A,18.7 deg.C,0.0 deg.C,72Ah,Discharge
2026-06-18 22:20:52,50.6V,0.0A,0.0A,37.3A,-38.4A,18.8 deg.C,0.0 deg.C,78Ah,Discharge
2026-06-18 22:10:52,50.7V,0.0A,0.0A,38.2A,-36.7A,18.9 deg.C,0.0 deg.C,85Ah,Discharge
2026-06-18 22:00:52,50.8V,0.0A,0.0A,41.2A,-41.7A,19.0 deg.C,0.0 deg.C,91Ah,Discharge
2026-06-18 21:50:52,51.0V,0.0A,0.0A,39.5A,-36.6A,19.1 deg.C,0.0 deg.C,98Ah,Discharge
2026-06-18 21:40:52,51.1V,0.0A,0.0A,36.8A,-37.9A,19.3 deg.C,0.0 deg.C,104Ah,Discharge
2026-06-18 21:30:52,51.3V,0.0A,0.0A,35.2A,-36.5A,19.5 deg.C,0.0 deg.C,111Ah,Discharge
2026-06-18 21:20:52,51.4V,0.0A,0.0A,36.5A,-36.6A,19.6 deg.C,0.0 deg.C,117Ah,Discharge
2026-06-18 21:10:52,51.6V,0.0A,0.0A,43.6A,-44.4A,19.8 deg.C,0.0 deg.C,124Ah,Discharge
2026-06-18 21:00:52,51.8V,0.0A,0.0A,43.6A,-36.3A,19.9 deg.C,0.0 deg.C,130Ah,Discharge
2026-06-18 20:50:52,51.9V,0.0A,0.0A,37.1A,-38.0A,20.1 deg.C,0.0 deg.C,136Ah,Discharge
2026-06-18 20:40:52,52.0V,0.0A,0.0A,41.8A,-41.2A,20.3 deg.C,0.0 deg.C,143Ah,Discharge
2026-06-18 20:30:52,52.2V,0.0A,0.0A,42.4A,-39.9A,20.5 deg.C,0.0 deg.C,150Ah,Discharge
2026-06-18 20:20:52,52.4V,0.0A,0.0A,35.0A,-36.5A,20.6 deg.C,0.0 deg.C,156Ah,Discharge
2026-06-18 20:10:52,52.6V,0.0A,0.0A,37.8A,-35.5A,20.8 deg.C,0.0 deg.C,161Ah,Discharge
2026-06-18 20:00:52,52.7V,0.0A,0.0A,38.7A,-39.3A,21.1 deg.C,0.0 deg.C,167Ah,Discharge
2026-06-18 19:50:52,53.7V,0.0A,0.0A,0.0A,21.9A,21.2 deg.C,0.0 deg.C,170Ah,Float
2026-06-18 19:40:52,53.6V,0.0A,0.0A,0.0A,23.6A,20.6 deg.C,0.0 deg.C,166Ah,Float
2026-06-18 19:30:52,53.5V,0.0A,0.0A,0.0A,23.8A,20.0 deg.C,0.0 deg.C,162Ah,Float
2026-06-18 19:20:52,53.3V,0.0A,0.0A,0.0A,17.5A,19.6 deg.C,0.0 deg.C,159Ah,Float
2026-06-18 19:10:52,53.4V,0.0A,0.0A,0.0A,26.2A,19.9 deg.C,0.0 deg.C,155Ah,Float
2026-06-18 19:00:52,53.3V,0.0A,0.0A,0.0A,26.3A,20.0 deg.C,0.0 deg.C,151Ah,Float
2026-06-18 18:50:52,53.2V,0.0A,0.0A,0.0A,26.9A,20.2 deg.C,0.0 deg.C,146Ah,Float
2026-06-18 18:40:52,53.1V,0.0A,0.0A,0.0A,26.4A,20.3 deg.C,0.0 deg.C,142Ah,Float
2026-06-18 18:30:52,53.0V,0.0A,0.0A,0.0A,27.8A,20.4 deg.C,0.0 deg.C,137Ah,Float
2026-06-18 18:20:52,52.9V,0.0A,0.0A,0.0A,27.7A,20.4 deg.C,0.0 deg.C,133Ah,Float
2026-06-18 18:10:52,52.7V,0.0A,0.0A,0.0A,23.2A,20.3 deg.C,0.0 deg.C,129Ah,Float
2026-06-18 18:00:52,52.6V,0.0A,0.0A,0.0A,22.9A,20.3 deg.C,0.0 deg.C,125Ah,Float
2026-06-18 17:50:52,52.5V,0.0A,0.0A,0.0A,21.2A,20.3 deg.C,0.0 deg.C,121Ah,Float
2026-06-18 17:40:52,52.4V,0.0A,0.0A,0.0A,22.8A,20.3 deg.C,0.0 deg.C,118Ah,Float
2026-06-18 17:30:52,52.3V,0.0A,0.0A,0.0A,21.2A,20.2 deg.C,0.0 deg.C,114Ah,Float
2026-06-18 17:20:52,52.2V,0.0A,0.0A,0.0A,21.9A,20.2 deg.C,0.0 deg.C,111Ah,Float
2026-06-18 17:10:52,52.2V,0.0A,0.0A,0.0A,21.9A,20.3 deg.C,0.0 deg.C,107Ah,Float
2026-06-18 17:00:52,52.1V,0.0A,0.0A,0.0A,19.4A,20.3 deg.C,0.0 deg.C,104Ah,Float
2026-06-18 16:50:52,52.0V,0.0A,0.0A,0.0A,21.5A,20.3 deg.C,0.0 deg.C,100Ah,Float
2026-06-18 16:40:52,51.9V,0.0A,0.0A,0.0A,19.2A,20.3 deg.C,0.0 deg.C,97Ah,Float
2026-06-18 16:30:52,51.8V,0.0A,0.0A,0.0A,18.6A,20.4 deg.C,0.0 deg.C,93Ah,Float
2026-06-18 16:20:52,51.8V,0.0A,0.0A,0.0A,22.3A,20.5 deg.C,0.0 deg.C,90Ah,Float
2026-06-18 16:10:52,51.7V,0.0A,0.0A,0.0A,20.2A,20.6 deg.C,0.0 deg.C,87Ah,Float
2026-06-18 16:00:52,51.7V,0.0A,0.0A,0.0A,20.3A,20.8 deg.C,0.0 deg.C,83Ah,Float
2026-06-18 15:50:52,51.6V,0.0A,0.0A,0.0A,20.9A,21.0 deg.C,0.0 deg.C,80Ah,Float
2026-06-18 15:40:52,51.5V,0.0A,0.0A,0.0A,20.5A,21.2 deg.C,0.0 deg.C,76Ah,Float
2026-06-18 15:30:52,51.5V,0.0A,0.0A,0.0A,20.7A,21.4 deg.C,0.0 deg.C,73Ah,Float
2026-06-18 15:20:52,51.4V,0.0A,0.0A,0.0A,18.0A,21.6 deg.C,0.0 deg.C,70Ah,Float
2026-06-18 15:10:52,51.4V,0.0A,0.0A,0.0A,18.2A,21.8 deg.C,0.0 deg.C,66Ah,Float
2026-06-18 15:00:52,51.3V,0.0A,0.0A,0.0A,20.0A,22.1 deg.C,0.0 deg.C,63Ah,Float
2026-06-18 14:50:52,51.2V,0.0A,0.0A,0.0A,20.7A,22.2 deg.C,0.0 deg.C,60Ah,Float
2026-06-18 14:40:52,51.2V,0.0A,0.0A,0.0A,19.9A,22.4 deg.C,0.0 deg.C,56Ah,Float
2026-06-18 14:30:52,51.1V,0.0A,0.0A,0.0A,20.7A,22.5 deg.C,0.0 deg.C,53Ah,Float
2026-06-18 14:20:52,51.0V,0.0A,0.0A,0.0A,20.3A,22.6 deg.C,0.0 deg.C,50Ah,Float
2026-06-18 14:10:52,50.9V,0.0A,0.0A,0.0A,18.8A,22.7 deg.C,0.0 deg.C,46Ah,Float
2026-06-18 14:00:52,50.8V,0.0A,0.0A,0.0A,18.6A,22.8 deg.C,0.0 deg.C,43Ah,Float
2026-06-18 13:50:52,50.7V,0.0A,0.0A,0.0A,19.7A,22.8 deg.C,0.0 deg.C,40Ah,Float
2026-06-18 13:40:52,50.6V,0.0A,0.0A,0.0A,19.4A,22.9 deg.C,0.0 deg.C,37Ah,Float
2026-06-18 13:30:52,50.5V,0.0A,0.0A,0.0A,17.8A,22.8 deg.C,0.0 deg.C,34Ah,Float
2026-06-18 13:20:52,50.5V,0.0A,0.0A,0.0A,19.1A,22.7 deg.C,0.0 deg.C,30Ah,Float
2026-06-18 13:10:52,50.4V,0.0A,0.0A,0.0A,20.5A,22.6 deg.C,0.0 deg.C,27Ah,Float
2026-06-18 13:00:52,50.2V,0.0A,0.0A,0.0A,18.3A,22.5 deg.C,0.0 deg.C,24Ah,Float
2026-06-18 12:50:52,50.1V,0.0A,0.0A,0.0A,18.2A,22.5 deg.C,0.0 deg.C,20Ah,Float
2026-06-18 12:40:52,50.0V,0.0A,0.0A,0.0A,20.4A,22.4 deg.C,0.0 deg.C,17Ah,Float
2026-06-18 12:30:52,49.9V,0.0A,0.0A,0.0A,20.8A,22.5 deg.C,0.0 deg.C,14Ah,Float
2026-06-18 12:20:52,49.7V,0.0A,0.0A,0.0A,20.3A,22.4 deg.C,0.0 deg.C,10Ah,Float
2026-06-18 12:10:52,49.6V,0.0A,0.0A,0.0A,22.1A,22.3 deg.C,0.0 deg.C,6Ah,Float
2026-06-18 12:00:52,49.4V,0.0A,0.0A,0.0A,22.1A,22.0 deg.C,0.0 deg.C,3Ah,Float
2026-06-18 11:50:52,48.5V,0.0A,0.0A,38.7A,-39.4A,21.9 deg.C,0.0 deg.C,0Ah,Discharge
2026-06-18 11:40:52,48.7V,0.0A,0.0A,38.5A,-38.1A,21.6 deg.C,0.0 deg.C,0Ah,Discharge
2026-06-18 11:30:52,48.9V,0.0A,0.0A,37.0A,-34.3A,21.5 deg.C,0.0 deg.C,5Ah,Discharge
2026-06-18 11:20:52,49.0V,0.0A,0.0A,41.6A,-37.9A,21.4 deg.C,0.0 deg.C,11Ah,Discharge
2026-06-18 11:10:52,49.2V,0.0A,0.0A,37.8A,-36.6A,21.5 deg.C,0.0 deg.C,17Ah,Discharge
2026-06-18 11:00:52,49.4V,0.0A,0.0A,32.9A,-32.9A,22.0 deg.C,0.0 deg.C,23Ah,Discharge
2026-06-18 10:50:52,49.5V,0.0A,0.0A,37.7A,-37.3A,23.3 deg.C,0.0 deg.C,30Ah,Discharge
2026-06-18 10:40:52,49.7V,0.0A,0.0A,34.4A,-34.9A,23.3 deg.C,0.0 deg.C,36Ah,Discharge
2026-06-18 10:30:52,49.8V,0.0A,0.0A,34.6A,-36.4A,22.8 deg.C,0.0 deg.C,41Ah,Discharge
2026-06-18 10:20:52,50.0V,0.0A,0.0A,33.8A,-34.6A,22.2 deg.C,0.0 deg.C,48Ah,Discharge
2026-06-18 10:10:52,50.1V,0.0A,0.0A,29.8A,-29.4A,21.7 deg.C,0.0 deg.C,53Ah,Discharge
2026-06-18 10:00:52,50.2V,0.0A,0.0A,36.3A,-34.8A,21.2 deg.C,0.0 deg.C,59Ah,Discharge
2026-06-18 09:50:52,50.4V,0.0A,0.0A,29.0A,-29.1A,20.8 deg.C,0.0 deg.C,64Ah,Discharge
2026-06-18 09:40:52,50.5V,0.0A,0.0A,32.5A,-33.6A,20.4 deg.C,0.0 deg.C,69Ah,Discharge
2026-06-18 09:30:52,50.6V,0.0A,0.0A,32.7A,-32.9A,19.9 deg.C,0.0 deg.C,75Ah,Discharge
2026-06-18 09:20:52,50.7V,0.0A,0.0A,28.6A,-28.4A,19.5 deg.C,0.0 deg.C,81Ah,Discharge
2026-06-18 09:10:52,50.8V,0.0A,0.0A,32.2A,-32.8A,19.0 deg.C,0.0 deg.C,86Ah,Discharge
2026-06-18 09:00:52,50.9V,0.0A,0.0A,33.3A,-32.7A,18.5 deg.C,0.0 deg.C,91Ah,Discharge
2026-06-18 08:50:52,51.0V,0.0A,0.0A,29.2A,-31.3A,18.1 deg.C,0.0 deg.C,96Ah,Discharge
2026-06-18 08:40:52,51.2V,0.0A,0.0A,27.7A,-28.7A,17.8 deg.C,0.0 deg.C,102Ah,Discharge
2026-06-18 08:30:52,51.3V,0.0A,0.0A,33.7A,-31.9A,17.5 deg.C,0.0 deg.C,106Ah,Discharge
2026-06-18 08:20:52,51.4V,0.0A,0.0A,32.7A,-29.0A,17.4 deg.C,0.0 deg.C,112Ah,Discharge
2026-06-18 08:10:52,51.6V,0.0A,0.0A,28.0A,-29.1A,17.4 deg.C,0.0 deg.C,117Ah,Discharge
2026-06-18 08:00:52,51.7V,0.0A,0.0A,28.6A,-29.5A,17.3 deg.C,0.0 deg.C,122Ah,Discharge
2026-06-18 07:50:52,51.8V,0.0A,0.0A,28.9A,-29.8A,17.5 deg.C,0.0 deg.C,126Ah,Discharge
2026-06-18 07:40:52,51.9V,0.0A,0.0A,28.7A,-28.7A,17.7 deg.C,0.0 deg.C,131Ah,Discharge
2026-06-18 07:30:52,52.0V,0.0A,0.0A,26.3A,-28.1A,17.8 deg.C,0.0 deg.C,136Ah,Discharge
2026-06-18 07:20:52,52.1V,0.0A,0.0A,31.0A,-31.4A,17.8 deg.C,0.0 deg.C,142Ah,Discharge
2026-06-18 07:10:52,52.3V,0.0A,0.0A,29.7A,-30.3A,18.1 deg.C,0.0 deg.C,147Ah,Discharge
2026-06-18 07:00:52,52.4V,0.0A,0.0A,29.1A,-30.4A,18.5 deg.C,0.0 deg.C,152Ah,Discharge
2026-06-18 06:50:52,52.5V,0.0A,0.0A,29.6A,-29.9A,18.8 deg.C,0.0 deg.C,157Ah,Discharge
2026-06-18 06:40:52,52.6V,0.0A,0.0A,29.4A,-29.3A,19.2 deg.C,0.0 deg.C,162Ah,Discharge
2026-06-18 06:30:52,52.8V,0.0A,0.0A,29.2A,-29.2A,19.4 deg.C,0.0 deg.C,167Ah,Discharge
2026-06-18 06:20:52,52.9V,0.0A,0.0A,28.7A,-28.9A,19.7 deg.C,0.0 deg.C,172Ah,Discharge
2026-06-18 06:10:52,53.0V,0.0A,0.0A,28.5A,-29.4A,20.1 deg.C,0.0 deg.C,177Ah,Discharge
2026-06-18 06:00:52,53.1V,0.0A,0.0A,29.4A,-29.5A,20.5 deg.C,0.0 deg.C,182Ah,Discharge
2026-06-18 05:50:52,53.2V,0.0A,0.0A,28.8A,-29.1A,20.9 deg.C,0.0 deg.C,186Ah,Discharge
2026-06-18 05:40:51,53.3V,0.0A,0.0A,29.7A,-29.0A,21.3 deg.C,0.0 deg.C,191Ah,Discharge
2026-06-18 05:30:51,53.5V,0.0A,0.0A,29.2A,-29.2A,21.6 deg.C,0.0 deg.C,196Ah,Discharge
2026-06-18 05:20:51,54.4V,0.0A,0.0A,0.0A,27.8A,21.7 deg.C,0.0 deg.C,198Ah,Float
2026-06-18 05:10:51,54.2V,0.0A,0.0A,0.0A,27.0A,21.7 deg.C,0.0 deg.C,193Ah,Float
2026-06-18 05:00:51,54.1V,0.0A,0.0A,0.0A,27.6A,21.7 deg.C,0.0 deg.C,189Ah,Float
2026-06-18 04:50:51,54.1V,0.0A,0.0A,0.0A,27.7A,21.8 deg.C,0.0 deg.C,184Ah,Float
2026-06-18 04:40:51,54.0V,0.0A,0.0A,0.0A,27.9A,21.9 deg.C,0.0 deg.C,179Ah,Float
2026-06-18 04:30:51,53.9V,0.0A,0.0A,0.0A,27.6A,21.9 deg.C,0.0 deg.C,175Ah,Float
2026-06-18 04:20:51,53.8V,0.0A,0.0A,0.0A,27.7A,21.9 deg.C,0.0 deg.C,170Ah,Float
2026-06-18 04:10:51,53.6V,0.0A,0.0A,0.0A,26.8A,22.0 deg.C,0.0 deg.C,166Ah,Float
2026-06-18 04:00:51,53.5V,0.0A,0.0A,0.0A,27.8A,21.9 deg.C,0.0 deg.C,161Ah,Float
2026-06-18 03:50:51,53.4V,0.0A,0.0A,0.0A,28.0A,21.9 deg.C,0.0 deg.C,157Ah,Float
2026-06-18 03:40:51,53.3V,0.0A,0.0A,0.0A,28.2A,22.0 deg.C,0.0 deg.C,152Ah,Float
2026-06-18 03:30:51,53.2V,0.0A,0.0A,0.0A,28.2A,22.0 deg.C,0.0 deg.C,147Ah,Float
2026-06-18 03:20:51,53.1V,0.0A,0.0A,0.0A,28.0A,22.1 deg.C,0.0 deg.C,143Ah,Float
2026-06-18 03:10:51,53.0V,0.0A,0.0A,0.0A,27.9A,22.2 deg.C,0.0 deg.C,138Ah,Float
2026-06-18 03:00:51,52.9V,0.0A,0.0A,0.0A,27.4A,22.3 deg.C,0.0 deg.C,133Ah,Float
2026-06-18 02:50:51,52.8V,0.0A,0.0A,0.0A,28.0A,22.2 deg.C,0.0 deg.C,129Ah,Float
2026-06-18 02:40:51,52.7V,0.0A,0.0A,0.0A,28.0A,22.3 deg.C,0.0 deg.C,124Ah,Float
2026-06-18 02:30:51,52.6V,0.0A,0.0A,0.0A,28.4A,22.3 deg.C,0.0 deg.C,119Ah,Float
2026-06-18 02:20:51,52.4V,0.0A,0.0A,0.0A,28.6A,22.3 deg.C,0.0 deg.C,115Ah,Float
2026-06-18 02:10:51,52.3V,0.0A,0.0A,0.0A,28.0A,22.2 deg.C,0.0 deg.C,110Ah,Float
2026-06-18 02:00:51,52.2V,0.0A,0.0A,0.0A,27.7A,22.2 deg.C,0.0 deg.C,106Ah,Float
2026-06-18 01:50:51,52.1V,0.0A,0.0A,0.0A,27.2A,22.1 deg.C,0.0 deg.C,101Ah,Float
2026-06-18 01:40:51,52.0V,0.0A,0.0A,0.0A,26.1A,22.0 deg.C,0.0 deg.C,96Ah,Float
2026-06-18 01:30:51,51.9V,0.0A,0.0A,0.0A,22.9A,22.0 deg.C,0.0 deg.C,92Ah,Float
2026-06-18 01:20:51,51.8V,0.0A,0.0A,0.0A,24.4A,21.7 deg.C,0.0 deg.C,88Ah,Float
2026-06-18 01:10:51,51.8V,0.0A,0.0A,0.0A,26.3A,21.5 deg.C,0.0 deg.C,84Ah,Float
2026-06-18 01:00:51,51.7V,0.0A,0.0A,0.0A,26.1A,21.1 deg.C,0.0 deg.C,80Ah,Float
2026-06-18 00:50:51,51.6V,0.0A,0.0A,0.0A,25.4A,20.6 deg.C,0.0 deg.C,75Ah,Float
2026-06-18 00:40:51,51.5V,0.0A,0.0A,0.0A,24.6A,19.9 deg.C,0.0 deg.C,71Ah,Float
2026-06-18 00:30:51,51.4V,0.0A,0.0A,0.0A,18.9A,19.1 deg.C,0.0 deg.C,67Ah,Float
2026-06-18 00:20:51,51.3V,0.0A,0.0A,0.0A,20.5A,19.7 deg.C,0.0 deg.C,64Ah,Float
2026-06-18 00:10:51,51.3V,0.0A,0.0A,0.0A,21.9A,20.7 deg.C,0.0 deg.C,60Ah,Float
2026-06-18 00:00:51,51.2V,0.0A,0.0A,0.0A,22.7A,22.3 deg.C,0.0 deg.C,57Ah,Float
2026-06-17 23:50:51,51.1V,0.0A,0.0A,0.0A,23.0A,22.1 deg.C,0.0 deg.C,53Ah,Float
2026-06-17 23:40:51,51.1V,0.0A,0.0A,0.0A,23.6A,21.9 deg.C,0.0 deg.C,49Ah,Float
2026-06-17 23:30:51,51.0V,0.0A,0.0A,0.0A,22.3A,21.4 deg.C,0.0 deg.C,45Ah,Float
2026-06-17 23:20:51,50.8V,0.0A,0.0A,0.0A,20.8A,20.8 deg.C,0.0 deg.C,42Ah,Float
2026-06-17 23:10:51,50.8V,0.0A,0.0A,0.0A,23.8A,20.0 deg.C,0.0 deg.C,38Ah,Float
2026-06-17 23:00:51,50.6V,0.0A,0.0A,0.0A,21.5A,19.4 deg.C,0.0 deg.C,35Ah,Float
2026-06-17 22:50:51,50.5V,0.0A,0.0A,0.0A,18.7A,19.5 deg.C,0.0 deg.C,31Ah,Float
2026-06-17 22:40:51,50.4V,0.0A,0.0A,0.0A,18.6A,19.8 deg.C,0.0 deg.C,27Ah,Float
2026-06-17 22:30:51,50.3V,0.0A,0.0A,0.0A,21.1A,20.0 deg.C,0.0 deg.C,24Ah,Float
2026-06-17 22:20:51,50.2V,0.0A,0.0A,0.0A,20.6A,20.2 deg.C,0.0 deg.C,21Ah,Float
2026-06-17 22:10:51,50.1V,0.0A,0.0A,0.0A,23.2A,20.4 deg.C,0.0 deg.C,17Ah,Float
2026-06-17 22:00:51,49.8V,0.0A,0.0A,0.0A,18.8A,20.7 deg.C,0.0 deg.C,14Ah,Float
2026-06-17 21:50:51,49.8V,0.0A,0.0A,0.0A,23.7A,21.4 deg.C,0.0 deg.C,10Ah,Float
2026-06-17 21:40:51,49.6V,0.0A,0.0A,0.0A,22.4A,22.6 deg.C,0.0 deg.C,6Ah,Float
2026-06-17 21:30:51,49.3V,0.0A,0.0A,0.0A,16.9A,22.7 deg.C,0.0 deg.C,3Ah,Float
2026-06-17 21:20:51,49.2V,0.0A,0.0A,0.0A,20.6A,22.6 deg.C,0.0 deg.C,0Ah,Float
2026-06-17 21:10:51,48.7V,0.0A,0.0A,37.5A,-37.8A,22.6 deg.C,0.0 deg.C,2Ah,Discharge
2026-06-17 21:00:51,48.9V,0.0A,0.0A,41.0A,-41.5A,22.6 deg.C,0.0 deg.C,9Ah,Discharge
2026-06-17 20:50:51,49.1V,0.0A,0.0A,42.6A,-40.3A,22.6 deg.C,0.0 deg.C,16Ah,Discharge
2026-06-17 20:40:51,49.4V,0.0A,0.0A,36.0A,-35.4A,22.6 deg.C,0.0 deg.C,22Ah,Discharge
2026-06-17 20:30:51,49.5V,0.0A,0.0A,40.6A,-40.0A,22.6 deg.C,0.0 deg.C,28Ah,Discharge
2026-06-17 20:20:51,49.6V,0.0A,0.0A,40.5A,-36.9A,22.5 deg.C,0.0 deg.C,35Ah,Discharge
2026-06-17 20:10:51,49.8V,0.0A,0.0A,34.9A,-35.3A,22.5 deg.C,0.0 deg.C,41Ah,Discharge
2026-06-17 20:00:51,50.0V,0.0A,0.0A,39.5A,-39.1A,22.4 deg.C,0.0 deg.C,47Ah,Discharge
2026-06-17 19:50:51,50.2V,0.0A,0.0A,33.5A,-34.1A,22.4 deg.C,0.0 deg.C,53Ah,Discharge
2026-06-17 19:40:51,50.3V,0.0A,0.0A,35.7A,-37.1A,22.3 deg.C,0.0 deg.C,59Ah,Discharge
2026-06-17 19:30:51,50.5V,0.0A,0.0A,34.5A,-33.0A,22.1 deg.C,0.0 deg.C,65Ah,Discharge
2026-06-17 19:20:51,50.7V,0.0A,0.0A,32.5A,-32.3A,21.7 deg.C,0.0 deg.C,71Ah,Discharge
2026-06-17 19:10:51,50.8V,0.0A,0.0A,32.3A,-32.3A,20.7 deg.C,0.0 deg.C,76Ah,Discharge
2026-06-17 19:00:51,51.7V,0.0A,0.0A,0.0A,29.2A,20.4 deg.C,0.0 deg.C,80Ah,Float
2026-06-17 18:50:51,51.6V,0.0A,0.0A,0.0A,21.7A,20.4 deg.C,0.0 deg.C,75Ah,Float
2026-06-17 18:40:51,51.6V,0.0A,0.0A,0.0A,28.9A,20.4 deg.C,0.0 deg.C,71Ah,Float
2026-06-17 18:30:51,51.4V,0.0A,0.0A,0.0A,25.0A,20.5 deg.C,0.0 deg.C,67Ah,Float
2026-06-17 18:20:51,51.4V,0.0A,0.0A,0.0A,28.9A,20.6 deg.C,0.0 deg.C,62Ah,Float
2026-06-17 18:10:51,51.2V,0.0A,0.0A,0.0A,23.3A,20.7 deg.C,0.0 deg.C,58Ah,Float
2026-06-17 18:00:51,51.2V,0.0A,0.0A,0.0A,28.4A,20.7 deg.C,0.0 deg.C,54Ah,Float
2026-06-17 17:50:51,51.1V,0.0A,0.0A,0.0A,23.4A,20.8 deg.C,0.0 deg.C,50Ah,Float
2026-06-17 17:40:51,51.0V,0.0A,0.0A,0.0A,24.3A,20.8 deg.C,0.0 deg.C,46Ah,Float
2026-06-17 17:30:51,50.8V,0.0A,0.0A,0.0A,23.2A,20.9 deg.C,0.0 deg.C,42Ah,Float
2026-06-17 17:20:51,50.8V,0.0A,0.0A,0.0A,26.4A,20.9 deg.C,0.0 deg.C,38Ah,Float
2026-06-17 17:10:51,50.6V,0.0A,0.0A,0.0A,21.3A,21.0 deg.C,0.0 deg.C,34Ah,Float
2026-06-17 17:00:51,50.5V,0.0A,0.0A,0.0A,27.0A,21.1 deg.C,0.0 deg.C,31Ah,Float
2026-06-17 16:50:51,50.3V,0.0A,0.0A,0.0A,21.4A,21.3 deg.C,0.0 deg.C,27Ah,Float
2026-06-17 16:40:51,50.2V,0.0A,0.0A,0.0A,22.9A,21.4 deg.C,0.0 deg.C,23Ah,Float
2026-06-17 16:30:51,50.0V,0.0A,0.0A,0.0A,21.7A,21.4 deg.C,0.0 deg.C,19Ah,Float
2026-06-17 16:20:51,49.1V,0.0A,0.0A,38.5A,-37.3A,21.5 deg.C,0.0 deg.C,18Ah,Discharge
2026-06-17 16:10:51,49.3V,0.0A,0.0A,38.1A,-38.6A,21.6 deg.C,0.0 deg.C,24Ah,Discharge
2026-06-17 16:00:51,49.5V,0.0A,0.0A,38.2A,-39.4A,21.9 deg.C,0.0 deg.C,30Ah,Discharge
2026-06-17 15:50:51,49.6V,0.0A,0.0A,40.3A,-41.6A,22.3 deg.C,0.0 deg.C,37Ah,Discharge
2026-06-17 15:40:51,49.8V,0.0A,0.0A,41.2A,-40.5A,23.2 deg.C,0.0 deg.C,44Ah,Discharge
2026-06-17 15:30:51,50.0V,0.0A,0.0A,39.7A,-39.7A,24.4 deg.C,0.0 deg.C,51Ah,Discharge
2026-06-17 15:20:51,50.2V,0.0A,0.0A,40.5A,-41.1A,26.0 deg.C,0.0 deg.C,58Ah,Discharge
2026-06-17 15:10:51,50.4V,0.0A,0.0A,40.7A,-41.3A,26.2 deg.C,0.0 deg.C,64Ah,Discharge
2026-06-17 15:00:51,50.5V,0.0A,0.0A,48.4A,-42.7A,26.1 deg.C,0.0 deg.C,71Ah,Discharge
2026-06-17 14:50:51,51.5V,0.0A,0.0A,0.0A,19.3A,25.3 deg.C,0.0 deg.C,77Ah,Float
2026-06-17 14:40:51,51.5V,0.0A,0.0A,0.0A,17.0A,23.1 deg.C,0.0 deg.C,74Ah,Float
2026-06-17 14:30:51,51.4V,0.0A,0.0A,0.0A,20.9A,22.2 deg.C,0.0 deg.C,70Ah,Float
2026-06-17 14:20:51,51.3V,0.0A,0.0A,0.0A,17.0A,22.4 deg.C,0.0 deg.C,67Ah,Float
2026-06-17 14:10:51,51.3V,0.0A,0.0A,0.0A,17.7A,22.4 deg.C,0.0 deg.C,64Ah,Float
2026-06-17 14:00:51,51.2V,0.0A,0.0A,0.0A,18.7A,22.3 deg.C,0.0 deg.C,61Ah,Float
2026-06-17 13:50:51,51.1V,0.0A,0.0A,0.0A,17.9A,22.3 deg.C,0.0 deg.C,58Ah,Float
2026-06-17 13:40:51,51.1V,0.0A,0.0A,0.0A,17.1A,22.2 deg.C,0.0 deg.C,54Ah,Float
2026-06-17 13:30:51,51.0V,0.0A,0.0A,0.0A,17.6A,22.1 deg.C,0.0 deg.C,51Ah,Float
2026-06-17 13:20:51,51.0V,0.0A,0.0A,0.0A,20.8A,22.0 deg.C,0.0 deg.C,48Ah,Float
2026-06-17 13:10:51,50.8V,0.0A,0.0A,0.0A,17.8A,21.9 deg.C,0.0 deg.C,45Ah,Float
2026-06-17 13:00:51,50.7V,0.0A,0.0A,0.0A,19.5A,21.8 deg.C,0.0 deg.C,41Ah,Float
2026-06-17 12:50:51,50.7V,0.0A,0.0A,0.0A,20.2A,21.7 deg.C,0.0 deg.C,38Ah,Float
2026-06-17 12:40:51,50.6V,0.0A,0.0A,0.0A,20.8A,21.5 deg.C,0.0 deg.C,35Ah,Float
2026-06-17 12:30:51,50.4V,0.0A,0.0A,0.0A,18.5A,21.4 deg.C,0.0 deg.C,31Ah,Float
2026-06-17 12:20:51,50.4V,0.0A,0.0A,0.0A,20.2A,21.2 deg.C,0.0 deg.C,28Ah,Float
2026-06-17 12:10:51,50.3V,0.0A,0.0A,0.0A,19.6A,21.1 deg.C,0.0 deg.C,25Ah,Float
2026-06-17 12:00:51,50.1V,0.0A,0.0A,0.0A,20.4A,20.9 deg.C,0.0 deg.C,21Ah,Float
2026-06-17 11:50:51,50.0V,0.0A,0.0A,0.0A,20.3A,20.7 deg.C,0.0 deg.C,18Ah,Float
2026-06-17 11:40:51,49.9V,0.0A,0.0A,0.0A,20.0A,20.6 deg.C,0.0 deg.C,14Ah,Float
2026-06-17 11:30:51,49.7V,0.0A,0.0A,0.0A,21.1A,20.7 deg.C,0.0 deg.C,11Ah,Float
2026-06-17 11:20:51,49.6V,0.0A,0.0A,0.0A,20.5A,20.9 deg.C,0.0 deg.C,7Ah,Float
2026-06-17 11:10:51,49.4V,0.0A,0.0A,0.0A,20.8A,21.3 deg.C,0.0 deg.C,4Ah,Float
2026-06-17 11:00:51,49.2V,0.0A,0.0A,0.0A,22.9A,22.0 deg.C,0.0 deg.C,0Ah,Float
2026-06-17 10:50:51,48.6V,0.0A,0.0A,38.3A,-41.1A,23.6 deg.C,0.0 deg.C,0Ah,Discharge
2026-06-17 10:40:51,48.8V,0.0A,0.0A,40.5A,-36.2A,23.1 deg.C,0.0 deg.C,5Ah,Discharge
2026-06-17 10:30:51,49.0V,0.0A,0.0A,38.5A,-36.1A,22.6 deg.C,0.0 deg.C,10Ah,Discharge
2026-06-17 10:20:51,49.2V,0.0A,0.0A,37.2A,-35.6A,22.0 deg.C,0.0 deg.C,16Ah,Discharge
2026-06-17 10:10:51,49.4V,0.0A,0.0A,33.7A,-34.6A,21.4 deg.C,0.0 deg.C,22Ah,Discharge
2026-06-17 10:00:51,49.5V,0.0A,0.0A,36.4A,-35.3A,20.8 deg.C,0.0 deg.C,28Ah,Discharge
2026-06-17 09:50:51,49.6V,0.0A,0.0A,33.8A,-33.3A,20.2 deg.C,0.0 deg.C,34Ah,Discharge
2026-06-17 09:40:51,49.8V,0.0A,0.0A,31.4A,-30.5A,19.6 deg.C,0.0 deg.C,39Ah,Discharge
2026-06-17 09:30:51,49.9V,0.0A,0.0A,32.5A,-32.6A,19.1 deg.C,0.0 deg.C,45Ah,Discharge
2026-06-17 09:20:51,50.0V,0.0A,0.0A,32.0A,-32.7A,18.6 deg.C,0.0 deg.C,50Ah,Discharge
2026-06-17 09:10:51,50.1V,0.0A,0.0A,32.8A,-29.0A,18.1 deg.C,0.0 deg.C,55Ah,Discharge
2026-06-17 09:00:51,50.2V,0.0A,0.0A,32.5A,-32.3A,17.7 deg.C,0.0 deg.C,60Ah,Discharge
2026-06-17 08:50:51,50.3V,0.0A,0.0A,33.0A,-32.5A,17.4 deg.C,0.0 deg.C,66Ah,Discharge
2026-06-17 08:40:51,50.5V,0.0A,0.0A,28.7A,-28.7A,17.0 deg.C,0.0 deg.C,71Ah,Discharge
2026-06-17 08:30:51,50.6V,0.0A,0.0A,31.2A,-32.7A,16.8 deg.C,0.0 deg.C,76Ah,Discharge
2026-06-17 08:20:51,50.7V,0.0A,0.0A,34.3A,-28.8A,16.6 deg.C,0.0 deg.C,81Ah,Discharge
2026-06-17 08:10:51,50.8V,0.0A,0.0A,32.6A,-31.3A,16.4 deg.C,0.0 deg.C,86Ah,Discharge
2026-06-17 08:00:51,50.9V,0.0A,0.0A,30.0A,-30.4A,16.5 deg.C,0.0 deg.C,91Ah,Discharge
2026-06-17 07:50:51,51.0V,0.0A,0.0A,28.2A,-29.8A,16.6 deg.C,0.0 deg.C,96Ah,Discharge
2026-06-17 07:40:51,51.1V,0.0A,0.0A,29.4A,-29.0A,16.7 deg.C,0.0 deg.C,101Ah,Discharge
2026-06-17 07:30:51,51.2V,0.0A,0.0A,28.0A,-29.1A,16.8 deg.C,0.0 deg.C,106Ah,Discharge
2026-06-17 07:20:51,51.3V,0.0A,0.0A,31.4A,-32.5A,17.0 deg.C,0.0 deg.C,111Ah,Discharge
2026-06-17 07:10:51,51.5V,0.0A,0.0A,31.2A,-31.6A,17.1 deg.C,0.0 deg.C,117Ah,Discharge
2026-06-17 07:00:51,51.6V,0.0A,0.0A,34.1A,-32.1A,17.3 deg.C,0.0 deg.C,122Ah,Discharge
2026-06-17 06:50:51,51.8V,0.0A,0.0A,29.7A,-30.1A,17.5 deg.C,0.0 deg.C,127Ah,Discharge
2026-06-17 06:40:51,51.9V,0.0A,0.0A,32.3A,-31.1A,17.6 deg.C,0.0 deg.C,132Ah,Discharge
2026-06-17 06:30:51,52.0V,0.0A,0.0A,29.8A,-30.2A,17.9 deg.C,0.0 deg.C,137Ah,Discharge
2026-06-17 06:20:51,52.1V,0.0A,0.0A,29.4A,-29.7A,18.0 deg.C,0.0 deg.C,142Ah,Discharge
2026-06-17 06:10:51,52.2V,0.0A,0.0A,29.5A,-29.4A,18.3 deg.C,0.0 deg.C,147Ah,Discharge
2026-06-17 06:00:51,52.4V,0.0A,0.0A,29.1A,-29.5A,18.6 deg.C,0.0 deg.C,152Ah,Discharge
2026-06-17 05:50:51,52.5V,0.0A,0.0A,29.8A,-29.6A,19.0 deg.C,0.0 deg.C,157Ah,Discharge
2026-06-17 05:40:51,52.6V,0.0A,0.0A,29.8A,-30.0A,19.3 deg.C,0.0 deg.C,162Ah,Discharge
2026-06-17 05:30:51,52.7V,0.0A,0.0A,29.9A,-29.3A,19.4 deg.C,0.0 deg.C,167Ah,Discharge
2026-06-17 05:20:51,52.8V,0.0A,0.0A,28.4A,-29.6A,20.0 deg.C,0.0 deg.C,172Ah,Discharge
2026-06-17 05:10:51,52.9V,0.0A,0.0A,28.9A,-28.7A,20.3 deg.C,0.0 deg.C,176Ah,Discharge
2026-06-17 05:00:51,53.0V,0.0A,0.0A,28.7A,-29.0A,20.7 deg.C,0.0 deg.C,181Ah,Discharge
2026-06-17 04:50:51,53.2V,0.0A,0.0A,29.1A,-28.8A,21.2 deg.C,0.0 deg.C,186Ah,Discharge
2026-06-17 04:40:51,53.3V,0.0A,0.0A,28.2A,-29.0A,21.8 deg.C,0.0 deg.C,191Ah,Discharge
2026-06-17 04:30:51,53.5V,0.0A,0.0A,29.2A,-28.8A,22.7 deg.C,0.0 deg.C,196Ah,Discharge
2026-06-17 04:20:51,54.2V,0.0A,0.0A,0.0A,27.8A,22.8 deg.C,0.0 deg.C,194Ah,Float
2026-06-17 04:10:51,54.1V,0.0A,0.0A,0.0A,25.6A,22.8 deg.C,0.0 deg.C,190Ah,Float
2026-06-17 04:00:51,54.0V,0.0A,0.0A,0.0A,27.4A,22.9 deg.C,0.0 deg.C,185Ah,Float
2026-06-17 03:50:50,53.9V,0.0A,0.0A,0.0A,27.7A,22.9 deg.C,0.0 deg.C,180Ah,Float
2026-06-17 03:40:50,53.8V,0.0A,0.0A,0.0A,28.1A,22.9 deg.C,0.0 deg.C,176Ah,Float
2026-06-17 03:30:50,53.7V,0.0A,0.0A,0.0A,27.2A,22.9 deg.C,0.0 deg.C,171Ah,Float
2026-06-17 03:20:50,53.6V,0.0A,0.0A,0.0A,27.9A,22.9 deg.C,0.0 deg.C,167Ah,Float
2026-06-17 03:10:50,53.5V,0.0A,0.0A,0.0A,27.6A,22.9 deg.C,0.0 deg.C,162Ah,Float
2026-06-17 03:00:50,53.4V,0.0A,0.0A,0.0A,28.0A,22.9 deg.C,0.0 deg.C,157Ah,Float
2026-06-17 02:50:50,53.3V,0.0A,0.0A,0.0A,28.0A,22.8 deg.C,0.0 deg.C,153Ah,Float
2026-06-17 02:40:50,53.2V,0.0A,0.0A,0.0A,27.8A,22.8 deg.C,0.0 deg.C,148Ah,Float
2026-06-17 02:30:50,53.1V,0.0A,0.0A,0.0A,28.3A,22.8 deg.C,0.0 deg.C,144Ah,Float
2026-06-17 02:20:50,53.0V,0.0A,0.0A,0.0A,27.6A,22.8 deg.C,0.0 deg.C,139Ah,Float
2026-06-17 02:10:50,52.9V,0.0A,0.0A,0.0A,27.8A,22.8 deg.C,0.0 deg.C,134Ah,Float
2026-06-17 02:00:50,52.7V,0.0A,0.0A,0.0A,27.7A,22.8 deg.C,0.0 deg.C,129Ah,Float
2026-06-17 01:50:50,52.6V,0.0A,0.0A,0.0A,27.4A,22.7 deg.C,0.0 deg.C,125Ah,Float
2026-06-17 01:40:50,52.5V,0.0A,0.0A,0.0A,23.9A,22.7 deg.C,0.0 deg.C,121Ah,Float
2026-06-17 01:30:50,52.4V,0.0A,0.0A,0.0A,27.6A,22.7 deg.C,0.0 deg.C,116Ah,Float
2026-06-17 01:20:50,52.3V,0.0A,0.0A,0.0A,25.2A,22.6 deg.C,0.0 deg.C,112Ah,Float
2026-06-17 01:10:50,52.2V,0.0A,0.0A,0.0A,24.2A,22.6 deg.C,0.0 deg.C,107Ah,Float
2026-06-17 01:00:50,52.1V,0.0A,0.0A,0.0A,25.0A,22.6 deg.C,0.0 deg.C,103Ah,Float
2026-06-17 00:50:50,52.0V,0.0A,0.0A,0.0A,25.8A,22.5 deg.C,0.0 deg.C,99Ah,Float
2026-06-17 00:40:50,51.9V,0.0A,0.0A,0.0A,23.1A,22.4 deg.C,0.0 deg.C,95Ah,Float
2026-06-17 00:30:50,51.8V,0.0A,0.0A,0.0A,22.9A,22.3 deg.C,0.0 deg.C,91Ah,Float
2026-06-17 00:20:50,51.8V,0.0A,0.0A,0.0A,24.6A,22.1 deg.C,0.0 deg.C,87Ah,Float
2026-06-17 00:10:50,51.7V,0.0A,0.0A,0.0A,22.9A,22.0 deg.C,0.0 deg.C,83Ah,Float
2026-06-17 00:00:50,51.6V,0.0A,0.0A,0.0A,23.3A,21.7 deg.C,0.0 deg.C,79Ah,Float
2026-06-16 23:50:50,51.5V,0.0A,0.0A,0.0A,24.6A,21.4 deg.C,0.0 deg.C,75Ah,Float
2026-06-16 23:40:50,51.4V,0.0A,0.0A,0.0A,21.8A,20.9 deg.C,0.0 deg.C,71Ah,Float
2026-06-16 23:30:50,51.3V,0.0A,0.0A,0.0A,18.9A,20.2 deg.C,0.0 deg.C,68Ah,Float
2026-06-16 23:20:50,51.3V,0.0A,0.0A,0.0A,24.3A,19.2 deg.C,0.0 deg.C,64Ah,Float
2026-06-16 23:10:50,51.2V,0.0A,0.0A,0.0A,23.1A,19.2 deg.C,0.0 deg.C,60Ah,Float
2026-06-16 23:00:50,51.2V,0.0A,0.0A,0.0A,23.5A,19.6 deg.C,0.0 deg.C,56Ah,Float
2026-06-16 22:50:50,51.0V,0.0A,0.0A,0.0A,17.6A,20.8 deg.C,0.0 deg.C,53Ah,Float
2026-06-16 22:40:50,51.0V,0.0A,0.0A,0.0A,21.1A,22.3 deg.C,0.0 deg.C,49Ah,Float
2026-06-16 22:30:50,50.9V,0.0A,0.0A,0.0A,24.7A,22.0 deg.C,0.0 deg.C,46Ah,Float
2026-06-16 22:20:50,50.8V,0.0A,0.0A,0.0A,24.7A,21.6 deg.C,0.0 deg.C,42Ah,Float
2026-06-16 22:10:50,50.7V,0.0A,0.0A,0.0A,19.3A,20.9 deg.C,0.0 deg.C,38Ah,Float
2026-06-16 22:00:50,50.6V,0.0A,0.0A,0.0A,23.0A,20.0 deg.C,0.0 deg.C,34Ah,Float
2026-06-16 21:50:50,50.4V,0.0A,0.0A,0.0A,17.0A,19.1 deg.C,0.0 deg.C,31Ah,Float
2026-06-16 21:40:50,50.4V,0.0A,0.0A,0.0A,23.3A,19.3 deg.C,0.0 deg.C,27Ah,Float
2026-06-16 21:30:50,50.3V,0.0A,0.0A,0.0A,23.1A,19.6 deg.C,0.0 deg.C,24Ah,Float
2026-06-16 21:20:50,50.1V,0.0A,0.0A,0.0A,20.8A,19.8 deg.C,0.0 deg.C,20Ah,Float
2026-06-16 21:10:50,50.0V,0.0A,0.0A,0.0A,19.2A,20.2 deg.C,0.0 deg.C,17Ah,Float
2026-06-16 21:00:50,49.8V,0.0A,0.0A,0.0A,22.0A,20.8 deg.C,0.0 deg.C,13Ah,Float
2026-06-16 20:50:50,49.7V,0.0A,0.0A,0.0A,22.4A,22.2 deg.C,0.0 deg.C,9Ah,Float
2026-06-16 20:40:50,49.5V,0.0A,0.0A,0.0A,24.8A,22.6 deg.C,0.0 deg.C,6Ah,Float
2026-06-16 20:30:50,49.3V,0.0A,0.0A,0.0A,20.0A,22.2 deg.C,0.0 deg.C,2Ah,Float
2026-06-16 20:20:50,48.5V,0.0A,0.0A,33.6A,-35.3A,22.1 deg.C,0.0 deg.C,0Ah,Discharge
2026-06-16 20:10:50,48.8V,0.0A,0.0A,34.8A,-35.0A,22.1 deg.C,0.0 deg.C,3Ah,Discharge
2026-06-16 20:00:50,48.9V,0.0A,0.0A,39.8A,-39.9A,22.1 deg.C,0.0 deg.C,10Ah,Discharge
2026-06-16 19:50:50,49.1V,0.0A,0.0A,33.1A,-34.8A,22.2 deg.C,0.0 deg.C,16Ah,Discharge
2026-06-16 19:40:50,49.3V,0.0A,0.0A,34.2A,-33.9A,22.2 deg.C,0.0 deg.C,22Ah,Discharge
2026-06-16 19:30:50,49.4V,0.0A,0.0A,42.5A,-37.9A,22.2 deg.C,0.0 deg.C,28Ah,Discharge
2026-06-16 19:20:50,49.6V,0.0A,0.0A,33.0A,-33.3A,22.3 deg.C,0.0 deg.C,34Ah,Discharge
2026-06-16 19:10:50,49.7V,0.0A,0.0A,31.6A,-29.8A,22.3 deg.C,0.0 deg.C,39Ah,Discharge
2026-06-16 19:00:50,49.8V,0.0A,0.0A,32.8A,-34.5A,22.4 deg.C,0.0 deg.C,45Ah,Discharge
2026-06-16 18:50:50,50.0V,0.0A,0.0A,30.0A,-30.7A,22.5 deg.C,0.0 deg.C,50Ah,Discharge
2026-06-16 18:40:50,50.0V,0.0A,0.0A,34.5A,-33.4A,22.5 deg.C,0.0 deg.C,55Ah,Discharge
2026-06-16 18:30:50,50.2V,0.0A,0.0A,32.5A,-33.1A,22.4 deg.C,0.0 deg.C,61Ah,Discharge
2026-06-16 18:20:50,50.3V,0.0A,0.0A,34.5A,-34.2A,22.4 deg.C,0.0 deg.C,66Ah,Discharge
2026-06-16 18:10:50,50.4V,0.0A,0.0A,32.9A,-34.9A,22.3 deg.C,0.0 deg.C,71Ah,Discharge
2026-06-16 18:00:50,50.5V,0.0A,0.0A,33.5A,-34.0A,22.1 deg.C,0.0 deg.C,76Ah,Discharge
2026-06-16 17:50:50,50.6V,0.0A,0.0A,33.5A,-33.3A,21.8 deg.C,0.0 deg.C,82Ah,Discharge
2026-06-16 17:40:50,50.8V,0.0A,0.0A,28.6A,-29.5A,21.3 deg.C,0.0 deg.C,87Ah,Discharge
2026-06-16 17:30:50,50.9V,0.0A,0.0A,33.1A,-32.7A,20.7 deg.C,0.0 deg.C,93Ah,Discharge
2026-06-16 17:20:50,51.0V,0.0A,0.0A,33.2A,-34.8A,20.8 deg.C,0.0 deg.C,98Ah,Discharge
2026-06-16 17:10:50,51.1V,0.0A,0.0A,34.3A,-34.6A,21.0 deg.C,0.0 deg.C,104Ah,Discharge
2026-06-16 17:00:50,51.2V,0.0A,0.0A,33.2A,-34.1A,21.2 deg.C,0.0 deg.C,109Ah,Discharge
2026-06-16 16:50:50,51.3V,0.0A,0.0A,34.9A,-35.1A,21.3 deg.C,0.0 deg.C,115Ah,Discharge
2026-06-16 16:40:50,51.5V,0.0A,0.0A,35.1A,-34.9A,21.4 deg.C,0.0 deg.C,121Ah,Discharge
2026-06-16 16:30:50,51.6V,0.0A,0.0A,37.8A,-35.8A,21.5 deg.C,0.0 deg.C,127Ah,Discharge
2026-06-16 16:20:50,51.8V,0.0A,0.0A,33.5A,-34.9A,21.4 deg.C,0.0 deg.C,133Ah,Discharge
2026-06-16 16:10:50,51.9V,0.0A,0.0A,34.6A,-36.3A,21.3 deg.C,0.0 deg.C,138Ah,Discharge
2026-06-16 16:00:50,52.0V,0.0A,0.0A,37.3A,-36.6A,21.3 deg.C,0.0 deg.C,144Ah,Discharge
2026-06-16 15:50:50,52.2V,0.0A,0.0A,35.2A,-35.4A,21.2 deg.C,0.0 deg.C,151Ah,Discharge
2026-06-16 15:40:50,52.3V,0.0A,0.0A,34.3A,-35.0A,21.2 deg.C,0.0 deg.C,156Ah,Discharge
2026-06-16 15:30:50,52.4V,0.0A,0.0A,37.2A,-36.2A,21.1 deg.C,0.0 deg.C,162Ah,Discharge
2026-06-16 15:20:50,52.6V,0.0A,0.0A,35.8A,-35.7A,21.1 deg.C,0.0 deg.C,168Ah,Discharge
2026-06-16 15:10:50,52.7V,0.0A,0.0A,38.0A,-36.7A,21.2 deg.C,0.0 deg.C,174Ah,Discharge
2026-06-16 15:00:50,52.9V,0.0A,0.0A,39.6A,-36.7A,21.3 deg.C,0.0 deg.C,180Ah,Discharge
2026-06-16 14:50:50,53.0V,0.0A,0.0A,35.8A,-36.7A,21.4 deg.C,0.0 deg.C,187Ah,Discharge
2026-06-16 14:40:50,53.2V,0.0A,0.0A,36.4A,-36.9A,21.7 deg.C,0.0 deg.C,193Ah,Discharge
2026-06-16 14:30:50,53.4V,0.0A,0.0A,36.2A,-37.4A,22.0 deg.C,0.0 deg.C,199Ah,Discharge
2026-06-16 14:20:50,54.2V,0.0A,0.0A,0.0A,18.6A,22.1 deg.C,0.0 deg.C,202Ah,Float
2026-06-16 14:10:50,54.2V,0.0A,0.0A,0.0A,19.1A,22.1 deg.C,0.0 deg.C,198Ah,Float
2026-06-16 14:00:50,54.1V,0.0A,0.0A,0.0A,19.4A,21.9 deg.C,0.0 deg.C,195Ah,Float
2026-06-16 13:50:50,54.0V,0.0A,0.0A,0.0A,19.1A,21.8 deg.C,0.0 deg.C,192Ah,Float
2026-06-16 13:40:50,54.0V,0.0A,0.0A,0.0A,19.3A,21.6 deg.C,0.0 deg.C,189Ah,Float
2026-06-16 13:30:50,53.9V,0.0A,0.0A,0.0A,17.5A,21.5 deg.C,0.0 deg.C,185Ah,Float
2026-06-16 13:20:50,53.8V,0.0A,0.0A,0.0A,20.6A,21.4 deg.C,0.0 deg.C,182Ah,Float
2026-06-16 13:10:50,53.7V,0.0A,0.0A,0.0A,20.3A,21.4 deg.C,0.0 deg.C,179Ah,Float
2026-06-16 13:00:50,53.7V,0.0A,0.0A,0.0A,20.9A,21.3 deg.C,0.0 deg.C,175Ah,Float
2026-06-16 12:50:50,53.6V,0.0A,0.0A,0.0A,18.8A,21.3 deg.C,0.0 deg.C,172Ah,Float
2026-06-16 12:40:50,53.5V,0.0A,0.0A,0.0A,19.8A,21.3 deg.C,0.0 deg.C,169Ah,Float
2026-06-16 12:30:50,53.4V,0.0A,0.0A,0.0A,19.0A,21.3 deg.C,0.0 deg.C,166Ah,Float
2026-06-16 12:20:50,53.4V,0.0A,0.0A,0.0A,21.1A,21.3 deg.C,0.0 deg.C,162Ah,Float
2026-06-16 12:10:50,53.3V,0.0A,0.0A,0.0A,19.8A,21.2 deg.C,0.0 deg.C,159Ah,Float
2026-06-16 12:00:50,53.2V,0.0A,0.0A,0.0A,20.7A,21.0 deg.C,0.0 deg.C,155Ah,Float
2026-06-16 11:50:50,53.1V,0.0A,0.0A,0.0A,23.0A,20.9 deg.C,0.0 deg.C,151Ah,Float
2026-06-16 11:40:50,53.0V,0.0A,0.0A,0.0A,21.5A,20.8 deg.C,0.0 deg.C,148Ah,Float
2026-06-16 11:30:50,53.0V,0.0A,0.0A,0.0A,28.3A,20.6 deg.C,0.0 deg.C,144Ah,Float
2026-06-16 11:20:50,52.9V,0.0A,0.0A,0.0A,24.0A,20.5 deg.C,0.0 deg.C,140Ah,Float
2026-06-16 11:10:50,52.8V,0.0A,0.0A,0.0A,22.8A,20.3 deg.C,0.0 deg.C,136Ah,Float
2026-06-16 11:00:50,52.7V,0.0A,0.0A,0.0A,23.1A,20.1 deg.C,0.0 deg.C,132Ah,Float
2026-06-16 10:50:50,52.6V,0.0A,0.0A,0.0A,23.6A,19.8 deg.C,0.0 deg.C,128Ah,Float
2026-06-16 10:40:50,52.5V,0.0A,0.0A,0.0A,23.7A,19.6 deg.C,0.0 deg.C,124Ah,Float
2026-06-16 10:30:50,52.4V,0.0A,0.0A,0.0A,28.4A,19.5 deg.C,0.0 deg.C,120Ah,Float
2026-06-16 10:20:50,52.3V,0.0A,0.0A,0.0A,23.8A,19.6 deg.C,0.0 deg.C,116Ah,Float
2026-06-16 10:10:50,52.2V,0.0A,0.0A,0.0A,23.5A,20.2 deg.C,0.0 deg.C,112Ah,Float
2026-06-16 10:00:50,52.1V,0.0A,0.0A,0.0A,22.8A,21.9 deg.C,0.0 deg.C,108Ah,Float
2026-06-16 09:50:50,52.0V,0.0A,0.0A,0.0A,26.0A,21.8 deg.C,0.0 deg.C,103Ah,Float
2026-06-16 09:40:50,52.0V,0.0A,0.0A,0.0A,29.8A,21.5 deg.C,0.0 deg.C,99Ah,Float
2026-06-16 09:30:50,51.9V,0.0A,0.0A,0.0A,30.3A,21.2 deg.C,0.0 deg.C,94Ah,Float
2026-06-16 09:20:50,51.8V,0.0A,0.0A,0.0A,25.4A,20.9 deg.C,0.0 deg.C,89Ah,Float
2026-06-16 09:10:50,51.7V,0.0A,0.0A,0.0A,30.8A,20.7 deg.C,0.0 deg.C,84Ah,Float
2026-06-16 09:00:50,51.6V,0.0A,0.0A,0.0A,30.2A,20.4 deg.C,0.0 deg.C,79Ah,Float
2026-06-16 08:50:50,51.6V,0.0A,0.0A,0.0A,30.5A,20.2 deg.C,0.0 deg.C,74Ah,Float
2026-06-16 08:40:50,51.4V,0.0A,0.0A,0.0A,27.7A,20.1 deg.C,0.0 deg.C,70Ah,Float
2026-06-16 08:30:50,51.4V,0.0A,0.0A,0.0A,31.4A,19.9 deg.C,0.0 deg.C,64Ah,Float
2026-06-16 08:20:50,51.3V,0.0A,0.0A,0.0A,31.6A,19.8 deg.C,0.0 deg.C,59Ah,Float
2026-06-16 08:10:50,51.2V,0.0A,0.0A,0.0A,31.1A,19.7 deg.C,0.0 deg.C,54Ah,Float
2026-06-16 08:00:50,51.0V,0.0A,0.0A,0.0A,31.4A,19.6 deg.C,0.0 deg.C,49Ah,Float
2026-06-16 07:50:50,50.9V,0.0A,0.0A,0.0A,31.2A,19.5 deg.C,0.0 deg.C,44Ah,Float
2026-06-16 07:40:50,50.8V,0.0A,0.0A,0.0A,31.5A,19.4 deg.C,0.0 deg.C,38Ah,Float
2026-06-16 07:30:50,50.6V,0.0A,0.0A,0.0A,29.0A,19.3 deg.C,0.0 deg.C,33Ah,Float
2026-06-16 07:20:50,50.4V,0.0A,0.0A,0.0A,29.9A,19.1 deg.C,0.0 deg.C,29Ah,Float
2026-06-16 07:10:50,50.3V,0.0A,0.0A,0.0A,30.1A,18.9 deg.C,0.0 deg.C,24Ah,Float
2026-06-16 07:00:50,50.1V,0.0A,0.0A,0.0A,29.9A,18.6 deg.C,0.0 deg.C,19Ah,Float
2026-06-16 06:50:50,49.9V,0.0A,0.0A,0.0A,29.3A,18.3 deg.C,0.0 deg.C,14Ah,Float
2026-06-16 06:40:50,49.7V,0.0A,0.0A,0.0A,30.5A,17.9 deg.C,0.0 deg.C,9Ah,Float
2026-06-16 06:30:50,49.5V,0.0A,0.0A,0.0A,30.1A,17.4 deg.C,0.0 deg.C,4Ah,Float
2026-06-16 06:20:50,48.5V,0.0A,0.0A,31.7A,-31.5A,17.2 deg.C,0.0 deg.C,0Ah,Discharge
2026-06-16 06:10:50,48.7V,0.0A,0.0A,31.1A,-31.2A,17.1 deg.C,0.0 deg.C,0Ah,Discharge
2026-06-16 06:00:50,48.8V,0.0A,0.0A,30.7A,-30.9A,17.1 deg.C,0.0 deg.C,1Ah,Discharge
2026-06-16 05:50:50,49.0V,0.0A,0.0A,30.9A,-31.8A,17.1 deg.C,0.0 deg.C,6Ah,Discharge
2026-06-16 05:40:50,49.1V,0.0A,0.0A,32.0A,-31.4A,17.1 deg.C,0.0 deg.C,12Ah,Discharge
2026-06-16 05:30:50,49.3V,0.0A,0.0A,30.7A,-32.4A,17.0 deg.C,0.0 deg.C,17Ah,Discharge
2026-06-16 05:20:50,49.4V,0.0A,0.0A,30.4A,-32.2A,16.9 deg.C,0.0 deg.C,22Ah,Discharge
2026-06-16 05:10:50,49.5V,0.0A,0.0A,30.2A,-30.6A,16.9 deg.C,0.0 deg.C,27Ah,Discharge
2026-06-16 05:00:50,49.6V,0.0A,0.0A,30.8A,-30.6A,16.8 deg.C,0.0 deg.C,32Ah,Discharge
2026-06-16 04:50:50,49.8V,0.0A,0.0A,31.0A,-30.5A,16.9 deg.C,0.0 deg.C,37Ah,Discharge
2026-06-16 04:40:50,49.9V,0.0A,0.0A,30.4A,-30.5A,17.0 deg.C,0.0 deg.C,42Ah,Discharge
2026-06-16 04:30:50,50.0V,0.0A,0.0A,30.3A,-30.6A,17.0 deg.C,0.0 deg.C,47Ah,Discharge
2026-06-16 04:20:50,50.1V,0.0A,0.0A,31.2A,-31.9A,17.1 deg.C,0.0 deg.C,53Ah,Discharge
2026-06-16 04:10:50,50.2V,0.0A,0.0A,30.1A,-30.9A,17.2 deg.C,0.0 deg.C,58Ah,Discharge
2026-06-16 04:00:50,50.3V,0.0A,0.0A,30.0A,-30.2A,17.3 deg.C,0.0 deg.C,63Ah,Discharge
2026-06-16 03:50:50,50.5V,0.0A,0.0A,30.4A,-30.3A,17.5 deg.C,0.0 deg.C,68Ah,Discharge
2026-06-16 03:40:50,50.6V,0.0A,0.0A,29.8A,-30.4A,17.6 deg.C,0.0 deg.C,73Ah,Discharge
2026-06-16 03:30:50,50.7V,0.0A,0.0A,30.3A,-30.1A,17.8 deg.C,0.0 deg.C,78Ah,Discharge
2026-06-16 03:20:50,50.8V,0.0A,0.0A,29.5A,-30.3A,17.9 deg.C,0.0 deg.C,83Ah,Discharge
2026-06-16 03:10:50,50.9V,0.0A,0.0A,30.3A,-30.2A,18.0 deg.C,0.0 deg.C,88Ah,Discharge
2026-06-16 03:00:50,51.0V,0.0A,0.0A,30.8A,-30.2A,18.2 deg.C,0.0 deg.C,93Ah,Discharge
2026-06-16 02:50:50,51.1V,0.0A,0.0A,30.3A,-30.3A,18.4 deg.C,0.0 deg.C,98Ah,Discharge
2026-06-16 02:40:50,51.2V,0.0A,0.0A,29.7A,-29.9A,18.6 deg.C,0.0 deg.C,103Ah,Discharge
2026-06-16 02:30:50,51.3V,0.0A,0.0A,29.4A,-30.1A,18.8 deg.C,0.0 deg.C,108Ah,Discharge
2026-06-16 02:20:50,51.4V,0.0A,0.0A,29.4A,-29.8A,19.0 deg.C,0.0 deg.C,113Ah,Discharge
2026-06-16 02:10:50,51.5V,0.0A,0.0A,33.1A,-30.5A,19.2 deg.C,0.0 deg.C,118Ah,Discharge
2026-06-16 02:00:50,51.7V,0.0A,0.0A,31.2A,-30.5A,19.4 deg.C,0.0 deg.C,123Ah,Discharge
2026-06-16 01:50:50,51.8V,0.0A,0.0A,29.6A,-30.4A,19.6 deg.C,0.0 deg.C,128Ah,Discharge
2026-06-16 01:40:50,51.9V,0.0A,0.0A,29.0A,-30.3A,19.9 deg.C,0.0 deg.C,133Ah,Discharge
2026-06-16 01:30:50,52.0V,0.0A,0.0A,33.0A,-30.1A,20.1 deg.C,0.0 deg.C,139Ah,Discharge
2026-06-16 01:20:50,52.1V,0.0A,0.0A,35.5A,-35.1A,20.3 deg.C,0.0 deg.C,144Ah,Discharge
2026-06-16 01:10:50,52.3V,0.0A,0.0A,31.0A,-30.3A,20.6 deg.C,0.0 deg.C,150Ah,Discharge
2026-06-16 01:00:50,52.4V,0.0A,0.0A,32.4A,-31.5A,20.9 deg.C,0.0 deg.C,155Ah,Discharge
2026-06-16 00:50:50,52.6V,0.0A,0.0A,30.3A,-31.4A,21.2 deg.C,0.0 deg.C,160Ah,Discharge
2026-06-16 00:40:50,52.7V,0.0A,0.0A,31.5A,-33.3A,21.6 deg.C,0.0 deg.C,165Ah,Discharge
2026-06-16 00:30:50,52.8V,0.0A,0.0A,34.7A,-32.7A,21.9 deg.C,0.0 deg.C,171Ah,Discharge
2026-06-16 00:20:50,52.9V,0.0A,0.0A,34.0A,-33.3A,22.4 deg.C,0.0 deg.C,177Ah,Discharge
2026-06-16 00:10:50,53.1V,0.0A,0.0A,33.1A,-33.2A,22.9 deg.C,0.0 deg.C,182Ah,Discharge
2026-06-16 00:00:50,53.4V,0.0A,0.0A,34.2A,-34.0A,23.2 deg.C,0.0 deg.C,188Ah,Discharge
2026-06-15 23:50:50,54.0V,0.0A,0.0A,0.0A,22.8A,23.1 deg.C,0.0 deg.C,185Ah,Float
2026-06-15 23:40:50,53.9V,0.0A,0.0A,0.0A,23.7A,23.0 deg.C,0.0 deg.C,181Ah,Float
2026-06-15 23:30:50,53.8V,0.0A,0.0A,0.0A,22.9A,22.9 deg.C,0.0 deg.C,177Ah,Float
2026-06-15 23:20:50,53.7V,0.0A,0.0A,0.0A,20.5A,22.7 deg.C,0.0 deg.C,173Ah,Float
2026-06-15 23:10:50,53.6V,0.0A,0.0A,0.0A,17.8A,22.4 deg.C,0.0 deg.C,170Ah,Float
2026-06-15 23:00:50,53.6V,0.0A,0.0A,0.0A,23.6A,22.1 deg.C,0.0 deg.C,166Ah,Float
2026-06-15 22:50:50,53.5V,0.0A,0.0A,0.0A,20.2A,21.5 deg.C,0.0 deg.C,163Ah,Float
2026-06-15 22:40:50,53.4V,0.0A,0.0A,0.0A,20.4A,20.7 deg.C,0.0 deg.C,159Ah,Float
2026-06-15 22:30:50,53.3V,0.0A,0.0A,0.0A,20.0A,19.5 deg.C,0.0 deg.C,155Ah,Float
2026-06-15 22:20:50,53.2V,0.0A,0.0A,0.0A,23.6A,19.6 deg.C,0.0 deg.C,151Ah,Float
2026-06-15 22:10:50,53.1V,0.0A,0.0A,0.0A,18.5A,20.0 deg.C,0.0 deg.C,148Ah,Float
2026-06-15 22:00:50,53.0V,0.0A,0.0A,0.0A,19.8A,21.3 deg.C,0.0 deg.C,145Ah,Float
2026-06-15 21:50:50,53.0V,0.0A,0.0A,0.0A,23.4A,22.6 deg.C,0.0 deg.C,141Ah,Float
2026-06-15 21:40:50,52.9V,0.0A,0.0A,0.0A,22.9A,22.2 deg.C,0.0 deg.C,137Ah,Float
2026-06-15 21:30:50,52.8V,0.0A,0.0A,0.0A,23.8A,21.6 deg.C,0.0 deg.C,133Ah,Float
2026-06-15 21:20:50,52.7V,0.0A,0.0A,0.0A,19.4A,20.7 deg.C,0.0 deg.C,130Ah,Float
2026-06-15 21:10:50,52.6V,0.0A,0.0A,0.0A,22.2A,19.6 deg.C,0.0 deg.C,126Ah,Float
2026-06-15 21:00:50,52.5V,0.0A,0.0A,0.0A,23.3A,19.3 deg.C,0.0 deg.C,123Ah,Float
2026-06-15 20:50:50,52.4V,0.0A,0.0A,0.0A,18.4A,19.4 deg.C,0.0 deg.C,119Ah,Float
2026-06-15 20:40:50,52.4V,0.0A,0.0A,0.0A,24.4A,19.4 deg.C,0.0 deg.C,116Ah,Float
2026-06-15 20:30:50,52.2V,0.0A,0.0A,0.0A,23.7A,19.5 deg.C,0.0 deg.C,112Ah,Float
2026-06-15 20:20:50,52.2V,0.0A,0.0A,0.0A,23.9A,19.7 deg.C,0.0 deg.C,108Ah,Float
2026-06-15 20:10:50,52.0V,0.0A,0.0A,0.0A,19.5A,19.7 deg.C,0.0 deg.C,104Ah,Float
2026-06-15 20:00:50,52.0V,0.0A,0.0A,0.0A,23.4A,19.8 deg.C,0.0 deg.C,101Ah,Float
2026-06-15 19:50:50,51.9V,0.0A,0.0A,0.0A,23.0A,19.9 deg.C,0.0 deg.C,97Ah,Float
2026-06-15 19:40:50,51.8V,0.0A,0.0A,0.0A,18.7A,20.0 deg.C,0.0 deg.C,93Ah,Float
2026-06-15 19:30:50,51.8V,0.0A,0.0A,0.0A,25.9A,20.0 deg.C,0.0 deg.C,89Ah,Float
2026-06-15 19:20:50,51.8V,0.0A,0.0A,0.0A,28.3A,20.1 deg.C,0.0 deg.C,85Ah,Float
2026-06-15 19:10:50,51.6V,0.0A,0.0A,0.0A,24.4A,20.1 deg.C,0.0 deg.C,80Ah,Float
2026-06-15 19:00:50,51.6V,0.0A,0.0A,0.0A,29.1A,20.3 deg.C,0.0 deg.C,76Ah,Float
2026-06-15 18:50:50,51.5V,0.0A,0.0A,0.0A,25.9A,20.4 deg.C,0.0 deg.C,71Ah,Float
2026-06-15 18:40:50,51.4V,0.0A,0.0A,0.0A,25.4A,20.4 deg.C,0.0 deg.C,67Ah,Float
2026-06-15 18:30:50,51.4V,0.0A,0.0A,0.0A,28.7A,20.4 deg.C,0.0 deg.C,62Ah,Float
2026-06-15 18:20:50,51.2V,0.0A,0.0A,0.0A,22.8A,20.5 deg.C,0.0 deg.C,58Ah,Float
2026-06-15 18:10:50,51.2V,0.0A,0.0A,0.0A,29.3A,20.6 deg.C,0.0 deg.C,54Ah,Float
2026-06-15 18:00:50,51.1V,0.0A,0.0A,0.0A,26.0A,20.7 deg.C,0.0 deg.C,50Ah,Float
2026-06-15 17:50:50,51.0V,0.0A,0.0A,0.0A,29.7A,20.7 deg.C,0.0 deg.C,45Ah,Float
2026-06-15 17:40:50,50.8V,0.0A,0.0A,0.0A,24.9A,20.8 deg.C,0.0 deg.C,41Ah,Float
2026-06-15 17:30:50,50.7V,0.0A,0.0A,0.0A,29.3A,20.9 deg.C,0.0 deg.C,36Ah,Float
2026-06-15 17:20:50,50.6V,0.0A,0.0A,0.0A,25.6A,21.1 deg.C,0.0 deg.C,32Ah,Float
2026-06-15 17:10:50,50.5V,0.0A,0.0A,0.0A,28.4A,21.2 deg.C,0.0 deg.C,28Ah,Float
2026-06-15 17:00:50,50.3V,0.0A,0.0A,0.0A,23.6A,21.2 deg.C,0.0 deg.C,24Ah,Float
2026-06-15 16:50:50,50.2V,0.0A,0.0A,0.0A,21.9A,21.4 deg.C,0.0 deg.C,20Ah,Float
2026-06-15 16:40:50,50.0V,0.0A,0.0A,0.0A,24.2A,21.6 deg.C,0.0 deg.C,16Ah,Float
2026-06-15 16:30:50,49.8V,0.0A,0.0A,0.0A,22.5A,21.7 deg.C,0.0 deg.C,12Ah,Float
2026-06-15 16:20:50,49.7V,0.0A,0.0A,0.0A,21.7A,21.8 deg.C,0.0 deg.C,8Ah,Float
2026-06-15 16:10:50,49.5V,0.0A,0.0A,0.0A,20.7A,22.0 deg.C,0.0 deg.C,4Ah,Float
2026-06-15 16:00:50,49.3V,0.0A,0.0A,0.0A,21.6A,22.1 deg.C,0.0 deg.C,1Ah,Float
2026-06-15 15:50:50,48.6V,0.0A,0.0A,39.3A,-40.0A,22.1 deg.C,0.0 deg.C,0Ah,Discharge
2026-06-15 15:40:50,48.8V,0.0A,0.0A,38.7A,-38.2A,22.0 deg.C,0.0 deg.C,7Ah,Discharge
2026-06-15 15:30:50,49.0V,0.0A,0.0A,43.4A,-43.1A,22.0 deg.C,0.0 deg.C,13Ah,Discharge
2026-06-15 15:20:50,49.2V,0.0A,0.0A,39.5A,-39.4A,21.9 deg.C,0.0 deg.C,20Ah,Discharge
2026-06-15 15:10:50,49.3V,0.0A,0.0A,38.6A,-39.8A,21.9 deg.C,0.0 deg.C,26Ah,Discharge
2026-06-15 15:00:50,49.5V,0.0A,0.0A,38.1A,-38.6A,21.8 deg.C,0.0 deg.C,33Ah,Discharge
2026-06-15 14:50:50,49.6V,0.0A,0.0A,39.3A,-38.7A,21.8 deg.C,0.0 deg.C,39Ah,Discharge
2026-06-15 14:40:50,49.8V,0.0A,0.0A,38.9A,-38.9A,21.7 deg.C,0.0 deg.C,46Ah,Discharge
2026-06-15 14:30:50,49.9V,0.0A,0.0A,40.5A,-38.4A,21.7 deg.C,0.0 deg.C,52Ah,Discharge
2026-06-15 14:20:50,50.1V,0.0A,0.0A,38.4A,-40.5A,21.7 deg.C,0.0 deg.C,59Ah,Discharge
2026-06-15 14:10:50,50.2V,0.0A,0.0A,37.2A,-38.4A,21.7 deg.C,0.0 deg.C,66Ah,Discharge
2026-06-15 14:00:50,50.4V,0.0A,0.0A,36.0A,-37.3A,21.7 deg.C,0.0 deg.C,72Ah,Discharge
2026-06-15 13:50:50,50.5V,0.0A,0.0A,38.0A,-38.8A,21.7 deg.C,0.0 deg.C,78Ah,Discharge
2026-06-15 13:40:50,50.6V,0.0A,0.0A,38.9A,-38.8A,21.7 deg.C,0.0 deg.C,84Ah,Discharge
2026-06-15 13:30:50,50.8V,0.0A,0.0A,36.8A,-38.6A,21.7 deg.C,0.0 deg.C,90Ah,Discharge
2026-06-15 13:20:50,50.9V,0.0A,0.0A,37.3A,-38.9A,21.7 deg.C,0.0 deg.C,97Ah,Discharge
2026-06-15 13:10:50,51.0V,0.0A,0.0A,40.1A,-36.6A,21.7 deg.C,0.0 deg.C,103Ah,Discharge
2026-06-15 13:00:50,51.2V,0.0A,0.0A,36.4A,-37.1A,21.8 deg.C,0.0 deg.C,109Ah,Discharge
2026-06-15 12:50:50,51.3V,0.0A,0.0A,36.3A,-38.0A,21.8 deg.C,0.0 deg.C,115Ah,Discharge
2026-06-15 12:40:50,51.5V,0.0A,0.0A,38.3A,-37.4A,21.8 deg.C,0.0 deg.C,122Ah,Discharge
2026-06-15 12:30:50,51.6V,0.0A,0.0A,36.0A,-37.7A,21.8 deg.C,0.0 deg.C,128Ah,Discharge
2026-06-15 12:20:50,51.8V,0.0A,0.0A,39.0A,-36.8A,21.7 deg.C,0.0 deg.C,134Ah,Discharge
2026-06-15 12:10:50,51.9V,0.0A,0.0A,36.0A,-37.1A,21.6 deg.C,0.0 deg.C,140Ah,Discharge
2026-06-15 12:00:50,52.1V,0.0A,0.0A,37.5A,-36.8A,21.5 deg.C,0.0 deg.C,146Ah,Discharge
2026-06-15 11:50:50,52.2V,0.0A,0.0A,36.6A,-37.0A,21.3 deg.C,0.0 deg.C,152Ah,Discharge
2026-06-15 11:40:50,52.4V,0.0A,0.0A,38.2A,-36.4A,21.1 deg.C,0.0 deg.C,158Ah,Discharge
2026-06-15 11:30:50,52.5V,0.0A,0.0A,35.0A,-35.1A,21.0 deg.C,0.0 deg.C,164Ah,Discharge
2026-06-15 11:20:50,52.7V,0.0A,0.0A,34.8A,-34.9A,21.1 deg.C,0.0 deg.C,170Ah,Discharge
2026-06-15 11:10:50,52.8V,0.0A,0.0A,36.5A,-34.8A,21.2 deg.C,0.0 deg.C,176Ah,Discharge
2026-06-15 11:00:50,52.9V,0.0A,0.0A,34.1A,-37.1A,21.5 deg.C,0.0 deg.C,182Ah,Discharge
2026-06-15 10:50:50,53.0V,0.0A,0.0A,34.4A,-35.0A,22.4 deg.C,0.0 deg.C,188Ah,Discharge
2026-06-15 10:40:50,53.2V,0.0A,0.0A,32.7A,-33.3A,24.5 deg.C,0.0 deg.C,194Ah,Discharge
2026-06-15 10:30:50,53.3V,0.0A,0.0A,33.1A,-32.6A,24.5 deg.C,0.0 deg.C,199Ah,Discharge
2026-06-15 10:20:50,53.4V,0.0A,0.0A,33.2A,-32.2A,24.1 deg.C,0.0 deg.C,205Ah,Discharge
2026-06-15 10:10:50,53.6V,0.0A,0.0A,31.2A,-31.7A,23.5 deg.C,0.0 deg.C,210Ah,Discharge
2026-06-15 10:00:50,53.8V,0.0A,0.0A,35.2A,-31.1A,22.7 deg.C,0.0 deg.C,215Ah,Discharge
2026-06-15 09:50:50,54.0V,0.0A,0.0A,30.4A,-32.0A,21.8 deg.C,0.0 deg.C,220Ah,Discharge
2026-06-15 09:40:50,54.3V,0.0A,0.0A,30.1A,-30.6A,20.5 deg.C,0.0 deg.C,225Ah,Discharge
2026-06-15 09:30:50,55.0V,0.0A,0.0A,0.0A,23.1A,20.1 deg.C,0.0 deg.C,227Ah,Float
2026-06-15 09:20:50,54.9V,0.0A,0.0A,0.0A,26.7A,20.7 deg.C,0.0 deg.C,223Ah,Float
2026-06-15 09:10:50,54.8V,0.0A,0.0A,0.0A,22.7A,22.8 deg.C,0.0 deg.C,219Ah,Float
2026-06-15 09:00:50,54.7V,0.0A,0.0A,0.0A,25.0A,23.4 deg.C,0.0 deg.C,215Ah,Float
2026-06-15 08:50:50,54.6V,0.0A,0.0A,0.0A,29.0A,23.0 deg.C,0.0 deg.C,211Ah,Float
2026-06-15 08:40:50,54.5V,0.0A,0.0A,0.0A,29.6A,22.6 deg.C,0.0 deg.C,207Ah,Float
2026-06-15 08:30:50,54.3V,0.0A,0.0A,0.0A,26.0A,22.3 deg.C,0.0 deg.C,202Ah,Float
2026-06-15 08:20:50,54.3V,0.0A,0.0A,0.0A,28.4A,22.0 deg.C,0.0 deg.C,197Ah,Float
2026-06-15 08:10:50,54.2V,0.0A,0.0A,0.0A,30.4A,21.9 deg.C,0.0 deg.C,192Ah,Float
2026-06-15 08:00:50,54.1V,0.0A,0.0A,0.0A,29.9A,21.9 deg.C,0.0 deg.C,187Ah,Float
2026-06-15 07:50:50,54.0V,0.0A,0.0A,0.0A,30.8A,21.9 deg.C,0.0 deg.C,182Ah,Float
2026-06-15 07:40:50,53.8V,0.0A,0.0A,0.0A,30.2A,21.9 deg.C,0.0 deg.C,177Ah,Float
2026-06-15 07:30:50,53.7V,0.0A,0.0A,0.0A,26.9A,21.9 deg.C,0.0 deg.C,172Ah,Float
2026-06-15 07:20:50,53.6V,0.0A,0.0A,0.0A,25.8A,21.8 deg.C,0.0 deg.C,168Ah,Float
2026-06-15 07:10:50,53.5V,0.0A,0.0A,0.0A,27.4A,21.8 deg.C,0.0 deg.C,163Ah,Float
2026-06-15 07:00:50,53.4V,0.0A,0.0A,0.0A,26.5A,21.8 deg.C,0.0 deg.C,159Ah,Float
2026-06-15 06:50:50,53.3V,0.0A,0.0A,0.0A,28.3A,21.8 deg.C,0.0 deg.C,154Ah,Float
2026-06-15 06:40:50,53.2V,0.0A,0.0A,0.0A,28.4A,21.8 deg.C,0.0 deg.C,149Ah,Float
2026-06-15 06:30:50,53.1V,0.0A,0.0A,0.0A,28.5A,21.8 deg.C,0.0 deg.C,145Ah,Float
2026-06-15 06:20:50,53.0V,0.0A,0.0A,0.0A,28.6A,21.8 deg.C,0.0 deg.C,140Ah,Float
2026-06-15 06:10:50,52.8V,0.0A,0.0A,0.0A,28.7A,21.8 deg.C,0.0 deg.C,135Ah,Float
2026-06-15 06:00:50,52.7V,0.0A,0.0A,0.0A,28.6A,21.7 deg.C,0.0 deg.C,131Ah,Float
2026-06-15 05:50:50,52.6V,0.0A,0.0A,0.0A,28.9A,21.7 deg.C,0.0 deg.C,126Ah,Float
2026-06-15 05:40:50,52.5V,0.0A,0.0A,0.0A,28.5A,21.8 deg.C,0.0 deg.C,121Ah,Float
2026-06-15 05:30:50,52.4V,0.0A,0.0A,0.0A,28.8A,21.8 deg.C,0.0 deg.C,116Ah,Float
2026-06-15 05:20:50,52.3V,0.0A,0.0A,0.0A,29.1A,21.8 deg.C,0.0 deg.C,111Ah,Float
2026-06-15 05:10:50,52.2V,0.0A,0.0A,0.0A,29.1A,21.7 deg.C,0.0 deg.C,107Ah,Float
2026-06-15 05:00:50,52.1V,0.0A,0.0A,0.0A,28.9A,21.7 deg.C,0.0 deg.C,102Ah,Float
2026-06-15 04:50:50,52.0V,0.0A,0.0A,0.0A,29.5A,21.7 deg.C,0.0 deg.C,97Ah,Float
2026-06-15 04:40:50,51.9V,0.0A,0.0A,0.0A,29.3A,21.7 deg.C,0.0 deg.C,92Ah,Float
2026-06-15 04:30:50,51.8V,0.0A,0.0A,0.0A,29.0A,21.6 deg.C,0.0 deg.C,87Ah,Float
2026-06-15 04:20:50,51.7V,0.0A,0.0A,0.0A,28.9A,21.6 deg.C,0.0 deg.C,82Ah,Float
2026-06-15 04:10:50,51.6V,0.0A,0.0A,0.0A,29.6A,21.5 deg.C,0.0 deg.C,77Ah,Float
2026-06-15 04:00:50,51.5V,0.0A,0.0A,0.0A,29.3A,21.5 deg.C,0.0 deg.C,72Ah,Float
2026-06-15 03:50:50,51.4V,0.0A,0.0A,0.0A,29.2A,21.5 deg.C,0.0 deg.C,68Ah,Float
2026-06-15 03:40:50,51.3V,0.0A,0.0A,0.0A,28.7A,21.5 deg.C,0.0 deg.C,62Ah,Float
2026-06-15 03:30:50,51.2V,0.0A,0.0A,0.0A,29.8A,21.5 deg.C,0.0 deg.C,58Ah,Float
2026-06-15 03:20:50,51.1V,0.0A,0.0A,0.0A,29.6A,21.5 deg.C,0.0 deg.C,53Ah,Float
2026-06-15 03:10:50,51.0V,0.0A,0.0A,0.0A,29.2A,21.5 deg.C,0.0 deg.C,48Ah,Float
2026-06-15 03:00:50,50.9V,0.0A,0.0A,0.0A,29.3A,21.5 deg.C,0.0 deg.C,43Ah,Float
2026-06-15 02:50:50,50.7V,0.0A,0.0A,0.0A,29.6A,21.5 deg.C,0.0 deg.C,38Ah,Float
2026-06-15 02:40:50,50.6V,0.0A,0.0A,0.0A,30.2A,21.4 deg.C,0.0 deg.C,33Ah,Float
2026-06-15 02:30:50,50.4V,0.0A,0.0A,0.0A,29.2A,21.2 deg.C,0.0 deg.C,28Ah,Float
2026-06-15 02:20:50,50.3V,0.0A,0.0A,0.0A,29.3A,21.0 deg.C,0.0 deg.C,23Ah,Float
2026-06-15 02:10:50,50.1V,0.0A,0.0A,0.0A,27.7A,20.9 deg.C,0.0 deg.C,18Ah,Float
2026-06-15 02:00:50,49.9V,0.0A,0.0A,0.0A,29.5A,20.6 deg.C,0.0 deg.C,14Ah,Float
2026-06-15 01:50:50,49.7V,0.0A,0.0A,0.0A,29.3A,20.3 deg.C,0.0 deg.C,9Ah,Float
2026-06-15 01:40:50,49.5V,0.0A,0.0A,0.0A,29.2A,19.9 deg.C,0.0 deg.C,4Ah,Float
2026-06-15 01:30:50,48.5V,0.0A,0.0A,31.5A,-32.2A,19.6 deg.C,0.0 deg.C,0Ah,Discharge
2026-06-15 01:20:50,48.6V,0.0A,0.0A,37.0A,-35.1A,19.7 deg.C,0.0 deg.C,0Ah,Discharge
2026-06-15 01:10:50,48.8V,0.0A,0.0A,34.8A,-33.9A,19.8 deg.C,0.0 deg.C,4Ah,Discharge
2026-06-15 01:00:50,49.0V,0.0A,0.0A,31.5A,-32.9A,19.9 deg.C,0.0 deg.C,10Ah,Discharge
2026-06-15 00:50:50,49.2V,0.0A,0.0A,32.9A,-33.5A,19.9 deg.C,0.0 deg.C,15Ah,Discharge
2026-06-15 00:40:50,49.3V,0.0A,0.0A,32.1A,-32.4A,20.0 deg.C,0.0 deg.C,21Ah,Discharge
2026-06-15 00:30:50,49.4V,0.0A,0.0A,36.9A,-37.8A,20.0 deg.C,0.0 deg.C,27Ah,Discharge
2026-06-15 00:20:50,49.6V,0.0A,0.0A,32.5A,-33.0A,20.0 deg.C,0.0 deg.C,33Ah,Discharge
2026-06-15 00:10:50,49.7V,0.0A,0.0A,32.1A,-34.5A,20.0 deg.C,0.0 deg.C,38Ah,Discharge
2026-06-15 00:00:50,49.8V,0.0A,0.0A,33.8A,-34.3A,20.1 deg.C,0.0 deg.C,44Ah,Discharge
2026-06-14 23:50:50,50.0V,0.0A,0.0A,33.9A,-34.8A,20.1 deg.C,0.0 deg.C,50Ah,Discharge
2026-06-14 23:40:50,50.1V,0.0A,0.0A,34.8A,-35.1A,20.3 deg.C,0.0 deg.C,56Ah,Discharge
2026-06-14 23:30:50,50.2V,0.0A,0.0A,39.4A,-38.0A,20.4 deg.C,0.0 deg.C,62Ah,Discharge
2026-06-14 23:20:50,50.3V,0.0A,0.0A,43.1A,-41.5A,20.5 deg.C,0.0 deg.C,68Ah,Discharge
2026-06-14 23:10:50,50.5V,0.0A,0.0A,35.2A,-34.4A,20.6 deg.C,0.0 deg.C,75Ah,Discharge
2026-06-14 23:00:50,50.6V,0.0A,0.0A,34.7A,-39.5A,20.8 deg.C,0.0 deg.C,81Ah,Discharge
2026-06-14 22:50:50,50.8V,0.0A,0.0A,37.1A,-34.3A,20.9 deg.C,0.0 deg.C,87Ah,Discharge
2026-06-14 22:40:50,50.8V,0.0A,0.0A,37.2A,-39.5A,21.1 deg.C,0.0 deg.C,93Ah,Discharge
2026-06-14 22:30:50,51.0V,0.0A,0.0A,35.5A,-35.9A,21.2 deg.C,0.0 deg.C,100Ah,Discharge
2026-06-14 22:20:50,51.2V,0.0A,0.0A,34.9A,-35.4A,21.3 deg.C,0.0 deg.C,106Ah,Discharge
2026-06-14 22:10:50,51.3V,0.0A,0.0A,37.3A,-37.4A,21.5 deg.C,0.0 deg.C,112Ah,Discharge
2026-06-14 22:00:50,51.4V,0.0A,0.0A,39.8A,-40.1A,21.6 deg.C,0.0 deg.C,118Ah,Discharge
2026-06-14 21:50:50,51.6V,0.0A,0.0A,33.6A,-33.7A,21.7 deg.C,0.0 deg.C,125Ah,Discharge
2026-06-14 21:40:50,51.8V,0.0A,0.0A,32.6A,-34.6A,21.8 deg.C,0.0 deg.C,130Ah,Discharge
2026-06-14 21:30:50,51.9V,0.0A,0.0A,36.7A,-37.4A,21.8 deg.C,0.0 deg.C,136Ah,Discharge
2026-06-14 21:20:50,52.0V,0.0A,0.0A,47.0A,-39.3A,21.9 deg.C,0.0 deg.C,143Ah,Discharge
2026-06-14 21:10:50,52.2V,0.0A,0.0A,33.6A,-34.0A,21.9 deg.C,0.0 deg.C,149Ah,Discharge
2026-06-14 21:00:50,52.4V,0.0A,0.0A,33.5A,-33.8A,21.9 deg.C,0.0 deg.C,155Ah,Discharge
2026-06-14 20:50:50,52.5V,0.0A,0.0A,39.3A,-37.6A,21.8 deg.C,0.0 deg.C,160Ah,Discharge
2026-06-14 20:40:50,52.7V,0.0A,0.0A,34.4A,-35.1A,21.5 deg.C,0.0 deg.C,166Ah,Discharge
2026-06-14 20:30:50,52.8V,0.0A,0.0A,37.2A,-35.9A,21.0 deg.C,0.0 deg.C,172Ah,Discharge
2026-06-14 20:20:50,53.0V,0.0A,0.0A,35.2A,-37.5A,20.4 deg.C,0.0 deg.C,178Ah,Discharge
2026-06-14 20:10:50,53.7V,0.0A,0.0A,0.0A,22.0A,20.4 deg.C,0.0 deg.C,176Ah,Float
2026-06-14 20:00:50,53.7V,0.0A,0.0A,0.0A,23.5A,20.4 deg.C,0.0 deg.C,172Ah,Float
2026-06-14 19:50:50,53.6V,0.0A,0.0A,0.0A,20.2A,20.4 deg.C,0.0 deg.C,169Ah,Float
2026-06-14 19:40:50,53.5V,0.0A,0.0A,0.0A,25.0A,20.5 deg.C,0.0 deg.C,165Ah,Float
2026-06-14 19:30:50,53.4V,0.0A,0.0A,0.0A,21.1A,20.5 deg.C,0.0 deg.C,161Ah,Float
2026-06-14 19:20:50,53.4V,0.0A,0.0A,0.0A,22.9A,20.5 deg.C,0.0 deg.C,157Ah,Float
2026-06-14 19:10:50,53.3V,0.0A,0.0A,0.0A,27.7A,20.4 deg.C,0.0 deg.C,153Ah,Float
2026-06-14 19:00:50,53.1V,0.0A,0.0A,0.0A,21.3A,20.4 deg.C,0.0 deg.C,149Ah,Float
2026-06-14 18:50:50,53.1V,0.0A,0.0A,0.0A,28.0A,20.4 deg.C,0.0 deg.C,144Ah,Float
2026-06-14 18:40:50,52.9V,0.0A,0.0A,0.0A,21.7A,20.3 deg.C,0.0 deg.C,140Ah,Float
2026-06-14 18:30:50,52.9V,0.0A,0.0A,0.0A,27.0A,20.3 deg.C,0.0 deg.C,136Ah,Float
2026-06-14 18:20:50,52.7V,0.0A,0.0A,0.0A,24.9A,20.3 deg.C,0.0 deg.C,131Ah,Float
2026-06-14 18:10:50,52.7V,0.0A,0.0A,0.0A,29.4A,20.3 deg.C,0.0 deg.C,127Ah,Float
2026-06-14 18:00:50,52.5V,0.0A,0.0A,0.0A,24.6A,20.2 deg.C,0.0 deg.C,123Ah,Float
2026-06-14 17:50:50,52.5V,0.0A,0.0A,0.0A,28.3A,20.2 deg.C,0.0 deg.C,119Ah,Float
2026-06-14 17:40:50,52.3V,0.0A,0.0A,0.0A,21.9A,20.1 deg.C,0.0 deg.C,115Ah,Float
2026-06-14 17:30:50,52.3V,0.0A,0.0A,0.0A,26.2A,20.1 deg.C,0.0 deg.C,111Ah,Float
2026-06-14 17:20:50,52.1V,0.0A,0.0A,0.0A,21.1A,20.1 deg.C,0.0 deg.C,107Ah,Float
2026-06-14 17:10:50,52.0V,0.0A,0.0A,0.0A,20.2A,20.1 deg.C,0.0 deg.C,103Ah,Float
2026-06-14 17:00:50,52.0V,0.0A,0.0A,0.0A,22.6A,20.1 deg.C,0.0 deg.C,100Ah,Float
2026-06-14 16:50:50,51.9V,0.0A,0.0A,0.0A,21.1A,20.1 deg.C,0.0 deg.C,96Ah,Float
2026-06-14 16:40:50,51.8V,0.0A,0.0A,0.0A,23.6A,20.1 deg.C,0.0 deg.C,92Ah,Float
2026-06-14 16:30:50,51.8V,0.0A,0.0A,0.0A,20.8A,20.3 deg.C,0.0 deg.C,89Ah,Float
2026-06-14 16:20:50,51.7V,0.0A,0.0A,0.0A,20.5A,20.4 deg.C,0.0 deg.C,85Ah,Float
2026-06-14 16:10:50,51.6V,0.0A,0.0A,0.0A,20.6A,20.6 deg.C,0.0 deg.C,82Ah,Float
2026-06-14 16:00:50,51.6V,0.0A,0.0A,0.0A,21.4A,20.8 deg.C,0.0 deg.C,78Ah,Float
2026-06-14 15:50:50,51.5V,0.0A,0.0A,0.0A,21.7A,20.9 deg.C,0.0 deg.C,75Ah,Float
2026-06-14 15:40:50,51.4V,0.0A,0.0A,0.0A,21.3A,21.1 deg.C,0.0 deg.C,72Ah,Float
2026-06-14 15:30:50,51.4V,0.0A,0.0A,0.0A,20.9A,21.3 deg.C,0.0 deg.C,68Ah,Float
2026-06-14 15:20:50,51.3V,0.0A,0.0A,0.0A,19.9A,21.4 deg.C,0.0 deg.C,65Ah,Float
2026-06-14 15:10:50,51.2V,0.0A,0.0A,0.0A,20.9A,21.6 deg.C,0.0 deg.C,61Ah,Float
2026-06-14 15:00:50,51.1V,0.0A,0.0A,0.0A,19.2A,21.7 deg.C,0.0 deg.C,58Ah,Float
2026-06-14 14:50:50,51.1V,0.0A,0.0A,0.0A,20.2A,21.8 deg.C,0.0 deg.C,55Ah,Float
2026-06-14 14:40:50,51.0V,0.0A,0.0A,0.0A,21.4A,21.8 deg.C,0.0 deg.C,51Ah,Float
2026-06-14 14:30:50,50.9V,0.0A,0.0A,0.0A,19.7A,21.9 deg.C,0.0 deg.C,48Ah,Float
2026-06-14 14:20:50,50.8V,0.0A,0.0A,0.0A,20.2A,21.9 deg.C,0.0 deg.C,44Ah,Float
2026-06-14 14:10:50,50.7V,0.0A,0.0A,0.0A,20.5A,22.0 deg.C,0.0 deg.C,41Ah,Float
2026-06-14 14:00:50,50.6V,0.0A,0.0A,0.0A,21.8A,22.0 deg.C,0.0 deg.C,38Ah,Float
2026-06-14 13:50:50,50.5V,0.0A,0.0A,0.0A,22.4A,21.9 deg.C,0.0 deg.C,34Ah,Float
2026-06-14 13:40:50,50.5V,0.0A,0.0A,0.0A,22.7A,21.9 deg.C,0.0 deg.C,30Ah,Float
2026-06-14 13:30:50,50.3V,0.0A,0.0A,0.0A,22.6A,21.9 deg.C,0.0 deg.C,27Ah,Float
2026-06-14 13:20:50,50.2V,0.0A,0.0A,0.0A,20.4A,21.9 deg.C,0.0 deg.C,23Ah,Float
2026-06-14 13:10:50,50.0V,0.0A,0.0A,0.0A,17.6A,21.9 deg.C,0.0 deg.C,20Ah,Float
2026-06-14 13:00:50,50.0V,0.0A,0.0A,0.0A,20.3A,21.9 deg.C,0.0 deg.C,16Ah,Float
2026-06-14 12:50:50,49.8V,0.0A,0.0A,0.0A,19.7A,22.0 deg.C,0.0 deg.C,13Ah,Float
2026-06-14 12:40:50,49.7V,0.0A,0.0A,0.0A,22.4A,22.1 deg.C,0.0 deg.C,9Ah,Float
2026-06-14 12:30:50,49.5V,0.0A,0.0A,0.0A,22.7A,22.1 deg.C,0.0 deg.C,5Ah,Float
2026-06-14 12:20:50,49.3V,0.0A,0.0A,0.0A,21.6A,22.0 deg.C,0.0 deg.C,1Ah,Float
2026-06-14 12:10:50,48.5V,0.0A,0.0A,37.2A,-37.1A,22.0 deg.C,0.0 deg.C,0Ah,Discharge
2026-06-14 12:00:50,48.7V,0.0A,0.0A,38.3A,-37.4A,21.8 deg.C,0.0 deg.C,0Ah,Discharge
2026-06-14 11:50:50,48.9V,0.0A,0.0A,41.9A,-38.0A,21.6 deg.C,0.0 deg.C,7Ah,Discharge
2026-06-14 11:40:50,49.1V,0.0A,0.0A,37.4A,-36.7A,21.3 deg.C,0.0 deg.C,13Ah,Discharge
2026-06-14 11:30:50,49.2V,0.0A,0.0A,42.1A,-35.6A,21.2 deg.C,0.0 deg.C,19Ah,Discharge
2026-06-14 11:20:50,49.4V,0.0A,0.0A,35.5A,-36.0A,21.0 deg.C,0.0 deg.C,24Ah,Discharge
2026-06-14 11:10:50,49.5V,0.0A,0.0A,36.2A,-36.0A,21.1 deg.C,0.0 deg.C,30Ah,Discharge
2026-06-14 11:00:50,49.7V,0.0A,0.0A,35.8A,-36.0A,21.4 deg.C,0.0 deg.C,36Ah,Discharge
2026-06-14 10:50:50,49.8V,0.0A,0.0A,35.2A,-35.0A,22.1 deg.C,0.0 deg.C,42Ah,Discharge
2026-06-14 10:40:50,49.9V,0.0A,0.0A,36.1A,-37.1A,23.6 deg.C,0.0 deg.C,48Ah,Discharge
2026-06-14 10:30:50,50.1V,0.0A,0.0A,33.5A,-33.6A,22.9 deg.C,0.0 deg.C,54Ah,Discharge
2026-06-14 10:20:50,50.2V,0.0A,0.0A,32.7A,-33.0A,22.5 deg.C,0.0 deg.C,59Ah,Discharge
2026-06-14 10:10:50,50.3V,0.0A,0.0A,32.6A,-33.3A,22.0 deg.C,0.0 deg.C,64Ah,Discharge
2026-06-14 10:00:50,50.5V,0.0A,0.0A,34.2A,-32.3A,21.5 deg.C,0.0 deg.C,70Ah,Discharge
2026-06-14 09:50:50,50.6V,0.0A,0.0A,32.7A,-33.4A,21.1 deg.C,0.0 deg.C,75Ah,Discharge
2026-06-14 09:40:50,50.7V,0.0A,0.0A,31.5A,-32.2A,20.7 deg.C,0.0 deg.C,81Ah,Discharge
2026-06-14 09:30:50,50.8V,0.0A,0.0A,27.8A,-28.2A,20.3 deg.C,0.0 deg.C,86Ah,Discharge
2026-06-14 09:20:50,50.9V,0.0A,0.0A,32.2A,-32.2A,19.9 deg.C,0.0 deg.C,91Ah,Discharge
2026-06-14 09:10:50,51.0V,0.0A,0.0A,32.0A,-32.0A,19.5 deg.C,0.0 deg.C,96Ah,Discharge
2026-06-14 09:00:50,51.2V,0.0A,0.0A,28.3A,-28.8A,19.2 deg.C,0.0 deg.C,102Ah,Discharge
2026-06-14 08:50:50,51.3V,0.0A,0.0A,30.7A,-31.7A,18.8 deg.C,0.0 deg.C,107Ah,Discharge
2026-06-14 08:40:50,51.4V,0.0A,0.0A,32.6A,-32.7A,18.6 deg.C,0.0 deg.C,112Ah,Discharge
2026-06-14 08:30:50,51.6V,0.0A,0.0A,26.6A,-28.3A,18.3 deg.C,0.0 deg.C,117Ah,Discharge
2026-06-14 08:20:50,51.6V,0.0A,0.0A,31.9A,-31.5A,18.1 deg.C,0.0 deg.C,122Ah,Discharge
2026-06-14 08:10:50,51.8V,0.0A,0.0A,28.7A,-27.9A,18.0 deg.C,0.0 deg.C,127Ah,Discharge
2026-06-14 08:00:50,51.9V,0.0A,0.0A,27.2A,-27.0A,18.0 deg.C,0.0 deg.C,132Ah,Discharge
2026-06-14 07:50:50,52.0V,0.0A,0.0A,27.0A,-28.0A,18.2 deg.C,0.0 deg.C,136Ah,Discharge
2026-06-14 07:40:50,52.1V,0.0A,0.0A,26.9A,-27.3A,18.4 deg.C,0.0 deg.C,141Ah,Discharge
2026-06-14 07:30:50,52.2V,0.0A,0.0A,27.1A,-27.1A,18.6 deg.C,0.0 deg.C,146Ah,Discharge
2026-06-14 07:20:50,52.3V,0.0A,0.0A,31.3A,-29.8A,18.8 deg.C,0.0 deg.C,151Ah,Discharge
2026-06-14 07:10:50,52.5V,0.0A,0.0A,30.6A,-29.7A,19.1 deg.C,0.0 deg.C,155Ah,Discharge
2026-06-14 07:00:50,52.6V,0.0A,0.0A,29.1A,-29.3A,19.2 deg.C,0.0 deg.C,161Ah,Discharge
2026-06-14 06:50:50,52.7V,0.0A,0.0A,29.3A,-29.6A,19.5 deg.C,0.0 deg.C,166Ah,Discharge
2026-06-14 06:40:50,52.8V,0.0A,0.0A,28.7A,-29.3A,19.7 deg.C,0.0 deg.C,170Ah,Discharge
2026-06-14 06:30:50,52.9V,0.0A,0.0A,30.8A,-30.0A,20.1 deg.C,0.0 deg.C,175Ah,Discharge
2026-06-14 06:20:50,53.0V,0.0A,0.0A,29.2A,-29.2A,20.4 deg.C,0.0 deg.C,180Ah,Discharge
2026-06-14 06:10:50,53.1V,0.0A,0.0A,30.5A,-29.7A,20.8 deg.C,0.0 deg.C,185Ah,Discharge
2026-06-14 06:00:50,53.2V,0.0A,0.0A,29.4A,-28.6A,21.1 deg.C,0.0 deg.C,190Ah,Discharge
2026-06-14 05:50:50,53.3V,0.0A,0.0A,28.5A,-29.2A,21.6 deg.C,0.0 deg.C,195Ah,Discharge
2026-06-14 05:40:50,53.5V,0.0A,0.0A,28.7A,-28.6A,22.3 deg.C,0.0 deg.C,200Ah,Discharge
2026-06-14 05:30:50,53.7V,0.0A,0.0A,28.5A,-28.7A,23.0 deg.C,0.0 deg.C,204Ah,Discharge
2026-06-14 05:20:50,54.5V,0.0A,0.0A,0.0A,27.5A,23.1 deg.C,0.0 deg.C,203Ah,Float
2026-06-14 05:10:50,54.4V,0.0A,0.0A,0.0A,27.6A,23.1 deg.C,0.0 deg.C,199Ah,Float
2026-06-14 05:00:50,54.2V,0.0A,0.0A,0.0A,27.6A,23.0 deg.C,0.0 deg.C,194Ah,Float
2026-06-14 04:50:50,54.2V,0.0A,0.0A,0.0A,27.7A,23.0 deg.C,0.0 deg.C,190Ah,Float
2026-06-14 04:40:50,54.1V,0.0A,0.0A,0.0A,27.7A,23.0 deg.C,0.0 deg.C,185Ah,Float
2026-06-14 04:30:50,54.0V,0.0A,0.0A,0.0A,27.7A,23.0 deg.C,0.0 deg.C,180Ah,Float
2026-06-14 04:20:50,53.9V,0.0A,0.0A,0.0A,28.0A,23.0 deg.C,0.0 deg.C,176Ah,Float
2026-06-14 04:10:50,53.8V,0.0A,0.0A,0.0A,27.5A,23.0 deg.C,0.0 deg.C,171Ah,Float
2026-06-14 04:00:50,53.6V,0.0A,0.0A,0.0A,27.9A,22.9 deg.C,0.0 deg.C,166Ah,Float
2026-06-14 03:50:50,53.5V,0.0A,0.0A,0.0A,27.5A,22.9 deg.C,0.0 deg.C,162Ah,Float
2026-06-14 03:40:50,53.4V,0.0A,0.0A,0.0A,28.1A,22.8 deg.C,0.0 deg.C,157Ah,Float
2026-06-14 03:30:50,53.3V,0.0A,0.0A,0.0A,28.1A,22.7 deg.C,0.0 deg.C,153Ah,Float
2026-06-14 03:20:50,53.2V,0.0A,0.0A,0.0A,28.2A,22.6 deg.C,0.0 deg.C,148Ah,Float
2026-06-14 03:10:50,53.1V,0.0A,0.0A,0.0A,28.2A,22.5 deg.C,0.0 deg.C,143Ah,Float
2026-06-14 03:00:50,53.0V,0.0A,0.0A,0.0A,28.4A,22.4 deg.C,0.0 deg.C,138Ah,Float
2026-06-14 02:50:50,52.8V,0.0A,0.0A,0.0A,26.8A,22.1 deg.C,0.0 deg.C,134Ah,Float
2026-06-14 02:40:50,52.8V,0.0A,0.0A,0.0A,28.1A,21.9 deg.C,0.0 deg.C,129Ah,Float
2026-06-14 02:30:50,52.6V,0.0A,0.0A,0.0A,28.7A,21.4 deg.C,0.0 deg.C,124Ah,Float
2026-06-14 02:20:50,52.5V,0.0A,0.0A,0.0A,28.1A,20.7 deg.C,0.0 deg.C,120Ah,Float
2026-06-14 02:10:50,52.4V,0.0A,0.0A,0.0A,28.2A,19.6 deg.C,0.0 deg.C,115Ah,Float
2026-06-14 02:00:50,52.2V,0.0A,0.0A,0.0A,23.2A,20.1 deg.C,0.0 deg.C,111Ah,Float
2026-06-14 01:50:50,52.2V,0.0A,0.0A,0.0A,26.9A,22.8 deg.C,0.0 deg.C,106Ah,Float
2026-06-14 01:40:50,52.1V,0.0A,0.0A,0.0A,28.5A,22.7 deg.C,0.0 deg.C,102Ah,Float
2026-06-14 01:30:50,52.0V,0.0A,0.0A,0.0A,26.4A,22.5 deg.C,0.0 deg.C,97Ah,Float
2026-06-14 01:20:50,51.9V,0.0A,0.0A,0.0A,28.0A,22.3 deg.C,0.0 deg.C,93Ah,Float
2026-06-14 01:10:50,51.8V,0.0A,0.0A,0.0A,27.6A,22.1 deg.C,0.0 deg.C,88Ah,Float
2026-06-14 01:00:50,51.7V,0.0A,0.0A,0.0A,26.5A,21.8 deg.C,0.0 deg.C,83Ah,Float
2026-06-14 00:50:50,51.6V,0.0A,0.0A,0.0A,25.8A,21.5 deg.C,0.0 deg.C,79Ah,Float
2026-06-14 00:40:50,51.5V,0.0A,0.0A,0.0A,23.0A,21.0 deg.C,0.0 deg.C,75Ah,Float
2026-06-14 00:30:50,51.5V,0.0A,0.0A,0.0A,26.4A,20.3 deg.C,0.0 deg.C,71Ah,Float
2026-06-14 00:20:50,51.4V,0.0A,0.0A,0.0A,26.6A,19.4 deg.C,0.0 deg.C,66Ah,Float
2026-06-14 00:10:50,51.3V,0.0A,0.0A,0.0A,23.5A,19.3 deg.C,0.0 deg.C,62Ah,Float
2026-06-14 00:00:50,51.2V,0.0A,0.0A,0.0A,25.2A,20.3 deg.C,0.0 deg.C,58Ah,Float
2026-06-13 23:50:50,51.2V,0.0A,0.0A,0.0A,26.5A,22.3 deg.C,0.0 deg.C,54Ah,Float
2026-06-13 23:40:50,51.1V,0.0A,0.0A,0.0A,26.4A,22.1 deg.C,0.0 deg.C,50Ah,Float
2026-06-13 23:30:50,50.9V,0.0A,0.0A,0.0A,21.0A,21.7 deg.C,0.0 deg.C,46Ah,Float
2026-06-13 23:20:50,50.8V,0.0A,0.0A,0.0A,18.6A,21.2 deg.C,0.0 deg.C,42Ah,Float
2026-06-13 23:10:50,50.7V,0.0A,0.0A,0.0A,25.2A,20.4 deg.C,0.0 deg.C,38Ah,Float
2026-06-13 23:00:50,50.6V,0.0A,0.0A,0.0A,24.3A,19.3 deg.C,0.0 deg.C,34Ah,Float
2026-06-13 22:50:50,50.5V,0.0A,0.0A,0.0A,21.8A,19.3 deg.C,0.0 deg.C,30Ah,Float
2026-06-13 22:40:50,50.3V,0.0A,0.0A,0.0A,20.2A,19.5 deg.C,0.0 deg.C,27Ah,Float
2026-06-13 22:30:50,50.3V,0.0A,0.0A,0.0A,21.7A,19.7 deg.C,0.0 deg.C,23Ah,Float
2026-06-13 22:20:50,50.1V,0.0A,0.0A,0.0A,22.2A,19.9 deg.C,0.0 deg.C,19Ah,Float
2026-06-13 22:10:50,50.0V,0.0A,0.0A,0.0A,21.4A,20.2 deg.C,0.0 deg.C,16Ah,Float
2026-06-13 22:00:50,49.8V,0.0A,0.0A,0.0A,19.0A,20.5 deg.C,0.0 deg.C,13Ah,Float
2026-06-13 21:50:50,49.7V,0.0A,0.0A,0.0A,21.4A,21.3 deg.C,0.0 deg.C,9Ah,Float
2026-06-13 21:40:50,49.6V,0.0A,0.0A,0.0A,23.3A,23.0 deg.C,0.0 deg.C,6Ah,Float
2026-06-13 21:30:50,49.3V,0.0A,0.0A,0.0A,18.0A,22.7 deg.C,0.0 deg.C,2Ah,Float
2026-06-13 21:20:50,48.5V,0.0A,0.0A,35.9A,-37.6A,22.5 deg.C,0.0 deg.C,0Ah,Discharge
2026-06-13 21:10:50,48.7V,0.0A,0.0A,38.4A,-36.1A,22.5 deg.C,0.0 deg.C,2Ah,Discharge
2026-06-13 21:00:50,48.9V,0.0A,0.0A,40.7A,-42.1A,22.5 deg.C,0.0 deg.C,8Ah,Discharge
2026-06-13 20:50:50,49.2V,0.0A,0.0A,33.7A,-35.0A,22.5 deg.C,0.0 deg.C,15Ah,Discharge
2026-06-13 20:40:50,49.3V,0.0A,0.0A,35.7A,-37.0A,22.5 deg.C,0.0 deg.C,21Ah,Discharge
2026-06-13 20:30:50,49.4V,0.0A,0.0A,40.0A,-39.6A,22.5 deg.C,0.0 deg.C,28Ah,Discharge
2026-06-13 20:20:50,49.6V,0.0A,0.0A,35.7A,-35.6A,22.4 deg.C,0.0 deg.C,34Ah,Discharge
2026-06-13 20:10:50,49.8V,0.0A,0.0A,33.8A,-33.5A,22.4 deg.C,0.0 deg.C,40Ah,Discharge
2026-06-13 20:00:50,49.8V,0.0A,0.0A,37.1A,-39.4A,22.4 deg.C,0.0 deg.C,46Ah,Discharge
2026-06-13 19:50:50,50.0V,0.0A,0.0A,32.6A,-33.1A,22.3 deg.C,0.0 deg.C,52Ah,Discharge
2026-06-13 19:40:50,50.1V,0.0A,0.0A,37.2A,-37.7A,22.3 deg.C,0.0 deg.C,58Ah,Discharge
2026-06-13 19:30:50,50.3V,0.0A,0.0A,36.7A,-38.9A,22.2 deg.C,0.0 deg.C,64Ah,Discharge
2026-06-13 19:20:50,50.5V,0.0A,0.0A,28.3A,-28.6A,22.1 deg.C,0.0 deg.C,70Ah,Discharge
2026-06-13 19:10:50,50.6V,0.0A,0.0A,32.6A,-33.5A,21.9 deg.C,0.0 deg.C,75Ah,Discharge
2026-06-13 19:00:50,50.7V,0.0A,0.0A,29.9A,-29.7A,21.5 deg.C,0.0 deg.C,80Ah,Discharge
2026-06-13 18:50:50,50.8V,0.0A,0.0A,32.7A,-33.6A,21.0 deg.C,0.0 deg.C,85Ah,Discharge
2026-06-13 18:40:50,50.9V,0.0A,0.0A,33.4A,-32.1A,20.8 deg.C,0.0 deg.C,91Ah,Discharge
2026-06-13 18:30:50,50.9V,0.0A,0.0A,38.2A,-36.4A,21.1 deg.C,0.0 deg.C,96Ah,Discharge
2026-06-13 18:20:50,51.1V,0.0A,0.0A,32.3A,-31.5A,21.2 deg.C,0.0 deg.C,102Ah,Discharge
2026-06-13 18:10:50,51.2V,0.0A,0.0A,35.9A,-35.7A,21.2 deg.C,0.0 deg.C,107Ah,Discharge
2026-06-13 18:00:50,51.4V,0.0A,0.0A,32.8A,-36.1A,21.3 deg.C,0.0 deg.C,113Ah,Discharge
2026-06-13 17:50:50,51.5V,0.0A,0.0A,33.9A,-34.2A,21.3 deg.C,0.0 deg.C,119Ah,Discharge
2026-06-13 17:40:50,51.6V,0.0A,0.0A,34.7A,-34.9A,21.2 deg.C,0.0 deg.C,125Ah,Discharge
2026-06-13 17:30:50,51.8V,0.0A,0.0A,35.0A,-35.2A,21.0 deg.C,0.0 deg.C,130Ah,Discharge
2026-06-13 17:20:50,51.9V,0.0A,0.0A,35.5A,-41.1A,21.0 deg.C,0.0 deg.C,136Ah,Discharge
2026-06-13 17:10:50,52.1V,0.0A,0.0A,35.3A,-35.4A,20.9 deg.C,0.0 deg.C,142Ah,Discharge
2026-06-13 17:00:50,52.2V,0.0A,0.0A,32.7A,-34.2A,20.9 deg.C,0.0 deg.C,147Ah,Discharge
2026-06-13 16:50:50,52.4V,0.0A,0.0A,30.8A,-30.0A,20.9 deg.C,0.0 deg.C,154Ah,Discharge
2026-06-13 16:40:50,52.5V,0.0A,0.0A,34.7A,-36.5A,20.9 deg.C,0.0 deg.C,159Ah,Discharge
2026-06-13 16:30:50,52.6V,0.0A,0.0A,38.3A,-37.6A,21.0 deg.C,0.0 deg.C,165Ah,Discharge
2026-06-13 16:20:50,52.8V,0.0A,0.0A,34.1A,-36.2A,21.0 deg.C,0.0 deg.C,171Ah,Discharge
2026-06-13 16:10:50,53.8V,0.0A,0.0A,0.0A,20.7A,21.3 deg.C,0.0 deg.C,177Ah,Float
2026-06-13 16:00:50,53.7V,0.0A,0.0A,0.0A,19.6A,21.4 deg.C,0.0 deg.C,174Ah,Float
2026-06-13 15:50:50,53.5V,0.0A,0.0A,0.0A,16.0A,21.5 deg.C,0.0 deg.C,171Ah,Float
2026-06-13 15:40:50,53.5V,0.0A,0.0A,0.0A,16.9A,21.7 deg.C,0.0 deg.C,168Ah,Float
2026-06-13 15:30:50,53.5V,0.0A,0.0A,0.0A,20.2A,21.8 deg.C,0.0 deg.C,164Ah,Float
2026-06-13 15:20:50,53.4V,0.0A,0.0A,0.0A,20.1A,21.9 deg.C,0.0 deg.C,161Ah,Float
2026-06-13 15:10:50,53.3V,0.0A,0.0A,0.0A,17.4A,22.0 deg.C,0.0 deg.C,158Ah,Float
2026-06-13 15:00:50,53.3V,0.0A,0.0A,0.0A,20.5A,22.1 deg.C,0.0 deg.C,155Ah,Float
2026-06-13 14:50:50,53.2V,0.0A,0.0A,0.0A,19.5A,22.1 deg.C,0.0 deg.C,152Ah,Float
2026-06-13 14:40:50,53.1V,0.0A,0.0A,0.0A,19.6A,22.1 deg.C,0.0 deg.C,149Ah,Float
2026-06-13 14:30:50,53.0V,0.0A,0.0A,0.0A,19.3A,22.1 deg.C,0.0 deg.C,146Ah,Float
2026-06-13 14:20:50,53.0V,0.0A,0.0A,0.0A,20.5A,22.1 deg.C,0.0 deg.C,142Ah,Float
2026-06-13 14:10:50,52.9V,0.0A,0.0A,0.0A,19.5A,22.1 deg.C,0.0 deg.C,139Ah,Float
2026-06-13 14:00:50,52.8V,0.0A,0.0A,0.0A,18.7A,22.1 deg.C,0.0 deg.C,136Ah,Float
2026-06-13 13:50:50,52.7V,0.0A,0.0A,0.0A,19.2A,22.0 deg.C,0.0 deg.C,133Ah,Float
2026-06-13 13:40:50,52.6V,0.0A,0.0A,0.0A,19.4A,22.0 deg.C,0.0 deg.C,130Ah,Float
2026-06-13 13:30:50,52.5V,0.0A,0.0A,0.0A,18.5A,21.9 deg.C,0.0 deg.C,127Ah,Float
2026-06-13 13:20:50,52.5V,0.0A,0.0A,0.0A,18.8A,21.8 deg.C,0.0 deg.C,123Ah,Float
2026-06-13 13:10:50,52.3V,0.0A,0.0A,0.0A,15.6A,21.7 deg.C,0.0 deg.C,120Ah,Float
2026-06-13 13:00:50,52.3V,0.0A,0.0A,0.0A,18.9A,21.7 deg.C,0.0 deg.C,117Ah,Float
2026-06-13 12:50:50,52.2V,0.0A,0.0A,0.0A,19.1A,21.6 deg.C,0.0 deg.C,113Ah,Float
2026-06-13 12:40:50,52.1V,0.0A,0.0A,0.0A,19.0A,21.4 deg.C,0.0 deg.C,110Ah,Float
2026-06-13 12:30:50,52.1V,0.0A,0.0A,0.0A,21.5A,21.3 deg.C,0.0 deg.C,107Ah,Float
2026-06-13 12:20:50,52.0V,0.0A,0.0A,0.0A,20.7A,21.2 deg.C,0.0 deg.C,103Ah,Float
2026-06-13 12:10:50,51.9V,0.0A,0.0A,0.0A,18.8A,21.1 deg.C,0.0 deg.C,100Ah,Float
2026-06-13 12:00:50,51.9V,0.0A,0.0A,0.0A,20.2A,21.0 deg.C,0.0 deg.C,96Ah,Float
2026-06-13 11:50:50,51.8V,0.0A,0.0A,0.0A,21.2A,20.9 deg.C,0.0 deg.C,93Ah,Float
2026-06-13 11:40:50,51.7V,0.0A,0.0A,0.0A,14.4A,20.7 deg.C,0.0 deg.C,89Ah,Float
2026-06-13 11:30:50,51.7V,0.0A,0.0A,0.0A,21.6A,20.6 deg.C,0.0 deg.C,86Ah,Float
2026-06-13 11:20:50,51.6V,0.0A,0.0A,0.0A,22.9A,20.7 deg.C,0.0 deg.C,82Ah,Float
2026-06-13 11:10:50,51.6V,0.0A,0.0A,0.0A,22.8A,20.7 deg.C,0.0 deg.C,78Ah,Float
2026-06-13 11:00:50,51.5V,0.0A,0.0A,0.0A,23.2A,20.7 deg.C,0.0 deg.C,74Ah,Float
2026-06-13 10:50:50,51.4V,0.0A,0.0A,0.0A,21.8A,20.6 deg.C,0.0 deg.C,70Ah,Float
2026-06-13 10:40:50,51.4V,0.0A,0.0A,0.0A,27.6A,20.5 deg.C,0.0 deg.C,66Ah,Float
2026-06-13 10:30:50,51.3V,0.0A,0.0A,0.0A,23.2A,20.5 deg.C,0.0 deg.C,63Ah,Float
2026-06-13 10:20:50,51.2V,0.0A,0.0A,0.0A,24.5A,20.4 deg.C,0.0 deg.C,59Ah,Float
2026-06-13 10:10:50,51.1V,0.0A,0.0A,0.0A,24.6A,20.3 deg.C,0.0 deg.C,54Ah,Float
2026-06-13 10:00:50,51.0V,0.0A,0.0A,0.0A,25.2A,20.1 deg.C,0.0 deg.C,50Ah,Float
2026-06-13 09:50:50,50.9V,0.0A,0.0A,0.0A,24.7A,20.0 deg.C,0.0 deg.C,46Ah,Float
2026-06-13 09:40:50,50.9V,0.0A,0.0A,0.0A,29.3A,20.0 deg.C,0.0 deg.C,42Ah,Float
2026-06-13 09:30:50,50.7V,0.0A,0.0A,0.0A,26.1A,20.1 deg.C,0.0 deg.C,38Ah,Float
2026-06-13 09:20:50,50.6V,0.0A,0.0A,0.0A,29.9A,20.7 deg.C,0.0 deg.C,33Ah,Float
2026-06-13 09:10:50,50.4V,0.0A,0.0A,0.0A,24.7A,21.9 deg.C,0.0 deg.C,29Ah,Float
2026-06-13 09:00:50,50.3V,0.0A,0.0A,0.0A,25.8A,21.2 deg.C,0.0 deg.C,24Ah,Float
2026-06-13 08:50:50,50.2V,0.0A,0.0A,0.0A,32.2A,20.6 deg.C,0.0 deg.C,20Ah,Float
2026-06-13 08:40:50,50.0V,0.0A,0.0A,0.0A,27.6A,19.9 deg.C,0.0 deg.C,15Ah,Float
2026-06-13 08:30:50,49.8V,0.0A,0.0A,0.0A,26.5A,19.2 deg.C,0.0 deg.C,10Ah,Float
2026-06-13 08:20:50,49.6V,0.0A,0.0A,0.0A,31.6A,18.6 deg.C,0.0 deg.C,6Ah,Float
2026-06-13 08:10:50,49.3V,0.0A,0.0A,0.0A,31.0A,18.0 deg.C,0.0 deg.C,0Ah,Float
2026-06-13 08:00:50,48.7V,0.0A,0.0A,29.5A,-31.0A,17.8 deg.C,0.0 deg.C,0Ah,Discharge
2026-06-13 07:50:50,48.8V,0.0A,0.0A,29.2A,-28.9A,17.9 deg.C,0.0 deg.C,2Ah,Discharge
2026-06-13 07:40:50,49.0V,0.0A,0.0A,29.5A,-31.2A,17.9 deg.C,0.0 deg.C,7Ah,Discharge
2026-06-13 07:30:50,49.1V,0.0A,0.0A,32.5A,-32.9A,17.8 deg.C,0.0 deg.C,12Ah,Discharge
2026-06-13 07:20:50,49.2V,0.0A,0.0A,32.1A,-33.1A,17.8 deg.C,0.0 deg.C,17Ah,Discharge
2026-06-13 07:10:50,49.4V,0.0A,0.0A,31.9A,-31.3A,17.7 deg.C,0.0 deg.C,23Ah,Discharge
2026-06-13 07:00:50,49.5V,0.0A,0.0A,30.2A,-30.9A,17.6 deg.C,0.0 deg.C,28Ah,Discharge
2026-06-13 06:50:50,49.6V,0.0A,0.0A,30.6A,-30.8A,17.6 deg.C,0.0 deg.C,33Ah,Discharge
2026-06-13 06:40:50,49.8V,0.0A,0.0A,30.6A,-30.8A,17.6 deg.C,0.0 deg.C,38Ah,Discharge
2026-06-13 06:30:50,49.9V,0.0A,0.0A,30.3A,-30.8A,17.6 deg.C,0.0 deg.C,43Ah,Discharge
2026-06-13 06:20:50,50.0V,0.0A,0.0A,30.3A,-30.8A,17.5 deg.C,0.0 deg.C,49Ah,Discharge
2026-06-13 06:10:50,50.1V,0.0A,0.0A,30.7A,-30.6A,17.5 deg.C,0.0 deg.C,54Ah,Discharge
2026-06-13 06:00:50,50.2V,0.0A,0.0A,31.1A,-30.1A,17.5 deg.C,0.0 deg.C,59Ah,Discharge
2026-06-13 05:50:50,50.3V,0.0A,0.0A,29.8A,-30.0A,17.6 deg.C,0.0 deg.C,64Ah,Discharge
2026-06-13 05:40:50,50.5V,0.0A,0.0A,29.9A,-30.5A,17.7 deg.C,0.0 deg.C,69Ah,Discharge
2026-06-13 05:30:50,50.6V,0.0A,0.0A,29.6A,-30.1A,17.8 deg.C,0.0 deg.C,74Ah,Discharge
2026-06-13 05:20:50,50.7V,0.0A,0.0A,32.9A,-31.8A,18.0 deg.C,0.0 deg.C,79Ah,Discharge
2026-06-13 05:10:50,50.8V,0.0A,0.0A,29.5A,-30.5A,18.2 deg.C,0.0 deg.C,84Ah,Discharge
2026-06-13 05:00:50,50.9V,0.0A,0.0A,29.6A,-29.8A,18.3 deg.C,0.0 deg.C,89Ah,Discharge
2026-06-13 04:50:50,51.0V,0.0A,0.0A,29.9A,-30.0A,18.5 deg.C,0.0 deg.C,94Ah,Discharge
2026-06-13 04:40:50,51.1V,0.0A,0.0A,30.8A,-30.2A,18.6 deg.C,0.0 deg.C,99Ah,Discharge
2026-06-13 04:30:50,51.2V,0.0A,0.0A,29.6A,-30.1A,18.8 deg.C,0.0 deg.C,104Ah,Discharge
2026-06-13 04:20:50,51.3V,0.0A,0.0A,29.8A,-30.0A,19.0 deg.C,0.0 deg.C,109Ah,Discharge
2026-06-13 04:10:50,51.4V,0.0A,0.0A,29.6A,-29.8A,19.2 deg.C,0.0 deg.C,114Ah,Discharge
2026-06-13 04:00:50,51.6V,0.0A,0.0A,29.7A,-29.5A,19.3 deg.C,0.0 deg.C,119Ah,Discharge
2026-06-13 03:50:50,51.7V,0.0A,0.0A,30.6A,-30.0A,19.6 deg.C,0.0 deg.C,124Ah,Discharge
2026-06-13 03:40:50,51.8V,0.0A,0.0A,34.2A,-30.9A,19.7 deg.C,0.0 deg.C,129Ah,Discharge
2026-06-13 03:30:50,51.9V,0.0A,0.0A,30.3A,-31.1A,19.9 deg.C,0.0 deg.C,134Ah,Discharge
2026-06-13 03:20:50,52.1V,0.0A,0.0A,29.8A,-29.7A,20.1 deg.C,0.0 deg.C,139Ah,Discharge
2026-06-13 03:10:50,52.2V,0.0A,0.0A,29.5A,-30.1A,20.3 deg.C,0.0 deg.C,144Ah,Discharge
2026-06-13 03:00:50,52.3V,0.0A,0.0A,29.5A,-29.7A,20.5 deg.C,0.0 deg.C,149Ah,Discharge
2026-06-13 02:50:50,52.4V,0.0A,0.0A,29.5A,-29.6A,20.7 deg.C,0.0 deg.C,154Ah,Discharge
2026-06-13 02:40:50,52.5V,0.0A,0.0A,29.6A,-29.7A,21.0 deg.C,0.0 deg.C,159Ah,Discharge
2026-06-13 02:30:50,52.7V,0.0A,0.0A,28.8A,-29.5A,21.2 deg.C,0.0 deg.C,164Ah,Discharge
2026-06-13 02:20:50,52.7V,0.0A,0.0A,33.9A,-32.2A,21.3 deg.C,0.0 deg.C,169Ah,Discharge
2026-06-13 02:10:50,52.9V,0.0A,0.0A,33.0A,-33.5A,21.5 deg.C,0.0 deg.C,175Ah,Discharge
2026-06-13 02:00:50,53.0V,0.0A,0.0A,29.1A,-29.8A,21.5 deg.C,0.0 deg.C,180Ah,Discharge
2026-06-13 01:50:50,53.2V,0.0A,0.0A,32.5A,-32.2A,22.1 deg.C,0.0 deg.C,185Ah,Discharge
2026-06-13 01:40:50,54.0V,0.0A,0.0A,0.0A,26.6A,23.1 deg.C,0.0 deg.C,183Ah,Float
2026-06-13 01:30:50,53.8V,0.0A,0.0A,0.0A,24.3A,22.9 deg.C,0.0 deg.C,178Ah,Float
2026-06-13 01:20:50,53.8V,0.0A,0.0A,0.0A,24.4A,22.6 deg.C,0.0 deg.C,174Ah,Float
2026-06-13 01:10:50,53.6V,0.0A,0.0A,0.0A,23.6A,22.3 deg.C,0.0 deg.C,170Ah,Float
2026-06-13 01:00:50,53.6V,0.0A,0.0A,0.0A,25.1A,21.9 deg.C,0.0 deg.C,166Ah,Float
2026-06-13 00:50:50,53.4V,0.0A,0.0A,0.0A,23.1A,21.3 deg.C,0.0 deg.C,162Ah,Float
2026-06-13 00:40:50,53.3V,0.0A,0.0A,0.0A,22.6A,20.4 deg.C,0.0 deg.C,158Ah,Float
2026-06-13 00:30:50,53.3V,0.0A,0.0A,0.0A,23.9A,19.3 deg.C,0.0 deg.C,154Ah,Float
2026-06-13 00:20:50,53.2V,0.0A,0.0A,0.0A,23.1A,19.5 deg.C,0.0 deg.C,150Ah,Float
2026-06-13 00:10:50,53.0V,0.0A,0.0A,0.0A,18.8A,19.9 deg.C,0.0 deg.C,147Ah,Float
2026-06-13 00:00:50,53.0V,0.0A,0.0A,0.0A,21.4A,21.1 deg.C,0.0 deg.C,143Ah,Float
2026-06-12 23:50:50,52.9V,0.0A,0.0A,0.0A,23.2A,22.5 deg.C,0.0 deg.C,139Ah,Float
2026-06-12 23:40:50,52.8V,0.0A,0.0A,0.0A,22.8A,22.1 deg.C,0.0 deg.C,135Ah,Float
2026-06-12 23:30:50,52.6V,0.0A,0.0A,0.0A,19.1A,21.6 deg.C,0.0 deg.C,132Ah,Float
2026-06-12 23:20:50,52.6V,0.0A,0.0A,0.0A,22.1A,20.7 deg.C,0.0 deg.C,129Ah,Float
2026-06-12 23:10:50,52.6V,0.0A,0.0A,0.0A,21.0A,19.7 deg.C,0.0 deg.C,125Ah,Float
2026-06-12 23:00:50,52.4V,0.0A,0.0A,0.0A,21.9A,19.2 deg.C,0.0 deg.C,121Ah,Float
2026-06-12 22:50:50,52.3V,0.0A,0.0A,0.0A,15.9A,19.3 deg.C,0.0 deg.C,118Ah,Float
2026-06-12 22:40:50,52.3V,0.0A,0.0A,0.0A,20.9A,19.4 deg.C,0.0 deg.C,115Ah,Float
2026-06-12 22:30:50,52.2V,0.0A,0.0A,0.0A,22.3A,19.4 deg.C,0.0 deg.C,111Ah,Float
2026-06-12 22:20:50,52.1V,0.0A,0.0A,0.0A,20.7A,19.6 deg.C,0.0 deg.C,107Ah,Float
2026-06-12 22:10:50,52.0V,0.0A,0.0A,0.0A,20.2A,19.6 deg.C,0.0 deg.C,104Ah,Float
2026-06-12 22:00:50,52.0V,0.0A,0.0A,0.0A,22.7A,19.7 deg.C,0.0 deg.C,101Ah,Float
2026-06-12 21:50:50,51.9V,0.0A,0.0A,0.0A,22.7A,19.7 deg.C,0.0 deg.C,97Ah,Float
2026-06-12 21:40:50,51.8V,0.0A,0.0A,0.0A,19.4A,19.8 deg.C,0.0 deg.C,93Ah,Float
2026-06-12 21:30:50,51.8V,0.0A,0.0A,0.0A,20.9A,19.9 deg.C,0.0 deg.C,90Ah,Float
2026-06-12 21:20:50,51.7V,0.0A,0.0A,0.0A,22.9A,19.9 deg.C,0.0 deg.C,86Ah,Float
2026-06-12 21:10:50,51.6V,0.0A,0.0A,0.0A,19.4A,19.9 deg.C,0.0 deg.C,83Ah,Float
2026-06-12 21:00:50,51.6V,0.0A,0.0A,0.0A,24.0A,19.9 deg.C,0.0 deg.C,79Ah,Float
2026-06-12 20:50:50,51.5V,0.0A,0.0A,0.0A,18.5A,19.9 deg.C,0.0 deg.C,75Ah,Float
2026-06-12 20:40:50,51.5V,0.0A,0.0A,0.0A,23.0A,19.9 deg.C,0.0 deg.C,72Ah,Float
2026-06-12 20:30:50,51.4V,0.0A,0.0A,0.0A,22.3A,20.0 deg.C,0.0 deg.C,68Ah,Float
2026-06-12 20:20:50,51.2V,0.0A,0.0A,0.0A,17.4A,20.1 deg.C,0.0 deg.C,65Ah,Float
2026-06-12 20:10:50,51.3V,0.0A,0.0A,0.0A,24.5A,20.2 deg.C,0.0 deg.C,61Ah,Float
2026-06-12 20:00:50,51.2V,0.0A,0.0A,0.0A,26.1A,20.3 deg.C,0.0 deg.C,57Ah,Float
2026-06-12 19:50:50,51.1V,0.0A,0.0A,0.0A,21.3A,20.4 deg.C,0.0 deg.C,53Ah,Float
2026-06-12 19:40:50,51.0V,0.0A,0.0A,0.0A,24.8A,20.4 deg.C,0.0 deg.C,49Ah,Float
2026-06-12 19:30:50,50.9V,0.0A,0.0A,0.0A,21.5A,20.5 deg.C,0.0 deg.C,45Ah,Float
2026-06-12 19:20:50,50.8V,0.0A,0.0A,0.0A,25.7A,20.6 deg.C,0.0 deg.C,42Ah,Float
2026-06-12 19:10:50,50.6V,0.0A,0.0A,0.0A,23.8A,20.7 deg.C,0.0 deg.C,37Ah,Float
2026-06-12 19:00:50,50.6V,0.0A,0.0A,0.0A,25.9A,20.9 deg.C,0.0 deg.C,33Ah,Float
2026-06-12 18:50:50,50.5V,0.0A,0.0A,0.0A,30.1A,21.0 deg.C,0.0 deg.C,28Ah,Float
2026-06-12 18:40:50,50.3V,0.0A,0.0A,0.0A,25.4A,21.1 deg.C,0.0 deg.C,23Ah,Float
2026-06-12 18:30:50,50.1V,0.0A,0.0A,0.0A,26.1A,21.3 deg.C,0.0 deg.C,19Ah,Float
2026-06-12 18:20:50,49.9V,0.0A,0.0A,0.0A,23.8A,21.5 deg.C,0.0 deg.C,15Ah,Float
2026-06-12 18:10:50,49.8V,0.0A,0.0A,0.0A,29.7A,21.6 deg.C,0.0 deg.C,10Ah,Float
2026-06-12 18:00:50,49.6V,0.0A,0.0A,0.0A,25.5A,21.7 deg.C,0.0 deg.C,6Ah,Float
2026-06-12 17:50:50,49.4V,0.0A,0.0A,0.0A,28.9A,22.0 deg.C,0.0 deg.C,2Ah,Float
2026-06-12 17:40:50,48.6V,0.0A,0.0A,36.2A,-35.6A,22.1 deg.C,0.0 deg.C,0Ah,Discharge
2026-06-12 17:30:50,48.8V,0.0A,0.0A,30.5A,-32.1A,22.1 deg.C,0.0 deg.C,4Ah,Discharge
2026-06-12 17:20:50,48.9V,0.0A,0.0A,35.1A,-36.7A,22.1 deg.C,0.0 deg.C,9Ah,Discharge
2026-06-12 17:10:50,49.1V,0.0A,0.0A,36.0A,-36.1A,22.0 deg.C,0.0 deg.C,16Ah,Discharge
2026-06-12 17:00:50,49.3V,0.0A,0.0A,35.5A,-36.2A,21.9 deg.C,0.0 deg.C,22Ah,Discharge
2026-06-12 16:50:50,49.4V,0.0A,0.0A,36.8A,-37.1A,21.8 deg.C,0.0 deg.C,28Ah,Discharge
2026-06-12 16:40:50,49.5V,0.0A,0.0A,37.9A,-37.2A,21.7 deg.C,0.0 deg.C,34Ah,Discharge
2026-06-12 16:30:50,49.7V,0.0A,0.0A,38.0A,-36.4A,21.6 deg.C,0.0 deg.C,40Ah,Discharge
2026-06-12 16:20:50,49.8V,0.0A,0.0A,34.9A,-35.8A,21.5 deg.C,0.0 deg.C,46Ah,Discharge
2026-06-12 16:10:50,49.9V,0.0A,0.0A,37.2A,-36.6A,21.4 deg.C,0.0 deg.C,52Ah,Discharge
2026-06-12 16:00:50,50.1V,0.0A,0.0A,39.6A,-38.8A,21.3 deg.C,0.0 deg.C,58Ah,Discharge
2026-06-12 15:50:50,50.2V,0.0A,0.0A,35.0A,-36.3A,21.2 deg.C,0.0 deg.C,64Ah,Discharge
2026-06-12 15:40:50,50.3V,0.0A,0.0A,38.8A,-37.2A,21.2 deg.C,0.0 deg.C,70Ah,Discharge
2026-06-12 15:30:50,50.5V,0.0A,0.0A,36.7A,-38.2A,21.1 deg.C,0.0 deg.C,77Ah,Discharge
2026-06-12 15:20:50,50.6V,0.0A,0.0A,38.7A,-38.4A,21.1 deg.C,0.0 deg.C,83Ah,Discharge
2026-06-12 15:10:50,50.7V,0.0A,0.0A,36.0A,-37.1A,21.2 deg.C,0.0 deg.C,90Ah,Discharge
2026-06-12 15:00:50,50.9V,0.0A,0.0A,37.7A,-38.7A,21.2 deg.C,0.0 deg.C,96Ah,Discharge
2026-06-12 14:50:50,51.0V,0.0A,0.0A,37.5A,-38.8A,21.3 deg.C,0.0 deg.C,102Ah,Discharge
2026-06-12 14:40:50,51.1V,0.0A,0.0A,41.3A,-39.9A,21.3 deg.C,0.0 deg.C,109Ah,Discharge
2026-06-12 14:30:50,51.3V,0.0A,0.0A,39.0A,-38.6A,21.3 deg.C,0.0 deg.C,115Ah,Discharge
2026-06-12 14:20:50,51.5V,0.0A,0.0A,37.2A,-37.7A,21.4 deg.C,0.0 deg.C,122Ah,Discharge
2026-06-12 14:10:50,51.6V,0.0A,0.0A,38.5A,-38.6A,21.4 deg.C,0.0 deg.C,128Ah,Discharge
2026-06-12 14:00:50,51.8V,0.0A,0.0A,41.3A,-37.7A,21.4 deg.C,0.0 deg.C,135Ah,Discharge
2026-06-12 13:50:50,51.9V,0.0A,0.0A,37.2A,-38.5A,21.4 deg.C,0.0 deg.C,141Ah,Discharge
2026-06-12 13:40:50,52.1V,0.0A,0.0A,37.8A,-37.2A,21.5 deg.C,0.0 deg.C,147Ah,Discharge
2026-06-12 13:30:50,52.3V,0.0A,0.0A,36.9A,-36.7A,21.5 deg.C,0.0 deg.C,154Ah,Discharge
2026-06-12 13:20:50,52.4V,0.0A,0.0A,38.5A,-37.7A,21.5 deg.C,0.0 deg.C,160Ah,Discharge
2026-06-12 13:10:50,52.5V,0.0A,0.0A,38.0A,-37.7A,21.6 deg.C,0.0 deg.C,166Ah,Discharge
2026-06-12 13:00:50,52.7V,0.0A,0.0A,37.7A,-38.2A,21.6 deg.C,0.0 deg.C,172Ah,Discharge
2026-06-12 12:50:50,52.8V,0.0A,0.0A,40.8A,-37.9A,21.6 deg.C,0.0 deg.C,179Ah,Discharge
2026-06-12 12:40:50,53.0V,0.0A,0.0A,37.0A,-37.8A,21.7 deg.C,0.0 deg.C,185Ah,Discharge
2026-06-12 12:30:50,53.1V,0.0A,0.0A,35.5A,-37.5A,21.8 deg.C,0.0 deg.C,191Ah,Discharge
2026-06-12 12:20:50,53.2V,0.0A,0.0A,36.8A,-36.3A,21.9 deg.C,0.0 deg.C,198Ah,Discharge
2026-06-12 12:10:50,53.4V,0.0A,0.0A,31.6A,-31.9A,22.0 deg.C,0.0 deg.C,204Ah,Discharge
2026-06-12 12:00:50,53.6V,0.0A,0.0A,37.1A,-36.7A,22.0 deg.C,0.0 deg.C,210Ah,Discharge
2026-06-12 11:50:50,54.5V,0.0A,0.0A,0.0A,19.5A,21.9 deg.C,0.0 deg.C,211Ah,Float
2026-06-12 11:40:50,54.4V,0.0A,0.0A,0.0A,20.7A,21.7 deg.C,0.0 deg.C,208Ah,Float
2026-06-12 11:30:50,54.3V,0.0A,0.0A,0.0A,19.8A,21.7 deg.C,0.0 deg.C,204Ah,Float
2026-06-12 11:20:50,54.2V,0.0A,0.0A,0.0A,20.1A,21.6 deg.C,0.0 deg.C,201Ah,Float
2026-06-12 11:10:50,54.2V,0.0A,0.0A,0.0A,21.3A,21.6 deg.C,0.0 deg.C,198Ah,Float
2026-06-12 11:00:50,54.1V,0.0A,0.0A,0.0A,21.3A,21.6 deg.C,0.0 deg.C,194Ah,Float
2026-06-12 10:50:50,54.0V,0.0A,0.0A,0.0A,22.7A,21.6 deg.C,0.0 deg.C,191Ah,Float
2026-06-12 10:40:50,53.9V,0.0A,0.0A,0.0A,22.2A,21.5 deg.C,0.0 deg.C,187Ah,Float
2026-06-12 10:30:50,53.9V,0.0A,0.0A,0.0A,22.5A,21.4 deg.C,0.0 deg.C,183Ah,Float
2026-06-12 10:20:50,53.8V,0.0A,0.0A,0.0A,22.1A,21.2 deg.C,0.0 deg.C,179Ah,Float
2026-06-12 10:10:50,53.7V,0.0A,0.0A,0.0A,23.4A,21.1 deg.C,0.0 deg.C,175Ah,Float
2026-06-12 10:00:50,53.6V,0.0A,0.0A,0.0A,22.5A,20.8 deg.C,0.0 deg.C,171Ah,Float
2026-06-12 09:50:50,53.5V,0.0A,0.0A,0.0A,23.0A,20.5 deg.C,0.0 deg.C,168Ah,Float
2026-06-12 09:40:50,53.4V,0.0A,0.0A,0.0A,23.5A,20.3 deg.C,0.0 deg.C,163Ah,Float
2026-06-12 09:30:50,53.3V,0.0A,0.0A,0.0A,22.7A,19.9 deg.C,0.0 deg.C,159Ah,Float
2026-06-12 09:20:50,53.3V,0.0A,0.0A,0.0A,24.8A,19.8 deg.C,0.0 deg.C,155Ah,Float
2026-06-12 09:10:50,53.2V,0.0A,0.0A,0.0A,28.5A,19.7 deg.C,0.0 deg.C,151Ah,Float
2026-06-12 09:00:50,53.1V,0.0A,0.0A,0.0A,24.6A,19.9 deg.C,0.0 deg.C,147Ah,Float
2026-06-12 08:50:50,53.0V,0.0A,0.0A,0.0A,27.1A,21.1 deg.C,0.0 deg.C,143Ah,Float
2026-06-12 08:40:50,52.9V,0.0A,0.0A,0.0A,28.0A,23.1 deg.C,0.0 deg.C,139Ah,Float
2026-06-12 08:30:50,52.8V,0.0A,0.0A,0.0A,26.0A,22.7 deg.C,0.0 deg.C,134Ah,Float
2026-06-12 08:20:50,52.7V,0.0A,0.0A,0.0A,27.5A,22.4 deg.C,0.0 deg.C,129Ah,Float
2026-06-12 08:10:50,52.5V,0.0A,0.0A,0.0A,26.0A,22.1 deg.C,0.0 deg.C,125Ah,Float
2026-06-12 08:00:49,52.5V,0.0A,0.0A,0.0A,28.9A,22.0 deg.C,0.0 deg.C,120Ah,Float
2026-06-12 07:50:49,52.4V,0.0A,0.0A,0.0A,29.9A,21.9 deg.C,0.0 deg.C,115Ah,Float
2026-06-12 07:40:49,52.3V,0.0A,0.0A,0.0A,30.2A,21.9 deg.C,0.0 deg.C,110Ah,Float
2026-06-12 07:30:49,52.1V,0.0A,0.0A,0.0A,29.5A,21.9 deg.C,0.0 deg.C,105Ah,Float
2026-06-12 07:20:49,52.0V,0.0A,0.0A,0.0A,26.4A,21.9 deg.C,0.0 deg.C,101Ah,Float
2026-06-12 07:10:49,51.9V,0.0A,0.0A,0.0A,27.7A,21.8 deg.C,0.0 deg.C,97Ah,Float
2026-06-12 07:00:49,51.8V,0.0A,0.0A,0.0A,27.2A,21.8 deg.C,0.0 deg.C,92Ah,Float
2026-06-12 06:50:49,51.8V,0.0A,0.0A,0.0A,27.5A,21.8 deg.C,0.0 deg.C,87Ah,Float
2026-06-12 06:40:49,51.7V,0.0A,0.0A,0.0A,28.4A,21.8 deg.C,0.0 deg.C,82Ah,Float
2026-06-12 06:30:49,51.6V,0.0A,0.0A,0.0A,29.0A,21.8 deg.C,0.0 deg.C,78Ah,Float
2026-06-12 06:20:49,51.5V,0.0A,0.0A,0.0A,29.2A,21.8 deg.C,0.0 deg.C,73Ah,Float
2026-06-12 06:10:49,51.4V,0.0A,0.0A,0.0A,29.1A,21.7 deg.C,0.0 deg.C,68Ah,Float
2026-06-12 06:00:49,51.3V,0.0A,0.0A,0.0A,29.7A,21.7 deg.C,0.0 deg.C,63Ah,Float
2026-06-12 05:50:49,51.2V,0.0A,0.0A,0.0A,29.8A,21.7 deg.C,0.0 deg.C,58Ah,Float
2026-06-12 05:40:49,51.1V,0.0A,0.0A,0.0A,29.7A,21.6 deg.C,0.0 deg.C,53Ah,Float
2026-06-12 05:30:49,51.0V,0.0A,0.0A,0.0A,30.1A,21.6 deg.C,0.0 deg.C,48Ah,Float
2026-06-12 05:20:49,50.9V,0.0A,0.0A,0.0A,30.0A,21.6 deg.C,0.0 deg.C,43Ah,Float
2026-06-12 05:10:49,50.7V,0.0A,0.0A,0.0A,30.1A,21.5 deg.C,0.0 deg.C,38Ah,Float
2026-06-12 05:00:49,50.6V,0.0A,0.0A,0.0A,30.2A,21.4 deg.C,0.0 deg.C,33Ah,Float
2026-06-12 04:50:49,50.4V,0.0A,0.0A,0.0A,30.5A,21.2 deg.C,0.0 deg.C,28Ah,Float
2026-06-12 04:40:49,50.3V,0.0A,0.0A,0.0A,30.0A,21.0 deg.C,0.0 deg.C,23Ah,Float
2026-06-12 04:30:49,50.1V,0.0A,0.0A,0.0A,30.1A,20.8 deg.C,0.0 deg.C,18Ah,Float
2026-06-12 04:20:49,49.9V,0.0A,0.0A,0.0A,30.2A,20.5 deg.C,0.0 deg.C,13Ah,Float
2026-06-12 04:10:49,49.7V,0.0A,0.0A,0.0A,30.0A,20.1 deg.C,0.0 deg.C,8Ah,Float
2026-06-12 04:00:49,49.4V,0.0A,0.0A,0.0A,29.6A,19.6 deg.C,0.0 deg.C,3Ah,Float
2026-06-12 03:50:49,48.5V,0.0A,0.0A,31.5A,-31.7A,19.5 deg.C,0.0 deg.C,0Ah,Discharge
2026-06-12 03:40:49,48.6V,0.0A,0.0A,36.2A,-36.5A,19.5 deg.C,0.0 deg.C,0Ah,Discharge
2026-06-12 03:30:49,48.9V,0.0A,0.0A,30.9A,-31.7A,19.5 deg.C,0.0 deg.C,2Ah,Discharge
2026-06-12 03:20:49,49.0V,0.0A,0.0A,31.5A,-32.2A,19.5 deg.C,0.0 deg.C,7Ah,Discharge
2026-06-12 03:10:49,49.2V,0.0A,0.0A,32.3A,-32.0A,19.6 deg.C,0.0 deg.C,12Ah,Discharge
2026-06-12 03:00:49,49.3V,0.0A,0.0A,31.8A,-31.0A,19.6 deg.C,0.0 deg.C,18Ah,Discharge
2026-06-12 02:50:49,49.5V,0.0A,0.0A,31.1A,-31.8A,19.6 deg.C,0.0 deg.C,23Ah,Discharge
2026-06-12 02:40:49,49.6V,0.0A,0.0A,32.9A,-32.6A,19.6 deg.C,0.0 deg.C,28Ah,Discharge
2026-06-12 02:30:49,49.7V,0.0A,0.0A,31.0A,-30.9A,19.6 deg.C,0.0 deg.C,33Ah,Discharge
2026-06-12 02:20:49,49.8V,0.0A,0.0A,30.4A,-31.1A,19.6 deg.C,0.0 deg.C,38Ah,Discharge
2026-06-12 02:10:49,49.9V,0.0A,0.0A,35.0A,-35.0A,19.7 deg.C,0.0 deg.C,44Ah,Discharge
2026-06-12 02:00:49,50.1V,0.0A,0.0A,30.6A,-31.6A,19.8 deg.C,0.0 deg.C,50Ah,Discharge
2026-06-12 01:50:49,50.2V,0.0A,0.0A,31.1A,-32.5A,19.8 deg.C,0.0 deg.C,55Ah,Discharge
2026-06-12 01:40:49,50.3V,0.0A,0.0A,32.0A,-33.2A,19.9 deg.C,0.0 deg.C,60Ah,Discharge
2026-06-12 01:30:49,50.4V,0.0A,0.0A,38.6A,-33.8A,20.0 deg.C,0.0 deg.C,66Ah,Discharge
2026-06-12 01:20:49,50.5V,0.0A,0.0A,33.1A,-34.1A,20.1 deg.C,0.0 deg.C,71Ah,Discharge
2026-06-12 01:10:49,50.6V,0.0A,0.0A,37.8A,-40.9A,20.3 deg.C,0.0 deg.C,77Ah,Discharge
2026-06-12 01:00:49,50.8V,0.0A,0.0A,40.7A,-33.9A,20.3 deg.C,0.0 deg.C,83Ah,Discharge
2026-06-12 00:50:49,50.9V,0.0A,0.0A,33.3A,-35.0A,20.5 deg.C,0.0 deg.C,89Ah,Discharge
2026-06-12 00:40:49,51.0V,0.0A,0.0A,34.0A,-33.5A,20.6 deg.C,0.0 deg.C,95Ah,Discharge
2026-06-12 00:30:49,51.1V,0.0A,0.0A,33.7A,-35.5A,20.7 deg.C,0.0 deg.C,100Ah,Discharge
2026-06-12 00:20:49,51.2V,0.0A,0.0A,37.9A,-37.5A,20.8 deg.C,0.0 deg.C,107Ah,Discharge
2026-06-12 00:10:49,51.4V,0.0A,0.0A,36.7A,-34.6A,20.9 deg.C,0.0 deg.C,113Ah,Discharge
2026-06-12 00:00:49,51.5V,0.0A,0.0A,34.1A,-35.4A,21.0 deg.C,0.0 deg.C,118Ah,Discharge
2026-06-11 23:50:49,51.7V,0.0A,0.0A,32.8A,-37.2A,21.1 deg.C,0.0 deg.C,124Ah,Discharge
2026-06-11 23:40:49,51.8V,0.0A,0.0A,40.8A,-39.9A,21.2 deg.C,0.0 deg.C,131Ah,Discharge
2026-06-11 23:30:49,52.0V,0.0A,0.0A,32.9A,-35.7A,21.2 deg.C,0.0 deg.C,137Ah,Discharge
2026-06-11 23:20:49,52.1V,0.0A,0.0A,41.4A,-36.1A,21.2 deg.C,0.0 deg.C,144Ah,Discharge
2026-06-11 23:10:49,52.3V,0.0A,0.0A,34.6A,-35.1A,21.1 deg.C,0.0 deg.C,150Ah,Discharge
2026-06-11 23:00:49,52.4V,0.0A,0.0A,42.3A,-38.0A,21.0 deg.C,0.0 deg.C,156Ah,Discharge
2026-06-11 22:50:49,52.6V,0.0A,0.0A,33.6A,-35.3A,20.7 deg.C,0.0 deg.C,162Ah,Discharge
2026-06-11 22:40:49,52.8V,0.0A,0.0A,37.6A,-34.0A,20.2 deg.C,0.0 deg.C,168Ah,Discharge
2026-06-11 22:30:49,53.6V,0.0A,0.0A,0.0A,17.4A,20.0 deg.C,0.0 deg.C,171Ah,Float
2026-06-11 22:20:49,53.6V,0.0A,0.0A,0.0A,21.8A,20.0 deg.C,0.0 deg.C,167Ah,Float
2026-06-11 22:10:49,53.5V,0.0A,0.0A,0.0A,19.3A,20.1 deg.C,0.0 deg.C,164Ah,Float
2026-06-11 22:00:49,53.4V,0.0A,0.0A,0.0A,17.5A,20.2 deg.C,0.0 deg.C,160Ah,Float
2026-06-11 21:50:49,53.4V,0.0A,0.0A,0.0A,21.0A,20.3 deg.C,0.0 deg.C,157Ah,Float
2026-06-11 21:40:49,53.3V,0.0A,0.0A,0.0A,21.2A,20.3 deg.C,0.0 deg.C,153Ah,Float
2026-06-11 21:30:49,53.2V,0.0A,0.0A,0.0A,17.2A,20.3 deg.C,0.0 deg.C,150Ah,Float
2026-06-11 21:20:49,53.1V,0.0A,0.0A,0.0A,20.4A,20.3 deg.C,0.0 deg.C,147Ah,Float
2026-06-11 21:10:49,53.0V,0.0A,0.0A,0.0A,20.9A,20.3 deg.C,0.0 deg.C,143Ah,Float
2026-06-11 21:00:49,52.9V,0.0A,0.0A,0.0A,18.2A,20.3 deg.C,0.0 deg.C,140Ah,Float
2026-06-11 20:50:49,52.9V,0.0A,0.0A,0.0A,22.3A,20.3 deg.C,0.0 deg.C,137Ah,Float
2026-06-11 20:40:49,52.8V,0.0A,0.0A,0.0A,22.8A,20.3 deg.C,0.0 deg.C,133Ah,Float
2026-06-11 20:30:49,52.7V,0.0A,0.0A,0.0A,20.0A,20.4 deg.C,0.0 deg.C,129Ah,Float
2026-06-11 20:20:49,52.6V,0.0A,0.0A,0.0A,23.2A,20.4 deg.C,0.0 deg.C,126Ah,Float
2026-06-11 20:10:49,52.5V,0.0A,0.0A,0.0A,18.3A,20.4 deg.C,0.0 deg.C,122Ah,Float
2026-06-11 20:00:49,52.5V,0.0A,0.0A,0.0A,24.7A,20.3 deg.C,0.0 deg.C,119Ah,Float
2026-06-11 19:50:49,52.4V,0.0A,0.0A,0.0A,24.3A,20.2 deg.C,0.0 deg.C,115Ah,Float
2026-06-11 19:40:49,52.3V,0.0A,0.0A,0.0A,20.1A,20.2 deg.C,0.0 deg.C,111Ah,Float
2026-06-11 19:30:49,52.2V,0.0A,0.0A,0.0A,24.9A,20.1 deg.C,0.0 deg.C,107Ah,Float
2026-06-11 19:20:49,52.1V,0.0A,0.0A,0.0A,20.5A,20.0 deg.C,0.0 deg.C,104Ah,Float
2026-06-11 19:10:49,52.1V,0.0A,0.0A,0.0A,27.5A,20.0 deg.C,0.0 deg.C,99Ah,Float
2026-06-11 19:00:49,51.9V,0.0A,0.0A,0.0A,24.5A,20.0 deg.C,0.0 deg.C,95Ah,Float
2026-06-11 18:50:49,51.9V,0.0A,0.0A,0.0A,27.9A,20.0 deg.C,0.0 deg.C,91Ah,Float
2026-06-11 18:40:49,51.8V,0.0A,0.0A,0.0A,23.9A,20.0 deg.C,0.0 deg.C,87Ah,Float
2026-06-11 18:30:49,51.7V,0.0A,0.0A,0.0A,23.3A,20.0 deg.C,0.0 deg.C,82Ah,Float
2026-06-11 18:20:49,51.6V,0.0A,0.0A,0.0A,23.0A,20.0 deg.C,0.0 deg.C,78Ah,Float
2026-06-11 18:10:49,51.5V,0.0A,0.0A,0.0A,22.0A,20.1 deg.C,0.0 deg.C,74Ah,Float
2026-06-11 18:00:49,51.5V,0.0A,0.0A,0.0A,21.8A,20.1 deg.C,0.0 deg.C,70Ah,Float
2026-06-11 17:50:49,51.4V,0.0A,0.0A,0.0A,22.1A,20.3 deg.C,0.0 deg.C,66Ah,Float
2026-06-11 17:40:49,51.3V,0.0A,0.0A,0.0A,19.6A,20.4 deg.C,0.0 deg.C,62Ah,Float
2026-06-11 17:30:49,51.2V,0.0A,0.0A,0.0A,22.2A,20.5 deg.C,0.0 deg.C,58Ah,Float
2026-06-11 17:20:49,51.1V,0.0A,0.0A,0.0A,21.5A,20.8 deg.C,0.0 deg.C,55Ah,Float
2026-06-11 17:10:49,51.1V,0.0A,0.0A,0.0A,21.8A,20.9 deg.C,0.0 deg.C,51Ah,Float
2026-06-11 17:00:49,51.0V,0.0A,0.0A,0.0A,24.3A,21.2 deg.C,0.0 deg.C,47Ah,Float
2026-06-11 16:50:49,50.9V,0.0A,0.0A,0.0A,20.6A,21.4 deg.C,0.0 deg.C,44Ah,Float
2026-06-11 16:40:49,50.8V,0.0A,0.0A,0.0A,19.1A,21.6 deg.C,0.0 deg.C,40Ah,Float
2026-06-11 16:30:49,50.7V,0.0A,0.0A,0.0A,21.1A,21.7 deg.C,0.0 deg.C,37Ah,Float
2026-06-11 16:20:49,50.6V,0.0A,0.0A,0.0A,19.2A,21.8 deg.C,0.0 deg.C,34Ah,Float
2026-06-11 16:10:49,50.5V,0.0A,0.0A,0.0A,18.8A,21.9 deg.C,0.0 deg.C,31Ah,Float
2026-06-11 16:00:49,50.4V,0.0A,0.0A,0.0A,19.5A,22.1 deg.C,0.0 deg.C,27Ah,Float
2026-06-11 15:50:49,50.3V,0.0A,0.0A,0.0A,20.1A,22.3 deg.C,0.0 deg.C,24Ah,Float
2026-06-11 15:40:49,50.2V,0.0A,0.0A,0.0A,18.1A,22.4 deg.C,0.0 deg.C,21Ah,Float
2026-06-11 15:30:49,50.1V,0.0A,0.0A,0.0A,19.1A,22.5 deg.C,0.0 deg.C,18Ah,Float
2026-06-11 15:20:49,49.9V,0.0A,0.0A,0.0A,18.9A,22.5 deg.C,0.0 deg.C,15Ah,Float
2026-06-11 15:10:49,49.8V,0.0A,0.0A,0.0A,19.2A,22.5 deg.C,0.0 deg.C,12Ah,Float
2026-06-11 15:00:49,49.7V,0.0A,0.0A,0.0A,18.5A,22.5 deg.C,0.0 deg.C,9Ah,Float
2026-06-11 14:50:49,49.5V,0.0A,0.0A,0.0A,18.6A,22.4 deg.C,0.0 deg.C,5Ah,Float
2026-06-11 14:40:49,49.4V,0.0A,0.0A,0.0A,17.3A,22.4 deg.C,0.0 deg.C,2Ah,Float
2026-06-11 14:30:49,48.5V,0.0A,0.0A,40.9A,-40.8A,22.5 deg.C,0.0 deg.C,0Ah,Discharge
2026-06-11 14:20:49,48.7V,0.0A,0.0A,38.5A,-39.7A,22.5 deg.C,0.0 deg.C,2Ah,Discharge
2026-06-11 14:10:49,48.9V,0.0A,0.0A,39.8A,-40.4A,22.5 deg.C,0.0 deg.C,8Ah,Discharge
2026-06-11 14:00:49,49.1V,0.0A,0.0A,40.1A,-39.6A,22.5 deg.C,0.0 deg.C,15Ah,Discharge
2026-06-11 13:50:49,49.3V,0.0A,0.0A,38.2A,-38.6A,22.4 deg.C,0.0 deg.C,22Ah,Discharge
2026-06-11 13:40:49,49.4V,0.0A,0.0A,39.5A,-39.3A,22.4 deg.C,0.0 deg.C,28Ah,Discharge
2026-06-11 13:30:49,49.6V,0.0A,0.0A,37.3A,-38.2A,22.3 deg.C,0.0 deg.C,35Ah,Discharge
2026-06-11 13:20:49,49.7V,0.0A,0.0A,39.7A,-39.4A,22.3 deg.C,0.0 deg.C,41Ah,Discharge
2026-06-11 13:10:49,49.9V,0.0A,0.0A,39.7A,-39.3A,22.2 deg.C,0.0 deg.C,48Ah,Discharge
2026-06-11 13:00:49,50.0V,0.0A,0.0A,37.6A,-38.3A,22.2 deg.C,0.0 deg.C,54Ah,Discharge
2026-06-11 12:50:49,50.2V,0.0A,0.0A,37.4A,-38.6A,22.2 deg.C,0.0 deg.C,61Ah,Discharge
2026-06-11 12:40:49,50.3V,0.0A,0.0A,41.7A,-40.4A,22.2 deg.C,0.0 deg.C,67Ah,Discharge
2026-06-11 12:30:49,50.5V,0.0A,0.0A,37.7A,-37.2A,22.2 deg.C,0.0 deg.C,73Ah,Discharge
2026-06-11 12:20:49,50.6V,0.0A,0.0A,36.0A,-38.1A,22.2 deg.C,0.0 deg.C,79Ah,Discharge
2026-06-11 12:10:49,50.8V,0.0A,0.0A,32.2A,-32.4A,22.2 deg.C,0.0 deg.C,85Ah,Discharge
2026-06-11 12:00:49,50.8V,0.0A,0.0A,38.3A,-38.2A,22.1 deg.C,0.0 deg.C,92Ah,Discharge
2026-06-11 11:50:49,51.0V,0.0A,0.0A,38.4A,-37.7A,22.1 deg.C,0.0 deg.C,98Ah,Discharge
2026-06-11 11:40:49,51.1V,0.0A,0.0A,41.1A,-38.4A,21.9 deg.C,0.0 deg.C,104Ah,Discharge
2026-06-11 11:30:49,51.3V,0.0A,0.0A,36.6A,-36.6A,21.7 deg.C,0.0 deg.C,111Ah,Discharge
2026-06-11 11:20:49,51.4V,0.0A,0.0A,35.0A,-35.9A,21.6 deg.C,0.0 deg.C,117Ah,Discharge
2026-06-11 11:10:49,51.6V,0.0A,0.0A,35.5A,-35.9A,21.5 deg.C,0.0 deg.C,123Ah,Discharge
2026-06-11 11:00:49,51.8V,0.0A,0.0A,34.4A,-35.1A,21.4 deg.C,0.0 deg.C,129Ah,Discharge
2026-06-11 10:50:49,51.9V,0.0A,0.0A,34.8A,-32.9A,21.4 deg.C,0.0 deg.C,135Ah,Discharge
2026-06-11 10:40:49,52.0V,0.0A,0.0A,36.5A,-36.2A,21.4 deg.C,0.0 deg.C,141Ah,Discharge
2026-06-11 10:30:49,52.2V,0.0A,0.0A,35.3A,-36.2A,21.7 deg.C,0.0 deg.C,147Ah,Discharge
2026-06-11 10:20:49,52.3V,0.0A,0.0A,38.0A,-36.1A,22.5 deg.C,0.0 deg.C,153Ah,Discharge
2026-06-11 10:10:49,52.4V,0.0A,0.0A,36.3A,-36.0A,24.2 deg.C,0.0 deg.C,159Ah,Discharge
2026-06-11 10:00:49,52.6V,0.0A,0.0A,34.2A,-34.0A,24.8 deg.C,0.0 deg.C,165Ah,Discharge
2026-06-11 09:50:49,52.7V,0.0A,0.0A,34.3A,-34.5A,24.5 deg.C,0.0 deg.C,170Ah,Discharge
2026-06-11 09:40:49,52.9V,0.0A,0.0A,29.9A,-29.6A,24.2 deg.C,0.0 deg.C,176Ah,Discharge
2026-06-11 09:30:49,53.0V,0.0A,0.0A,31.8A,-32.6A,23.9 deg.C,0.0 deg.C,181Ah,Discharge
2026-06-11 09:20:49,53.1V,0.0A,0.0A,27.6A,-28.3A,23.7 deg.C,0.0 deg.C,186Ah,Discharge
2026-06-11 09:10:49,53.2V,0.0A,0.0A,31.7A,-31.8A,23.5 deg.C,0.0 deg.C,192Ah,Discharge
2026-06-11 09:00:49,53.3V,0.0A,0.0A,32.0A,-33.8A,23.2 deg.C,0.0 deg.C,197Ah,Discharge
2026-06-11 08:50:49,53.5V,0.0A,0.0A,30.5A,-28.1A,23.0 deg.C,0.0 deg.C,202Ah,Discharge
2026-06-11 08:40:49,53.6V,0.0A,0.0A,31.2A,-31.6A,22.9 deg.C,0.0 deg.C,207Ah,Discharge
2026-06-11 08:30:49,53.8V,0.0A,0.0A,29.8A,-30.9A,22.9 deg.C,0.0 deg.C,212Ah,Discharge
2026-06-11 08:20:49,54.1V,0.0A,0.0A,27.5A,-28.0A,23.1 deg.C,0.0 deg.C,217Ah,Discharge
2026-06-11 08:10:49,54.9V,0.0A,0.0A,0.0A,24.1A,23.1 deg.C,0.0 deg.C,220Ah,Float
2026-06-11 08:00:49,54.8V,0.0A,0.0A,0.0A,26.9A,22.9 deg.C,0.0 deg.C,216Ah,Float
2026-06-11 07:50:49,54.7V,0.0A,0.0A,0.0A,28.9A,22.9 deg.C,0.0 deg.C,211Ah,Float
2026-06-11 07:40:49,54.5V,0.0A,0.0A,0.0A,25.5A,23.0 deg.C,0.0 deg.C,206Ah,Float
2026-06-11 07:30:49,54.4V,0.0A,0.0A,0.0A,29.7A,23.0 deg.C,0.0 deg.C,202Ah,Float
2026-06-11 07:20:49,54.3V,0.0A,0.0A,0.0A,26.8A,23.0 deg.C,0.0 deg.C,197Ah,Float
2026-06-11 07:10:49,54.2V,0.0A,0.0A,0.0A,26.9A,23.0 deg.C,0.0 deg.C,192Ah,Float
2026-06-11 07:00:49,54.1V,0.0A,0.0A,0.0A,26.6A,23.0 deg.C,0.0 deg.C,188Ah,Float
2026-06-11 06:50:49,54.0V,0.0A,0.0A,0.0A,27.0A,23.0 deg.C,0.0 deg.C,184Ah,Float
2026-06-11 06:40:49,53.9V,0.0A,0.0A,0.0A,26.7A,23.0 deg.C,0.0 deg.C,179Ah,Float
2026-06-11 06:30:49,53.8V,0.0A,0.0A,0.0A,27.0A,23.0 deg.C,0.0 deg.C,175Ah,Float
2026-06-11 06:20:49,53.7V,0.0A,0.0A,0.0A,27.0A,23.1 deg.C,0.0 deg.C,170Ah,Float
2026-06-11 06:10:49,53.6V,0.0A,0.0A,0.0A,27.3A,23.1 deg.C,0.0 deg.C,165Ah,Float
2026-06-11 06:00:49,53.5V,0.0A,0.0A,0.0A,27.7A,23.1 deg.C,0.0 deg.C,161Ah,Float
2026-06-11 05:50:49,53.4V,0.0A,0.0A,0.0A,28.2A,23.1 deg.C,0.0 deg.C,156Ah,Float
2026-06-11 05:40:49,53.3V,0.0A,0.0A,0.0A,27.8A,23.0 deg.C,0.0 deg.C,152Ah,Float
2026-06-11 05:30:49,53.2V,0.0A,0.0A,0.0A,28.6A,23.0 deg.C,0.0 deg.C,147Ah,Float
2026-06-11 05:20:49,53.1V,0.0A,0.0A,0.0A,28.6A,23.1 deg.C,0.0 deg.C,142Ah,Float
2026-06-11 05:10:49,52.9V,0.0A,0.0A,0.0A,28.8A,23.1 deg.C,0.0 deg.C,137Ah,Float
2026-06-11 05:00:49,52.8V,0.0A,0.0A,0.0A,28.4A,23.1 deg.C,0.0 deg.C,133Ah,Float
2026-06-11 04:50:49,52.7V,0.0A,0.0A,0.0A,28.8A,23.0 deg.C,0.0 deg.C,128Ah,Float
2026-06-11 04:40:49,52.6V,0.0A,0.0A,0.0A,28.6A,23.0 deg.C,0.0 deg.C,123Ah,Float
2026-06-11 04:30:49,52.5V,0.0A,0.0A,0.0A,28.9A,23.0 deg.C,0.0 deg.C,119Ah,Float
2026-06-11 04:20:49,52.4V,0.0A,0.0A,0.0A,28.6A,23.0 deg.C,0.0 deg.C,113Ah,Float
2026-06-11 04:10:49,52.3V,0.0A,0.0A,0.0A,28.8A,23.0 deg.C,0.0 deg.C,109Ah,Float
2026-06-11 04:00:49,52.1V,0.0A,0.0A,0.0A,28.8A,23.0 deg.C,0.0 deg.C,104Ah,Float
2026-06-11 03:50:49,52.0V,0.0A,0.0A,0.0A,29.1A,22.9 deg.C,0.0 deg.C,99Ah,Float
2026-06-11 03:40:49,51.9V,0.0A,0.0A,0.0A,27.6A,22.9 deg.C,0.0 deg.C,94Ah,Float
2026-06-11 03:30:49,51.9V,0.0A,0.0A,0.0A,28.7A,22.8 deg.C,0.0 deg.C,90Ah,Float
2026-06-11 03:20:49,51.8V,0.0A,0.0A,0.0A,28.5A,22.8 deg.C,0.0 deg.C,85Ah,Float
2026-06-11 03:10:49,51.7V,0.0A,0.0A,0.0A,29.1A,22.7 deg.C,0.0 deg.C,80Ah,Float
2026-06-11 03:00:49,51.6V,0.0A,0.0A,0.0A,28.7A,22.6 deg.C,0.0 deg.C,75Ah,Float
2026-06-11 02:50:49,51.5V,0.0A,0.0A,0.0A,27.6A,22.5 deg.C,0.0 deg.C,70Ah,Float
2026-06-11 02:40:49,51.4V,0.0A,0.0A,0.0A,29.0A,22.4 deg.C,0.0 deg.C,66Ah,Float
2026-06-11 02:30:49,51.3V,0.0A,0.0A,0.0A,25.1A,22.3 deg.C,0.0 deg.C,61Ah,Float
2026-06-11 02:20:49,51.2V,0.0A,0.0A,0.0A,29.0A,22.2 deg.C,0.0 deg.C,56Ah,Float
2026-06-11 02:10:49,51.1V,0.0A,0.0A,0.0A,29.3A,21.9 deg.C,0.0 deg.C,52Ah,Float
2026-06-11 02:00:49,51.0V,0.0A,0.0A,0.0A,28.5A,21.6 deg.C,0.0 deg.C,47Ah,Float
2026-06-11 01:50:49,50.9V,0.0A,0.0A,0.0A,28.7A,21.0 deg.C,0.0 deg.C,42Ah,Float
2026-06-11 01:40:49,50.8V,0.0A,0.0A,0.0A,29.0A,20.2 deg.C,0.0 deg.C,37Ah,Float
2026-06-11 01:30:49,50.6V,0.0A,0.0A,0.0A,26.5A,19.1 deg.C,0.0 deg.C,32Ah,Float
2026-06-11 01:20:49,50.4V,0.0A,0.0A,0.0A,23.0A,19.6 deg.C,0.0 deg.C,28Ah,Float
2026-06-11 01:10:49,50.3V,0.0A,0.0A,0.0A,25.2A,20.5 deg.C,0.0 deg.C,24Ah,Float
2026-06-11 01:00:49,50.2V,0.0A,0.0A,0.0A,23.6A,22.7 deg.C,0.0 deg.C,20Ah,Float
2026-06-11 00:50:49,50.0V,0.0A,0.0A,0.0A,21.9A,22.8 deg.C,0.0 deg.C,16Ah,Float
2026-06-11 00:40:49,49.8V,0.0A,0.0A,0.0A,25.9A,22.5 deg.C,0.0 deg.C,12Ah,Float
2026-06-11 00:30:49,49.7V,0.0A,0.0A,0.0A,24.2A,22.2 deg.C,0.0 deg.C,7Ah,Float
2026-06-11 00:20:49,49.4V,0.0A,0.0A,0.0A,20.5A,21.8 deg.C,0.0 deg.C,4Ah,Float
2026-06-11 00:10:49,49.2V,0.0A,0.0A,0.0A,25.3A,21.5 deg.C,0.0 deg.C,0Ah,Float
2026-06-11 00:00:49,48.7V,0.0A,0.0A,35.8A,-35.8A,21.6 deg.C,0.0 deg.C,0Ah,Discharge
2026-06-10 23:50:49,48.9V,0.0A,0.0A,38.2A,-35.5A,21.7 deg.C,0.0 deg.C,5Ah,Discharge
2026-06-10 23:40:49,49.1V,0.0A,0.0A,32.8A,-35.7A,21.7 deg.C,0.0 deg.C,11Ah,Discharge
2026-06-10 23:30:49,49.2V,0.0A,0.0A,45.4A,-42.4A,21.7 deg.C,0.0 deg.C,18Ah,Discharge
2026-06-10 23:20:49,49.4V,0.0A,0.0A,39.5A,-38.1A,21.8 deg.C,0.0 deg.C,24Ah,Discharge
2026-06-10 23:10:49,49.6V,0.0A,0.0A,33.5A,-34.8A,21.8 deg.C,0.0 deg.C,30Ah,Discharge
2026-06-10 23:00:49,49.7V,0.0A,0.0A,36.6A,-36.4A,21.9 deg.C,0.0 deg.C,37Ah,Discharge
2026-06-10 22:50:49,49.7V,0.0A,0.0A,44.4A,-43.3A,21.9 deg.C,0.0 deg.C,43Ah,Discharge
2026-06-10 22:40:49,50.0V,0.0A,0.0A,36.9A,-36.7A,21.9 deg.C,0.0 deg.C,50Ah,Discharge
2026-06-10 22:30:49,50.1V,0.0A,0.0A,41.4A,-36.4A,22.0 deg.C,0.0 deg.C,56Ah,Discharge
2026-06-10 22:20:49,50.3V,0.0A,0.0A,35.3A,-35.2A,22.1 deg.C,0.0 deg.C,62Ah,Discharge
2026-06-10 22:10:49,50.4V,0.0A,0.0A,39.3A,-40.7A,22.2 deg.C,0.0 deg.C,69Ah,Discharge
2026-06-10 22:00:49,50.6V,0.0A,0.0A,33.8A,-35.1A,22.3 deg.C,0.0 deg.C,75Ah,Discharge
2026-06-10 21:50:49,50.6V,0.0A,0.0A,36.7A,-39.4A,22.3 deg.C,0.0 deg.C,81Ah,Discharge
2026-06-10 21:40:49,50.8V,0.0A,0.0A,40.1A,-41.8A,22.4 deg.C,0.0 deg.C,88Ah,Discharge
2026-06-10 21:30:49,51.0V,0.0A,0.0A,35.2A,-35.8A,22.4 deg.C,0.0 deg.C,94Ah,Discharge
2026-06-10 21:20:49,51.1V,0.0A,0.0A,36.0A,-35.2A,22.5 deg.C,0.0 deg.C,100Ah,Discharge
2026-06-10 21:10:49,51.2V,0.0A,0.0A,42.0A,-42.2A,22.5 deg.C,0.0 deg.C,106Ah,Discharge
2026-06-10 21:00:49,51.4V,0.0A,0.0A,35.7A,-36.0A,22.5 deg.C,0.0 deg.C,112Ah,Discharge
2026-06-10 20:50:49,51.5V,0.0A,0.0A,36.7A,-38.1A,22.5 deg.C,0.0 deg.C,119Ah,Discharge
2026-06-10 20:40:49,51.7V,0.0A,0.0A,42.2A,-36.6A,22.5 deg.C,0.0 deg.C,125Ah,Discharge
2026-06-10 20:30:49,51.9V,0.0A,0.0A,35.1A,-33.8A,22.5 deg.C,0.0 deg.C,131Ah,Discharge
2026-06-10 20:20:49,52.0V,0.0A,0.0A,39.5A,-37.4A,22.5 deg.C,0.0 deg.C,137Ah,Discharge
2026-06-10 20:10:48,52.2V,0.0A,0.0A,32.8A,-32.2A,22.3 deg.C,0.0 deg.C,143Ah,Discharge
2026-06-10 20:00:48,52.2V,0.0A,0.0A,37.9A,-37.9A,22.0 deg.C,0.0 deg.C,149Ah,Discharge
2026-06-10 19:50:48,52.5V,0.0A,0.0A,33.0A,-31.6A,21.4 deg.C,0.0 deg.C,155Ah,Discharge
2026-06-10 19:40:48,52.7V,0.0A,0.0A,31.7A,-31.5A,20.5 deg.C,0.0 deg.C,160Ah,Discharge
2026-06-10 19:30:48,53.4V,0.0A,0.0A,0.0A,21.2A,20.2 deg.C,0.0 deg.C,162Ah,Float
2026-06-10 19:20:48,53.4V,0.0A,0.0A,0.0A,27.3A,20.1 deg.C,0.0 deg.C,158Ah,Float
2026-06-10 19:10:48,53.3V,0.0A,0.0A,0.0A,21.5A,20.1 deg.C,0.0 deg.C,154Ah,Float
2026-06-10 19:00:48,53.2V,0.0A,0.0A,0.0A,25.3A,20.1 deg.C,0.0 deg.C,150Ah,Float
2026-06-10 18:50:48,53.1V,0.0A,0.0A,0.0A,22.1A,20.2 deg.C,0.0 deg.C,146Ah,Float
2026-06-10 18:40:48,53.1V,0.0A,0.0A,0.0A,27.0A,20.3 deg.C,0.0 deg.C,142Ah,Float
2026-06-10 18:30:48,52.9V,0.0A,0.0A,0.0A,22.8A,20.3 deg.C,0.0 deg.C,138Ah,Float
2026-06-10 18:20:48,52.8V,0.0A,0.0A,0.0A,22.3A,20.5 deg.C,0.0 deg.C,134Ah,Float
2026-06-10 18:10:48,52.7V,0.0A,0.0A,0.0A,19.9A,20.6 deg.C,0.0 deg.C,130Ah,Float
2026-06-10 18:00:48,52.6V,0.0A,0.0A,0.0A,18.5A,20.6 deg.C,0.0 deg.C,127Ah,Float
2026-06-10 17:50:48,52.5V,0.0A,0.0A,0.0A,19.5A,20.7 deg.C,0.0 deg.C,123Ah,Float
2026-06-10 17:40:48,52.4V,0.0A,0.0A,0.0A,20.7A,20.8 deg.C,0.0 deg.C,120Ah,Float
2026-06-10 17:30:48,52.3V,0.0A,0.0A,0.0A,20.1A,20.9 deg.C,0.0 deg.C,116Ah,Float
2026-06-10 17:20:48,52.2V,0.0A,0.0A,0.0A,20.5A,21.0 deg.C,0.0 deg.C,113Ah,Float
2026-06-10 17:10:48,52.2V,0.0A,0.0A,0.0A,20.1A,21.0 deg.C,0.0 deg.C,110Ah,Float
2026-06-10 17:00:48,52.1V,0.0A,0.0A,0.0A,20.2A,21.2 deg.C,0.0 deg.C,106Ah,Float
2026-06-10 16:50:48,52.0V,0.0A,0.0A,0.0A,19.8A,21.2 deg.C,0.0 deg.C,103Ah,Float
2026-06-10 16:40:48,52.0V,0.0A,0.0A,0.0A,19.3A,21.3 deg.C,0.0 deg.C,100Ah,Float
2026-06-10 16:30:48,51.9V,0.0A,0.0A,0.0A,18.9A,21.4 deg.C,0.0 deg.C,97Ah,Float
2026-06-10 16:20:48,51.8V,0.0A,0.0A,0.0A,18.4A,21.5 deg.C,0.0 deg.C,94Ah,Float
2026-06-10 16:10:48,51.8V,0.0A,0.0A,0.0A,18.4A,21.6 deg.C,0.0 deg.C,90Ah,Float
2026-06-10 16:00:48,51.7V,0.0A,0.0A,0.0A,17.9A,21.8 deg.C,0.0 deg.C,87Ah,Float
2026-06-10 15:50:48,51.6V,0.0A,0.0A,0.0A,17.6A,21.9 deg.C,0.0 deg.C,84Ah,Float
2026-06-10 15:40:48,51.6V,0.0A,0.0A,0.0A,17.9A,22.1 deg.C,0.0 deg.C,81Ah,Float
2026-06-10 15:30:48,51.5V,0.0A,0.0A,0.0A,18.3A,22.2 deg.C,0.0 deg.C,78Ah,Float
2026-06-10 15:20:48,51.5V,0.0A,0.0A,0.0A,18.8A,22.3 deg.C,0.0 deg.C,75Ah,Float
2026-06-10 15:10:48,51.4V,0.0A,0.0A,0.0A,19.9A,22.4 deg.C,0.0 deg.C,72Ah,Float
2026-06-10 15:00:48,51.4V,0.0A,0.0A,0.0A,18.8A,22.5 deg.C,0.0 deg.C,69Ah,Float
2026-06-10 14:50:48,51.3V,0.0A,0.0A,0.0A,19.3A,22.6 deg.C,0.0 deg.C,66Ah,Float
2026-06-10 14:40:48,51.3V,0.0A,0.0A,0.0A,20.0A,22.6 deg.C,0.0 deg.C,63Ah,Float
2026-06-10 14:30:48,51.2V,0.0A,0.0A,0.0A,18.6A,22.6 deg.C,0.0 deg.C,59Ah,Float
2026-06-10 14:20:48,51.1V,0.0A,0.0A,0.0A,18.9A,22.6 deg.C,0.0 deg.C,56Ah,Float
2026-06-10 14:10:48,51.1V,0.0A,0.0A,0.0A,20.2A,22.6 deg.C,0.0 deg.C,53Ah,Float
2026-06-10 14:00:48,51.0V,0.0A,0.0A,0.0A,20.6A,22.6 deg.C,0.0 deg.C,50Ah,Float
2026-06-10 13:50:48,50.9V,0.0A,0.0A,0.0A,19.8A,22.6 deg.C,0.0 deg.C,47Ah,Float
2026-06-10 13:40:48,50.8V,0.0A,0.0A,0.0A,20.7A,22.5 deg.C,0.0 deg.C,43Ah,Float
2026-06-10 13:30:48,50.7V,0.0A,0.0A,0.0A,19.8A,22.5 deg.C,0.0 deg.C,40Ah,Float
2026-06-10 13:20:48,50.6V,0.0A,0.0A,0.0A,20.7A,22.4 deg.C,0.0 deg.C,37Ah,Float
2026-06-10 13:10:48,50.5V,0.0A,0.0A,0.0A,20.0A,22.3 deg.C,0.0 deg.C,33Ah,Float
2026-06-10 13:00:48,50.5V,0.0A,0.0A,0.0A,25.4A,22.3 deg.C,0.0 deg.C,30Ah,Float
2026-06-10 12:50:48,50.3V,0.0A,0.0A,0.0A,19.3A,22.3 deg.C,0.0 deg.C,27Ah,Float
2026-06-10 12:40:48,50.2V,0.0A,0.0A,0.0A,20.9A,22.2 deg.C,0.0 deg.C,23Ah,Float
2026-06-10 12:30:48,50.1V,0.0A,0.0A,0.0A,20.4A,22.2 deg.C,0.0 deg.C,20Ah,Float
2026-06-10 12:20:48,50.0V,0.0A,0.0A,0.0A,20.9A,22.2 deg.C,0.0 deg.C,17Ah,Float
2026-06-10 12:10:48,49.8V,0.0A,0.0A,0.0A,21.3A,22.2 deg.C,0.0 deg.C,13Ah,Float
2026-06-10 12:00:48,49.7V,0.0A,0.0A,0.0A,21.8A,22.2 deg.C,0.0 deg.C,10Ah,Float
2026-06-10 11:50:48,49.5V,0.0A,0.0A,0.0A,21.9A,22.0 deg.C,0.0 deg.C,6Ah,Float
2026-06-10 11:40:48,49.4V,0.0A,0.0A,0.0A,22.2A,21.9 deg.C,0.0 deg.C,3Ah,Float
2026-06-10 11:30:48,48.5V,0.0A,0.0A,36.8A,-36.1A,21.9 deg.C,0.0 deg.C,0Ah,Discharge
2026-06-10 11:20:48,48.7V,0.0A,0.0A,36.2A,-37.7A,21.8 deg.C,0.0 deg.C,0Ah,Discharge
2026-06-10 11:10:48,48.9V,0.0A,0.0A,36.9A,-37.1A,21.7 deg.C,0.0 deg.C,4Ah,Discharge
2026-06-10 11:00:48,49.1V,0.0A,0.0A,38.0A,-37.3A,21.5 deg.C,0.0 deg.C,10Ah,Discharge
2026-06-10 10:50:48,49.2V,0.0A,0.0A,37.7A,-37.0A,21.5 deg.C,0.0 deg.C,16Ah,Discharge
2026-06-10 10:40:48,49.4V,0.0A,0.0A,36.7A,-35.5A,21.5 deg.C,0.0 deg.C,22Ah,Discharge
2026-06-10 10:30:48,49.5V,0.0A,0.0A,42.7A,-41.8A,22.0 deg.C,0.0 deg.C,29Ah,Discharge
2026-06-10 10:20:48,49.6V,0.0A,0.0A,37.3A,-38.2A,23.1 deg.C,0.0 deg.C,35Ah,Discharge
2026-06-10 10:10:48,49.8V,0.0A,0.0A,33.2A,-34.7A,23.2 deg.C,0.0 deg.C,42Ah,Discharge
2026-06-10 10:00:48,50.0V,0.0A,0.0A,35.1A,-34.5A,22.7 deg.C,0.0 deg.C,47Ah,Discharge
2026-06-10 09:50:48,50.1V,0.0A,0.0A,36.1A,-35.2A,22.2 deg.C,0.0 deg.C,53Ah,Discharge
2026-06-10 09:40:48,50.2V,0.0A,0.0A,33.1A,-33.0A,21.7 deg.C,0.0 deg.C,58Ah,Discharge
2026-06-10 09:30:48,50.4V,0.0A,0.0A,33.5A,-32.5A,21.2 deg.C,0.0 deg.C,64Ah,Discharge
2026-06-10 09:20:48,50.5V,0.0A,0.0A,31.9A,-32.9A,20.7 deg.C,0.0 deg.C,69Ah,Discharge
2026-06-10 09:10:48,50.6V,0.0A,0.0A,32.0A,-32.5A,20.3 deg.C,0.0 deg.C,75Ah,Discharge
2026-06-10 09:00:48,50.7V,0.0A,0.0A,32.1A,-32.3A,19.9 deg.C,0.0 deg.C,80Ah,Discharge
2026-06-10 08:50:48,50.8V,0.0A,0.0A,33.8A,-33.1A,19.5 deg.C,0.0 deg.C,85Ah,Discharge
2026-06-10 08:40:48,51.0V,0.0A,0.0A,28.4A,-29.5A,19.1 deg.C,0.0 deg.C,90Ah,Discharge
2026-06-10 08:30:48,51.0V,0.0A,0.0A,31.3A,-31.8A,18.8 deg.C,0.0 deg.C,96Ah,Discharge
2026-06-10 08:20:48,51.2V,0.0A,0.0A,27.1A,-28.1A,18.5 deg.C,0.0 deg.C,101Ah,Discharge
2026-06-10 08:10:48,51.3V,0.0A,0.0A,32.0A,-31.2A,18.4 deg.C,0.0 deg.C,106Ah,Discharge
2026-06-10 08:00:48,51.4V,0.0A,0.0A,27.3A,-27.7A,18.4 deg.C,0.0 deg.C,111Ah,Discharge
2026-06-10 07:50:48,51.6V,0.0A,0.0A,27.0A,-27.4A,18.5 deg.C,0.0 deg.C,115Ah,Discharge
2026-06-10 07:40:48,51.7V,0.0A,0.0A,27.2A,-29.2A,18.7 deg.C,0.0 deg.C,120Ah,Discharge
2026-06-10 07:30:48,51.8V,0.0A,0.0A,27.0A,-27.5A,18.9 deg.C,0.0 deg.C,125Ah,Discharge
2026-06-10 07:20:48,51.9V,0.0A,0.0A,30.4A,-31.3A,19.2 deg.C,0.0 deg.C,130Ah,Discharge
2026-06-10 07:10:48,52.0V,0.0A,0.0A,29.5A,-30.6A,19.5 deg.C,0.0 deg.C,135Ah,Discharge
2026-06-10 07:00:48,52.1V,0.0A,0.0A,30.3A,-29.8A,19.8 deg.C,0.0 deg.C,140Ah,Discharge
2026-06-10 06:50:48,52.2V,0.0A,0.0A,29.8A,-30.1A,20.1 deg.C,0.0 deg.C,145Ah,Discharge
2026-06-10 06:40:48,52.4V,0.0A,0.0A,29.5A,-30.4A,20.4 deg.C,0.0 deg.C,150Ah,Discharge
2026-06-10 06:30:48,52.5V,0.0A,0.0A,29.3A,-29.0A,20.6 deg.C,0.0 deg.C,155Ah,Discharge
2026-06-10 06:20:48,52.6V,0.0A,0.0A,29.2A,-29.2A,20.9 deg.C,0.0 deg.C,160Ah,Discharge
2026-06-10 06:10:48,52.7V,0.0A,0.0A,29.0A,-29.4A,21.1 deg.C,0.0 deg.C,165Ah,Discharge
2026-06-10 06:00:48,52.8V,0.0A,0.0A,29.5A,-29.1A,21.4 deg.C,0.0 deg.C,170Ah,Discharge
2026-06-10 05:50:48,52.9V,0.0A,0.0A,32.2A,-32.6A,21.7 deg.C,0.0 deg.C,175Ah,Discharge
2026-06-10 05:40:48,53.1V,0.0A,0.0A,29.3A,-29.0A,22.0 deg.C,0.0 deg.C,180Ah,Discharge
2026-06-10 05:30:48,53.2V,0.0A,0.0A,29.0A,-29.3A,22.3 deg.C,0.0 deg.C,185Ah,Discharge
2026-06-10 05:20:48,53.3V,0.0A,0.0A,28.8A,-28.9A,22.8 deg.C,0.0 deg.C,190Ah,Discharge
2026-06-10 05:10:48,53.5V,0.0A,0.0A,28.5A,-28.9A,23.4 deg.C,0.0 deg.C,194Ah,Discharge
2026-06-10 05:00:48,54.3V,0.0A,0.0A,0.0A,27.5A,23.5 deg.C,0.0 deg.C,197Ah,Float
2026-06-10 04:50:48,54.2V,0.0A,0.0A,0.0A,26.6A,23.5 deg.C,0.0 deg.C,192Ah,Float
2026-06-10 04:40:48,54.1V,0.0A,0.0A,0.0A,26.5A,23.4 deg.C,0.0 deg.C,187Ah,Float
2026-06-10 04:30:48,54.0V,0.0A,0.0A,0.0A,27.6A,23.3 deg.C,0.0 deg.C,183Ah,Float
2026-06-10 04:20:48,53.9V,0.0A,0.0A,0.0A,23.6A,23.1 deg.C,0.0 deg.C,179Ah,Float
2026-06-10 04:10:48,53.9V,0.0A,0.0A,0.0A,28.2A,23.0 deg.C,0.0 deg.C,174Ah,Float
2026-06-10 04:00:48,53.8V,0.0A,0.0A,0.0A,28.0A,22.8 deg.C,0.0 deg.C,170Ah,Float
2026-06-10 03:50:48,53.6V,0.0A,0.0A,0.0A,27.5A,22.7 deg.C,0.0 deg.C,165Ah,Float
2026-06-10 03:40:48,53.5V,0.0A,0.0A,0.0A,27.9A,22.6 deg.C,0.0 deg.C,160Ah,Float
2026-06-10 03:30:48,53.4V,0.0A,0.0A,0.0A,27.7A,22.4 deg.C,0.0 deg.C,156Ah,Float
2026-06-10 03:20:48,53.3V,0.0A,0.0A,0.0A,28.3A,22.1 deg.C,0.0 deg.C,151Ah,Float
2026-06-10 03:10:48,53.2V,0.0A,0.0A,0.0A,27.8A,21.7 deg.C,0.0 deg.C,147Ah,Float
2026-06-10 03:00:48,53.1V,0.0A,0.0A,0.0A,28.3A,21.1 deg.C,0.0 deg.C,142Ah,Float
2026-06-10 02:50:48,53.0V,0.0A,0.0A,0.0A,27.6A,20.0 deg.C,0.0 deg.C,137Ah,Float
2026-06-10 02:40:48,52.9V,0.0A,0.0A,0.0A,26.3A,19.7 deg.C,0.0 deg.C,132Ah,Float
2026-06-10 02:30:48,52.7V,0.0A,0.0A,0.0A,25.6A,21.7 deg.C,0.0 deg.C,128Ah,Float
2026-06-10 02:20:48,52.6V,0.0A,0.0A,0.0A,26.9A,22.9 deg.C,0.0 deg.C,124Ah,Float
2026-06-10 02:10:48,52.5V,0.0A,0.0A,0.0A,27.4A,22.8 deg.C,0.0 deg.C,120Ah,Float
2026-06-10 02:00:48,52.4V,0.0A,0.0A,0.0A,28.5A,22.6 deg.C,0.0 deg.C,115Ah,Float
2026-06-10 01:50:48,52.3V,0.0A,0.0A,0.0A,28.2A,22.4 deg.C,0.0 deg.C,110Ah,Float
2026-06-10 01:40:48,52.2V,0.0A,0.0A,0.0A,28.5A,22.3 deg.C,0.0 deg.C,106Ah,Float
2026-06-10 01:30:48,52.1V,0.0A,0.0A,0.0A,27.9A,22.1 deg.C,0.0 deg.C,101Ah,Float
2026-06-10 01:20:48,52.0V,0.0A,0.0A,0.0A,27.3A,21.9 deg.C,0.0 deg.C,97Ah,Float
2026-06-10 01:10:48,51.9V,0.0A,0.0A,0.0A,27.3A,21.6 deg.C,0.0 deg.C,92Ah,Float
2026-06-10 01:00:48,51.8V,0.0A,0.0A,0.0A,26.0A,21.1 deg.C,0.0 deg.C,88Ah,Float
2026-06-10 00:50:48,51.7V,0.0A,0.0A,0.0A,22.6A,20.4 deg.C,0.0 deg.C,84Ah,Float
2026-06-10 00:40:48,51.7V,0.0A,0.0A,0.0A,26.8A,19.4 deg.C,0.0 deg.C,80Ah,Float
2026-06-10 00:30:48,51.6V,0.0A,0.0A,0.0A,24.2A,19.1 deg.C,0.0 deg.C,76Ah,Float
2026-06-10 00:20:47,51.5V,0.0A,0.0A,0.0A,24.3A,19.4 deg.C,0.0 deg.C,72Ah,Float
2026-06-10 00:10:47,51.4V,0.0A,0.0A,0.0A,21.4A,20.0 deg.C,0.0 deg.C,68Ah,Float
2026-06-10 00:00:47,51.3V,0.0A,0.0A,0.0A,17.8A,21.8 deg.C,0.0 deg.C,64Ah,Float
2026-06-09 23:50:47,51.3V,0.0A,0.0A,0.0A,24.4A,21.9 deg.C,0.0 deg.C,61Ah,Float
2026-06-09 23:40:47,51.2V,0.0A,0.0A,0.0A,21.2A,21.5 deg.C,0.0 deg.C,57Ah,Float
2026-06-09 23:30:47,51.1V,0.0A,0.0A,0.0A,24.0A,20.8 deg.C,0.0 deg.C,53Ah,Float
2026-06-09 23:20:47,51.0V,0.0A,0.0A,0.0A,22.3A,19.9 deg.C,0.0 deg.C,49Ah,Float
2026-06-09 23:10:47,51.0V,0.0A,0.0A,0.0A,24.3A,19.1 deg.C,0.0 deg.C,46Ah,Float
2026-06-09 23:00:47,50.8V,0.0A,0.0A,0.0A,21.4A,19.2 deg.C,0.0 deg.C,42Ah,Float
2026-06-09 22:50:47,50.8V,0.0A,0.0A,0.0A,22.4A,19.3 deg.C,0.0 deg.C,38Ah,Float
2026-06-09 22:40:47,50.6V,0.0A,0.0A,0.0A,20.7A,19.4 deg.C,0.0 deg.C,35Ah,Float
2026-06-09 22:30:47,50.5V,0.0A,0.0A,0.0A,22.4A,19.6 deg.C,0.0 deg.C,31Ah,Float
2026-06-09 22:20:47,50.5V,0.0A,0.0A,0.0A,23.2A,19.7 deg.C,0.0 deg.C,28Ah,Float
2026-06-09 22:10:47,50.3V,0.0A,0.0A,0.0A,24.6A,19.9 deg.C,0.0 deg.C,24Ah,Float
2026-06-09 22:00:47,50.1V,0.0A,0.0A,0.0A,17.5A,20.1 deg.C,0.0 deg.C,20Ah,Float
2026-06-09 21:50:47,50.1V,0.0A,0.0A,0.0A,23.7A,20.3 deg.C,0.0 deg.C,17Ah,Float
2026-06-09 21:40:47,49.9V,0.0A,0.0A,0.0A,19.6A,20.6 deg.C,0.0 deg.C,14Ah,Float
2026-06-09 21:30:47,49.8V,0.0A,0.0A,0.0A,22.5A,20.9 deg.C,0.0 deg.C,10Ah,Float
2026-06-09 21:20:47,49.6V,0.0A,0.0A,0.0A,17.4A,21.7 deg.C,0.0 deg.C,7Ah,Float
2026-06-09 21:10:47,49.5V,0.0A,0.0A,0.0A,19.9A,23.5 deg.C,0.0 deg.C,3Ah,Float
2026-06-09 21:00:47,49.2V,0.0A,0.0A,0.0A,23.3A,23.4 deg.C,0.0 deg.C,0Ah,Float
2026-06-09 20:50:47,48.7V,0.0A,0.0A,40.0A,-41.5A,23.4 deg.C,0.0 deg.C,3Ah,Discharge
2026-06-09 20:40:47,48.9V,0.0A,0.0A,41.5A,-38.5A,23.4 deg.C,0.0 deg.C,10Ah,Discharge
2026-06-09 20:30:47,49.1V,0.0A,0.0A,39.9A,-40.2A,23.2 deg.C,0.0 deg.C,16Ah,Discharge
2026-06-09 20:20:47,49.3V,0.0A,0.0A,41.7A,-39.3A,23.1 deg.C,0.0 deg.C,23Ah,Discharge
2026-06-09 20:10:47,49.5V,0.0A,0.0A,35.6A,-35.7A,22.9 deg.C,0.0 deg.C,29Ah,Discharge
2026-06-09 20:00:47,49.6V,0.0A,0.0A,40.8A,-40.7A,22.6 deg.C,0.0 deg.C,35Ah,Discharge
2026-06-09 19:50:47,49.8V,0.0A,0.0A,31.4A,-34.4A,22.3 deg.C,0.0 deg.C,41Ah,Discharge
2026-06-09 19:40:47,49.8V,0.0A,0.0A,40.0A,-38.4A,21.8 deg.C,0.0 deg.C,47Ah,Discharge
2026-06-09 19:30:47,50.0V,0.0A,0.0A,33.2A,-35.6A,21.1 deg.C,0.0 deg.C,53Ah,Discharge
2026-06-09 19:20:47,50.1V,0.0A,0.0A,41.0A,-39.3A,20.8 deg.C,0.0 deg.C,59Ah,Discharge
2026-06-09 19:10:47,50.3V,0.0A,0.0A,33.3A,-34.9A,21.0 deg.C,0.0 deg.C,65Ah,Discharge
2026-06-09 19:00:47,50.4V,0.0A,0.0A,38.7A,-38.6A,21.2 deg.C,0.0 deg.C,71Ah,Discharge
2026-06-09 18:50:47,50.5V,0.0A,0.0A,39.0A,-38.2A,21.4 deg.C,0.0 deg.C,76Ah,Discharge
2026-06-09 18:40:47,50.7V,0.0A,0.0A,29.7A,-30.1A,21.5 deg.C,0.0 deg.C,82Ah,Discharge
2026-06-09 18:30:47,50.8V,0.0A,0.0A,34.3A,-34.3A,21.5 deg.C,0.0 deg.C,88Ah,Discharge
2026-06-09 18:20:47,50.8V,0.0A,0.0A,37.3A,-38.0A,21.5 deg.C,0.0 deg.C,94Ah,Discharge
2026-06-09 18:10:47,51.0V,0.0A,0.0A,36.2A,-36.9A,21.5 deg.C,0.0 deg.C,100Ah,Discharge
2026-06-09 18:00:47,51.2V,0.0A,0.0A,36.7A,-31.2A,21.4 deg.C,0.0 deg.C,105Ah,Discharge
2026-06-09 17:50:47,51.3V,0.0A,0.0A,37.4A,-37.5A,21.4 deg.C,0.0 deg.C,111Ah,Discharge
2026-06-09 17:40:47,51.5V,0.0A,0.0A,30.5A,-30.6A,21.3 deg.C,0.0 deg.C,117Ah,Discharge
2026-06-09 17:30:47,51.6V,0.0A,0.0A,36.1A,-36.7A,21.3 deg.C,0.0 deg.C,123Ah,Discharge
2026-06-09 17:20:47,51.7V,0.0A,0.0A,34.4A,-35.4A,21.2 deg.C,0.0 deg.C,129Ah,Discharge
2026-06-09 17:10:47,51.9V,0.0A,0.0A,36.4A,-36.8A,21.2 deg.C,0.0 deg.C,135Ah,Discharge
2026-06-09 17:00:47,52.0V,0.0A,0.0A,35.0A,-36.0A,21.1 deg.C,0.0 deg.C,141Ah,Discharge
2026-06-09 16:50:47,52.2V,0.0A,0.0A,35.7A,-37.4A,21.2 deg.C,0.0 deg.C,147Ah,Discharge
2026-06-09 16:40:47,52.3V,0.0A,0.0A,37.0A,-37.2A,21.3 deg.C,0.0 deg.C,154Ah,Discharge
2026-06-09 16:30:47,52.5V,0.0A,0.0A,38.2A,-37.4A,21.4 deg.C,0.0 deg.C,160Ah,Discharge
2026-06-09 16:20:47,52.6V,0.0A,0.0A,37.4A,-37.9A,21.6 deg.C,0.0 deg.C,166Ah,Discharge
2026-06-09 16:10:47,52.9V,0.0A,0.0A,40.1A,-39.4A,21.9 deg.C,0.0 deg.C,173Ah,Discharge
2026-06-09 16:00:47,53.6V,0.0A,0.0A,0.0A,18.7A,22.1 deg.C,0.0 deg.C,172Ah,Float
2026-06-09 15:50:47,53.5V,0.0A,0.0A,0.0A,18.9A,22.2 deg.C,0.0 deg.C,169Ah,Float
2026-06-09 15:40:47,53.5V,0.0A,0.0A,0.0A,18.9A,22.3 deg.C,0.0 deg.C,166Ah,Float
2026-06-09 15:30:47,53.4V,0.0A,0.0A,0.0A,18.1A,22.5 deg.C,0.0 deg.C,163Ah,Float
2026-06-09 15:20:47,53.3V,0.0A,0.0A,0.0A,18.3A,22.6 deg.C,0.0 deg.C,160Ah,Float
2026-06-09 15:10:47,53.3V,0.0A,0.0A,0.0A,18.6A,22.7 deg.C,0.0 deg.C,157Ah,Float
2026-06-09 15:00:47,53.2V,0.0A,0.0A,0.0A,18.8A,22.8 deg.C,0.0 deg.C,154Ah,Float
2026-06-09 14:50:47,53.1V,0.0A,0.0A,0.0A,18.7A,22.8 deg.C,0.0 deg.C,151Ah,Float
2026-06-09 14:40:47,53.0V,0.0A,0.0A,0.0A,18.1A,22.8 deg.C,0.0 deg.C,148Ah,Float
2026-06-09 14:30:47,53.0V,0.0A,0.0A,0.0A,19.2A,22.8 deg.C,0.0 deg.C,145Ah,Float
2026-06-09 14:20:47,52.9V,0.0A,0.0A,0.0A,18.0A,22.8 deg.C,0.0 deg.C,142Ah,Float
2026-06-09 14:10:47,52.8V,0.0A,0.0A,0.0A,18.8A,22.8 deg.C,0.0 deg.C,139Ah,Float
2026-06-09 14:00:47,52.8V,0.0A,0.0A,0.0A,19.0A,22.8 deg.C,0.0 deg.C,136Ah,Float
2026-06-09 13:50:47,52.7V,0.0A,0.0A,0.0A,18.3A,22.7 deg.C,0.0 deg.C,132Ah,Float
2026-06-09 13:40:47,52.6V,0.0A,0.0A,0.0A,18.1A,22.6 deg.C,0.0 deg.C,129Ah,Float
2026-06-09 13:30:47,52.5V,0.0A,0.0A,0.0A,18.1A,22.5 deg.C,0.0 deg.C,126Ah,Float
2026-06-09 13:20:47,52.4V,0.0A,0.0A,0.0A,17.7A,22.4 deg.C,0.0 deg.C,123Ah,Float
2026-06-09 13:10:47,52.4V,0.0A,0.0A,0.0A,23.8A,22.3 deg.C,0.0 deg.C,120Ah,Float
2026-06-09 13:00:47,52.3V,0.0A,0.0A,0.0A,18.7A,22.2 deg.C,0.0 deg.C,117Ah,Float
2026-06-09 12:50:47,52.2V,0.0A,0.0A,0.0A,19.6A,22.1 deg.C,0.0 deg.C,114Ah,Float
2026-06-09 12:40:47,52.1V,0.0A,0.0A,0.0A,19.2A,21.9 deg.C,0.0 deg.C,110Ah,Float
2026-06-09 12:30:47,52.1V,0.0A,0.0A,0.0A,18.6A,21.8 deg.C,0.0 deg.C,107Ah,Float
2026-06-09 12:20:47,52.0V,0.0A,0.0A,0.0A,20.3A,21.7 deg.C,0.0 deg.C,104Ah,Float
2026-06-09 12:10:47,51.9V,0.0A,0.0A,0.0A,15.7A,21.5 deg.C,0.0 deg.C,101Ah,Float
2026-06-09 12:00:47,51.9V,0.0A,0.0A,0.0A,20.3A,21.3 deg.C,0.0 deg.C,98Ah,Float
2026-06-09 11:50:47,51.8V,0.0A,0.0A,0.0A,19.4A,21.1 deg.C,0.0 deg.C,95Ah,Float
2026-06-09 11:40:47,51.7V,0.0A,0.0A,0.0A,20.0A,20.9 deg.C,0.0 deg.C,91Ah,Float
2026-06-09 11:30:47,51.7V,0.0A,0.0A,0.0A,20.3A,20.8 deg.C,0.0 deg.C,88Ah,Float
2026-06-09 11:20:47,51.6V,0.0A,0.0A,0.0A,21.3A,20.8 deg.C,0.0 deg.C,85Ah,Float
2026-06-09 11:10:47,51.6V,0.0A,0.0A,0.0A,20.1A,20.7 deg.C,0.0 deg.C,81Ah,Float
2026-06-09 11:00:47,51.5V,0.0A,0.0A,0.0A,23.2A,20.7 deg.C,0.0 deg.C,78Ah,Float
2026-06-09 10:50:47,51.5V,0.0A,0.0A,0.0A,27.8A,20.6 deg.C,0.0 deg.C,74Ah,Float
2026-06-09 10:40:47,51.4V,0.0A,0.0A,0.0A,23.0A,20.6 deg.C,0.0 deg.C,69Ah,Float
2026-06-09 10:30:47,51.3V,0.0A,0.0A,0.0A,23.4A,20.5 deg.C,0.0 deg.C,66Ah,Float
2026-06-09 10:20:47,51.2V,0.0A,0.0A,0.0A,22.3A,20.4 deg.C,0.0 deg.C,62Ah,Float
2026-06-09 10:10:47,51.2V,0.0A,0.0A,0.0A,24.1A,20.3 deg.C,0.0 deg.C,57Ah,Float
2026-06-09 10:00:47,51.1V,0.0A,0.0A,0.0A,25.0A,20.2 deg.C,0.0 deg.C,53Ah,Float
2026-06-09 09:50:47,51.0V,0.0A,0.0A,0.0A,26.0A,20.1 deg.C,0.0 deg.C,49Ah,Float
2026-06-09 09:40:47,50.9V,0.0A,0.0A,0.0A,26.0A,20.1 deg.C,0.0 deg.C,45Ah,Float
2026-06-09 09:30:47,50.7V,0.0A,0.0A,0.0A,25.2A,20.3 deg.C,0.0 deg.C,40Ah,Float
2026-06-09 09:20:47,50.6V,0.0A,0.0A,0.0A,25.4A,21.0 deg.C,0.0 deg.C,36Ah,Float
2026-06-09 09:10:47,50.5V,0.0A,0.0A,0.0A,24.8A,21.9 deg.C,0.0 deg.C,32Ah,Float
2026-06-09 09:00:47,50.4V,0.0A,0.0A,0.0A,28.1A,21.0 deg.C,0.0 deg.C,27Ah,Float
2026-06-09 08:50:47,50.2V,0.0A,0.0A,0.0A,26.1A,20.3 deg.C,0.0 deg.C,22Ah,Float
2026-06-09 08:40:47,50.1V,0.0A,0.0A,0.0A,31.2A,19.7 deg.C,0.0 deg.C,17Ah,Float
2026-06-09 08:30:47,49.8V,0.0A,0.0A,0.0A,28.7A,19.0 deg.C,0.0 deg.C,12Ah,Float
2026-06-09 08:20:47,49.6V,0.0A,0.0A,0.0A,31.4A,18.3 deg.C,0.0 deg.C,7Ah,Float
2026-06-09 08:10:47,49.4V,0.0A,0.0A,0.0A,27.7A,17.6 deg.C,0.0 deg.C,3Ah,Float
2026-06-09 08:00:47,48.6V,0.0A,0.0A,29.1A,-29.0A,17.3 deg.C,0.0 deg.C,0Ah,Discharge
2026-06-09 07:50:47,48.7V,0.0A,0.0A,29.4A,-30.1A,17.3 deg.C,0.0 deg.C,0Ah,Discharge
2026-06-09 07:40:47,48.9V,0.0A,0.0A,27.4A,-28.3A,17.3 deg.C,0.0 deg.C,2Ah,Discharge
2026-06-09 07:30:47,49.0V,0.0A,0.0A,28.3A,-28.4A,17.3 deg.C,0.0 deg.C,7Ah,Discharge
2026-06-09 07:20:47,49.1V,0.0A,0.0A,32.1A,-32.4A,17.2 deg.C,0.0 deg.C,12Ah,Discharge
2026-06-09 07:10:47,49.3V,0.0A,0.0A,31.7A,-31.5A,17.3 deg.C,0.0 deg.C,17Ah,Discharge
2026-06-09 07:00:47,49.4V,0.0A,0.0A,30.9A,-31.2A,17.4 deg.C,0.0 deg.C,23Ah,Discharge
2026-06-09 06:50:47,49.5V,0.0A,0.0A,30.5A,-31.7A,17.5 deg.C,0.0 deg.C,28Ah,Discharge
2026-06-09 06:40:47,49.6V,0.0A,0.0A,38.1A,-31.0A,17.5 deg.C,0.0 deg.C,33Ah,Discharge
2026-06-09 06:30:47,49.8V,0.0A,0.0A,31.4A,-30.9A,17.5 deg.C,0.0 deg.C,38Ah,Discharge
2026-06-09 06:20:47,49.9V,0.0A,0.0A,30.3A,-30.6A,17.6 deg.C,0.0 deg.C,44Ah,Discharge
2026-06-09 06:10:47,50.0V,0.0A,0.0A,30.3A,-30.9A,17.6 deg.C,0.0 deg.C,49Ah,Discharge
2026-06-09 06:00:47,50.1V,0.0A,0.0A,30.7A,-30.4A,17.7 deg.C,0.0 deg.C,54Ah,Discharge
2026-06-09 05:50:47,50.2V,0.0A,0.0A,31.7A,-31.7A,17.8 deg.C,0.0 deg.C,59Ah,Discharge
2026-06-09 05:40:47,50.4V,0.0A,0.0A,30.5A,-30.5A,17.9 deg.C,0.0 deg.C,64Ah,Discharge
2026-06-09 05:30:47,50.5V,0.0A,0.0A,31.5A,-30.6A,18.1 deg.C,0.0 deg.C,69Ah,Discharge
2026-06-09 05:20:47,50.6V,0.0A,0.0A,30.1A,-30.1A,18.2 deg.C,0.0 deg.C,74Ah,Discharge
2026-06-09 05:10:47,50.7V,0.0A,0.0A,32.0A,-30.4A,18.4 deg.C,0.0 deg.C,79Ah,Discharge
2026-06-09 05:00:47,50.8V,0.0A,0.0A,32.0A,-31.0A,18.5 deg.C,0.0 deg.C,85Ah,Discharge
2026-06-09 04:50:47,50.9V,0.0A,0.0A,29.8A,-30.1A,18.6 deg.C,0.0 deg.C,90Ah,Discharge
2026-06-09 04:40:47,51.0V,0.0A,0.0A,29.9A,-29.9A,18.8 deg.C,0.0 deg.C,95Ah,Discharge
2026-06-09 04:30:47,51.1V,0.0A,0.0A,29.5A,-29.9A,18.9 deg.C,0.0 deg.C,99Ah,Discharge
2026-06-09 04:20:47,51.2V,0.0A,0.0A,29.9A,-30.2A,19.1 deg.C,0.0 deg.C,104Ah,Discharge
2026-06-09 04:10:47,51.4V,0.0A,0.0A,29.3A,-29.5A,19.3 deg.C,0.0 deg.C,110Ah,Discharge
2026-06-09 04:00:47,51.5V,0.0A,0.0A,29.6A,-29.5A,19.5 deg.C,0.0 deg.C,115Ah,Discharge
2026-06-09 03:50:47,51.6V,0.0A,0.0A,32.1A,-30.2A,19.7 deg.C,0.0 deg.C,120Ah,Discharge
2026-06-09 03:40:47,51.7V,0.0A,0.0A,29.5A,-29.9A,19.9 deg.C,0.0 deg.C,124Ah,Discharge
2026-06-09 03:30:47,51.9V,0.0A,0.0A,29.1A,-29.8A,20.1 deg.C,0.0 deg.C,129Ah,Discharge
2026-06-09 03:20:47,52.0V,0.0A,0.0A,29.6A,-29.7A,20.3 deg.C,0.0 deg.C,134Ah,Discharge
2026-06-09 03:10:47,52.1V,0.0A,0.0A,29.4A,-29.7A,20.6 deg.C,0.0 deg.C,139Ah,Discharge
2026-06-09 03:00:47,52.2V,0.0A,0.0A,28.8A,-29.6A,20.9 deg.C,0.0 deg.C,144Ah,Discharge
2026-06-09 02:50:47,52.3V,0.0A,0.0A,29.9A,-29.5A,21.2 deg.C,0.0 deg.C,149Ah,Discharge
2026-06-09 02:40:47,52.4V,0.0A,0.0A,29.2A,-29.6A,21.4 deg.C,0.0 deg.C,154Ah,Discharge
2026-06-09 02:30:47,52.5V,0.0A,0.0A,34.0A,-32.9A,21.7 deg.C,0.0 deg.C,159Ah,Discharge
2026-06-09 02:20:47,52.7V,0.0A,0.0A,29.2A,-29.4A,22.0 deg.C,0.0 deg.C,164Ah,Discharge
2026-06-09 02:10:47,52.8V,0.0A,0.0A,29.3A,-29.4A,22.3 deg.C,0.0 deg.C,169Ah,Discharge
2026-06-09 02:00:47,52.9V,0.0A,0.0A,35.6A,-32.0A,22.7 deg.C,0.0 deg.C,174Ah,Discharge
2026-06-09 01:50:47,53.1V,0.0A,0.0A,35.0A,-33.7A,23.0 deg.C,0.0 deg.C,179Ah,Discharge
2026-06-09 01:40:47,53.9V,0.0A,0.0A,0.0A,26.9A,22.8 deg.C,0.0 deg.C,178Ah,Float
2026-06-09 01:30:47,53.8V,0.0A,0.0A,0.0A,26.7A,22.6 deg.C,0.0 deg.C,174Ah,Float
2026-06-09 01:20:47,53.6V,0.0A,0.0A,0.0A,20.5A,22.3 deg.C,0.0 deg.C,169Ah,Float
2026-06-09 01:10:47,53.6V,0.0A,0.0A,0.0A,26.3A,21.8 deg.C,0.0 deg.C,165Ah,Float
2026-06-09 01:00:47,53.5V,0.0A,0.0A,0.0A,26.4A,21.1 deg.C,0.0 deg.C,161Ah,Float
2026-06-09 00:50:47,53.4V,0.0A,0.0A,0.0A,25.6A,20.2 deg.C,0.0 deg.C,157Ah,Float
2026-06-09 00:40:47,53.3V,0.0A,0.0A,0.0A,24.0A,19.4 deg.C,0.0 deg.C,153Ah,Float
2026-06-09 00:30:47,53.2V,0.0A,0.0A,0.0A,23.4A,19.8 deg.C,0.0 deg.C,149Ah,Float
2026-06-09 00:20:47,53.1V,0.0A,0.0A,0.0A,23.3A,20.7 deg.C,0.0 deg.C,144Ah,Float
2026-06-09 00:10:47,53.0V,0.0A,0.0A,0.0A,25.1A,22.6 deg.C,0.0 deg.C,141Ah,Float
2026-06-09 00:00:47,52.9V,0.0A,0.0A,0.0A,23.4A,22.3 deg.C,0.0 deg.C,137Ah,Float
2026-06-08 23:50:47,52.8V,0.0A,0.0A,0.0A,24.6A,21.7 deg.C,0.0 deg.C,133Ah,Float
2026-06-08 23:40:47,52.7V,0.0A,0.0A,0.0A,23.9A,21.0 deg.C,0.0 deg.C,129Ah,Float
2026-06-08 23:30:47,52.5V,0.0A,0.0A,0.0A,17.4A,20.1 deg.C,0.0 deg.C,126Ah,Float
2026-06-08 23:20:47,52.5V,0.0A,0.0A,0.0A,23.0A,19.3 deg.C,0.0 deg.C,123Ah,Float
2026-06-08 23:10:47,52.4V,0.0A,0.0A,0.0A,21.1A,19.4 deg.C,0.0 deg.C,119Ah,Float
2026-06-08 23:00:47,52.3V,0.0A,0.0A,0.0A,22.0A,19.5 deg.C,0.0 deg.C,115Ah,Float
2026-06-08 22:50:47,52.2V,0.0A,0.0A,0.0A,16.6A,19.6 deg.C,0.0 deg.C,112Ah,Float
2026-06-08 22:40:47,52.2V,0.0A,0.0A,0.0A,20.9A,19.7 deg.C,0.0 deg.C,109Ah,Float
2026-06-08 22:30:47,52.1V,0.0A,0.0A,0.0A,19.8A,19.8 deg.C,0.0 deg.C,105Ah,Float
2026-06-08 22:20:47,52.0V,0.0A,0.0A,0.0A,18.7A,19.9 deg.C,0.0 deg.C,102Ah,Float
2026-06-08 22:10:47,51.9V,0.0A,0.0A,0.0A,19.8A,19.9 deg.C,0.0 deg.C,99Ah,Float
2026-06-08 22:00:47,51.8V,0.0A,0.0A,0.0A,18.4A,20.0 deg.C,0.0 deg.C,95Ah,Float
2026-06-08 21:50:47,51.8V,0.0A,0.0A,0.0A,17.4A,20.0 deg.C,0.0 deg.C,92Ah,Float
2026-06-08 21:40:47,51.8V,0.0A,0.0A,0.0A,24.0A,20.0 deg.C,0.0 deg.C,89Ah,Float
2026-06-08 21:30:47,51.7V,0.0A,0.0A,0.0A,22.4A,20.0 deg.C,0.0 deg.C,85Ah,Float
2026-06-08 21:20:47,51.6V,0.0A,0.0A,0.0A,19.0A,20.1 deg.C,0.0 deg.C,81Ah,Float
2026-06-08 21:10:47,51.6V,0.0A,0.0A,0.0A,23.5A,20.2 deg.C,0.0 deg.C,78Ah,Float
2026-06-08 21:00:47,51.5V,0.0A,0.0A,0.0A,22.9A,20.3 deg.C,0.0 deg.C,74Ah,Float
2026-06-08 20:50:47,51.4V,0.0A,0.0A,0.0A,19.4A,20.3 deg.C,0.0 deg.C,71Ah,Float
2026-06-08 20:40:47,51.4V,0.0A,0.0A,0.0A,22.1A,20.3 deg.C,0.0 deg.C,68Ah,Float
2026-06-08 20:30:47,51.2V,0.0A,0.0A,0.0A,19.0A,20.3 deg.C,0.0 deg.C,64Ah,Float
2026-06-08 20:20:47,51.2V,0.0A,0.0A,0.0A,16.8A,20.3 deg.C,0.0 deg.C,60Ah,Float
2026-06-08 20:10:47,51.2V,0.0A,0.0A,0.0A,23.7A,20.3 deg.C,0.0 deg.C,57Ah,Float
2026-06-08 20:00:47,51.1V,0.0A,0.0A,0.0A,19.5A,20.5 deg.C,0.0 deg.C,53Ah,Float
2026-06-08 19:50:47,51.0V,0.0A,0.0A,0.0A,24.9A,20.5 deg.C,0.0 deg.C,50Ah,Float
2026-06-08 19:40:47,50.9V,0.0A,0.0A,0.0A,19.8A,20.6 deg.C,0.0 deg.C,46Ah,Float
2026-06-08 19:30:47,50.8V,0.0A,0.0A,0.0A,23.7A,20.7 deg.C,0.0 deg.C,42Ah,Float
2026-06-08 19:20:47,50.7V,0.0A,0.0A,0.0A,17.5A,20.7 deg.C,0.0 deg.C,39Ah,Float
2026-06-08 19:10:47,50.6V,0.0A,0.0A,0.0A,22.7A,20.9 deg.C,0.0 deg.C,35Ah,Float
2026-06-08 19:00:47,50.5V,0.0A,0.0A,0.0A,23.8A,21.1 deg.C,0.0 deg.C,30Ah,Float
2026-06-08 18:50:47,50.4V,0.0A,0.0A,0.0A,23.2A,21.2 deg.C,0.0 deg.C,26Ah,Float
2026-06-08 18:40:47,50.3V,0.0A,0.0A,0.0A,29.4A,21.3 deg.C,0.0 deg.C,22Ah,Float
2026-06-08 18:30:47,50.1V,0.0A,0.0A,0.0A,24.3A,21.5 deg.C,0.0 deg.C,18Ah,Float
2026-06-08 18:20:47,49.9V,0.0A,0.0A,0.0A,21.7A,21.6 deg.C,0.0 deg.C,13Ah,Float
2026-06-08 18:10:47,49.7V,0.0A,0.0A,0.0A,23.4A,21.8 deg.C,0.0 deg.C,10Ah,Float
2026-06-08 18:00:47,49.6V,0.0A,0.0A,0.0A,28.0A,22.0 deg.C,0.0 deg.C,6Ah,Float
2026-06-08 17:50:47,49.4V,0.0A,0.0A,0.0A,23.8A,22.1 deg.C,0.0 deg.C,2Ah,Float
2026-06-08 17:40:47,48.6V,0.0A,0.0A,30.8A,-31.7A,22.1 deg.C,0.0 deg.C,0Ah,Discharge
2026-06-08 17:30:47,48.7V,0.0A,0.0A,37.5A,-38.1A,22.1 deg.C,0.0 deg.C,3Ah,Discharge
2026-06-08 17:20:47,48.9V,0.0A,0.0A,36.1A,-38.1A,22.0 deg.C,0.0 deg.C,9Ah,Discharge
2026-06-08 17:10:47,49.1V,0.0A,0.0A,37.4A,-38.2A,21.9 deg.C,0.0 deg.C,15Ah,Discharge
2026-06-08 17:00:47,49.3V,0.0A,0.0A,36.3A,-36.6A,21.7 deg.C,0.0 deg.C,21Ah,Discharge
2026-06-08 16:50:47,49.4V,0.0A,0.0A,38.8A,-36.1A,21.6 deg.C,0.0 deg.C,28Ah,Discharge
2026-06-08 16:40:47,49.5V,0.0A,0.0A,40.7A,-38.7A,21.5 deg.C,0.0 deg.C,34Ah,Discharge
2026-06-08 16:30:47,49.6V,0.0A,0.0A,41.2A,-39.3A,21.4 deg.C,0.0 deg.C,40Ah,Discharge
2026-06-08 16:20:47,49.8V,0.0A,0.0A,36.6A,-37.4A,21.3 deg.C,0.0 deg.C,46Ah,Discharge
2026-06-08 16:10:47,50.0V,0.0A,0.0A,36.0A,-37.6A,21.2 deg.C,0.0 deg.C,53Ah,Discharge
2026-06-08 16:00:47,50.1V,0.0A,0.0A,38.5A,-37.9A,21.1 deg.C,0.0 deg.C,59Ah,Discharge
2026-06-08 15:50:47,50.2V,0.0A,0.0A,36.7A,-37.4A,21.1 deg.C,0.0 deg.C,65Ah,Discharge
2026-06-08 15:40:47,50.3V,0.0A,0.0A,41.9A,-39.4A,21.1 deg.C,0.0 deg.C,72Ah,Discharge
2026-06-08 15:30:47,50.5V,0.0A,0.0A,41.2A,-38.2A,21.1 deg.C,0.0 deg.C,78Ah,Discharge
2026-06-08 15:20:47,50.6V,0.0A,0.0A,40.0A,-38.5A,21.2 deg.C,0.0 deg.C,84Ah,Discharge
2026-06-08 15:10:47,50.8V,0.0A,0.0A,38.6A,-38.0A,21.3 deg.C,0.0 deg.C,91Ah,Discharge
2026-06-08 15:00:47,50.9V,0.0A,0.0A,38.1A,-38.9A,21.3 deg.C,0.0 deg.C,97Ah,Discharge
2026-06-08 14:50:47,51.0V,0.0A,0.0A,39.6A,-39.7A,21.4 deg.C,0.0 deg.C,104Ah,Discharge
2026-06-08 14:40:47,51.1V,0.0A,0.0A,44.5A,-40.3A,21.5 deg.C,0.0 deg.C,110Ah,Discharge
2026-06-08 14:30:47,51.3V,0.0A,0.0A,37.6A,-38.0A,21.5 deg.C,0.0 deg.C,117Ah,Discharge
2026-06-08 14:20:47,51.5V,0.0A,0.0A,36.7A,-38.2A,21.6 deg.C,0.0 deg.C,123Ah,Discharge
2026-06-08 14:10:47,51.7V,0.0A,0.0A,37.5A,-37.5A,21.6 deg.C,0.0 deg.C,129Ah,Discharge
2026-06-08 14:00:47,51.8V,0.0A,0.0A,36.2A,-38.2A,21.7 deg.C,0.0 deg.C,136Ah,Discharge
2026-06-08 13:50:47,52.0V,0.0A,0.0A,37.0A,-38.0A,21.7 deg.C,0.0 deg.C,142Ah,Discharge
2026-06-08 13:40:47,52.1V,0.0A,0.0A,37.8A,-36.5A,21.7 deg.C,0.0 deg.C,149Ah,Discharge
2026-06-08 13:30:47,52.3V,0.0A,0.0A,37.3A,-37.7A,21.7 deg.C,0.0 deg.C,155Ah,Discharge
2026-06-08 13:20:47,52.4V,0.0A,0.0A,43.9A,-41.6A,21.7 deg.C,0.0 deg.C,161Ah,Discharge
2026-06-08 13:10:47,52.6V,0.0A,0.0A,36.7A,-37.3A,21.7 deg.C,0.0 deg.C,168Ah,Discharge
2026-06-08 13:00:47,52.7V,0.0A,0.0A,37.7A,-37.4A,21.8 deg.C,0.0 deg.C,174Ah,Discharge
2026-06-08 12:50:47,52.8V,0.0A,0.0A,38.3A,-37.7A,21.9 deg.C,0.0 deg.C,180Ah,Discharge
2026-06-08 12:40:47,53.0V,0.0A,0.0A,43.2A,-37.3A,21.9 deg.C,0.0 deg.C,186Ah,Discharge
2026-06-08 12:30:47,53.1V,0.0A,0.0A,37.3A,-38.1A,21.9 deg.C,0.0 deg.C,193Ah,Discharge
2026-06-08 12:20:47,53.3V,0.0A,0.0A,36.6A,-37.9A,21.9 deg.C,0.0 deg.C,199Ah,Discharge
2026-06-08 12:10:47,53.4V,0.0A,0.0A,37.0A,-37.6A,21.9 deg.C,0.0 deg.C,205Ah,Discharge
2026-06-08 12:00:47,53.7V,0.0A,0.0A,36.8A,-37.6A,22.0 deg.C,0.0 deg.C,211Ah,Discharge
2026-06-08 11:50:47,54.5V,0.0A,0.0A,0.0A,18.6A,21.8 deg.C,0.0 deg.C,213Ah,Float
2026-06-08 11:40:47,54.5V,0.0A,0.0A,0.0A,19.5A,21.7 deg.C,0.0 deg.C,209Ah,Float
2026-06-08 11:30:47,54.4V,0.0A,0.0A,0.0A,20.3A,21.6 deg.C,0.0 deg.C,206Ah,Float
2026-06-08 11:20:47,54.3V,0.0A,0.0A,0.0A,20.5A,21.6 deg.C,0.0 deg.C,203Ah,Float
2026-06-08 11:10:47,54.2V,0.0A,0.0A,0.0A,22.2A,21.6 deg.C,0.0 deg.C,199Ah,Float
2026-06-08 11:00:47,54.1V,0.0A,0.0A,0.0A,14.3A,21.6 deg.C,0.0 deg.C,195Ah,Float
2026-06-08 10:50:47,54.1V,0.0A,0.0A,0.0A,23.0A,21.6 deg.C,0.0 deg.C,192Ah,Float
2026-06-08 10:40:47,54.0V,0.0A,0.0A,0.0A,22.1A,21.5 deg.C,0.0 deg.C,188Ah,Float
2026-06-08 10:30:47,53.9V,0.0A,0.0A,0.0A,22.6A,21.5 deg.C,0.0 deg.C,185Ah,Float
2026-06-08 10:20:47,53.8V,0.0A,0.0A,0.0A,23.4A,21.4 deg.C,0.0 deg.C,181Ah,Float
2026-06-08 10:10:47,53.8V,0.0A,0.0A,0.0A,22.2A,21.2 deg.C,0.0 deg.C,177Ah,Float
2026-06-08 10:00:47,53.7V,0.0A,0.0A,0.0A,22.8A,21.1 deg.C,0.0 deg.C,173Ah,Float
2026-06-08 09:50:47,53.6V,0.0A,0.0A,0.0A,23.0A,20.9 deg.C,0.0 deg.C,169Ah,Float
2026-06-08 09:40:47,53.5V,0.0A,0.0A,0.0A,24.3A,20.6 deg.C,0.0 deg.C,165Ah,Float
2026-06-08 09:30:47,53.4V,0.0A,0.0A,0.0A,21.5A,20.4 deg.C,0.0 deg.C,161Ah,Float
2026-06-08 09:20:47,53.3V,0.0A,0.0A,0.0A,25.1A,20.1 deg.C,0.0 deg.C,157Ah,Float
2026-06-08 09:10:47,53.2V,0.0A,0.0A,0.0A,24.4A,19.9 deg.C,0.0 deg.C,153Ah,Float
2026-06-08 09:00:47,53.2V,0.0A,0.0A,0.0A,28.2A,19.9 deg.C,0.0 deg.C,148Ah,Float
2026-06-08 08:50:47,53.0V,0.0A,0.0A,0.0A,25.2A,20.0 deg.C,0.0 deg.C,144Ah,Float
2026-06-08 08:40:47,52.9V,0.0A,0.0A,0.0A,22.9A,21.0 deg.C,0.0 deg.C,140Ah,Float
2026-06-08 08:30:47,52.9V,0.0A,0.0A,0.0A,27.0A,23.2 deg.C,0.0 deg.C,136Ah,Float
2026-06-08 08:20:47,52.7V,0.0A,0.0A,0.0A,26.9A,22.8 deg.C,0.0 deg.C,131Ah,Float
2026-06-08 08:10:47,52.7V,0.0A,0.0A,0.0A,29.7A,22.5 deg.C,0.0 deg.C,127Ah,Float
2026-06-08 08:00:47,52.5V,0.0A,0.0A,0.0A,25.2A,22.3 deg.C,0.0 deg.C,122Ah,Float
2026-06-08 07:50:47,52.4V,0.0A,0.0A,0.0A,30.7A,22.3 deg.C,0.0 deg.C,117Ah,Float
2026-06-08 07:40:47,52.3V,0.0A,0.0A,0.0A,31.2A,22.3 deg.C,0.0 deg.C,112Ah,Float
2026-06-08 07:30:47,52.2V,0.0A,0.0A,0.0A,31.8A,22.2 deg.C,0.0 deg.C,107Ah,Float
2026-06-08 07:20:47,52.1V,0.0A,0.0A,0.0A,27.6A,22.2 deg.C,0.0 deg.C,102Ah,Float
2026-06-08 07:10:47,52.0V,0.0A,0.0A,0.0A,26.9A,22.2 deg.C,0.0 deg.C,97Ah,Float
2026-06-08 07:00:47,51.9V,0.0A,0.0A,0.0A,29.1A,22.1 deg.C,0.0 deg.C,92Ah,Float
2026-06-08 06:50:47,51.8V,0.0A,0.0A,0.0A,28.9A,22.1 deg.C,0.0 deg.C,87Ah,Float
2026-06-08 06:40:47,51.7V,0.0A,0.0A,0.0A,29.5A,22.1 deg.C,0.0 deg.C,83Ah,Float
2026-06-08 06:30:47,51.6V,0.0A,0.0A,0.0A,29.2A,22.0 deg.C,0.0 deg.C,78Ah,Float
2026-06-08 06:20:47,51.5V,0.0A,0.0A,0.0A,29.3A,22.0 deg.C,0.0 deg.C,73Ah,Float
2026-06-08 06:10:47,51.4V,0.0A,0.0A,0.0A,29.3A,22.0 deg.C,0.0 deg.C,68Ah,Float
2026-06-08 06:00:47,51.4V,0.0A,0.0A,0.0A,29.5A,21.9 deg.C,0.0 deg.C,63Ah,Float
2026-06-08 05:50:47,51.3V,0.0A,0.0A,0.0A,29.6A,21.9 deg.C,0.0 deg.C,58Ah,Float
2026-06-08 05:40:47,51.1V,0.0A,0.0A,0.0A,29.7A,21.8 deg.C,0.0 deg.C,53Ah,Float
2026-06-08 05:30:47,51.0V,0.0A,0.0A,0.0A,29.6A,21.8 deg.C,0.0 deg.C,48Ah,Float
2026-06-08 05:20:47,50.9V,0.0A,0.0A,0.0A,30.2A,21.7 deg.C,0.0 deg.C,43Ah,Float
2026-06-08 05:10:47,50.7V,0.0A,0.0A,0.0A,26.2A,21.6 deg.C,0.0 deg.C,39Ah,Float
2026-06-08 05:00:47,50.6V,0.0A,0.0A,0.0A,30.0A,21.5 deg.C,0.0 deg.C,34Ah,Float
2026-06-08 04:50:47,50.5V,0.0A,0.0A,0.0A,30.2A,21.4 deg.C,0.0 deg.C,29Ah,Float
2026-06-08 04:40:47,50.3V,0.0A,0.0A,0.0A,30.6A,21.2 deg.C,0.0 deg.C,24Ah,Float
2026-06-08 04:30:47,50.1V,0.0A,0.0A,0.0A,29.9A,21.0 deg.C,0.0 deg.C,19Ah,Float
2026-06-08 04:20:47,49.9V,0.0A,0.0A,0.0A,30.5A,20.7 deg.C,0.0 deg.C,14Ah,Float
2026-06-08 04:10:47,49.7V,0.0A,0.0A,0.0A,30.4A,20.3 deg.C,0.0 deg.C,9Ah,Float
2026-06-08 04:00:47,49.5V,0.0A,0.0A,0.0A,30.1A,19.9 deg.C,0.0 deg.C,4Ah,Float
2026-06-08 03:50:47,48.5V,0.0A,0.0A,31.8A,-31.6A,19.7 deg.C,0.0 deg.C,0Ah,Discharge
2026-06-08 03:40:47,48.7V,0.0A,0.0A,30.8A,-31.1A,19.7 deg.C,0.0 deg.C,0Ah,Discharge
2026-06-08 03:30:46,48.8V,0.0A,0.0A,34.9A,-34.9A,19.7 deg.C,0.0 deg.C,2Ah,Discharge
2026-06-08 03:20:46,49.0V,0.0A,0.0A,31.0A,-31.5A,19.7 deg.C,0.0 deg.C,7Ah,Discharge
2026-06-08 03:10:46,49.2V,0.0A,0.0A,31.0A,-30.9A,19.7 deg.C,0.0 deg.C,12Ah,Discharge
2026-06-08 03:00:46,49.3V,0.0A,0.0A,30.6A,-30.8A,19.7 deg.C,0.0 deg.C,18Ah,Discharge
2026-06-08 02:50:46,49.5V,0.0A,0.0A,30.6A,-31.7A,19.7 deg.C,0.0 deg.C,23Ah,Discharge
2026-06-08 02:40:46,49.6V,0.0A,0.0A,30.6A,-31.4A,19.7 deg.C,0.0 deg.C,28Ah,Discharge
2026-06-08 02:30:46,49.6V,0.0A,0.0A,34.8A,-35.3A,19.7 deg.C,0.0 deg.C,34Ah,Discharge
2026-06-08 02:20:46,49.8V,0.0A,0.0A,30.7A,-30.9A,19.7 deg.C,0.0 deg.C,39Ah,Discharge
2026-06-08 02:10:46,49.9V,0.0A,0.0A,31.9A,-31.1A,19.8 deg.C,0.0 deg.C,44Ah,Discharge
2026-06-08 02:00:46,50.1V,0.0A,0.0A,30.3A,-31.4A,19.8 deg.C,0.0 deg.C,50Ah,Discharge
2026-06-08 01:50:46,50.2V,0.0A,0.0A,30.2A,-30.7A,19.9 deg.C,0.0 deg.C,55Ah,Discharge
2026-06-08 01:40:46,50.3V,0.0A,0.0A,32.4A,-32.0A,19.9 deg.C,0.0 deg.C,60Ah,Discharge
2026-06-08 01:30:46,50.4V,0.0A,0.0A,36.0A,-35.3A,20.0 deg.C,0.0 deg.C,66Ah,Discharge
2026-06-08 01:20:46,50.5V,0.0A,0.0A,32.3A,-33.6A,20.1 deg.C,0.0 deg.C,71Ah,Discharge
2026-06-08 01:10:46,50.7V,0.0A,0.0A,30.5A,-32.1A,20.2 deg.C,0.0 deg.C,77Ah,Discharge
2026-06-08 01:00:46,50.7V,0.0A,0.0A,33.7A,-33.3A,20.3 deg.C,0.0 deg.C,82Ah,Discharge
2026-06-08 00:50:46,50.9V,0.0A,0.0A,33.3A,-33.1A,20.4 deg.C,0.0 deg.C,87Ah,Discharge
2026-06-08 00:40:46,50.9V,0.0A,0.0A,39.9A,-39.1A,20.4 deg.C,0.0 deg.C,94Ah,Discharge
2026-06-08 00:30:46,51.1V,0.0A,0.0A,30.8A,-33.4A,20.5 deg.C,0.0 deg.C,99Ah,Discharge
2026-06-08 00:20:46,51.2V,0.0A,0.0A,31.8A,-32.0A,20.6 deg.C,0.0 deg.C,105Ah,Discharge
2026-06-08 00:10:46,51.4V,0.0A,0.0A,30.5A,-32.3A,20.7 deg.C,0.0 deg.C,110Ah,Discharge
2026-06-08 00:00:46,51.5V,0.0A,0.0A,35.3A,-37.1A,20.8 deg.C,0.0 deg.C,116Ah,Discharge
2026-06-07 23:50:46,51.7V,0.0A,0.0A,31.3A,-32.9A,20.8 deg.C,0.0 deg.C,122Ah,Discharge
2026-06-07 23:40:46,51.8V,0.0A,0.0A,32.2A,-32.2A,20.9 deg.C,0.0 deg.C,128Ah,Discharge
2026-06-07 23:30:46,51.9V,0.0A,0.0A,33.4A,-33.5A,21.0 deg.C,0.0 deg.C,133Ah,Discharge
2026-06-07 23:20:46,52.0V,0.0A,0.0A,38.4A,-38.1A,21.0 deg.C,0.0 deg.C,139Ah,Discharge
2026-06-07 23:10:46,52.2V,0.0A,0.0A,33.0A,-34.4A,21.0 deg.C,0.0 deg.C,145Ah,Discharge
2026-06-07 23:00:46,52.3V,0.0A,0.0A,33.4A,-35.7A,21.0 deg.C,0.0 deg.C,151Ah,Discharge
2026-06-07 22:50:46,52.5V,0.0A,0.0A,34.2A,-33.1A,20.9 deg.C,0.0 deg.C,157Ah,Discharge
2026-06-07 22:40:46,52.6V,0.0A,0.0A,36.2A,-38.4A,20.7 deg.C,0.0 deg.C,163Ah,Discharge
2026-06-07 22:30:46,52.8V,0.0A,0.0A,39.3A,-33.1A,20.4 deg.C,0.0 deg.C,168Ah,Discharge
2026-06-07 22:20:46,53.0V,0.0A,0.0A,36.7A,-34.7A,19.8 deg.C,0.0 deg.C,174Ah,Discharge
2026-06-07 22:10:46,53.7V,0.0A,0.0A,0.0A,17.6A,19.7 deg.C,0.0 deg.C,175Ah,Float
2026-06-07 22:00:46,53.7V,0.0A,0.0A,0.0A,22.9A,19.8 deg.C,0.0 deg.C,171Ah,Float
2026-06-07 21:50:46,53.6V,0.0A,0.0A,0.0A,21.0A,19.8 deg.C,0.0 deg.C,168Ah,Float
2026-06-07 21:40:46,53.5V,0.0A,0.0A,0.0A,17.5A,19.9 deg.C,0.0 deg.C,164Ah,Float
2026-06-07 21:30:46,53.5V,0.0A,0.0A,0.0A,22.3A,19.9 deg.C,0.0 deg.C,161Ah,Float
2026-06-07 21:20:46,53.4V,0.0A,0.0A,0.0A,21.3A,19.9 deg.C,0.0 deg.C,157Ah,Float
2026-06-07 21:10:46,53.3V,0.0A,0.0A,0.0A,18.0A,20.0 deg.C,0.0 deg.C,154Ah,Float
2026-06-07 21:00:46,53.2V,0.0A,0.0A,0.0A,20.6A,20.1 deg.C,0.0 deg.C,151Ah,Float
2026-06-07 20:50:46,53.2V,0.0A,0.0A,0.0A,23.3A,20.1 deg.C,0.0 deg.C,147Ah,Float
2026-06-07 20:40:46,53.0V,0.0A,0.0A,0.0A,18.0A,20.2 deg.C,0.0 deg.C,144Ah,Float
2026-06-07 20:30:46,53.0V,0.0A,0.0A,0.0A,22.9A,20.2 deg.C,0.0 deg.C,140Ah,Float
2026-06-07 20:20:46,52.9V,0.0A,0.0A,0.0A,20.0A,20.2 deg.C,0.0 deg.C,136Ah,Float
2026-06-07 20:10:46,52.8V,0.0A,0.0A,0.0A,17.8A,20.3 deg.C,0.0 deg.C,133Ah,Float
2026-06-07 20:00:46,52.7V,0.0A,0.0A,0.0A,23.4A,20.3 deg.C,0.0 deg.C,129Ah,Float
2026-06-07 19:50:46,52.6V,0.0A,0.0A,0.0A,24.6A,20.3 deg.C,0.0 deg.C,125Ah,Float
2026-06-07 19:40:46,52.5V,0.0A,0.0A,0.0A,20.8A,20.3 deg.C,0.0 deg.C,122Ah,Float
2026-06-07 19:30:46,52.5V,0.0A,0.0A,0.0A,24.7A,20.3 deg.C,0.0 deg.C,118Ah,Float
2026-06-07 19:20:46,52.3V,0.0A,0.0A,0.0A,19.4A,20.3 deg.C,0.0 deg.C,114Ah,Float
2026-06-07 19:10:46,52.3V,0.0A,0.0A,0.0A,29.0A,20.2 deg.C,0.0 deg.C,110Ah,Float
2026-06-07 19:00:46,52.2V,0.0A,0.0A,0.0A,29.8A,20.1 deg.C,0.0 deg.C,105Ah,Float
2026-06-07 18:50:46,52.1V,0.0A,0.0A,0.0A,25.0A,20.1 deg.C,0.0 deg.C,101Ah,Float
2026-06-07 18:40:46,52.0V,0.0A,0.0A,0.0A,29.0A,20.1 deg.C,0.0 deg.C,96Ah,Float
2026-06-07 18:30:46,51.9V,0.0A,0.0A,0.0A,24.4A,20.0 deg.C,0.0 deg.C,92Ah,Float
2026-06-07 18:20:46,51.9V,0.0A,0.0A,0.0A,29.2A,20.1 deg.C,0.0 deg.C,88Ah,Float
2026-06-07 18:10:46,51.7V,0.0A,0.0A,0.0A,24.1A,20.0 deg.C,0.0 deg.C,84Ah,Float
2026-06-07 18:00:46,51.7V,0.0A,0.0A,0.0A,28.9A,20.0 deg.C,0.0 deg.C,79Ah,Float
2026-06-07 17:50:46,51.6V,0.0A,0.0A,0.0A,24.3A,20.1 deg.C,0.0 deg.C,75Ah,Float
2026-06-07 17:40:46,51.5V,0.0A,0.0A,0.0A,28.7A,20.1 deg.C,0.0 deg.C,71Ah,Float
2026-06-07 17:30:46,51.4V,0.0A,0.0A,0.0A,23.4A,20.2 deg.C,0.0 deg.C,66Ah,Float
2026-06-07 17:20:46,51.4V,0.0A,0.0A,0.0A,26.6A,20.5 deg.C,0.0 deg.C,62Ah,Float
2026-06-07 17:10:46,51.2V,0.0A,0.0A,0.0A,21.8A,20.8 deg.C,0.0 deg.C,58Ah,Float
2026-06-07 17:00:46,51.2V,0.0A,0.0A,0.0A,26.6A,21.2 deg.C,0.0 deg.C,55Ah,Float
2026-06-07 16:50:46,51.1V,0.0A,0.0A,0.0A,21.2A,21.5 deg.C,0.0 deg.C,51Ah,Float
2026-06-07 16:40:46,51.0V,0.0A,0.0A,0.0A,21.3A,21.8 deg.C,0.0 deg.C,48Ah,Float
2026-06-07 16:30:46,50.9V,0.0A,0.0A,0.0A,19.5A,22.0 deg.C,0.0 deg.C,44Ah,Float
2026-06-07 16:20:46,50.8V,0.0A,0.0A,0.0A,20.3A,22.1 deg.C,0.0 deg.C,41Ah,Float
2026-06-07 16:10:46,50.7V,0.0A,0.0A,0.0A,19.6A,22.2 deg.C,0.0 deg.C,38Ah,Float
2026-06-07 16:00:46,50.6V,0.0A,0.0A,0.0A,20.3A,22.3 deg.C,0.0 deg.C,34Ah,Float
2026-06-07 15:50:46,50.5V,0.0A,0.0A,0.0A,18.2A,22.5 deg.C,0.0 deg.C,31Ah,Float
2026-06-07 15:40:46,50.4V,0.0A,0.0A,0.0A,20.4A,22.6 deg.C,0.0 deg.C,28Ah,Float
2026-06-07 15:30:46,50.3V,0.0A,0.0A,0.0A,19.7A,22.7 deg.C,0.0 deg.C,25Ah,Float
2026-06-07 15:20:46,50.2V,0.0A,0.0A,0.0A,19.4A,22.8 deg.C,0.0 deg.C,22Ah,Float
2026-06-07 15:10:46,50.1V,0.0A,0.0A,0.0A,20.1A,22.8 deg.C,0.0 deg.C,18Ah,Float
2026-06-07 15:00:46,50.0V,0.0A,0.0A,0.0A,21.2A,22.8 deg.C,0.0 deg.C,15Ah,Float
2026-06-07 14:50:46,49.8V,0.0A,0.0A,0.0A,18.8A,22.7 deg.C,0.0 deg.C,12Ah,Float
2026-06-07 14:40:46,49.6V,0.0A,0.0A,0.0A,18.2A,22.6 deg.C,0.0 deg.C,9Ah,Float
2026-06-07 14:30:46,49.5V,0.0A,0.0A,0.0A,19.9A,22.4 deg.C,0.0 deg.C,5Ah,Float
2026-06-07 14:20:46,49.4V,0.0A,0.0A,0.0A,20.6A,22.3 deg.C,0.0 deg.C,2Ah,Float
2026-06-07 14:10:46,48.5V,0.0A,0.0A,41.1A,-40.6A,22.4 deg.C,0.0 deg.C,0Ah,Discharge
2026-06-07 14:00:46,48.8V,0.0A,0.0A,40.6A,-40.1A,22.3 deg.C,0.0 deg.C,3Ah,Discharge
2026-06-07 13:50:46,49.0V,0.0A,0.0A,39.4A,-39.4A,22.3 deg.C,0.0 deg.C,10Ah,Discharge
2026-06-07 13:40:46,49.1V,0.0A,0.0A,38.7A,-40.0A,22.3 deg.C,0.0 deg.C,16Ah,Discharge
2026-06-07 13:30:46,49.3V,0.0A,0.0A,38.8A,-38.7A,22.3 deg.C,0.0 deg.C,23Ah,Discharge
2026-06-07 13:20:46,49.5V,0.0A,0.0A,38.5A,-37.5A,22.3 deg.C,0.0 deg.C,29Ah,Discharge
2026-06-07 13:10:46,49.6V,0.0A,0.0A,38.1A,-37.4A,22.2 deg.C,0.0 deg.C,36Ah,Discharge
2026-06-07 13:00:46,49.7V,0.0A,0.0A,38.5A,-38.2A,22.2 deg.C,0.0 deg.C,42Ah,Discharge
2026-06-07 12:50:46,49.9V,0.0A,0.0A,36.5A,-37.4A,22.2 deg.C,0.0 deg.C,48Ah,Discharge
2026-06-07 12:40:46,50.0V,0.0A,0.0A,36.9A,-39.0A,22.2 deg.C,0.0 deg.C,54Ah,Discharge
2026-06-07 12:30:46,50.2V,0.0A,0.0A,37.2A,-37.6A,22.1 deg.C,0.0 deg.C,61Ah,Discharge
2026-06-07 12:20:46,50.3V,0.0A,0.0A,37.2A,-36.7A,22.2 deg.C,0.0 deg.C,67Ah,Discharge
2026-06-07 12:10:46,50.5V,0.0A,0.0A,38.8A,-37.1A,22.2 deg.C,0.0 deg.C,73Ah,Discharge
2026-06-07 12:00:46,50.6V,0.0A,0.0A,35.2A,-35.8A,22.2 deg.C,0.0 deg.C,80Ah,Discharge
2026-06-07 11:50:46,50.7V,0.0A,0.0A,36.0A,-34.8A,22.2 deg.C,0.0 deg.C,86Ah,Discharge
2026-06-07 11:40:46,50.9V,0.0A,0.0A,36.4A,-35.0A,22.1 deg.C,0.0 deg.C,92Ah,Discharge
2026-06-07 11:30:46,51.0V,0.0A,0.0A,35.6A,-35.6A,22.0 deg.C,0.0 deg.C,98Ah,Discharge
2026-06-07 11:20:46,51.1V,0.0A,0.0A,35.6A,-35.8A,22.0 deg.C,0.0 deg.C,104Ah,Discharge
2026-06-07 11:10:46,51.3V,0.0A,0.0A,34.1A,-35.2A,21.9 deg.C,0.0 deg.C,110Ah,Discharge
2026-06-07 11:00:46,51.4V,0.0A,0.0A,39.7A,-36.1A,21.8 deg.C,0.0 deg.C,115Ah,Discharge
2026-06-07 10:50:46,51.6V,0.0A,0.0A,29.9A,-29.9A,21.7 deg.C,0.0 deg.C,121Ah,Discharge
2026-06-07 10:40:46,51.7V,0.0A,0.0A,34.0A,-33.6A,21.7 deg.C,0.0 deg.C,127Ah,Discharge
2026-06-07 10:30:46,51.8V,0.0A,0.0A,34.8A,-34.5A,21.7 deg.C,0.0 deg.C,133Ah,Discharge
2026-06-07 10:20:46,52.0V,0.0A,0.0A,34.5A,-33.8A,22.1 deg.C,0.0 deg.C,139Ah,Discharge
2026-06-07 10:10:46,52.1V,0.0A,0.0A,35.0A,-35.2A,22.9 deg.C,0.0 deg.C,144Ah,Discharge
2026-06-07 10:00:46,52.2V,0.0A,0.0A,36.0A,-35.5A,24.8 deg.C,0.0 deg.C,150Ah,Discharge
2026-06-07 09:50:46,52.4V,0.0A,0.0A,32.2A,-31.7A,24.5 deg.C,0.0 deg.C,155Ah,Discharge
2026-06-07 09:40:46,52.5V,0.0A,0.0A,30.6A,-31.1A,24.2 deg.C,0.0 deg.C,161Ah,Discharge
2026-06-07 09:30:46,52.6V,0.0A,0.0A,33.0A,-32.3A,23.8 deg.C,0.0 deg.C,166Ah,Discharge
2026-06-07 09:20:46,52.8V,0.0A,0.0A,31.8A,-32.3A,23.5 deg.C,0.0 deg.C,171Ah,Discharge
2026-06-07 09:10:46,52.9V,0.0A,0.0A,31.2A,-32.1A,23.1 deg.C,0.0 deg.C,177Ah,Discharge
2026-06-07 09:00:46,53.0V,0.0A,0.0A,28.2A,-28.2A,22.9 deg.C,0.0 deg.C,182Ah,Discharge
2026-06-07 08:50:46,53.1V,0.0A,0.0A,31.6A,-31.9A,22.6 deg.C,0.0 deg.C,187Ah,Discharge
2026-06-07 08:40:46,53.2V,0.0A,0.0A,32.7A,-33.6A,22.4 deg.C,0.0 deg.C,192Ah,Discharge
2026-06-07 08:30:46,53.4V,0.0A,0.0A,31.5A,-26.5A,22.3 deg.C,0.0 deg.C,197Ah,Discharge
2026-06-07 08:20:46,53.5V,0.0A,0.0A,30.9A,-31.3A,22.3 deg.C,0.0 deg.C,203Ah,Discharge
2026-06-07 08:10:46,53.7V,0.0A,0.0A,26.1A,-26.5A,22.5 deg.C,0.0 deg.C,207Ah,Discharge
2026-06-07 08:00:46,53.8V,0.0A,0.0A,29.7A,-30.3A,22.9 deg.C,0.0 deg.C,212Ah,Discharge
2026-06-07 07:50:46,54.1V,0.0A,0.0A,28.6A,-28.4A,23.3 deg.C,0.0 deg.C,217Ah,Discharge
2026-06-07 07:40:46,54.7V,0.0A,0.0A,0.0A,25.9A,23.4 deg.C,0.0 deg.C,215Ah,Float
2026-06-07 07:30:46,54.6V,0.0A,0.0A,0.0A,29.6A,23.4 deg.C,0.0 deg.C,210Ah,Float
2026-06-07 07:20:46,54.5V,0.0A,0.0A,0.0A,25.7A,23.4 deg.C,0.0 deg.C,205Ah,Float
2026-06-07 07:10:46,54.4V,0.0A,0.0A,0.0A,27.4A,23.5 deg.C,0.0 deg.C,201Ah,Float
2026-06-07 07:00:46,54.3V,0.0A,0.0A,0.0A,26.7A,23.4 deg.C,0.0 deg.C,197Ah,Float
2026-06-07 06:50:46,54.2V,0.0A,0.0A,0.0A,27.9A,23.4 deg.C,0.0 deg.C,192Ah,Float
2026-06-07 06:40:46,54.1V,0.0A,0.0A,0.0A,27.8A,23.4 deg.C,0.0 deg.C,187Ah,Float
2026-06-07 06:30:46,54.0V,0.0A,0.0A,0.0A,27.8A,23.4 deg.C,0.0 deg.C,183Ah,Float
2026-06-07 06:20:46,53.9V,0.0A,0.0A,0.0A,27.9A,23.3 deg.C,0.0 deg.C,178Ah,Float
2026-06-07 06:10:46,53.8V,0.0A,0.0A,0.0A,28.1A,23.3 deg.C,0.0 deg.C,174Ah,Float
2026-06-07 06:00:46,53.7V,0.0A,0.0A,0.0A,28.3A,23.2 deg.C,0.0 deg.C,169Ah,Float
2026-06-07 05:50:46,53.6V,0.0A,0.0A,0.0A,28.1A,23.1 deg.C,0.0 deg.C,164Ah,Float
2026-06-07 05:40:46,53.5V,0.0A,0.0A,0.0A,28.3A,23.0 deg.C,0.0 deg.C,160Ah,Float
2026-06-07 05:30:46,53.3V,0.0A,0.0A,0.0A,28.5A,22.9 deg.C,0.0 deg.C,155Ah,Float
2026-06-07 05:20:46,53.2V,0.0A,0.0A,0.0A,28.2A,22.8 deg.C,0.0 deg.C,150Ah,Float
2026-06-07 05:10:46,53.1V,0.0A,0.0A,0.0A,28.0A,22.5 deg.C,0.0 deg.C,146Ah,Float
2026-06-07 05:00:46,53.0V,0.0A,0.0A,0.0A,28.6A,22.3 deg.C,0.0 deg.C,141Ah,Float
2026-06-07 04:50:46,52.9V,0.0A,0.0A,0.0A,28.3A,21.8 deg.C,0.0 deg.C,136Ah,Float
2026-06-07 04:40:46,52.8V,0.0A,0.0A,0.0A,28.7A,21.2 deg.C,0.0 deg.C,131Ah,Float
2026-06-07 04:30:46,52.7V,0.0A,0.0A,0.0A,28.6A,20.1 deg.C,0.0 deg.C,126Ah,Float
2026-06-07 04:20:46,52.5V,0.0A,0.0A,0.0A,27.4A,19.3 deg.C,0.0 deg.C,122Ah,Float
2026-06-07 04:10:46,52.4V,0.0A,0.0A,0.0A,26.9A,20.9 deg.C,0.0 deg.C,118Ah,Float
2026-06-07 04:00:46,52.3V,0.0A,0.0A,0.0A,29.1A,22.9 deg.C,0.0 deg.C,113Ah,Float
2026-06-07 03:50:46,52.2V,0.0A,0.0A,0.0A,28.7A,22.8 deg.C,0.0 deg.C,108Ah,Float
2026-06-07 03:40:46,52.1V,0.0A,0.0A,0.0A,28.9A,22.6 deg.C,0.0 deg.C,104Ah,Float
2026-06-07 03:30:46,52.0V,0.0A,0.0A,0.0A,25.5A,22.4 deg.C,0.0 deg.C,99Ah,Float
2026-06-07 03:20:46,51.9V,0.0A,0.0A,0.0A,28.9A,22.2 deg.C,0.0 deg.C,95Ah,Float
2026-06-07 03:10:46,51.9V,0.0A,0.0A,0.0A,29.2A,21.9 deg.C,0.0 deg.C,90Ah,Float
2026-06-07 03:00:46,51.8V,0.0A,0.0A,0.0A,28.9A,21.5 deg.C,0.0 deg.C,85Ah,Float
2026-06-07 02:50:46,51.7V,0.0A,0.0A,0.0A,29.3A,20.9 deg.C,0.0 deg.C,80Ah,Float
2026-06-07 02:40:46,51.6V,0.0A,0.0A,0.0A,29.2A,20.1 deg.C,0.0 deg.C,75Ah,Float
2026-06-07 02:30:46,51.5V,0.0A,0.0A,0.0A,29.2A,19.0 deg.C,0.0 deg.C,70Ah,Float
2026-06-07 02:20:46,51.4V,0.0A,0.0A,0.0A,24.6A,19.3 deg.C,0.0 deg.C,66Ah,Float
2026-06-07 02:10:46,51.3V,0.0A,0.0A,0.0A,27.5A,20.1 deg.C,0.0 deg.C,62Ah,Float
2026-06-07 02:00:46,51.2V,0.0A,0.0A,0.0A,26.9A,22.1 deg.C,0.0 deg.C,57Ah,Float
2026-06-07 01:50:46,51.1V,0.0A,0.0A,0.0A,29.0A,22.3 deg.C,0.0 deg.C,52Ah,Float
2026-06-07 01:40:46,51.0V,0.0A,0.0A,0.0A,28.4A,21.9 deg.C,0.0 deg.C,47Ah,Float
2026-06-07 01:30:46,50.9V,0.0A,0.0A,0.0A,24.8A,21.5 deg.C,0.0 deg.C,43Ah,Float
2026-06-07 01:20:46,50.8V,0.0A,0.0A,0.0A,28.1A,20.8 deg.C,0.0 deg.C,39Ah,Float
2026-06-07 01:10:46,50.6V,0.0A,0.0A,0.0A,28.8A,19.8 deg.C,0.0 deg.C,34Ah,Float
2026-06-07 01:00:46,50.5V,0.0A,0.0A,0.0A,27.4A,19.3 deg.C,0.0 deg.C,29Ah,Float
2026-06-07 00:50:46,50.3V,0.0A,0.0A,0.0A,23.0A,19.5 deg.C,0.0 deg.C,25Ah,Float
2026-06-07 00:40:46,50.2V,0.0A,0.0A,0.0A,19.4A,19.8 deg.C,0.0 deg.C,22Ah,Float
2026-06-07 00:30:46,50.0V,0.0A,0.0A,0.0A,23.3A,20.4 deg.C,0.0 deg.C,18Ah,Float
2026-06-07 00:20:46,49.9V,0.0A,0.0A,0.0A,25.4A,21.6 deg.C,0.0 deg.C,14Ah,Float
2026-06-07 00:10:46,49.7V,0.0A,0.0A,0.0A,24.4A,22.8 deg.C,0.0 deg.C,10Ah,Float
2026-06-07 00:00:46,49.5V,0.0A,0.0A,0.0A,20.5A,22.4 deg.C,0.0 deg.C,6Ah,Float
2026-06-06 23:50:46,49.4V,0.0A,0.0A,0.0A,26.8A,22.1 deg.C,0.0 deg.C,2Ah,Float
2026-06-06 23:40:46,48.6V,0.0A,0.0A,34.2A,-35.2A,21.9 deg.C,0.0 deg.C,0Ah,Discharge
2026-06-06 23:30:46,48.7V,0.0A,0.0A,35.2A,-36.4A,21.9 deg.C,0.0 deg.C,1Ah,Discharge
2026-06-06 23:20:46,48.9V,0.0A,0.0A,43.4A,-41.6A,21.9 deg.C,0.0 deg.C,8Ah,Discharge
2026-06-06 23:10:46,49.1V,0.0A,0.0A,34.0A,-35.2A,21.9 deg.C,0.0 deg.C,14Ah,Discharge
2026-06-06 23:00:46,49.3V,0.0A,0.0A,36.3A,-37.3A,21.9 deg.C,0.0 deg.C,20Ah,Discharge
2026-06-06 22:50:46,49.4V,0.0A,0.0A,46.0A,-44.1A,21.9 deg.C,0.0 deg.C,27Ah,Discharge
2026-06-06 22:40:46,49.6V,0.0A,0.0A,35.0A,-36.0A,21.9 deg.C,0.0 deg.C,33Ah,Discharge
2026-06-06 22:30:46,49.7V,0.0A,0.0A,39.1A,-36.2A,21.9 deg.C,0.0 deg.C,39Ah,Discharge
2026-06-06 22:20:46,49.8V,0.0A,0.0A,40.8A,-39.5A,21.9 deg.C,0.0 deg.C,46Ah,Discharge
2026-06-06 22:10:46,50.0V,0.0A,0.0A,37.3A,-37.1A,21.9 deg.C,0.0 deg.C,52Ah,Discharge
2026-06-06 22:00:46,50.2V,0.0A,0.0A,34.1A,-34.7A,22.0 deg.C,0.0 deg.C,58Ah,Discharge
2026-06-06 21:50:46,50.3V,0.0A,0.0A,39.0A,-39.0A,22.0 deg.C,0.0 deg.C,64Ah,Discharge
2026-06-06 21:40:46,50.5V,0.0A,0.0A,34.7A,-37.8A,22.1 deg.C,0.0 deg.C,70Ah,Discharge
2026-06-06 21:30:46,50.5V,0.0A,0.0A,38.0A,-38.0A,22.1 deg.C,0.0 deg.C,76Ah,Discharge
2026-06-06 21:20:46,50.6V,0.0A,0.0A,41.2A,-39.0A,22.1 deg.C,0.0 deg.C,83Ah,Discharge
2026-06-06 21:10:46,50.8V,0.0A,0.0A,34.5A,-35.2A,22.2 deg.C,0.0 deg.C,89Ah,Discharge
2026-06-06 21:00:46,51.0V,0.0A,0.0A,34.1A,-34.3A,22.2 deg.C,0.0 deg.C,95Ah,Discharge
2026-06-06 20:50:46,51.1V,0.0A,0.0A,41.3A,-37.5A,22.2 deg.C,0.0 deg.C,102Ah,Discharge
2026-06-06 20:40:46,51.3V,0.0A,0.0A,34.3A,-35.1A,22.3 deg.C,0.0 deg.C,108Ah,Discharge
2026-06-06 20:30:46,51.4V,0.0A,0.0A,35.2A,-36.3A,22.3 deg.C,0.0 deg.C,114Ah,Discharge
2026-06-06 20:20:46,51.5V,0.0A,0.0A,39.6A,-40.0A,22.4 deg.C,0.0 deg.C,120Ah,Discharge
2026-06-06 20:10:46,51.8V,0.0A,0.0A,32.0A,-33.1A,22.4 deg.C,0.0 deg.C,126Ah,Discharge
2026-06-06 20:00:46,51.8V,0.0A,0.0A,38.3A,-38.8A,22.4 deg.C,0.0 deg.C,132Ah,Discharge
2026-06-06 19:50:46,52.0V,0.0A,0.0A,35.9A,-32.8A,22.4 deg.C,0.0 deg.C,138Ah,Discharge
2026-06-06 19:40:46,52.2V,0.0A,0.0A,31.6A,-33.2A,22.3 deg.C,0.0 deg.C,143Ah,Discharge
2026-06-06 19:30:46,52.3V,0.0A,0.0A,37.5A,-36.5A,22.2 deg.C,0.0 deg.C,150Ah,Discharge
2026-06-06 19:20:46,52.5V,0.0A,0.0A,28.3A,-28.0A,21.9 deg.C,0.0 deg.C,155Ah,Discharge
2026-06-06 19:10:46,52.6V,0.0A,0.0A,31.0A,-33.9A,21.5 deg.C,0.0 deg.C,160Ah,Discharge
2026-06-06 19:00:46,52.8V,0.0A,0.0A,29.2A,-27.2A,20.7 deg.C,0.0 deg.C,165Ah,Discharge
2026-06-06 18:50:46,53.6V,0.0A,0.0A,0.0A,23.9A,20.3 deg.C,0.0 deg.C,167Ah,Float
2026-06-06 18:40:46,53.5V,0.0A,0.0A,0.0A,26.6A,20.3 deg.C,0.0 deg.C,163Ah,Float
2026-06-06 18:30:46,53.4V,0.0A,0.0A,0.0A,23.5A,20.4 deg.C,0.0 deg.C,159Ah,Float
2026-06-06 18:20:46,53.3V,0.0A,0.0A,0.0A,23.2A,20.4 deg.C,0.0 deg.C,155Ah,Float
2026-06-06 18:10:46,53.2V,0.0A,0.0A,0.0A,21.7A,20.3 deg.C,0.0 deg.C,151Ah,Float
2026-06-06 18:00:46,53.1V,0.0A,0.0A,0.0A,24.0A,20.3 deg.C,0.0 deg.C,147Ah,Float
2026-06-06 17:50:46,53.0V,0.0A,0.0A,0.0A,22.5A,20.3 deg.C,0.0 deg.C,143Ah,Float
2026-06-06 17:40:46,52.9V,0.0A,0.0A,0.0A,21.9A,20.4 deg.C,0.0 deg.C,139Ah,Float
2026-06-06 17:30:46,52.8V,0.0A,0.0A,0.0A,22.4A,20.6 deg.C,0.0 deg.C,135Ah,Float
2026-06-06 17:20:46,52.8V,0.0A,0.0A,0.0A,22.5A,20.7 deg.C,0.0 deg.C,131Ah,Float
2026-06-06 17:10:46,52.6V,0.0A,0.0A,0.0A,21.2A,20.8 deg.C,0.0 deg.C,128Ah,Float
2026-06-06 17:00:46,52.6V,0.0A,0.0A,0.0A,21.2A,21.0 deg.C,0.0 deg.C,124Ah,Float
2026-06-06 16:50:46,52.5V,0.0A,0.0A,0.0A,20.7A,21.2 deg.C,0.0 deg.C,121Ah,Float
2026-06-06 16:40:46,52.4V,0.0A,0.0A,0.0A,21.2A,21.3 deg.C,0.0 deg.C,117Ah,Float
2026-06-06 16:30:46,52.3V,0.0A,0.0A,0.0A,19.9A,21.4 deg.C,0.0 deg.C,114Ah,Float
2026-06-06 16:20:46,52.2V,0.0A,0.0A,0.0A,19.7A,21.5 deg.C,0.0 deg.C,110Ah,Float
2026-06-06 16:10:46,52.1V,0.0A,0.0A,0.0A,19.7A,21.5 deg.C,0.0 deg.C,107Ah,Float
2026-06-06 16:00:46,52.0V,0.0A,0.0A,0.0A,18.9A,21.6 deg.C,0.0 deg.C,104Ah,Float
2026-06-06 15:50:46,52.0V,0.0A,0.0A,0.0A,20.0A,21.8 deg.C,0.0 deg.C,101Ah,Float
2026-06-06 15:40:46,51.9V,0.0A,0.0A,0.0A,18.7A,21.9 deg.C,0.0 deg.C,97Ah,Float
2026-06-06 15:30:46,51.8V,0.0A,0.0A,0.0A,17.9A,22.0 deg.C,0.0 deg.C,94Ah,Float
2026-06-06 15:20:46,51.8V,0.0A,0.0A,0.0A,19.5A,22.1 deg.C,0.0 deg.C,91Ah,Float
2026-06-06 15:10:46,51.7V,0.0A,0.0A,0.0A,20.5A,22.2 deg.C,0.0 deg.C,88Ah,Float
2026-06-06 15:00:45,51.7V,0.0A,0.0A,0.0A,20.2A,22.3 deg.C,0.0 deg.C,85Ah,Float
2026-06-06 14:50:45,51.6V,0.0A,0.0A,0.0A,19.7A,22.3 deg.C,0.0 deg.C,81Ah,Float
2026-06-06 14:40:45,51.5V,0.0A,0.0A,0.0A,19.6A,22.3 deg.C,0.0 deg.C,78Ah,Float
2026-06-06 14:30:45,51.5V,0.0A,0.0A,0.0A,18.8A,22.3 deg.C,0.0 deg.C,75Ah,Float
2026-06-06 14:20:45,51.4V,0.0A,0.0A,0.0A,16.9A,22.3 deg.C,0.0 deg.C,72Ah,Float
2026-06-06 14:10:45,51.3V,0.0A,0.0A,0.0A,20.2A,22.2 deg.C,0.0 deg.C,69Ah,Float
2026-06-06 14:00:45,51.3V,0.0A,0.0A,0.0A,17.4A,22.2 deg.C,0.0 deg.C,66Ah,Float
2026-06-06 13:50:45,51.3V,0.0A,0.0A,0.0A,20.1A,22.1 deg.C,0.0 deg.C,62Ah,Float
2026-06-06 13:40:45,51.2V,0.0A,0.0A,0.0A,20.1A,22.1 deg.C,0.0 deg.C,59Ah,Float
2026-06-06 13:30:45,51.2V,0.0A,0.0A,0.0A,25.1A,22.1 deg.C,0.0 deg.C,56Ah,Float
2026-06-06 13:20:45,51.0V,0.0A,0.0A,0.0A,20.3A,22.0 deg.C,0.0 deg.C,52Ah,Float
2026-06-06 13:10:45,51.0V,0.0A,0.0A,0.0A,20.5A,21.9 deg.C,0.0 deg.C,49Ah,Float
2026-06-06 13:00:45,50.9V,0.0A,0.0A,0.0A,20.5A,21.9 deg.C,0.0 deg.C,46Ah,Float
2026-06-06 12:50:45,50.8V,0.0A,0.0A,0.0A,21.1A,21.8 deg.C,0.0 deg.C,42Ah,Float
2026-06-06 12:40:45,50.7V,0.0A,0.0A,0.0A,18.0A,21.7 deg.C,0.0 deg.C,39Ah,Float
2026-06-06 12:30:45,50.5V,0.0A,0.0A,0.0A,17.3A,21.7 deg.C,0.0 deg.C,35Ah,Float
2026-06-06 12:20:45,50.5V,0.0A,0.0A,0.0A,18.4A,21.5 deg.C,0.0 deg.C,32Ah,Float
2026-06-06 12:10:45,50.4V,0.0A,0.0A,0.0A,20.6A,21.2 deg.C,0.0 deg.C,29Ah,Float
2026-06-06 12:00:45,50.3V,0.0A,0.0A,0.0A,21.4A,21.0 deg.C,0.0 deg.C,25Ah,Float
2026-06-06 11:50:45,50.2V,0.0A,0.0A,0.0A,21.5A,20.8 deg.C,0.0 deg.C,22Ah,Float
2026-06-06 11:40:45,50.0V,0.0A,0.0A,0.0A,21.1A,20.7 deg.C,0.0 deg.C,18Ah,Float
2026-06-06 11:30:45,49.9V,0.0A,0.0A,0.0A,22.2A,20.7 deg.C,0.0 deg.C,15Ah,Float
2026-06-06 11:20:45,49.8V,0.0A,0.0A,0.0A,21.5A,20.8 deg.C,0.0 deg.C,11Ah,Float
2026-06-06 11:10:45,49.6V,0.0A,0.0A,0.0A,22.1A,21.0 deg.C,0.0 deg.C,7Ah,Float
2026-06-06 11:00:45,49.4V,0.0A,0.0A,0.0A,23.7A,21.4 deg.C,0.0 deg.C,3Ah,Float
2026-06-06 10:50:45,48.5V,0.0A,0.0A,38.0A,-40.2A,22.1 deg.C,0.0 deg.C,0Ah,Discharge
2026-06-06 10:40:45,48.6V,0.0A,0.0A,39.9A,-38.0A,23.7 deg.C,0.0 deg.C,0Ah,Discharge
2026-06-06 10:30:45,48.9V,0.0A,0.0A,33.7A,-34.4A,23.2 deg.C,0.0 deg.C,4Ah,Discharge
2026-06-06 10:20:45,49.1V,0.0A,0.0A,33.6A,-34.2A,22.7 deg.C,0.0 deg.C,9Ah,Discharge
2026-06-06 10:10:45,49.2V,0.0A,0.0A,32.5A,-34.0A,22.1 deg.C,0.0 deg.C,15Ah,Discharge
2026-06-06 10:00:45,49.3V,0.0A,0.0A,36.5A,-35.5A,21.6 deg.C,0.0 deg.C,21Ah,Discharge
2026-06-06 09:50:45,49.5V,0.0A,0.0A,30.2A,-30.9A,21.0 deg.C,0.0 deg.C,26Ah,Discharge
2026-06-06 09:40:45,49.6V,0.0A,0.0A,36.1A,-36.0A,20.5 deg.C,0.0 deg.C,32Ah,Discharge
2026-06-06 09:30:45,49.8V,0.0A,0.0A,30.9A,-30.8A,20.0 deg.C,0.0 deg.C,38Ah,Discharge
2026-06-06 09:20:45,49.9V,0.0A,0.0A,31.7A,-32.3A,19.5 deg.C,0.0 deg.C,43Ah,Discharge
2026-06-06 09:10:45,50.0V,0.0A,0.0A,32.6A,-33.5A,19.0 deg.C,0.0 deg.C,48Ah,Discharge
2026-06-06 09:00:45,50.2V,0.0A,0.0A,28.6A,-29.4A,18.5 deg.C,0.0 deg.C,54Ah,Discharge
2026-06-06 08:50:45,50.2V,0.0A,0.0A,34.5A,-34.2A,18.0 deg.C,0.0 deg.C,60Ah,Discharge
2026-06-06 08:40:45,50.4V,0.0A,0.0A,33.2A,-33.3A,17.7 deg.C,0.0 deg.C,65Ah,Discharge
2026-06-06 08:30:45,50.5V,0.0A,0.0A,27.9A,-28.9A,17.3 deg.C,0.0 deg.C,70Ah,Discharge
2026-06-06 08:20:45,50.6V,0.0A,0.0A,31.2A,-32.7A,17.1 deg.C,0.0 deg.C,75Ah,Discharge
2026-06-06 08:10:45,50.7V,0.0A,0.0A,27.8A,-28.7A,16.9 deg.C,0.0 deg.C,80Ah,Discharge
2026-06-06 08:00:45,50.8V,0.0A,0.0A,28.0A,-28.3A,16.9 deg.C,0.0 deg.C,85Ah,Discharge
2026-06-06 07:50:45,51.0V,0.0A,0.0A,28.0A,-28.2A,16.9 deg.C,0.0 deg.C,90Ah,Discharge
2026-06-06 07:40:45,51.0V,0.0A,0.0A,26.9A,-28.9A,17.0 deg.C,0.0 deg.C,95Ah,Discharge
2026-06-06 07:30:45,51.2V,0.0A,0.0A,26.3A,-28.3A,17.2 deg.C,0.0 deg.C,100Ah,Discharge
2026-06-06 07:20:45,51.2V,0.0A,0.0A,35.5A,-32.9A,17.4 deg.C,0.0 deg.C,104Ah,Discharge
2026-06-06 07:10:45,51.4V,0.0A,0.0A,30.1A,-30.3A,17.5 deg.C,0.0 deg.C,110Ah,Discharge
2026-06-06 07:00:45,51.5V,0.0A,0.0A,29.7A,-30.1A,17.7 deg.C,0.0 deg.C,115Ah,Discharge
2026-06-06 06:50:45,51.6V,0.0A,0.0A,29.4A,-29.6A,17.9 deg.C,0.0 deg.C,120Ah,Discharge
2026-06-06 06:40:45,51.7V,0.0A,0.0A,29.4A,-29.8A,18.0 deg.C,0.0 deg.C,125Ah,Discharge
2026-06-06 06:30:45,51.9V,0.0A,0.0A,29.3A,-29.8A,18.2 deg.C,0.0 deg.C,130Ah,Discharge
2026-06-06 06:20:45,52.0V,0.0A,0.0A,29.0A,-29.8A,18.5 deg.C,0.0 deg.C,135Ah,Discharge
2026-06-06 06:10:45,52.1V,0.0A,0.0A,28.9A,-29.0A,18.6 deg.C,0.0 deg.C,140Ah,Discharge
2026-06-06 06:00:45,52.2V,0.0A,0.0A,30.5A,-30.2A,18.9 deg.C,0.0 deg.C,145Ah,Discharge
2026-06-06 05:50:45,52.3V,0.0A,0.0A,28.6A,-29.2A,19.0 deg.C,0.0 deg.C,150Ah,Discharge
2026-06-06 05:40:45,52.5V,0.0A,0.0A,28.8A,-29.2A,19.4 deg.C,0.0 deg.C,155Ah,Discharge
2026-06-06 05:30:45,52.6V,0.0A,0.0A,29.4A,-29.0A,19.7 deg.C,0.0 deg.C,159Ah,Discharge
2026-06-06 05:20:45,52.7V,0.0A,0.0A,28.7A,-28.8A,20.0 deg.C,0.0 deg.C,164Ah,Discharge
2026-06-06 05:10:45,52.8V,0.0A,0.0A,28.8A,-28.9A,20.3 deg.C,0.0 deg.C,169Ah,Discharge
2026-06-06 05:00:45,52.9V,0.0A,0.0A,28.8A,-28.9A,20.6 deg.C,0.0 deg.C,174Ah,Discharge
2026-06-06 04:50:45,53.0V,0.0A,0.0A,28.6A,-28.7A,20.9 deg.C,0.0 deg.C,179Ah,Discharge
2026-06-06 04:40:45,53.1V,0.0A,0.0A,28.2A,-28.7A,21.2 deg.C,0.0 deg.C,184Ah,Discharge
2026-06-06 04:30:45,53.2V,0.0A,0.0A,28.6A,-29.0A,21.6 deg.C,0.0 deg.C,188Ah,Discharge
2026-06-06 04:20:45,53.4V,0.0A,0.0A,28.5A,-28.8A,22.3 deg.C,0.0 deg.C,193Ah,Discharge
2026-06-06 04:10:45,53.5V,0.0A,0.0A,28.4A,-28.8A,23.0 deg.C,0.0 deg.C,198Ah,Discharge
2026-06-06 04:00:45,54.4V,0.0A,0.0A,0.0A,27.6A,23.3 deg.C,0.0 deg.C,200Ah,Float
2026-06-06 03:50:45,54.3V,0.0A,0.0A,0.0A,26.3A,23.3 deg.C,0.0 deg.C,196Ah,Float
2026-06-06 03:40:45,54.2V,0.0A,0.0A,0.0A,27.8A,23.2 deg.C,0.0 deg.C,191Ah,Float
2026-06-06 03:30:45,54.1V,0.0A,0.0A,0.0A,27.5A,23.3 deg.C,0.0 deg.C,187Ah,Float
2026-06-06 03:20:45,54.0V,0.0A,0.0A,0.0A,27.1A,23.3 deg.C,0.0 deg.C,182Ah,Float
2026-06-06 03:10:45,53.9V,0.0A,0.0A,0.0A,28.2A,23.3 deg.C,0.0 deg.C,177Ah,Float
2026-06-06 03:00:45,53.8V,0.0A,0.0A,0.0A,27.3A,23.2 deg.C,0.0 deg.C,173Ah,Float
2026-06-06 02:50:45,53.7V,0.0A,0.0A,0.0A,27.8A,23.2 deg.C,0.0 deg.C,168Ah,Float
2026-06-06 02:40:45,53.6V,0.0A,0.0A,0.0A,28.0A,23.2 deg.C,0.0 deg.C,164Ah,Float
2026-06-06 02:30:45,53.5V,0.0A,0.0A,0.0A,27.8A,23.2 deg.C,0.0 deg.C,159Ah,Float
2026-06-06 02:20:45,53.4V,0.0A,0.0A,0.0A,28.1A,23.1 deg.C,0.0 deg.C,154Ah,Float
2026-06-06 02:10:45,53.2V,0.0A,0.0A,0.0A,28.1A,23.1 deg.C,0.0 deg.C,149Ah,Float
2026-06-06 02:00:45,53.1V,0.0A,0.0A,0.0A,28.0A,23.1 deg.C,0.0 deg.C,145Ah,Float
2026-06-06 01:50:45,53.0V,0.0A,0.0A,0.0A,27.1A,23.1 deg.C,0.0 deg.C,140Ah,Float
2026-06-06 01:40:45,52.9V,0.0A,0.0A,0.0A,27.2A,23.1 deg.C,0.0 deg.C,136Ah,Float
2026-06-06 01:30:45,52.8V,0.0A,0.0A,0.0A,26.5A,23.0 deg.C,0.0 deg.C,132Ah,Float
2026-06-06 01:20:45,52.7V,0.0A,0.0A,0.0A,27.7A,23.0 deg.C,0.0 deg.C,127Ah,Float
2026-06-06 01:10:45,52.6V,0.0A,0.0A,0.0A,27.4A,23.0 deg.C,0.0 deg.C,122Ah,Float
2026-06-06 01:00:45,52.5V,0.0A,0.0A,0.0A,26.7A,22.9 deg.C,0.0 deg.C,118Ah,Float
2026-06-06 00:50:45,52.4V,0.0A,0.0A,0.0A,26.9A,22.8 deg.C,0.0 deg.C,114Ah,Float
2026-06-06 00:40:45,52.3V,0.0A,0.0A,0.0A,27.1A,22.8 deg.C,0.0 deg.C,109Ah,Float
2026-06-06 00:30:45,52.1V,0.0A,0.0A,0.0A,25.7A,22.7 deg.C,0.0 deg.C,105Ah,Float
2026-06-06 00:20:45,52.1V,0.0A,0.0A,0.0A,25.1A,22.6 deg.C,0.0 deg.C,101Ah,Float
2026-06-06 00:10:45,52.0V,0.0A,0.0A,0.0A,25.5A,22.4 deg.C,0.0 deg.C,97Ah,Float
2026-06-06 00:00:45,51.9V,0.0A,0.0A,0.0A,22.5A,22.3 deg.C,0.0 deg.C,93Ah,Float
2026-06-05 23:50:45,51.8V,0.0A,0.0A,0.0A,25.0A,22.0 deg.C,0.0 deg.C,89Ah,Float
2026-06-05 23:40:45,51.7V,0.0A,0.0A,0.0A,24.1A,21.7 deg.C,0.0 deg.C,85Ah,Float
2026-06-05 23:30:45,51.6V,0.0A,0.0A,0.0A,20.6A,21.4 deg.C,0.0 deg.C,81Ah,Float
2026-06-05 23:20:45,51.6V,0.0A,0.0A,0.0A,25.0A,20.9 deg.C,0.0 deg.C,77Ah,Float
2026-06-05 23:10:45,51.5V,0.0A,0.0A,0.0A,25.2A,20.1 deg.C,0.0 deg.C,73Ah,Float
2026-06-05 23:00:45,51.5V,0.0A,0.0A,0.0A,25.5A,19.1 deg.C,0.0 deg.C,69Ah,Float
2026-06-05 22:50:45,51.4V,0.0A,0.0A,0.0A,23.7A,19.3 deg.C,0.0 deg.C,65Ah,Float
2026-06-05 22:40:45,51.3V,0.0A,0.0A,0.0A,25.0A,19.8 deg.C,0.0 deg.C,61Ah,Float
2026-06-05 22:30:45,51.2V,0.0A,0.0A,0.0A,18.6A,21.2 deg.C,0.0 deg.C,58Ah,Float
2026-06-05 22:20:45,51.1V,0.0A,0.0A,0.0A,21.7A,22.1 deg.C,0.0 deg.C,54Ah,Float
2026-06-05 22:10:45,51.1V,0.0A,0.0A,0.0A,25.6A,21.7 deg.C,0.0 deg.C,50Ah,Float
2026-06-05 22:00:45,51.0V,0.0A,0.0A,0.0A,24.1A,21.1 deg.C,0.0 deg.C,46Ah,Float
2026-06-05 21:50:45,50.8V,0.0A,0.0A,0.0A,19.3A,20.2 deg.C,0.0 deg.C,42Ah,Float
2026-06-05 21:40:45,50.8V,0.0A,0.0A,0.0A,24.0A,19.1 deg.C,0.0 deg.C,39Ah,Float
2026-06-05 21:30:45,50.6V,0.0A,0.0A,0.0A,24.5A,19.3 deg.C,0.0 deg.C,35Ah,Float
2026-06-05 21:20:45,50.5V,0.0A,0.0A,0.0A,22.8A,19.4 deg.C,0.0 deg.C,31Ah,Float
2026-06-05 21:10:45,50.4V,0.0A,0.0A,0.0A,19.1A,19.6 deg.C,0.0 deg.C,27Ah,Float
2026-06-05 21:00:45,50.3V,0.0A,0.0A,0.0A,25.0A,19.8 deg.C,0.0 deg.C,23Ah,Float
2026-06-05 20:50:45,50.1V,0.0A,0.0A,0.0A,21.1A,20.0 deg.C,0.0 deg.C,19Ah,Float
2026-06-05 20:40:45,50.0V,0.0A,0.0A,0.0A,24.3A,20.3 deg.C,0.0 deg.C,15Ah,Float
2026-06-05 20:30:45,49.8V,0.0A,0.0A,0.0A,19.5A,21.1 deg.C,0.0 deg.C,11Ah,Float
2026-06-05 20:20:45,49.6V,0.0A,0.0A,0.0A,18.4A,22.8 deg.C,0.0 deg.C,8Ah,Float
2026-06-05 20:10:45,49.5V,0.0A,0.0A,0.0A,26.2A,22.7 deg.C,0.0 deg.C,4Ah,Float
2026-06-05 20:00:45,49.2V,0.0A,0.0A,0.0A,25.2A,22.4 deg.C,0.0 deg.C,0Ah,Float
2026-06-05 19:50:45,48.7V,0.0A,0.0A,34.9A,-36.1A,22.5 deg.C,0.0 deg.C,2Ah,Discharge
2026-06-05 19:40:45,48.9V,0.0A,0.0A,35.1A,-33.8A,22.6 deg.C,0.0 deg.C,8Ah,Discharge
2026-06-05 19:30:45,49.1V,0.0A,0.0A,33.7A,-34.7A,22.7 deg.C,0.0 deg.C,13Ah,Discharge
2026-06-05 19:20:45,49.3V,0.0A,0.0A,37.5A,-35.2A,22.7 deg.C,0.0 deg.C,19Ah,Discharge
2026-06-05 19:10:45,49.4V,0.0A,0.0A,29.5A,-30.9A,22.8 deg.C,0.0 deg.C,25Ah,Discharge
2026-06-05 19:00:45,49.5V,0.0A,0.0A,34.6A,-35.2A,22.8 deg.C,0.0 deg.C,30Ah,Discharge
2026-06-05 18:50:45,49.7V,0.0A,0.0A,29.7A,-29.9A,22.8 deg.C,0.0 deg.C,36Ah,Discharge
2026-06-05 18:40:45,49.7V,0.0A,0.0A,35.2A,-36.5A,22.7 deg.C,0.0 deg.C,41Ah,Discharge
2026-06-05 18:30:45,49.9V,0.0A,0.0A,32.2A,-32.7A,22.6 deg.C,0.0 deg.C,47Ah,Discharge
2026-06-05 18:20:45,50.0V,0.0A,0.0A,34.3A,-35.3A,22.5 deg.C,0.0 deg.C,51Ah,Discharge
2026-06-05 18:10:44,50.1V,0.0A,0.0A,32.9A,-33.1A,22.3 deg.C,0.0 deg.C,57Ah,Discharge
2026-06-05 18:00:44,50.3V,0.0A,0.0A,36.7A,-30.2A,21.9 deg.C,0.0 deg.C,62Ah,Discharge
2026-06-05 17:50:44,50.4V,0.0A,0.0A,32.4A,-32.8A,21.4 deg.C,0.0 deg.C,68Ah,Discharge
2026-06-05 17:40:44,50.5V,0.0A,0.0A,29.0A,-29.5A,20.8 deg.C,0.0 deg.C,73Ah,Discharge
2026-06-05 17:30:44,50.6V,0.0A,0.0A,35.6A,-36.0A,20.7 deg.C,0.0 deg.C,79Ah,Discharge
2026-06-05 17:20:44,50.7V,0.0A,0.0A,36.3A,-36.3A,20.9 deg.C,0.0 deg.C,84Ah,Discharge
2026-06-05 17:10:44,50.8V,0.0A,0.0A,36.3A,-33.9A,21.1 deg.C,0.0 deg.C,90Ah,Discharge
2026-06-05 17:00:44,51.0V,0.0A,0.0A,31.2A,-32.5A,21.2 deg.C,0.0 deg.C,96Ah,Discharge
2026-06-05 16:50:44,51.1V,0.0A,0.0A,32.9A,-34.7A,21.4 deg.C,0.0 deg.C,102Ah,Discharge
2026-06-05 16:40:44,51.2V,0.0A,0.0A,35.3A,-35.4A,21.4 deg.C,0.0 deg.C,108Ah,Discharge
2026-06-05 16:30:44,51.3V,0.0A,0.0A,35.8A,-34.4A,21.5 deg.C,0.0 deg.C,113Ah,Discharge
2026-06-05 16:20:44,51.5V,0.0A,0.0A,34.2A,-34.2A,21.5 deg.C,0.0 deg.C,119Ah,Discharge
2026-06-05 16:10:44,51.6V,0.0A,0.0A,33.7A,-35.2A,21.5 deg.C,0.0 deg.C,124Ah,Discharge
2026-06-05 16:00:44,51.8V,0.0A,0.0A,33.8A,-34.2A,21.4 deg.C,0.0 deg.C,130Ah,Discharge
2026-06-05 15:50:44,51.9V,0.0A,0.0A,34.9A,-34.7A,21.3 deg.C,0.0 deg.C,136Ah,Discharge
2026-06-05 15:40:44,52.0V,0.0A,0.0A,36.8A,-37.1A,21.2 deg.C,0.0 deg.C,142Ah,Discharge
2026-06-05 15:30:44,52.2V,0.0A,0.0A,34.5A,-35.1A,21.2 deg.C,0.0 deg.C,148Ah,Discharge
2026-06-05 15:20:44,52.3V,0.0A,0.0A,34.7A,-36.0A,21.2 deg.C,0.0 deg.C,154Ah,Discharge
2026-06-05 15:10:44,52.4V,0.0A,0.0A,38.7A,-37.5A,21.2 deg.C,0.0 deg.C,160Ah,Discharge
2026-06-05 15:00:44,52.6V,0.0A,0.0A,37.8A,-36.3A,21.2 deg.C,0.0 deg.C,167Ah,Discharge
2026-06-05 14:50:44,52.7V,0.0A,0.0A,40.1A,-37.9A,21.3 deg.C,0.0 deg.C,173Ah,Discharge
2026-06-05 14:40:44,52.9V,0.0A,0.0A,38.5A,-37.3A,21.4 deg.C,0.0 deg.C,179Ah,Discharge
2026-06-05 14:30:44,53.0V,0.0A,0.0A,35.5A,-36.8A,21.6 deg.C,0.0 deg.C,185Ah,Discharge
2026-06-05 14:20:44,53.2V,0.0A,0.0A,37.3A,-37.5A,21.9 deg.C,0.0 deg.C,191Ah,Discharge
2026-06-05 14:10:44,53.6V,0.0A,0.0A,37.1A,-33.6A,22.2 deg.C,0.0 deg.C,198Ah,Discharge
2026-06-05 14:00:44,54.1V,0.0A,0.0A,0.0A,18.9A,22.2 deg.C,0.0 deg.C,194Ah,Float
2026-06-05 13:50:44,54.0V,0.0A,0.0A,0.0A,18.0A,22.2 deg.C,0.0 deg.C,191Ah,Float
2026-06-05 13:40:44,54.0V,0.0A,0.0A,0.0A,19.5A,22.2 deg.C,0.0 deg.C,188Ah,Float
2026-06-05 13:30:44,53.9V,0.0A,0.0A,0.0A,19.9A,22.2 deg.C,0.0 deg.C,185Ah,Float
2026-06-05 13:20:44,53.8V,0.0A,0.0A,0.0A,18.7A,22.2 deg.C,0.0 deg.C,182Ah,Float
2026-06-05 13:10:44,53.8V,0.0A,0.0A,0.0A,19.7A,22.1 deg.C,0.0 deg.C,179Ah,Float
2026-06-05 13:00:44,53.7V,0.0A,0.0A,0.0A,19.7A,22.0 deg.C,0.0 deg.C,175Ah,Float
2026-06-05 12:50:44,53.6V,0.0A,0.0A,0.0A,17.7A,21.9 deg.C,0.0 deg.C,172Ah,Float
2026-06-05 12:40:44,53.5V,0.0A,0.0A,0.0A,18.4A,21.7 deg.C,0.0 deg.C,169Ah,Float
2026-06-05 12:30:44,53.5V,0.0A,0.0A,0.0A,19.0A,21.6 deg.C,0.0 deg.C,166Ah,Float
2026-06-05 12:20:44,53.4V,0.0A,0.0A,0.0A,19.5A,21.5 deg.C,0.0 deg.C,163Ah,Float
2026-06-05 12:10:44,53.3V,0.0A,0.0A,0.0A,20.0A,21.4 deg.C,0.0 deg.C,159Ah,Float
2026-06-05 12:00:44,53.2V,0.0A,0.0A,0.0A,20.1A,21.2 deg.C,0.0 deg.C,156Ah,Float
2026-06-05 11:50:44,53.2V,0.0A,0.0A,0.0A,20.6A,21.1 deg.C,0.0 deg.C,152Ah,Float
2026-06-05 11:40:44,53.1V,0.0A,0.0A,0.0A,21.4A,20.9 deg.C,0.0 deg.C,149Ah,Float
2026-06-05 11:30:44,53.0V,0.0A,0.0A,0.0A,22.1A,20.9 deg.C,0.0 deg.C,146Ah,Float
2026-06-05 11:20:44,52.9V,0.0A,0.0A,0.0A,22.6A,21.0 deg.C,0.0 deg.C,142Ah,Float
2026-06-05 11:10:44,52.8V,0.0A,0.0A,0.0A,22.5A,20.9 deg.C,0.0 deg.C,138Ah,Float
2026-06-05 11:00:44,52.8V,0.0A,0.0A,0.0A,23.3A,20.8 deg.C,0.0 deg.C,134Ah,Float
2026-06-05 10:50:44,52.6V,0.0A,0.0A,0.0A,21.7A,20.8 deg.C,0.0 deg.C,130Ah,Float
2026-06-05 10:40:44,52.6V,0.0A,0.0A,0.0A,22.9A,20.6 deg.C,0.0 deg.C,126Ah,Float
2026-06-05 10:30:44,52.5V,0.0A,0.0A,0.0A,23.4A,20.5 deg.C,0.0 deg.C,122Ah,Float
2026-06-05 10:20:44,52.4V,0.0A,0.0A,0.0A,22.9A,20.4 deg.C,0.0 deg.C,118Ah,Float
2026-06-05 10:10:44,52.3V,0.0A,0.0A,0.0A,27.2A,20.2 deg.C,0.0 deg.C,114Ah,Float
2026-06-05 10:00:44,52.2V,0.0A,0.0A,0.0A,23.1A,20.1 deg.C,0.0 deg.C,110Ah,Float
2026-06-05 09:50:44,52.1V,0.0A,0.0A,0.0A,25.5A,19.9 deg.C,0.0 deg.C,106Ah,Float
2026-06-05 09:40:44,52.0V,0.0A,0.0A,0.0A,25.4A,19.7 deg.C,0.0 deg.C,102Ah,Float
2026-06-05 09:30:44,51.9V,0.0A,0.0A,0.0A,25.7A,19.8 deg.C,0.0 deg.C,98Ah,Float
2026-06-05 09:20:44,51.8V,0.0A,0.0A,0.0A,24.5A,20.1 deg.C,0.0 deg.C,93Ah,Float
2026-06-05 09:10:44,51.8V,0.0A,0.0A,0.0A,25.9A,21.2 deg.C,0.0 deg.C,89Ah,Float
2026-06-05 09:00:44,51.8V,0.0A,0.0A,0.0A,30.3A,21.6 deg.C,0.0 deg.C,84Ah,Float
2026-06-05 08:50:44,51.6V,0.0A,0.0A,0.0A,26.9A,21.0 deg.C,0.0 deg.C,80Ah,Float
2026-06-05 08:40:44,51.5V,0.0A,0.0A,0.0A,26.3A,20.5 deg.C,0.0 deg.C,75Ah,Float
2026-06-05 08:30:44,51.5V,0.0A,0.0A,0.0A,30.6A,20.0 deg.C,0.0 deg.C,70Ah,Float
2026-06-05 08:20:44,51.4V,0.0A,0.0A,0.0A,28.1A,19.7 deg.C,0.0 deg.C,66Ah,Float
2026-06-05 08:10:44,51.3V,0.0A,0.0A,0.0A,31.0A,19.4 deg.C,0.0 deg.C,60Ah,Float
2026-06-05 08:00:44,51.2V,0.0A,0.0A,0.0A,31.8A,19.2 deg.C,0.0 deg.C,55Ah,Float
2026-06-05 07:50:44,51.1V,0.0A,0.0A,0.0A,30.8A,19.1 deg.C,0.0 deg.C,51Ah,Float
2026-06-05 07:40:44,51.0V,0.0A,0.0A,0.0A,31.2A,19.1 deg.C,0.0 deg.C,45Ah,Float
2026-06-05 07:30:44,50.8V,0.0A,0.0A,0.0A,31.0A,19.0 deg.C,0.0 deg.C,40Ah,Float
2026-06-05 07:20:44,50.7V,0.0A,0.0A,0.0A,29.4A,19.0 deg.C,0.0 deg.C,35Ah,Float
2026-06-05 07:10:44,50.5V,0.0A,0.0A,0.0A,29.7A,18.9 deg.C,0.0 deg.C,30Ah,Float
2026-06-05 07:00:44,50.4V,0.0A,0.0A,0.0A,29.2A,18.7 deg.C,0.0 deg.C,25Ah,Float
2026-06-05 06:50:44,50.2V,0.0A,0.0A,0.0A,28.8A,18.5 deg.C,0.0 deg.C,21Ah,Float
2026-06-05 06:40:44,50.0V,0.0A,0.0A,0.0A,28.4A,18.2 deg.C,0.0 deg.C,16Ah,Float
2026-06-05 06:30:44,49.8V,0.0A,0.0A,0.0A,29.8A,17.9 deg.C,0.0 deg.C,11Ah,Float
2026-06-05 06:20:44,49.6V,0.0A,0.0A,0.0A,27.6A,17.5 deg.C,0.0 deg.C,6Ah,Float
2026-06-05 06:10:44,49.3V,0.0A,0.0A,0.0A,30.1A,17.0 deg.C,0.0 deg.C,1Ah,Float
2026-06-05 06:00:44,48.6V,0.0A,0.0A,31.0A,-31.3A,16.9 deg.C,0.0 deg.C,0Ah,Discharge
2026-06-05 05:50:44,48.8V,0.0A,0.0A,30.9A,-31.4A,17.0 deg.C,0.0 deg.C,0Ah,Discharge
2026-06-05 05:40:44,49.0V,0.0A,0.0A,31.3A,-31.3A,17.1 deg.C,0.0 deg.C,6Ah,Discharge
2026-06-05 05:30:44,49.1V,0.0A,0.0A,31.0A,-31.2A,17.1 deg.C,0.0 deg.C,11Ah,Discharge
2026-06-05 05:20:44,49.3V,0.0A,0.0A,31.3A,-31.0A,17.2 deg.C,0.0 deg.C,16Ah,Discharge
2026-06-05 05:10:44,49.4V,0.0A,0.0A,30.6A,-30.7A,17.2 deg.C,0.0 deg.C,21Ah,Discharge
2026-06-05 05:00:44,49.5V,0.0A,0.0A,30.9A,-30.7A,17.2 deg.C,0.0 deg.C,26Ah,Discharge
2026-06-05 04:50:44,49.6V,0.0A,0.0A,31.2A,-30.7A,17.3 deg.C,0.0 deg.C,31Ah,Discharge
2026-06-05 04:40:44,49.7V,0.0A,0.0A,31.1A,-30.9A,17.3 deg.C,0.0 deg.C,37Ah,Discharge
2026-06-05 04:30:43,49.8V,0.0A,0.0A,31.5A,-31.6A,17.4 deg.C,0.0 deg.C,42Ah,Discharge
2026-06-05 04:20:43,50.0V,0.0A,0.0A,30.2A,-30.9A,17.4 deg.C,0.0 deg.C,47Ah,Discharge
2026-06-05 04:10:43,50.1V,0.0A,0.0A,33.0A,-31.5A,17.5 deg.C,0.0 deg.C,52Ah,Discharge
2026-06-05 04:00:43,50.2V,0.0A,0.0A,30.4A,-31.8A,17.6 deg.C,0.0 deg.C,57Ah,Discharge
2026-06-05 03:50:43,50.3V,0.0A,0.0A,30.1A,-30.3A,17.7 deg.C,0.0 deg.C,62Ah,Discharge
2026-06-05 03:40:43,50.5V,0.0A,0.0A,29.8A,-30.4A,17.8 deg.C,0.0 deg.C,67Ah,Discharge
2026-06-05 03:30:43,50.5V,0.0A,0.0A,29.9A,-30.4A,17.9 deg.C,0.0 deg.C,73Ah,Discharge
2026-06-05 03:20:43,50.7V,0.0A,0.0A,30.3A,-30.3A,18.1 deg.C,0.0 deg.C,78Ah,Discharge
2026-06-05 03:10:43,50.8V,0.0A,0.0A,30.1A,-30.1A,18.2 deg.C,0.0 deg.C,83Ah,Discharge
2026-06-05 03:00:43,50.9V,0.0A,0.0A,29.9A,-30.5A,18.4 deg.C,0.0 deg.C,88Ah,Discharge
2026-06-05 02:50:43,51.0V,0.0A,0.0A,30.5A,-30.2A,18.6 deg.C,0.0 deg.C,93Ah,Discharge
2026-06-05 02:40:43,51.1V,0.0A,0.0A,29.7A,-30.7A,18.8 deg.C,0.0 deg.C,98Ah,Discharge
2026-06-05 02:30:43,51.2V,0.0A,0.0A,30.1A,-30.9A,18.9 deg.C,0.0 deg.C,103Ah,Discharge
2026-06-05 02:20:43,51.3V,0.0A,0.0A,30.2A,-30.3A,19.1 deg.C,0.0 deg.C,109Ah,Discharge
2026-06-05 02:10:43,51.4V,0.0A,0.0A,29.8A,-30.1A,19.3 deg.C,0.0 deg.C,114Ah,Discharge
2026-06-05 02:00:43,51.6V,0.0A,0.0A,29.8A,-30.8A,19.5 deg.C,0.0 deg.C,119Ah,Discharge
2026-06-05 01:50:43,51.7V,0.0A,0.0A,30.2A,-30.7A,19.6 deg.C,0.0 deg.C,124Ah,Discharge
2026-06-05 01:40:43,51.8V,0.0A,0.0A,31.3A,-30.7A,19.8 deg.C,0.0 deg.C,129Ah,Discharge
2026-06-05 01:30:43,51.9V,0.0A,0.0A,30.7A,-31.2A,20.0 deg.C,0.0 deg.C,134Ah,Discharge
2026-06-05 01:20:43,52.1V,0.0A,0.0A,30.4A,-30.1A,20.2 deg.C,0.0 deg.C,139Ah,Discharge
2026-06-05 01:10:43,52.2V,0.0A,0.0A,29.6A,-30.5A,20.4 deg.C,0.0 deg.C,145Ah,Discharge
2026-06-05 01:00:43,52.3V,0.0A,0.0A,31.3A,-31.8A,20.6 deg.C,0.0 deg.C,150Ah,Discharge
2026-06-05 00:50:43,52.4V,0.0A,0.0A,29.8A,-31.1A,20.9 deg.C,0.0 deg.C,155Ah,Discharge
2026-06-05 00:40:43,52.6V,0.0A,0.0A,32.5A,-31.5A,21.2 deg.C,0.0 deg.C,161Ah,Discharge
2026-06-05 00:30:43,52.7V,0.0A,0.0A,33.4A,-32.6A,21.4 deg.C,0.0 deg.C,166Ah,Discharge
2026-06-05 00:20:43,52.8V,0.0A,0.0A,38.2A,-36.9A,21.7 deg.C,0.0 deg.C,172Ah,Discharge
2026-06-05 00:10:43,53.0V,0.0A,0.0A,36.3A,-33.4A,21.9 deg.C,0.0 deg.C,178Ah,Discharge
2026-06-05 00:00:43,53.2V,0.0A,0.0A,37.6A,-34.9A,22.0 deg.C,0.0 deg.C,183Ah,Discharge
2026-06-04 23:50:43,53.9V,0.0A,0.0A,0.0A,22.8A,21.4 deg.C,0.0 deg.C,182Ah,Float
2026-06-04 23:40:43,53.8V,0.0A,0.0A,0.0A,21.7A,20.5 deg.C,0.0 deg.C,179Ah,Float
2026-06-04 23:30:43,53.8V,0.0A,0.0A,0.0A,23.4A,19.4 deg.C,0.0 deg.C,175Ah,Float
2026-06-04 23:20:43,53.6V,0.0A,0.0A,0.0A,19.1A,19.8 deg.C,0.0 deg.C,171Ah,Float
2026-06-04 23:10:43,53.6V,0.0A,0.0A,0.0A,23.0A,20.5 deg.C,0.0 deg.C,168Ah,Float
2026-06-04 23:00:43,53.5V,0.0A,0.0A,0.0A,22.6A,22.3 deg.C,0.0 deg.C,165Ah,Float
2026-06-04 22:50:43,53.4V,0.0A,0.0A,0.0A,22.3A,22.6 deg.C,0.0 deg.C,161Ah,Float
2026-06-04 22:40:43,53.4V,0.0A,0.0A,0.0A,24.8A,22.2 deg.C,0.0 deg.C,157Ah,Float
2026-06-04 22:30:43,53.2V,0.0A,0.0A,0.0A,18.6A,21.6 deg.C,0.0 deg.C,153Ah,Float
2026-06-04 22:20:43,53.2V,0.0A,0.0A,0.0A,24.1A,20.8 deg.C,0.0 deg.C,150Ah,Float
2026-06-04 22:10:43,53.1V,0.0A,0.0A,0.0A,24.8A,19.7 deg.C,0.0 deg.C,146Ah,Float
2026-06-04 22:00:43,53.0V,0.0A,0.0A,0.0A,23.4A,19.4 deg.C,0.0 deg.C,142Ah,Float
2026-06-04 21:50:43,52.8V,0.0A,0.0A,0.0A,17.5A,19.5 deg.C,0.0 deg.C,139Ah,Float
2026-06-04 21:40:43,52.8V,0.0A,0.0A,0.0A,23.5A,19.6 deg.C,0.0 deg.C,135Ah,Float
2026-06-04 21:30:43,52.7V,0.0A,0.0A,0.0A,23.5A,19.6 deg.C,0.0 deg.C,132Ah,Float
2026-06-04 21:20:43,52.7V,0.0A,0.0A,0.0A,23.9A,19.7 deg.C,0.0 deg.C,128Ah,Float
2026-06-04 21:10:43,52.5V,0.0A,0.0A,0.0A,22.0A,19.8 deg.C,0.0 deg.C,125Ah,Float
2026-06-04 21:00:43,52.5V,0.0A,0.0A,0.0A,23.7A,19.8 deg.C,0.0 deg.C,121Ah,Float
2026-06-04 20:50:43,52.4V,0.0A,0.0A,0.0A,22.4A,19.9 deg.C,0.0 deg.C,117Ah,Float
2026-06-04 20:40:43,52.3V,0.0A,0.0A,0.0A,19.8A,20.0 deg.C,0.0 deg.C,113Ah,Float
2026-06-04 20:30:43,52.2V,0.0A,0.0A,0.0A,24.0A,20.0 deg.C,0.0 deg.C,110Ah,Float
2026-06-04 20:20:43,52.1V,0.0A,0.0A,0.0A,23.1A,20.1 deg.C,0.0 deg.C,106Ah,Float
2026-06-04 20:10:43,52.0V,0.0A,0.0A,0.0A,19.3A,20.1 deg.C,0.0 deg.C,103Ah,Float
2026-06-04 20:00:43,52.0V,0.0A,0.0A,0.0A,25.1A,20.1 deg.C,0.0 deg.C,98Ah,Float
2026-06-04 19:50:43,51.9V,0.0A,0.0A,0.0A,24.4A,20.1 deg.C,0.0 deg.C,94Ah,Float
2026-06-04 19:40:43,51.8V,0.0A,0.0A,0.0A,21.0A,20.2 deg.C,0.0 deg.C,91Ah,Float
2026-06-04 19:30:43,51.8V,0.0A,0.0A,0.0A,24.4A,20.3 deg.C,0.0 deg.C,87Ah,Float
2026-06-04 19:20:43,51.6V,0.0A,0.0A,0.0A,19.9A,20.4 deg.C,0.0 deg.C,83Ah,Float
2026-06-04 19:10:43,51.7V,0.0A,0.0A,0.0A,29.0A,20.4 deg.C,0.0 deg.C,79Ah,Float
2026-06-04 19:00:43,51.5V,0.0A,0.0A,0.0A,26.2A,20.3 deg.C,0.0 deg.C,74Ah,Float
2026-06-04 18:50:43,51.5V,0.0A,0.0A,0.0A,24.0A,20.3 deg.C,0.0 deg.C,70Ah,Float
2026-06-04 18:40:43,51.4V,0.0A,0.0A,0.0A,28.5A,20.3 deg.C,0.0 deg.C,66Ah,Float
2026-06-04 18:30:43,51.3V,0.0A,0.0A,0.0A,24.1A,20.4 deg.C,0.0 deg.C,62Ah,Float
2026-06-04 18:20:43,51.2V,0.0A,0.0A,0.0A,27.3A,20.5 deg.C,0.0 deg.C,57Ah,Float
2026-06-04 18:10:43,51.1V,0.0A,0.0A,0.0A,24.2A,20.6 deg.C,0.0 deg.C,53Ah,Float
2026-06-04 18:00:43,51.0V,0.0A,0.0A,0.0A,26.7A,20.6 deg.C,0.0 deg.C,49Ah,Float
2026-06-04 17:50:43,50.9V,0.0A,0.0A,0.0A,24.8A,20.7 deg.C,0.0 deg.C,45Ah,Float
2026-06-04 17:40:43,50.8V,0.0A,0.0A,0.0A,29.0A,20.7 deg.C,0.0 deg.C,41Ah,Float
2026-06-04 17:30:43,50.7V,0.0A,0.0A,0.0A,24.2A,20.9 deg.C,0.0 deg.C,37Ah,Float
2026-06-04 17:20:43,50.6V,0.0A,0.0A,0.0A,28.2A,21.0 deg.C,0.0 deg.C,33Ah,Float
2026-06-04 17:10:43,50.4V,0.0A,0.0A,0.0A,23.0A,21.1 deg.C,0.0 deg.C,28Ah,Float
2026-06-04 17:00:43,50.4V,0.0A,0.0A,0.0A,26.8A,21.2 deg.C,0.0 deg.C,24Ah,Float
2026-06-04 16:50:43,50.1V,0.0A,0.0A,0.0A,22.9A,21.4 deg.C,0.0 deg.C,20Ah,Float
2026-06-04 16:40:43,50.0V,0.0A,0.0A,0.0A,23.8A,21.5 deg.C,0.0 deg.C,16Ah,Float
2026-06-04 16:30:43,49.8V,0.0A,0.0A,0.0A,22.1A,21.7 deg.C,0.0 deg.C,12Ah,Float
2026-06-04 16:20:43,49.7V,0.0A,0.0A,0.0A,23.0A,21.9 deg.C,0.0 deg.C,9Ah,Float
2026-06-04 16:10:43,49.5V,0.0A,0.0A,0.0A,22.5A,22.0 deg.C,0.0 deg.C,5Ah,Float
2026-06-04 16:00:43,49.3V,0.0A,0.0A,0.0A,21.6A,22.1 deg.C,0.0 deg.C,2Ah,Float
2026-06-04 15:50:42,48.5V,0.0A,0.0A,40.1A,-39.5A,22.1 deg.C,0.0 deg.C,0Ah,Discharge
2026-06-04 15:40:42,48.8V,0.0A,0.0A,40.3A,-38.9A,22.0 deg.C,0.0 deg.C,3Ah,Discharge
2026-06-04 15:30:42,49.0V,0.0A,0.0A,39.1A,-39.6A,21.9 deg.C,0.0 deg.C,10Ah,Discharge
2026-06-04 15:20:41,49.1V,0.0A,0.0A,40.3A,-38.9A,21.8 deg.C,0.0 deg.C,16Ah,Discharge
2026-06-04 15:10:41,49.3V,0.0A,0.0A,40.3A,-39.6A,21.8 deg.C,0.0 deg.C,23Ah,Discharge
2026-06-04 15:00:41,49.4V,0.0A,0.0A,40.3A,-40.5A,21.7 deg.C,0.0 deg.C,29Ah,Discharge
2026-06-04 14:50:41,49.6V,0.0A,0.0A,38.6A,-40.0A,21.6 deg.C,0.0 deg.C,36Ah,Discharge
2026-06-04 14:40:41,49.7V,0.0A,0.0A,39.7A,-38.8A,21.6 deg.C,0.0 deg.C,43Ah,Discharge
2026-06-04 14:30:41,49.9V,0.0A,0.0A,39.2A,-39.4A,21.6 deg.C,0.0 deg.C,49Ah,Discharge
2026-06-04 14:20:41,50.0V,0.0A,0.0A,37.5A,-38.4A,21.6 deg.C,0.0 deg.C,56Ah,Discharge
2026-06-04 14:10:41,50.2V,0.0A,0.0A,37.3A,-37.7A,21.6 deg.C,0.0 deg.C,62Ah,Discharge
2026-06-04 14:00:41,50.3V,0.0A,0.0A,39.5A,-39.2A,21.6 deg.C,0.0 deg.C,69Ah,Discharge
2026-06-04 13:50:41,50.5V,0.0A,0.0A,37.7A,-38.1A,21.6 deg.C,0.0 deg.C,75Ah,Discharge
2026-06-04 13:40:41,50.6V,0.0A,0.0A,38.3A,-38.1A,21.6 deg.C,0.0 deg.C,82Ah,Discharge
2026-06-04 13:30:41,50.7V,0.0A,0.0A,38.8A,-39.0A,21.7 deg.C,0.0 deg.C,88Ah,Discharge
2026-06-04 13:20:41,50.8V,0.0A,0.0A,44.2A,-43.5A,21.7 deg.C,0.0 deg.C,95Ah,Discharge
2026-06-04 13:10:41,51.1V,0.0A,0.0A,33.3A,-33.6A,21.8 deg.C,0.0 deg.C,101Ah,Discharge
2026-06-04 13:00:41,51.2V,0.0A,0.0A,38.5A,-38.7A,21.9 deg.C,0.0 deg.C,108Ah,Discharge
2026-06-04 12:50:41,51.3V,0.0A,0.0A,38.6A,-39.5A,22.0 deg.C,0.0 deg.C,114Ah,Discharge
2026-06-04 12:40:41,51.5V,0.0A,0.0A,38.3A,-38.1A,22.1 deg.C,0.0 deg.C,121Ah,Discharge
2026-06-04 12:30:41,51.6V,0.0A,0.0A,36.8A,-38.5A,22.1 deg.C,0.0 deg.C,127Ah,Discharge
2026-06-04 12:20:41,51.8V,0.0A,0.0A,37.1A,-37.6A,22.2 deg.C,0.0 deg.C,134Ah,Discharge
2026-06-04 12:10:41,52.0V,0.0A,0.0A,32.8A,-35.7A,22.3 deg.C,0.0 deg.C,140Ah,Discharge
2026-06-04 12:00:41,52.1V,0.0A,0.0A,35.9A,-36.7A,22.2 deg.C,0.0 deg.C,146Ah,Discharge
2026-06-04 11:50:41,52.2V,0.0A,0.0A,40.5A,-40.6A,22.1 deg.C,0.0 deg.C,152Ah,Discharge
2026-06-04 11:40:41,52.4V,0.0A,0.0A,36.9A,-37.3A,22.0 deg.C,0.0 deg.C,158Ah,Discharge
2026-06-04 11:30:41,52.6V,0.0A,0.0A,36.7A,-35.8A,22.0 deg.C,0.0 deg.C,165Ah,Discharge
2026-06-04 11:20:41,52.7V,0.0A,0.0A,36.2A,-36.1A,22.0 deg.C,0.0 deg.C,170Ah,Discharge
2026-06-04 11:10:41,52.9V,0.0A,0.0A,30.0A,-30.0A,22.0 deg.C,0.0 deg.C,176Ah,Discharge
2026-06-04 11:00:41,52.9V,0.0A,0.0A,35.3A,-34.3A,21.9 deg.C,0.0 deg.C,182Ah,Discharge
2026-06-04 10:50:41,53.1V,0.0A,0.0A,33.3A,-33.4A,21.9 deg.C,0.0 deg.C,187Ah,Discharge
2026-06-04 10:40:41,53.2V,0.0A,0.0A,31.2A,-30.7A,21.8 deg.C,0.0 deg.C,193Ah,Discharge
2026-06-04 10:30:41,53.3V,0.0A,0.0A,32.4A,-33.3A,21.8 deg.C,0.0 deg.C,199Ah,Discharge
2026-06-04 10:20:41,53.4V,0.0A,0.0A,36.6A,-34.4A,21.6 deg.C,0.0 deg.C,204Ah,Discharge
2026-06-04 10:10:41,53.6V,0.0A,0.0A,35.5A,-33.2A,21.4 deg.C,0.0 deg.C,210Ah,Discharge
2026-06-04 10:00:41,53.9V,0.0A,0.0A,32.8A,-32.9A,21.2 deg.C,0.0 deg.C,215Ah,Discharge
2026-06-04 09:50:41,54.1V,0.0A,0.0A,31.5A,-32.0A,21.1 deg.C,0.0 deg.C,220Ah,Discharge
2026-06-04 09:40:41,54.9V,0.0A,0.0A,0.0A,24.5A,20.8 deg.C,0.0 deg.C,223Ah,Float
2026-06-04 09:30:41,54.8V,0.0A,0.0A,0.0A,23.0A,20.5 deg.C,0.0 deg.C,219Ah,Float
2026-06-04 09:20:41,54.8V,0.0A,0.0A,0.0A,27.6A,20.3 deg.C,0.0 deg.C,215Ah,Float
2026-06-04 09:10:41,54.6V,0.0A,0.0A,0.0A,24.4A,20.2 deg.C,0.0 deg.C,211Ah,Float
2026-06-04 09:00:41,54.5V,0.0A,0.0A,0.0A,23.3A,20.3 deg.C,0.0 deg.C,207Ah,Float
2026-06-04 08:50:41,54.4V,0.0A,0.0A,0.0A,26.5A,20.7 deg.C,0.0 deg.C,203Ah,Float
2026-06-04 08:40:41,54.3V,0.0A,0.0A,0.0A,23.0A,22.7 deg.C,0.0 deg.C,199Ah,Float
2026-06-04 08:30:41,54.2V,0.0A,0.0A,0.0A,25.4A,23.8 deg.C,0.0 deg.C,195Ah,Float
2026-06-04 08:20:41,54.1V,0.0A,0.0A,0.0A,28.6A,23.4 deg.C,0.0 deg.C,191Ah,Float
2026-06-04 08:10:41,54.0V,0.0A,0.0A,0.0A,25.0A,23.1 deg.C,0.0 deg.C,186Ah,Float
2026-06-04 08:00:41,53.9V,0.0A,0.0A,0.0A,27.6A,23.0 deg.C,0.0 deg.C,182Ah,Float
2026-06-04 07:50:41,53.8V,0.0A,0.0A,0.0A,28.8A,22.9 deg.C,0.0 deg.C,177Ah,Float
2026-06-04 07:40:41,53.8V,0.0A,0.0A,0.0A,30.2A,22.9 deg.C,0.0 deg.C,172Ah,Float
2026-06-04 07:30:41,53.6V,0.0A,0.0A,0.0A,30.9A,22.9 deg.C,0.0 deg.C,167Ah,Float
2026-06-04 07:20:41,53.5V,0.0A,0.0A,0.0A,27.6A,22.9 deg.C,0.0 deg.C,162Ah,Float
2026-06-04 07:10:41,53.4V,0.0A,0.0A,0.0A,28.0A,22.9 deg.C,0.0 deg.C,158Ah,Float
2026-06-04 07:00:41,53.3V,0.0A,0.0A,0.0A,27.7A,22.9 deg.C,0.0 deg.C,153Ah,Float
2026-06-04 06:50:41,53.2V,0.0A,0.0A,0.0A,27.5A,22.9 deg.C,0.0 deg.C,149Ah,Float
2026-06-04 06:40:41,53.1V,0.0A,0.0A,0.0A,27.8A,22.9 deg.C,0.0 deg.C,144Ah,Float
2026-06-04 06:30:41,53.0V,0.0A,0.0A,0.0A,28.1A,22.9 deg.C,0.0 deg.C,139Ah,Float
2026-06-04 06:20:41,52.9V,0.0A,0.0A,0.0A,28.5A,22.9 deg.C,0.0 deg.C,135Ah,Float
2026-06-04 06:10:41,52.8V,0.0A,0.0A,0.0A,28.6A,22.9 deg.C,0.0 deg.C,130Ah,Float
2026-06-04 06:00:41,52.6V,0.0A,0.0A,0.0A,27.8A,22.9 deg.C,0.0 deg.C,125Ah,Float
2026-06-04 05:50:41,52.5V,0.0A,0.0A,0.0A,28.7A,22.9 deg.C,0.0 deg.C,121Ah,Float
2026-06-04 05:40:41,52.4V,0.0A,0.0A,0.0A,28.5A,22.8 deg.C,0.0 deg.C,116Ah,Float
2026-06-04 05:30:41,52.3V,0.0A,0.0A,0.0A,28.6A,22.8 deg.C,0.0 deg.C,111Ah,Float
2026-06-04 05:20:41,52.2V,0.0A,0.0A,0.0A,29.2A,22.8 deg.C,0.0 deg.C,106Ah,Float
2026-06-04 05:10:41,52.1V,0.0A,0.0A,0.0A,28.3A,22.8 deg.C,0.0 deg.C,101Ah,Float
2026-06-04 05:00:41,52.0V,0.0A,0.0A,0.0A,29.1A,22.8 deg.C,0.0 deg.C,97Ah,Float
2026-06-04 04:50:41,51.9V,0.0A,0.0A,0.0A,28.8A,22.7 deg.C,0.0 deg.C,92Ah,Float
2026-06-04 04:40:41,51.8V,0.0A,0.0A,0.0A,29.3A,22.7 deg.C,0.0 deg.C,87Ah,Float
2026-06-04 04:30:41,51.7V,0.0A,0.0A,0.0A,29.0A,22.7 deg.C,0.0 deg.C,82Ah,Float
2026-06-04 04:20:41,51.6V,0.0A,0.0A,0.0A,29.2A,22.7 deg.C,0.0 deg.C,77Ah,Float
2026-06-04 04:10:41,51.5V,0.0A,0.0A,0.0A,28.5A,22.7 deg.C,0.0 deg.C,73Ah,Float
2026-06-04 04:00:41,51.5V,0.0A,0.0A,0.0A,29.6A,22.7 deg.C,0.0 deg.C,68Ah,Float
2026-06-04 03:50:41,51.4V,0.0A,0.0A,0.0A,29.8A,22.7 deg.C,0.0 deg.C,63Ah,Float
2026-06-04 03:40:41,51.2V,0.0A,0.0A,0.0A,28.8A,22.7 deg.C,0.0 deg.C,58Ah,Float
2026-06-04 03:30:41,51.2V,0.0A,0.0A,0.0A,29.7A,22.6 deg.C,0.0 deg.C,53Ah,Float
2026-06-04 03:20:41,51.0V,0.0A,0.0A,0.0A,29.3A,22.6 deg.C,0.0 deg.C,48Ah,Float
2026-06-04 03:10:41,50.9V,0.0A,0.0A,0.0A,29.6A,22.5 deg.C,0.0 deg.C,43Ah,Float
2026-06-04 03:00:41,50.8V,0.0A,0.0A,0.0A,29.9A,22.5 deg.C,0.0 deg.C,38Ah,Float
2026-06-04 02:50:41,50.6V,0.0A,0.0A,0.0A,30.0A,22.4 deg.C,0.0 deg.C,33Ah,Float
2026-06-04 02:40:41,50.4V,0.0A,0.0A,0.0A,26.4A,22.3 deg.C,0.0 deg.C,28Ah,Float
2026-06-04 02:30:41,50.3V,0.0A,0.0A,0.0A,29.8A,22.1 deg.C,0.0 deg.C,24Ah,Float
2026-06-04 02:20:41,50.1V,0.0A,0.0A,0.0A,29.5A,21.9 deg.C,0.0 deg.C,19Ah,Float
2026-06-04 02:10:41,49.9V,0.0A,0.0A,0.0A,28.3A,21.7 deg.C,0.0 deg.C,14Ah,Float
2026-06-04 02:00:41,49.7V,0.0A,0.0A,0.0A,28.3A,21.3 deg.C,0.0 deg.C,9Ah,Float
2026-06-04 01:50:41,49.5V,0.0A,0.0A,0.0A,27.9A,20.9 deg.C,0.0 deg.C,4Ah,Float
2026-06-04 01:40:41,49.2V,0.0A,0.0A,0.0A,24.2A,20.6 deg.C,0.0 deg.C,0Ah,Float
2026-06-04 01:30:41,48.7V,0.0A,0.0A,32.6A,-33.7A,20.6 deg.C,0.0 deg.C,0Ah,Discharge
2026-06-04 01:20:41,48.8V,0.0A,0.0A,37.2A,-37.2A,20.6 deg.C,0.0 deg.C,3Ah,Discharge
2026-06-04 01:10:41,49.0V,0.0A,0.0A,39.7A,-33.8A,20.7 deg.C,0.0 deg.C,9Ah,Discharge
2026-06-04 01:00:41,49.2V,0.0A,0.0A,35.5A,-33.6A,20.7 deg.C,0.0 deg.C,15Ah,Discharge
2026-06-04 00:50:41,49.3V,0.0A,0.0A,35.9A,-35.1A,20.8 deg.C,0.0 deg.C,20Ah,Discharge
2026-06-04 00:40:41,49.5V,0.0A,0.0A,33.8A,-36.5A,20.8 deg.C,0.0 deg.C,26Ah,Discharge
2026-06-04 00:30:41,49.6V,0.0A,0.0A,34.2A,-34.8A,20.8 deg.C,0.0 deg.C,32Ah,Discharge
2026-06-04 00:20:41,49.7V,0.0A,0.0A,37.3A,-38.2A,20.8 deg.C,0.0 deg.C,38Ah,Discharge
2026-06-04 00:10:41,49.9V,0.0A,0.0A,37.5A,-35.5A,20.9 deg.C,0.0 deg.C,44Ah,Discharge
2026-06-04 00:00:41,50.0V,0.0A,0.0A,40.0A,-39.7A,21.0 deg.C,0.0 deg.C,51Ah,Discharge
2026-06-03 23:50:41,50.2V,0.0A,0.0A,35.2A,-36.8A,21.1 deg.C,0.0 deg.C,57Ah,Discharge
2026-06-03 23:40:41,50.3V,0.0A,0.0A,37.2A,-40.4A,21.2 deg.C,0.0 deg.C,63Ah,Discharge
2026-06-03 23:30:41,50.4V,0.0A,0.0A,38.1A,-37.7A,21.3 deg.C,0.0 deg.C,70Ah,Discharge
2026-06-03 23:20:41,50.6V,0.0A,0.0A,38.5A,-37.0A,21.4 deg.C,0.0 deg.C,76Ah,Discharge
2026-06-03 23:10:41,50.7V,0.0A,0.0A,33.8A,-35.9A,21.5 deg.C,0.0 deg.C,83Ah,Discharge
2026-06-03 23:00:41,50.8V,0.0A,0.0A,39.7A,-40.4A,21.6 deg.C,0.0 deg.C,89Ah,Discharge
2026-06-03 22:50:41,51.0V,0.0A,0.0A,36.2A,-38.2A,21.8 deg.C,0.0 deg.C,95Ah,Discharge
2026-06-03 22:40:41,51.1V,0.0A,0.0A,34.6A,-36.5A,21.8 deg.C,0.0 deg.C,101Ah,Discharge
2026-06-03 22:30:41,51.3V,0.0A,0.0A,35.0A,-35.1A,21.9 deg.C,0.0 deg.C,108Ah,Discharge
2026-06-03 22:20:41,51.4V,0.0A,0.0A,40.1A,-39.1A,22.0 deg.C,0.0 deg.C,114Ah,Discharge
2026-06-03 22:10:41,51.6V,0.0A,0.0A,38.5A,-37.7A,22.1 deg.C,0.0 deg.C,121Ah,Discharge
2026-06-03 22:00:41,51.7V,0.0A,0.0A,39.0A,-36.9A,22.2 deg.C,0.0 deg.C,127Ah,Discharge
2026-06-03 21:50:41,51.8V,0.0A,0.0A,40.2A,-39.5A,22.2 deg.C,0.0 deg.C,133Ah,Discharge
2026-06-03 21:40:41,52.1V,0.0A,0.0A,32.6A,-34.4A,22.2 deg.C,0.0 deg.C,140Ah,Discharge
2026-06-03 21:30:41,52.2V,0.0A,0.0A,40.0A,-37.0A,22.1 deg.C,0.0 deg.C,145Ah,Discharge
2026-06-03 21:20:41,52.3V,0.0A,0.0A,37.3A,-37.9A,21.9 deg.C,0.0 deg.C,151Ah,Discharge
2026-06-03 21:10:41,52.5V,0.0A,0.0A,34.3A,-33.6A,21.6 deg.C,0.0 deg.C,158Ah,Discharge
2026-06-03 21:00:41,52.7V,0.0A,0.0A,32.0A,-32.9A,21.0 deg.C,0.0 deg.C,163Ah,Discharge
2026-06-03 20:50:41,52.9V,0.0A,0.0A,43.1A,-40.3A,20.5 deg.C,0.0 deg.C,170Ah,Discharge
2026-06-03 20:40:41,53.5V,0.0A,0.0A,0.0A,18.6A,20.5 deg.C,0.0 deg.C,167Ah,Float
2026-06-03 20:30:41,53.4V,0.0A,0.0A,0.0A,14.7A,20.5 deg.C,0.0 deg.C,163Ah,Float
2026-06-03 20:20:41,53.4V,0.0A,0.0A,0.0A,21.9A,20.5 deg.C,0.0 deg.C,160Ah,Float
2026-06-03 20:10:41,53.4V,0.0A,0.0A,0.0A,22.9A,20.5 deg.C,0.0 deg.C,156Ah,Float
2026-06-03 20:00:41,53.2V,0.0A,0.0A,0.0A,18.4A,20.4 deg.C,0.0 deg.C,153Ah,Float
2026-06-03 19:50:41,53.2V,0.0A,0.0A,0.0A,24.5A,20.3 deg.C,0.0 deg.C,149Ah,Float
2026-06-03 19:40:41,53.1V,0.0A,0.0A,0.0A,17.8A,20.3 deg.C,0.0 deg.C,145Ah,Float
2026-06-03 19:30:41,53.0V,0.0A,0.0A,0.0A,19.3A,20.3 deg.C,0.0 deg.C,142Ah,Float
2026-06-03 19:20:41,52.9V,0.0A,0.0A,0.0A,24.7A,20.3 deg.C,0.0 deg.C,138Ah,Float
2026-06-03 19:10:41,52.8V,0.0A,0.0A,0.0A,24.2A,20.2 deg.C,0.0 deg.C,134Ah,Float
2026-06-03 19:00:40,52.7V,0.0A,0.0A,0.0A,24.6A,20.3 deg.C,0.0 deg.C,130Ah,Float
2026-06-03 18:50:40,52.6V,0.0A,0.0A,0.0A,23.9A,20.3 deg.C,0.0 deg.C,126Ah,Float
2026-06-03 18:40:40,52.6V,0.0A,0.0A,0.0A,28.0A,20.3 deg.C,0.0 deg.C,122Ah,Float
2026-06-03 18:30:40,52.4V,0.0A,0.0A,0.0A,23.2A,20.3 deg.C,0.0 deg.C,118Ah,Float
2026-06-03 18:20:40,52.4V,0.0A,0.0A,0.0A,27.1A,20.2 deg.C,0.0 deg.C,113Ah,Float
2026-06-03 18:10:40,52.2V,0.0A,0.0A,0.0A,22.7A,20.3 deg.C,0.0 deg.C,109Ah,Float
2026-06-03 18:00:40,52.2V,0.0A,0.0A,0.0A,26.0A,20.3 deg.C,0.0 deg.C,106Ah,Float
2026-06-03 17:50:40,52.1V,0.0A,0.0A,0.0A,22.1A,20.4 deg.C,0.0 deg.C,102Ah,Float
2026-06-03 17:40:40,52.0V,0.0A,0.0A,0.0A,24.8A,20.5 deg.C,0.0 deg.C,98Ah,Float
2026-06-03 17:30:40,51.9V,0.0A,0.0A,0.0A,20.4A,20.5 deg.C,0.0 deg.C,94Ah,Float
2026-06-03 17:20:40,51.8V,0.0A,0.0A,0.0A,20.2A,20.5 deg.C,0.0 deg.C,91Ah,Float
2026-06-03 17:10:40,51.7V,0.0A,0.0A,0.0A,20.4A,20.6 deg.C,0.0 deg.C,87Ah,Float
2026-06-03 17:00:40,51.7V,0.0A,0.0A,0.0A,20.9A,20.7 deg.C,0.0 deg.C,84Ah,Float
2026-06-03 16:50:40,51.7V,0.0A,0.0A,0.0A,24.9A,20.8 deg.C,0.0 deg.C,80Ah,Float
2026-06-03 16:40:40,51.6V,0.0A,0.0A,0.0A,20.7A,21.0 deg.C,0.0 deg.C,77Ah,Float
2026-06-03 16:30:40,51.5V,0.0A,0.0A,0.0A,19.1A,21.1 deg.C,0.0 deg.C,73Ah,Float
2026-06-03 16:20:40,51.4V,0.0A,0.0A,0.0A,20.5A,21.2 deg.C,0.0 deg.C,70Ah,Float
2026-06-03 16:10:40,51.4V,0.0A,0.0A,0.0A,21.1A,21.4 deg.C,0.0 deg.C,67Ah,Float
2026-06-03 16:00:40,51.3V,0.0A,0.0A,0.0A,20.6A,21.5 deg.C,0.0 deg.C,64Ah,Float
2026-06-03 15:50:40,51.2V,0.0A,0.0A,0.0A,20.5A,21.7 deg.C,0.0 deg.C,60Ah,Float
2026-06-03 15:40:40,51.2V,0.0A,0.0A,0.0A,21.4A,21.8 deg.C,0.0 deg.C,57Ah,Float
2026-06-03 15:30:40,51.1V,0.0A,0.0A,0.0A,20.0A,22.0 deg.C,0.0 deg.C,53Ah,Float
2026-06-03 15:20:40,51.0V,0.0A,0.0A,0.0A,19.7A,22.2 deg.C,0.0 deg.C,50Ah,Float
2026-06-03 15:10:40,51.0V,0.0A,0.0A,0.0A,20.1A,22.3 deg.C,0.0 deg.C,47Ah,Float
2026-06-03 15:00:40,50.9V,0.0A,0.0A,0.0A,19.8A,22.5 deg.C,0.0 deg.C,44Ah,Float
2026-06-03 14:50:40,50.8V,0.0A,0.0A,0.0A,20.8A,22.6 deg.C,0.0 deg.C,40Ah,Float
2026-06-03 14:40:40,50.7V,0.0A,0.0A,0.0A,20.2A,22.6 deg.C,0.0 deg.C,37Ah,Float
2026-06-03 14:30:40,50.6V,0.0A,0.0A,0.0A,21.2A,22.7 deg.C,0.0 deg.C,34Ah,Float
2026-06-03 14:20:40,50.5V,0.0A,0.0A,0.0A,20.9A,22.7 deg.C,0.0 deg.C,30Ah,Float
2026-06-03 14:10:40,50.4V,0.0A,0.0A,0.0A,20.5A,22.8 deg.C,0.0 deg.C,27Ah,Float
2026-06-03 14:00:40,50.2V,0.0A,0.0A,0.0A,17.9A,22.7 deg.C,0.0 deg.C,24Ah,Float
2026-06-03 13:50:40,50.2V,0.0A,0.0A,0.0A,19.9A,22.6 deg.C,0.0 deg.C,21Ah,Float
2026-06-03 13:40:40,50.0V,0.0A,0.0A,0.0A,19.1A,22.6 deg.C,0.0 deg.C,17Ah,Float
2026-06-03 13:30:40,49.9V,0.0A,0.0A,0.0A,18.7A,22.5 deg.C,0.0 deg.C,14Ah,Float
2026-06-03 13:20:40,49.8V,0.0A,0.0A,0.0A,20.5A,22.4 deg.C,0.0 deg.C,11Ah,Float
2026-06-03 13:10:40,49.6V,0.0A,0.0A,0.0A,20.7A,22.5 deg.C,0.0 deg.C,8Ah,Float
2026-06-03 13:00:40,49.5V,0.0A,0.0A,0.0A,21.6A,22.4 deg.C,0.0 deg.C,4Ah,Float
2026-06-03 12:50:40,49.2V,0.0A,0.0A,0.0A,16.9A,22.4 deg.C,0.0 deg.C,1Ah,Float
2026-06-03 12:40:40,48.6V,0.0A,0.0A,39.2A,-39.2A,22.4 deg.C,0.0 deg.C,3Ah,Discharge
2026-06-03 12:30:40,48.8V,0.0A,0.0A,38.0A,-38.2A,22.4 deg.C,0.0 deg.C,10Ah,Discharge
2026-06-03 12:20:40,49.0V,0.0A,0.0A,36.7A,-38.4A,22.3 deg.C,0.0 deg.C,16Ah,Discharge
2026-06-03 12:10:40,49.2V,0.0A,0.0A,38.3A,-38.0A,22.3 deg.C,0.0 deg.C,22Ah,Discharge
2026-06-03 12:00:40,49.4V,0.0A,0.0A,38.5A,-37.9A,22.1 deg.C,0.0 deg.C,29Ah,Discharge
2026-06-03 11:50:40,49.5V,0.0A,0.0A,36.5A,-36.8A,22.0 deg.C,0.0 deg.C,35Ah,Discharge
2026-06-03 11:40:40,49.6V,0.0A,0.0A,35.7A,-36.6A,21.7 deg.C,0.0 deg.C,41Ah,Discharge
2026-06-03 11:30:40,49.8V,0.0A,0.0A,37.5A,-37.9A,21.6 deg.C,0.0 deg.C,47Ah,Discharge
2026-06-03 11:20:40,49.9V,0.0A,0.0A,36.2A,-36.8A,21.5 deg.C,0.0 deg.C,53Ah,Discharge
2026-06-03 11:10:40,50.0V,0.0A,0.0A,35.2A,-38.3A,21.4 deg.C,0.0 deg.C,59Ah,Discharge
2026-06-03 11:00:40,50.2V,0.0A,0.0A,35.3A,-36.3A,21.3 deg.C,0.0 deg.C,66Ah,Discharge
2026-06-03 10:50:40,50.4V,0.0A,0.0A,31.1A,-31.7A,21.3 deg.C,0.0 deg.C,72Ah,Discharge
2026-06-03 10:40:40,50.5V,0.0A,0.0A,36.4A,-36.7A,21.4 deg.C,0.0 deg.C,78Ah,Discharge
2026-06-03 10:30:40,50.6V,0.0A,0.0A,36.0A,-35.7A,21.7 deg.C,0.0 deg.C,84Ah,Discharge
2026-06-03 10:20:40,50.7V,0.0A,0.0A,37.0A,-36.6A,22.6 deg.C,0.0 deg.C,90Ah,Discharge
2026-06-03 10:10:40,50.9V,0.0A,0.0A,35.2A,-37.1A,24.0 deg.C,0.0 deg.C,96Ah,Discharge
2026-06-03 10:00:40,51.0V,0.0A,0.0A,30.3A,-30.5A,23.5 deg.C,0.0 deg.C,102Ah,Discharge
2026-06-03 09:50:40,51.1V,0.0A,0.0A,33.7A,-34.8A,23.0 deg.C,0.0 deg.C,107Ah,Discharge
2026-06-03 09:40:40,51.3V,0.0A,0.0A,32.7A,-32.8A,22.6 deg.C,0.0 deg.C,113Ah,Discharge
2026-06-03 09:30:40,51.4V,0.0A,0.0A,34.1A,-33.5A,22.2 deg.C,0.0 deg.C,118Ah,Discharge
2026-06-03 09:20:40,51.5V,0.0A,0.0A,31.4A,-31.8A,21.9 deg.C,0.0 deg.C,123Ah,Discharge
2026-06-03 09:10:40,51.7V,0.0A,0.0A,34.0A,-33.4A,21.5 deg.C,0.0 deg.C,129Ah,Discharge
2026-06-03 09:00:40,51.8V,0.0A,0.0A,32.0A,-32.2A,21.1 deg.C,0.0 deg.C,134Ah,Discharge
2026-06-03 08:50:40,51.9V,0.0A,0.0A,30.4A,-28.2A,20.8 deg.C,0.0 deg.C,139Ah,Discharge
2026-06-03 08:40:40,52.0V,0.0A,0.0A,32.9A,-33.3A,20.5 deg.C,0.0 deg.C,144Ah,Discharge
2026-06-03 08:30:40,52.1V,0.0A,0.0A,33.7A,-33.2A,20.2 deg.C,0.0 deg.C,149Ah,Discharge
2026-06-03 08:20:40,52.3V,0.0A,0.0A,27.7A,-28.4A,20.0 deg.C,0.0 deg.C,154Ah,Discharge
2026-06-03 08:10:40,52.4V,0.0A,0.0A,33.3A,-32.1A,19.8 deg.C,0.0 deg.C,159Ah,Discharge
2026-06-03 08:00:40,52.6V,0.0A,0.0A,27.3A,-27.3A,19.8 deg.C,0.0 deg.C,164Ah,Discharge
2026-06-03 07:50:40,52.7V,0.0A,0.0A,28.7A,-27.9A,19.9 deg.C,0.0 deg.C,169Ah,Discharge
2026-06-03 07:40:40,52.8V,0.0A,0.0A,29.5A,-29.7A,20.1 deg.C,0.0 deg.C,174Ah,Discharge
2026-06-03 07:30:40,52.9V,0.0A,0.0A,28.7A,-28.1A,20.5 deg.C,0.0 deg.C,178Ah,Discharge
2026-06-03 07:20:40,52.9V,0.0A,0.0A,29.3A,-29.9A,20.7 deg.C,0.0 deg.C,183Ah,Discharge
2026-06-03 07:10:40,53.0V,0.0A,0.0A,31.0A,-30.5A,21.1 deg.C,0.0 deg.C,188Ah,Discharge
2026-06-03 07:00:40,53.2V,0.0A,0.0A,29.3A,-29.6A,21.4 deg.C,0.0 deg.C,193Ah,Discharge
2026-06-03 06:50:40,53.3V,0.0A,0.0A,29.9A,-29.3A,21.8 deg.C,0.0 deg.C,198Ah,Discharge
2026-06-03 06:40:40,53.4V,0.0A,0.0A,28.4A,-29.0A,22.2 deg.C,0.0 deg.C,203Ah,Discharge
2026-06-03 06:30:40,53.6V,0.0A,0.0A,29.1A,-29.9A,22.8 deg.C,0.0 deg.C,208Ah,Discharge
2026-06-03 06:20:40,53.8V,0.0A,0.0A,28.3A,-28.6A,23.6 deg.C,0.0 deg.C,212Ah,Discharge
2026-06-03 06:10:40,54.5V,0.0A,0.0A,0.0A,25.5A,23.6 deg.C,0.0 deg.C,210Ah,Float
2026-06-03 06:00:40,54.4V,0.0A,0.0A,0.0A,27.4A,23.6 deg.C,0.0 deg.C,206Ah,Float
2026-06-03 05:50:40,54.3V,0.0A,0.0A,0.0A,28.0A,23.7 deg.C,0.0 deg.C,201Ah,Float
2026-06-03 05:40:40,54.2V,0.0A,0.0A,0.0A,27.9A,23.7 deg.C,0.0 deg.C,196Ah,Float
2026-06-03 05:30:40,54.1V,0.0A,0.0A,0.0A,27.7A,23.7 deg.C,0.0 deg.C,192Ah,Float
2026-06-03 05:20:40,54.0V,0.0A,0.0A,0.0A,27.9A,23.7 deg.C,0.0 deg.C,187Ah,Float
2026-06-03 05:10:40,53.9V,0.0A,0.0A,0.0A,27.9A,23.7 deg.C,0.0 deg.C,183Ah,Float
2026-06-03 05:00:40,53.8V,0.0A,0.0A,0.0A,28.1A,23.6 deg.C,0.0 deg.C,178Ah,Float
2026-06-03 04:50:40,53.7V,0.0A,0.0A,0.0A,27.8A,23.6 deg.C,0.0 deg.C,173Ah,Float
2026-06-03 04:40:40,53.6V,0.0A,0.0A,0.0A,28.2A,23.6 deg.C,0.0 deg.C,169Ah,Float
2026-06-03 04:30:40,53.5V,0.0A,0.0A,0.0A,28.3A,23.6 deg.C,0.0 deg.C,164Ah,Float
2026-06-03 04:20:40,53.3V,0.0A,0.0A,0.0A,28.2A,23.5 deg.C,0.0 deg.C,159Ah,Float
2026-06-03 04:10:40,53.2V,0.0A,0.0A,0.0A,28.0A,23.5 deg.C,0.0 deg.C,155Ah,Float
2026-06-03 04:00:40,53.1V,0.0A,0.0A,0.0A,28.4A,23.4 deg.C,0.0 deg.C,150Ah,Float
2026-06-03 03:50:40,53.0V,0.0A,0.0A,0.0A,28.5A,23.3 deg.C,0.0 deg.C,145Ah,Float
2026-06-03 03:40:40,52.9V,0.0A,0.0A,0.0A,28.1A,23.2 deg.C,0.0 deg.C,141Ah,Float
2026-06-03 03:30:40,52.8V,0.0A,0.0A,0.0A,28.4A,23.1 deg.C,0.0 deg.C,136Ah,Float
2026-06-03 03:20:40,52.7V,0.0A,0.0A,0.0A,28.4A,23.1 deg.C,0.0 deg.C,131Ah,Float
2026-06-03 03:10:40,52.6V,0.0A,0.0A,0.0A,28.5A,23.0 deg.C,0.0 deg.C,126Ah,Float
2026-06-03 03:00:40,52.4V,0.0A,0.0A,0.0A,28.6A,23.0 deg.C,0.0 deg.C,122Ah,Float
2026-06-03 02:50:40,52.3V,0.0A,0.0A,0.0A,23.8A,22.9 deg.C,0.0 deg.C,117Ah,Float
2026-06-03 02:40:40,52.2V,0.0A,0.0A,0.0A,26.9A,22.8 deg.C,0.0 deg.C,113Ah,Float
2026-06-03 02:30:40,52.1V,0.0A,0.0A,0.0A,27.6A,22.6 deg.C,0.0 deg.C,108Ah,Float
2026-06-03 02:20:40,52.0V,0.0A,0.0A,0.0A,23.8A,22.5 deg.C,0.0 deg.C,104Ah,Float
2026-06-03 02:10:40,51.9V,0.0A,0.0A,0.0A,27.9A,22.3 deg.C,0.0 deg.C,99Ah,Float
2026-06-03 02:00:40,51.8V,0.0A,0.0A,0.0A,27.6A,22.1 deg.C,0.0 deg.C,95Ah,Float
2026-06-03 01:50:40,51.8V,0.0A,0.0A,0.0A,27.5A,21.8 deg.C,0.0 deg.C,90Ah,Float
2026-06-03 01:40:40,51.7V,0.0A,0.0A,0.0A,27.6A,21.3 deg.C,0.0 deg.C,85Ah,Float
2026-06-03 01:30:40,51.6V,0.0A,0.0A,0.0A,28.3A,20.6 deg.C,0.0 deg.C,81Ah,Float
2026-06-03 01:20:40,51.5V,0.0A,0.0A,0.0A,22.9A,19.7 deg.C,0.0 deg.C,76Ah,Float
2026-06-03 01:10:40,51.4V,0.0A,0.0A,0.0A,26.4A,19.1 deg.C,0.0 deg.C,72Ah,Float
2026-06-03 01:00:40,51.3V,0.0A,0.0A,0.0A,25.6A,19.5 deg.C,0.0 deg.C,68Ah,Float
2026-06-03 00:50:40,51.2V,0.0A,0.0A,0.0A,25.2A,20.5 deg.C,0.0 deg.C,64Ah,Float
2026-06-03 00:40:40,51.1V,0.0A,0.0A,0.0A,22.0A,22.5 deg.C,0.0 deg.C,60Ah,Float
2026-06-03 00:30:40,51.1V,0.0A,0.0A,0.0A,24.8A,22.2 deg.C,0.0 deg.C,55Ah,Float
2026-06-03 00:20:40,50.9V,0.0A,0.0A,0.0A,20.6A,21.8 deg.C,0.0 deg.C,52Ah,Float
2026-06-03 00:10:40,50.9V,0.0A,0.0A,0.0A,26.2A,21.1 deg.C,0.0 deg.C,48Ah,Float
2026-06-03 00:00:40,50.7V,0.0A,0.0A,0.0A,26.4A,20.2 deg.C,0.0 deg.C,43Ah,Float
2026-06-02 23:50:40,50.6V,0.0A,0.0A,0.0A,23.1A,19.2 deg.C,0.0 deg.C,39Ah,Float
2026-06-02 23:40:40,50.4V,0.0A,0.0A,0.0A,18.5A,19.5 deg.C,0.0 deg.C,36Ah,Float
2026-06-02 23:30:40,50.4V,0.0A,0.0A,0.0A,23.0A,19.6 deg.C,0.0 deg.C,32Ah,Float
2026-06-02 23:20:40,50.3V,0.0A,0.0A,0.0A,22.6A,19.8 deg.C,0.0 deg.C,28Ah,Float
2026-06-02 23:10:40,50.1V,0.0A,0.0A,0.0A,21.5A,20.1 deg.C,0.0 deg.C,25Ah,Float
2026-06-02 23:00:40,49.9V,0.0A,0.0A,0.0A,19.3A,20.3 deg.C,0.0 deg.C,21Ah,Float
2026-06-02 22:50:40,49.8V,0.0A,0.0A,0.0A,24.7A,20.6 deg.C,0.0 deg.C,18Ah,Float
2026-06-02 22:40:40,49.7V,0.0A,0.0A,0.0A,22.1A,21.4 deg.C,0.0 deg.C,14Ah,Float
2026-06-02 22:30:40,49.5V,0.0A,0.0A,0.0A,22.8A,23.3 deg.C,0.0 deg.C,10Ah,Float
2026-06-02 22:20:40,49.2V,0.0A,0.0A,0.0A,16.5A,22.9 deg.C,0.0 deg.C,6Ah,Float
2026-06-02 22:10:40,48.6V,0.0A,0.0A,34.4A,-36.2A,22.9 deg.C,0.0 deg.C,8Ah,Discharge
2026-06-02 22:00:40,48.8V,0.0A,0.0A,36.7A,-36.4A,22.9 deg.C,0.0 deg.C,14Ah,Discharge
2026-06-02 21:50:40,49.0V,0.0A,0.0A,36.0A,-37.3A,22.9 deg.C,0.0 deg.C,20Ah,Discharge
2026-06-02 21:40:40,49.1V,0.0A,0.0A,39.9A,-40.7A,22.9 deg.C,0.0 deg.C,27Ah,Discharge
2026-06-02 21:30:40,49.3V,0.0A,0.0A,34.6A,-36.2A,22.9 deg.C,0.0 deg.C,33Ah,Discharge
2026-06-02 21:20:40,49.4V,0.0A,0.0A,41.3A,-35.9A,22.9 deg.C,0.0 deg.C,39Ah,Discharge
2026-06-02 21:10:40,49.6V,0.0A,0.0A,39.3A,-39.0A,22.8 deg.C,0.0 deg.C,46Ah,Discharge
2026-06-02 21:00:40,49.8V,0.0A,0.0A,37.9A,-38.8A,22.8 deg.C,0.0 deg.C,52Ah,Discharge
2026-06-02 20:50:40,49.8V,0.0A,0.0A,40.5A,-42.5A,22.8 deg.C,0.0 deg.C,58Ah,Discharge
2026-06-02 20:40:40,50.1V,0.0A,0.0A,35.1A,-35.1A,22.8 deg.C,0.0 deg.C,65Ah,Discharge
2026-06-02 20:30:40,50.2V,0.0A,0.0A,38.1A,-35.2A,22.9 deg.C,0.0 deg.C,71Ah,Discharge
2026-06-02 20:20:40,50.3V,0.0A,0.0A,41.3A,-39.3A,22.9 deg.C,0.0 deg.C,77Ah,Discharge
2026-06-02 20:10:40,50.5V,0.0A,0.0A,36.2A,-35.6A,22.9 deg.C,0.0 deg.C,84Ah,Discharge
2026-06-02 20:00:40,50.6V,0.0A,0.0A,37.3A,-35.0A,22.9 deg.C,0.0 deg.C,89Ah,Discharge
2026-06-02 19:50:40,50.7V,0.0A,0.0A,38.6A,-38.6A,22.8 deg.C,0.0 deg.C,96Ah,Discharge
2026-06-02 19:40:40,50.9V,0.0A,0.0A,33.3A,-34.5A,22.6 deg.C,0.0 deg.C,102Ah,Discharge
2026-06-02 19:30:40,51.0V,0.0A,0.0A,36.7A,-36.6A,22.3 deg.C,0.0 deg.C,108Ah,Discharge
2026-06-02 19:20:40,51.2V,0.0A,0.0A,33.8A,-32.0A,21.9 deg.C,0.0 deg.C,114Ah,Discharge
2026-06-02 19:10:40,51.3V,0.0A,0.0A,32.8A,-33.0A,21.3 deg.C,0.0 deg.C,119Ah,Discharge
2026-06-02 19:00:40,51.4V,0.0A,0.0A,29.8A,-29.4A,21.0 deg.C,0.0 deg.C,124Ah,Discharge
2026-06-02 18:50:40,51.5V,0.0A,0.0A,34.3A,-34.7A,21.1 deg.C,0.0 deg.C,129Ah,Discharge
2026-06-02 18:40:40,51.7V,0.0A,0.0A,33.0A,-33.1A,21.2 deg.C,0.0 deg.C,135Ah,Discharge
2026-06-02 18:30:40,51.7V,0.0A,0.0A,39.3A,-38.3A,21.2 deg.C,0.0 deg.C,141Ah,Discharge
2026-06-02 18:20:40,51.9V,0.0A,0.0A,35.4A,-34.6A,21.1 deg.C,0.0 deg.C,146Ah,Discharge
2026-06-02 18:10:40,52.0V,0.0A,0.0A,39.5A,-38.2A,20.9 deg.C,0.0 deg.C,152Ah,Discharge
2026-06-02 18:00:40,52.2V,0.0A,0.0A,33.9A,-34.9A,20.7 deg.C,0.0 deg.C,158Ah,Discharge
2026-06-02 17:50:40,52.3V,0.0A,0.0A,38.0A,-35.3A,20.7 deg.C,0.0 deg.C,163Ah,Discharge
2026-06-02 17:40:40,52.5V,0.0A,0.0A,34.7A,-35.3A,20.6 deg.C,0.0 deg.C,169Ah,Discharge
2026-06-02 17:30:40,52.8V,0.0A,0.0A,35.0A,-36.5A,20.5 deg.C,0.0 deg.C,175Ah,Discharge
2026-06-02 17:20:40,53.4V,0.0A,0.0A,0.0A,20.1A,20.5 deg.C,0.0 deg.C,173Ah,Float
2026-06-02 17:10:40,53.3V,0.0A,0.0A,0.0A,20.3A,20.6 deg.C,0.0 deg.C,170Ah,Float
2026-06-02 17:00:40,53.3V,0.0A,0.0A,0.0A,19.4A,20.7 deg.C,0.0 deg.C,166Ah,Float
2026-06-02 16:50:40,53.2V,0.0A,0.0A,0.0A,20.3A,20.8 deg.C,0.0 deg.C,163Ah,Float
2026-06-02 16:40:40,53.1V,0.0A,0.0A,0.0A,17.6A,21.0 deg.C,0.0 deg.C,159Ah,Float
2026-06-02 16:30:40,53.0V,0.0A,0.0A,0.0A,21.1A,21.1 deg.C,0.0 deg.C,156Ah,Float
2026-06-02 16:20:40,52.9V,0.0A,0.0A,0.0A,17.4A,21.2 deg.C,0.0 deg.C,153Ah,Float
2026-06-02 16:10:40,52.9V,0.0A,0.0A,0.0A,20.1A,21.4 deg.C,0.0 deg.C,150Ah,Float
2026-06-02 16:00:40,52.8V,0.0A,0.0A,0.0A,18.5A,21.6 deg.C,0.0 deg.C,147Ah,Float
2026-06-02 15:50:40,52.7V,0.0A,0.0A,0.0A,18.2A,21.7 deg.C,0.0 deg.C,143Ah,Float
2026-06-02 15:40:40,52.6V,0.0A,0.0A,0.0A,20.5A,21.9 deg.C,0.0 deg.C,140Ah,Float
2026-06-02 15:30:40,52.6V,0.0A,0.0A,0.0A,20.0A,22.1 deg.C,0.0 deg.C,137Ah,Float
2026-06-02 15:20:40,52.5V,0.0A,0.0A,0.0A,19.2A,22.2 deg.C,0.0 deg.C,134Ah,Float
2026-06-02 15:10:40,52.4V,0.0A,0.0A,0.0A,19.6A,22.3 deg.C,0.0 deg.C,131Ah,Float
2026-06-02 15:00:40,52.3V,0.0A,0.0A,0.0A,18.6A,22.4 deg.C,0.0 deg.C,128Ah,Float
2026-06-02 14:50:40,52.2V,0.0A,0.0A,0.0A,18.1A,22.5 deg.C,0.0 deg.C,125Ah,Float
2026-06-02 14:40:40,52.2V,0.0A,0.0A,0.0A,19.3A,22.5 deg.C,0.0 deg.C,121Ah,Float
2026-06-02 14:30:40,52.1V,0.0A,0.0A,0.0A,19.3A,22.5 deg.C,0.0 deg.C,118Ah,Float
2026-06-02 14:20:40,52.0V,0.0A,0.0A,0.0A,18.5A,22.5 deg.C,0.0 deg.C,115Ah,Float
2026-06-02 14:10:40,52.0V,0.0A,0.0A,0.0A,17.9A,22.5 deg.C,0.0 deg.C,112Ah,Float
2026-06-02 14:00:40,51.9V,0.0A,0.0A,0.0A,18.8A,22.4 deg.C,0.0 deg.C,109Ah,Float
2026-06-02 13:50:40,51.8V,0.0A,0.0A,0.0A,19.4A,22.3 deg.C,0.0 deg.C,106Ah,Float
2026-06-02 13:40:40,51.8V,0.0A,0.0A,0.0A,19.3A,22.2 deg.C,0.0 deg.C,103Ah,Float
2026-06-02 13:30:40,51.7V,0.0A,0.0A,0.0A,18.2A,22.1 deg.C,0.0 deg.C,100Ah,Float
2026-06-02 13:20:40,51.6V,0.0A,0.0A,0.0A,18.5A,22.0 deg.C,0.0 deg.C,97Ah,Float
2026-06-02 13:10:40,51.6V,0.0A,0.0A,0.0A,20.9A,21.9 deg.C,0.0 deg.C,93Ah,Float
2026-06-02 13:00:40,51.5V,0.0A,0.0A,0.0A,18.6A,21.8 deg.C,0.0 deg.C,90Ah,Float
2026-06-02 12:50:40,51.5V,0.0A,0.0A,0.0A,18.0A,21.7 deg.C,0.0 deg.C,87Ah,Float
2026-06-02 12:40:40,51.4V,0.0A,0.0A,0.0A,19.4A,21.6 deg.C,0.0 deg.C,84Ah,Float
2026-06-02 12:30:40,51.4V,0.0A,0.0A,0.0A,21.6A,21.5 deg.C,0.0 deg.C,80Ah,Float
2026-06-02 12:20:40,51.3V,0.0A,0.0A,0.0A,21.6A,21.4 deg.C,0.0 deg.C,77Ah,Float
2026-06-02 12:10:40,51.2V,0.0A,0.0A,0.0A,20.9A,21.2 deg.C,0.0 deg.C,73Ah,Float
2026-06-02 12:00:40,51.2V,0.0A,0.0A,0.0A,20.6A,20.9 deg.C,0.0 deg.C,70Ah,Float
2026-06-02 11:50:40,51.1V,0.0A,0.0A,0.0A,21.1A,20.8 deg.C,0.0 deg.C,67Ah,Float
2026-06-02 11:40:40,51.0V,0.0A,0.0A,0.0A,20.7A,20.5 deg.C,0.0 deg.C,63Ah,Float
2026-06-02 11:30:40,50.9V,0.0A,0.0A,0.0A,19.8A,20.5 deg.C,0.0 deg.C,60Ah,Float
2026-06-02 11:20:40,50.9V,0.0A,0.0A,0.0A,20.6A,20.5 deg.C,0.0 deg.C,57Ah,Float
2026-06-02 11:10:39,50.8V,0.0A,0.0A,0.0A,21.0A,20.6 deg.C,0.0 deg.C,53Ah,Float
2026-06-02 11:00:39,50.7V,0.0A,0.0A,0.0A,22.3A,20.7 deg.C,0.0 deg.C,49Ah,Float
2026-06-02 10:50:39,50.6V,0.0A,0.0A,0.0A,23.6A,20.6 deg.C,0.0 deg.C,45Ah,Float
2026-06-02 10:40:39,50.5V,0.0A,0.0A,0.0A,23.0A,20.6 deg.C,0.0 deg.C,42Ah,Float
2026-06-02 10:30:39,50.3V,0.0A,0.0A,0.0A,22.4A,20.6 deg.C,0.0 deg.C,38Ah,Float
2026-06-02 10:20:39,50.2V,0.0A,0.0A,0.0A,24.1A,20.7 deg.C,0.0 deg.C,34Ah,Float
2026-06-02 10:10:39,50.1V,0.0A,0.0A,0.0A,28.4A,20.9 deg.C,0.0 deg.C,30Ah,Float
2026-06-02 10:00:39,49.9V,0.0A,0.0A,0.0A,23.9A,21.3 deg.C,0.0 deg.C,26Ah,Float
2026-06-02 09:50:39,49.7V,0.0A,0.0A,0.0A,24.2A,22.1 deg.C,0.0 deg.C,22Ah,Float
2026-06-02 09:40:39,49.6V,0.0A,0.0A,0.0A,24.2A,23.0 deg.C,0.0 deg.C,18Ah,Float
2026-06-02 09:30:39,49.3V,0.0A,0.0A,0.0A,26.5A,22.2 deg.C,0.0 deg.C,13Ah,Float
2026-06-02 09:20:39,48.6V,0.0A,0.0A,33.4A,-34.7A,21.7 deg.C,0.0 deg.C,14Ah,Discharge
2026-06-02 09:10:39,48.8V,0.0A,0.0A,32.8A,-33.4A,21.2 deg.C,0.0 deg.C,20Ah,Discharge
2026-06-02 09:00:39,49.0V,0.0A,0.0A,32.8A,-33.7A,20.6 deg.C,0.0 deg.C,25Ah,Discharge
2026-06-02 08:50:39,49.1V,0.0A,0.0A,32.6A,-33.6A,20.1 deg.C,0.0 deg.C,31Ah,Discharge
2026-06-02 08:40:39,49.3V,0.0A,0.0A,27.7A,-31.5A,19.6 deg.C,0.0 deg.C,36Ah,Discharge
2026-06-02 08:30:39,49.4V,0.0A,0.0A,32.7A,-33.1A,19.2 deg.C,0.0 deg.C,42Ah,Discharge
2026-06-02 08:20:39,49.5V,0.0A,0.0A,33.7A,-34.1A,18.8 deg.C,0.0 deg.C,47Ah,Discharge
2026-06-02 08:10:39,49.7V,0.0A,0.0A,29.1A,-28.9A,18.5 deg.C,0.0 deg.C,52Ah,Discharge
2026-06-02 08:00:39,49.8V,0.0A,0.0A,27.6A,-28.5A,18.4 deg.C,0.0 deg.C,57Ah,Discharge
2026-06-02 07:50:39,49.9V,0.0A,0.0A,34.5A,-33.2A,18.4 deg.C,0.0 deg.C,62Ah,Discharge
2026-06-02 07:40:39,50.0V,0.0A,0.0A,29.0A,-29.8A,18.4 deg.C,0.0 deg.C,68Ah,Discharge
2026-06-02 07:30:39,50.2V,0.0A,0.0A,27.9A,-27.9A,18.4 deg.C,0.0 deg.C,72Ah,Discharge
2026-06-02 07:20:39,50.2V,0.0A,0.0A,33.5A,-32.7A,18.5 deg.C,0.0 deg.C,77Ah,Discharge
2026-06-02 07:10:39,50.4V,0.0A,0.0A,30.3A,-31.3A,18.5 deg.C,0.0 deg.C,83Ah,Discharge
2026-06-02 07:00:39,50.5V,0.0A,0.0A,30.7A,-30.5A,18.6 deg.C,0.0 deg.C,88Ah,Discharge
2026-06-02 06:50:39,50.6V,0.0A,0.0A,30.3A,-30.1A,18.7 deg.C,0.0 deg.C,93Ah,Discharge
2026-06-02 06:40:39,50.7V,0.0A,0.0A,30.3A,-30.3A,18.8 deg.C,0.0 deg.C,98Ah,Discharge
2026-06-02 06:30:39,50.8V,0.0A,0.0A,30.0A,-30.6A,19.0 deg.C,0.0 deg.C,103Ah,Discharge
2026-06-02 06:20:39,50.9V,0.0A,0.0A,31.8A,-30.3A,19.1 deg.C,0.0 deg.C,108Ah,Discharge
2026-06-02 06:10:39,51.0V,0.0A,0.0A,33.6A,-34.3A,19.2 deg.C,0.0 deg.C,113Ah,Discharge
2026-06-02 06:00:39,51.1V,0.0A,0.0A,30.2A,-30.0A,19.3 deg.C,0.0 deg.C,119Ah,Discharge
2026-06-02 05:50:39,51.2V,0.0A,0.0A,30.0A,-30.1A,19.5 deg.C,0.0 deg.C,124Ah,Discharge
2026-06-02 05:40:39,51.4V,0.0A,0.0A,30.1A,-29.6A,19.6 deg.C,0.0 deg.C,129Ah,Discharge
2026-06-02 05:30:39,51.5V,0.0A,0.0A,29.7A,-30.0A,19.7 deg.C,0.0 deg.C,134Ah,Discharge
2026-06-02 05:20:39,51.6V,0.0A,0.0A,29.2A,-29.5A,19.8 deg.C,0.0 deg.C,139Ah,Discharge
2026-06-02 05:10:39,51.7V,0.0A,0.0A,30.6A,-29.3A,20.0 deg.C,0.0 deg.C,143Ah,Discharge
2026-06-02 05:00:39,51.8V,0.0A,0.0A,29.2A,-29.4A,20.1 deg.C,0.0 deg.C,148Ah,Discharge
2026-06-02 04:50:39,51.9V,0.0A,0.0A,34.2A,-34.3A,20.3 deg.C,0.0 deg.C,154Ah,Discharge
2026-06-02 04:40:39,52.1V,0.0A,0.0A,29.4A,-29.2A,20.5 deg.C,0.0 deg.C,159Ah,Discharge
2026-06-02 04:30:39,52.2V,0.0A,0.0A,29.1A,-29.2A,20.6 deg.C,0.0 deg.C,164Ah,Discharge
2026-06-02 04:20:39,52.3V,0.0A,0.0A,28.5A,-29.3A,20.8 deg.C,0.0 deg.C,169Ah,Discharge
2026-06-02 04:10:39,52.4V,0.0A,0.0A,29.3A,-29.0A,21.0 deg.C,0.0 deg.C,173Ah,Discharge
2026-06-02 04:00:39,52.6V,0.0A,0.0A,29.2A,-29.0A,21.2 deg.C,0.0 deg.C,178Ah,Discharge
2026-06-02 03:50:39,52.7V,0.0A,0.0A,29.6A,-29.0A,21.5 deg.C,0.0 deg.C,183Ah,Discharge
2026-06-02 03:40:39,52.8V,0.0A,0.0A,28.7A,-29.0A,21.9 deg.C,0.0 deg.C,188Ah,Discharge
2026-06-02 03:30:39,52.9V,0.0A,0.0A,33.4A,-33.1A,22.1 deg.C,0.0 deg.C,193Ah,Discharge
2026-06-02 03:20:39,53.1V,0.0A,0.0A,30.3A,-29.8A,22.5 deg.C,0.0 deg.C,198Ah,Discharge
2026-06-02 03:10:39,53.3V,0.0A,0.0A,29.1A,-28.9A,22.8 deg.C,0.0 deg.C,203Ah,Discharge
2026-06-02 03:00:39,54.0V,0.0A,0.0A,0.0A,27.6A,22.6 deg.C,0.0 deg.C,202Ah,Float
2026-06-02 02:50:39,53.9V,0.0A,0.0A,0.0A,27.8A,22.4 deg.C,0.0 deg.C,197Ah,Float
2026-06-02 02:40:39,53.8V,0.0A,0.0A,0.0A,27.8A,22.0 deg.C,0.0 deg.C,192Ah,Float
2026-06-02 02:30:39,53.7V,0.0A,0.0A,0.0A,27.8A,21.5 deg.C,0.0 deg.C,188Ah,Float
2026-06-02 02:20:39,53.5V,0.0A,0.0A,0.0A,24.2A,20.6 deg.C,0.0 deg.C,183Ah,Float
2026-06-02 02:10:39,53.5V,0.0A,0.0A,0.0A,27.5A,19.5 deg.C,0.0 deg.C,179Ah,Float
2026-06-02 02:00:39,53.4V,0.0A,0.0A,0.0A,26.7A,19.7 deg.C,0.0 deg.C,174Ah,Float
2026-06-02 01:50:39,53.3V,0.0A,0.0A,0.0A,26.3A,20.6 deg.C,0.0 deg.C,170Ah,Float
2026-06-02 01:40:39,53.1V,0.0A,0.0A,0.0A,25.0A,22.7 deg.C,0.0 deg.C,166Ah,Float
2026-06-02 01:30:39,53.0V,0.0A,0.0A,0.0A,25.8A,22.5 deg.C,0.0 deg.C,161Ah,Float
2026-06-02 01:20:39,53.0V,0.0A,0.0A,0.0A,28.0A,22.0 deg.C,0.0 deg.C,157Ah,Float
2026-06-02 01:10:39,52.8V,0.0A,0.0A,0.0A,27.7A,21.5 deg.C,0.0 deg.C,153Ah,Float
2026-06-02 01:00:39,52.7V,0.0A,0.0A,0.0A,26.3A,20.7 deg.C,0.0 deg.C,148Ah,Float
2026-06-02 00:50:39,52.6V,0.0A,0.0A,0.0A,25.2A,19.6 deg.C,0.0 deg.C,144Ah,Float
2026-06-02 00:40:39,52.4V,0.0A,0.0A,0.0A,20.1A,19.3 deg.C,0.0 deg.C,140Ah,Float
2026-06-02 00:30:39,52.4V,0.0A,0.0A,0.0A,24.3A,19.5 deg.C,0.0 deg.C,136Ah,Float
2026-06-02 00:20:39,52.3V,0.0A,0.0A,0.0A,24.4A,20.1 deg.C,0.0 deg.C,132Ah,Float
2026-06-02 00:10:39,52.2V,0.0A,0.0A,0.0A,21.4A,21.8 deg.C,0.0 deg.C,129Ah,Float
2026-06-02 00:00:39,52.1V,0.0A,0.0A,0.0A,23.4A,22.0 deg.C,0.0 deg.C,125Ah,Float
2026-06-01 23:50:39,52.1V,0.0A,0.0A,0.0A,23.5A,21.4 deg.C,0.0 deg.C,121Ah,Float
2026-06-01 23:40:39,52.0V,0.0A,0.0A,0.0A,21.8A,20.6 deg.C,0.0 deg.C,118Ah,Float
2026-06-01 23:30:39,51.9V,0.0A,0.0A,0.0A,23.0A,19.7 deg.C,0.0 deg.C,114Ah,Float
2026-06-01 23:20:39,51.8V,0.0A,0.0A,0.0A,16.2A,18.9 deg.C,0.0 deg.C,110Ah,Float
2026-06-01 23:10:39,51.8V,0.0A,0.0A,0.0A,22.9A,19.0 deg.C,0.0 deg.C,107Ah,Float
2026-06-01 23:00:39,51.7V,0.0A,0.0A,0.0A,21.3A,19.1 deg.C,0.0 deg.C,103Ah,Float
2026-06-01 22:50:39,51.6V,0.0A,0.0A,0.0A,20.8A,19.2 deg.C,0.0 deg.C,100Ah,Float
2026-06-01 22:40:39,51.5V,0.0A,0.0A,0.0A,16.1A,19.3 deg.C,0.0 deg.C,96Ah,Float
2026-06-01 22:30:39,51.5V,0.0A,0.0A,0.0A,21.4A,19.3 deg.C,0.0 deg.C,93Ah,Float
2026-06-01 22:20:39,51.4V,0.0A,0.0A,0.0A,22.1A,19.5 deg.C,0.0 deg.C,89Ah,Float
2026-06-01 22:10:39,51.3V,0.0A,0.0A,0.0A,18.3A,19.6 deg.C,0.0 deg.C,86Ah,Float
2026-06-01 22:00:39,51.3V,0.0A,0.0A,0.0A,21.8A,19.7 deg.C,0.0 deg.C,82Ah,Float
2026-06-01 21:50:39,51.2V,0.0A,0.0A,0.0A,24.3A,19.8 deg.C,0.0 deg.C,79Ah,Float
2026-06-01 21:40:39,51.1V,0.0A,0.0A,0.0A,19.2A,19.9 deg.C,0.0 deg.C,75Ah,Float
2026-06-01 21:30:39,51.1V,0.0A,0.0A,0.0A,22.3A,19.9 deg.C,0.0 deg.C,72Ah,Float
2026-06-01 21:20:39,51.0V,0.0A,0.0A,0.0A,21.1A,20.0 deg.C,0.0 deg.C,68Ah,Float
2026-06-01 21:10:39,50.9V,0.0A,0.0A,0.0A,19.3A,20.1 deg.C,0.0 deg.C,65Ah,Float
2026-06-01 21:00:39,50.8V,0.0A,0.0A,0.0A,21.6A,20.1 deg.C,0.0 deg.C,61Ah,Float
2026-06-01 20:50:39,50.7V,0.0A,0.0A,0.0A,21.3A,20.2 deg.C,0.0 deg.C,58Ah,Float
2026-06-01 20:40:39,50.6V,0.0A,0.0A,0.0A,18.9A,20.3 deg.C,0.0 deg.C,54Ah,Float
2026-06-01 20:30:39,50.5V,0.0A,0.0A,0.0A,23.9A,20.4 deg.C,0.0 deg.C,51Ah,Float
2026-06-01 20:20:39,50.3V,0.0A,0.0A,0.0A,15.1A,20.5 deg.C,0.0 deg.C,47Ah,Float
2026-06-01 20:10:39,50.2V,0.0A,0.0A,0.0A,16.4A,20.5 deg.C,0.0 deg.C,44Ah,Float
2026-06-01 20:00:39,50.2V,0.0A,0.0A,0.0A,25.8A,20.7 deg.C,0.0 deg.C,40Ah,Float
2026-06-01 19:50:39,50.0V,0.0A,0.0A,0.0A,20.9A,20.8 deg.C,0.0 deg.C,36Ah,Float
2026-06-01 19:40:39,49.9V,0.0A,0.0A,0.0A,25.2A,20.9 deg.C,0.0 deg.C,33Ah,Float
2026-06-01 19:30:39,49.7V,0.0A,0.0A,0.0A,19.5A,21.0 deg.C,0.0 deg.C,29Ah,Float
2026-06-01 19:20:39,49.6V,0.0A,0.0A,0.0A,23.0A,21.1 deg.C,0.0 deg.C,25Ah,Float
2026-06-01 19:10:39,49.4V,0.0A,0.0A,0.0A,24.3A,21.2 deg.C,0.0 deg.C,21Ah,Float
2026-06-01 19:00:39,48.5V,0.0A,0.0A,37.0A,-38.6A,21.3 deg.C,0.0 deg.C,21Ah,Discharge
2026-06-01 18:50:39,48.8V,0.0A,0.0A,33.3A,-31.7A,21.4 deg.C,0.0 deg.C,26Ah,Discharge
2026-06-01 18:40:39,48.9V,0.0A,0.0A,36.0A,-36.4A,21.5 deg.C,0.0 deg.C,32Ah,Discharge
2026-06-01 18:30:39,49.1V,0.0A,0.0A,35.3A,-35.8A,21.5 deg.C,0.0 deg.C,38Ah,Discharge
2026-06-01 18:20:39,49.2V,0.0A,0.0A,39.0A,-37.0A,21.5 deg.C,0.0 deg.C,44Ah,Discharge
2026-06-01 18:10:39,49.4V,0.0A,0.0A,35.2A,-31.8A,21.6 deg.C,0.0 deg.C,50Ah,Discharge
2026-06-01 18:00:39,49.5V,0.0A,0.0A,35.7A,-36.0A,21.5 deg.C,0.0 deg.C,56Ah,Discharge
2026-06-01 17:50:39,49.6V,0.0A,0.0A,40.9A,-34.0A,21.5 deg.C,0.0 deg.C,62Ah,Discharge
2026-06-01 17:40:39,49.8V,0.0A,0.0A,37.8A,-38.9A,21.4 deg.C,0.0 deg.C,68Ah,Discharge
2026-06-01 17:30:39,50.0V,0.0A,0.0A,31.0A,-31.5A,21.4 deg.C,0.0 deg.C,74Ah,Discharge
2026-06-01 17:20:39,50.1V,0.0A,0.0A,33.5A,-34.6A,21.3 deg.C,0.0 deg.C,80Ah,Discharge
2026-06-01 17:10:39,50.3V,0.0A,0.0A,31.5A,-31.9A,21.3 deg.C,0.0 deg.C,86Ah,Discharge
2026-06-01 17:00:39,50.3V,0.0A,0.0A,39.5A,-39.6A,21.4 deg.C,0.0 deg.C,92Ah,Discharge
2026-06-01 16:50:39,50.5V,0.0A,0.0A,34.8A,-35.2A,21.4 deg.C,0.0 deg.C,98Ah,Discharge
2026-06-01 16:40:39,50.6V,0.0A,0.0A,32.5A,-31.6A,21.3 deg.C,0.0 deg.C,104Ah,Discharge
2026-06-01 16:30:39,50.7V,0.0A,0.0A,38.3A,-37.0A,21.3 deg.C,0.0 deg.C,110Ah,Discharge
2026-06-01 16:20:39,50.8V,0.0A,0.0A,38.1A,-38.3A,21.2 deg.C,0.0 deg.C,117Ah,Discharge
2026-06-01 16:10:39,51.0V,0.0A,0.0A,36.7A,-37.6A,21.2 deg.C,0.0 deg.C,123Ah,Discharge
2026-06-01 16:00:39,51.1V,0.0A,0.0A,38.2A,-38.9A,21.2 deg.C,0.0 deg.C,129Ah,Discharge
2026-06-01 15:50:39,51.2V,0.0A,0.0A,37.6A,-37.8A,21.1 deg.C,0.0 deg.C,135Ah,Discharge
2026-06-01 15:40:39,51.4V,0.0A,0.0A,37.2A,-40.2A,21.1 deg.C,0.0 deg.C,142Ah,Discharge
2026-06-01 15:30:39,51.6V,0.0A,0.0A,37.4A,-37.8A,21.1 deg.C,0.0 deg.C,148Ah,Discharge
2026-06-01 15:20:39,51.7V,0.0A,0.0A,37.3A,-37.7A,21.1 deg.C,0.0 deg.C,155Ah,Discharge
2026-06-01 15:10:39,51.9V,0.0A,0.0A,37.1A,-38.3A,21.2 deg.C,0.0 deg.C,161Ah,Discharge
2026-06-01 15:00:39,52.0V,0.0A,0.0A,40.2A,-37.0A,21.2 deg.C,0.0 deg.C,167Ah,Discharge
2026-06-01 14:50:39,52.2V,0.0A,0.0A,36.2A,-37.4A,21.3 deg.C,0.0 deg.C,173Ah,Discharge
2026-06-01 14:40:39,52.3V,0.0A,0.0A,39.2A,-38.0A,21.4 deg.C,0.0 deg.C,180Ah,Discharge
2026-06-01 14:30:39,52.5V,0.0A,0.0A,36.4A,-37.9A,21.5 deg.C,0.0 deg.C,186Ah,Discharge
2026-06-01 14:20:39,52.6V,0.0A,0.0A,37.5A,-37.9A,21.6 deg.C,0.0 deg.C,193Ah,Discharge
2026-06-01 14:10:39,52.8V,0.0A,0.0A,39.6A,-40.3A,21.8 deg.C,0.0 deg.C,199Ah,Discharge
2026-06-01 14:00:39,52.9V,0.0A,0.0A,38.5A,-38.5A,22.0 deg.C,0.0 deg.C,205Ah,Discharge
2026-06-01 13:50:39,53.1V,0.0A,0.0A,41.4A,-38.2A,22.3 deg.C,0.0 deg.C,212Ah,Discharge
2026-06-01 13:40:39,53.3V,0.0A,0.0A,38.9A,-39.0A,22.5 deg.C,0.0 deg.C,218Ah,Discharge
2026-06-01 13:30:39,54.1V,0.0A,0.0A,0.0A,19.2A,22.4 deg.C,0.0 deg.C,218Ah,Float
2026-06-01 13:20:39,54.0V,0.0A,0.0A,0.0A,19.3A,22.4 deg.C,0.0 deg.C,214Ah,Float
2026-06-01 13:10:39,53.9V,0.0A,0.0A,0.0A,19.1A,22.3 deg.C,0.0 deg.C,211Ah,Float
2026-06-01 13:00:39,53.9V,0.0A,0.0A,0.0A,17.8A,22.2 deg.C,0.0 deg.C,208Ah,Float
2026-06-01 12:50:39,53.8V,0.0A,0.0A,0.0A,19.0A,22.1 deg.C,0.0 deg.C,205Ah,Float
2026-06-01 12:40:39,53.8V,0.0A,0.0A,0.0A,20.0A,22.0 deg.C,0.0 deg.C,202Ah,Float
2026-06-01 12:30:39,53.7V,0.0A,0.0A,0.0A,19.5A,21.9 deg.C,0.0 deg.C,198Ah,Float
2026-06-01 12:20:39,53.6V,0.0A,0.0A,0.0A,19.8A,21.8 deg.C,0.0 deg.C,195Ah,Float
2026-06-01 12:10:39,53.5V,0.0A,0.0A,0.0A,19.0A,21.6 deg.C,0.0 deg.C,192Ah,Float
2026-06-01 12:00:39,53.4V,0.0A,0.0A,0.0A,17.8A,21.5 deg.C,0.0 deg.C,188Ah,Float
2026-06-01 11:50:39,53.4V,0.0A,0.0A,0.0A,18.5A,21.3 deg.C,0.0 deg.C,185Ah,Float
2026-06-01 11:40:39,53.3V,0.0A,0.0A,0.0A,18.1A,21.2 deg.C,0.0 deg.C,182Ah,Float
2026-06-01 11:30:39,53.2V,0.0A,0.0A,0.0A,20.1A,21.2 deg.C,0.0 deg.C,178Ah,Float
2026-06-01 11:20:39,53.1V,0.0A,0.0A,0.0A,14.8A,21.2 deg.C,0.0 deg.C,175Ah,Float
2026-06-01 11:10:39,53.1V,0.0A,0.0A,0.0A,21.8A,21.2 deg.C,0.0 deg.C,172Ah,Float
2026-06-01 11:00:39,53.0V,0.0A,0.0A,0.0A,23.0A,21.3 deg.C,0.0 deg.C,168Ah,Float
2026-06-01 10:50:39,52.9V,0.0A,0.0A,0.0A,21.8A,21.3 deg.C,0.0 deg.C,164Ah,Float
2026-06-01 10:40:39,52.8V,0.0A,0.0A,0.0A,22.5A,21.3 deg.C,0.0 deg.C,160Ah,Float
2026-06-01 10:30:39,52.7V,0.0A,0.0A,0.0A,23.0A,21.2 deg.C,0.0 deg.C,157Ah,Float
2026-06-01 10:20:39,52.7V,0.0A,0.0A,0.0A,27.4A,21.2 deg.C,0.0 deg.C,153Ah,Float
2026-06-01 10:10:39,52.5V,0.0A,0.0A,0.0A,23.9A,21.1 deg.C,0.0 deg.C,149Ah,Float
2026-06-01 10:00:39,52.4V,0.0A,0.0A,0.0A,24.5A,20.9 deg.C,0.0 deg.C,145Ah,Float
2026-06-01 09:50:39,52.3V,0.0A,0.0A,0.0A,23.1A,20.7 deg.C,0.0 deg.C,141Ah,Float
2026-06-01 09:40:39,52.2V,0.0A,0.0A,0.0A,24.1A,20.5 deg.C,0.0 deg.C,136Ah,Float
2026-06-01 09:30:39,52.2V,0.0A,0.0A,0.0A,23.6A,20.2 deg.C,0.0 deg.C,132Ah,Float
2026-06-01 09:20:39,52.1V,0.0A,0.0A,0.0A,29.1A,19.9 deg.C,0.0 deg.C,128Ah,Float
2026-06-01 09:10:39,52.0V,0.0A,0.0A,0.0A,23.4A,19.7 deg.C,0.0 deg.C,124Ah,Float
2026-06-01 09:00:39,51.9V,0.0A,0.0A,0.0A,24.0A,19.4 deg.C,0.0 deg.C,120Ah,Float
2026-06-01 08:50:39,51.8V,0.0A,0.0A,0.0A,25.4A,19.2 deg.C,0.0 deg.C,116Ah,Float
2026-06-01 08:40:39,51.7V,0.0A,0.0A,0.0A,25.7A,19.1 deg.C,0.0 deg.C,111Ah,Float
2026-06-01 08:30:39,51.7V,0.0A,0.0A,0.0A,27.9A,19.6 deg.C,0.0 deg.C,107Ah,Float
2026-06-01 08:20:39,51.6V,0.0A,0.0A,0.0A,23.6A,21.1 deg.C,0.0 deg.C,102Ah,Float
2026-06-01 08:10:39,51.6V,0.0A,0.0A,0.0A,30.4A,22.2 deg.C,0.0 deg.C,98Ah,Float
2026-06-01 08:00:39,51.4V,0.0A,0.0A,0.0A,24.7A,22.0 deg.C,0.0 deg.C,94Ah,Float
2026-06-01 07:50:39,51.4V,0.0A,0.0A,0.0A,30.2A,21.9 deg.C,0.0 deg.C,89Ah,Float
2026-06-01 07:40:39,51.3V,0.0A,0.0A,0.0A,30.5A,21.9 deg.C,0.0 deg.C,84Ah,Float
2026-06-01 07:30:39,51.2V,0.0A,0.0A,0.0A,30.7A,21.9 deg.C,0.0 deg.C,78Ah,Float
2026-06-01 07:20:39,51.0V,0.0A,0.0A,0.0A,25.9A,21.8 deg.C,0.0 deg.C,74Ah,Float
2026-06-01 07:10:39,50.9V,0.0A,0.0A,0.0A,29.5A,21.7 deg.C,0.0 deg.C,69Ah,Float
2026-06-01 07:00:39,50.8V,0.0A,0.0A,0.0A,29.1A,21.7 deg.C,0.0 deg.C,64Ah,Float
2026-06-01 06:50:39,50.6V,0.0A,0.0A,0.0A,25.6A,21.6 deg.C,0.0 deg.C,60Ah,Float
2026-06-01 06:40:39,50.5V,0.0A,0.0A,0.0A,29.2A,21.5 deg.C,0.0 deg.C,55Ah,Float
2026-06-01 06:30:39,50.4V,0.0A,0.0A,0.0A,30.1A,21.2 deg.C,0.0 deg.C,50Ah,Float
2026-06-01 06:20:39,50.2V,0.0A,0.0A,0.0A,30.5A,20.9 deg.C,0.0 deg.C,45Ah,Float
2026-06-01 06:10:39,50.0V,0.0A,0.0A,0.0A,30.2A,20.6 deg.C,0.0 deg.C,40Ah,Float
2026-06-01 06:00:39,49.8V,0.0A,0.0A,0.0A,30.0A,20.3 deg.C,0.0 deg.C,35Ah,Float
2026-06-01 05:50:39,49.6V,0.0A,0.0A,0.0A,30.1A,19.8 deg.C,0.0 deg.C,30Ah,Float
2026-06-01 05:40:39,49.3V,0.0A,0.0A,0.0A,26.2A,19.4 deg.C,0.0 deg.C,25Ah,Float
2026-06-01 05:30:39,48.5V,0.0A,0.0A,30.8A,-31.0A,19.3 deg.C,0.0 deg.C,25Ah,Discharge
2026-06-01 05:20:39,48.7V,0.0A,0.0A,31.7A,-31.1A,19.3 deg.C,0.0 deg.C,30Ah,Discharge
2026-06-01 05:10:39,48.9V,0.0A,0.0A,30.8A,-31.1A,19.4 deg.C,0.0 deg.C,35Ah,Discharge
2026-06-01 05:00:39,49.0V,0.0A,0.0A,30.7A,-30.8A,19.4 deg.C,0.0 deg.C,41Ah,Discharge
2026-06-01 04:50:39,49.2V,0.0A,0.0A,30.7A,-30.7A,19.4 deg.C,0.0 deg.C,46Ah,Discharge
2026-06-01 04:40:39,49.3V,0.0A,0.0A,30.7A,-30.7A,19.4 deg.C,0.0 deg.C,51Ah,Discharge
2026-06-01 04:30:39,49.5V,0.0A,0.0A,30.3A,-30.5A,19.4 deg.C,0.0 deg.C,56Ah,Discharge
2026-06-01 04:20:39,49.6V,0.0A,0.0A,30.4A,-30.5A,19.4 deg.C,0.0 deg.C,61Ah,Discharge
2026-06-01 04:10:39,49.7V,0.0A,0.0A,30.0A,-30.3A,19.4 deg.C,0.0 deg.C,66Ah,Discharge
2026-06-01 04:00:39,49.8V,0.0A,0.0A,34.2A,-34.3A,19.4 deg.C,0.0 deg.C,72Ah,Discharge
2026-06-01 03:50:39,49.9V,0.0A,0.0A,30.8A,-30.3A,19.5 deg.C,0.0 deg.C,77Ah,Discharge
2026-06-01 03:40:39,50.0V,0.0A,0.0A,30.5A,-30.4A,19.5 deg.C,0.0 deg.C,82Ah,Discharge
2026-06-01 03:30:39,50.2V,0.0A,0.0A,30.0A,-30.2A,19.6 deg.C,0.0 deg.C,87Ah,Discharge
2026-06-01 03:20:39,50.3V,0.0A,0.0A,30.1A,-30.4A,19.7 deg.C,0.0 deg.C,92Ah,Discharge
2026-06-01 03:10:39,50.4V,0.0A,0.0A,30.2A,-30.5A,19.8 deg.C,0.0 deg.C,97Ah,Discharge
2026-06-01 03:00:39,50.5V,0.0A,0.0A,31.8A,-30.8A,19.9 deg.C,0.0 deg.C,102Ah,Discharge
2026-06-01 02:50:39,50.6V,0.0A,0.0A,34.8A,-34.3A,20.0 deg.C,0.0 deg.C,108Ah,Discharge
2026-06-01 02:40:39,50.7V,0.0A,0.0A,29.8A,-32.6A,20.1 deg.C,0.0 deg.C,113Ah,Discharge
2026-06-01 02:30:39,50.8V,0.0A,0.0A,31.0A,-30.6A,20.2 deg.C,0.0 deg.C,118Ah,Discharge
2026-06-01 02:20:39,50.9V,0.0A,0.0A,29.6A,-30.8A,20.3 deg.C,0.0 deg.C,123Ah,Discharge
2026-06-01 02:10:39,51.0V,0.0A,0.0A,32.0A,-31.7A,20.4 deg.C,0.0 deg.C,129Ah,Discharge
2026-06-01 02:00:39,51.1V,0.0A,0.0A,33.9A,-34.9A,20.5 deg.C,0.0 deg.C,134Ah,Discharge
2026-06-01 01:50:39,51.3V,0.0A,0.0A,31.2A,-30.4A,20.6 deg.C,0.0 deg.C,139Ah,Discharge
2026-06-01 01:40:39,51.4V,0.0A,0.0A,29.8A,-30.3A,20.6 deg.C,0.0 deg.C,145Ah,Discharge
2026-06-01 01:30:39,51.5V,0.0A,0.0A,31.1A,-31.9A,20.7 deg.C,0.0 deg.C,150Ah,Discharge
2026-06-01 01:20:39,51.6V,0.0A,0.0A,34.4A,-34.9A,20.8 deg.C,0.0 deg.C,155Ah,Discharge
2026-06-01 01:10:39,51.8V,0.0A,0.0A,32.8A,-31.4A,20.9 deg.C,0.0 deg.C,161Ah,Discharge
2026-06-01 01:00:39,51.9V,0.0A,0.0A,30.5A,-31.5A,21.0 deg.C,0.0 deg.C,166Ah,Discharge
2026-06-01 00:50:39,52.1V,0.0A,0.0A,32.2A,-32.3A,21.1 deg.C,0.0 deg.C,172Ah,Discharge
2026-06-01 00:40:39,52.2V,0.0A,0.0A,31.7A,-31.7A,21.2 deg.C,0.0 deg.C,177Ah,Discharge
2026-06-01 00:30:39,52.3V,0.0A,0.0A,35.9A,-37.0A,21.2 deg.C,0.0 deg.C,183Ah,Discharge
2026-06-01 00:20:39,52.5V,0.0A,0.0A,30.3A,-32.7A,21.2 deg.C,0.0 deg.C,188Ah,Discharge
2026-06-01 00:10:39,52.6V,0.0A,0.0A,39.1A,-33.9A,21.2 deg.C,0.0 deg.C,194Ah,Discharge
2026-06-01 00:00:39,52.8V,0.0A,0.0A,36.4A,-34.1A,20.9 deg.C,0.0 deg.C,200Ah,Discharge
2026-05-31 23:50:39,53.7V,0.0A,0.0A,0.0A,22.8A,20.0 deg.C,0.0 deg.C,202Ah,Float
2026-05-31 23:40:39,53.6V,0.0A,0.0A,0.0A,23.5A,19.4 deg.C,0.0 deg.C,199Ah,Float
2026-05-31 23:30:39,53.5V,0.0A,0.0A,0.0A,22.5A,19.5 deg.C,0.0 deg.C,195Ah,Float
2026-05-31 23:20:39,53.3V,0.0A,0.0A,0.0A,16.7A,19.6 deg.C,0.0 deg.C,192Ah,Float
2026-05-31 23:10:39,53.3V,0.0A,0.0A,0.0A,21.3A,19.7 deg.C,0.0 deg.C,188Ah,Float
2026-05-31 23:00:39,53.2V,0.0A,0.0A,0.0A,22.9A,19.8 deg.C,0.0 deg.C,185Ah,Float
2026-05-31 22:50:39,53.1V,0.0A,0.0A,0.0A,21.9A,19.9 deg.C,0.0 deg.C,181Ah,Float
2026-05-31 22:40:39,53.1V,0.0A,0.0A,0.0A,20.8A,20.0 deg.C,0.0 deg.C,178Ah,Float
2026-05-31 22:30:39,53.0V,0.0A,0.0A,0.0A,21.6A,20.1 deg.C,0.0 deg.C,175Ah,Float
2026-05-31 22:20:39,52.9V,0.0A,0.0A,0.0A,20.1A,20.1 deg.C,0.0 deg.C,171Ah,Float
2026-05-31 22:10:39,52.8V,0.0A,0.0A,0.0A,18.8A,20.2 deg.C,0.0 deg.C,169Ah,Float
2026-05-31 22:00:39,52.7V,0.0A,0.0A,0.0A,21.5A,20.2 deg.C,0.0 deg.C,165Ah,Float
2026-05-31 21:50:39,52.6V,0.0A,0.0A,0.0A,17.5A,20.2 deg.C,0.0 deg.C,162Ah,Float
2026-05-31 21:40:39,52.6V,0.0A,0.0A,0.0A,20.3A,20.3 deg.C,0.0 deg.C,159Ah,Float
2026-05-31 21:30:39,52.5V,0.0A,0.0A,0.0A,22.3A,20.4 deg.C,0.0 deg.C,155Ah,Float
2026-05-31 21:20:39,52.4V,0.0A,0.0A,0.0A,16.6A,20.4 deg.C,0.0 deg.C,152Ah,Float
2026-05-31 21:10:39,52.3V,0.0A,0.0A,0.0A,21.5A,20.4 deg.C,0.0 deg.C,149Ah,Float
2026-05-31 21:00:39,52.3V,0.0A,0.0A,0.0A,22.2A,20.5 deg.C,0.0 deg.C,145Ah,Float
2026-05-31 20:50:39,52.2V,0.0A,0.0A,0.0A,18.3A,20.5 deg.C,0.0 deg.C,142Ah,Float
2026-05-31 20:40:39,52.1V,0.0A,0.0A,0.0A,21.3A,20.5 deg.C,0.0 deg.C,139Ah,Float
2026-05-31 20:30:39,52.0V,0.0A,0.0A,0.0A,19.4A,20.4 deg.C,0.0 deg.C,135Ah,Float
2026-05-31 20:20:39,52.0V,0.0A,0.0A,0.0A,23.3A,20.4 deg.C,0.0 deg.C,132Ah,Float
2026-05-31 20:10:39,51.9V,0.0A,0.0A,0.0A,17.6A,20.4 deg.C,0.0 deg.C,128Ah,Float
2026-05-31 20:00:39,51.8V,0.0A,0.0A,0.0A,18.4A,20.3 deg.C,0.0 deg.C,125Ah,Float
2026-05-31 19:50:39,51.8V,0.0A,0.0A,0.0A,24.9A,20.2 deg.C,0.0 deg.C,121Ah,Float
2026-05-31 19:40:39,51.7V,0.0A,0.0A,0.0A,19.1A,20.2 deg.C,0.0 deg.C,117Ah,Float
2026-05-31 19:30:39,51.6V,0.0A,0.0A,0.0A,22.8A,20.1 deg.C,0.0 deg.C,114Ah,Float
2026-05-31 19:20:39,51.5V,0.0A,0.0A,0.0A,19.7A,20.0 deg.C,0.0 deg.C,110Ah,Float
2026-05-31 19:10:39,51.6V,0.0A,0.0A,0.0A,28.4A,20.0 deg.C,0.0 deg.C,106Ah,Float
2026-05-31 19:00:39,51.4V,0.0A,0.0A,0.0A,20.8A,20.0 deg.C,0.0 deg.C,102Ah,Float
2026-05-31 18:50:39,51.4V,0.0A,0.0A,0.0A,28.1A,20.0 deg.C,0.0 deg.C,98Ah,Float
2026-05-31 18:40:39,51.3V,0.0A,0.0A,0.0A,23.0A,20.1 deg.C,0.0 deg.C,94Ah,Float
2026-05-31 18:30:39,51.3V,0.0A,0.0A,0.0A,28.3A,20.2 deg.C,0.0 deg.C,89Ah,Float
2026-05-31 18:20:39,51.1V,0.0A,0.0A,0.0A,23.3A,20.3 deg.C,0.0 deg.C,85Ah,Float
2026-05-31 18:10:39,51.0V,0.0A,0.0A,0.0A,22.1A,20.3 deg.C,0.0 deg.C,82Ah,Float
2026-05-31 18:00:39,50.9V,0.0A,0.0A,0.0A,22.0A,20.3 deg.C,0.0 deg.C,78Ah,Float
2026-05-31 17:50:39,50.8V,0.0A,0.0A,0.0A,21.3A,20.4 deg.C,0.0 deg.C,74Ah,Float
2026-05-31 17:40:39,50.7V,0.0A,0.0A,0.0A,21.8A,20.5 deg.C,0.0 deg.C,70Ah,Float
2026-05-31 17:30:39,50.6V,0.0A,0.0A,0.0A,20.8A,20.6 deg.C,0.0 deg.C,66Ah,Float
2026-05-31 17:20:39,50.5V,0.0A,0.0A,0.0A,20.2A,20.7 deg.C,0.0 deg.C,63Ah,Float
2026-05-31 17:10:39,50.4V,0.0A,0.0A,0.0A,21.5A,20.8 deg.C,0.0 deg.C,59Ah,Float
2026-05-31 17:00:39,50.3V,0.0A,0.0A,0.0A,26.2A,21.0 deg.C,0.0 deg.C,56Ah,Float
2026-05-31 16:50:39,50.1V,0.0A,0.0A,0.0A,19.2A,21.1 deg.C,0.0 deg.C,52Ah,Float
2026-05-31 16:40:39,50.0V,0.0A,0.0A,0.0A,20.5A,21.3 deg.C,0.0 deg.C,49Ah,Float
2026-05-31 16:30:39,49.9V,0.0A,0.0A,0.0A,20.7A,21.5 deg.C,0.0 deg.C,45Ah,Float
2026-05-31 16:20:39,49.7V,0.0A,0.0A,0.0A,21.7A,21.7 deg.C,0.0 deg.C,42Ah,Float
2026-05-31 16:10:39,49.6V,0.0A,0.0A,0.0A,22.3A,21.8 deg.C,0.0 deg.C,38Ah,Float
2026-05-31 16:00:39,49.4V,0.0A,0.0A,0.0A,21.0A,21.9 deg.C,0.0 deg.C,35Ah,Float
2026-05-31 15:50:39,48.5V,0.0A,0.0A,39.8A,-39.0A,22.0 deg.C,0.0 deg.C,32Ah,Discharge
2026-05-31 15:40:39,48.7V,0.0A,0.0A,36.5A,-38.4A,21.9 deg.C,0.0 deg.C,39Ah,Discharge
2026-05-31 15:30:39,48.9V,0.0A,0.0A,37.6A,-38.8A,22.0 deg.C,0.0 deg.C,45Ah,Discharge
2026-05-31 15:20:39,49.1V,0.0A,0.0A,36.2A,-37.0A,22.0 deg.C,0.0 deg.C,51Ah,Discharge
2026-05-31 15:10:39,49.2V,0.0A,0.0A,36.6A,-37.8A,22.0 deg.C,0.0 deg.C,57Ah,Discharge
2026-05-31 15:00:39,49.4V,0.0A,0.0A,37.7A,-38.7A,22.0 deg.C,0.0 deg.C,64Ah,Discharge
2026-05-31 14:50:39,49.5V,0.0A,0.0A,36.0A,-38.6A,22.0 deg.C,0.0 deg.C,70Ah,Discharge
2026-05-31 14:40:39,49.7V,0.0A,0.0A,36.8A,-38.1A,22.0 deg.C,0.0 deg.C,77Ah,Discharge
2026-05-31 14:30:39,49.8V,0.0A,0.0A,38.2A,-39.6A,21.9 deg.C,0.0 deg.C,83Ah,Discharge
2026-05-31 14:20:39,50.0V,0.0A,0.0A,36.0A,-37.7A,21.9 deg.C,0.0 deg.C,89Ah,Discharge
2026-05-31 14:10:39,50.1V,0.0A,0.0A,36.2A,-37.4A,21.9 deg.C,0.0 deg.C,96Ah,Discharge
2026-05-31 14:00:39,50.2V,0.0A,0.0A,38.3A,-37.6A,21.9 deg.C,0.0 deg.C,102Ah,Discharge
2026-05-31 13:50:39,50.4V,0.0A,0.0A,36.6A,-36.6A,21.9 deg.C,0.0 deg.C,108Ah,Discharge
2026-05-31 13:40:39,50.5V,0.0A,0.0A,37.4A,-37.3A,21.9 deg.C,0.0 deg.C,115Ah,Discharge
2026-05-31 13:30:39,50.6V,0.0A,0.0A,35.6A,-37.3A,22.0 deg.C,0.0 deg.C,121Ah,Discharge
2026-05-31 13:20:39,50.8V,0.0A,0.0A,37.0A,-36.7A,22.0 deg.C,0.0 deg.C,127Ah,Discharge
2026-05-31 13:10:39,50.9V,0.0A,0.0A,36.5A,-37.3A,22.1 deg.C,0.0 deg.C,133Ah,Discharge
2026-05-31 13:00:39,51.0V,0.0A,0.0A,38.3A,-37.2A,22.1 deg.C,0.0 deg.C,139Ah,Discharge
2026-05-31 12:50:39,51.2V,0.0A,0.0A,37.2A,-36.6A,22.2 deg.C,0.0 deg.C,145Ah,Discharge
2026-05-31 12:40:39,51.3V,0.0A,0.0A,37.5A,-36.9A,22.2 deg.C,0.0 deg.C,152Ah,Discharge
2026-05-31 12:30:39,51.5V,0.0A,0.0A,34.4A,-35.7A,22.2 deg.C,0.0 deg.C,158Ah,Discharge
2026-05-31 12:20:39,51.6V,0.0A,0.0A,36.8A,-36.2A,22.2 deg.C,0.0 deg.C,164Ah,Discharge
2026-05-31 12:10:39,51.8V,0.0A,0.0A,33.2A,-33.0A,22.2 deg.C,0.0 deg.C,170Ah,Discharge
2026-05-31 12:00:39,51.9V,0.0A,0.0A,38.8A,-35.5A,22.2 deg.C,0.0 deg.C,176Ah,Discharge
2026-05-31 11:50:39,52.1V,0.0A,0.0A,34.1A,-35.4A,22.1 deg.C,0.0 deg.C,182Ah,Discharge
2026-05-31 11:40:39,52.2V,0.0A,0.0A,32.8A,-35.1A,22.0 deg.C,0.0 deg.C,188Ah,Discharge
2026-05-31 11:30:39,52.3V,0.0A,0.0A,36.9A,-33.9A,22.0 deg.C,0.0 deg.C,193Ah,Discharge
2026-05-31 11:20:39,52.5V,0.0A,0.0A,29.3A,-29.3A,22.0 deg.C,0.0 deg.C,199Ah,Discharge
2026-05-31 11:10:39,52.6V,0.0A,0.0A,33.7A,-34.1A,22.1 deg.C,0.0 deg.C,205Ah,Discharge
2026-05-31 11:00:39,52.8V,0.0A,0.0A,33.8A,-33.6A,22.1 deg.C,0.0 deg.C,210Ah,Discharge
2026-05-31 10:50:39,52.9V,0.0A,0.0A,33.3A,-33.7A,22.1 deg.C,0.0 deg.C,216Ah,Discharge
2026-05-31 10:40:39,53.0V,0.0A,0.0A,33.0A,-33.7A,22.0 deg.C,0.0 deg.C,221Ah,Discharge
2026-05-31 10:30:39,53.1V,0.0A,0.0A,34.7A,-34.9A,22.0 deg.C,0.0 deg.C,226Ah,Discharge
2026-05-31 10:20:39,53.2V,0.0A,0.0A,34.1A,-34.0A,21.9 deg.C,0.0 deg.C,232Ah,Discharge
2026-05-31 10:10:39,53.3V,0.0A,0.0A,32.5A,-32.9A,21.8 deg.C,0.0 deg.C,238Ah,Discharge
2026-05-31 10:00:39,53.5V,0.0A,0.0A,33.8A,-33.0A,21.5 deg.C,0.0 deg.C,243Ah,Discharge
2026-05-31 09:50:39,53.7V,0.0A,0.0A,34.6A,-33.7A,21.3 deg.C,0.0 deg.C,248Ah,Discharge
2026-05-31 09:40:39,54.0V,0.0A,0.0A,33.5A,-33.6A,21.2 deg.C,0.0 deg.C,254Ah,Discharge
2026-05-31 09:30:39,54.8V,0.0A,0.0A,0.0A,21.6A,20.9 deg.C,0.0 deg.C,256Ah,Float
2026-05-31 09:20:39,54.7V,0.0A,0.0A,0.0A,23.2A,20.5 deg.C,0.0 deg.C,252Ah,Float
2026-05-31 09:10:39,54.6V,0.0A,0.0A,0.0A,23.9A,20.3 deg.C,0.0 deg.C,248Ah,Float
2026-05-31 09:00:39,54.5V,0.0A,0.0A,0.0A,27.5A,20.1 deg.C,0.0 deg.C,244Ah,Float
2026-05-31 08:50:39,54.3V,0.0A,0.0A,0.0A,22.3A,20.0 deg.C,0.0 deg.C,240Ah,Float
2026-05-31 08:40:39,54.2V,0.0A,0.0A,0.0A,21.8A,20.1 deg.C,0.0 deg.C,236Ah,Float
2026-05-31 08:30:39,54.2V,0.0A,0.0A,0.0A,26.3A,21.0 deg.C,0.0 deg.C,232Ah,Float
2026-05-31 08:20:39,54.0V,0.0A,0.0A,0.0A,20.2A,23.5 deg.C,0.0 deg.C,228Ah,Float
2026-05-31 08:10:39,54.1V,0.0A,0.0A,0.0A,28.8A,23.6 deg.C,0.0 deg.C,223Ah,Float
2026-05-31 08:00:39,53.9V,0.0A,0.0A,0.0A,24.9A,23.3 deg.C,0.0 deg.C,219Ah,Float
2026-05-31 07:50:39,53.9V,0.0A,0.0A,0.0A,29.5A,23.2 deg.C,0.0 deg.C,214Ah,Float
2026-05-31 07:40:39,53.8V,0.0A,0.0A,0.0A,29.6A,23.1 deg.C,0.0 deg.C,209Ah,Float
2026-05-31 07:30:39,53.6V,0.0A,0.0A,0.0A,30.3A,22.9 deg.C,0.0 deg.C,205Ah,Float
2026-05-31 07:20:39,53.5V,0.0A,0.0A,0.0A,27.8A,22.7 deg.C,0.0 deg.C,199Ah,Float
2026-05-31 07:10:39,53.4V,0.0A,0.0A,0.0A,27.8A,22.4 deg.C,0.0 deg.C,195Ah,Float
2026-05-31 07:00:39,53.3V,0.0A,0.0A,0.0A,28.3A,21.9 deg.C,0.0 deg.C,190Ah,Float
2026-05-31 06:50:39,53.2V,0.0A,0.0A,0.0A,28.2A,21.2 deg.C,0.0 deg.C,186Ah,Float
2026-05-31 06:40:39,53.0V,0.0A,0.0A,0.0A,27.8A,20.0 deg.C,0.0 deg.C,181Ah,Float
2026-05-31 06:30:39,52.9V,0.0A,0.0A,0.0A,27.1A,20.1 deg.C,0.0 deg.C,176Ah,Float
2026-05-31 06:20:39,52.8V,0.0A,0.0A,0.0A,24.9A,22.8 deg.C,0.0 deg.C,172Ah,Float
2026-05-31 06:10:39,52.8V,0.0A,0.0A,0.0A,28.5A,23.3 deg.C,0.0 deg.C,168Ah,Float
2026-05-31 06:00:39,52.6V,0.0A,0.0A,0.0A,28.4A,23.1 deg.C,0.0 deg.C,163Ah,Float
2026-05-31 05:50:39,52.5V,0.0A,0.0A,0.0A,28.4A,23.0 deg.C,0.0 deg.C,158Ah,Float
2026-05-31 05:40:39,52.4V,0.0A,0.0A,0.0A,28.0A,22.9 deg.C,0.0 deg.C,154Ah,Float
2026-05-31 05:30:39,52.3V,0.0A,0.0A,0.0A,28.8A,22.8 deg.C,0.0 deg.C,149Ah,Float
2026-05-31 05:20:39,52.2V,0.0A,0.0A,0.0A,28.6A,22.6 deg.C,0.0 deg.C,144Ah,Float
2026-05-31 05:10:39,52.1V,0.0A,0.0A,0.0A,29.3A,22.3 deg.C,0.0 deg.C,139Ah,Float
2026-05-31 05:00:39,52.0V,0.0A,0.0A,0.0A,29.5A,22.0 deg.C,0.0 deg.C,134Ah,Float
2026-05-31 04:50:39,51.9V,0.0A,0.0A,0.0A,29.1A,21.6 deg.C,0.0 deg.C,129Ah,Float
2026-05-31 04:40:39,51.8V,0.0A,0.0A,0.0A,29.3A,20.9 deg.C,0.0 deg.C,125Ah,Float
2026-05-31 04:30:39,51.7V,0.0A,0.0A,0.0A,29.1A,19.9 deg.C,0.0 deg.C,120Ah,Float
2026-05-31 04:20:39,51.6V,0.0A,0.0A,0.0A,27.9A,19.1 deg.C,0.0 deg.C,115Ah,Float
2026-05-31 04:10:39,51.5V,0.0A,0.0A,0.0A,27.8A,20.0 deg.C,0.0 deg.C,111Ah,Float
2026-05-31 04:00:39,51.4V,0.0A,0.0A,0.0A,26.6A,22.2 deg.C,0.0 deg.C,106Ah,Float
2026-05-31 03:50:39,51.4V,0.0A,0.0A,0.0A,29.3A,22.6 deg.C,0.0 deg.C,102Ah,Float
2026-05-31 03:40:39,51.2V,0.0A,0.0A,0.0A,25.4A,22.4 deg.C,0.0 deg.C,97Ah,Float
2026-05-31 03:30:39,51.2V,0.0A,0.0A,0.0A,29.5A,22.1 deg.C,0.0 deg.C,92Ah,Float
2026-05-31 03:20:39,51.1V,0.0A,0.0A,0.0A,28.9A,21.7 deg.C,0.0 deg.C,87Ah,Float
2026-05-31 03:10:39,51.0V,0.0A,0.0A,0.0A,29.6A,21.0 deg.C,0.0 deg.C,83Ah,Float
2026-05-31 03:00:39,50.8V,0.0A,0.0A,0.0A,28.3A,20.1 deg.C,0.0 deg.C,78Ah,Float
2026-05-31 02:50:39,50.6V,0.0A,0.0A,0.0A,28.3A,19.2 deg.C,0.0 deg.C,73Ah,Float
2026-05-31 02:40:39,50.5V,0.0A,0.0A,0.0A,24.1A,19.5 deg.C,0.0 deg.C,69Ah,Float
2026-05-31 02:30:39,50.4V,0.0A,0.0A,0.0A,28.4A,19.8 deg.C,0.0 deg.C,64Ah,Float
2026-05-31 02:20:39,50.2V,0.0A,0.0A,0.0A,28.0A,20.3 deg.C,0.0 deg.C,59Ah,Float
2026-05-31 02:10:39,50.0V,0.0A,0.0A,0.0A,28.1A,21.6 deg.C,0.0 deg.C,55Ah,Float
2026-05-31 02:00:39,49.8V,0.0A,0.0A,0.0A,22.3A,22.9 deg.C,0.0 deg.C,50Ah,Float
2026-05-31 01:50:39,49.7V,0.0A,0.0A,0.0A,27.0A,22.6 deg.C,0.0 deg.C,46Ah,Float
2026-05-31 01:40:39,49.5V,0.0A,0.0A,0.0A,24.4A,22.2 deg.C,0.0 deg.C,42Ah,Float
2026-05-31 01:30:39,48.5V,0.0A,0.0A,35.9A,-35.1A,22.0 deg.C,0.0 deg.C,39Ah,Discharge
2026-05-31 01:20:39,48.6V,0.0A,0.0A,42.3A,-38.1A,22.0 deg.C,0.0 deg.C,44Ah,Discharge
2026-05-31 01:10:39,48.9V,0.0A,0.0A,33.1A,-33.1A,22.0 deg.C,0.0 deg.C,50Ah,Discharge
2026-05-31 01:00:39,49.1V,0.0A,0.0A,32.9A,-33.3A,22.0 deg.C,0.0 deg.C,56Ah,Discharge
2026-05-31 00:50:39,49.2V,0.0A,0.0A,35.0A,-34.5A,22.0 deg.C,0.0 deg.C,62Ah,Discharge
2026-05-31 00:40:39,49.3V,0.0A,0.0A,38.2A,-37.6A,22.0 deg.C,0.0 deg.C,68Ah,Discharge
2026-05-31 00:30:39,49.5V,0.0A,0.0A,33.1A,-33.4A,22.1 deg.C,0.0 deg.C,74Ah,Discharge
2026-05-31 00:20:39,49.7V,0.0A,0.0A,32.1A,-32.8A,22.1 deg.C,0.0 deg.C,80Ah,Discharge
2026-05-31 00:10:39,49.8V,0.0A,0.0A,35.9A,-37.9A,22.1 deg.C,0.0 deg.C,85Ah,Discharge
2026-05-31 00:00:39,49.9V,0.0A,0.0A,33.2A,-33.6A,22.1 deg.C,0.0 deg.C,92Ah,Discharge
2026-05-30 23:50:39,50.0V,0.0A,0.0A,36.0A,-34.7A,22.2 deg.C,0.0 deg.C,97Ah,Discharge
2026-05-30 23:40:39,50.2V,0.0A,0.0A,36.6A,-35.2A,22.2 deg.C,0.0 deg.C,103Ah,Discharge
2026-05-30 23:30:39,50.3V,0.0A,0.0A,37.6A,-38.0A,22.3 deg.C,0.0 deg.C,110Ah,Discharge
2026-05-30 23:20:39,50.5V,0.0A,0.0A,33.4A,-36.4A,22.4 deg.C,0.0 deg.C,115Ah,Discharge
2026-05-30 23:10:39,50.6V,0.0A,0.0A,32.1A,-34.9A,22.4 deg.C,0.0 deg.C,121Ah,Discharge
2026-05-30 23:00:39,50.7V,0.0A,0.0A,34.0A,-36.3A,22.5 deg.C,0.0 deg.C,128Ah,Discharge
2026-05-30 22:50:39,50.8V,0.0A,0.0A,34.0A,-35.4A,22.6 deg.C,0.0 deg.C,134Ah,Discharge
2026-05-30 22:40:39,50.9V,0.0A,0.0A,40.1A,-39.3A,22.7 deg.C,0.0 deg.C,140Ah,Discharge
2026-05-30 22:30:39,51.1V,0.0A,0.0A,35.4A,-39.8A,22.8 deg.C,0.0 deg.C,147Ah,Discharge
2026-05-30 22:20:39,51.2V,0.0A,0.0A,37.7A,-36.7A,22.8 deg.C,0.0 deg.C,153Ah,Discharge
2026-05-30 22:10:39,51.4V,0.0A,0.0A,39.5A,-39.7A,22.9 deg.C,0.0 deg.C,159Ah,Discharge
2026-05-30 22:00:39,51.5V,0.0A,0.0A,41.9A,-41.2A,22.9 deg.C,0.0 deg.C,165Ah,Discharge
2026-05-30 21:50:39,51.7V,0.0A,0.0A,35.7A,-35.2A,22.9 deg.C,0.0 deg.C,172Ah,Discharge
2026-05-30 21:40:39,51.8V,0.0A,0.0A,36.7A,-37.5A,22.9 deg.C,0.0 deg.C,178Ah,Discharge
2026-05-30 21:30:39,52.0V,0.0A,0.0A,31.5A,-33.6A,22.8 deg.C,0.0 deg.C,184Ah,Discharge
2026-05-30 21:20:39,52.1V,0.0A,0.0A,38.0A,-38.3A,22.7 deg.C,0.0 deg.C,190Ah,Discharge
2026-05-30 21:10:39,52.3V,0.0A,0.0A,34.2A,-34.4A,22.4 deg.C,0.0 deg.C,196Ah,Discharge
2026-05-30 21:00:39,52.4V,0.0A,0.0A,36.3A,-35.3A,21.9 deg.C,0.0 deg.C,202Ah,Discharge
2026-05-30 20:50:39,52.6V,0.0A,0.0A,37.8A,-38.0A,21.0 deg.C,0.0 deg.C,209Ah,Discharge
2026-05-30 20:40:39,53.6V,0.0A,0.0A,0.0A,21.9A,20.8 deg.C,0.0 deg.C,213Ah,Float
2026-05-30 20:30:39,53.5V,0.0A,0.0A,0.0A,17.4A,20.8 deg.C,0.0 deg.C,211Ah,Float
2026-05-30 20:20:39,53.5V,0.0A,0.0A,0.0A,22.6A,20.8 deg.C,0.0 deg.C,207Ah,Float
2026-05-30 20:10:39,53.3V,0.0A,0.0A,0.0A,18.5A,20.7 deg.C,0.0 deg.C,204Ah,Float
2026-05-30 20:00:39,53.3V,0.0A,0.0A,0.0A,23.4A,20.6 deg.C,0.0 deg.C,201Ah,Float
2026-05-30 19:50:39,53.2V,0.0A,0.0A,0.0A,19.4A,20.5 deg.C,0.0 deg.C,197Ah,Float
2026-05-30 19:40:39,53.2V,0.0A,0.0A,0.0A,23.5A,20.4 deg.C,0.0 deg.C,193Ah,Float
2026-05-30 19:30:39,53.1V,0.0A,0.0A,0.0A,19.8A,20.4 deg.C,0.0 deg.C,189Ah,Float
2026-05-30 19:20:39,53.0V,0.0A,0.0A,0.0A,20.6A,20.3 deg.C,0.0 deg.C,186Ah,Float
2026-05-30 19:10:39,52.9V,0.0A,0.0A,0.0A,27.6A,20.3 deg.C,0.0 deg.C,182Ah,Float
2026-05-30 19:00:39,52.8V,0.0A,0.0A,0.0A,22.4A,20.3 deg.C,0.0 deg.C,178Ah,Float
2026-05-30 18:50:39,52.7V,0.0A,0.0A,0.0A,26.1A,20.3 deg.C,0.0 deg.C,174Ah,Float
2026-05-30 18:40:39,52.6V,0.0A,0.0A,0.0A,20.5A,20.3 deg.C,0.0 deg.C,170Ah,Float
2026-05-30 18:30:39,52.5V,0.0A,0.0A,0.0A,26.0A,20.3 deg.C,0.0 deg.C,166Ah,Float
2026-05-30 18:20:39,52.4V,0.0A,0.0A,0.0A,19.1A,20.3 deg.C,0.0 deg.C,163Ah,Float
2026-05-30 18:10:39,52.3V,0.0A,0.0A,0.0A,25.3A,20.3 deg.C,0.0 deg.C,159Ah,Float
2026-05-30 18:00:39,52.2V,0.0A,0.0A,0.0A,21.5A,20.3 deg.C,0.0 deg.C,155Ah,Float
2026-05-30 17:50:39,52.2V,0.0A,0.0A,0.0A,24.5A,20.3 deg.C,0.0 deg.C,151Ah,Float
2026-05-30 17:40:39,52.0V,0.0A,0.0A,0.0A,22.6A,20.3 deg.C,0.0 deg.C,147Ah,Float
2026-05-30 17:30:39,52.0V,0.0A,0.0A,0.0A,27.0A,20.3 deg.C,0.0 deg.C,144Ah,Float
2026-05-30 17:20:39,51.9V,0.0A,0.0A,0.0A,22.3A,20.4 deg.C,0.0 deg.C,140Ah,Float
2026-05-30 17:10:39,51.9V,0.0A,0.0A,0.0A,25.0A,20.5 deg.C,0.0 deg.C,137Ah,Float
2026-05-30 17:00:39,51.7V,0.0A,0.0A,0.0A,21.1A,20.6 deg.C,0.0 deg.C,133Ah,Float
2026-05-30 16:50:39,51.7V,0.0A,0.0A,0.0A,20.8A,20.7 deg.C,0.0 deg.C,129Ah,Float
2026-05-30 16:40:39,51.6V,0.0A,0.0A,0.0A,20.6A,20.9 deg.C,0.0 deg.C,126Ah,Float
2026-05-30 16:30:39,51.5V,0.0A,0.0A,0.0A,20.7A,21.0 deg.C,0.0 deg.C,123Ah,Float
2026-05-30 16:20:39,51.5V,0.0A,0.0A,0.0A,17.8A,21.1 deg.C,0.0 deg.C,119Ah,Float
2026-05-30 16:10:39,51.4V,0.0A,0.0A,0.0A,20.8A,21.3 deg.C,0.0 deg.C,116Ah,Float
2026-05-30 16:00:39,51.4V,0.0A,0.0A,0.0A,20.4A,21.5 deg.C,0.0 deg.C,112Ah,Float
2026-05-30 15:50:39,51.3V,0.0A,0.0A,0.0A,20.1A,21.6 deg.C,0.0 deg.C,109Ah,Float
2026-05-30 15:40:39,51.2V,0.0A,0.0A,0.0A,20.4A,21.7 deg.C,0.0 deg.C,106Ah,Float
2026-05-30 15:30:39,51.2V,0.0A,0.0A,0.0A,21.0A,21.8 deg.C,0.0 deg.C,103Ah,Float
2026-05-30 15:20:39,51.1V,0.0A,0.0A,0.0A,17.2A,21.9 deg.C,0.0 deg.C,99Ah,Float
2026-05-30 15:10:39,51.0V,0.0A,0.0A,0.0A,19.9A,22.1 deg.C,0.0 deg.C,96Ah,Float
2026-05-30 15:00:39,51.0V,0.0A,0.0A,0.0A,21.3A,22.3 deg.C,0.0 deg.C,93Ah,Float
2026-05-30 14:50:39,50.8V,0.0A,0.0A,0.0A,20.5A,22.4 deg.C,0.0 deg.C,89Ah,Float
2026-05-30 14:40:39,50.8V,0.0A,0.0A,0.0A,19.9A,22.5 deg.C,0.0 deg.C,86Ah,Float
2026-05-30 14:30:39,50.7V,0.0A,0.0A,0.0A,19.9A,22.5 deg.C,0.0 deg.C,83Ah,Float
2026-05-30 14:20:38,50.5V,0.0A,0.0A,0.0A,18.6A,22.6 deg.C,0.0 deg.C,80Ah,Float
2026-05-30 14:10:38,50.5V,0.0A,0.0A,0.0A,21.0A,22.6 deg.C,0.0 deg.C,76Ah,Float
2026-05-30 14:00:38,50.4V,0.0A,0.0A,0.0A,19.8A,22.7 deg.C,0.0 deg.C,73Ah,Float
2026-05-30 13:50:38,50.3V,0.0A,0.0A,0.0A,19.2A,22.6 deg.C,0.0 deg.C,70Ah,Float
2026-05-30 13:40:38,50.2V,0.0A,0.0A,0.0A,20.3A,22.6 deg.C,0.0 deg.C,67Ah,Float
2026-05-30 13:30:38,50.0V,0.0A,0.0A,0.0A,20.3A,22.5 deg.C,0.0 deg.C,63Ah,Float
2026-05-30 13:20:38,50.0V,0.0A,0.0A,0.0A,24.8A,22.5 deg.C,0.0 deg.C,60Ah,Float
2026-05-30 13:10:38,49.8V,0.0A,0.0A,0.0A,20.3A,22.5 deg.C,0.0 deg.C,57Ah,Float
2026-05-30 13:00:38,49.6V,0.0A,0.0A,0.0A,19.2A,22.5 deg.C,0.0 deg.C,53Ah,Float
2026-05-30 12:50:38,49.5V,0.0A,0.0A,0.0A,21.3A,22.5 deg.C,0.0 deg.C,50Ah,Float
2026-05-30 12:40:38,49.3V,0.0A,0.0A,0.0A,27.6A,22.5 deg.C,0.0 deg.C,46Ah,Float
2026-05-30 12:30:38,48.6V,0.0A,0.0A,37.3A,-38.9A,22.5 deg.C,0.0 deg.C,50Ah,Discharge
2026-05-30 12:20:38,48.8V,0.0A,0.0A,37.6A,-38.1A,22.4 deg.C,0.0 deg.C,57Ah,Discharge
2026-05-30 12:10:38,49.0V,0.0A,0.0A,42.7A,-37.8A,22.3 deg.C,0.0 deg.C,63Ah,Discharge
2026-05-30 12:00:38,49.2V,0.0A,0.0A,38.8A,-36.7A,22.1 deg.C,0.0 deg.C,69Ah,Discharge
2026-05-30 11:50:38,49.3V,0.0A,0.0A,38.9A,-38.1A,21.9 deg.C,0.0 deg.C,75Ah,Discharge
2026-05-30 11:40:38,49.5V,0.0A,0.0A,45.4A,-42.2A,21.8 deg.C,0.0 deg.C,82Ah,Discharge
2026-05-30 11:30:38,49.7V,0.0A,0.0A,36.3A,-36.2A,21.6 deg.C,0.0 deg.C,88Ah,Discharge
2026-05-30 11:20:38,49.8V,0.0A,0.0A,35.7A,-36.8A,21.5 deg.C,0.0 deg.C,94Ah,Discharge
2026-05-30 11:10:38,49.9V,0.0A,0.0A,36.0A,-35.5A,21.4 deg.C,0.0 deg.C,100Ah,Discharge
2026-05-30 11:00:38,50.1V,0.0A,0.0A,36.7A,-37.7A,21.3 deg.C,0.0 deg.C,106Ah,Discharge
2026-05-30 10:50:38,50.2V,0.0A,0.0A,35.3A,-34.8A,21.2 deg.C,0.0 deg.C,112Ah,Discharge
2026-05-30 10:40:38,50.3V,0.0A,0.0A,36.7A,-38.0A,21.3 deg.C,0.0 deg.C,118Ah,Discharge
2026-05-30 10:30:38,50.5V,0.0A,0.0A,34.8A,-34.9A,21.4 deg.C,0.0 deg.C,124Ah,Discharge
2026-05-30 10:20:38,50.6V,0.0A,0.0A,36.0A,-35.9A,21.8 deg.C,0.0 deg.C,130Ah,Discharge
2026-05-30 10:10:38,50.7V,0.0A,0.0A,38.5A,-37.5A,22.7 deg.C,0.0 deg.C,136Ah,Discharge
2026-05-30 10:00:38,50.8V,0.0A,0.0A,37.4A,-37.5A,23.9 deg.C,0.0 deg.C,142Ah,Discharge
2026-05-30 09:50:38,51.0V,0.0A,0.0A,38.6A,-34.1A,23.4 deg.C,0.0 deg.C,148Ah,Discharge
2026-05-30 09:40:38,51.1V,0.0A,0.0A,33.3A,-33.3A,22.9 deg.C,0.0 deg.C,154Ah,Discharge
2026-05-30 09:30:38,51.3V,0.0A,0.0A,32.6A,-33.0A,22.5 deg.C,0.0 deg.C,160Ah,Discharge
2026-05-30 09:20:38,51.5V,0.0A,0.0A,27.4A,-27.8A,22.1 deg.C,0.0 deg.C,165Ah,Discharge
2026-05-30 09:10:38,51.5V,0.0A,0.0A,31.3A,-32.5A,21.8 deg.C,0.0 deg.C,170Ah,Discharge
2026-05-30 09:00:38,51.6V,0.0A,0.0A,36.4A,-35.0A,21.4 deg.C,0.0 deg.C,175Ah,Discharge
2026-05-30 08:50:38,51.8V,0.0A,0.0A,34.6A,-33.1A,21.0 deg.C,0.0 deg.C,181Ah,Discharge
2026-05-30 08:40:38,51.9V,0.0A,0.0A,31.9A,-32.5A,20.7 deg.C,0.0 deg.C,186Ah,Discharge
2026-05-30 08:30:38,52.1V,0.0A,0.0A,27.9A,-29.1A,20.5 deg.C,0.0 deg.C,191Ah,Discharge
2026-05-30 08:20:38,52.2V,0.0A,0.0A,32.7A,-32.2A,20.3 deg.C,0.0 deg.C,197Ah,Discharge
2026-05-30 08:10:38,52.3V,0.0A,0.0A,28.5A,-28.6A,20.2 deg.C,0.0 deg.C,202Ah,Discharge
2026-05-30 08:00:38,52.4V,0.0A,0.0A,31.6A,-32.1A,20.1 deg.C,0.0 deg.C,207Ah,Discharge
2026-05-30 07:50:38,52.6V,0.0A,0.0A,27.5A,-27.5A,20.3 deg.C,0.0 deg.C,211Ah,Discharge
2026-05-30 07:40:38,52.7V,0.0A,0.0A,27.4A,-27.5A,20.5 deg.C,0.0 deg.C,216Ah,Discharge
2026-05-30 07:30:38,52.8V,0.0A,0.0A,27.9A,-28.6A,20.7 deg.C,0.0 deg.C,221Ah,Discharge
2026-05-30 07:20:38,52.8V,0.0A,0.0A,30.2A,-32.4A,21.0 deg.C,0.0 deg.C,226Ah,Discharge
2026-05-30 07:10:38,53.0V,0.0A,0.0A,30.3A,-29.8A,21.3 deg.C,0.0 deg.C,231Ah,Discharge
2026-05-30 07:00:38,53.1V,0.0A,0.0A,31.6A,-30.6A,21.6 deg.C,0.0 deg.C,236Ah,Discharge
2026-05-30 06:50:38,53.2V,0.0A,0.0A,30.8A,-29.6A,21.9 deg.C,0.0 deg.C,241Ah,Discharge
2026-05-30 06:40:38,53.3V,0.0A,0.0A,29.5A,-29.4A,22.4 deg.C,0.0 deg.C,246Ah,Discharge
2026-05-30 06:30:38,53.5V,0.0A,0.0A,28.2A,-29.2A,22.9 deg.C,0.0 deg.C,251Ah,Discharge
2026-05-30 06:20:38,54.4V,0.0A,0.0A,0.0A,27.9A,23.0 deg.C,0.0 deg.C,254Ah,Float
2026-05-30 06:10:38,54.3V,0.0A,0.0A,0.0A,26.9A,22.8 deg.C,0.0 deg.C,249Ah,Float
2026-05-30 06:00:38,54.2V,0.0A,0.0A,0.0A,24.0A,22.6 deg.C,0.0 deg.C,245Ah,Float
2026-05-30 05:50:38,54.1V,0.0A,0.0A,0.0A,28.0A,22.1 deg.C,0.0 deg.C,240Ah,Float
2026-05-30 05:40:38,54.0V,0.0A,0.0A,0.0A,28.1A,21.5 deg.C,0.0 deg.C,236Ah,Float
2026-05-30 05:30:38,53.9V,0.0A,0.0A,0.0A,28.4A,20.3 deg.C,0.0 deg.C,231Ah,Float
2026-05-30 05:20:38,53.8V,0.0A,0.0A,0.0A,26.5A,19.9 deg.C,0.0 deg.C,226Ah,Float
2026-05-30 05:10:38,53.7V,0.0A,0.0A,0.0A,24.9A,22.0 deg.C,0.0 deg.C,222Ah,Float
2026-05-30 05:00:38,53.6V,0.0A,0.0A,0.0A,28.0A,23.3 deg.C,0.0 deg.C,218Ah,Float
2026-05-30 04:50:38,53.5V,0.0A,0.0A,0.0A,27.8A,23.1 deg.C,0.0 deg.C,213Ah,Float
2026-05-30 04:40:38,53.4V,0.0A,0.0A,0.0A,28.4A,22.9 deg.C,0.0 deg.C,208Ah,Float
2026-05-30 04:30:38,53.3V,0.0A,0.0A,0.0A,28.4A,22.6 deg.C,0.0 deg.C,204Ah,Float
2026-05-30 04:20:38,53.2V,0.0A,0.0A,0.0A,28.3A,22.3 deg.C,0.0 deg.C,199Ah,Float
2026-05-30 04:10:38,53.1V,0.0A,0.0A,0.0A,28.4A,21.7 deg.C,0.0 deg.C,195Ah,Float
2026-05-30 04:00:38,53.0V,0.0A,0.0A,0.0A,28.7A,21.0 deg.C,0.0 deg.C,190Ah,Float
2026-05-30 03:50:38,52.9V,0.0A,0.0A,0.0A,28.5A,19.8 deg.C,0.0 deg.C,185Ah,Float
2026-05-30 03:40:38,52.7V,0.0A,0.0A,0.0A,27.5A,19.5 deg.C,0.0 deg.C,180Ah,Float
2026-05-30 03:30:38,52.6V,0.0A,0.0A,0.0A,27.5A,20.2 deg.C,0.0 deg.C,176Ah,Float
2026-05-30 03:20:38,52.5V,0.0A,0.0A,0.0A,25.8A,22.2 deg.C,0.0 deg.C,172Ah,Float
2026-05-30 03:10:38,52.4V,0.0A,0.0A,0.0A,29.1A,22.7 deg.C,0.0 deg.C,167Ah,Float
2026-05-30 03:00:38,52.3V,0.0A,0.0A,0.0A,28.2A,22.4 deg.C,0.0 deg.C,163Ah,Float
2026-05-30 02:50:38,52.2V,0.0A,0.0A,0.0A,28.7A,22.1 deg.C,0.0 deg.C,158Ah,Float
2026-05-30 02:40:38,52.1V,0.0A,0.0A,0.0A,24.2A,21.6 deg.C,0.0 deg.C,153Ah,Float
2026-05-30 02:30:38,52.0V,0.0A,0.0A,0.0A,28.4A,20.8 deg.C,0.0 deg.C,149Ah,Float
2026-05-30 02:20:38,51.9V,0.0A,0.0A,0.0A,28.7A,19.8 deg.C,0.0 deg.C,144Ah,Float
2026-05-30 02:10:38,51.8V,0.0A,0.0A,0.0A,26.7A,19.2 deg.C,0.0 deg.C,140Ah,Float
2026-05-30 02:00:38,51.7V,0.0A,0.0A,0.0A,26.1A,19.4 deg.C,0.0 deg.C,135Ah,Float
2026-05-30 01:50:38,51.6V,0.0A,0.0A,0.0A,23.3A,19.7 deg.C,0.0 deg.C,131Ah,Float
2026-05-30 01:40:38,51.6V,0.0A,0.0A,0.0A,26.8A,20.6 deg.C,0.0 deg.C,127Ah,Float
2026-05-30 01:30:38,51.5V,0.0A,0.0A,0.0A,25.9A,22.2 deg.C,0.0 deg.C,122Ah,Float
2026-05-30 01:20:38,51.4V,0.0A,0.0A,0.0A,24.7A,21.9 deg.C,0.0 deg.C,118Ah,Float
2026-05-30 01:10:38,51.3V,0.0A,0.0A,0.0A,21.3A,21.3 deg.C,0.0 deg.C,114Ah,Float
2026-05-30 01:00:38,51.3V,0.0A,0.0A,0.0A,26.3A,20.5 deg.C,0.0 deg.C,110Ah,Float
2026-05-30 00:50:38,51.2V,0.0A,0.0A,0.0A,25.6A,19.4 deg.C,0.0 deg.C,106Ah,Float
2026-05-30 00:40:38,51.1V,0.0A,0.0A,0.0A,25.5A,19.3 deg.C,0.0 deg.C,102Ah,Float
2026-05-30 00:30:38,50.9V,0.0A,0.0A,0.0A,19.5A,19.4 deg.C,0.0 deg.C,98Ah,Float
2026-05-30 00:20:38,50.9V,0.0A,0.0A,0.0A,22.1A,19.5 deg.C,0.0 deg.C,95Ah,Float
2026-05-30 00:10:38,50.8V,0.0A,0.0A,0.0A,24.0A,19.7 deg.C,0.0 deg.C,91Ah,Float
2026-05-30 00:00:38,50.6V,0.0A,0.0A,0.0A,25.1A,19.8 deg.C,0.0 deg.C,87Ah,Float
2026-05-29 23:50:38,50.5V,0.0A,0.0A,0.0A,17.3A,19.9 deg.C,0.0 deg.C,84Ah,Float
2026-05-29 23:40:38,50.4V,0.0A,0.0A,0.0A,20.8A,19.9 deg.C,0.0 deg.C,80Ah,Float
2026-05-29 23:30:38,50.3V,0.0A,0.0A,0.0A,21.7A,20.0 deg.C,0.0 deg.C,77Ah,Float
2026-05-29 23:20:38,50.1V,0.0A,0.0A,0.0A,18.2A,20.0 deg.C,0.0 deg.C,73Ah,Float
2026-05-29 23:10:38,50.1V,0.0A,0.0A,0.0A,22.4A,20.1 deg.C,0.0 deg.C,70Ah,Float
2026-05-29 23:00:38,49.9V,0.0A,0.0A,0.0A,23.0A,20.2 deg.C,0.0 deg.C,66Ah,Float
2026-05-29 22:50:38,49.7V,0.0A,0.0A,0.0A,17.9A,20.6 deg.C,0.0 deg.C,63Ah,Float
2026-05-29 22:40:38,49.6V,0.0A,0.0A,0.0A,21.5A,21.3 deg.C,0.0 deg.C,59Ah,Float
2026-05-29 22:30:38,49.4V,0.0A,0.0A,0.0A,18.9A,23.0 deg.C,0.0 deg.C,56Ah,Float
2026-05-29 22:20:38,49.2V,0.0A,0.0A,0.0A,18.8A,23.9 deg.C,0.0 deg.C,53Ah,Float
2026-05-29 22:10:38,48.7V,0.0A,0.0A,39.6A,-37.6A,23.9 deg.C,0.0 deg.C,58Ah,Discharge
2026-05-29 22:00:38,48.9V,0.0A,0.0A,38.9A,-40.6A,23.9 deg.C,0.0 deg.C,65Ah,Discharge
2026-05-29 21:50:38,49.1V,0.0A,0.0A,41.7A,-39.4A,23.8 deg.C,0.0 deg.C,72Ah,Discharge
2026-05-29 21:40:38,49.3V,0.0A,0.0A,39.3A,-37.0A,23.8 deg.C,0.0 deg.C,78Ah,Discharge
2026-05-29 21:30:38,49.4V,0.0A,0.0A,39.8A,-41.7A,23.7 deg.C,0.0 deg.C,85Ah,Discharge
2026-05-29 21:20:38,49.6V,0.0A,0.0A,33.2A,-37.3A,23.6 deg.C,0.0 deg.C,91Ah,Discharge
2026-05-29 21:10:37,49.7V,0.0A,0.0A,40.2A,-39.4A,23.5 deg.C,0.0 deg.C,97Ah,Discharge
2026-05-29 21:00:37,49.9V,0.0A,0.0A,33.0A,-34.7A,23.4 deg.C,0.0 deg.C,104Ah,Discharge
2026-05-29 20:50:37,50.0V,0.0A,0.0A,37.3A,-38.3A,23.3 deg.C,0.0 deg.C,110Ah,Discharge
2026-05-29 20:40:37,50.2V,0.0A,0.0A,36.8A,-39.4A,23.2 deg.C,0.0 deg.C,116Ah,Discharge
2026-05-29 20:30:37,50.3V,0.0A,0.0A,35.3A,-35.7A,23.1 deg.C,0.0 deg.C,122Ah,Discharge
2026-05-29 20:20:37,50.4V,0.0A,0.0A,38.5A,-37.8A,23.1 deg.C,0.0 deg.C,129Ah,Discharge
2026-05-29 20:10:37,50.6V,0.0A,0.0A,33.1A,-33.5A,22.9 deg.C,0.0 deg.C,134Ah,Discharge
2026-05-29 20:00:37,50.7V,0.0A,0.0A,40.0A,-38.8A,22.8 deg.C,0.0 deg.C,140Ah,Discharge
2026-05-29 19:50:37,50.9V,0.0A,0.0A,32.2A,-31.7A,22.6 deg.C,0.0 deg.C,146Ah,Discharge
2026-05-29 19:40:37,50.9V,0.0A,0.0A,36.4A,-37.7A,22.2 deg.C,0.0 deg.C,152Ah,Discharge
2026-05-29 19:30:37,51.1V,0.0A,0.0A,32.5A,-33.2A,21.7 deg.C,0.0 deg.C,158Ah,Discharge
2026-05-29 19:20:37,51.1V,0.0A,0.0A,46.7A,-37.5A,21.0 deg.C,0.0 deg.C,164Ah,Discharge
2026-05-29 19:10:37,51.4V,0.0A,0.0A,37.7A,-34.9A,21.0 deg.C,0.0 deg.C,170Ah,Discharge
2026-05-29 19:00:37,51.5V,0.0A,0.0A,42.3A,-35.9A,21.2 deg.C,0.0 deg.C,175Ah,Discharge
2026-05-29 18:50:37,51.6V,0.0A,0.0A,33.7A,-35.3A,21.3 deg.C,0.0 deg.C,181Ah,Discharge
2026-05-29 18:40:37,51.7V,0.0A,0.0A,40.4A,-37.6A,21.3 deg.C,0.0 deg.C,186Ah,Discharge
2026-05-29 18:30:37,51.9V,0.0A,0.0A,36.4A,-36.4A,21.3 deg.C,0.0 deg.C,193Ah,Discharge
2026-05-29 18:20:37,52.1V,0.0A,0.0A,35.4A,-34.8A,21.2 deg.C,0.0 deg.C,198Ah,Discharge
2026-05-29 18:10:37,52.2V,0.0A,0.0A,33.7A,-34.2A,21.0 deg.C,0.0 deg.C,204Ah,Discharge
2026-05-29 18:00:37,52.3V,0.0A,0.0A,35.4A,-35.2A,20.8 deg.C,0.0 deg.C,209Ah,Discharge
2026-05-29 17:50:37,52.5V,0.0A,0.0A,35.6A,-35.2A,20.7 deg.C,0.0 deg.C,215Ah,Discharge
2026-05-29 17:40:37,52.7V,0.0A,0.0A,29.8A,-30.8A,20.6 deg.C,0.0 deg.C,220Ah,Discharge
2026-05-29 17:30:37,53.0V,0.0A,0.0A,35.7A,-35.4A,20.5 deg.C,0.0 deg.C,226Ah,Float
2026-05-29 17:20:37,53.6V,0.0A,0.0A,0.0A,24.6A,20.6 deg.C,0.0 deg.C,222Ah,Float
2026-05-29 17:10:37,53.4V,0.0A,0.0A,0.0A,21.9A,20.7 deg.C,0.0 deg.C,219Ah,Float
2026-05-29 17:00:37,53.4V,0.0A,0.0A,0.0A,24.2A,20.9 deg.C,0.0 deg.C,215Ah,Float
2026-05-29 16:50:37,53.2V,0.0A,0.0A,0.0A,19.7A,21.0 deg.C,0.0 deg.C,212Ah,Float
2026-05-29 16:40:37,53.2V,0.0A,0.0A,0.0A,24.4A,21.2 deg.C,0.0 deg.C,209Ah,Float
2026-05-29 16:30:37,53.1V,0.0A,0.0A,0.0A,20.0A,21.4 deg.C,0.0 deg.C,205Ah,Float
2026-05-29 16:20:37,53.0V,0.0A,0.0A,0.0A,23.4A,21.6 deg.C,0.0 deg.C,202Ah,Float
2026-05-29 16:10:37,52.9V,0.0A,0.0A,0.0A,18.8A,21.8 deg.C,0.0 deg.C,198Ah,Float
2026-05-29 16:00:37,52.9V,0.0A,0.0A,0.0A,20.6A,22.0 deg.C,0.0 deg.C,195Ah,Float
2026-05-29 15:50:37,52.8V,0.0A,0.0A,0.0A,20.0A,22.1 deg.C,0.0 deg.C,192Ah,Float
2026-05-29 15:40:37,52.7V,0.0A,0.0A,0.0A,20.1A,22.2 deg.C,0.0 deg.C,189Ah,Float
2026-05-29 15:30:37,52.6V,0.0A,0.0A,0.0A,19.8A,22.2 deg.C,0.0 deg.C,185Ah,Float
2026-05-29 15:20:37,52.5V,0.0A,0.0A,0.0A,18.6A,22.1 deg.C,0.0 deg.C,182Ah,Float
2026-05-29 15:10:37,52.4V,0.0A,0.0A,0.0A,17.3A,22.1 deg.C,0.0 deg.C,179Ah,Float
2026-05-29 15:00:37,52.3V,0.0A,0.0A,0.0A,19.2A,22.2 deg.C,0.0 deg.C,176Ah,Float
2026-05-29 14:50:37,52.3V,0.0A,0.0A,0.0A,18.4A,22.6 deg.C,0.0 deg.C,172Ah,Float
2026-05-29 14:40:37,52.2V,0.0A,0.0A,0.0A,20.3A,22.8 deg.C,0.0 deg.C,169Ah,Float
2026-05-29 14:30:37,52.1V,0.0A,0.0A,0.0A,19.2A,23.0 deg.C,0.0 deg.C,165Ah,Float
2026-05-29 14:20:37,52.0V,0.0A,0.0A,0.0A,18.3A,23.1 deg.C,0.0 deg.C,162Ah,Float
2026-05-29 14:10:37,52.0V,0.0A,0.0A,0.0A,19.0A,23.0 deg.C,0.0 deg.C,159Ah,Float
2026-05-29 14:00:37,51.9V,0.0A,0.0A,0.0A,19.0A,23.0 deg.C,0.0 deg.C,156Ah,Float
2026-05-29 13:50:37,51.8V,0.0A,0.0A,0.0A,18.7A,22.9 deg.C,0.0 deg.C,153Ah,Float
2026-05-29 13:40:37,51.8V,0.0A,0.0A,0.0A,20.4A,22.7 deg.C,0.0 deg.C,149Ah,Float
2026-05-29 13:30:37,51.7V,0.0A,0.0A,0.0A,20.0A,22.5 deg.C,0.0 deg.C,146Ah,Float
2026-05-29 13:20:37,51.7V,0.0A,0.0A,0.0A,20.2A,22.3 deg.C,0.0 deg.C,143Ah,Float
2026-05-29 13:10:37,51.6V,0.0A,0.0A,0.0A,19.7A,22.1 deg.C,0.0 deg.C,139Ah,Float
2026-05-29 13:00:37,51.5V,0.0A,0.0A,0.0A,20.8A,21.9 deg.C,0.0 deg.C,136Ah,Float
2026-05-29 12:50:37,51.5V,0.0A,0.0A,0.0A,18.7A,21.9 deg.C,0.0 deg.C,133Ah,Float
2026-05-29 12:40:37,51.5V,0.0A,0.0A,0.0A,23.3A,22.0 deg.C,0.0 deg.C,129Ah,Float
2026-05-29 12:30:37,51.4V,0.0A,0.0A,0.0A,20.5A,21.9 deg.C,0.0 deg.C,126Ah,Float
2026-05-29 12:20:37,51.3V,0.0A,0.0A,0.0A,20.3A,21.8 deg.C,0.0 deg.C,122Ah,Float
2026-05-29 12:10:37,51.2V,0.0A,0.0A,0.0A,20.3A,21.6 deg.C,0.0 deg.C,119Ah,Float
2026-05-29 12:00:37,51.2V,0.0A,0.0A,0.0A,19.4A,21.3 deg.C,0.0 deg.C,116Ah,Float
2026-05-29 11:50:37,51.1V,0.0A,0.0A,0.0A,20.2A,21.0 deg.C,0.0 deg.C,112Ah,Float
2026-05-29 11:40:37,51.0V,0.0A,0.0A,0.0A,20.5A,20.8 deg.C,0.0 deg.C,109Ah,Float
2026-05-29 11:30:37,50.9V,0.0A,0.0A,0.0A,17.9A,20.7 deg.C,0.0 deg.C,105Ah,Float
2026-05-29 11:20:37,50.8V,0.0A,0.0A,0.0A,21.2A,20.7 deg.C,0.0 deg.C,102Ah,Float
2026-05-29 11:10:37,50.7V,0.0A,0.0A,0.0A,21.3A,20.7 deg.C,0.0 deg.C,98Ah,Float
2026-05-29 11:00:37,50.7V,0.0A,0.0A,0.0A,26.3A,20.8 deg.C,0.0 deg.C,95Ah,Float
2026-05-29 10:50:37,50.5V,0.0A,0.0A,0.0A,22.1A,20.8 deg.C,0.0 deg.C,91Ah,Float
2026-05-29 10:40:37,50.4V,0.0A,0.0A,0.0A,21.3A,20.9 deg.C,0.0 deg.C,87Ah,Float
2026-05-29 10:30:37,50.3V,0.0A,0.0A,0.0A,22.1A,21.0 deg.C,0.0 deg.C,83Ah,Float
2026-05-29 10:20:37,50.2V,0.0A,0.0A,0.0A,22.9A,21.1 deg.C,0.0 deg.C,80Ah,Float
2026-05-29 10:10:37,50.1V,0.0A,0.0A,0.0A,28.9A,21.2 deg.C,0.0 deg.C,76Ah,Float
2026-05-29 10:00:37,49.9V,0.0A,0.0A,0.0A,23.9A,21.6 deg.C,0.0 deg.C,72Ah,Float
2026-05-29 09:50:37,49.7V,0.0A,0.0A,0.0A,23.6A,22.3 deg.C,0.0 deg.C,68Ah,Float
2026-05-29 09:40:37,49.5V,0.0A,0.0A,0.0A,23.9A,23.8 deg.C,0.0 deg.C,64Ah,Float
2026-05-29 09:30:37,49.4V,0.0A,0.0A,0.0A,30.4A,23.1 deg.C,0.0 deg.C,60Ah,Float
2026-05-29 09:20:37,48.6V,0.0A,0.0A,33.3A,-34.3A,22.6 deg.C,0.0 deg.C,62Ah,Discharge
2026-05-29 09:10:37,48.9V,0.0A,0.0A,28.6A,-30.2A,22.1 deg.C,0.0 deg.C,68Ah,Discharge
2026-05-29 09:00:37,49.0V,0.0A,0.0A,33.2A,-33.5A,21.7 deg.C,0.0 deg.C,73Ah,Discharge
2026-05-29 08:50:37,49.2V,0.0A,0.0A,29.7A,-32.3A,21.2 deg.C,0.0 deg.C,79Ah,Discharge
2026-05-29 08:40:37,49.3V,0.0A,0.0A,32.3A,-32.7A,20.8 deg.C,0.0 deg.C,84Ah,Discharge
2026-05-29 08:30:37,49.5V,0.0A,0.0A,28.9A,-29.3A,20.6 deg.C,0.0 deg.C,89Ah,Discharge
2026-05-29 08:20:37,49.6V,0.0A,0.0A,32.9A,-32.6A,20.4 deg.C,0.0 deg.C,95Ah,Discharge
2026-05-29 08:10:37,49.7V,0.0A,0.0A,30.0A,-29.5A,20.4 deg.C,0.0 deg.C,100Ah,Discharge
2026-05-29 08:00:36,49.8V,0.0A,0.0A,29.5A,-29.2A,20.3 deg.C,0.0 deg.C,105Ah,Discharge
2026-05-29 07:50:36,49.9V,0.0A,0.0A,36.8A,-33.7A,20.3 deg.C,0.0 deg.C,110Ah,Discharge
2026-05-29 07:40:36,50.1V,0.0A,0.0A,28.9A,-30.7A,20.3 deg.C,0.0 deg.C,115Ah,Discharge
2026-05-29 07:30:35,50.2V,0.0A,0.0A,27.2A,-29.6A,20.3 deg.C,0.0 deg.C,120Ah,Discharge
2026-05-29 07:20:35,50.2V,0.0A,0.0A,35.6A,-35.7A,20.3 deg.C,0.0 deg.C,125Ah,Discharge
2026-05-29 07:10:35,50.4V,0.0A,0.0A,30.3A,-30.8A,20.3 deg.C,0.0 deg.C,131Ah,Discharge
2026-05-29 07:00:35,50.5V,0.0A,0.0A,33.0A,-31.2A,20.4 deg.C,0.0 deg.C,137Ah,Discharge
2026-05-29 06:50:35,50.6V,0.0A,0.0A,31.6A,-30.6A,20.5 deg.C,0.0 deg.C,142Ah,Discharge
2026-05-29 06:40:35,50.7V,0.0A,0.0A,34.4A,-34.3A,20.6 deg.C,0.0 deg.C,147Ah,Discharge
2026-05-29 06:30:35,50.9V,0.0A,0.0A,30.0A,-30.4A,20.6 deg.C,0.0 deg.C,152Ah,Discharge
2026-05-29 06:20:35,51.0V,0.0A,0.0A,30.6A,-30.1A,20.7 deg.C,0.0 deg.C,157Ah,Discharge
2026-05-29 06:10:35,51.1V,0.0A,0.0A,29.4A,-30.0A,20.8 deg.C,0.0 deg.C,163Ah,Discharge
2026-05-29 06:00:35,51.1V,0.0A,0.0A,34.0A,-34.0A,20.9 deg.C,0.0 deg.C,168Ah,Discharge
2026-05-29 05:50:35,51.3V,0.0A,0.0A,30.3A,-29.9A,21.0 deg.C,0.0 deg.C,173Ah,Discharge
2026-05-29 05:40:35,51.4V,0.0A,0.0A,29.3A,-30.0A,21.1 deg.C,0.0 deg.C,178Ah,Discharge
2026-05-29 05:30:35,51.5V,0.0A,0.0A,33.0A,-34.2A,21.1 deg.C,0.0 deg.C,183Ah,Discharge
2026-05-29 05:20:35,51.7V,0.0A,0.0A,29.0A,-29.6A,21.2 deg.C,0.0 deg.C,189Ah,Discharge
2026-05-29 05:10:35,51.8V,0.0A,0.0A,29.9A,-29.7A,21.2 deg.C,0.0 deg.C,194Ah,Discharge
2026-05-29 05:00:35,51.9V,0.0A,0.0A,33.7A,-33.5A,21.2 deg.C,0.0 deg.C,199Ah,Discharge
2026-05-29 04:50:35,52.1V,0.0A,0.0A,29.3A,-29.4A,21.3 deg.C,0.0 deg.C,204Ah,Discharge
2026-05-29 04:40:35,52.2V,0.0A,0.0A,29.6A,-29.2A,21.3 deg.C,0.0 deg.C,209Ah,Discharge
2026-05-29 04:30:35,52.3V,0.0A,0.0A,29.0A,-29.2A,21.3 deg.C,0.0 deg.C,214Ah,Discharge
2026-05-29 04:20:35,52.4V,0.0A,0.0A,29.4A,-29.2A,21.3 deg.C,0.0 deg.C,220Ah,Discharge
2026-05-29 04:10:35,52.6V,0.0A,0.0A,29.3A,-29.2A,21.3 deg.C,0.0 deg.C,225Ah,Discharge
2026-05-29 04:00:35,52.7V,0.0A,0.0A,29.1A,-29.2A,21.1 deg.C,0.0 deg.C,229Ah,Discharge
2026-05-29 03:50:35,52.8V,0.0A,0.0A,33.0A,-33.1A,20.8 deg.C,0.0 deg.C,235Ah,Discharge
2026-05-29 03:40:35,53.0V,0.0A,0.0A,28.8A,-29.3A,20.2 deg.C,0.0 deg.C,240Ah,Discharge
2026-05-29 03:30:35,53.8V,0.0A,0.0A,0.0A,26.9A,19.9 deg.C,0.0 deg.C,242Ah,Float
2026-05-29 03:20:35,53.7V,0.0A,0.0A,0.0A,21.6A,20.1 deg.C,0.0 deg.C,238Ah,Float
2026-05-29 03:10:35,53.6V,0.0A,0.0A,0.0A,25.7A,20.7 deg.C,0.0 deg.C,234Ah,Float
2026-05-29 03:00:35,53.5V,0.0A,0.0A,0.0A,25.3A,22.4 deg.C,0.0 deg.C,230Ah,Float
2026-05-29 02:50:35,53.4V,0.0A,0.0A,0.0A,23.6A,22.1 deg.C,0.0 deg.C,225Ah,Float
2026-05-29 02:40:35,53.4V,0.0A,0.0A,0.0A,27.5A,21.5 deg.C,0.0 deg.C,221Ah,Float
2026-05-29 02:30:35,53.3V,0.0A,0.0A,0.0A,27.9A,20.5 deg.C,0.0 deg.C,217Ah,Float
2026-05-29 02:20:35,53.2V,0.0A,0.0A,0.0A,28.0A,19.4 deg.C,0.0 deg.C,212Ah,Float
2026-05-29 02:10:35,53.0V,0.0A,0.0A,0.0A,25.5A,19.3 deg.C,0.0 deg.C,208Ah,Float
2026-05-29 02:00:35,53.0V,0.0A,0.0A,0.0A,26.7A,19.3 deg.C,0.0 deg.C,204Ah,Float
2026-05-29 01:50:35,52.8V,0.0A,0.0A,0.0A,26.2A,19.4 deg.C,0.0 deg.C,199Ah,Float
2026-05-29 01:40:35,52.7V,0.0A,0.0A,0.0A,22.0A,19.5 deg.C,0.0 deg.C,196Ah,Float
2026-05-29 01:30:35,52.6V,0.0A,0.0A,0.0A,20.4A,19.5 deg.C,0.0 deg.C,192Ah,Float
2026-05-29 01:20:35,52.5V,0.0A,0.0A,0.0A,25.0A,19.6 deg.C,0.0 deg.C,187Ah,Float
2026-05-29 01:10:35,52.4V,0.0A,0.0A,0.0A,20.9A,19.6 deg.C,0.0 deg.C,184Ah,Float
2026-05-29 01:00:35,52.3V,0.0A,0.0A,0.0A,24.3A,19.7 deg.C,0.0 deg.C,179Ah,Float
2026-05-29 00:50:35,52.2V,0.0A,0.0A,0.0A,24.6A,19.8 deg.C,0.0 deg.C,175Ah,Float
2026-05-29 00:40:35,52.1V,0.0A,0.0A,0.0A,18.6A,19.8 deg.C,0.0 deg.C,172Ah,Float
2026-05-29 00:30:35,52.1V,0.0A,0.0A,0.0A,23.6A,19.8 deg.C,0.0 deg.C,168Ah,Float
2026-05-29 00:20:35,51.9V,0.0A,0.0A,0.0A,16.0A,19.8 deg.C,0.0 deg.C,165Ah,Float
2026-05-29 00:10:35,51.9V,0.0A,0.0A,0.0A,22.5A,19.8 deg.C,0.0 deg.C,162Ah,Float
2026-05-29 00:00:35,51.8V,0.0A,0.0A,0.0A,20.8A,19.8 deg.C,0.0 deg.C,158Ah,Float
2026-05-28 23:50:35,51.7V,0.0A,0.0A,0.0A,18.5A,19.8 deg.C,0.0 deg.C,155Ah,Float
2026-05-28 23:40:35,51.7V,0.0A,0.0A,0.0A,21.0A,19.8 deg.C,0.0 deg.C,152Ah,Float
2026-05-28 23:30:35,51.6V,0.0A,0.0A,0.0A,20.5A,19.8 deg.C,0.0 deg.C,148Ah,Float
2026-05-28 23:20:35,51.6V,0.0A,0.0A,0.0A,18.5A,19.8 deg.C,0.0 deg.C,145Ah,Float
2026-05-28 23:10:35,51.5V,0.0A,0.0A,0.0A,22.1A,19.8 deg.C,0.0 deg.C,142Ah,Float
2026-05-28 23:00:35,51.4V,0.0A,0.0A,0.0A,18.7A,19.8 deg.C,0.0 deg.C,138Ah,Float
2026-05-28 22:50:35,51.4V,0.0A,0.0A,0.0A,23.1A,19.9 deg.C,0.0 deg.C,135Ah,Float
2026-05-28 22:40:35,51.4V,0.0A,0.0A,0.0A,22.5A,19.9 deg.C,0.0 deg.C,132Ah,Float
2026-05-28 22:30:35,51.3V,0.0A,0.0A,0.0A,18.8A,20.0 deg.C,0.0 deg.C,128Ah,Float
2026-05-28 22:20:35,51.2V,0.0A,0.0A,0.0A,23.0A,20.0 deg.C,0.0 deg.C,125Ah,Float
2026-05-28 22:10:35,51.1V,0.0A,0.0A,0.0A,18.4A,20.1 deg.C,0.0 deg.C,121Ah,Float
2026-05-28 22:00:35,51.1V,0.0A,0.0A,0.0A,19.6A,20.1 deg.C,0.0 deg.C,118Ah,Float
2026-05-28 21:50:35,50.9V,0.0A,0.0A,0.0A,14.6A,20.1 deg.C,0.0 deg.C,114Ah,Float
2026-05-28 21:40:35,50.9V,0.0A,0.0A,0.0A,18.8A,20.2 deg.C,0.0 deg.C,111Ah,Float
2026-05-28 21:30:35,50.8V,0.0A,0.0A,0.0A,20.9A,20.2 deg.C,0.0 deg.C,108Ah,Float
2026-05-28 21:20:35,50.7V,0.0A,0.0A,0.0A,20.7A,20.2 deg.C,0.0 deg.C,104Ah,Float
2026-05-28 21:10:35,50.6V,0.0A,0.0A,0.0A,20.8A,20.3 deg.C,0.0 deg.C,101Ah,Float
2026-05-28 21:00:35,50.5V,0.0A,0.0A,0.0A,19.2A,20.3 deg.C,0.0 deg.C,97Ah,Float
2026-05-28 20:50:35,50.4V,0.0A,0.0A,0.0A,18.4A,20.4 deg.C,0.0 deg.C,94Ah,Float
2026-05-28 20:40:35,50.3V,0.0A,0.0A,0.0A,25.3A,20.4 deg.C,0.0 deg.C,90Ah,Float
2026-05-28 20:30:35,50.2V,0.0A,0.0A,0.0A,20.3A,20.4 deg.C,0.0 deg.C,86Ah,Float
2026-05-28 20:20:35,50.1V,0.0A,0.0A,0.0A,24.1A,20.5 deg.C,0.0 deg.C,83Ah,Float
2026-05-28 20:10:35,49.9V,0.0A,0.0A,0.0A,20.0A,20.7 deg.C,0.0 deg.C,79Ah,Float
2026-05-28 20:00:35,49.7V,0.0A,0.0A,0.0A,21.1A,21.2 deg.C,0.0 deg.C,76Ah,Float
2026-05-28 19:50:35,49.6V,0.0A,0.0A,0.0A,22.8A,21.9 deg.C,0.0 deg.C,72Ah,Float
2026-05-28 19:40:35,49.4V,0.0A,0.0A,0.0A,20.6A,22.8 deg.C,0.0 deg.C,68Ah,Float
2026-05-28 19:30:35,49.2V,0.0A,0.0A,0.0A,27.8A,22.2 deg.C,0.0 deg.C,64Ah,Float
2026-05-28 19:20:35,48.6V,0.0A,0.0A,37.5A,-37.8A,21.6 deg.C,0.0 deg.C,69Ah,Discharge
2026-05-28 19:10:35,48.8V,0.0A,0.0A,30.9A,-30.8A,21.1 deg.C,0.0 deg.C,75Ah,Discharge
2026-05-28 19:00:35,49.0V,0.0A,0.0A,36.4A,-36.7A,21.3 deg.C,0.0 deg.C,80Ah,Discharge
2026-05-28 18:50:35,49.1V,0.0A,0.0A,34.1A,-34.9A,21.4 deg.C,0.0 deg.C,86Ah,Discharge
2026-05-28 18:40:35,49.3V,0.0A,0.0A,35.2A,-36.4A,21.4 deg.C,0.0 deg.C,92Ah,Discharge
2026-05-28 18:30:35,49.4V,0.0A,0.0A,34.6A,-35.8A,21.5 deg.C,0.0 deg.C,98Ah,Discharge
2026-05-28 18:20:35,49.5V,0.0A,0.0A,34.8A,-34.9A,21.4 deg.C,0.0 deg.C,103Ah,Discharge
2026-05-28 18:10:35,49.7V,0.0A,0.0A,35.4A,-36.6A,21.4 deg.C,0.0 deg.C,109Ah,Discharge
2026-05-28 18:00:35,49.8V,0.0A,0.0A,34.3A,-37.1A,21.4 deg.C,0.0 deg.C,115Ah,Discharge
2026-05-28 17:50:35,50.0V,0.0A,0.0A,34.2A,-35.4A,21.4 deg.C,0.0 deg.C,121Ah,Discharge
2026-05-28 17:40:35,50.1V,0.0A,0.0A,30.3A,-31.7A,21.5 deg.C,0.0 deg.C,127Ah,Discharge
2026-05-28 17:30:35,50.2V,0.0A,0.0A,36.1A,-39.0A,21.5 deg.C,0.0 deg.C,133Ah,Discharge
2026-05-28 17:20:35,50.4V,0.0A,0.0A,30.2A,-30.9A,21.6 deg.C,0.0 deg.C,139Ah,Discharge
2026-05-28 17:10:35,50.5V,0.0A,0.0A,36.7A,-35.7A,21.5 deg.C,0.0 deg.C,145Ah,Discharge
2026-05-28 17:00:35,50.6V,0.0A,0.0A,31.2A,-30.3A,21.6 deg.C,0.0 deg.C,151Ah,Discharge
2026-05-28 16:50:35,50.7V,0.0A,0.0A,35.0A,-35.9A,21.6 deg.C,0.0 deg.C,157Ah,Discharge
2026-05-28 16:40:35,50.8V,0.0A,0.0A,35.5A,-36.5A,21.6 deg.C,0.0 deg.C,163Ah,Discharge
2026-05-28 16:30:35,50.9V,0.0A,0.0A,36.1A,-36.1A,21.5 deg.C,0.0 deg.C,169Ah,Discharge
2026-05-28 16:20:35,51.0V,0.0A,0.0A,40.6A,-37.8A,21.5 deg.C,0.0 deg.C,175Ah,Discharge
2026-05-28 16:10:35,51.2V,0.0A,0.0A,35.4A,-37.4A,21.5 deg.C,0.0 deg.C,181Ah,Discharge
2026-05-28 16:00:35,51.3V,0.0A,0.0A,36.5A,-38.2A,21.5 deg.C,0.0 deg.C,188Ah,Discharge
2026-05-28 15:50:35,51.5V,0.0A,0.0A,37.2A,-37.2A,21.5 deg.C,0.0 deg.C,194Ah,Discharge
2026-05-28 15:40:35,51.6V,0.0A,0.0A,39.3A,-39.3A,21.4 deg.C,0.0 deg.C,200Ah,Discharge
2026-05-28 15:30:35,51.8V,0.0A,0.0A,37.7A,-37.6A,21.4 deg.C,0.0 deg.C,206Ah,Discharge
2026-05-28 15:20:35,51.9V,0.0A,0.0A,36.2A,-38.6A,21.5 deg.C,0.0 deg.C,212Ah,Discharge
2026-05-28 15:10:35,52.1V,0.0A,0.0A,35.6A,-35.8A,21.6 deg.C,0.0 deg.C,218Ah,Discharge
2026-05-28 15:00:35,52.2V,0.0A,0.0A,39.3A,-37.2A,21.6 deg.C,0.0 deg.C,225Ah,Discharge
2026-05-28 14:50:35,52.3V,0.0A,0.0A,38.1A,-39.2A,21.7 deg.C,0.0 deg.C,231Ah,Discharge
2026-05-28 14:40:35,52.5V,0.0A,0.0A,37.5A,-37.3A,21.8 deg.C,0.0 deg.C,237Ah,Discharge
2026-05-28 14:30:35,52.7V,0.0A,0.0A,35.3A,-36.0A,21.9 deg.C,0.0 deg.C,243Ah,Discharge
2026-05-28 14:20:35,52.8V,0.0A,0.0A,35.9A,-36.6A,21.9 deg.C,0.0 deg.C,249Ah,Discharge
2026-05-28 14:10:35,52.9V,0.0A,0.0A,36.2A,-36.7A,22.0 deg.C,0.0 deg.C,256Ah,Discharge
2026-05-28 14:00:35,53.0V,0.0A,0.0A,38.0A,-36.9A,22.1 deg.C,0.0 deg.C,262Ah,Discharge
2026-05-28 13:50:34,53.2V,0.0A,0.0A,37.6A,-36.9A,22.2 deg.C,0.0 deg.C,268Ah,Discharge
2026-05-28 13:40:34,53.3V,0.0A,0.0A,37.8A,-37.5A,22.3 deg.C,0.0 deg.C,274Ah,Discharge
2026-05-28 13:30:34,53.5V,0.0A,0.0A,38.0A,-38.8A,22.3 deg.C,0.0 deg.C,280Ah,Discharge
2026-05-28 13:20:34,53.7V,0.0A,0.0A,36.5A,-36.9A,22.3 deg.C,0.0 deg.C,286Ah,Discharge
2026-05-28 13:10:34,53.9V,0.0A,0.0A,35.8A,-37.5A,22.4 deg.C,0.0 deg.C,293Ah,Discharge
2026-05-28 13:00:34,54.1V,0.0A,0.0A,38.0A,-36.0A,22.4 deg.C,0.0 deg.C,299Ah,Discharge
2026-05-28 12:50:34,54.2V,0.0A,0.0A,34.8A,-36.1A,22.4 deg.C,0.0 deg.C,305Ah,Discharge
2026-05-28 12:40:34,54.3V,0.0A,0.0A,41.2A,-36.6A,22.5 deg.C,0.0 deg.C,311Ah,Discharge
2026-05-28 12:30:34,54.4V,0.0A,0.0A,39.3A,-38.0A,22.5 deg.C,0.0 deg.C,317Ah,Discharge
2026-05-28 12:20:34,54.5V,0.0A,0.0A,35.3A,-39.5A,22.5 deg.C,0.0 deg.C,323Ah,Discharge
2026-05-28 12:10:34,54.7V,0.0A,0.0A,39.0A,-34.8A,22.4 deg.C,0.0 deg.C,329Ah,Discharge
2026-05-28 12:00:34,54.8V,0.0A,0.0A,34.1A,-35.2A,22.4 deg.C,0.0 deg.C,335Ah,Discharge
2026-05-28 11:50:34,54.9V,0.0A,0.0A,39.0A,-38.6A,22.3 deg.C,0.0 deg.C,341Ah,Discharge
2026-05-28 11:40:34,55.1V,0.0A,0.0A,33.7A,-34.5A,22.3 deg.C,0.0 deg.C,347Ah,Discharge
2026-05-28 11:30:34,55.3V,0.0A,0.0A,36.4A,-34.5A,22.2 deg.C,0.0 deg.C,352Ah,Discharge
2026-05-28 11:20:34,55.5V,0.0A,0.0A,34.2A,-33.2A,22.2 deg.C,0.0 deg.C,358Ah,Discharge
2026-05-28 11:10:34,55.7V,0.0A,0.0A,32.5A,-33.5A,22.1 deg.C,0.0 deg.C,364Ah,Discharge
2026-05-28 11:00:34,55.9V,0.0A,0.0A,34.2A,-32.9A,22.1 deg.C,0.0 deg.C,369Ah,Discharge
2026-05-28 10:50:34,56.0V,0.0A,0.0A,33.2A,-33.4A,22.1 deg.C,0.0 deg.C,375Ah,Discharge
2026-05-28 10:40:34,56.3V,0.0A,0.0A,34.0A,-32.9A,22.1 deg.C,0.0 deg.C,380Ah,Discharge
2026-05-28 10:30:34,56.7V,0.0A,0.0A,0.0A,0.0A,22.0 deg.C,0.0 deg.C,381Ah,Float
2026-05-28 10:20:34,56.7V,0.0A,0.0A,0.0A,0.0A,21.9 deg.C,0.0 deg.C,381Ah,Float
2026-05-28 10:10:34,56.7V,0.0A,0.0A,0.0A,5.6A,21.9 deg.C,0.0 deg.C,380Ah,Float
2026-05-28 10:00:34,56.7V,0.0A,0.0A,0.0A,7.5A,21.9 deg.C,0.0 deg.C,379Ah,Float
2026-05-28 09:50:34,56.7V,0.0A,0.0A,0.0A,9.2A,21.8 deg.C,0.0 deg.C,378Ah,Float
2026-05-28 09:40:34,56.7V,0.0A,0.0A,0.0A,13.6A,21.7 deg.C,0.0 deg.C,376Ah,Float
2026-05-28 09:30:34,56.6V,0.0A,0.0A,0.0A,15.5A,21.5 deg.C,0.0 deg.C,373Ah,Float
2026-05-28 09:20:34,56.6V,0.0A,0.0A,0.0A,20.9A,21.3 deg.C,0.0 deg.C,370Ah,Float
2026-05-28 09:10:34,56.6V,0.0A,0.0A,0.0A,26.7A,21.2 deg.C,0.0 deg.C,367Ah,Float
2026-05-28 09:00:34,56.4V,0.0A,0.0A,0.0A,21.4A,20.9 deg.C,0.0 deg.C,363Ah,Float
2026-05-28 08:50:34,56.3V,0.0A,0.0A,0.0A,26.5A,20.7 deg.C,0.0 deg.C,359Ah,Float
2026-05-28 08:40:34,56.1V,0.0A,0.0A,0.0A,20.8A,20.5 deg.C,0.0 deg.C,356Ah,Float
2026-05-28 08:30:34,56.0V,0.0A,0.0A,0.0A,22.4A,20.3 deg.C,0.0 deg.C,351Ah,Float
2026-05-28 08:20:34,56.0V,0.0A,0.0A,0.0A,26.3A,20.4 deg.C,0.0 deg.C,347Ah,Float
2026-05-28 08:10:34,55.8V,0.0A,0.0A,0.0A,22.6A,21.0 deg.C,0.0 deg.C,344Ah,Float
2026-05-28 08:00:34,55.8V,0.0A,0.0A,0.0A,25.4A,23.0 deg.C,0.0 deg.C,340Ah,Float
2026-05-28 07:50:34,55.6V,0.0A,0.0A,0.0A,23.5A,23.2 deg.C,0.0 deg.C,336Ah,Float
2026-05-28 07:40:34,55.6V,0.0A,0.0A,0.0A,28.3A,23.0 deg.C,0.0 deg.C,331Ah,Float
2026-05-28 07:30:34,55.5V,0.0A,0.0A,0.0A,28.6A,22.6 deg.C,0.0 deg.C,326Ah,Float
2026-05-28 07:20:34,55.4V,0.0A,0.0A,0.0A,25.7A,22.1 deg.C,0.0 deg.C,322Ah,Float
2026-05-28 07:10:34,55.3V,0.0A,0.0A,0.0A,24.7A,21.2 deg.C,0.0 deg.C,318Ah,Float
2026-05-28 07:00:34,55.2V,0.0A,0.0A,0.0A,26.0A,20.1 deg.C,0.0 deg.C,314Ah,Float
2026-05-28 06:50:34,55.2V,0.0A,0.0A,0.0A,25.5A,19.8 deg.C,0.0 deg.C,310Ah,Float
2026-05-28 06:40:34,55.1V,0.0A,0.0A,0.0A,21.5A,20.1 deg.C,0.0 deg.C,306Ah,Float
2026-05-28 06:30:34,55.0V,0.0A,0.0A,0.0A,25.9A,20.6 deg.C,0.0 deg.C,301Ah,Float
2026-05-28 06:20:34,55.0V,0.0A,0.0A,0.0A,25.0A,22.0 deg.C,0.0 deg.C,297Ah,Float
2026-05-28 06:10:34,54.9V,0.0A,0.0A,0.0A,27.0A,23.1 deg.C,0.0 deg.C,293Ah,Float
2026-05-28 06:00:34,54.8V,0.0A,0.0A,0.0A,23.4A,22.7 deg.C,0.0 deg.C,289Ah,Float
2026-05-28 05:50:34,54.7V,0.0A,0.0A,0.0A,27.2A,22.0 deg.C,0.0 deg.C,285Ah,Float
2026-05-28 05:40:34,54.5V,0.0A,0.0A,0.0A,27.4A,21.1 deg.C,0.0 deg.C,280Ah,Float
2026-05-28 05:30:34,54.4V,0.0A,0.0A,0.0A,23.6A,19.9 deg.C,0.0 deg.C,275Ah,Float
2026-05-28 05:20:34,54.3V,0.0A,0.0A,0.0A,26.9A,19.9 deg.C,0.0 deg.C,271Ah,Float
2026-05-28 05:10:34,54.2V,0.0A,0.0A,0.0A,26.7A,19.9 deg.C,0.0 deg.C,267Ah,Float
2026-05-28 05:00:34,54.1V,0.0A,0.0A,0.0A,27.0A,20.0 deg.C,0.0 deg.C,263Ah,Float
2026-05-28 04:50:34,54.0V,0.0A,0.0A,0.0A,23.2A,20.1 deg.C,0.0 deg.C,259Ah,Float
2026-05-28 04:40:34,53.9V,0.0A,0.0A,0.0A,26.4A,20.3 deg.C,0.0 deg.C,254Ah,Float
2026-05-28 04:30:34,53.8V,0.0A,0.0A,0.0A,25.9A,21.1 deg.C,0.0 deg.C,250Ah,Float
2026-05-28 04:20:34,53.7V,0.0A,0.0A,0.0A,20.8A,22.9 deg.C,0.0 deg.C,246Ah,Float
2026-05-28 04:10:34,53.6V,0.0A,0.0A,0.0A,27.1A,22.6 deg.C,0.0 deg.C,242Ah,Float
2026-05-28 04:00:34,53.5V,0.0A,0.0A,0.0A,27.0A,22.0 deg.C,0.0 deg.C,237Ah,Float
2026-05-28 03:50:34,53.4V,0.0A,0.0A,0.0A,24.4A,21.2 deg.C,0.0 deg.C,233Ah,Float
2026-05-28 03:40:34,53.3V,0.0A,0.0A,0.0A,27.7A,20.0 deg.C,0.0 deg.C,228Ah,Float
2026-05-28 03:30:34,53.2V,0.0A,0.0A,0.0A,27.4A,19.4 deg.C,0.0 deg.C,224Ah,Float
2026-05-28 03:20:34,53.1V,0.0A,0.0A,0.0A,27.2A,19.7 deg.C,0.0 deg.C,219Ah,Float
2026-05-28 03:10:34,53.0V,0.0A,0.0A,0.0A,22.8A,20.5 deg.C,0.0 deg.C,215Ah,Float
2026-05-28 03:00:34,52.9V,0.0A,0.0A,0.0A,26.1A,22.6 deg.C,0.0 deg.C,211Ah,Float
2026-05-28 02:50:34,52.8V,0.0A,0.0A,0.0A,28.1A,22.7 deg.C,0.0 deg.C,207Ah,Float
2026-05-28 02:40:34,52.7V,0.0A,0.0A,0.0A,28.0A,22.3 deg.C,0.0 deg.C,202Ah,Float
2026-05-28 02:30:34,52.6V,0.0A,0.0A,0.0A,27.6A,21.9 deg.C,0.0 deg.C,197Ah,Float
2026-05-28 02:20:34,52.4V,0.0A,0.0A,0.0A,23.2A,21.2 deg.C,0.0 deg.C,193Ah,Float
2026-05-28 02:10:34,52.4V,0.0A,0.0A,0.0A,27.6A,20.3 deg.C,0.0 deg.C,188Ah,Float
2026-05-28 02:00:34,52.2V,0.0A,0.0A,0.0A,26.5A,19.2 deg.C,0.0 deg.C,184Ah,Float
2026-05-28 01:50:34,52.2V,0.0A,0.0A,0.0A,26.9A,19.3 deg.C,0.0 deg.C,180Ah,Float
2026-05-28 01:40:34,52.0V,0.0A,0.0A,0.0A,22.2A,19.3 deg.C,0.0 deg.C,175Ah,Float
2026-05-28 01:30:34,52.0V,0.0A,0.0A,0.0A,25.0A,19.4 deg.C,0.0 deg.C,171Ah,Float
2026-05-28 01:20:34,51.9V,0.0A,0.0A,0.0A,25.3A,19.6 deg.C,0.0 deg.C,167Ah,Float
2026-05-28 01:10:34,51.8V,0.0A,0.0A,0.0A,23.0A,20.0 deg.C,0.0 deg.C,163Ah,Float
2026-05-28 01:00:34,51.7V,0.0A,0.0A,0.0A,21.9A,21.1 deg.C,0.0 deg.C,160Ah,Float
2026-05-28 00:50:34,51.7V,0.0A,0.0A,0.0A,24.1A,22.1 deg.C,0.0 deg.C,155Ah,Float
2026-05-28 00:40:34,51.6V,0.0A,0.0A,0.0A,24.6A,21.6 deg.C,0.0 deg.C,151Ah,Float
2026-05-28 00:30:34,51.5V,0.0A,0.0A,0.0A,19.7A,20.8 deg.C,0.0 deg.C,148Ah,Float
2026-05-28 00:20:34,51.5V,0.0A,0.0A,0.0A,23.7A,19.9 deg.C,0.0 deg.C,144Ah,Float
2026-05-28 00:10:34,51.4V,0.0A,0.0A,0.0A,21.6A,19.0 deg.C,0.0 deg.C,141Ah,Float
2026-05-28 00:00:34,51.3V,0.0A,0.0A,0.0A,23.4A,19.1 deg.C,0.0 deg.C,137Ah,Float
2026-05-27 23:50:34,51.2V,0.0A,0.0A,0.0A,17.2A,19.2 deg.C,0.0 deg.C,133Ah,Float
2026-05-27 23:40:34,51.2V,0.0A,0.0A,0.0A,22.1A,19.3 deg.C,0.0 deg.C,130Ah,Float
2026-05-27 23:30:34,51.1V,0.0A,0.0A,0.0A,21.7A,19.4 deg.C,0.0 deg.C,127Ah,Float
2026-05-27 23:20:34,51.1V,0.0A,0.0A,0.0A,20.8A,19.5 deg.C,0.0 deg.C,123Ah,Float
2026-05-27 23:10:34,51.0V,0.0A,0.0A,0.0A,21.4A,19.7 deg.C,0.0 deg.C,120Ah,Float
2026-05-27 23:00:34,50.9V,0.0A,0.0A,0.0A,21.0A,19.8 deg.C,0.0 deg.C,117Ah,Float
2026-05-27 22:50:34,50.8V,0.0A,0.0A,0.0A,21.7A,19.9 deg.C,0.0 deg.C,113Ah,Float
2026-05-27 22:40:34,50.7V,0.0A,0.0A,0.0A,18.6A,20.0 deg.C,0.0 deg.C,110Ah,Float
2026-05-27 22:30:34,50.7V,0.0A,0.0A,0.0A,21.2A,20.0 deg.C,0.0 deg.C,107Ah,Float
2026-05-27 22:20:34,50.5V,0.0A,0.0A,0.0A,18.0A,20.0 deg.C,0.0 deg.C,103Ah,Float
2026-05-27 22:10:34,50.5V,0.0A,0.0A,0.0A,18.9A,20.1 deg.C,0.0 deg.C,100Ah,Float
2026-05-27 22:00:34,50.4V,0.0A,0.0A,0.0A,21.3A,20.2 deg.C,0.0 deg.C,97Ah,Float
2026-05-27 21:50:34,50.3V,0.0A,0.0A,0.0A,23.9A,20.3 deg.C,0.0 deg.C,93Ah,Float
2026-05-27 21:40:34,50.1V,0.0A,0.0A,0.0A,13.4A,20.4 deg.C,0.0 deg.C,90Ah,Float
2026-05-27 21:30:34,50.1V,0.0A,0.0A,0.0A,22.1A,20.4 deg.C,0.0 deg.C,86Ah,Float
2026-05-27 21:20:34,50.0V,0.0A,0.0A,0.0A,17.4A,20.4 deg.C,0.0 deg.C,82Ah,Float
2026-05-27 21:10:34,49.9V,0.0A,0.0A,0.0A,20.8A,20.4 deg.C,0.0 deg.C,79Ah,Float
2026-05-27 21:00:34,49.8V,0.0A,0.0A,0.0A,21.8A,20.3 deg.C,0.0 deg.C,75Ah,Float
2026-05-27 20:50:34,49.6V,0.0A,0.0A,0.0A,19.3A,20.2 deg.C,0.0 deg.C,72Ah,Float
2026-05-27 20:40:34,49.6V,0.0A,0.0A,0.0A,22.9A,20.2 deg.C,0.0 deg.C,68Ah,Float
2026-05-27 20:30:34,49.4V,0.0A,0.0A,0.0A,19.0A,20.2 deg.C,0.0 deg.C,65Ah,Float
2026-05-27 20:20:34,49.3V,0.0A,0.0A,0.0A,23.0A,20.2 deg.C,0.0 deg.C,62Ah,Float
2026-05-27 20:10:34,49.2V,0.0A,0.0A,0.0A,23.2A,20.1 deg.C,0.0 deg.C,58Ah,Float
2026-05-27 20:00:34,49.1V,0.0A,0.0A,0.0A,18.3A,20.1 deg.C,0.0 deg.C,55Ah,Float
2026-05-27 19:50:34,49.1V,0.0A,0.0A,0.0A,23.7A,20.1 deg.C,0.0 deg.C,51Ah,Float
2026-05-27 19:40:34,48.9V,0.0A,0.0A,0.0A,20.3A,20.1 deg.C,0.0 deg.C,48Ah,Float
2026-05-27 19:30:34,48.9V,0.0A,0.0A,0.0A,23.5A,20.2 deg.C,0.0 deg.C,44Ah,Float
2026-05-27 19:20:34,48.8V,0.0A,0.0A,0.0A,18.3A,20.4 deg.C,0.0 deg.C,41Ah,Float
2026-05-27 19:10:34,48.8V,0.0A,0.0A,0.0A,25.0A,20.6 deg.C,0.0 deg.C,37Ah,Float
2026-05-27 19:00:34,48.6V,0.0A,0.0A,0.0A,19.7A,21.0 deg.C,0.0 deg.C,33Ah,Float
2026-05-27 18:50:34,48.6V,0.0A,0.0A,0.0A,17.5A,21.5 deg.C,0.0 deg.C,30Ah,Float
2026-05-27 18:40:34,48.5V,0.0A,0.0A,0.0A,18.1A,22.1 deg.C,0.0 deg.C,26Ah,Float
2026-05-27 18:30:34,48.4V,0.0A,0.0A,0.0A,18.5A,22.8 deg.C,0.0 deg.C,23Ah,Float
2026-05-27 18:20:34,48.1V,0.0A,0.0A,0.0A,17.8A,23.8 deg.C,0.0 deg.C,20Ah,Float
2026-05-27 18:10:34,47.9V,0.0A,0.0A,0.0A,18.0A,25.1 deg.C,0.0 deg.C,17Ah,Float
2026-05-27 18:00:34,47.5V,0.0A,0.0A,0.0A,13.9A,26.1 deg.C,0.0 deg.C,14Ah,Float
2026-05-27 17:50:34,47.1V,0.0A,0.0A,0.0A,23.9A,26.1 deg.C,0.0 deg.C,10Ah,Float
2026-05-27 17:40:34,46.4V,0.0A,0.0A,0.0A,21.5A,26.0 deg.C,0.0 deg.C,6Ah,Float
2026-05-27 17:30:34,45.7V,0.0A,0.0A,0.0A,20.0A,25.7 deg.C,0.0 deg.C,3Ah,Float
2026-05-27 17:20:34,44.0V,0.0A,0.0A,36.8A,-40.9A,25.0 deg.C,0.0 deg.C,0Ah,Discharge
2026-05-27 17:10:34,44.6V,0.0A,0.0A,37.1A,-33.0A,24.1 deg.C,0.0 deg.C,0Ah,Discharge
2026-05-27 17:00:34,45.3V,0.0A,0.0A,36.6A,-36.9A,23.0 deg.C,0.0 deg.C,0Ah,Discharge
2026-05-27 16:50:34,46.0V,0.0A,0.0A,35.5A,-36.1A,21.7 deg.C,0.0 deg.C,2Ah,Discharge
2026-05-27 16:40:34,46.7V,0.0A,0.0A,34.4A,-35.2A,21.7 deg.C,0.0 deg.C,8Ah,Discharge
2026-05-27 16:30:34,47.2V,0.0A,0.0A,38.5A,-38.1A,21.8 deg.C,0.0 deg.C,15Ah,Discharge
2026-05-27 16:20:34,47.5V,0.0A,0.0A,36.7A,-38.1A,21.8 deg.C,0.0 deg.C,21Ah,Discharge
2026-05-27 16:10:34,47.7V,0.0A,0.0A,37.6A,-38.6A,21.8 deg.C,0.0 deg.C,28Ah,Discharge
2026-05-27 16:00:34,47.9V,0.0A,0.0A,31.3A,-33.2A,21.8 deg.C,0.0 deg.C,34Ah,Discharge
2026-05-27 15:50:34,48.0V,0.0A,0.0A,37.7A,-38.7A,21.8 deg.C,0.0 deg.C,40Ah,Discharge
2026-05-27 15:40:34,48.1V,0.0A,0.0A,40.5A,-38.9A,22.0 deg.C,0.0 deg.C,46Ah,Discharge
2026-05-27 15:30:34,48.3V,0.0A,0.0A,38.1A,-39.0A,22.0 deg.C,0.0 deg.C,53Ah,Discharge
2026-05-27 15:20:34,48.5V,0.0A,0.0A,41.6A,-39.3A,21.9 deg.C,0.0 deg.C,60Ah,Discharge
2026-05-27 15:10:34,48.8V,0.0A,0.0A,41.3A,-41.0A,21.8 deg.C,0.0 deg.C,66Ah,Discharge
2026-05-27 15:00:34,49.5V,0.0A,0.0A,0.0A,19.7A,22.0 deg.C,0.0 deg.C,66Ah,Float
2026-05-27 14:50:34,49.4V,0.0A,0.0A,0.0A,19.9A,22.1 deg.C,0.0 deg.C,63Ah,Float
2026-05-27 14:40:34,48.5V,0.0A,0.0A,39.6A,-40.1A,22.1 deg.C,0.0 deg.C,62Ah,Discharge
2026-05-27 14:30:34,48.8V,0.0A,0.0A,37.8A,-39.0A,21.9 deg.C,0.0 deg.C,69Ah,Discharge
2026-05-27 14:20:34,49.0V,0.0A,0.0A,34.7A,-34.9A,22.0 deg.C,0.0 deg.C,75Ah,Discharge
2026-05-27 14:10:34,49.1V,0.0A,0.0A,45.8A,-40.0A,22.3 deg.C,0.0 deg.C,81Ah,Discharge
2026-05-27 14:00:34,49.3V,0.0A,0.0A,40.2A,-40.0A,22.4 deg.C,0.0 deg.C,88Ah,Discharge
2026-05-27 13:50:34,49.4V,0.0A,0.0A,38.8A,-38.9A,22.3 deg.C,0.0 deg.C,95Ah,Discharge
2026-05-27 13:40:34,49.6V,0.0A,0.0A,37.3A,-38.9A,22.3 deg.C,0.0 deg.C,101Ah,Discharge
2026-05-27 13:30:34,49.7V,0.0A,0.0A,38.9A,-38.9A,22.2 deg.C,0.0 deg.C,108Ah,Discharge
2026-05-27 13:20:34,49.8V,0.0A,0.0A,43.1A,-42.2A,22.1 deg.C,0.0 deg.C,114Ah,Discharge
2026-05-27 13:10:34,50.0V,0.0A,0.0A,36.4A,-38.8A,22.1 deg.C,0.0 deg.C,121Ah,Discharge
2026-05-27 13:00:34,50.2V,0.0A,0.0A,37.7A,-37.5A,22.1 deg.C,0.0 deg.C,127Ah,Discharge
2026-05-27 12:50:34,50.3V,0.0A,0.0A,36.0A,-37.6A,22.1 deg.C,0.0 deg.C,133Ah,Discharge
2026-05-27 12:40:34,50.4V,0.0A,0.0A,36.8A,-37.6A,22.2 deg.C,0.0 deg.C,140Ah,Discharge
2026-05-27 12:30:34,50.5V,0.0A,0.0A,36.3A,-37.9A,22.2 deg.C,0.0 deg.C,146Ah,Discharge
2026-05-27 12:20:34,50.7V,0.0A,0.0A,37.8A,-38.0A,22.3 deg.C,0.0 deg.C,152Ah,Discharge
2026-05-27 12:10:34,50.8V,0.0A,0.0A,37.6A,-36.8A,22.2 deg.C,0.0 deg.C,158Ah,Discharge
2026-05-27 12:00:34,50.9V,0.0A,0.0A,35.4A,-38.1A,22.2 deg.C,0.0 deg.C,164Ah,Discharge
2026-05-27 11:50:34,51.1V,0.0A,0.0A,37.4A,-36.4A,22.1 deg.C,0.0 deg.C,170Ah,Discharge
2026-05-27 11:40:34,51.2V,0.0A,0.0A,35.2A,-35.4A,22.0 deg.C,0.0 deg.C,176Ah,Discharge
2026-05-27 11:30:34,51.3V,0.0A,0.0A,36.9A,-38.7A,21.9 deg.C,0.0 deg.C,182Ah,Discharge
2026-05-27 11:20:34,51.5V,0.0A,0.0A,35.1A,-34.8A,21.9 deg.C,0.0 deg.C,188Ah,Discharge
2026-05-27 11:10:34,51.7V,0.0A,0.0A,34.9A,-34.5A,21.8 deg.C,0.0 deg.C,194Ah,Discharge
2026-05-27 11:00:34,51.8V,0.0A,0.0A,34.0A,-34.2A,21.7 deg.C,0.0 deg.C,200Ah,Discharge
2026-05-27 10:50:34,51.9V,0.0A,0.0A,34.3A,-34.6A,21.6 deg.C,0.0 deg.C,206Ah,Discharge
2026-05-27 10:40:34,52.1V,0.0A,0.0A,34.5A,-34.5A,21.5 deg.C,0.0 deg.C,211Ah,Discharge
2026-05-27 10:30:34,52.2V,0.0A,0.0A,33.3A,-33.7A,21.4 deg.C,0.0 deg.C,217Ah,Discharge
2026-05-27 10:20:34,52.3V,0.0A,0.0A,35.8A,-35.9A,21.5 deg.C,0.0 deg.C,223Ah,Discharge
2026-05-27 10:10:34,52.5V,0.0A,0.0A,38.9A,-35.5A,21.7 deg.C,0.0 deg.C,229Ah,Discharge
2026-05-27 10:00:34,52.6V,0.0A,0.0A,33.5A,-34.3A,22.3 deg.C,0.0 deg.C,235Ah,Discharge
2026-05-27 09:50:34,52.8V,0.0A,0.0A,35.3A,-34.8A,23.5 deg.C,0.0 deg.C,241Ah,Discharge
2026-05-27 09:40:34,52.9V,0.0A,0.0A,31.4A,-32.1A,25.0 deg.C,0.0 deg.C,246Ah,Discharge
2026-05-27 09:30:34,53.0V,0.0A,0.0A,31.8A,-31.2A,24.6 deg.C,0.0 deg.C,252Ah,Discharge
2026-05-27 09:20:34,53.2V,0.0A,0.0A,28.8A,-27.9A,24.2 deg.C,0.0 deg.C,257Ah,Discharge
2026-05-27 09:10:34,53.3V,0.0A,0.0A,31.9A,-31.0A,23.7 deg.C,0.0 deg.C,262Ah,Discharge
2026-05-27 09:00:34,53.4V,0.0A,0.0A,27.1A,-27.8A,23.1 deg.C,0.0 deg.C,267Ah,Discharge
2026-05-27 08:50:34,53.5V,0.0A,0.0A,31.0A,-30.6A,22.2 deg.C,0.0 deg.C,272Ah,Discharge
2026-05-27 08:40:34,53.8V,0.0A,0.0A,27.6A,-27.3A,21.2 deg.C,0.0 deg.C,277Ah,Discharge
2026-05-27 08:30:34,54.1V,0.0A,0.0A,31.1A,-32.6A,20.1 deg.C,0.0 deg.C,282Ah,Discharge
2026-05-27 08:20:34,54.6V,0.0A,0.0A,0.0A,22.7A,20.5 deg.C,0.0 deg.C,279Ah,Float
2026-05-27 08:10:34,54.6V,0.0A,0.0A,0.0A,26.0A,21.9 deg.C,0.0 deg.C,275Ah,Float
2026-05-27 08:00:34,54.4V,0.0A,0.0A,0.0A,23.8A,23.5 deg.C,0.0 deg.C,271Ah,Float
2026-05-27 07:50:34,54.4V,0.0A,0.0A,0.0A,28.8A,23.2 deg.C,0.0 deg.C,267Ah,Float
2026-05-27 07:40:34,54.3V,0.0A,0.0A,0.0A,27.9A,22.8 deg.C,0.0 deg.C,262Ah,Float
2026-05-27 07:30:34,54.1V,0.0A,0.0A,0.0A,29.5A,22.3 deg.C,0.0 deg.C,258Ah,Float
2026-05-27 07:20:34,54.0V,0.0A,0.0A,0.0A,22.7A,21.6 deg.C,0.0 deg.C,253Ah,Float
2026-05-27 07:10:34,53.9V,0.0A,0.0A,0.0A,26.8A,20.3 deg.C,0.0 deg.C,249Ah,Float
2026-05-27 07:00:34,53.8V,0.0A,0.0A,0.0A,25.6A,19.9 deg.C,0.0 deg.C,244Ah,Float
2026-05-27 06:50:34,53.7V,0.0A,0.0A,0.0A,25.0A,21.5 deg.C,0.0 deg.C,240Ah,Float
2026-05-27 06:40:34,53.7V,0.0A,0.0A,0.0A,27.8A,23.5 deg.C,0.0 deg.C,236Ah,Float
2026-05-27 06:30:34,53.5V,0.0A,0.0A,0.0A,27.2A,23.4 deg.C,0.0 deg.C,232Ah,Float
2026-05-27 06:20:34,53.4V,0.0A,0.0A,0.0A,24.4A,23.2 deg.C,0.0 deg.C,227Ah,Float
2026-05-27 06:10:34,53.3V,0.0A,0.0A,0.0A,28.1A,23.0 deg.C,0.0 deg.C,223Ah,Float
2026-05-27 06:00:34,53.2V,0.0A,0.0A,0.0A,28.2A,22.8 deg.C,0.0 deg.C,218Ah,Float
2026-05-27 05:50:34,53.1V,0.0A,0.0A,0.0A,28.1A,22.5 deg.C,0.0 deg.C,213Ah,Float
2026-05-27 05:40:34,53.0V,0.0A,0.0A,0.0A,28.5A,22.1 deg.C,0.0 deg.C,209Ah,Float
2026-05-27 05:30:34,52.9V,0.0A,0.0A,0.0A,28.7A,21.5 deg.C,0.0 deg.C,204Ah,Float
2026-05-27 05:20:34,52.8V,0.0A,0.0A,0.0A,28.5A,20.5 deg.C,0.0 deg.C,199Ah,Float
2026-05-27 05:10:34,52.6V,0.0A,0.0A,0.0A,24.3A,19.3 deg.C,0.0 deg.C,194Ah,Float
2026-05-27 05:00:34,52.5V,0.0A,0.0A,0.0A,27.3A,19.8 deg.C,0.0 deg.C,190Ah,Float
2026-05-27 04:50:34,52.4V,0.0A,0.0A,0.0A,27.2A,21.0 deg.C,0.0 deg.C,186Ah,Float
2026-05-27 04:40:34,52.3V,0.0A,0.0A,0.0A,28.7A,22.9 deg.C,0.0 deg.C,181Ah,Float
2026-05-27 04:30:34,52.2V,0.0A,0.0A,0.0A,28.7A,22.6 deg.C,0.0 deg.C,177Ah,Float
2026-05-27 04:20:34,52.1V,0.0A,0.0A,0.0A,28.6A,22.2 deg.C,0.0 deg.C,172Ah,Float
2026-05-27 04:10:34,52.0V,0.0A,0.0A,0.0A,28.9A,21.7 deg.C,0.0 deg.C,167Ah,Float
2026-05-27 04:00:34,51.9V,0.0A,0.0A,0.0A,26.0A,21.0 deg.C,0.0 deg.C,163Ah,Float
2026-05-27 03:50:34,51.9V,0.0A,0.0A,0.0A,29.4A,20.0 deg.C,0.0 deg.C,158Ah,Float
2026-05-27 03:40:34,51.8V,0.0A,0.0A,0.0A,28.3A,19.2 deg.C,0.0 deg.C,153Ah,Float
2026-05-27 03:30:34,51.7V,0.0A,0.0A,0.0A,28.7A,19.4 deg.C,0.0 deg.C,148Ah,Float
2026-05-27 03:20:34,51.6V,0.0A,0.0A,0.0A,28.1A,19.7 deg.C,0.0 deg.C,143Ah,Float
2026-05-27 03:10:34,51.5V,0.0A,0.0A,0.0A,23.4A,20.7 deg.C,0.0 deg.C,139Ah,Float
2026-05-27 03:00:34,51.5V,0.0A,0.0A,0.0A,29.2A,22.5 deg.C,0.0 deg.C,135Ah,Float
2026-05-27 02:50:34,51.4V,0.0A,0.0A,0.0A,28.7A,22.1 deg.C,0.0 deg.C,130Ah,Float
2026-05-27 02:40:34,51.3V,0.0A,0.0A,0.0A,29.5A,21.7 deg.C,0.0 deg.C,126Ah,Float
2026-05-27 02:30:34,51.1V,0.0A,0.0A,0.0A,25.1A,21.0 deg.C,0.0 deg.C,120Ah,Float
2026-05-27 02:20:34,51.1V,0.0A,0.0A,0.0A,28.9A,20.1 deg.C,0.0 deg.C,116Ah,Float
2026-05-27 02:10:34,51.0V,0.0A,0.0A,0.0A,28.3A,19.2 deg.C,0.0 deg.C,111Ah,Float
2026-05-27 02:00:34,50.8V,0.0A,0.0A,0.0A,28.0A,19.4 deg.C,0.0 deg.C,107Ah,Float
2026-05-27 01:50:34,50.7V,0.0A,0.0A,0.0A,27.4A,19.6 deg.C,0.0 deg.C,102Ah,Float
2026-05-27 01:40:34,50.5V,0.0A,0.0A,0.0A,23.6A,19.8 deg.C,0.0 deg.C,98Ah,Float
2026-05-27 01:30:34,50.5V,0.0A,0.0A,0.0A,28.6A,19.9 deg.C,0.0 deg.C,93Ah,Float
2026-05-27 01:20:34,50.3V,0.0A,0.0A,0.0A,28.3A,20.1 deg.C,0.0 deg.C,89Ah,Float
2026-05-27 01:10:34,50.1V,0.0A,0.0A,0.0A,26.3A,20.3 deg.C,0.0 deg.C,84Ah,Float
2026-05-27 01:00:34,49.9V,0.0A,0.0A,0.0A,20.9A,20.8 deg.C,0.0 deg.C,80Ah,Float
2026-05-27 00:50:34,49.8V,0.0A,0.0A,0.0A,25.3A,21.8 deg.C,0.0 deg.C,76Ah,Float
2026-05-27 00:40:34,49.6V,0.0A,0.0A,0.0A,27.9A,23.2 deg.C,0.0 deg.C,72Ah,Float
2026-05-27 00:30:34,49.3V,0.0A,0.0A,0.0A,22.1A,22.9 deg.C,0.0 deg.C,68Ah,Float
2026-05-27 00:20:34,48.7V,0.0A,0.0A,32.5A,-34.2A,22.8 deg.C,0.0 deg.C,70Ah,Discharge
2026-05-27 00:10:34,48.8V,0.0A,0.0A,38.5A,-34.9A,22.9 deg.C,0.0 deg.C,76Ah,Discharge
2026-05-27 00:00:34,49.0V,0.0A,0.0A,35.8A,-36.3A,22.9 deg.C,0.0 deg.C,82Ah,Discharge
2026-05-26 23:50:34,49.2V,0.0A,0.0A,39.3A,-41.2A,22.9 deg.C,0.0 deg.C,89Ah,Discharge
2026-05-26 23:40:34,49.3V,0.0A,0.0A,40.4A,-43.8A,22.9 deg.C,0.0 deg.C,96Ah,Discharge
2026-05-26 23:30:34,49.5V,0.0A,0.0A,34.3A,-35.6A,22.9 deg.C,0.0 deg.C,102Ah,Discharge
2026-05-26 23:20:34,49.6V,0.0A,0.0A,39.7A,-39.4A,23.0 deg.C,0.0 deg.C,108Ah,Discharge
2026-05-26 23:10:34,49.8V,0.0A,0.0A,39.6A,-35.1A,23.0 deg.C,0.0 deg.C,114Ah,Discharge
2026-05-26 23:00:34,50.0V,0.0A,0.0A,34.8A,-36.1A,23.0 deg.C,0.0 deg.C,120Ah,Discharge
2026-05-26 22:50:34,50.1V,0.0A,0.0A,40.7A,-39.0A,23.1 deg.C,0.0 deg.C,127Ah,Discharge
2026-05-26 22:40:34,50.2V,0.0A,0.0A,36.1A,-38.3A,23.1 deg.C,0.0 deg.C,133Ah,Discharge
2026-05-26 22:30:34,50.3V,0.0A,0.0A,44.0A,-40.6A,23.2 deg.C,0.0 deg.C,139Ah,Discharge
2026-05-26 22:20:34,50.5V,0.0A,0.0A,38.7A,-40.8A,23.2 deg.C,0.0 deg.C,146Ah,Discharge
2026-05-26 22:10:34,50.6V,0.0A,0.0A,38.6A,-35.5A,23.3 deg.C,0.0 deg.C,153Ah,Discharge
2026-05-26 22:00:34,50.7V,0.0A,0.0A,38.2A,-40.3A,23.4 deg.C,0.0 deg.C,159Ah,Discharge
2026-05-26 21:50:34,50.9V,0.0A,0.0A,34.0A,-36.2A,23.4 deg.C,0.0 deg.C,166Ah,Discharge
2026-05-26 21:40:34,51.0V,0.0A,0.0A,33.1A,-35.1A,23.5 deg.C,0.0 deg.C,171Ah,Discharge
2026-05-26 21:30:34,51.1V,0.0A,0.0A,40.0A,-40.1A,23.5 deg.C,0.0 deg.C,178Ah,Discharge
2026-05-26 21:20:34,51.3V,0.0A,0.0A,32.7A,-33.5A,23.6 deg.C,0.0 deg.C,184Ah,Discharge
2026-05-26 21:10:34,51.4V,0.0A,0.0A,39.5A,-37.5A,23.5 deg.C,0.0 deg.C,190Ah,Discharge
2026-05-26 21:00:34,51.6V,0.0A,0.0A,37.5A,-33.7A,23.4 deg.C,0.0 deg.C,196Ah,Discharge
2026-05-26 20:50:34,51.7V,0.0A,0.0A,39.6A,-37.5A,23.3 deg.C,0.0 deg.C,202Ah,Discharge
2026-05-26 20:40:34,51.9V,0.0A,0.0A,32.3A,-34.4A,23.1 deg.C,0.0 deg.C,208Ah,Discharge
2026-05-26 20:30:34,52.1V,0.0A,0.0A,34.3A,-35.2A,22.8 deg.C,0.0 deg.C,214Ah,Discharge
2026-05-26 20:20:34,52.2V,0.0A,0.0A,37.6A,-36.3A,22.2 deg.C,0.0 deg.C,220Ah,Discharge
2026-05-26 20:10:34,52.4V,0.0A,0.0A,33.8A,-34.6A,21.2 deg.C,0.0 deg.C,226Ah,Discharge
2026-05-26 20:00:34,52.7V,0.0A,0.0A,38.6A,-39.0A,20.5 deg.C,0.0 deg.C,232Ah,Float
2026-05-26 19:50:34,53.3V,0.0A,0.0A,0.0A,21.0A,20.4 deg.C,0.0 deg.C,229Ah,Float
2026-05-26 19:40:34,53.2V,0.0A,0.0A,0.0A,18.8A,20.3 deg.C,0.0 deg.C,226Ah,Float
2026-05-26 19:30:34,53.1V,0.0A,0.0A,0.0A,22.4A,20.3 deg.C,0.0 deg.C,222Ah,Float
2026-05-26 19:20:34,53.0V,0.0A,0.0A,0.0A,15.3A,20.3 deg.C,0.0 deg.C,219Ah,Float
2026-05-26 19:10:34,53.0V,0.0A,0.0A,0.0A,26.1A,20.3 deg.C,0.0 deg.C,216Ah,Float
2026-05-26 19:00:34,52.9V,0.0A,0.0A,0.0A,21.8A,20.3 deg.C,0.0 deg.C,211Ah,Float
2026-05-26 18:50:34,52.8V,0.0A,0.0A,0.0A,21.3A,20.4 deg.C,0.0 deg.C,208Ah,Float
2026-05-26 18:40:34,52.7V,0.0A,0.0A,0.0A,22.6A,20.5 deg.C,0.0 deg.C,204Ah,Float
2026-05-26 18:30:34,52.6V,0.0A,0.0A,0.0A,21.7A,20.5 deg.C,0.0 deg.C,200Ah,Float
2026-05-26 18:20:34,52.5V,0.0A,0.0A,0.0A,20.4A,20.6 deg.C,0.0 deg.C,197Ah,Float
2026-05-26 18:10:34,52.4V,0.0A,0.0A,0.0A,20.4A,20.7 deg.C,0.0 deg.C,193Ah,Float
2026-05-26 18:00:34,52.3V,0.0A,0.0A,0.0A,19.5A,20.9 deg.C,0.0 deg.C,189Ah,Float
2026-05-26 17:50:34,52.2V,0.0A,0.0A,0.0A,20.3A,21.0 deg.C,0.0 deg.C,186Ah,Float
2026-05-26 17:40:34,52.1V,0.0A,0.0A,0.0A,18.0A,21.1 deg.C,0.0 deg.C,183Ah,Float
2026-05-26 17:30:34,52.1V,0.0A,0.0A,0.0A,20.6A,21.2 deg.C,0.0 deg.C,180Ah,Float
2026-05-26 17:20:34,52.1V,0.0A,0.0A,0.0A,24.9A,21.3 deg.C,0.0 deg.C,176Ah,Float
2026-05-26 17:10:34,51.9V,0.0A,0.0A,0.0A,19.5A,21.4 deg.C,0.0 deg.C,173Ah,Float
2026-05-26 17:00:34,51.9V,0.0A,0.0A,0.0A,18.8A,21.5 deg.C,0.0 deg.C,169Ah,Float
2026-05-26 16:50:34,51.8V,0.0A,0.0A,0.0A,15.7A,21.7 deg.C,0.0 deg.C,166Ah,Float
2026-05-26 16:40:34,51.7V,0.0A,0.0A,0.0A,15.7A,21.8 deg.C,0.0 deg.C,163Ah,Float
2026-05-26 16:30:33,51.7V,0.0A,0.0A,0.0A,17.8A,21.9 deg.C,0.0 deg.C,160Ah,Float
2026-05-26 16:20:33,51.6V,0.0A,0.0A,0.0A,15.8A,21.9 deg.C,0.0 deg.C,157Ah,Float
2026-05-26 16:10:33,51.6V,0.0A,0.0A,0.0A,17.5A,22.0 deg.C,0.0 deg.C,154Ah,Float
2026-05-26 16:00:33,51.5V,0.0A,0.0A,0.0A,19.0A,22.1 deg.C,0.0 deg.C,151Ah,Float
2026-05-26 15:50:33,51.5V,0.0A,0.0A,0.0A,19.9A,22.1 deg.C,0.0 deg.C,148Ah,Float
2026-05-26 15:40:33,51.4V,0.0A,0.0A,0.0A,19.7A,22.1 deg.C,0.0 deg.C,144Ah,Float
2026-05-26 15:30:33,51.4V,0.0A,0.0A,0.0A,17.9A,22.2 deg.C,0.0 deg.C,141Ah,Float
2026-05-26 15:20:33,51.3V,0.0A,0.0A,0.0A,14.4A,22.4 deg.C,0.0 deg.C,138Ah,Float
2026-05-26 15:10:33,51.2V,0.0A,0.0A,0.0A,18.3A,22.6 deg.C,0.0 deg.C,135Ah,Float
2026-05-26 15:00:33,51.2V,0.0A,0.0A,0.0A,20.1A,22.7 deg.C,0.0 deg.C,132Ah,Float
2026-05-26 14:50:33,51.1V,0.0A,0.0A,0.0A,19.7A,22.7 deg.C,0.0 deg.C,129Ah,Float
2026-05-26 14:40:33,51.1V,0.0A,0.0A,0.0A,18.4A,22.8 deg.C,0.0 deg.C,126Ah,Float
2026-05-26 14:30:33,51.0V,0.0A,0.0A,0.0A,18.9A,22.8 deg.C,0.0 deg.C,122Ah,Float
2026-05-26 14:20:33,51.0V,0.0A,0.0A,0.0A,19.8A,22.9 deg.C,0.0 deg.C,119Ah,Float
2026-05-26 14:10:33,50.9V,0.0A,0.0A,0.0A,18.3A,22.8 deg.C,0.0 deg.C,116Ah,Float
2026-05-26 14:00:33,50.8V,0.0A,0.0A,0.0A,18.8A,22.8 deg.C,0.0 deg.C,113Ah,Float
2026-05-26 13:50:33,50.7V,0.0A,0.0A,0.0A,19.2A,22.7 deg.C,0.0 deg.C,110Ah,Float
2026-05-26 13:40:33,50.6V,0.0A,0.0A,0.0A,19.2A,22.6 deg.C,0.0 deg.C,107Ah,Float
2026-05-26 13:30:33,50.5V,0.0A,0.0A,0.0A,20.3A,22.5 deg.C,0.0 deg.C,104Ah,Float
2026-05-26 13:20:33,50.4V,0.0A,0.0A,0.0A,19.4A,22.4 deg.C,0.0 deg.C,101Ah,Float
2026-05-26 13:10:33,50.3V,0.0A,0.0A,0.0A,19.6A,22.3 deg.C,0.0 deg.C,97Ah,Float
2026-05-26 13:00:33,50.2V,0.0A,0.0A,0.0A,22.1A,22.3 deg.C,0.0 deg.C,94Ah,Float
2026-05-26 12:50:33,50.1V,0.0A,0.0A,0.0A,20.3A,22.2 deg.C,0.0 deg.C,90Ah,Float
2026-05-26 12:40:33,50.0V,0.0A,0.0A,0.0A,21.2A,22.3 deg.C,0.0 deg.C,87Ah,Float
2026-05-26 12:30:33,49.8V,0.0A,0.0A,0.0A,20.1A,22.3 deg.C,0.0 deg.C,83Ah,Float
2026-05-26 12:20:33,49.6V,0.0A,0.0A,0.0A,20.7A,22.4 deg.C,0.0 deg.C,80Ah,Float
2026-05-26 12:10:33,49.5V,0.0A,0.0A,0.0A,22.1A,22.4 deg.C,0.0 deg.C,76Ah,Float
2026-05-26 12:00:33,49.3V,0.0A,0.0A,0.0A,21.7A,22.4 deg.C,0.0 deg.C,72Ah,Float
2026-05-26 11:50:33,48.6V,0.0A,0.0A,35.8A,-36.9A,22.4 deg.C,0.0 deg.C,75Ah,Discharge
2026-05-26 11:40:33,48.8V,0.0A,0.0A,40.0A,-38.3A,22.3 deg.C,0.0 deg.C,82Ah,Discharge
2026-05-26 11:30:33,49.0V,0.0A,0.0A,39.2A,-37.0A,22.3 deg.C,0.0 deg.C,88Ah,Discharge
2026-05-26 11:20:33,49.2V,0.0A,0.0A,35.1A,-37.2A,22.2 deg.C,0.0 deg.C,94Ah,Discharge
2026-05-26 11:10:33,49.5V,0.0A,0.0A,33.4A,-31.9A,22.1 deg.C,0.0 deg.C,100Ah,Discharge
2026-05-26 11:00:33,49.6V,0.0A,0.0A,37.7A,-37.1A,22.0 deg.C,0.0 deg.C,106Ah,Discharge
2026-05-26 10:50:33,49.7V,0.0A,0.0A,40.3A,-41.0A,21.9 deg.C,0.0 deg.C,112Ah,Discharge
2026-05-26 10:40:33,49.9V,0.0A,0.0A,35.5A,-36.2A,21.9 deg.C,0.0 deg.C,118Ah,Discharge
2026-05-26 10:30:33,50.1V,0.0A,0.0A,33.8A,-34.0A,21.9 deg.C,0.0 deg.C,124Ah,Discharge
2026-05-26 10:20:33,50.2V,0.0A,0.0A,34.8A,-35.8A,21.8 deg.C,0.0 deg.C,130Ah,Discharge
2026-05-26 10:10:33,50.4V,0.0A,0.0A,34.8A,-33.9A,21.7 deg.C,0.0 deg.C,136Ah,Discharge
2026-05-26 10:00:33,50.5V,0.0A,0.0A,33.1A,-35.1A,21.5 deg.C,0.0 deg.C,141Ah,Discharge
2026-05-26 09:50:33,50.8V,0.0A,0.0A,33.9A,-35.0A,21.3 deg.C,0.0 deg.C,148Ah,Discharge
2026-05-26 09:40:33,51.4V,0.0A,0.0A,0.0A,24.7A,21.2 deg.C,0.0 deg.C,144Ah,Float
2026-05-26 09:30:33,51.3V,0.0A,0.0A,0.0A,22.2A,21.0 deg.C,0.0 deg.C,139Ah,Float
2026-05-26 09:20:33,51.3V,0.0A,0.0A,0.0A,25.5A,21.0 deg.C,0.0 deg.C,135Ah,Float
2026-05-26 09:10:33,51.2V,0.0A,0.0A,0.0A,25.0A,20.9 deg.C,0.0 deg.C,131Ah,Float
2026-05-26 09:00:33,51.1V,0.0A,0.0A,0.0A,25.9A,20.7 deg.C,0.0 deg.C,127Ah,Float
2026-05-26 08:50:33,51.0V,0.0A,0.0A,0.0A,26.1A,20.6 deg.C,0.0 deg.C,122Ah,Float
2026-05-26 08:40:33,50.9V,0.0A,0.0A,0.0A,24.6A,20.6 deg.C,0.0 deg.C,118Ah,Float
2026-05-26 08:30:33,50.8V,0.0A,0.0A,0.0A,24.5A,21.1 deg.C,0.0 deg.C,114Ah,Float
2026-05-26 08:20:33,50.8V,0.0A,0.0A,0.0A,29.0A,22.5 deg.C,0.0 deg.C,110Ah,Float
2026-05-26 08:10:33,50.6V,0.0A,0.0A,0.0A,26.7A,22.3 deg.C,0.0 deg.C,105Ah,Float
2026-05-26 08:00:33,50.5V,0.0A,0.0A,0.0A,30.0A,21.7 deg.C,0.0 deg.C,100Ah,Float
2026-05-26 07:50:33,50.4V,0.0A,0.0A,0.0A,30.4A,20.9 deg.C,0.0 deg.C,95Ah,Float
2026-05-26 07:40:33,50.2V,0.0A,0.0A,0.0A,26.5A,19.7 deg.C,0.0 deg.C,90Ah,Float
2026-05-26 07:30:33,50.1V,0.0A,0.0A,0.0A,29.9A,19.5 deg.C,0.0 deg.C,85Ah,Float
2026-05-26 07:20:33,50.0V,0.0A,0.0A,0.0A,31.0A,19.6 deg.C,0.0 deg.C,80Ah,Float
2026-05-26 07:10:33,49.8V,0.0A,0.0A,0.0A,27.3A,20.0 deg.C,0.0 deg.C,76Ah,Float
2026-05-26 07:00:33,49.6V,0.0A,0.0A,0.0A,20.5A,20.9 deg.C,0.0 deg.C,71Ah,Float
2026-05-26 06:50:33,49.5V,0.0A,0.0A,0.0A,28.8A,23.1 deg.C,0.0 deg.C,67Ah,Float
2026-05-26 06:40:33,49.4V,0.0A,0.0A,0.0A,29.0A,22.8 deg.C,0.0 deg.C,62Ah,Float
2026-05-26 06:30:33,49.2V,0.0A,0.0A,0.0A,28.8A,22.5 deg.C,0.0 deg.C,58Ah,Float
2026-05-26 06:20:33,49.1V,0.0A,0.0A,0.0A,24.7A,22.1 deg.C,0.0 deg.C,53Ah,Float
2026-05-26 06:10:33,49.0V,0.0A,0.0A,0.0A,28.8A,21.4 deg.C,0.0 deg.C,49Ah,Float
2026-05-26 06:00:33,48.9V,0.0A,0.0A,0.0A,29.4A,20.4 deg.C,0.0 deg.C,44Ah,Float
2026-05-26 05:50:33,48.8V,0.0A,0.0A,0.0A,26.7A,19.6 deg.C,0.0 deg.C,39Ah,Float
2026-05-26 05:40:33,48.7V,0.0A,0.0A,0.0A,24.1A,19.7 deg.C,0.0 deg.C,34Ah,Float
2026-05-26 05:30:33,48.6V,0.0A,0.0A,0.0A,28.2A,19.8 deg.C,0.0 deg.C,30Ah,Float
2026-05-26 05:20:33,48.5V,0.0A,0.0A,0.0A,27.6A,19.8 deg.C,0.0 deg.C,26Ah,Float
2026-05-26 05:10:33,48.2V,0.0A,0.0A,0.0A,27.2A,20.3 deg.C,0.0 deg.C,21Ah,Float
2026-05-26 05:00:33,47.8V,0.0A,0.0A,0.0A,22.0A,21.5 deg.C,0.0 deg.C,17Ah,Float
2026-05-26 04:50:33,47.4V,0.0A,0.0A,0.0A,33.4A,22.9 deg.C,0.0 deg.C,13Ah,Float
2026-05-26 04:40:33,46.6V,0.0A,0.0A,0.0A,31.3A,23.0 deg.C,0.0 deg.C,7Ah,Float
2026-05-26 04:30:33,45.6V,0.0A,0.0A,0.0A,29.8A,22.9 deg.C,0.0 deg.C,2Ah,Float
2026-05-26 04:20:33,44.1V,0.0A,0.0A,33.3A,-33.5A,22.9 deg.C,0.0 deg.C,0Ah,Discharge
2026-05-26 04:10:33,44.6V,0.0A,0.0A,28.5A,-28.5A,22.9 deg.C,0.0 deg.C,0Ah,Discharge
2026-05-26 04:00:33,45.0V,0.0A,0.0A,28.3A,-28.4A,23.0 deg.C,0.0 deg.C,0Ah,Discharge
2026-05-26 03:50:33,45.4V,0.0A,0.0A,28.3A,-27.6A,23.1 deg.C,0.0 deg.C,0Ah,Discharge
2026-05-26 03:40:33,45.8V,0.0A,0.0A,31.8A,-30.8A,23.2 deg.C,0.0 deg.C,0Ah,Discharge
2026-05-26 03:30:33,46.1V,0.0A,0.0A,31.3A,-31.7A,23.1 deg.C,0.0 deg.C,0Ah,Discharge
2026-05-26 03:20:33,46.7V,0.0A,0.0A,29.0A,-29.3A,23.0 deg.C,0.0 deg.C,0Ah,Discharge
2026-05-26 03:10:33,47.2V,0.0A,0.0A,29.6A,-29.3A,22.9 deg.C,0.0 deg.C,0Ah,Discharge
2026-05-26 03:00:33,47.5V,0.0A,0.0A,33.8A,-32.2A,22.8 deg.C,0.0 deg.C,0Ah,Discharge
2026-05-26 02:50:33,47.8V,0.0A,0.0A,33.6A,-31.1A,22.7 deg.C,0.0 deg.C,0Ah,Discharge
2026-05-26 02:40:33,47.9V,0.0A,0.0A,28.5A,-29.2A,22.6 deg.C,0.0 deg.C,0Ah,Discharge
2026-05-26 02:30:33,48.0V,0.0A,0.0A,32.9A,-33.7A,22.4 deg.C,0.0 deg.C,0Ah,Discharge
2026-05-26 02:20:33,48.1V,0.0A,0.0A,29.3A,-30.2A,22.3 deg.C,0.0 deg.C,0Ah,Discharge
2026-05-26 02:10:33,48.2V,0.0A,0.0A,29.0A,-29.3A,22.2 deg.C,0.0 deg.C,0Ah,Discharge
2026-05-26 02:00:33,48.3V,0.0A,0.0A,30.8A,-29.5A,22.0 deg.C,0.0 deg.C,0Ah,Discharge
2026-05-26 01:50:33,48.4V,0.0A,0.0A,33.3A,-34.0A,21.9 deg.C,0.0 deg.C,0Ah,Discharge
2026-05-26 01:40:33,48.6V,0.0A,0.0A,31.7A,-32.2A,21.9 deg.C,0.0 deg.C,5Ah,Discharge
2026-05-26 01:30:33,48.8V,0.0A,0.0A,35.2A,-34.2A,21.9 deg.C,0.0 deg.C,11Ah,Discharge
2026-05-26 01:20:33,49.0V,0.0A,0.0A,32.5A,-34.4A,21.9 deg.C,0.0 deg.C,16Ah,Discharge
2026-05-26 01:10:33,49.1V,0.0A,0.0A,36.7A,-38.5A,21.9 deg.C,0.0 deg.C,22Ah,Discharge
2026-05-26 01:00:33,49.3V,0.0A,0.0A,34.6A,-33.1A,22.0 deg.C,0.0 deg.C,28Ah,Discharge
2026-05-26 00:50:33,49.4V,0.0A,0.0A,34.7A,-35.9A,22.0 deg.C,0.0 deg.C,34Ah,Discharge
2026-05-26 00:40:33,49.5V,0.0A,0.0A,38.7A,-40.4A,22.0 deg.C,0.0 deg.C,40Ah,Discharge
2026-05-26 00:30:33,49.7V,0.0A,0.0A,37.3A,-37.5A,21.9 deg.C,0.0 deg.C,47Ah,Discharge
2026-05-26 00:20:33,49.8V,0.0A,0.0A,36.4A,-37.6A,21.9 deg.C,0.0 deg.C,53Ah,Discharge
2026-05-26 00:10:33,50.0V,0.0A,0.0A,35.3A,-36.2A,22.0 deg.C,0.0 deg.C,59Ah,Discharge
2026-05-26 00:00:33,50.1V,0.0A,0.0A,38.2A,-38.5A,22.0 deg.C,0.0 deg.C,65Ah,Discharge
2026-05-25 23:50:33,50.2V,0.0A,0.0A,39.1A,-38.2A,22.1 deg.C,0.0 deg.C,72Ah,Discharge
2026-05-25 23:40:33,50.4V,0.0A,0.0A,35.9A,-36.1A,22.2 deg.C,0.0 deg.C,78Ah,Discharge
2026-05-25 23:30:33,50.5V,0.0A,0.0A,48.8A,-40.3A,22.2 deg.C,0.0 deg.C,85Ah,Discharge
2026-05-25 23:20:33,50.7V,0.0A,0.0A,34.1A,-34.8A,22.3 deg.C,0.0 deg.C,91Ah,Discharge
2026-05-25 23:10:33,50.8V,0.0A,0.0A,41.0A,-38.8A,22.3 deg.C,0.0 deg.C,97Ah,Discharge
2026-05-25 23:00:33,50.9V,0.0A,0.0A,39.7A,-38.5A,22.4 deg.C,0.0 deg.C,104Ah,Discharge
2026-05-25 22:50:33,51.1V,0.0A,0.0A,33.8A,-35.5A,22.4 deg.C,0.0 deg.C,110Ah,Discharge
2026-05-25 22:40:33,51.2V,0.0A,0.0A,42.3A,-41.1A,22.5 deg.C,0.0 deg.C,116Ah,Discharge
2026-05-25 22:30:33,51.4V,0.0A,0.0A,34.5A,-34.5A,22.5 deg.C,0.0 deg.C,122Ah,Discharge
2026-05-25 22:20:33,51.6V,0.0A,0.0A,35.7A,-36.1A,22.5 deg.C,0.0 deg.C,128Ah,Discharge
2026-05-25 22:10:33,51.6V,0.0A,0.0A,42.3A,-39.3A,22.5 deg.C,0.0 deg.C,134Ah,Discharge
2026-05-25 22:00:33,51.9V,0.0A,0.0A,34.8A,-34.9A,22.4 deg.C,0.0 deg.C,141Ah,Discharge
2026-05-25 21:50:33,52.0V,0.0A,0.0A,37.8A,-35.0A,22.1 deg.C,0.0 deg.C,147Ah,Discharge
2026-05-25 21:40:33,52.2V,0.0A,0.0A,39.2A,-39.2A,21.7 deg.C,0.0 deg.C,153Ah,Discharge
2026-05-25 21:30:33,52.4V,0.0A,0.0A,31.8A,-34.0A,20.9 deg.C,0.0 deg.C,159Ah,Discharge
2026-05-25 21:20:33,53.2V,0.0A,0.0A,0.0A,15.2A,20.5 deg.C,0.0 deg.C,164Ah,Float
2026-05-25 21:10:33,53.2V,0.0A,0.0A,0.0A,20.6A,20.5 deg.C,0.0 deg.C,161Ah,Float
2026-05-25 21:00:33,53.1V,0.0A,0.0A,0.0A,20.0A,20.5 deg.C,0.0 deg.C,158Ah,Float
2026-05-25 20:50:33,53.0V,0.0A,0.0A,0.0A,17.1A,20.4 deg.C,0.0 deg.C,155Ah,Float
2026-05-25 20:40:33,53.0V,0.0A,0.0A,0.0A,21.6A,20.4 deg.C,0.0 deg.C,152Ah,Float
2026-05-25 20:30:33,52.9V,0.0A,0.0A,0.0A,15.9A,20.4 deg.C,0.0 deg.C,149Ah,Float
2026-05-25 20:20:33,52.9V,0.0A,0.0A,0.0A,21.4A,20.3 deg.C,0.0 deg.C,146Ah,Float
2026-05-25 20:10:33,52.8V,0.0A,0.0A,0.0A,18.5A,20.3 deg.C,0.0 deg.C,143Ah,Float
2026-05-25 20:00:33,52.7V,0.0A,0.0A,0.0A,21.2A,20.2 deg.C,0.0 deg.C,140Ah,Float
2026-05-25 19:50:33,52.6V,0.0A,0.0A,0.0A,17.6A,20.1 deg.C,0.0 deg.C,136Ah,Float
2026-05-25 19:40:33,52.6V,0.0A,0.0A,0.0A,22.6A,20.1 deg.C,0.0 deg.C,133Ah,Float
2026-05-25 19:30:33,52.4V,0.0A,0.0A,0.0A,16.2A,20.0 deg.C,0.0 deg.C,130Ah,Float
2026-05-25 19:20:33,52.4V,0.0A,0.0A,0.0A,18.4A,20.0 deg.C,0.0 deg.C,127Ah,Float
2026-05-25 19:10:33,52.3V,0.0A,0.0A,0.0A,19.9A,20.1 deg.C,0.0 deg.C,123Ah,Float
2026-05-25 19:00:33,52.2V,0.0A,0.0A,0.0A,21.4A,20.1 deg.C,0.0 deg.C,119Ah,Float
2026-05-25 18:50:33,52.2V,0.0A,0.0A,0.0A,26.1A,20.2 deg.C,0.0 deg.C,115Ah,Float
2026-05-25 18:40:33,52.1V,0.0A,0.0A,0.0A,21.8A,20.3 deg.C,0.0 deg.C,112Ah,Float
2026-05-25 18:30:33,51.9V,0.0A,0.0A,0.0A,19.9A,20.4 deg.C,0.0 deg.C,108Ah,Float
2026-05-25 18:20:33,51.9V,0.0A,0.0A,0.0A,18.7A,20.5 deg.C,0.0 deg.C,105Ah,Float
2026-05-25 18:10:33,51.8V,0.0A,0.0A,0.0A,20.7A,20.6 deg.C,0.0 deg.C,101Ah,Float
2026-05-25 18:00:33,51.7V,0.0A,0.0A,0.0A,19.2A,20.7 deg.C,0.0 deg.C,98Ah,Float
2026-05-25 17:50:33,51.7V,0.0A,0.0A,0.0A,24.4A,20.8 deg.C,0.0 deg.C,95Ah,Float
2026-05-25 17:40:33,51.6V,0.0A,0.0A,0.0A,20.2A,20.9 deg.C,0.0 deg.C,91Ah,Float
2026-05-25 17:30:33,51.6V,0.0A,0.0A,0.0A,24.8A,21.0 deg.C,0.0 deg.C,88Ah,Float
2026-05-25 17:20:33,51.5V,0.0A,0.0A,0.0A,19.7A,21.0 deg.C,0.0 deg.C,84Ah,Float
2026-05-25 17:10:33,51.4V,0.0A,0.0A,0.0A,17.0A,21.2 deg.C,0.0 deg.C,81Ah,Float
2026-05-25 17:00:33,51.4V,0.0A,0.0A,0.0A,20.1A,21.3 deg.C,0.0 deg.C,78Ah,Float
2026-05-25 16:50:33,51.3V,0.0A,0.0A,0.0A,18.4A,21.4 deg.C,0.0 deg.C,75Ah,Float
2026-05-25 16:40:33,51.2V,0.0A,0.0A,0.0A,18.4A,21.5 deg.C,0.0 deg.C,72Ah,Float
2026-05-25 16:30:33,51.2V,0.0A,0.0A,0.0A,18.8A,21.7 deg.C,0.0 deg.C,68Ah,Float
2026-05-25 16:20:33,51.1V,0.0A,0.0A,0.0A,19.1A,21.8 deg.C,0.0 deg.C,65Ah,Float
2026-05-25 16:10:32,51.0V,0.0A,0.0A,0.0A,17.9A,22.0 deg.C,0.0 deg.C,62Ah,Float
2026-05-25 16:00:32,51.0V,0.0A,0.0A,0.0A,18.1A,22.1 deg.C,0.0 deg.C,59Ah,Float
2026-05-25 15:50:32,50.9V,0.0A,0.0A,0.0A,17.9A,22.3 deg.C,0.0 deg.C,56Ah,Float
2026-05-25 15:40:32,50.8V,0.0A,0.0A,0.0A,17.3A,22.5 deg.C,0.0 deg.C,53Ah,Float
2026-05-25 15:30:32,50.7V,0.0A,0.0A,0.0A,18.7A,22.6 deg.C,0.0 deg.C,50Ah,Float
2026-05-25 15:20:32,50.6V,0.0A,0.0A,0.0A,17.6A,22.8 deg.C,0.0 deg.C,47Ah,Float
2026-05-25 15:10:31,50.5V,0.0A,0.0A,0.0A,18.9A,22.9 deg.C,0.0 deg.C,44Ah,Float
2026-05-25 15:00:31,50.5V,0.0A,0.0A,0.0A,18.5A,23.0 deg.C,0.0 deg.C,41Ah,Float
2026-05-25 14:50:31,50.3V,0.0A,0.0A,0.0A,19.1A,23.0 deg.C,0.0 deg.C,38Ah,Float
2026-05-25 14:40:31,50.3V,0.0A,0.0A,0.0A,19.6A,23.1 deg.C,0.0 deg.C,35Ah,Float
2026-05-25 14:30:31,50.2V,0.0A,0.0A,0.0A,19.5A,23.1 deg.C,0.0 deg.C,32Ah,Float
2026-05-25 14:20:31,50.0V,0.0A,0.0A,0.0A,19.0A,23.0 deg.C,0.0 deg.C,29Ah,Float
2026-05-25 14:10:31,49.9V,0.0A,0.0A,0.0A,18.3A,22.9 deg.C,0.0 deg.C,26Ah,Float
2026-05-25 14:00:31,49.8V,0.0A,0.0A,0.0A,18.3A,22.8 deg.C,0.0 deg.C,23Ah,Float
2026-05-25 13:50:31,49.7V,0.0A,0.0A,0.0A,18.3A,22.7 deg.C,0.0 deg.C,20Ah,Float
2026-05-25 13:40:31,49.5V,0.0A,0.0A,0.0A,18.9A,22.6 deg.C,0.0 deg.C,17Ah,Float
2026-05-25 13:30:31,49.4V,0.0A,0.0A,0.0A,20.1A,22.6 deg.C,0.0 deg.C,13Ah,Float
2026-05-25 13:20:31,49.1V,0.0A,0.0A,0.0A,18.9A,22.5 deg.C,0.0 deg.C,10Ah,Float
2026-05-25 13:10:31,48.6V,0.0A,0.0A,39.0A,-39.9A,22.6 deg.C,0.0 deg.C,16Ah,Discharge
2026-05-25 13:00:31,48.8V,0.0A,0.0A,38.5A,-38.5A,22.5 deg.C,0.0 deg.C,22Ah,Discharge
2026-05-25 12:50:31,49.0V,0.0A,0.0A,39.3A,-39.0A,22.4 deg.C,0.0 deg.C,29Ah,Discharge
2026-05-25 12:40:31,49.1V,0.0A,0.0A,45.7A,-47.3A,22.4 deg.C,0.0 deg.C,36Ah,Discharge
2026-05-25 12:30:31,49.4V,0.0A,0.0A,40.5A,-38.9A,22.4 deg.C,0.0 deg.C,42Ah,Discharge
2026-05-25 12:20:31,49.4V,0.0A,0.0A,44.8A,-43.3A,22.3 deg.C,0.0 deg.C,48Ah,Discharge
2026-05-25 12:10:31,49.6V,0.0A,0.0A,42.2A,-41.8A,22.2 deg.C,0.0 deg.C,55Ah,Discharge
2026-05-25 12:00:31,49.8V,0.0A,0.0A,39.4A,-37.2A,22.1 deg.C,0.0 deg.C,62Ah,Discharge
2026-05-25 11:50:31,49.9V,0.0A,0.0A,40.3A,-39.7A,22.0 deg.C,0.0 deg.C,68Ah,Discharge
2026-05-25 11:40:31,50.1V,0.0A,0.0A,35.1A,-35.0A,21.8 deg.C,0.0 deg.C,74Ah,Discharge
2026-05-25 11:30:31,50.3V,0.0A,0.0A,35.3A,-35.5A,21.8 deg.C,0.0 deg.C,80Ah,Discharge
2026-05-25 11:20:31,50.4V,0.0A,0.0A,36.5A,-35.5A,21.8 deg.C,0.0 deg.C,86Ah,Discharge
2026-05-25 11:10:31,50.5V,0.0A,0.0A,34.4A,-35.4A,21.7 deg.C,0.0 deg.C,92Ah,Discharge
2026-05-25 11:00:31,50.6V,0.0A,0.0A,39.6A,-36.3A,21.6 deg.C,0.0 deg.C,98Ah,Discharge
2026-05-25 10:50:31,50.7V,0.0A,0.0A,38.2A,-38.5A,21.6 deg.C,0.0 deg.C,104Ah,Discharge
2026-05-25 10:40:31,50.9V,0.0A,0.0A,36.0A,-37.6A,21.5 deg.C,0.0 deg.C,110Ah,Discharge
2026-05-25 10:30:31,51.0V,0.0A,0.0A,35.3A,-35.5A,21.5 deg.C,0.0 deg.C,116Ah,Discharge
2026-05-25 10:20:31,51.2V,0.0A,0.0A,36.5A,-36.8A,21.5 deg.C,0.0 deg.C,122Ah,Discharge
2026-05-25 10:10:31,51.3V,0.0A,0.0A,33.8A,-35.7A,21.7 deg.C,0.0 deg.C,128Ah,Discharge
2026-05-25 10:00:31,51.5V,0.0A,0.0A,36.2A,-35.2A,22.2 deg.C,0.0 deg.C,134Ah,Discharge
2026-05-25 09:50:31,51.6V,0.0A,0.0A,33.9A,-35.1A,23.3 deg.C,0.0 deg.C,140Ah,Discharge
2026-05-25 09:40:31,51.8V,0.0A,0.0A,33.8A,-33.5A,24.3 deg.C,0.0 deg.C,146Ah,Discharge
2026-05-25 09:30:31,51.9V,0.0A,0.0A,34.1A,-33.6A,24.0 deg.C,0.0 deg.C,151Ah,Discharge
2026-05-25 09:20:31,52.1V,0.0A,0.0A,31.9A,-31.2A,23.6 deg.C,0.0 deg.C,156Ah,Discharge
2026-05-25 09:10:31,52.2V,0.0A,0.0A,28.0A,-28.3A,23.3 deg.C,0.0 deg.C,161Ah,Discharge
2026-05-25 09:00:31,52.3V,0.0A,0.0A,31.0A,-32.1A,22.9 deg.C,0.0 deg.C,167Ah,Discharge
2026-05-25 08:50:31,52.4V,0.0A,0.0A,32.3A,-28.6A,22.6 deg.C,0.0 deg.C,172Ah,Discharge
2026-05-25 08:40:31,52.5V,0.0A,0.0A,32.0A,-31.4A,22.3 deg.C,0.0 deg.C,177Ah,Discharge
2026-05-25 08:30:31,52.7V,0.0A,0.0A,30.7A,-31.4A,22.1 deg.C,0.0 deg.C,182Ah,Discharge
2026-05-25 08:20:31,52.8V,0.0A,0.0A,29.0A,-28.2A,21.8 deg.C,0.0 deg.C,187Ah,Discharge
2026-05-25 08:10:31,52.9V,0.0A,0.0A,31.2A,-31.7A,21.6 deg.C,0.0 deg.C,193Ah,Discharge
2026-05-25 08:00:31,53.0V,0.0A,0.0A,26.9A,-27.4A,21.5 deg.C,0.0 deg.C,197Ah,Discharge
2026-05-25 07:50:31,53.1V,0.0A,0.0A,32.5A,-31.8A,21.5 deg.C,0.0 deg.C,202Ah,Discharge
2026-05-25 07:40:31,53.3V,0.0A,0.0A,26.7A,-26.8A,21.4 deg.C,0.0 deg.C,207Ah,Discharge
2026-05-25 07:30:31,53.4V,0.0A,0.0A,27.9A,-27.6A,21.0 deg.C,0.0 deg.C,211Ah,Discharge
2026-05-25 07:20:31,53.6V,0.0A,0.0A,30.3A,-30.4A,20.3 deg.C,0.0 deg.C,216Ah,Discharge
2026-05-25 07:10:31,54.3V,0.0A,0.0A,0.0A,21.0A,21.3 deg.C,0.0 deg.C,214Ah,Float
2026-05-25 07:00:31,54.2V,0.0A,0.0A,0.0A,27.4A,22.8 deg.C,0.0 deg.C,210Ah,Float
2026-05-25 06:50:31,54.1V,0.0A,0.0A,0.0A,27.0A,22.4 deg.C,0.0 deg.C,206Ah,Float
2026-05-25 06:40:31,54.0V,0.0A,0.0A,0.0A,26.9A,21.8 deg.C,0.0 deg.C,201Ah,Float
2026-05-25 06:30:31,54.0V,0.0A,0.0A,0.0A,27.6A,20.9 deg.C,0.0 deg.C,197Ah,Float
2026-05-25 06:20:31,53.8V,0.0A,0.0A,0.0A,27.0A,19.8 deg.C,0.0 deg.C,193Ah,Float
2026-05-25 06:10:31,53.7V,0.0A,0.0A,0.0A,26.6A,19.5 deg.C,0.0 deg.C,188Ah,Float
2026-05-25 06:00:31,53.6V,0.0A,0.0A,0.0A,26.3A,19.5 deg.C,0.0 deg.C,184Ah,Float
2026-05-25 05:50:31,53.5V,0.0A,0.0A,0.0A,26.9A,19.5 deg.C,0.0 deg.C,180Ah,Float
2026-05-25 05:40:31,53.4V,0.0A,0.0A,0.0A,27.5A,19.5 deg.C,0.0 deg.C,175Ah,Float
2026-05-25 05:30:31,53.3V,0.0A,0.0A,0.0A,27.2A,19.5 deg.C,0.0 deg.C,171Ah,Float
2026-05-25 05:20:31,53.2V,0.0A,0.0A,0.0A,23.4A,19.5 deg.C,0.0 deg.C,167Ah,Float
2026-05-25 05:10:31,53.1V,0.0A,0.0A,0.0A,27.1A,19.6 deg.C,0.0 deg.C,162Ah,Float
2026-05-25 05:00:31,53.0V,0.0A,0.0A,0.0A,27.8A,19.6 deg.C,0.0 deg.C,158Ah,Float
2026-05-25 04:50:31,52.9V,0.0A,0.0A,0.0A,23.5A,19.5 deg.C,0.0 deg.C,153Ah,Float
2026-05-25 04:40:31,52.8V,0.0A,0.0A,0.0A,27.8A,19.5 deg.C,0.0 deg.C,149Ah,Float
2026-05-25 04:30:31,52.7V,0.0A,0.0A,0.0A,27.8A,19.5 deg.C,0.0 deg.C,145Ah,Float
2026-05-25 04:20:31,52.6V,0.0A,0.0A,0.0A,28.0A,19.5 deg.C,0.0 deg.C,140Ah,Float
2026-05-25 04:10:31,52.4V,0.0A,0.0A,0.0A,23.3A,19.5 deg.C,0.0 deg.C,136Ah,Float
2026-05-25 04:00:31,52.4V,0.0A,0.0A,0.0A,28.0A,19.6 deg.C,0.0 deg.C,131Ah,Float
2026-05-25 03:50:31,52.3V,0.0A,0.0A,0.0A,27.8A,19.6 deg.C,0.0 deg.C,126Ah,Float
2026-05-25 03:40:31,52.1V,0.0A,0.0A,0.0A,24.0A,19.6 deg.C,0.0 deg.C,122Ah,Float
2026-05-25 03:30:31,52.1V,0.0A,0.0A,0.0A,27.7A,19.6 deg.C,0.0 deg.C,118Ah,Float
2026-05-25 03:20:31,52.0V,0.0A,0.0A,0.0A,27.8A,19.6 deg.C,0.0 deg.C,113Ah,Float
2026-05-25 03:10:31,51.9V,0.0A,0.0A,0.0A,24.1A,19.5 deg.C,0.0 deg.C,109Ah,Float
2026-05-25 03:00:31,51.8V,0.0A,0.0A,0.0A,28.4A,19.5 deg.C,0.0 deg.C,105Ah,Float
2026-05-25 02:50:31,51.7V,0.0A,0.0A,0.0A,27.9A,19.6 deg.C,0.0 deg.C,100Ah,Float
2026-05-25 02:40:31,51.6V,0.0A,0.0A,0.0A,23.8A,19.6 deg.C,0.0 deg.C,95Ah,Float
2026-05-25 02:30:31,51.6V,0.0A,0.0A,0.0A,27.1A,19.6 deg.C,0.0 deg.C,91Ah,Float
2026-05-25 02:20:31,51.5V,0.0A,0.0A,0.0A,27.5A,19.5 deg.C,0.0 deg.C,86Ah,Float
2026-05-25 02:10:31,51.4V,0.0A,0.0A,0.0A,26.7A,19.6 deg.C,0.0 deg.C,82Ah,Float
2026-05-25 02:00:31,51.3V,0.0A,0.0A,0.0A,23.1A,19.6 deg.C,0.0 deg.C,78Ah,Float
2026-05-25 01:50:31,51.2V,0.0A,0.0A,0.0A,27.5A,19.6 deg.C,0.0 deg.C,74Ah,Float
2026-05-25 01:40:31,51.1V,0.0A,0.0A,0.0A,27.3A,19.6 deg.C,0.0 deg.C,69Ah,Float
2026-05-25 01:30:31,51.0V,0.0A,0.0A,0.0A,22.4A,19.7 deg.C,0.0 deg.C,65Ah,Float
2026-05-25 01:20:31,50.9V,0.0A,0.0A,0.0A,25.3A,19.7 deg.C,0.0 deg.C,61Ah,Float
2026-05-25 01:10:31,50.8V,0.0A,0.0A,0.0A,26.6A,19.8 deg.C,0.0 deg.C,56Ah,Float
2026-05-25 01:00:31,50.6V,0.0A,0.0A,0.0A,20.6A,19.8 deg.C,0.0 deg.C,52Ah,Float
2026-05-25 00:50:31,50.5V,0.0A,0.0A,0.0A,24.7A,19.7 deg.C,0.0 deg.C,49Ah,Float
2026-05-25 00:40:31,50.4V,0.0A,0.0A,0.0A,27.1A,19.6 deg.C,0.0 deg.C,45Ah,Float
2026-05-25 00:30:31,50.2V,0.0A,0.0A,0.0A,20.1A,19.5 deg.C,0.0 deg.C,40Ah,Float
2026-05-25 00:20:31,50.2V,0.0A,0.0A,0.0A,25.4A,19.5 deg.C,0.0 deg.C,37Ah,Float
2026-05-25 00:10:31,50.0V,0.0A,0.0A,0.0A,24.2A,19.5 deg.C,0.0 deg.C,33Ah,Float
2026-05-25 00:00:31,49.8V,0.0A,0.0A,0.0A,20.5A,19.8 deg.C,0.0 deg.C,29Ah,Float
2026-05-24 23:50:31,49.7V,0.0A,0.0A,0.0A,23.6A,20.5 deg.C,0.0 deg.C,26Ah,Float
2026-05-24 23:40:31,49.5V,0.0A,0.0A,0.0A,18.1A,22.2 deg.C,0.0 deg.C,22Ah,Float
2026-05-24 23:30:31,49.3V,0.0A,0.0A,0.0A,20.9A,23.8 deg.C,0.0 deg.C,19Ah,Float
2026-05-24 23:20:31,48.6V,0.0A,0.0A,38.3A,-35.7A,23.8 deg.C,0.0 deg.C,21Ah,Discharge
2026-05-24 23:10:31,48.8V,0.0A,0.0A,38.9A,-37.1A,23.8 deg.C,0.0 deg.C,27Ah,Discharge
2026-05-24 23:00:31,49.0V,0.0A,0.0A,42.2A,-41.9A,23.8 deg.C,0.0 deg.C,34Ah,Discharge
2026-05-24 22:50:31,49.2V,0.0A,0.0A,44.7A,-37.9A,23.8 deg.C,0.0 deg.C,40Ah,Discharge
2026-05-24 22:40:31,49.3V,0.0A,0.0A,39.5A,-36.8A,23.8 deg.C,0.0 deg.C,47Ah,Discharge
2026-05-24 22:30:31,49.5V,0.0A,0.0A,40.3A,-40.6A,23.8 deg.C,0.0 deg.C,53Ah,Discharge
2026-05-24 22:20:31,49.7V,0.0A,0.0A,35.8A,-36.3A,23.8 deg.C,0.0 deg.C,60Ah,Discharge
2026-05-24 22:10:31,49.8V,0.0A,0.0A,42.7A,-42.4A,23.8 deg.C,0.0 deg.C,66Ah,Discharge
2026-05-24 22:00:31,50.0V,0.0A,0.0A,39.7A,-37.9A,23.8 deg.C,0.0 deg.C,73Ah,Discharge
2026-05-24 21:50:31,50.2V,0.0A,0.0A,33.5A,-37.6A,23.8 deg.C,0.0 deg.C,79Ah,Discharge
2026-05-24 21:40:31,50.2V,0.0A,0.0A,42.8A,-42.0A,23.8 deg.C,0.0 deg.C,86Ah,Discharge
2026-05-24 21:30:31,50.5V,0.0A,0.0A,33.1A,-35.4A,23.9 deg.C,0.0 deg.C,92Ah,Discharge
2026-05-24 21:20:31,50.5V,0.0A,0.0A,39.3A,-38.7A,23.9 deg.C,0.0 deg.C,98Ah,Discharge
2026-05-24 21:10:31,50.7V,0.0A,0.0A,32.8A,-35.0A,23.9 deg.C,0.0 deg.C,104Ah,Discharge
2026-05-24 21:00:31,50.8V,0.0A,0.0A,34.3A,-35.0A,24.0 deg.C,0.0 deg.C,110Ah,Discharge
2026-05-24 20:50:31,50.9V,0.0A,0.0A,38.0A,-41.4A,24.0 deg.C,0.0 deg.C,117Ah,Discharge
2026-05-24 20:40:31,51.1V,0.0A,0.0A,35.6A,-33.3A,24.0 deg.C,0.0 deg.C,123Ah,Discharge
2026-05-24 20:30:31,51.2V,0.0A,0.0A,37.8A,-40.2A,24.0 deg.C,0.0 deg.C,129Ah,Discharge
2026-05-24 20:20:31,51.4V,0.0A,0.0A,32.3A,-33.2A,24.1 deg.C,0.0 deg.C,135Ah,Discharge
2026-05-24 20:10:31,51.5V,0.0A,0.0A,36.5A,-38.1A,24.1 deg.C,0.0 deg.C,141Ah,Discharge
2026-05-24 20:00:31,51.7V,0.0A,0.0A,32.4A,-32.2A,24.0 deg.C,0.0 deg.C,148Ah,Discharge
2026-05-24 19:50:31,51.8V,0.0A,0.0A,37.3A,-37.7A,23.9 deg.C,0.0 deg.C,153Ah,Discharge
2026-05-24 19:40:31,52.0V,0.0A,0.0A,33.8A,-33.1A,23.6 deg.C,0.0 deg.C,159Ah,Discharge
2026-05-24 19:30:31,52.1V,0.0A,0.0A,37.5A,-36.7A,23.2 deg.C,0.0 deg.C,165Ah,Discharge
2026-05-24 19:20:31,52.3V,0.0A,0.0A,34.7A,-35.0A,22.6 deg.C,0.0 deg.C,171Ah,Discharge
2026-05-24 19:10:31,52.4V,0.0A,0.0A,28.7A,-32.1A,21.6 deg.C,0.0 deg.C,175Ah,Discharge
2026-05-24 19:00:31,52.5V,0.0A,0.0A,35.5A,-34.8A,20.5 deg.C,0.0 deg.C,181Ah,Discharge
2026-05-24 18:50:31,52.8V,0.0A,0.0A,31.1A,-30.3A,20.6 deg.C,0.0 deg.C,186Ah,Discharge
2026-05-24 18:40:31,53.5V,0.0A,0.0A,0.0A,21.6A,20.6 deg.C,0.0 deg.C,186Ah,Float
2026-05-24 18:30:31,53.4V,0.0A,0.0A,0.0A,20.3A,20.7 deg.C,0.0 deg.C,182Ah,Float
2026-05-24 18:20:31,53.3V,0.0A,0.0A,0.0A,19.3A,20.8 deg.C,0.0 deg.C,179Ah,Float
2026-05-24 18:10:31,53.2V,0.0A,0.0A,0.0A,20.3A,21.0 deg.C,0.0 deg.C,175Ah,Float
2026-05-24 18:00:31,53.2V,0.0A,0.0A,0.0A,20.2A,21.1 deg.C,0.0 deg.C,172Ah,Float
2026-05-24 17:50:31,53.1V,0.0A,0.0A,0.0A,24.7A,21.1 deg.C,0.0 deg.C,168Ah,Float
2026-05-24 17:40:31,53.0V,0.0A,0.0A,0.0A,19.8A,21.2 deg.C,0.0 deg.C,165Ah,Float
2026-05-24 17:30:31,52.9V,0.0A,0.0A,0.0A,17.6A,21.3 deg.C,0.0 deg.C,162Ah,Float
2026-05-24 17:20:31,52.8V,0.0A,0.0A,0.0A,19.9A,21.4 deg.C,0.0 deg.C,158Ah,Float
2026-05-24 17:10:31,52.7V,0.0A,0.0A,0.0A,19.1A,21.5 deg.C,0.0 deg.C,155Ah,Float
2026-05-24 17:00:31,52.6V,0.0A,0.0A,0.0A,19.1A,21.6 deg.C,0.0 deg.C,151Ah,Float
2026-05-24 16:50:31,52.6V,0.0A,0.0A,0.0A,17.5A,21.7 deg.C,0.0 deg.C,148Ah,Float
2026-05-24 16:40:31,52.5V,0.0A,0.0A,0.0A,19.8A,21.8 deg.C,0.0 deg.C,145Ah,Float
2026-05-24 16:30:31,52.4V,0.0A,0.0A,0.0A,20.6A,21.9 deg.C,0.0 deg.C,142Ah,Float
2026-05-24 16:20:31,52.3V,0.0A,0.0A,0.0A,19.3A,22.0 deg.C,0.0 deg.C,138Ah,Float
2026-05-24 16:10:31,52.2V,0.0A,0.0A,0.0A,19.4A,22.1 deg.C,0.0 deg.C,135Ah,Float
2026-05-24 16:00:31,52.1V,0.0A,0.0A,0.0A,16.9A,22.2 deg.C,0.0 deg.C,132Ah,Float
2026-05-24 15:50:31,52.1V,0.0A,0.0A,0.0A,19.6A,22.3 deg.C,0.0 deg.C,129Ah,Float
2026-05-24 15:40:31,52.0V,0.0A,0.0A,0.0A,19.2A,22.4 deg.C,0.0 deg.C,126Ah,Float
2026-05-24 15:30:31,51.9V,0.0A,0.0A,0.0A,19.1A,22.5 deg.C,0.0 deg.C,122Ah,Float
2026-05-24 15:20:31,51.9V,0.0A,0.0A,0.0A,19.1A,22.6 deg.C,0.0 deg.C,120Ah,Float
2026-05-24 15:10:31,51.8V,0.0A,0.0A,0.0A,18.8A,22.7 deg.C,0.0 deg.C,116Ah,Float
2026-05-24 15:00:31,51.8V,0.0A,0.0A,0.0A,19.9A,22.7 deg.C,0.0 deg.C,113Ah,Float
2026-05-24 14:50:31,51.7V,0.0A,0.0A,0.0A,19.2A,22.8 deg.C,0.0 deg.C,110Ah,Float
2026-05-24 14:40:31,51.6V,0.0A,0.0A,0.0A,19.1A,22.8 deg.C,0.0 deg.C,107Ah,Float
2026-05-24 14:30:31,51.6V,0.0A,0.0A,0.0A,19.8A,22.8 deg.C,0.0 deg.C,104Ah,Float
2026-05-24 14:20:31,51.5V,0.0A,0.0A,0.0A,16.9A,22.7 deg.C,0.0 deg.C,100Ah,Float
2026-05-24 14:10:31,51.5V,0.0A,0.0A,0.0A,19.4A,22.6 deg.C,0.0 deg.C,97Ah,Float
2026-05-24 14:00:31,51.4V,0.0A,0.0A,0.0A,20.3A,22.6 deg.C,0.0 deg.C,94Ah,Float
2026-05-24 13:50:31,51.3V,0.0A,0.0A,0.0A,16.9A,22.5 deg.C,0.0 deg.C,91Ah,Float
2026-05-24 13:40:31,51.3V,0.0A,0.0A,0.0A,19.8A,22.5 deg.C,0.0 deg.C,87Ah,Float
2026-05-24 13:30:31,51.2V,0.0A,0.0A,0.0A,18.8A,22.4 deg.C,0.0 deg.C,84Ah,Float
2026-05-24 13:20:31,51.2V,0.0A,0.0A,0.0A,20.6A,22.3 deg.C,0.0 deg.C,81Ah,Float
2026-05-24 13:10:31,51.1V,0.0A,0.0A,0.0A,20.4A,22.3 deg.C,0.0 deg.C,78Ah,Float
2026-05-24 13:00:31,51.0V,0.0A,0.0A,0.0A,20.2A,22.3 deg.C,0.0 deg.C,74Ah,Float
2026-05-24 12:50:31,51.0V,0.0A,0.0A,0.0A,25.8A,22.3 deg.C,0.0 deg.C,71Ah,Float
2026-05-24 12:40:31,50.8V,0.0A,0.0A,0.0A,20.3A,22.2 deg.C,0.0 deg.C,67Ah,Float
2026-05-24 12:30:31,50.7V,0.0A,0.0A,0.0A,20.4A,22.2 deg.C,0.0 deg.C,64Ah,Float
2026-05-24 12:20:31,50.6V,0.0A,0.0A,0.0A,20.7A,22.0 deg.C,0.0 deg.C,60Ah,Float
2026-05-24 12:10:31,50.5V,0.0A,0.0A,0.0A,22.3A,21.8 deg.C,0.0 deg.C,57Ah,Float
2026-05-24 12:00:31,50.4V,0.0A,0.0A,0.0A,22.1A,21.7 deg.C,0.0 deg.C,53Ah,Float
2026-05-24 11:50:31,50.3V,0.0A,0.0A,0.0A,22.5A,21.6 deg.C,0.0 deg.C,50Ah,Float
2026-05-24 11:40:31,50.2V,0.0A,0.0A,0.0A,22.9A,21.5 deg.C,0.0 deg.C,46Ah,Float
2026-05-24 11:30:31,50.0V,0.0A,0.0A,0.0A,22.2A,21.6 deg.C,0.0 deg.C,42Ah,Float
2026-05-24 11:20:31,49.9V,0.0A,0.0A,0.0A,23.2A,21.6 deg.C,0.0 deg.C,38Ah,Float
2026-05-24 11:10:31,49.8V,0.0A,0.0A,0.0A,22.8A,21.6 deg.C,0.0 deg.C,35Ah,Float
2026-05-24 11:00:31,49.6V,0.0A,0.0A,0.0A,22.2A,21.7 deg.C,0.0 deg.C,31Ah,Float
2026-05-24 10:50:31,49.4V,0.0A,0.0A,0.0A,24.0A,21.7 deg.C,0.0 deg.C,27Ah,Float
2026-05-24 10:40:31,48.5V,0.0A,0.0A,35.5A,-35.7A,21.7 deg.C,0.0 deg.C,26Ah,Discharge
2026-05-24 10:30:31,48.7V,0.0A,0.0A,35.5A,-35.6A,21.7 deg.C,0.0 deg.C,32Ah,Discharge
2026-05-24 10:20:31,48.9V,0.0A,0.0A,36.8A,-35.2A,21.8 deg.C,0.0 deg.C,38Ah,Discharge
2026-05-24 10:10:31,49.1V,0.0A,0.0A,34.4A,-35.3A,22.3 deg.C,0.0 deg.C,44Ah,Discharge
2026-05-24 10:00:31,49.3V,0.0A,0.0A,35.3A,-36.6A,23.7 deg.C,0.0 deg.C,50Ah,Discharge
2026-05-24 09:50:31,49.5V,0.0A,0.0A,33.8A,-33.3A,23.8 deg.C,0.0 deg.C,56Ah,Discharge
2026-05-24 09:40:31,49.6V,0.0A,0.0A,31.0A,-33.3A,23.3 deg.C,0.0 deg.C,62Ah,Discharge
2026-05-24 09:30:31,49.7V,0.0A,0.0A,36.7A,-34.5A,22.8 deg.C,0.0 deg.C,68Ah,Discharge
2026-05-24 09:20:31,49.8V,0.0A,0.0A,33.5A,-35.3A,22.3 deg.C,0.0 deg.C,73Ah,Discharge
2026-05-24 09:10:31,50.0V,0.0A,0.0A,29.7A,-28.3A,21.9 deg.C,0.0 deg.C,79Ah,Discharge
2026-05-24 09:00:31,50.1V,0.0A,0.0A,33.5A,-32.9A,21.4 deg.C,0.0 deg.C,84Ah,Discharge
2026-05-24 08:50:31,50.2V,0.0A,0.0A,32.0A,-32.7A,20.9 deg.C,0.0 deg.C,89Ah,Discharge
2026-05-24 08:40:31,50.3V,0.0A,0.0A,32.3A,-33.1A,20.5 deg.C,0.0 deg.C,95Ah,Discharge
2026-05-24 08:30:31,50.5V,0.0A,0.0A,32.0A,-32.7A,20.1 deg.C,0.0 deg.C,100Ah,Discharge
2026-05-24 08:20:31,50.6V,0.0A,0.0A,28.5A,-28.8A,19.8 deg.C,0.0 deg.C,105Ah,Discharge
2026-05-24 08:10:31,50.7V,0.0A,0.0A,34.7A,-33.2A,19.5 deg.C,0.0 deg.C,110Ah,Discharge
2026-05-24 08:00:31,50.8V,0.0A,0.0A,26.7A,-27.5A,19.4 deg.C,0.0 deg.C,115Ah,Discharge
2026-05-24 07:50:31,50.9V,0.0A,0.0A,30.9A,-32.6A,19.4 deg.C,0.0 deg.C,121Ah,Discharge
2026-05-24 07:40:31,51.0V,0.0A,0.0A,26.8A,-27.2A,19.4 deg.C,0.0 deg.C,126Ah,Discharge
2026-05-24 07:30:31,51.1V,0.0A,0.0A,27.5A,-29.3A,19.5 deg.C,0.0 deg.C,130Ah,Discharge
2026-05-24 07:20:31,51.2V,0.0A,0.0A,29.8A,-30.5A,19.6 deg.C,0.0 deg.C,135Ah,Discharge
2026-05-24 07:10:31,51.3V,0.0A,0.0A,31.7A,-31.3A,19.7 deg.C,0.0 deg.C,140Ah,Discharge
2026-05-24 07:00:31,51.5V,0.0A,0.0A,31.6A,-31.1A,19.8 deg.C,0.0 deg.C,145Ah,Discharge
2026-05-24 06:50:31,51.5V,0.0A,0.0A,37.9A,-35.6A,19.9 deg.C,0.0 deg.C,151Ah,Discharge
2026-05-24 06:40:31,51.7V,0.0A,0.0A,31.7A,-31.2A,20.1 deg.C,0.0 deg.C,156Ah,Discharge
2026-05-24 06:30:31,51.9V,0.0A,0.0A,29.1A,-29.4A,20.2 deg.C,0.0 deg.C,161Ah,Discharge
2026-05-24 06:20:31,52.0V,0.0A,0.0A,29.0A,-29.2A,20.3 deg.C,0.0 deg.C,166Ah,Discharge
2026-05-24 06:10:31,52.1V,0.0A,0.0A,28.4A,-29.0A,20.4 deg.C,0.0 deg.C,171Ah,Discharge
2026-05-24 06:00:31,52.2V,0.0A,0.0A,29.0A,-29.9A,20.5 deg.C,0.0 deg.C,176Ah,Discharge
2026-05-24 05:50:31,52.3V,0.0A,0.0A,33.4A,-33.0A,20.7 deg.C,0.0 deg.C,181Ah,Discharge
2026-05-24 05:40:31,52.5V,0.0A,0.0A,28.6A,-29.0A,20.8 deg.C,0.0 deg.C,186Ah,Discharge
2026-05-24 05:30:31,52.6V,0.0A,0.0A,28.9A,-29.0A,21.0 deg.C,0.0 deg.C,191Ah,Discharge
2026-05-24 05:20:31,52.7V,0.0A,0.0A,29.3A,-28.9A,21.1 deg.C,0.0 deg.C,196Ah,Discharge
2026-05-24 05:10:31,52.8V,0.0A,0.0A,29.0A,-29.1A,21.2 deg.C,0.0 deg.C,201Ah,Discharge
2026-05-24 05:00:31,52.9V,0.0A,0.0A,27.8A,-28.9A,21.3 deg.C,0.0 deg.C,206Ah,Discharge
2026-05-24 04:50:31,53.0V,0.0A,0.0A,31.6A,-32.6A,21.4 deg.C,0.0 deg.C,211Ah,Discharge
2026-05-24 04:40:31,53.2V,0.0A,0.0A,29.3A,-28.8A,21.3 deg.C,0.0 deg.C,216Ah,Discharge
2026-05-24 04:30:31,53.4V,0.0A,0.0A,28.3A,-28.5A,21.0 deg.C,0.0 deg.C,220Ah,Discharge
2026-05-24 04:20:31,54.1V,0.0A,0.0A,0.0A,27.9A,19.8 deg.C,0.0 deg.C,218Ah,Float
2026-05-24 04:10:31,54.0V,0.0A,0.0A,0.0A,26.8A,19.7 deg.C,0.0 deg.C,214Ah,Float
2026-05-24 04:00:31,53.9V,0.0A,0.0A,0.0A,22.7A,20.4 deg.C,0.0 deg.C,209Ah,Float
2026-05-24 03:50:31,53.8V,0.0A,0.0A,0.0A,25.6A,22.5 deg.C,0.0 deg.C,205Ah,Float
2026-05-24 03:40:31,53.8V,0.0A,0.0A,0.0A,27.6A,22.9 deg.C,0.0 deg.C,201Ah,Float
2026-05-24 03:30:31,53.6V,0.0A,0.0A,0.0A,27.9A,22.6 deg.C,0.0 deg.C,196Ah,Float
2026-05-24 03:20:31,53.5V,0.0A,0.0A,0.0A,27.4A,22.2 deg.C,0.0 deg.C,192Ah,Float
2026-05-24 03:10:31,53.4V,0.0A,0.0A,0.0A,24.0A,21.6 deg.C,0.0 deg.C,187Ah,Float
2026-05-24 03:00:31,53.3V,0.0A,0.0A,0.0A,28.0A,20.8 deg.C,0.0 deg.C,183Ah,Float
2026-05-24 02:50:31,53.2V,0.0A,0.0A,0.0A,27.4A,19.7 deg.C,0.0 deg.C,178Ah,Float
2026-05-24 02:40:31,53.1V,0.0A,0.0A,0.0A,26.9A,19.4 deg.C,0.0 deg.C,174Ah,Float
2026-05-24 02:30:31,52.9V,0.0A,0.0A,0.0A,22.9A,19.6 deg.C,0.0 deg.C,170Ah,Float
2026-05-24 02:20:31,52.9V,0.0A,0.0A,0.0A,26.8A,19.9 deg.C,0.0 deg.C,166Ah,Float
2026-05-24 02:10:31,52.8V,0.0A,0.0A,0.0A,25.6A,20.9 deg.C,0.0 deg.C,161Ah,Float
2026-05-24 02:00:31,52.7V,0.0A,0.0A,0.0A,27.6A,22.5 deg.C,0.0 deg.C,157Ah,Float
2026-05-24 01:50:31,52.6V,0.0A,0.0A,0.0A,26.9A,22.0 deg.C,0.0 deg.C,152Ah,Float
2026-05-24 01:40:31,52.4V,0.0A,0.0A,0.0A,24.3A,21.4 deg.C,0.0 deg.C,148Ah,Float
2026-05-24 01:30:31,52.4V,0.0A,0.0A,0.0A,28.5A,20.5 deg.C,0.0 deg.C,144Ah,Float
2026-05-24 01:20:31,52.3V,0.0A,0.0A,0.0A,26.8A,19.5 deg.C,0.0 deg.C,139Ah,Float
2026-05-24 01:10:31,52.1V,0.0A,0.0A,0.0A,21.0A,19.1 deg.C,0.0 deg.C,135Ah,Float
2026-05-24 01:00:31,52.0V,0.0A,0.0A,0.0A,25.2A,19.1 deg.C,0.0 deg.C,131Ah,Float
2026-05-24 00:50:31,51.9V,0.0A,0.0A,0.0A,24.5A,19.2 deg.C,0.0 deg.C,127Ah,Float
2026-05-24 00:40:31,51.9V,0.0A,0.0A,0.0A,24.5A,19.2 deg.C,0.0 deg.C,123Ah,Float
2026-05-24 00:30:31,51.8V,0.0A,0.0A,0.0A,21.4A,19.3 deg.C,0.0 deg.C,119Ah,Float
2026-05-24 00:20:31,51.7V,0.0A,0.0A,0.0A,24.1A,19.4 deg.C,0.0 deg.C,115Ah,Float
2026-05-24 00:10:31,51.6V,0.0A,0.0A,0.0A,22.9A,19.4 deg.C,0.0 deg.C,111Ah,Float
2026-05-24 00:00:31,51.5V,0.0A,0.0A,0.0A,20.6A,19.5 deg.C,0.0 deg.C,107Ah,Float
2026-05-23 23:50:31,51.5V,0.0A,0.0A,0.0A,24.0A,19.5 deg.C,0.0 deg.C,103Ah,Float
2026-05-23 23:40:31,51.4V,0.0A,0.0A,0.0A,21.6A,19.6 deg.C,0.0 deg.C,100Ah,Float
2026-05-23 23:30:31,51.3V,0.0A,0.0A,0.0A,19.5A,19.7 deg.C,0.0 deg.C,96Ah,Float
2026-05-23 23:20:31,51.3V,0.0A,0.0A,0.0A,22.5A,19.8 deg.C,0.0 deg.C,93Ah,Float
2026-05-23 23:10:31,51.2V,0.0A,0.0A,0.0A,22.3A,19.8 deg.C,0.0 deg.C,89Ah,Float
2026-05-23 23:00:31,51.1V,0.0A,0.0A,0.0A,19.3A,19.9 deg.C,0.0 deg.C,86Ah,Float
2026-05-23 22:50:31,51.1V,0.0A,0.0A,0.0A,22.1A,19.9 deg.C,0.0 deg.C,82Ah,Float
2026-05-23 22:40:31,51.0V,0.0A,0.0A,0.0A,23.5A,19.9 deg.C,0.0 deg.C,78Ah,Float
2026-05-23 22:30:31,50.9V,0.0A,0.0A,0.0A,18.1A,20.0 deg.C,0.0 deg.C,75Ah,Float
2026-05-23 22:20:31,50.8V,0.0A,0.0A,0.0A,20.3A,20.1 deg.C,0.0 deg.C,72Ah,Float
2026-05-23 22:10:31,50.6V,0.0A,0.0A,0.0A,13.7A,20.1 deg.C,0.0 deg.C,68Ah,Float
2026-05-23 22:00:31,50.6V,0.0A,0.0A,0.0A,22.1A,20.3 deg.C,0.0 deg.C,65Ah,Float
2026-05-23 21:50:31,50.5V,0.0A,0.0A,0.0A,23.1A,20.4 deg.C,0.0 deg.C,61Ah,Float
2026-05-23 21:40:31,50.2V,0.0A,0.0A,0.0A,13.5A,20.5 deg.C,0.0 deg.C,58Ah,Float
2026-05-23 21:30:31,50.2V,0.0A,0.0A,0.0A,21.2A,20.5 deg.C,0.0 deg.C,56Ah,Float
2026-05-23 21:20:31,50.2V,0.0A,0.0A,0.0A,23.4A,20.5 deg.C,0.0 deg.C,52Ah,Float
2026-05-23 21:10:31,50.0V,0.0A,0.0A,0.0A,17.8A,20.6 deg.C,0.0 deg.C,49Ah,Float
2026-05-23 21:00:31,49.9V,0.0A,0.0A,0.0A,23.0A,20.9 deg.C,0.0 deg.C,45Ah,Float
2026-05-23 20:50:31,49.7V,0.0A,0.0A,0.0A,18.8A,21.4 deg.C,0.0 deg.C,42Ah,Float
2026-05-23 20:40:31,49.6V,0.0A,0.0A,0.0A,22.8A,22.4 deg.C,0.0 deg.C,39Ah,Float
2026-05-23 20:30:31,49.4V,0.0A,0.0A,0.0A,24.5A,23.6 deg.C,0.0 deg.C,34Ah,Float
2026-05-23 20:20:31,48.6V,0.0A,0.0A,39.2A,-40.0A,23.5 deg.C,0.0 deg.C,36Ah,Discharge
2026-05-23 20:10:31,48.9V,0.0A,0.0A,33.2A,-34.2A,23.4 deg.C,0.0 deg.C,42Ah,Discharge
2026-05-23 20:00:31,49.0V,0.0A,0.0A,40.5A,-43.9A,23.2 deg.C,0.0 deg.C,48Ah,Discharge
2026-05-23 19:50:31,49.2V,0.0A,0.0A,37.5A,-34.2A,23.1 deg.C,0.0 deg.C,54Ah,Discharge
2026-05-23 19:40:31,49.3V,0.0A,0.0A,39.1A,-38.2A,22.9 deg.C,0.0 deg.C,60Ah,Discharge
2026-05-23 19:30:31,49.5V,0.0A,0.0A,37.8A,-38.3A,22.6 deg.C,0.0 deg.C,66Ah,Discharge
2026-05-23 19:20:31,49.7V,0.0A,0.0A,36.2A,-34.9A,22.3 deg.C,0.0 deg.C,72Ah,Discharge
2026-05-23 19:10:31,49.8V,0.0A,0.0A,33.2A,-32.8A,21.8 deg.C,0.0 deg.C,77Ah,Discharge
2026-05-23 19:00:31,49.9V,0.0A,0.0A,31.5A,-29.5A,21.2 deg.C,0.0 deg.C,83Ah,Discharge
2026-05-23 18:50:31,50.0V,0.0A,0.0A,33.4A,-34.7A,20.8 deg.C,0.0 deg.C,88Ah,Discharge
2026-05-23 18:40:31,50.2V,0.0A,0.0A,30.9A,-30.3A,21.0 deg.C,0.0 deg.C,94Ah,Discharge
2026-05-23 18:30:31,50.3V,0.0A,0.0A,33.4A,-33.2A,21.2 deg.C,0.0 deg.C,99Ah,Discharge
2026-05-23 18:20:31,50.5V,0.0A,0.0A,29.5A,-29.5A,21.3 deg.C,0.0 deg.C,105Ah,Discharge
2026-05-23 18:10:31,50.5V,0.0A,0.0A,37.3A,-34.8A,21.4 deg.C,0.0 deg.C,110Ah,Discharge
2026-05-23 18:00:31,50.7V,0.0A,0.0A,29.3A,-29.6A,21.5 deg.C,0.0 deg.C,116Ah,Discharge
2026-05-23 17:50:31,50.7V,0.0A,0.0A,33.2A,-34.7A,21.5 deg.C,0.0 deg.C,122Ah,Discharge
2026-05-23 17:40:31,50.9V,0.0A,0.0A,30.3A,-32.1A,21.6 deg.C,0.0 deg.C,127Ah,Discharge
2026-05-23 17:30:31,50.9V,0.0A,0.0A,41.0A,-36.1A,21.6 deg.C,0.0 deg.C,133Ah,Discharge
2026-05-23 17:20:31,51.1V,0.0A,0.0A,32.9A,-32.1A,21.6 deg.C,0.0 deg.C,139Ah,Discharge
2026-05-23 17:10:31,51.2V,0.0A,0.0A,32.7A,-34.8A,21.5 deg.C,0.0 deg.C,144Ah,Discharge
2026-05-23 17:00:31,51.4V,0.0A,0.0A,33.3A,-34.6A,21.5 deg.C,0.0 deg.C,150Ah,Discharge
2026-05-23 16:50:31,51.5V,0.0A,0.0A,36.6A,-37.0A,21.4 deg.C,0.0 deg.C,156Ah,Discharge
2026-05-23 16:40:31,51.7V,0.0A,0.0A,36.4A,-36.6A,21.3 deg.C,0.0 deg.C,162Ah,Discharge
2026-05-23 16:30:31,51.8V,0.0A,0.0A,34.8A,-35.9A,21.3 deg.C,0.0 deg.C,168Ah,Discharge
2026-05-23 16:20:31,51.9V,0.0A,0.0A,36.6A,-36.5A,21.3 deg.C,0.0 deg.C,173Ah,Discharge
2026-05-23 16:10:31,52.1V,0.0A,0.0A,34.6A,-35.6A,21.3 deg.C,0.0 deg.C,179Ah,Discharge
2026-05-23 16:00:31,52.2V,0.0A,0.0A,36.1A,-36.2A,21.3 deg.C,0.0 deg.C,186Ah,Discharge
2026-05-23 15:50:31,52.4V,0.0A,0.0A,34.7A,-35.2A,21.3 deg.C,0.0 deg.C,192Ah,Discharge
2026-05-23 15:40:31,52.5V,0.0A,0.0A,35.5A,-35.5A,21.4 deg.C,0.0 deg.C,198Ah,Discharge
2026-05-23 15:30:31,52.7V,0.0A,0.0A,36.6A,-35.8A,21.6 deg.C,0.0 deg.C,203Ah,Discharge
2026-05-23 15:20:31,52.9V,0.0A,0.0A,36.0A,-38.5A,21.9 deg.C,0.0 deg.C,210Ah,Discharge
2026-05-23 15:10:31,53.8V,0.0A,0.0A,0.0A,19.4A,22.3 deg.C,0.0 deg.C,214Ah,Float
2026-05-23 15:00:31,53.7V,0.0A,0.0A,0.0A,18.3A,22.5 deg.C,0.0 deg.C,210Ah,Float
2026-05-23 14:50:31,53.6V,0.0A,0.0A,0.0A,18.6A,22.6 deg.C,0.0 deg.C,207Ah,Float
2026-05-23 14:40:31,53.6V,0.0A,0.0A,0.0A,19.5A,22.6 deg.C,0.0 deg.C,204Ah,Float
2026-05-23 14:30:31,53.5V,0.0A,0.0A,0.0A,18.5A,22.6 deg.C,0.0 deg.C,201Ah,Float
2026-05-23 14:20:31,53.4V,0.0A,0.0A,0.0A,19.8A,22.5 deg.C,0.0 deg.C,198Ah,Float
2026-05-23 14:10:31,53.3V,0.0A,0.0A,0.0A,17.8A,22.7 deg.C,0.0 deg.C,195Ah,Float
2026-05-23 14:00:31,53.2V,0.0A,0.0A,0.0A,17.6A,22.6 deg.C,0.0 deg.C,192Ah,Float
2026-05-23 13:50:31,53.2V,0.0A,0.0A,0.0A,19.2A,22.6 deg.C,0.0 deg.C,188Ah,Float
2026-05-23 13:40:31,53.1V,0.0A,0.0A,0.0A,19.5A,22.8 deg.C,0.0 deg.C,185Ah,Float
2026-05-23 13:30:31,53.0V,0.0A,0.0A,0.0A,17.7A,22.8 deg.C,0.0 deg.C,182Ah,Float
2026-05-23 13:20:31,53.0V,0.0A,0.0A,0.0A,23.9A,22.8 deg.C,0.0 deg.C,179Ah,Float
2026-05-23 13:10:31,52.9V,0.0A,0.0A,0.0A,19.5A,22.9 deg.C,0.0 deg.C,176Ah,Float
2026-05-23 13:00:31,52.8V,0.0A,0.0A,0.0A,19.5A,22.8 deg.C,0.0 deg.C,172Ah,Float
2026-05-23 12:50:31,52.7V,0.0A,0.0A,0.0A,19.3A,22.7 deg.C,0.0 deg.C,169Ah,Float
2026-05-23 12:40:31,52.6V,0.0A,0.0A,0.0A,18.2A,22.6 deg.C,0.0 deg.C,166Ah,Float
2026-05-23 12:30:31,52.5V,0.0A,0.0A,0.0A,19.1A,22.4 deg.C,0.0 deg.C,163Ah,Float
2026-05-23 12:20:31,52.5V,0.0A,0.0A,0.0A,18.4A,22.2 deg.C,0.0 deg.C,160Ah,Float
2026-05-23 12:10:31,52.4V,0.0A,0.0A,0.0A,17.9A,22.1 deg.C,0.0 deg.C,157Ah,Float
2026-05-23 12:00:31,52.3V,0.0A,0.0A,0.0A,19.4A,21.8 deg.C,0.0 deg.C,154Ah,Float
2026-05-23 11:50:31,52.2V,0.0A,0.0A,0.0A,19.4A,21.5 deg.C,0.0 deg.C,150Ah,Float
2026-05-23 11:40:31,52.2V,0.0A,0.0A,0.0A,20.2A,21.3 deg.C,0.0 deg.C,147Ah,Float
2026-05-23 11:30:31,52.1V,0.0A,0.0A,0.0A,17.9A,21.1 deg.C,0.0 deg.C,144Ah,Float
2026-05-23 11:20:31,52.0V,0.0A,0.0A,0.0A,17.3A,21.1 deg.C,0.0 deg.C,141Ah,Float
2026-05-23 11:10:31,52.0V,0.0A,0.0A,0.0A,21.3A,21.1 deg.C,0.0 deg.C,137Ah,Float
2026-05-23 11:00:31,51.9V,0.0A,0.0A,0.0A,20.6A,21.1 deg.C,0.0 deg.C,134Ah,Float
2026-05-23 10:50:31,51.8V,0.0A,0.0A,0.0A,20.0A,21.1 deg.C,0.0 deg.C,131Ah,Float
2026-05-23 10:40:31,51.8V,0.0A,0.0A,0.0A,21.8A,21.1 deg.C,0.0 deg.C,127Ah,Float
2026-05-23 10:30:31,51.7V,0.0A,0.0A,0.0A,21.1A,21.0 deg.C,0.0 deg.C,124Ah,Float
2026-05-23 10:20:31,51.7V,0.0A,0.0A,0.0A,22.3A,21.0 deg.C,0.0 deg.C,120Ah,Float
2026-05-23 10:10:31,51.6V,0.0A,0.0A,0.0A,24.1A,21.0 deg.C,0.0 deg.C,116Ah,Float
2026-05-23 10:00:31,51.5V,0.0A,0.0A,0.0A,23.3A,20.9 deg.C,0.0 deg.C,112Ah,Float
2026-05-23 09:50:31,51.5V,0.0A,0.0A,0.0A,23.2A,20.8 deg.C,0.0 deg.C,108Ah,Float
2026-05-23 09:40:31,51.4V,0.0A,0.0A,0.0A,23.3A,20.7 deg.C,0.0 deg.C,104Ah,Float
2026-05-23 09:30:31,51.3V,0.0A,0.0A,0.0A,27.5A,20.5 deg.C,0.0 deg.C,100Ah,Float
2026-05-23 09:20:31,51.2V,0.0A,0.0A,0.0A,23.8A,20.4 deg.C,0.0 deg.C,96Ah,Float
2026-05-23 09:10:31,51.1V,0.0A,0.0A,0.0A,21.8A,20.3 deg.C,0.0 deg.C,92Ah,Float
2026-05-23 09:00:31,51.1V,0.0A,0.0A,0.0A,26.1A,20.2 deg.C,0.0 deg.C,88Ah,Float
2026-05-23 08:50:31,51.0V,0.0A,0.0A,0.0A,27.5A,20.1 deg.C,0.0 deg.C,84Ah,Float
2026-05-23 08:40:31,50.8V,0.0A,0.0A,0.0A,25.4A,20.4 deg.C,0.0 deg.C,80Ah,Float
2026-05-23 08:30:31,50.7V,0.0A,0.0A,0.0A,22.7A,21.5 deg.C,0.0 deg.C,76Ah,Float
2026-05-23 08:20:31,50.7V,0.0A,0.0A,0.0A,30.8A,22.0 deg.C,0.0 deg.C,71Ah,Float
2026-05-23 08:10:31,50.5V,0.0A,0.0A,0.0A,25.7A,21.5 deg.C,0.0 deg.C,66Ah,Float
2026-05-23 08:00:31,50.4V,0.0A,0.0A,0.0A,32.1A,21.2 deg.C,0.0 deg.C,61Ah,Float
2026-05-23 07:50:31,50.1V,0.0A,0.0A,0.0A,28.1A,20.9 deg.C,0.0 deg.C,57Ah,Float
2026-05-23 07:40:31,50.0V,0.0A,0.0A,0.0A,32.1A,20.6 deg.C,0.0 deg.C,52Ah,Float
2026-05-23 07:30:31,49.8V,0.0A,0.0A,0.0A,31.3A,20.2 deg.C,0.0 deg.C,47Ah,Float
2026-05-23 07:20:31,49.5V,0.0A,0.0A,0.0A,27.4A,19.8 deg.C,0.0 deg.C,41Ah,Float
2026-05-23 07:10:31,49.2V,0.0A,0.0A,0.0A,29.1A,19.5 deg.C,0.0 deg.C,37Ah,Float
2026-05-23 07:00:31,48.6V,0.0A,0.0A,32.2A,-32.1A,19.5 deg.C,0.0 deg.C,41Ah,Discharge
2026-05-23 06:50:31,48.8V,0.0A,0.0A,31.2A,-31.4A,19.5 deg.C,0.0 deg.C,46Ah,Discharge
2026-05-23 06:40:31,49.0V,0.0A,0.0A,35.5A,-35.0A,19.5 deg.C,0.0 deg.C,52Ah,Discharge
2026-05-23 06:30:31,49.2V,0.0A,0.0A,30.8A,-31.0A,19.5 deg.C,0.0 deg.C,58Ah,Discharge
2026-05-23 06:20:31,49.3V,0.0A,0.0A,30.8A,-31.1A,19.5 deg.C,0.0 deg.C,63Ah,Discharge
2026-05-23 06:10:31,49.4V,0.0A,0.0A,31.8A,-32.1A,19.5 deg.C,0.0 deg.C,68Ah,Discharge
2026-05-23 06:00:31,49.6V,0.0A,0.0A,31.0A,-31.1A,19.5 deg.C,0.0 deg.C,73Ah,Discharge
2026-05-23 05:50:31,49.7V,0.0A,0.0A,30.2A,-30.8A,19.4 deg.C,0.0 deg.C,79Ah,Discharge
2026-05-23 05:40:31,49.8V,0.0A,0.0A,34.1A,-34.7A,19.4 deg.C,0.0 deg.C,84Ah,Discharge
2026-05-23 05:30:31,50.0V,0.0A,0.0A,31.0A,-30.5A,19.4 deg.C,0.0 deg.C,90Ah,Discharge
2026-05-23 05:20:31,50.1V,0.0A,0.0A,30.2A,-30.4A,19.4 deg.C,0.0 deg.C,95Ah,Discharge
2026-05-23 05:10:31,50.2V,0.0A,0.0A,33.5A,-30.5A,19.4 deg.C,0.0 deg.C,100Ah,Discharge
2026-05-23 05:00:31,50.3V,0.0A,0.0A,30.0A,-30.2A,19.5 deg.C,0.0 deg.C,105Ah,Discharge
2026-05-23 04:50:31,50.4V,0.0A,0.0A,30.7A,-30.4A,19.5 deg.C,0.0 deg.C,110Ah,Discharge
2026-05-23 04:40:31,50.5V,0.0A,0.0A,32.9A,-32.3A,19.6 deg.C,0.0 deg.C,116Ah,Discharge
2026-05-23 04:30:31,50.6V,0.0A,0.0A,30.0A,-30.9A,19.7 deg.C,0.0 deg.C,121Ah,Discharge
2026-05-23 04:20:31,50.7V,0.0A,0.0A,30.2A,-30.5A,19.8 deg.C,0.0 deg.C,126Ah,Discharge
2026-05-23 04:10:31,50.8V,0.0A,0.0A,29.3A,-30.0A,19.9 deg.C,0.0 deg.C,131Ah,Discharge
2026-05-23 04:00:31,50.9V,0.0A,0.0A,30.2A,-29.9A,19.9 deg.C,0.0 deg.C,136Ah,Discharge
2026-05-23 03:50:31,51.0V,0.0A,0.0A,32.8A,-34.4A,20.0 deg.C,0.0 deg.C,141Ah,Discharge
2026-05-23 03:40:31,51.2V,0.0A,0.0A,30.1A,-29.9A,20.1 deg.C,0.0 deg.C,147Ah,Discharge
2026-05-23 03:30:31,51.3V,0.0A,0.0A,29.7A,-29.7A,20.2 deg.C,0.0 deg.C,152Ah,Discharge
2026-05-23 03:20:31,51.4V,0.0A,0.0A,29.8A,-30.3A,20.3 deg.C,0.0 deg.C,157Ah,Discharge
2026-05-23 03:10:31,51.5V,0.0A,0.0A,34.5A,-35.1A,20.5 deg.C,0.0 deg.C,162Ah,Discharge
2026-05-23 03:00:31,51.7V,0.0A,0.0A,30.2A,-30.0A,20.5 deg.C,0.0 deg.C,167Ah,Discharge
2026-05-23 02:50:31,51.8V,0.0A,0.0A,30.5A,-30.3A,20.7 deg.C,0.0 deg.C,173Ah,Discharge
2026-05-23 02:40:31,51.9V,0.0A,0.0A,28.9A,-30.0A,20.8 deg.C,0.0 deg.C,178Ah,Discharge
2026-05-23 02:30:31,52.0V,0.0A,0.0A,30.4A,-30.6A,20.9 deg.C,0.0 deg.C,183Ah,Discharge
2026-05-23 02:20:31,52.1V,0.0A,0.0A,37.5A,-33.5A,21.0 deg.C,0.0 deg.C,188Ah,Discharge
2026-05-23 02:10:31,52.3V,0.0A,0.0A,31.5A,-30.1A,21.1 deg.C,0.0 deg.C,193Ah,Discharge
2026-05-23 02:00:31,52.4V,0.0A,0.0A,29.5A,-30.2A,21.2 deg.C,0.0 deg.C,198Ah,Discharge
2026-05-23 01:50:31,52.5V,0.0A,0.0A,29.8A,-31.5A,21.2 deg.C,0.0 deg.C,204Ah,Discharge
2026-05-23 01:40:31,52.6V,0.0A,0.0A,34.3A,-34.0A,21.3 deg.C,0.0 deg.C,209Ah,Discharge
2026-05-23 01:30:31,52.8V,0.0A,0.0A,28.8A,-29.5A,21.3 deg.C,0.0 deg.C,214Ah,Discharge
2026-05-23 01:20:31,52.9V,0.0A,0.0A,34.8A,-30.9A,21.2 deg.C,0.0 deg.C,219Ah,Discharge
2026-05-23 01:10:31,53.2V,0.0A,0.0A,29.6A,-30.0A,20.9 deg.C,0.0 deg.C,224Ah,Discharge
2026-05-23 01:00:31,53.8V,0.0A,0.0A,0.0A,20.9A,20.1 deg.C,0.0 deg.C,222Ah,Float
2026-05-23 00:50:31,53.8V,0.0A,0.0A,0.0A,22.9A,19.5 deg.C,0.0 deg.C,218Ah,Float
2026-05-23 00:40:31,53.7V,0.0A,0.0A,0.0A,23.2A,19.5 deg.C,0.0 deg.C,214Ah,Float
2026-05-23 00:30:31,53.5V,0.0A,0.0A,0.0A,19.4A,19.6 deg.C,0.0 deg.C,211Ah,Float
2026-05-23 00:20:31,53.5V,0.0A,0.0A,0.0A,22.6A,19.6 deg.C,0.0 deg.C,207Ah,Float
2026-05-23 00:10:31,53.4V,0.0A,0.0A,0.0A,24.2A,19.7 deg.C,0.0 deg.C,204Ah,Float
2026-05-23 00:00:31,53.3V,0.0A,0.0A,0.0A,18.8A,19.8 deg.C,0.0 deg.C,200Ah,Float
2026-05-22 23:50:31,53.2V,0.0A,0.0A,0.0A,19.3A,19.8 deg.C,0.0 deg.C,197Ah,Float
2026-05-22 23:40:31,53.2V,0.0A,0.0A,0.0A,22.1A,19.9 deg.C,0.0 deg.C,193Ah,Float
2026-05-22 23:30:31,53.0V,0.0A,0.0A,0.0A,18.3A,19.9 deg.C,0.0 deg.C,190Ah,Float
2026-05-22 23:20:31,53.0V,0.0A,0.0A,0.0A,21.7A,20.0 deg.C,0.0 deg.C,187Ah,Float
2026-05-22 23:10:31,52.9V,0.0A,0.0A,0.0A,24.1A,20.1 deg.C,0.0 deg.C,183Ah,Float
2026-05-22 23:00:31,52.8V,0.0A,0.0A,0.0A,18.9A,20.1 deg.C,0.0 deg.C,179Ah,Float
2026-05-22 22:50:31,52.8V,0.0A,0.0A,0.0A,23.6A,20.1 deg.C,0.0 deg.C,176Ah,Float
2026-05-22 22:40:31,52.7V,0.0A,0.0A,0.0A,23.5A,20.2 deg.C,0.0 deg.C,172Ah,Float
2026-05-22 22:30:31,52.6V,0.0A,0.0A,0.0A,19.1A,20.2 deg.C,0.0 deg.C,169Ah,Float
2026-05-22 22:20:31,52.5V,0.0A,0.0A,0.0A,23.3A,20.2 deg.C,0.0 deg.C,166Ah,Float
2026-05-22 22:10:31,52.4V,0.0A,0.0A,0.0A,23.0A,20.2 deg.C,0.0 deg.C,162Ah,Float
2026-05-22 22:00:31,52.3V,0.0A,0.0A,0.0A,17.7A,20.2 deg.C,0.0 deg.C,159Ah,Float
2026-05-22 21:50:31,52.2V,0.0A,0.0A,0.0A,21.5A,20.1 deg.C,0.0 deg.C,155Ah,Float
2026-05-22 21:40:31,52.1V,0.0A,0.0A,0.0A,16.5A,20.2 deg.C,0.0 deg.C,152Ah,Float
2026-05-22 21:30:31,52.1V,0.0A,0.0A,0.0A,23.0A,20.2 deg.C,0.0 deg.C,149Ah,Float
2026-05-22 21:20:31,52.0V,0.0A,0.0A,0.0A,21.5A,20.2 deg.C,0.0 deg.C,145Ah,Float
2026-05-22 21:10:31,51.9V,0.0A,0.0A,0.0A,20.0A,20.3 deg.C,0.0 deg.C,142Ah,Float
2026-05-22 21:00:31,51.9V,0.0A,0.0A,0.0A,22.9A,20.3 deg.C,0.0 deg.C,138Ah,Float
2026-05-22 20:50:31,51.8V,0.0A,0.0A,0.0A,24.2A,20.3 deg.C,0.0 deg.C,134Ah,Float
2026-05-22 20:40:31,51.7V,0.0A,0.0A,0.0A,18.2A,20.4 deg.C,0.0 deg.C,131Ah,Float
2026-05-22 20:30:31,51.7V,0.0A,0.0A,0.0A,24.3A,20.4 deg.C,0.0 deg.C,128Ah,Float
2026-05-22 20:20:31,51.6V,0.0A,0.0A,0.0A,19.7A,20.4 deg.C,0.0 deg.C,124Ah,Float
2026-05-22 20:10:31,51.5V,0.0A,0.0A,0.0A,19.8A,20.5 deg.C,0.0 deg.C,120Ah,Float
2026-05-22 20:00:31,51.5V,0.0A,0.0A,0.0A,19.0A,20.5 deg.C,0.0 deg.C,117Ah,Float
2026-05-22 19:50:31,51.4V,0.0A,0.0A,0.0A,20.7A,20.5 deg.C,0.0 deg.C,113Ah,Float
2026-05-22 19:40:31,51.4V,0.0A,0.0A,0.0A,25.1A,20.5 deg.C,0.0 deg.C,109Ah,Float
2026-05-22 19:30:31,51.3V,0.0A,0.0A,0.0A,21.3A,20.5 deg.C,0.0 deg.C,106Ah,Float
2026-05-22 19:20:31,51.3V,0.0A,0.0A,0.0A,26.6A,20.6 deg.C,0.0 deg.C,102Ah,Float
2026-05-22 19:10:31,51.1V,0.0A,0.0A,0.0A,25.2A,20.7 deg.C,0.0 deg.C,97Ah,Float
2026-05-22 19:00:31,51.1V,0.0A,0.0A,0.0A,29.1A,20.8 deg.C,0.0 deg.C,93Ah,Float
2026-05-22 18:50:31,50.9V,0.0A,0.0A,0.0A,23.9A,20.9 deg.C,0.0 deg.C,88Ah,Float
2026-05-22 18:40:31,50.8V,0.0A,0.0A,0.0A,23.8A,21.0 deg.C,0.0 deg.C,84Ah,Float
2026-05-22 18:30:31,50.6V,0.0A,0.0A,0.0A,22.9A,21.1 deg.C,0.0 deg.C,79Ah,Float
2026-05-22 18:20:31,50.5V,0.0A,0.0A,0.0A,24.9A,21.2 deg.C,0.0 deg.C,75Ah,Float
2026-05-22 18:10:31,50.4V,0.0A,0.0A,0.0A,25.0A,21.3 deg.C,0.0 deg.C,71Ah,Float
2026-05-22 18:00:31,50.2V,0.0A,0.0A,0.0A,24.3A,21.5 deg.C,0.0 deg.C,67Ah,Float
2026-05-22 17:50:31,50.1V,0.0A,0.0A,0.0A,23.0A,21.7 deg.C,0.0 deg.C,62Ah,Float
2026-05-22 17:40:31,49.9V,0.0A,0.0A,0.0A,20.9A,21.8 deg.C,0.0 deg.C,59Ah,Float
2026-05-22 17:30:31,49.7V,0.0A,0.0A,0.0A,23.5A,22.0 deg.C,0.0 deg.C,55Ah,Float
2026-05-22 17:20:31,49.5V,0.0A,0.0A,0.0A,23.0A,22.1 deg.C,0.0 deg.C,51Ah,Float
2026-05-22 17:10:31,49.3V,0.0A,0.0A,0.0A,24.4A,22.2 deg.C,0.0 deg.C,47Ah,Float
2026-05-22 17:00:31,48.6V,0.0A,0.0A,36.9A,-37.2A,22.3 deg.C,0.0 deg.C,48Ah,Discharge
2026-05-22 16:50:31,48.9V,0.0A,0.0A,29.6A,-31.3A,22.1 deg.C,0.0 deg.C,54Ah,Discharge
2026-05-22 16:40:31,49.0V,0.0A,0.0A,35.8A,-36.3A,22.0 deg.C,0.0 deg.C,60Ah,Discharge
2026-05-22 16:30:31,49.1V,0.0A,0.0A,42.4A,-41.1A,21.8 deg.C,0.0 deg.C,66Ah,Discharge
2026-05-22 16:20:31,49.3V,0.0A,0.0A,37.3A,-38.6A,21.6 deg.C,0.0 deg.C,73Ah,Discharge
2026-05-22 16:10:31,49.5V,0.0A,0.0A,38.9A,-38.9A,21.4 deg.C,0.0 deg.C,79Ah,Discharge
2026-05-22 16:00:31,49.7V,0.0A,0.0A,38.0A,-38.7A,21.2 deg.C,0.0 deg.C,86Ah,Discharge
2026-05-22 15:50:31,49.8V,0.0A,0.0A,36.5A,-37.8A,21.1 deg.C,0.0 deg.C,92Ah,Discharge
2026-05-22 15:40:31,50.0V,0.0A,0.0A,36.5A,-37.0A,21.0 deg.C,0.0 deg.C,98Ah,Discharge
2026-05-22 15:30:31,50.2V,0.0A,0.0A,36.3A,-37.5A,21.0 deg.C,0.0 deg.C,104Ah,Discharge
2026-05-22 15:20:31,50.2V,0.0A,0.0A,46.5A,-43.4A,21.0 deg.C,0.0 deg.C,110Ah,Discharge
2026-05-22 15:10:31,50.5V,0.0A,0.0A,38.3A,-37.3A,21.1 deg.C,0.0 deg.C,117Ah,Discharge
2026-05-22 15:00:31,50.6V,0.0A,0.0A,36.1A,-37.7A,21.2 deg.C,0.0 deg.C,123Ah,Discharge
2026-05-22 14:50:31,50.7V,0.0A,0.0A,40.0A,-40.4A,21.5 deg.C,0.0 deg.C,129Ah,Discharge
2026-05-22 14:40:31,50.8V,0.0A,0.0A,37.5A,-39.0A,21.9 deg.C,0.0 deg.C,135Ah,Discharge
2026-05-22 14:30:31,51.0V,0.0A,0.0A,37.7A,-38.5A,22.2 deg.C,0.0 deg.C,142Ah,Discharge
2026-05-22 14:20:31,51.2V,0.0A,0.0A,40.2A,-39.1A,22.7 deg.C,0.0 deg.C,149Ah,Discharge
2026-05-22 14:10:31,52.1V,0.0A,0.0A,0.0A,20.2A,23.0 deg.C,0.0 deg.C,155Ah,Float
2026-05-22 14:00:31,52.0V,0.0A,0.0A,0.0A,17.4A,22.8 deg.C,0.0 deg.C,152Ah,Float
2026-05-22 13:50:31,52.0V,0.0A,0.0A,0.0A,19.0A,22.7 deg.C,0.0 deg.C,148Ah,Float
2026-05-22 13:40:31,51.9V,0.0A,0.0A,0.0A,20.4A,22.6 deg.C,0.0 deg.C,145Ah,Float
2026-05-22 13:30:31,51.9V,0.0A,0.0A,0.0A,20.0A,22.6 deg.C,0.0 deg.C,142Ah,Float
2026-05-22 13:20:31,51.8V,0.0A,0.0A,0.0A,19.8A,22.4 deg.C,0.0 deg.C,139Ah,Float
2026-05-22 13:10:31,51.7V,0.0A,0.0A,0.0A,18.8A,22.3 deg.C,0.0 deg.C,136Ah,Float
2026-05-22 13:00:31,51.7V,0.0A,0.0A,0.0A,19.5A,22.2 deg.C,0.0 deg.C,132Ah,Float
2026-05-22 12:50:31,51.6V,0.0A,0.0A,0.0A,20.3A,22.1 deg.C,0.0 deg.C,129Ah,Float
2026-05-22 12:40:31,51.5V,0.0A,0.0A,0.0A,19.5A,22.0 deg.C,0.0 deg.C,126Ah,Float
2026-05-22 12:30:31,51.5V,0.0A,0.0A,0.0A,19.4A,21.8 deg.C,0.0 deg.C,123Ah,Float
2026-05-22 12:20:31,51.4V,0.0A,0.0A,0.0A,20.2A,21.7 deg.C,0.0 deg.C,119Ah,Float
2026-05-22 12:10:31,51.3V,0.0A,0.0A,0.0A,18.3A,21.5 deg.C,0.0 deg.C,116Ah,Float
2026-05-22 12:00:31,51.3V,0.0A,0.0A,0.0A,20.8A,21.3 deg.C,0.0 deg.C,113Ah,Float
2026-05-22 11:50:31,51.2V,0.0A,0.0A,0.0A,19.6A,21.1 deg.C,0.0 deg.C,109Ah,Float
2026-05-22 11:40:31,51.2V,0.0A,0.0A,0.0A,21.6A,21.0 deg.C,0.0 deg.C,106Ah,Float
2026-05-22 11:30:31,51.1V,0.0A,0.0A,0.0A,22.8A,21.0 deg.C,0.0 deg.C,102Ah,Float
2026-05-22 11:20:31,51.1V,0.0A,0.0A,0.0A,22.0A,20.9 deg.C,0.0 deg.C,99Ah,Float
2026-05-22 11:10:31,51.0V,0.0A,0.0A,0.0A,22.2A,20.9 deg.C,0.0 deg.C,95Ah,Float
2026-05-22 11:00:31,50.9V,0.0A,0.0A,0.0A,23.2A,21.0 deg.C,0.0 deg.C,91Ah,Float
2026-05-22 10:50:31,50.8V,0.0A,0.0A,0.0A,23.8A,20.9 deg.C,0.0 deg.C,87Ah,Float
2026-05-22 10:40:31,50.6V,0.0A,0.0A,0.0A,23.6A,20.9 deg.C,0.0 deg.C,83Ah,Float
2026-05-22 10:30:31,50.5V,0.0A,0.0A,0.0A,23.9A,20.7 deg.C,0.0 deg.C,79Ah,Float
2026-05-22 10:20:31,50.4V,0.0A,0.0A,0.0A,23.6A,20.5 deg.C,0.0 deg.C,75Ah,Float
2026-05-22 10:10:31,50.3V,0.0A,0.0A,0.0A,25.7A,20.3 deg.C,0.0 deg.C,71Ah,Float
2026-05-22 10:00:31,50.2V,0.0A,0.0A,0.0A,26.1A,20.2 deg.C,0.0 deg.C,66Ah,Float
2026-05-22 09:50:31,50.0V,0.0A,0.0A,0.0A,24.4A,20.0 deg.C,0.0 deg.C,62Ah,Float
2026-05-22 09:40:31,49.9V,0.0A,0.0A,0.0A,24.4A,20.0 deg.C,0.0 deg.C,57Ah,Float
2026-05-22 09:30:31,49.8V,0.0A,0.0A,0.0A,29.5A,20.0 deg.C,0.0 deg.C,53Ah,Float
2026-05-22 09:20:31,49.5V,0.0A,0.0A,0.0A,24.7A,19.9 deg.C,0.0 deg.C,48Ah,Float
2026-05-22 09:10:31,49.5V,0.0A,0.0A,0.0A,30.0A,19.8 deg.C,0.0 deg.C,44Ah,Float
2026-05-22 09:00:31,49.3V,0.0A,0.0A,0.0A,26.0A,20.0 deg.C,0.0 deg.C,39Ah,Float
2026-05-22 08:50:31,49.2V,0.0A,0.0A,0.0A,28.4A,20.8 deg.C,0.0 deg.C,34Ah,Float
2026-05-22 08:40:31,49.1V,0.0A,0.0A,0.0A,28.5A,22.5 deg.C,0.0 deg.C,30Ah,Float
2026-05-22 08:30:31,49.0V,0.0A,0.0A,0.0A,23.5A,22.3 deg.C,0.0 deg.C,25Ah,Float
2026-05-22 08:20:31,48.9V,0.0A,0.0A,0.0A,30.7A,21.9 deg.C,0.0 deg.C,20Ah,Float
2026-05-22 08:10:31,48.8V,0.0A,0.0A,0.0A,26.8A,21.4 deg.C,0.0 deg.C,15Ah,Float
2026-05-22 08:00:31,48.6V,0.0A,0.0A,0.0A,29.0A,20.9 deg.C,0.0 deg.C,11Ah,Float
2026-05-22 07:50:31,48.2V,0.0A,0.0A,0.0A,30.6A,20.5 deg.C,0.0 deg.C,6Ah,Float
2026-05-22 07:40:31,47.6V,0.0A,0.0A,0.0A,27.5A,20.1 deg.C,0.0 deg.C,1Ah,Float
2026-05-22 07:30:31,46.9V,0.0A,0.0A,30.7A,-31.9A,20.1 deg.C,0.0 deg.C,0Ah,Discharge
2026-05-22 07:20:31,47.3V,0.0A,0.0A,38.3A,-37.5A,20.1 deg.C,0.0 deg.C,0Ah,Discharge
2026-05-22 07:10:31,47.7V,0.0A,0.0A,32.5A,-32.1A,20.2 deg.C,0.0 deg.C,0Ah,Discharge
2026-05-22 07:00:31,47.8V,0.0A,0.0A,33.0A,-33.5A,20.2 deg.C,0.0 deg.C,5Ah,Discharge
2026-05-22 06:50:31,47.9V,0.0A,0.0A,34.4A,-33.5A,20.2 deg.C,0.0 deg.C,11Ah,Discharge
2026-05-22 06:40:31,48.1V,0.0A,0.0A,31.1A,-31.7A,20.3 deg.C,0.0 deg.C,16Ah,Discharge
2026-05-22 06:30:31,48.1V,0.0A,0.0A,39.4A,-39.0A,20.2 deg.C,0.0 deg.C,22Ah,Discharge
2026-05-22 06:20:31,48.3V,0.0A,0.0A,32.2A,-31.4A,20.2 deg.C,0.0 deg.C,28Ah,Discharge
2026-05-22 06:10:31,48.5V,0.0A,0.0A,31.6A,-31.6A,20.3 deg.C,0.0 deg.C,33Ah,Discharge
2026-05-22 06:00:31,48.6V,0.0A,0.0A,31.5A,-31.6A,20.3 deg.C,0.0 deg.C,38Ah,Discharge
2026-05-22 05:50:31,48.8V,0.0A,0.0A,30.8A,-31.1A,20.3 deg.C,0.0 deg.C,44Ah,Discharge
2026-05-22 05:40:31,48.9V,0.0A,0.0A,34.4A,-36.0A,20.3 deg.C,0.0 deg.C,49Ah,Discharge
2026-05-22 05:30:31,49.1V,0.0A,0.0A,30.8A,-30.9A,20.3 deg.C,0.0 deg.C,55Ah,Discharge
2026-05-22 05:20:31,49.3V,0.0A,0.0A,30.4A,-30.8A,20.3 deg.C,0.0 deg.C,60Ah,Discharge
2026-05-22 05:10:31,49.4V,0.0A,0.0A,31.5A,-30.7A,20.3 deg.C,0.0 deg.C,65Ah,Discharge
2026-05-22 05:00:31,49.5V,0.0A,0.0A,34.3A,-32.0A,20.3 deg.C,0.0 deg.C,70Ah,Discharge
2026-05-22 04:50:31,49.6V,0.0A,0.0A,38.0A,-36.1A,20.3 deg.C,0.0 deg.C,76Ah,Discharge
2026-05-22 04:40:31,49.8V,0.0A,0.0A,30.3A,-30.2A,20.3 deg.C,0.0 deg.C,81Ah,Discharge
2026-05-22 04:30:31,49.9V,0.0A,0.0A,30.5A,-30.3A,20.3 deg.C,0.0 deg.C,86Ah,Discharge
2026-05-22 04:20:31,50.0V,0.0A,0.0A,31.1A,-30.9A,20.3 deg.C,0.0 deg.C,92Ah,Discharge
2026-05-22 04:10:31,50.1V,0.0A,0.0A,35.0A,-34.4A,20.3 deg.C,0.0 deg.C,97Ah,Discharge
2026-05-22 04:00:31,50.3V,0.0A,0.0A,32.5A,-30.6A,20.3 deg.C,0.0 deg.C,102Ah,Discharge
2026-05-22 03:50:31,50.4V,0.0A,0.0A,30.2A,-30.5A,20.3 deg.C,0.0 deg.C,107Ah,Discharge
2026-05-22 03:40:31,50.5V,0.0A,0.0A,30.7A,-30.9A,20.3 deg.C,0.0 deg.C,113Ah,Discharge
2026-05-22 03:30:31,50.6V,0.0A,0.0A,31.2A,-30.7A,20.3 deg.C,0.0 deg.C,118Ah,Discharge
2026-05-22 03:20:31,50.7V,0.0A,0.0A,34.2A,-30.5A,20.4 deg.C,0.0 deg.C,124Ah,Discharge
2026-05-22 03:10:31,50.8V,0.0A,0.0A,30.0A,-30.8A,20.5 deg.C,0.0 deg.C,129Ah,Discharge
2026-05-22 03:00:31,50.9V,0.0A,0.0A,34.4A,-34.3A,20.5 deg.C,0.0 deg.C,134Ah,Discharge
2026-05-22 02:50:31,51.1V,0.0A,0.0A,29.5A,-30.9A,20.6 deg.C,0.0 deg.C,139Ah,Discharge
2026-05-22 02:40:31,51.2V,0.0A,0.0A,29.9A,-30.3A,20.7 deg.C,0.0 deg.C,145Ah,Discharge
2026-05-22 02:30:31,51.3V,0.0A,0.0A,29.0A,-30.3A,20.8 deg.C,0.0 deg.C,150Ah,Discharge
2026-05-22 02:20:31,51.4V,0.0A,0.0A,34.1A,-34.1A,20.9 deg.C,0.0 deg.C,155Ah,Discharge
2026-05-22 02:10:31,51.6V,0.0A,0.0A,29.7A,-30.4A,20.9 deg.C,0.0 deg.C,160Ah,Discharge
2026-05-22 02:00:31,51.7V,0.0A,0.0A,31.8A,-30.6A,21.0 deg.C,0.0 deg.C,165Ah,Discharge
2026-05-22 01:50:31,51.8V,0.0A,0.0A,35.7A,-34.5A,21.1 deg.C,0.0 deg.C,171Ah,Discharge
2026-05-22 01:40:31,51.9V,0.0A,0.0A,29.7A,-30.5A,21.1 deg.C,0.0 deg.C,176Ah,Discharge
2026-05-22 01:30:31,52.1V,0.0A,0.0A,29.8A,-30.2A,21.1 deg.C,0.0 deg.C,181Ah,Discharge
2026-05-22 01:20:31,52.2V,0.0A,0.0A,31.3A,-31.4A,21.2 deg.C,0.0 deg.C,187Ah,Discharge
2026-05-22 01:10:31,52.3V,0.0A,0.0A,39.4A,-35.4A,21.1 deg.C,0.0 deg.C,193Ah,Discharge
2026-05-22 01:00:31,52.4V,0.0A,0.0A,33.6A,-33.9A,21.0 deg.C,0.0 deg.C,198Ah,Discharge
2026-05-22 00:50:31,52.5V,0.0A,0.0A,34.2A,-35.1A,20.9 deg.C,0.0 deg.C,204Ah,Discharge
2026-05-22 00:40:31,52.7V,0.0A,0.0A,40.0A,-39.5A,20.6 deg.C,0.0 deg.C,210Ah,Discharge
2026-05-22 00:30:31,52.9V,0.0A,0.0A,33.7A,-34.5A,20.1 deg.C,0.0 deg.C,215Ah,Discharge
2026-05-22 00:20:31,53.8V,0.0A,0.0A,0.0A,22.1A,20.0 deg.C,0.0 deg.C,217Ah,Float
2026-05-22 00:10:31,53.6V,0.0A,0.0A,0.0A,18.0A,20.0 deg.C,0.0 deg.C,214Ah,Float
2026-05-22 00:00:31,53.6V,0.0A,0.0A,0.0A,18.7A,20.0 deg.C,0.0 deg.C,211Ah,Float
2026-05-21 23:50:31,53.5V,0.0A,0.0A,0.0A,19.1A,20.1 deg.C,0.0 deg.C,207Ah,Float
2026-05-21 23:40:31,53.4V,0.0A,0.0A,0.0A,21.8A,20.1 deg.C,0.0 deg.C,204Ah,Float
2026-05-21 23:30:31,53.4V,0.0A,0.0A,0.0A,22.8A,20.1 deg.C,0.0 deg.C,201Ah,Float
2026-05-21 23:20:31,53.2V,0.0A,0.0A,0.0A,16.6A,20.2 deg.C,0.0 deg.C,197Ah,Float
2026-05-21 23:10:31,53.2V,0.0A,0.0A,0.0A,21.7A,20.2 deg.C,0.0 deg.C,194Ah,Float
2026-05-21 23:00:31,53.1V,0.0A,0.0A,0.0A,19.5A,20.2 deg.C,0.0 deg.C,190Ah,Float
2026-05-21 22:50:31,53.0V,0.0A,0.0A,0.0A,17.2A,20.2 deg.C,0.0 deg.C,187Ah,Float
2026-05-21 22:40:31,53.0V,0.0A,0.0A,0.0A,20.8A,20.2 deg.C,0.0 deg.C,184Ah,Float
2026-05-21 22:30:31,52.9V,0.0A,0.0A,0.0A,18.7A,20.2 deg.C,0.0 deg.C,181Ah,Float
2026-05-21 22:20:31,52.8V,0.0A,0.0A,0.0A,16.9A,20.2 deg.C,0.0 deg.C,178Ah,Float
2026-05-21 22:10:31,52.8V,0.0A,0.0A,0.0A,22.6A,20.2 deg.C,0.0 deg.C,174Ah,Float
2026-05-21 22:00:31,52.6V,0.0A,0.0A,0.0A,16.8A,20.2 deg.C,0.0 deg.C,171Ah,Float
2026-05-21 21:50:31,52.6V,0.0A,0.0A,0.0A,21.2A,20.2 deg.C,0.0 deg.C,167Ah,Float
2026-05-21 21:40:31,52.4V,0.0A,0.0A,0.0A,20.0A,20.2 deg.C,0.0 deg.C,164Ah,Float
2026-05-21 21:30:31,52.4V,0.0A,0.0A,0.0A,18.6A,20.3 deg.C,0.0 deg.C,160Ah,Float
2026-05-21 21:20:31,52.3V,0.0A,0.0A,0.0A,23.1A,20.3 deg.C,0.0 deg.C,157Ah,Float
2026-05-21 21:10:31,52.2V,0.0A,0.0A,0.0A,17.8A,20.3 deg.C,0.0 deg.C,153Ah,Float
2026-05-21 21:00:31,52.1V,0.0A,0.0A,0.0A,21.5A,20.4 deg.C,0.0 deg.C,150Ah,Float
2026-05-21 20:50:31,52.1V,0.0A,0.0A,0.0A,23.6A,20.4 deg.C,0.0 deg.C,146Ah,Float
2026-05-21 20:40:31,52.0V,0.0A,0.0A,0.0A,19.8A,20.4 deg.C,0.0 deg.C,143Ah,Float
2026-05-21 20:30:31,52.0V,0.0A,0.0A,0.0A,23.7A,20.4 deg.C,0.0 deg.C,139Ah,Float
2026-05-21 20:20:31,51.8V,0.0A,0.0A,0.0A,16.5A,20.5 deg.C,0.0 deg.C,136Ah,Float
2026-05-21 20:10:31,51.8V,0.0A,0.0A,0.0A,24.1A,20.4 deg.C,0.0 deg.C,132Ah,Float
2026-05-21 20:00:31,51.7V,0.0A,0.0A,0.0A,24.7A,20.4 deg.C,0.0 deg.C,128Ah,Float
2026-05-21 19:50:31,51.6V,0.0A,0.0A,0.0A,20.2A,20.4 deg.C,0.0 deg.C,125Ah,Float
2026-05-21 19:40:31,51.6V,0.0A,0.0A,0.0A,25.9A,20.3 deg.C,0.0 deg.C,121Ah,Float
2026-05-21 19:30:31,51.5V,0.0A,0.0A,0.0A,21.0A,20.3 deg.C,0.0 deg.C,117Ah,Float
2026-05-21 19:20:31,51.5V,0.0A,0.0A,0.0A,23.2A,20.2 deg.C,0.0 deg.C,114Ah,Float
2026-05-21 19:10:31,51.4V,0.0A,0.0A,0.0A,25.6A,20.2 deg.C,0.0 deg.C,109Ah,Float
2026-05-21 19:00:31,51.3V,0.0A,0.0A,0.0A,26.8A,20.2 deg.C,0.0 deg.C,105Ah,Float
2026-05-21 18:50:31,51.3V,0.0A,0.0A,0.0A,29.2A,20.2 deg.C,0.0 deg.C,100Ah,Float
2026-05-21 18:40:31,51.1V,0.0A,0.0A,0.0A,24.2A,20.2 deg.C,0.0 deg.C,96Ah,Float
2026-05-21 18:30:31,51.1V,0.0A,0.0A,0.0A,27.9A,20.3 deg.C,0.0 deg.C,92Ah,Float
2026-05-21 18:20:31,50.9V,0.0A,0.0A,0.0A,23.5A,20.4 deg.C,0.0 deg.C,88Ah,Float
2026-05-21 18:10:31,50.8V,0.0A,0.0A,0.0A,23.5A,20.5 deg.C,0.0 deg.C,84Ah,Float
2026-05-21 18:00:31,50.7V,0.0A,0.0A,0.0A,21.8A,20.7 deg.C,0.0 deg.C,80Ah,Float
2026-05-21 17:50:31,50.6V,0.0A,0.0A,0.0A,26.6A,20.9 deg.C,0.0 deg.C,76Ah,Float
2026-05-21 17:40:31,50.5V,0.0A,0.0A,0.0A,22.7A,21.0 deg.C,0.0 deg.C,72Ah,Float
2026-05-21 17:30:31,50.3V,0.0A,0.0A,0.0A,20.1A,21.2 deg.C,0.0 deg.C,68Ah,Float
2026-05-21 17:20:31,50.2V,0.0A,0.0A,0.0A,21.9A,21.4 deg.C,0.0 deg.C,64Ah,Float
2026-05-21 17:10:31,50.0V,0.0A,0.0A,0.0A,21.0A,21.5 deg.C,0.0 deg.C,60Ah,Float
2026-05-21 17:00:31,49.9V,0.0A,0.0A,0.0A,19.2A,21.6 deg.C,0.0 deg.C,57Ah,Float
2026-05-21 16:50:31,49.8V,0.0A,0.0A,0.0A,22.1A,21.7 deg.C,0.0 deg.C,53Ah,Float
2026-05-21 16:40:31,49.6V,0.0A,0.0A,0.0A,21.5A,21.9 deg.C,0.0 deg.C,50Ah,Float
2026-05-21 16:30:31,49.4V,0.0A,0.0A,0.0A,21.6A,21.9 deg.C,0.0 deg.C,46Ah,Float
2026-05-21 16:20:31,48.5V,0.0A,0.0A,35.9A,-36.7A,22.0 deg.C,0.0 deg.C,44Ah,Discharge
2026-05-21 16:10:31,48.7V,0.0A,0.0A,38.2A,-38.5A,21.9 deg.C,0.0 deg.C,50Ah,Discharge
2026-05-21 16:00:31,48.9V,0.0A,0.0A,39.5A,-37.4A,21.9 deg.C,0.0 deg.C,57Ah,Discharge
2026-05-21 15:50:31,49.1V,0.0A,0.0A,38.0A,-40.0A,21.8 deg.C,0.0 deg.C,63Ah,Discharge
2026-05-21 15:40:31,49.2V,0.0A,0.0A,38.0A,-39.7A,21.8 deg.C,0.0 deg.C,69Ah,Discharge
2026-05-21 15:30:31,49.4V,0.0A,0.0A,36.5A,-36.8A,21.7 deg.C,0.0 deg.C,76Ah,Discharge
2026-05-21 15:20:31,49.6V,0.0A,0.0A,37.3A,-38.9A,21.6 deg.C,0.0 deg.C,83Ah,Discharge
2026-05-21 15:10:31,49.7V,0.0A,0.0A,35.7A,-37.7A,21.7 deg.C,0.0 deg.C,89Ah,Discharge
2026-05-21 15:00:31,49.8V,0.0A,0.0A,37.6A,-37.9A,21.7 deg.C,0.0 deg.C,95Ah,Discharge
2026-05-21 14:50:31,50.0V,0.0A,0.0A,38.6A,-37.9A,21.7 deg.C,0.0 deg.C,102Ah,Discharge
2026-05-21 14:40:31,50.1V,0.0A,0.0A,37.7A,-39.1A,21.7 deg.C,0.0 deg.C,108Ah,Discharge
2026-05-21 14:30:31,50.3V,0.0A,0.0A,36.5A,-38.7A,21.7 deg.C,0.0 deg.C,115Ah,Discharge
2026-05-21 14:20:31,50.4V,0.0A,0.0A,36.4A,-37.2A,21.7 deg.C,0.0 deg.C,121Ah,Discharge
2026-05-21 14:10:31,50.5V,0.0A,0.0A,37.2A,-36.8A,21.7 deg.C,0.0 deg.C,127Ah,Discharge
2026-05-21 14:00:31,50.7V,0.0A,0.0A,36.8A,-38.6A,21.7 deg.C,0.0 deg.C,133Ah,Discharge
2026-05-21 13:50:31,50.8V,0.0A,0.0A,38.2A,-39.1A,21.7 deg.C,0.0 deg.C,140Ah,Discharge
2026-05-21 13:40:31,51.0V,0.0A,0.0A,34.7A,-37.6A,21.7 deg.C,0.0 deg.C,146Ah,Discharge
2026-05-21 13:30:31,51.1V,0.0A,0.0A,35.3A,-37.3A,21.7 deg.C,0.0 deg.C,152Ah,Discharge
2026-05-21 13:20:31,51.2V,0.0A,0.0A,38.7A,-37.9A,21.7 deg.C,0.0 deg.C,158Ah,Discharge
2026-05-21 13:10:31,51.4V,0.0A,0.0A,37.6A,-36.8A,21.7 deg.C,0.0 deg.C,164Ah,Discharge
2026-05-21 13:00:31,51.5V,0.0A,0.0A,36.5A,-36.4A,21.7 deg.C,0.0 deg.C,171Ah,Discharge
2026-05-21 12:50:31,51.8V,0.0A,0.0A,31.3A,-30.6A,21.7 deg.C,0.0 deg.C,177Ah,Discharge
2026-05-21 12:40:31,51.8V,0.0A,0.0A,36.4A,-37.6A,21.8 deg.C,0.0 deg.C,183Ah,Discharge
2026-05-21 12:30:31,52.0V,0.0A,0.0A,34.5A,-35.9A,21.9 deg.C,0.0 deg.C,189Ah,Discharge
2026-05-21 12:20:31,52.1V,0.0A,0.0A,40.3A,-37.3A,21.9 deg.C,0.0 deg.C,195Ah,Discharge
2026-05-21 12:10:31,52.3V,0.0A,0.0A,35.1A,-36.3A,21.9 deg.C,0.0 deg.C,201Ah,Discharge
2026-05-21 12:00:31,52.4V,0.0A,0.0A,39.2A,-39.8A,22.1 deg.C,0.0 deg.C,207Ah,Discharge
2026-05-21 11:50:31,52.5V,0.0A,0.0A,39.7A,-36.4A,22.7 deg.C,0.0 deg.C,213Ah,Discharge
2026-05-21 11:40:31,52.7V,0.0A,0.0A,36.1A,-35.8A,24.1 deg.C,0.0 deg.C,219Ah,Discharge
2026-05-21 11:30:31,52.8V,0.0A,0.0A,33.5A,-33.1A,23.8 deg.C,0.0 deg.C,225Ah,Discharge
2026-05-21 11:20:31,52.9V,0.0A,0.0A,35.8A,-34.3A,23.3 deg.C,0.0 deg.C,230Ah,Discharge
2026-05-21 11:10:31,53.1V,0.0A,0.0A,31.1A,-33.7A,22.8 deg.C,0.0 deg.C,236Ah,Discharge
2026-05-21 11:00:31,53.2V,0.0A,0.0A,32.6A,-32.6A,22.4 deg.C,0.0 deg.C,241Ah,Discharge
2026-05-21 10:50:31,53.3V,0.0A,0.0A,32.2A,-31.7A,21.9 deg.C,0.0 deg.C,246Ah,Discharge
2026-05-21 10:40:31,53.5V,0.0A,0.0A,31.0A,-31.1A,21.4 deg.C,0.0 deg.C,251Ah,Discharge
2026-05-21 10:30:31,53.8V,0.0A,0.0A,25.7A,-26.4A,20.6 deg.C,0.0 deg.C,256Ah,Discharge
2026-05-21 10:20:31,54.5V,0.0A,0.0A,0.0A,24.2A,20.4 deg.C,0.0 deg.C,257Ah,Float
2026-05-21 10:10:31,54.4V,0.0A,0.0A,0.0A,25.3A,20.3 deg.C,0.0 deg.C,253Ah,Float
2026-05-21 10:00:31,54.3V,0.0A,0.0A,0.0A,24.8A,20.2 deg.C,0.0 deg.C,248Ah,Float
2026-05-21 09:50:31,54.3V,0.0A,0.0A,0.0A,27.9A,20.1 deg.C,0.0 deg.C,244Ah,Float
2026-05-21 09:40:31,54.1V,0.0A,0.0A,0.0A,27.3A,20.0 deg.C,0.0 deg.C,240Ah,Float
2026-05-21 09:30:31,54.0V,0.0A,0.0A,0.0A,22.5A,19.9 deg.C,0.0 deg.C,236Ah,Float
2026-05-21 09:20:31,54.0V,0.0A,0.0A,0.0A,28.6A,20.0 deg.C,0.0 deg.C,231Ah,Float
2026-05-21 09:10:31,53.8V,0.0A,0.0A,0.0A,23.4A,20.0 deg.C,0.0 deg.C,227Ah,Float
2026-05-21 09:00:31,53.8V,0.0A,0.0A,0.0A,27.0A,20.1 deg.C,0.0 deg.C,222Ah,Float
2026-05-21 08:50:31,53.6V,0.0A,0.0A,0.0A,22.7A,20.5 deg.C,0.0 deg.C,218Ah,Float
2026-05-21 08:40:31,53.6V,0.0A,0.0A,0.0A,26.6A,21.7 deg.C,0.0 deg.C,214Ah,Float
2026-05-21 08:30:31,53.5V,0.0A,0.0A,0.0A,29.0A,22.4 deg.C,0.0 deg.C,210Ah,Float
2026-05-21 08:20:31,53.4V,0.0A,0.0A,0.0A,24.5A,21.8 deg.C,0.0 deg.C,206Ah,Float
2026-05-21 08:10:31,53.3V,0.0A,0.0A,0.0A,29.4A,21.2 deg.C,0.0 deg.C,201Ah,Float
2026-05-21 08:00:31,53.1V,0.0A,0.0A,0.0A,21.3A,20.5 deg.C,0.0 deg.C,196Ah,Float
2026-05-21 07:50:31,53.1V,0.0A,0.0A,0.0A,28.1A,19.6 deg.C,0.0 deg.C,192Ah,Float
2026-05-21 07:40:31,53.0V,0.0A,0.0A,0.0A,27.8A,19.3 deg.C,0.0 deg.C,187Ah,Float
2026-05-21 07:30:31,52.8V,0.0A,0.0A,0.0A,21.0A,19.2 deg.C,0.0 deg.C,183Ah,Float
2026-05-21 07:20:31,52.8V,0.0A,0.0A,0.0A,26.1A,19.3 deg.C,0.0 deg.C,179Ah,Float
2026-05-21 07:10:31,52.6V,0.0A,0.0A,0.0A,26.6A,19.2 deg.C,0.0 deg.C,175Ah,Float
2026-05-21 07:00:31,52.5V,0.0A,0.0A,0.0A,22.7A,19.2 deg.C,0.0 deg.C,171Ah,Float
2026-05-21 06:50:31,52.5V,0.0A,0.0A,0.0A,27.7A,19.2 deg.C,0.0 deg.C,166Ah,Float
2026-05-21 06:40:31,52.3V,0.0A,0.0A,0.0A,27.2A,19.2 deg.C,0.0 deg.C,162Ah,Float
2026-05-21 06:30:31,52.2V,0.0A,0.0A,0.0A,24.9A,19.2 deg.C,0.0 deg.C,158Ah,Float
2026-05-21 06:20:31,52.2V,0.0A,0.0A,0.0A,27.5A,19.2 deg.C,0.0 deg.C,153Ah,Float
2026-05-21 06:10:31,52.0V,0.0A,0.0A,0.0A,23.6A,19.2 deg.C,0.0 deg.C,149Ah,Float
2026-05-21 06:00:31,52.0V,0.0A,0.0A,0.0A,28.2A,19.1 deg.C,0.0 deg.C,145Ah,Float
2026-05-21 05:50:31,51.9V,0.0A,0.0A,0.0A,28.3A,19.1 deg.C,0.0 deg.C,140Ah,Float
2026-05-21 05:40:31,51.8V,0.0A,0.0A,0.0A,23.8A,19.1 deg.C,0.0 deg.C,136Ah,Float
2026-05-21 05:30:31,51.7V,0.0A,0.0A,0.0A,27.7A,19.1 deg.C,0.0 deg.C,131Ah,Float
2026-05-21 05:20:31,51.7V,0.0A,0.0A,0.0A,28.2A,19.1 deg.C,0.0 deg.C,126Ah,Float
2026-05-21 05:10:31,51.5V,0.0A,0.0A,0.0A,25.0A,19.1 deg.C,0.0 deg.C,122Ah,Float
2026-05-21 05:00:31,51.5V,0.0A,0.0A,0.0A,28.2A,19.1 deg.C,0.0 deg.C,118Ah,Float
2026-05-21 04:50:31,51.4V,0.0A,0.0A,0.0A,23.8A,19.1 deg.C,0.0 deg.C,113Ah,Float
2026-05-21 04:40:31,51.3V,0.0A,0.0A,0.0A,28.2A,19.2 deg.C,0.0 deg.C,109Ah,Float
2026-05-21 04:30:31,51.2V,0.0A,0.0A,0.0A,28.5A,19.2 deg.C,0.0 deg.C,104Ah,Float
2026-05-21 04:20:31,51.1V,0.0A,0.0A,0.0A,23.5A,19.3 deg.C,0.0 deg.C,100Ah,Float
2026-05-21 04:10:31,51.1V,0.0A,0.0A,0.0A,28.9A,19.4 deg.C,0.0 deg.C,95Ah,Float
2026-05-21 04:00:31,50.9V,0.0A,0.0A,0.0A,28.3A,19.5 deg.C,0.0 deg.C,91Ah,Float
2026-05-21 03:50:31,50.8V,0.0A,0.0A,0.0A,24.1A,19.6 deg.C,0.0 deg.C,86Ah,Float
2026-05-21 03:40:31,50.7V,0.0A,0.0A,0.0A,28.4A,19.7 deg.C,0.0 deg.C,82Ah,Float
2026-05-21 03:30:31,50.5V,0.0A,0.0A,0.0A,26.2A,19.8 deg.C,0.0 deg.C,77Ah,Float
2026-05-21 03:20:31,50.4V,0.0A,0.0A,0.0A,28.7A,19.9 deg.C,0.0 deg.C,73Ah,Float
2026-05-21 03:10:31,50.2V,0.0A,0.0A,0.0A,28.6A,20.4 deg.C,0.0 deg.C,68Ah,Float
2026-05-21 03:00:31,50.0V,0.0A,0.0A,0.0A,23.4A,21.4 deg.C,0.0 deg.C,64Ah,Float
2026-05-21 02:50:31,49.9V,0.0A,0.0A,0.0A,29.6A,22.3 deg.C,0.0 deg.C,60Ah,Float
2026-05-21 02:40:31,49.7V,0.0A,0.0A,0.0A,29.2A,21.9 deg.C,0.0 deg.C,55Ah,Float
2026-05-21 02:30:31,49.4V,0.0A,0.0A,0.0A,25.2A,21.4 deg.C,0.0 deg.C,50Ah,Float
2026-05-21 02:20:31,48.5V,0.0A,0.0A,31.9A,-32.2A,21.1 deg.C,0.0 deg.C,47Ah,Discharge
2026-05-21 02:10:31,48.7V,0.0A,0.0A,31.5A,-31.8A,21.0 deg.C,0.0 deg.C,53Ah,Discharge
2026-05-21 02:00:31,48.8V,0.0A,0.0A,35.1A,-35.9A,21.0 deg.C,0.0 deg.C,59Ah,Discharge
2026-05-21 01:50:31,49.1V,0.0A,0.0A,32.1A,-32.4A,20.9 deg.C,0.0 deg.C,64Ah,Discharge
2026-05-21 01:40:31,49.2V,0.0A,0.0A,34.2A,-33.8A,20.8 deg.C,0.0 deg.C,70Ah,Discharge
2026-05-21 01:30:31,49.4V,0.0A,0.0A,35.0A,-36.6A,20.7 deg.C,0.0 deg.C,76Ah,Discharge
2026-05-21 01:20:31,49.6V,0.0A,0.0A,33.6A,-33.2A,20.6 deg.C,0.0 deg.C,81Ah,Discharge
2026-05-21 01:10:31,49.7V,0.0A,0.0A,30.6A,-32.3A,20.5 deg.C,0.0 deg.C,87Ah,Discharge
2026-05-21 01:00:31,49.8V,0.0A,0.0A,39.7A,-38.7A,20.4 deg.C,0.0 deg.C,93Ah,Discharge
2026-05-21 00:50:31,50.0V,0.0A,0.0A,32.5A,-35.0A,20.2 deg.C,0.0 deg.C,99Ah,Discharge
2026-05-21 00:40:31,50.2V,0.0A,0.0A,35.3A,-34.4A,20.1 deg.C,0.0 deg.C,105Ah,Discharge
2026-05-21 00:30:31,50.3V,0.0A,0.0A,41.4A,-42.3A,19.8 deg.C,0.0 deg.C,111Ah,Discharge
2026-05-21 00:20:31,50.5V,0.0A,0.0A,38.0A,-37.9A,19.4 deg.C,0.0 deg.C,118Ah,Discharge
2026-05-21 00:10:31,51.4V,0.0A,0.0A,0.0A,19.2A,19.1 deg.C,0.0 deg.C,123Ah,Float
2026-05-21 00:00:31,51.4V,0.0A,0.0A,0.0A,17.5A,19.1 deg.C,0.0 deg.C,120Ah,Float
2026-05-20 23:50:31,51.4V,0.0A,0.0A,0.0A,22.7A,19.2 deg.C,0.0 deg.C,116Ah,Float
2026-05-20 23:40:31,51.3V,0.0A,0.0A,0.0A,21.7A,19.3 deg.C,0.0 deg.C,113Ah,Float
2026-05-20 23:30:31,51.2V,0.0A,0.0A,0.0A,19.3A,19.4 deg.C,0.0 deg.C,109Ah,Float
2026-05-20 23:20:31,51.2V,0.0A,0.0A,0.0A,22.8A,19.4 deg.C,0.0 deg.C,106Ah,Float
2026-05-20 23:10:31,51.1V,0.0A,0.0A,0.0A,23.7A,19.5 deg.C,0.0 deg.C,102Ah,Float
2026-05-20 23:00:31,51.0V,0.0A,0.0A,0.0A,20.2A,19.6 deg.C,0.0 deg.C,99Ah,Float
2026-05-20 22:50:31,50.9V,0.0A,0.0A,0.0A,24.1A,19.6 deg.C,0.0 deg.C,95Ah,Float
2026-05-20 22:40:31,50.8V,0.0A,0.0A,0.0A,20.3A,19.7 deg.C,0.0 deg.C,92Ah,Float
2026-05-20 22:30:31,50.7V,0.0A,0.0A,0.0A,18.8A,19.8 deg.C,0.0 deg.C,88Ah,Float
2026-05-20 22:20:31,50.6V,0.0A,0.0A,0.0A,21.9A,19.8 deg.C,0.0 deg.C,85Ah,Float
2026-05-20 22:10:31,50.5V,0.0A,0.0A,0.0A,22.5A,19.8 deg.C,0.0 deg.C,82Ah,Float
2026-05-20 22:00:31,50.4V,0.0A,0.0A,0.0A,18.0A,19.9 deg.C,0.0 deg.C,78Ah,Float
2026-05-20 21:50:31,50.3V,0.0A,0.0A,0.0A,17.1A,19.9 deg.C,0.0 deg.C,75Ah,Float
2026-05-20 21:40:31,50.2V,0.0A,0.0A,0.0A,20.7A,19.9 deg.C,0.0 deg.C,71Ah,Float
2026-05-20 21:30:31,50.1V,0.0A,0.0A,0.0A,20.1A,20.0 deg.C,0.0 deg.C,68Ah,Float
2026-05-20 21:20:31,50.0V,0.0A,0.0A,0.0A,23.6A,20.0 deg.C,0.0 deg.C,64Ah,Float
2026-05-20 21:10:31,49.8V,0.0A,0.0A,0.0A,16.7A,20.0 deg.C,0.0 deg.C,61Ah,Float
2026-05-20 21:00:31,49.8V,0.0A,0.0A,0.0A,21.4A,20.0 deg.C,0.0 deg.C,57Ah,Float
2026-05-20 20:50:31,49.7V,0.0A,0.0A,0.0A,22.6A,20.1 deg.C,0.0 deg.C,54Ah,Float
2026-05-20 20:40:31,49.5V,0.0A,0.0A,0.0A,18.4A,20.1 deg.C,0.0 deg.C,50Ah,Float
2026-05-20 20:30:31,49.4V,0.0A,0.0A,0.0A,22.7A,20.1 deg.C,0.0 deg.C,47Ah,Float
2026-05-20 20:20:31,49.3V,0.0A,0.0A,0.0A,23.4A,20.2 deg.C,0.0 deg.C,43Ah,Float
2026-05-20 20:10:31,49.1V,0.0A,0.0A,0.0A,16.8A,20.3 deg.C,0.0 deg.C,40Ah,Float
2026-05-20 20:00:31,49.1V,0.0A,0.0A,0.0A,24.3A,20.4 deg.C,0.0 deg.C,36Ah,Float
2026-05-20 19:50:31,49.0V,0.0A,0.0A,0.0A,19.6A,20.4 deg.C,0.0 deg.C,33Ah,Float
2026-05-20 19:40:31,49.0V,0.0A,0.0A,0.0A,20.9A,20.5 deg.C,0.0 deg.C,30Ah,Float
2026-05-20 19:30:31,48.9V,0.0A,0.0A,0.0A,24.6A,20.5 deg.C,0.0 deg.C,26Ah,Float
2026-05-20 19:20:31,48.8V,0.0A,0.0A,0.0A,21.0A,20.5 deg.C,0.0 deg.C,23Ah,Float
2026-05-20 19:10:31,48.8V,0.0A,0.0A,0.0A,29.1A,20.6 deg.C,0.0 deg.C,18Ah,Float
2026-05-20 19:00:31,48.7V,0.0A,0.0A,0.0A,27.7A,20.8 deg.C,0.0 deg.C,14Ah,Float
2026-05-20 18:50:31,48.4V,0.0A,0.0A,0.0A,24.9A,20.9 deg.C,0.0 deg.C,10Ah,Float
2026-05-20 18:40:31,47.9V,0.0A,0.0A,0.0A,27.4A,21.1 deg.C,0.0 deg.C,5Ah,Float
2026-05-20 18:30:31,47.2V,0.0A,0.0A,0.0A,23.5A,21.2 deg.C,0.0 deg.C,1Ah,Float
2026-05-20 18:20:31,46.5V,0.0A,0.0A,29.4A,-30.0A,21.4 deg.C,0.0 deg.C,0Ah,Discharge
2026-05-20 18:10:31,46.9V,0.0A,0.0A,39.7A,-35.7A,21.4 deg.C,0.0 deg.C,0Ah,Discharge
2026-05-20 18:00:31,47.4V,0.0A,0.0A,32.5A,-30.7A,21.5 deg.C,0.0 deg.C,0Ah,Discharge
2026-05-20 17:50:31,47.6V,0.0A,0.0A,36.0A,-35.9A,21.6 deg.C,0.0 deg.C,0Ah,Discharge
2026-05-20 17:40:31,47.9V,0.0A,0.0A,28.3A,-29.5A,21.7 deg.C,0.0 deg.C,0Ah,Discharge
2026-05-20 17:30:31,47.9V,0.0A,0.0A,34.8A,-36.5A,21.7 deg.C,0.0 deg.C,0Ah,Discharge
2026-05-20 17:20:31,48.0V,0.0A,0.0A,36.8A,-34.2A,21.7 deg.C,0.0 deg.C,0Ah,Discharge
2026-05-20 17:10:31,48.1V,0.0A,0.0A,37.9A,-35.9A,21.6 deg.C,0.0 deg.C,0Ah,Discharge
2026-05-20 17:00:31,48.3V,0.0A,0.0A,38.3A,-35.9A,21.6 deg.C,0.0 deg.C,0Ah,Discharge
2026-05-20 16:50:31,48.4V,0.0A,0.0A,36.3A,-36.2A,21.7 deg.C,0.0 deg.C,0Ah,Discharge
2026-05-20 16:40:31,48.6V,0.0A,0.0A,35.0A,-37.3A,21.7 deg.C,0.0 deg.C,2Ah,Discharge
2026-05-20 16:30:31,49.6V,0.0A,0.0A,0.0A,23.2A,21.8 deg.C,0.0 deg.C,7Ah,Float
2026-05-20 16:20:31,49.5V,0.0A,0.0A,0.0A,20.7A,22.1 deg.C,0.0 deg.C,4Ah,Float
2026-05-20 16:10:31,49.2V,0.0A,0.0A,0.0A,20.2A,22.2 deg.C,0.0 deg.C,0Ah,Float
2026-05-20 16:00:31,48.6V,0.0A,0.0A,39.3A,-38.2A,22.2 deg.C,0.0 deg.C,1Ah,Discharge
2026-05-20 15:50:31,48.8V,0.0A,0.0A,37.3A,-37.8A,22.1 deg.C,0.0 deg.C,7Ah,Discharge
2026-05-20 15:40:31,49.0V,0.0A,0.0A,38.5A,-39.8A,22.1 deg.C,0.0 deg.C,13Ah,Discharge
2026-05-20 15:30:31,49.2V,0.0A,0.0A,37.7A,-38.4A,22.0 deg.C,0.0 deg.C,20Ah,Discharge
2026-05-20 15:20:31,49.4V,0.0A,0.0A,37.2A,-38.6A,21.9 deg.C,0.0 deg.C,26Ah,Discharge
2026-05-20 15:10:31,49.5V,0.0A,0.0A,36.9A,-37.5A,21.8 deg.C,0.0 deg.C,33Ah,Discharge
2026-05-20 15:00:31,49.7V,0.0A,0.0A,38.5A,-37.6A,21.7 deg.C,0.0 deg.C,39Ah,Discharge
2026-05-20 14:50:31,49.8V,0.0A,0.0A,38.6A,-37.9A,21.4 deg.C,0.0 deg.C,45Ah,Discharge
2026-05-20 14:40:31,49.9V,0.0A,0.0A,39.5A,-40.9A,21.2 deg.C,0.0 deg.C,52Ah,Discharge
2026-05-20 14:30:31,50.1V,0.0A,0.0A,38.6A,-39.0A,21.1 deg.C,0.0 deg.C,59Ah,Discharge
2026-05-20 14:20:31,50.3V,0.0A,0.0A,36.8A,-37.5A,21.2 deg.C,0.0 deg.C,65Ah,Discharge
2026-05-20 14:10:31,50.4V,0.0A,0.0A,38.4A,-39.4A,21.5 deg.C,0.0 deg.C,71Ah,Discharge
2026-05-20 14:00:31,50.5V,0.0A,0.0A,40.2A,-39.9A,21.7 deg.C,0.0 deg.C,78Ah,Discharge
2026-05-20 13:50:31,50.6V,0.0A,0.0A,39.1A,-38.8A,21.7 deg.C,0.0 deg.C,84Ah,Discharge
2026-05-20 13:40:31,50.8V,0.0A,0.0A,40.4A,-40.2A,21.7 deg.C,0.0 deg.C,91Ah,Discharge
2026-05-20 13:30:31,50.9V,0.0A,0.0A,39.8A,-40.3A,21.8 deg.C,0.0 deg.C,97Ah,Discharge
2026-05-20 13:20:31,51.1V,0.0A,0.0A,37.2A,-38.4A,21.9 deg.C,0.0 deg.C,104Ah,Discharge
2026-05-20 13:10:31,51.2V,0.0A,0.0A,37.3A,-37.4A,21.9 deg.C,0.0 deg.C,110Ah,Discharge
2026-05-20 13:00:31,51.4V,0.0A,0.0A,39.9A,-37.6A,21.9 deg.C,0.0 deg.C,116Ah,Discharge
2026-05-20 12:50:31,51.5V,0.0A,0.0A,38.9A,-38.6A,22.0 deg.C,0.0 deg.C,123Ah,Discharge
2026-05-20 12:40:31,51.7V,0.0A,0.0A,37.7A,-38.0A,22.1 deg.C,0.0 deg.C,129Ah,Discharge
2026-05-20 12:30:31,51.9V,0.0A,0.0A,38.0A,-37.8A,22.2 deg.C,0.0 deg.C,136Ah,Discharge
2026-05-20 12:20:31,52.0V,0.0A,0.0A,37.5A,-37.9A,22.2 deg.C,0.0 deg.C,142Ah,Discharge
2026-05-20 12:10:31,52.2V,0.0A,0.0A,36.1A,-36.3A,22.3 deg.C,0.0 deg.C,148Ah,Discharge
2026-05-20 12:00:31,52.3V,0.0A,0.0A,40.1A,-37.6A,22.2 deg.C,0.0 deg.C,154Ah,Discharge
2026-05-20 11:50:31,52.5V,0.0A,0.0A,36.8A,-35.5A,22.1 deg.C,0.0 deg.C,160Ah,Discharge
2026-05-20 11:40:31,52.6V,0.0A,0.0A,34.1A,-34.9A,22.0 deg.C,0.0 deg.C,166Ah,Discharge
2026-05-20 11:30:31,52.8V,0.0A,0.0A,33.9A,-33.7A,21.9 deg.C,0.0 deg.C,172Ah,Discharge
2026-05-20 11:20:31,52.9V,0.0A,0.0A,35.6A,-35.1A,21.9 deg.C,0.0 deg.C,178Ah,Discharge
2026-05-20 11:10:31,53.0V,0.0A,0.0A,35.3A,-35.7A,21.8 deg.C,0.0 deg.C,183Ah,Discharge
2026-05-20 11:00:31,53.2V,0.0A,0.0A,29.7A,-30.5A,21.7 deg.C,0.0 deg.C,189Ah,Discharge
2026-05-20 10:50:31,53.4V,0.0A,0.0A,34.0A,-35.6A,21.6 deg.C,0.0 deg.C,195Ah,Discharge
2026-05-20 10:40:31,54.1V,0.0A,0.0A,0.0A,18.8A,21.5 deg.C,0.0 deg.C,194Ah,Float
2026-05-20 10:30:31,54.1V,0.0A,0.0A,0.0A,21.6A,21.4 deg.C,0.0 deg.C,191Ah,Float
2026-05-20 10:20:31,54.0V,0.0A,0.0A,0.0A,22.2A,21.3 deg.C,0.0 deg.C,187Ah,Float
2026-05-20 10:10:31,53.9V,0.0A,0.0A,0.0A,19.4A,21.1 deg.C,0.0 deg.C,184Ah,Float
2026-05-20 10:00:31,53.9V,0.0A,0.0A,0.0A,21.8A,20.8 deg.C,0.0 deg.C,180Ah,Float
2026-05-20 09:50:31,53.8V,0.0A,0.0A,0.0A,23.1A,20.5 deg.C,0.0 deg.C,176Ah,Float
2026-05-20 09:40:31,53.7V,0.0A,0.0A,0.0A,22.8A,20.3 deg.C,0.0 deg.C,172Ah,Float
2026-05-20 09:30:31,53.6V,0.0A,0.0A,0.0A,22.8A,20.1 deg.C,0.0 deg.C,168Ah,Float
2026-05-20 09:20:31,53.5V,0.0A,0.0A,0.0A,22.7A,20.0 deg.C,0.0 deg.C,164Ah,Float
2026-05-20 09:10:31,53.4V,0.0A,0.0A,0.0A,23.6A,20.1 deg.C,0.0 deg.C,160Ah,Float
2026-05-20 09:00:31,53.4V,0.0A,0.0A,0.0A,26.2A,20.6 deg.C,0.0 deg.C,155Ah,Float
2026-05-20 08:50:31,53.2V,0.0A,0.0A,0.0A,23.8A,22.3 deg.C,0.0 deg.C,151Ah,Float
2026-05-20 08:40:31,53.2V,0.0A,0.0A,0.0A,28.0A,22.3 deg.C,0.0 deg.C,147Ah,Float
2026-05-20 08:30:31,53.0V,0.0A,0.0A,0.0A,24.8A,21.7 deg.C,0.0 deg.C,142Ah,Float
2026-05-20 08:20:31,53.0V,0.0A,0.0A,0.0A,29.2A,21.0 deg.C,0.0 deg.C,138Ah,Float
2026-05-20 08:10:31,52.8V,0.0A,0.0A,0.0A,29.2A,20.0 deg.C,0.0 deg.C,133Ah,Float
2026-05-20 08:00:31,52.7V,0.0A,0.0A,0.0A,24.6A,19.0 deg.C,0.0 deg.C,128Ah,Float
2026-05-20 07:50:31,52.6V,0.0A,0.0A,0.0A,28.9A,19.1 deg.C,0.0 deg.C,124Ah,Float
2026-05-20 07:40:31,52.5V,0.0A,0.0A,0.0A,28.9A,19.2 deg.C,0.0 deg.C,120Ah,Float
2026-05-20 07:30:31,52.4V,0.0A,0.0A,0.0A,27.4A,19.4 deg.C,0.0 deg.C,115Ah,Float
2026-05-20 07:20:31,52.2V,0.0A,0.0A,0.0A,19.7A,19.9 deg.C,0.0 deg.C,111Ah,Float
2026-05-20 07:10:31,52.2V,0.0A,0.0A,0.0A,25.8A,21.1 deg.C,0.0 deg.C,107Ah,Float
2026-05-20 07:00:31,52.1V,0.0A,0.0A,0.0A,28.2A,21.8 deg.C,0.0 deg.C,102Ah,Float
2026-05-20 06:50:31,52.0V,0.0A,0.0A,0.0A,23.9A,21.1 deg.C,0.0 deg.C,98Ah,Float
2026-05-20 06:40:31,51.9V,0.0A,0.0A,0.0A,26.7A,20.4 deg.C,0.0 deg.C,94Ah,Float
2026-05-20 06:30:31,51.8V,0.0A,0.0A,0.0A,28.7A,19.5 deg.C,0.0 deg.C,89Ah,Float
2026-05-20 06:20:31,51.8V,0.0A,0.0A,0.0A,28.1A,18.7 deg.C,0.0 deg.C,84Ah,Float
2026-05-20 06:10:31,51.6V,0.0A,0.0A,0.0A,24.9A,18.8 deg.C,0.0 deg.C,80Ah,Float
2026-05-20 06:00:31,51.6V,0.0A,0.0A,0.0A,27.8A,18.8 deg.C,0.0 deg.C,76Ah,Float
2026-05-20 05:50:31,51.5V,0.0A,0.0A,0.0A,28.3A,18.8 deg.C,0.0 deg.C,71Ah,Float
2026-05-20 05:40:31,51.4V,0.0A,0.0A,0.0A,24.1A,18.9 deg.C,0.0 deg.C,67Ah,Float
2026-05-20 05:30:31,51.3V,0.0A,0.0A,0.0A,27.3A,19.0 deg.C,0.0 deg.C,62Ah,Float
2026-05-20 05:20:31,51.2V,0.0A,0.0A,0.0A,27.9A,19.0 deg.C,0.0 deg.C,57Ah,Float
2026-05-20 05:10:31,51.1V,0.0A,0.0A,0.0A,24.4A,19.1 deg.C,0.0 deg.C,53Ah,Float
2026-05-20 05:00:31,51.0V,0.0A,0.0A,0.0A,28.5A,19.2 deg.C,0.0 deg.C,49Ah,Float
2026-05-20 04:50:31,50.9V,0.0A,0.0A,0.0A,28.4A,19.3 deg.C,0.0 deg.C,44Ah,Float
2026-05-20 04:40:31,50.7V,0.0A,0.0A,0.0A,24.2A,19.4 deg.C,0.0 deg.C,40Ah,Float
2026-05-20 04:30:31,50.6V,0.0A,0.0A,0.0A,28.5A,19.5 deg.C,0.0 deg.C,35Ah,Float
2026-05-20 04:20:31,50.5V,0.0A,0.0A,0.0A,28.5A,19.6 deg.C,0.0 deg.C,30Ah,Float
2026-05-20 04:10:31,50.3V,0.0A,0.0A,0.0A,24.8A,20.0 deg.C,0.0 deg.C,26Ah,Float
2026-05-20 04:00:31,50.2V,0.0A,0.0A,0.0A,27.9A,21.0 deg.C,0.0 deg.C,22Ah,Float
2026-05-20 03:50:31,50.0V,0.0A,0.0A,0.0A,30.3A,22.4 deg.C,0.0 deg.C,17Ah,Float
2026-05-20 03:40:31,49.8V,0.0A,0.0A,0.0A,25.8A,22.0 deg.C,0.0 deg.C,12Ah,Float
2026-05-20 03:30:31,49.7V,0.0A,0.0A,0.0A,29.3A,21.6 deg.C,0.0 deg.C,7Ah,Float
2026-05-20 03:20:31,49.4V,0.0A,0.0A,0.0A,28.9A,21.2 deg.C,0.0 deg.C,3Ah,Float
2026-05-20 03:10:31,48.5V,0.0A,0.0A,31.1A,-31.3A,21.1 deg.C,0.0 deg.C,0Ah,Discharge
2026-05-20 03:00:31,48.7V,0.0A,0.0A,35.9A,-36.6A,21.1 deg.C,0.0 deg.C,0Ah,Discharge
2026-05-20 02:50:31,48.9V,0.0A,0.0A,31.6A,-31.5A,21.0 deg.C,0.0 deg.C,3Ah,Discharge
2026-05-20 02:40:31,49.1V,0.0A,0.0A,31.2A,-31.3A,21.0 deg.C,0.0 deg.C,9Ah,Discharge
2026-05-20 02:30:31,49.2V,0.0A,0.0A,31.8A,-31.3A,21.0 deg.C,0.0 deg.C,14Ah,Discharge
2026-05-20 02:20:31,49.3V,0.0A,0.0A,34.7A,-36.4A,21.0 deg.C,0.0 deg.C,20Ah,Discharge
2026-05-20 02:10:31,49.5V,0.0A,0.0A,31.1A,-31.2A,20.9 deg.C,0.0 deg.C,25Ah,Discharge
2026-05-20 02:00:31,49.6V,0.0A,0.0A,31.0A,-31.7A,20.9 deg.C,0.0 deg.C,30Ah,Discharge
2026-05-20 01:50:31,49.7V,0.0A,0.0A,36.2A,-36.9A,20.9 deg.C,0.0 deg.C,36Ah,Discharge
2026-05-20 01:40:31,49.9V,0.0A,0.0A,31.8A,-31.7A,20.8 deg.C,0.0 deg.C,42Ah,Discharge
2026-05-20 01:30:31,50.0V,0.0A,0.0A,31.9A,-32.4A,20.8 deg.C,0.0 deg.C,47Ah,Discharge
2026-05-20 01:20:31,50.1V,0.0A,0.0A,32.7A,-33.4A,20.9 deg.C,0.0 deg.C,53Ah,Discharge
2026-05-20 01:10:31,50.3V,0.0A,0.0A,33.4A,-33.0A,20.9 deg.C,0.0 deg.C,59Ah,Discharge
2026-05-20 01:00:31,50.4V,0.0A,0.0A,33.1A,-34.2A,21.0 deg.C,0.0 deg.C,64Ah,Discharge
2026-05-20 00:50:31,50.5V,0.0A,0.0A,35.1A,-35.0A,21.0 deg.C,0.0 deg.C,70Ah,Discharge
2026-05-20 00:40:31,50.6V,0.0A,0.0A,37.5A,-39.6A,21.0 deg.C,0.0 deg.C,77Ah,Discharge
2026-05-20 00:30:31,50.8V,0.0A,0.0A,32.2A,-33.9A,21.1 deg.C,0.0 deg.C,83Ah,Discharge
2026-05-20 00:20:31,50.9V,0.0A,0.0A,32.7A,-34.9A,21.2 deg.C,0.0 deg.C,88Ah,Discharge
2026-05-20 00:10:31,51.0V,0.0A,0.0A,38.0A,-38.7A,21.2 deg.C,0.0 deg.C,94Ah,Discharge
2026-05-20 00:00:31,51.1V,0.0A,0.0A,32.5A,-35.3A,21.3 deg.C,0.0 deg.C,100Ah,Discharge
2026-05-19 23:50:31,51.3V,0.0A,0.0A,34.6A,-36.0A,21.3 deg.C,0.0 deg.C,107Ah,Discharge
2026-05-19 23:40:31,51.4V,0.0A,0.0A,38.9A,-43.6A,21.3 deg.C,0.0 deg.C,113Ah,Discharge
2026-05-19 23:30:31,51.6V,0.0A,0.0A,34.4A,-37.0A,21.3 deg.C,0.0 deg.C,120Ah,Discharge
2026-05-19 23:20:31,51.8V,0.0A,0.0A,36.4A,-37.1A,21.3 deg.C,0.0 deg.C,126Ah,Discharge
2026-05-19 23:10:31,51.9V,0.0A,0.0A,31.8A,-34.1A,21.3 deg.C,0.0 deg.C,132Ah,Discharge
2026-05-19 23:00:31,52.1V,0.0A,0.0A,32.7A,-33.9A,21.3 deg.C,0.0 deg.C,138Ah,Discharge
2026-05-19 22:50:31,52.2V,0.0A,0.0A,38.1A,-37.8A,21.2 deg.C,0.0 deg.C,144Ah,Discharge
2026-05-19 22:40:31,52.4V,0.0A,0.0A,34.2A,-34.1A,21.1 deg.C,0.0 deg.C,150Ah,Discharge
2026-05-19 22:30:31,52.5V,0.0A,0.0A,35.2A,-35.7A,20.9 deg.C,0.0 deg.C,156Ah,Discharge
2026-05-19 22:20:31,52.6V,0.0A,0.0A,38.6A,-37.8A,20.5 deg.C,0.0 deg.C,161Ah,Discharge
2026-05-19 22:10:31,53.0V,0.0A,0.0A,34.8A,-34.5A,20.0 deg.C,0.0 deg.C,168Ah,Discharge
2026-05-19 22:00:31,53.6V,0.0A,0.0A,0.0A,22.1A,20.0 deg.C,0.0 deg.C,165Ah,Float
2026-05-19 21:50:31,53.5V,0.0A,0.0A,0.0A,18.6A,20.1 deg.C,0.0 deg.C,161Ah,Float
2026-05-19 21:40:31,53.4V,0.0A,0.0A,0.0A,22.0A,20.1 deg.C,0.0 deg.C,158Ah,Float
2026-05-19 21:30:31,53.3V,0.0A,0.0A,0.0A,21.8A,20.1 deg.C,0.0 deg.C,155Ah,Float
2026-05-19 21:20:31,53.2V,0.0A,0.0A,0.0A,16.9A,20.1 deg.C,0.0 deg.C,151Ah,Float
2026-05-19 21:10:31,53.2V,0.0A,0.0A,0.0A,22.7A,20.1 deg.C,0.0 deg.C,148Ah,Float
2026-05-19 21:00:31,53.1V,0.0A,0.0A,0.0A,23.2A,20.1 deg.C,0.0 deg.C,144Ah,Float
2026-05-19 20:50:31,53.0V,0.0A,0.0A,0.0A,20.0A,20.1 deg.C,0.0 deg.C,141Ah,Float
2026-05-19 20:40:31,53.0V,0.0A,0.0A,0.0A,23.3A,20.1 deg.C,0.0 deg.C,137Ah,Float
2026-05-19 20:30:31,52.9V,0.0A,0.0A,0.0A,22.7A,20.1 deg.C,0.0 deg.C,133Ah,Float
2026-05-19 20:20:31,52.8V,0.0A,0.0A,0.0A,18.5A,20.2 deg.C,0.0 deg.C,130Ah,Float
2026-05-19 20:10:31,52.7V,0.0A,0.0A,0.0A,23.7A,20.3 deg.C,0.0 deg.C,126Ah,Float
2026-05-19 20:00:31,52.6V,0.0A,0.0A,0.0A,20.1A,20.3 deg.C,0.0 deg.C,123Ah,Float
2026-05-19 19:50:31,52.5V,0.0A,0.0A,0.0A,23.3A,20.3 deg.C,0.0 deg.C,119Ah,Float
2026-05-19 19:40:31,52.4V,0.0A,0.0A,0.0A,25.6A,20.4 deg.C,0.0 deg.C,115Ah,Float
2026-05-19 19:30:31,52.3V,0.0A,0.0A,0.0A,20.3A,20.4 deg.C,0.0 deg.C,112Ah,Float
2026-05-19 19:20:31,52.3V,0.0A,0.0A,0.0A,24.7A,20.4 deg.C,0.0 deg.C,108Ah,Float
2026-05-19 19:10:31,52.1V,0.0A,0.0A,0.0A,21.9A,20.3 deg.C,0.0 deg.C,103Ah,Float
2026-05-19 19:00:31,52.1V,0.0A,0.0A,0.0A,26.6A,20.2 deg.C,0.0 deg.C,99Ah,Float
2026-05-19 18:50:31,52.0V,0.0A,0.0A,0.0A,23.7A,20.1 deg.C,0.0 deg.C,95Ah,Float
2026-05-19 18:40:31,51.9V,0.0A,0.0A,0.0A,24.3A,20.1 deg.C,0.0 deg.C,91Ah,Float
2026-05-19 18:30:31,51.8V,0.0A,0.0A,0.0A,27.8A,20.0 deg.C,0.0 deg.C,86Ah,Float
2026-05-19 18:20:31,51.7V,0.0A,0.0A,0.0A,23.9A,20.0 deg.C,0.0 deg.C,82Ah,Float
2026-05-19 18:10:30,51.7V,0.0A,0.0A,0.0A,25.1A,20.0 deg.C,0.0 deg.C,78Ah,Float
2026-05-19 18:00:30,51.6V,0.0A,0.0A,0.0A,24.3A,19.9 deg.C,0.0 deg.C,74Ah,Float
2026-05-19 17:50:30,51.5V,0.0A,0.0A,0.0A,28.1A,19.9 deg.C,0.0 deg.C,69Ah,Float
2026-05-19 17:40:30,51.4V,0.0A,0.0A,0.0A,24.3A,19.9 deg.C,0.0 deg.C,65Ah,Float
2026-05-19 17:30:30,51.4V,0.0A,0.0A,0.0A,27.4A,20.0 deg.C,0.0 deg.C,61Ah,Float
2026-05-19 17:20:30,51.3V,0.0A,0.0A,0.0A,23.4A,20.0 deg.C,0.0 deg.C,57Ah,Float
2026-05-19 17:10:30,51.2V,0.0A,0.0A,0.0A,25.8A,20.1 deg.C,0.0 deg.C,53Ah,Float
2026-05-19 17:00:30,51.1V,0.0A,0.0A,0.0A,21.7A,20.2 deg.C,0.0 deg.C,51Ah,Float
2026-05-19 16:50:30,51.0V,0.0A,0.0A,0.0A,24.8A,20.3 deg.C,0.0 deg.C,47Ah,Float
2026-05-19 16:40:30,50.9V,0.0A,0.0A,0.0A,21.7A,20.3 deg.C,0.0 deg.C,44Ah,Float
2026-05-19 16:30:30,50.8V,0.0A,0.0A,0.0A,21.5A,20.5 deg.C,0.0 deg.C,40Ah,Float
2026-05-19 16:20:30,50.7V,0.0A,0.0A,0.0A,21.1A,20.7 deg.C,0.0 deg.C,36Ah,Float
2026-05-19 16:10:30,50.6V,0.0A,0.0A,0.0A,25.8A,21.1 deg.C,0.0 deg.C,32Ah,Float
2026-05-19 16:00:30,50.3V,0.0A,0.0A,0.0A,-6.3A,21.4 deg.C,0.0 deg.C,29Ah,Float
2026-05-19 15:50:30,50.5V,0.0A,0.0A,0.0A,18.7A,21.6 deg.C,0.0 deg.C,32Ah,Float
2026-05-19 15:40:30,50.4V,0.0A,0.0A,0.0A,20.3A,21.7 deg.C,0.0 deg.C,29Ah,Float
2026-05-19 15:30:30,50.3V,0.0A,0.0A,0.0A,19.3A,21.8 deg.C,0.0 deg.C,25Ah,Float
2026-05-19 15:20:30,50.2V,0.0A,0.0A,0.0A,18.5A,21.9 deg.C,0.0 deg.C,22Ah,Float
2026-05-19 15:10:30,50.1V,0.0A,0.0A,0.0A,18.4A,22.0 deg.C,0.0 deg.C,19Ah,Float
2026-05-19 15:00:30,50.0V,0.0A,0.0A,0.0A,20.3A,22.1 deg.C,0.0 deg.C,16Ah,Float
2026-05-19 14:50:30,49.8V,0.0A,0.0A,0.0A,18.6A,22.1 deg.C,0.0 deg.C,13Ah,Float
2026-05-19 14:40:30,49.7V,0.0A,0.0A,0.0A,18.6A,22.0 deg.C,0.0 deg.C,9Ah,Float
2026-05-19 14:30:30,49.6V,0.0A,0.0A,0.0A,18.4A,22.0 deg.C,0.0 deg.C,6Ah,Float
2026-05-19 14:20:30,49.5V,0.0A,0.0A,0.0A,18.2A,22.0 deg.C,0.0 deg.C,4Ah,Float
2026-05-19 14:10:30,49.3V,0.0A,0.0A,0.0A,16.8A,22.0 deg.C,0.0 deg.C,1Ah,Float
2026-05-19 14:00:30,48.6V,0.0A,0.0A,41.5A,-41.4A,22.1 deg.C,0.0 deg.C,0Ah,Discharge
2026-05-19 13:50:30,48.8V,0.0A,0.0A,39.5A,-40.9A,22.1 deg.C,0.0 deg.C,2Ah,Discharge
2026-05-19 13:40:30,49.0V,0.0A,0.0A,37.0A,-38.8A,22.0 deg.C,0.0 deg.C,8Ah,Discharge
2026-05-19 13:30:30,49.2V,0.0A,0.0A,38.5A,-39.0A,21.9 deg.C,0.0 deg.C,15Ah,Discharge
2026-05-19 13:20:30,49.4V,0.0A,0.0A,39.3A,-38.6A,21.8 deg.C,0.0 deg.C,22Ah,Discharge
2026-05-19 13:10:30,49.5V,0.0A,0.0A,37.4A,-37.4A,21.8 deg.C,0.0 deg.C,28Ah,Discharge
2026-05-19 13:00:30,49.7V,0.0A,0.0A,37.1A,-37.7A,21.7 deg.C,0.0 deg.C,34Ah,Discharge
2026-05-19 12:50:30,49.8V,0.0A,0.0A,36.1A,-37.6A,21.6 deg.C,0.0 deg.C,40Ah,Discharge
2026-05-19 12:40:30,49.9V,0.0A,0.0A,41.2A,-38.3A,21.5 deg.C,0.0 deg.C,46Ah,Discharge
2026-05-19 12:30:30,50.1V,0.0A,0.0A,36.1A,-37.2A,21.4 deg.C,0.0 deg.C,53Ah,Discharge
2026-05-19 12:20:30,50.2V,0.0A,0.0A,39.7A,-37.8A,21.4 deg.C,0.0 deg.C,59Ah,Discharge
2026-05-19 12:10:30,50.4V,0.0A,0.0A,39.2A,-37.5A,21.3 deg.C,0.0 deg.C,65Ah,Discharge
2026-05-19 12:00:30,50.5V,0.0A,0.0A,37.2A,-36.4A,21.3 deg.C,0.0 deg.C,71Ah,Discharge
2026-05-19 11:50:30,50.7V,0.0A,0.0A,31.9A,-32.4A,21.4 deg.C,0.0 deg.C,77Ah,Discharge
2026-05-19 11:40:30,50.8V,0.0A,0.0A,36.5A,-37.8A,22.0 deg.C,0.0 deg.C,83Ah,Discharge
2026-05-19 11:30:30,50.9V,0.0A,0.0A,38.2A,-36.8A,23.1 deg.C,0.0 deg.C,90Ah,Discharge
2026-05-19 11:20:30,51.0V,0.0A,0.0A,35.3A,-37.0A,23.6 deg.C,0.0 deg.C,96Ah,Discharge
2026-05-19 11:10:30,51.3V,0.0A,0.0A,29.3A,-29.2A,23.2 deg.C,0.0 deg.C,101Ah,Discharge
2026-05-19 11:00:30,51.3V,0.0A,0.0A,34.3A,-33.8A,22.8 deg.C,0.0 deg.C,107Ah,Discharge
2026-05-19 10:50:30,51.5V,0.0A,0.0A,32.9A,-34.4A,22.5 deg.C,0.0 deg.C,113Ah,Discharge
2026-05-19 10:40:30,51.6V,0.0A,0.0A,35.3A,-33.3A,22.3 deg.C,0.0 deg.C,118Ah,Discharge
2026-05-19 10:30:30,51.8V,0.0A,0.0A,30.2A,-29.0A,22.1 deg.C,0.0 deg.C,124Ah,Discharge
2026-05-19 10:20:30,51.9V,0.0A,0.0A,34.6A,-32.0A,21.9 deg.C,0.0 deg.C,129Ah,Discharge
2026-05-19 10:10:30,52.1V,0.0A,0.0A,28.7A,-28.5A,21.8 deg.C,0.0 deg.C,134Ah,Discharge
2026-05-19 10:00:30,52.1V,0.0A,0.0A,32.2A,-32.4A,21.7 deg.C,0.0 deg.C,139Ah,Discharge
2026-05-19 09:50:30,52.3V,0.0A,0.0A,28.2A,-27.1A,21.7 deg.C,0.0 deg.C,144Ah,Discharge
2026-05-19 09:40:30,52.4V,0.0A,0.0A,26.6A,-28.4A,21.7 deg.C,0.0 deg.C,149Ah,Discharge
2026-05-19 09:30:30,52.5V,0.0A,0.0A,30.4A,-29.9A,21.6 deg.C,0.0 deg.C,154Ah,Discharge
2026-05-19 09:20:30,52.6V,0.0A,0.0A,28.4A,-27.7A,21.6 deg.C,0.0 deg.C,159Ah,Discharge
2026-05-19 09:10:30,52.7V,0.0A,0.0A,31.8A,-30.7A,21.5 deg.C,0.0 deg.C,164Ah,Discharge
2026-05-19 09:00:30,52.9V,0.0A,0.0A,27.3A,-27.1A,21.5 deg.C,0.0 deg.C,168Ah,Discharge
2026-05-19 08:50:30,52.9V,0.0A,0.0A,32.7A,-31.6A,21.4 deg.C,0.0 deg.C,173Ah,Discharge
2026-05-19 08:40:30,53.1V,0.0A,0.0A,27.0A,-26.7A,21.3 deg.C,0.0 deg.C,178Ah,Discharge
2026-05-19 08:30:30,53.2V,0.0A,0.0A,27.9A,-27.3A,21.2 deg.C,0.0 deg.C,183Ah,Discharge
2026-05-19 08:20:30,53.2V,0.0A,0.0A,31.4A,-31.8A,21.0 deg.C,0.0 deg.C,188Ah,Discharge
2026-05-19 08:10:30,53.4V,0.0A,0.0A,25.6A,-27.1A,20.6 deg.C,0.0 deg.C,193Ah,Discharge
2026-05-19 08:00:30,53.6V,0.0A,0.0A,28.8A,-27.0A,20.1 deg.C,0.0 deg.C,197Ah,Discharge
2026-05-19 07:50:30,54.1V,0.0A,0.0A,28.9A,27.8A,19.6 deg.C,0.0 deg.C,202Ah,Float
2026-05-19 07:40:30,54.4V,0.0A,0.0A,0.0A,27.4A,19.7 deg.C,0.0 deg.C,198Ah,Float
2026-05-19 07:30:30,54.3V,0.0A,0.0A,0.0A,24.7A,19.7 deg.C,0.0 deg.C,193Ah,Float
2026-05-19 07:20:30,54.2V,0.0A,0.0A,0.0A,24.7A,19.8 deg.C,0.0 deg.C,189Ah,Float
2026-05-19 07:10:30,54.1V,0.0A,0.0A,0.0A,26.1A,20.0 deg.C,0.0 deg.C,185Ah,Float
2026-05-19 07:00:30,54.0V,0.0A,0.0A,0.0A,26.0A,20.7 deg.C,0.0 deg.C,181Ah,Float
2026-05-19 06:50:30,53.9V,0.0A,0.0A,0.0A,20.1A,22.5 deg.C,0.0 deg.C,177Ah,Float
2026-05-19 06:40:30,53.9V,0.0A,0.0A,0.0A,27.3A,22.6 deg.C,0.0 deg.C,173Ah,Float
2026-05-19 06:30:30,53.8V,0.0A,0.0A,0.0A,26.7A,22.1 deg.C,0.0 deg.C,168Ah,Float
2026-05-19 06:20:30,53.6V,0.0A,0.0A,0.0A,20.5A,21.5 deg.C,0.0 deg.C,164Ah,Float
2026-05-19 06:10:30,53.6V,0.0A,0.0A,0.0A,25.5A,20.7 deg.C,0.0 deg.C,160Ah,Float
2026-05-19 06:00:30,53.5V,0.0A,0.0A,0.0A,27.9A,19.8 deg.C,0.0 deg.C,155Ah,Float
2026-05-19 05:50:30,53.4V,0.0A,0.0A,0.0A,26.6A,19.3 deg.C,0.0 deg.C,152Ah,Float
2026-05-19 05:40:30,53.3V,0.0A,0.0A,0.0A,22.7A,19.3 deg.C,0.0 deg.C,148Ah,Float
2026-05-19 05:30:30,53.2V,0.0A,0.0A,0.0A,26.5A,19.4 deg.C,0.0 deg.C,144Ah,Float
2026-05-19 05:20:30,53.1V,0.0A,0.0A,0.0A,26.9A,19.6 deg.C,0.0 deg.C,140Ah,Float
2026-05-19 05:10:30,53.0V,0.0A,0.0A,0.0A,27.0A,19.7 deg.C,0.0 deg.C,135Ah,Float
2026-05-19 05:00:30,52.8V,0.0A,0.0A,0.0A,23.0A,20.2 deg.C,0.0 deg.C,131Ah,Float
2026-05-19 04:50:30,52.8V,0.0A,0.0A,0.0A,25.4A,21.3 deg.C,0.0 deg.C,127Ah,Float
2026-05-19 04:40:30,52.7V,0.0A,0.0A,0.0A,28.3A,22.1 deg.C,0.0 deg.C,123Ah,Float
2026-05-19 04:30:29,52.5V,0.0A,0.0A,0.0A,24.3A,21.6 deg.C,0.0 deg.C,118Ah,Float
2026-05-19 04:20:29,52.5V,0.0A,0.0A,0.0A,28.0A,20.9 deg.C,0.0 deg.C,114Ah,Float
2026-05-19 04:10:29,52.4V,0.0A,0.0A,0.0A,28.3A,20.1 deg.C,0.0 deg.C,109Ah,Float
2026-05-19 04:00:29,52.3V,0.0A,0.0A,0.0A,27.9A,19.1 deg.C,0.0 deg.C,104Ah,Float
2026-05-19 03:50:29,52.1V,0.0A,0.0A,0.0A,24.0A,19.1 deg.C,0.0 deg.C,100Ah,Float
2026-05-19 03:40:29,52.1V,0.0A,0.0A,0.0A,27.7A,19.1 deg.C,0.0 deg.C,96Ah,Float
2026-05-19 03:30:29,52.0V,0.0A,0.0A,0.0A,27.4A,19.1 deg.C,0.0 deg.C,91Ah,Float
2026-05-19 03:20:29,51.8V,0.0A,0.0A,0.0A,23.5A,19.1 deg.C,0.0 deg.C,87Ah,Float
2026-05-19 03:10:29,51.8V,0.0A,0.0A,0.0A,28.0A,19.2 deg.C,0.0 deg.C,83Ah,Float
2026-05-19 03:00:29,51.7V,0.0A,0.0A,0.0A,27.8A,19.2 deg.C,0.0 deg.C,78Ah,Float
2026-05-19 02:50:29,51.6V,0.0A,0.0A,0.0A,23.6A,19.2 deg.C,0.0 deg.C,74Ah,Float
2026-05-19 02:40:29,51.6V,0.0A,0.0A,0.0A,27.5A,19.3 deg.C,0.0 deg.C,70Ah,Float
2026-05-19 02:30:29,51.5V,0.0A,0.0A,0.0A,27.8A,19.3 deg.C,0.0 deg.C,65Ah,Float
2026-05-19 02:20:29,51.4V,0.0A,0.0A,0.0A,28.0A,19.4 deg.C,0.0 deg.C,60Ah,Float
2026-05-19 02:10:29,51.3V,0.0A,0.0A,0.0A,23.9A,19.5 deg.C,0.0 deg.C,56Ah,Float
2026-05-19 02:00:29,51.2V,0.0A,0.0A,0.0A,27.5A,19.6 deg.C,0.0 deg.C,51Ah,Float
2026-05-19 01:50:29,51.1V,0.0A,0.0A,0.0A,27.8A,19.7 deg.C,0.0 deg.C,47Ah,Float
2026-05-19 01:40:29,51.0V,0.0A,0.0A,0.0A,23.9A,19.8 deg.C,0.0 deg.C,43Ah,Float
2026-05-19 01:30:29,50.9V,0.0A,0.0A,0.0A,27.7A,19.8 deg.C,0.0 deg.C,38Ah,Float
2026-05-19 01:20:29,50.7V,0.0A,0.0A,0.0A,26.5A,19.9 deg.C,0.0 deg.C,34Ah,Float
2026-05-19 01:10:29,50.6V,0.0A,0.0A,0.0A,23.5A,19.9 deg.C,0.0 deg.C,30Ah,Float
2026-05-19 01:00:29,50.5V,0.0A,0.0A,0.0A,26.5A,20.0 deg.C,0.0 deg.C,26Ah,Float
2026-05-19 00:50:29,50.3V,0.0A,0.0A,0.0A,26.1A,20.1 deg.C,0.0 deg.C,21Ah,Float
2026-05-19 00:40:29,50.1V,0.0A,0.0A,0.0A,21.2A,20.3 deg.C,0.0 deg.C,17Ah,Float
2026-05-19 00:30:29,50.0V,0.0A,0.0A,0.0A,22.6A,20.5 deg.C,0.0 deg.C,14Ah,Float
2026-05-19 00:20:29,49.9V,0.0A,0.0A,0.0A,20.9A,20.9 deg.C,0.0 deg.C,10Ah,Float
2026-05-19 00:10:29,49.7V,0.0A,0.0A,0.0A,18.4A,21.8 deg.C,0.0 deg.C,7Ah,Float
2026-05-19 00:00:29,49.6V,0.0A,0.0A,0.0A,22.4A,23.0 deg.C,0.0 deg.C,4Ah,Float
2026-05-18 23:50:29,49.3V,0.0A,0.0A,0.0A,16.8A,22.6 deg.C,0.0 deg.C,0Ah,Float
2026-05-18 23:40:29,48.7V,0.0A,0.0A,40.5A,-38.9A,22.5 deg.C,0.0 deg.C,0Ah,Discharge
2026-05-18 23:30:29,48.9V,0.0A,0.0A,37.6A,-36.3A,22.4 deg.C,0.0 deg.C,6Ah,Discharge
2026-05-18 23:20:29,49.1V,0.0A,0.0A,40.8A,-41.9A,22.3 deg.C,0.0 deg.C,12Ah,Discharge
2026-05-18 23:10:29,49.3V,0.0A,0.0A,35.1A,-35.0A,22.3 deg.C,0.0 deg.C,19Ah,Discharge
2026-05-18 23:00:29,49.5V,0.0A,0.0A,33.0A,-35.8A,22.2 deg.C,0.0 deg.C,25Ah,Discharge
2026-05-18 22:50:29,49.5V,0.0A,0.0A,43.8A,-43.3A,22.1 deg.C,0.0 deg.C,31Ah,Discharge
2026-05-18 22:40:29,49.8V,0.0A,0.0A,34.3A,-34.8A,22.1 deg.C,0.0 deg.C,38Ah,Discharge
2026-05-18 22:30:29,49.9V,0.0A,0.0A,34.5A,-39.5A,22.0 deg.C,0.0 deg.C,44Ah,Discharge
2026-05-18 22:20:29,50.0V,0.0A,0.0A,45.4A,-42.1A,22.0 deg.C,0.0 deg.C,50Ah,Discharge
2026-05-18 22:10:29,50.2V,0.0A,0.0A,34.6A,-36.6A,22.0 deg.C,0.0 deg.C,56Ah,Discharge
2026-05-18 22:00:29,50.3V,0.0A,0.0A,40.1A,-40.2A,22.1 deg.C,0.0 deg.C,62Ah,Discharge
2026-05-18 21:50:29,50.5V,0.0A,0.0A,34.0A,-34.4A,22.1 deg.C,0.0 deg.C,69Ah,Discharge
2026-05-18 21:40:29,50.6V,0.0A,0.0A,36.5A,-35.1A,22.1 deg.C,0.0 deg.C,75Ah,Discharge
2026-05-18 21:30:29,50.7V,0.0A,0.0A,46.4A,-41.6A,22.1 deg.C,0.0 deg.C,81Ah,Discharge
2026-05-18 21:20:29,50.9V,0.0A,0.0A,31.5A,-33.3A,22.1 deg.C,0.0 deg.C,88Ah,Discharge
2026-05-18 21:10:29,51.0V,0.0A,0.0A,37.7A,-36.4A,22.1 deg.C,0.0 deg.C,94Ah,Discharge
2026-05-18 21:00:29,51.1V,0.0A,0.0A,42.4A,-39.5A,22.2 deg.C,0.0 deg.C,100Ah,Discharge
2026-05-18 20:50:29,51.3V,0.0A,0.0A,31.3A,-36.8A,22.2 deg.C,0.0 deg.C,106Ah,Discharge
2026-05-18 20:40:29,51.4V,0.0A,0.0A,41.1A,-38.5A,22.2 deg.C,0.0 deg.C,112Ah,Discharge
2026-05-18 20:30:29,51.6V,0.0A,0.0A,34.4A,-33.7A,22.2 deg.C,0.0 deg.C,119Ah,Discharge
2026-05-18 20:20:29,51.8V,0.0A,0.0A,35.8A,-33.4A,22.2 deg.C,0.0 deg.C,124Ah,Discharge
2026-05-18 20:10:29,51.9V,0.0A,0.0A,39.0A,-38.0A,22.2 deg.C,0.0 deg.C,130Ah,Discharge
2026-05-18 20:00:29,52.1V,0.0A,0.0A,31.0A,-32.6A,22.2 deg.C,0.0 deg.C,136Ah,Discharge
2026-05-18 19:50:29,52.1V,0.0A,0.0A,37.6A,-37.4A,22.1 deg.C,0.0 deg.C,142Ah,Discharge
2026-05-18 19:40:29,52.3V,0.0A,0.0A,36.6A,-35.8A,22.0 deg.C,0.0 deg.C,148Ah,Discharge
2026-05-18 19:30:29,52.5V,0.0A,0.0A,30.0A,-33.3A,21.8 deg.C,0.0 deg.C,153Ah,Discharge
2026-05-18 19:20:29,52.6V,0.0A,0.0A,34.5A,-34.6A,21.3 deg.C,0.0 deg.C,159Ah,Discharge
2026-05-18 19:10:29,52.9V,0.0A,0.0A,30.8A,-28.2A,20.5 deg.C,0.0 deg.C,163Ah,Discharge
2026-05-18 19:00:29,53.6V,0.0A,0.0A,0.0A,23.3A,20.4 deg.C,0.0 deg.C,163Ah,Float
2026-05-18 18:50:29,53.5V,0.0A,0.0A,0.0A,27.3A,20.4 deg.C,0.0 deg.C,159Ah,Float
2026-05-18 18:40:29,53.4V,0.0A,0.0A,0.0A,22.7A,20.3 deg.C,0.0 deg.C,155Ah,Float
2026-05-18 18:30:29,53.3V,0.0A,0.0A,0.0A,23.3A,20.4 deg.C,0.0 deg.C,151Ah,Float
2026-05-18 18:20:29,53.2V,0.0A,0.0A,0.0A,22.3A,20.4 deg.C,0.0 deg.C,146Ah,Float
2026-05-18 18:10:29,53.1V,0.0A,0.0A,0.0A,22.9A,20.4 deg.C,0.0 deg.C,143Ah,Float
2026-05-18 18:00:29,53.0V,0.0A,0.0A,0.0A,21.5A,20.3 deg.C,0.0 deg.C,138Ah,Float
2026-05-18 17:50:29,52.9V,0.0A,0.0A,0.0A,21.8A,20.3 deg.C,0.0 deg.C,135Ah,Float
2026-05-18 17:40:29,52.8V,0.0A,0.0A,0.0A,22.2A,20.4 deg.C,0.0 deg.C,131Ah,Float
2026-05-18 17:30:29,52.7V,0.0A,0.0A,0.0A,22.6A,20.4 deg.C,0.0 deg.C,127Ah,Float
2026-05-18 17:20:29,52.6V,0.0A,0.0A,0.0A,20.7A,20.5 deg.C,0.0 deg.C,123Ah,Float
2026-05-18 17:10:29,52.5V,0.0A,0.0A,0.0A,19.8A,20.6 deg.C,0.0 deg.C,120Ah,Float
2026-05-18 17:00:29,52.4V,0.0A,0.0A,0.0A,19.0A,20.7 deg.C,0.0 deg.C,116Ah,Float
2026-05-18 16:50:29,52.3V,0.0A,0.0A,0.0A,19.6A,20.9 deg.C,0.0 deg.C,113Ah,Float
2026-05-18 16:40:29,52.2V,0.0A,0.0A,0.0A,20.5A,21.0 deg.C,0.0 deg.C,109Ah,Float
2026-05-18 16:30:29,52.2V,0.0A,0.0A,0.0A,17.9A,21.1 deg.C,0.0 deg.C,106Ah,Float
2026-05-18 16:20:29,52.1V,0.0A,0.0A,0.0A,18.7A,21.2 deg.C,0.0 deg.C,103Ah,Float
2026-05-18 16:10:29,52.0V,0.0A,0.0A,0.0A,18.8A,21.5 deg.C,0.0 deg.C,99Ah,Float
2026-05-18 16:00:29,51.9V,0.0A,0.0A,0.0A,18.2A,21.6 deg.C,0.0 deg.C,96Ah,Float
2026-05-18 15:50:29,51.9V,0.0A,0.0A,0.0A,17.0A,21.6 deg.C,0.0 deg.C,93Ah,Float
2026-05-18 15:40:29,51.8V,0.0A,0.0A,0.0A,19.5A,21.5 deg.C,0.0 deg.C,90Ah,Float
2026-05-18 15:30:29,51.8V,0.0A,0.0A,0.0A,17.2A,21.4 deg.C,0.0 deg.C,87Ah,Float
2026-05-18 15:20:29,51.8V,0.0A,0.0A,0.0A,24.3A,21.5 deg.C,0.0 deg.C,84Ah,Float
2026-05-18 15:10:29,51.6V,0.0A,0.0A,0.0A,19.3A,21.7 deg.C,0.0 deg.C,80Ah,Float
2026-05-18 15:00:29,51.5V,0.0A,0.0A,0.0A,15.3A,21.8 deg.C,0.0 deg.C,77Ah,Float
2026-05-18 14:50:29,51.5V,0.0A,0.0A,0.0A,19.1A,21.9 deg.C,0.0 deg.C,74Ah,Float
2026-05-18 14:40:29,51.4V,0.0A,0.0A,0.0A,17.1A,22.0 deg.C,0.0 deg.C,71Ah,Float
2026-05-18 14:30:29,51.4V,0.0A,0.0A,0.0A,17.9A,22.0 deg.C,0.0 deg.C,68Ah,Float
2026-05-18 14:20:29,51.3V,0.0A,0.0A,0.0A,18.1A,21.8 deg.C,0.0 deg.C,65Ah,Float
2026-05-18 14:10:29,51.3V,0.0A,0.0A,0.0A,19.1A,21.5 deg.C,0.0 deg.C,62Ah,Float
2026-05-18 14:00:29,51.3V,0.0A,0.0A,0.0A,24.9A,21.4 deg.C,0.0 deg.C,58Ah,Float
2026-05-18 13:50:29,51.2V,0.0A,0.0A,0.0A,18.9A,21.8 deg.C,0.0 deg.C,55Ah,Float
2026-05-18 13:40:29,51.1V,0.0A,0.0A,0.0A,23.7A,22.2 deg.C,0.0 deg.C,52Ah,Float
2026-05-18 13:30:29,51.0V,0.0A,0.0A,0.0A,19.7A,22.5 deg.C,0.0 deg.C,48Ah,Float
2026-05-18 13:20:29,50.9V,0.0A,0.0A,0.0A,19.2A,22.7 deg.C,0.0 deg.C,45Ah,Float
2026-05-18 13:10:29,50.8V,0.0A,0.0A,0.0A,17.5A,22.6 deg.C,0.0 deg.C,42Ah,Float
2026-05-18 13:00:29,50.7V,0.0A,0.0A,0.0A,18.5A,22.7 deg.C,0.0 deg.C,39Ah,Float
2026-05-18 12:50:29,50.6V,0.0A,0.0A,0.0A,19.4A,22.7 deg.C,0.0 deg.C,36Ah,Float
2026-05-18 12:40:29,50.5V,0.0A,0.0A,0.0A,19.8A,22.6 deg.C,0.0 deg.C,33Ah,Float
2026-05-18 12:30:29,50.5V,0.0A,0.0A,0.0A,20.3A,22.4 deg.C,0.0 deg.C,29Ah,Float
2026-05-18 12:20:29,50.3V,0.0A,0.0A,0.0A,18.3A,22.3 deg.C,0.0 deg.C,26Ah,Float
2026-05-18 12:10:29,50.2V,0.0A,0.0A,0.0A,20.5A,22.2 deg.C,0.0 deg.C,23Ah,Float
2026-05-18 12:00:29,50.1V,0.0A,0.0A,0.0A,18.7A,22.1 deg.C,0.0 deg.C,20Ah,Float
2026-05-18 11:50:29,50.0V,0.0A,0.0A,0.0A,20.3A,22.0 deg.C,0.0 deg.C,16Ah,Float
2026-05-18 11:40:29,49.9V,0.0A,0.0A,0.0A,20.9A,22.0 deg.C,0.0 deg.C,13Ah,Float
2026-05-18 11:30:29,49.7V,0.0A,0.0A,0.0A,21.6A,22.0 deg.C,0.0 deg.C,9Ah,Float
2026-05-18 11:20:29,49.6V,0.0A,0.0A,0.0A,21.4A,21.9 deg.C,0.0 deg.C,6Ah,Float
2026-05-18 11:10:29,49.4V,0.0A,0.0A,0.0A,22.2A,21.9 deg.C,0.0 deg.C,2Ah,Float
2026-05-18 11:00:29,48.5V,0.0A,0.0A,37.0A,-38.3A,21.9 deg.C,0.0 deg.C,0Ah,Discharge
2026-05-18 10:50:29,48.7V,0.0A,0.0A,35.7A,-39.8A,21.8 deg.C,0.0 deg.C,0Ah,Discharge
2026-05-18 10:40:29,49.0V,0.0A,0.0A,36.0A,-36.8A,21.7 deg.C,0.0 deg.C,6Ah,Discharge
2026-05-18 10:30:29,49.1V,0.0A,0.0A,38.0A,-36.3A,21.6 deg.C,0.0 deg.C,12Ah,Discharge
2026-05-18 10:20:29,49.3V,0.0A,0.0A,36.3A,-36.2A,21.6 deg.C,0.0 deg.C,18Ah,Discharge
2026-05-18 10:10:29,49.5V,0.0A,0.0A,35.4A,-34.9A,21.8 deg.C,0.0 deg.C,24Ah,Discharge
2026-05-18 10:00:29,49.6V,0.0A,0.0A,36.2A,-34.7A,22.5 deg.C,0.0 deg.C,30Ah,Discharge
2026-05-18 09:50:29,49.7V,0.0A,0.0A,37.0A,-37.0A,23.9 deg.C,0.0 deg.C,36Ah,Discharge
2026-05-18 09:40:29,49.9V,0.0A,0.0A,33.3A,-33.6A,23.6 deg.C,0.0 deg.C,42Ah,Discharge
2026-05-18 09:30:29,50.0V,0.0A,0.0A,34.4A,-33.7A,23.0 deg.C,0.0 deg.C,47Ah,Discharge
2026-05-18 09:20:29,50.1V,0.0A,0.0A,32.4A,-32.8A,22.5 deg.C,0.0 deg.C,53Ah,Discharge
2026-05-18 09:10:29,50.3V,0.0A,0.0A,32.8A,-33.5A,22.0 deg.C,0.0 deg.C,58Ah,Discharge
2026-05-18 09:00:29,50.4V,0.0A,0.0A,32.8A,-35.6A,21.6 deg.C,0.0 deg.C,63Ah,Discharge
2026-05-18 08:50:29,50.5V,0.0A,0.0A,31.4A,-33.0A,21.1 deg.C,0.0 deg.C,69Ah,Discharge
2026-05-18 08:40:29,50.6V,0.0A,0.0A,34.0A,-32.6A,20.8 deg.C,0.0 deg.C,74Ah,Discharge
2026-05-18 08:30:29,50.8V,0.0A,0.0A,28.1A,-27.7A,20.6 deg.C,0.0 deg.C,80Ah,Discharge
2026-05-18 08:20:29,50.9V,0.0A,0.0A,27.2A,-28.7A,20.5 deg.C,0.0 deg.C,84Ah,Discharge
2026-05-18 08:10:29,51.0V,0.0A,0.0A,31.2A,-32.3A,20.5 deg.C,0.0 deg.C,90Ah,Discharge
2026-05-18 08:00:29,51.1V,0.0A,0.0A,31.5A,-30.7A,20.5 deg.C,0.0 deg.C,94Ah,Discharge
2026-05-18 07:50:29,51.2V,0.0A,0.0A,32.3A,-31.4A,20.5 deg.C,0.0 deg.C,99Ah,Discharge
2026-05-18 07:40:29,51.3V,0.0A,0.0A,27.0A,-27.5A,20.6 deg.C,0.0 deg.C,104Ah,Discharge
2026-05-18 07:30:29,51.4V,0.0A,0.0A,27.7A,-27.9A,20.7 deg.C,0.0 deg.C,109Ah,Discharge
2026-05-18 07:20:29,51.5V,0.0A,0.0A,34.0A,-33.9A,20.7 deg.C,0.0 deg.C,114Ah,Discharge
2026-05-18 07:10:29,51.7V,0.0A,0.0A,30.0A,-31.1A,20.7 deg.C,0.0 deg.C,119Ah,Discharge
2026-05-18 07:00:29,51.8V,0.0A,0.0A,29.9A,-30.8A,20.8 deg.C,0.0 deg.C,124Ah,Discharge
2026-05-18 06:50:29,51.9V,0.0A,0.0A,31.4A,-29.4A,20.9 deg.C,0.0 deg.C,130Ah,Discharge
2026-05-18 06:40:29,52.0V,0.0A,0.0A,33.0A,-33.2A,21.0 deg.C,0.0 deg.C,135Ah,Discharge
2026-05-18 06:30:29,52.2V,0.0A,0.0A,29.0A,-30.0A,21.2 deg.C,0.0 deg.C,140Ah,Discharge
2026-05-18 06:20:29,52.3V,0.0A,0.0A,28.9A,-29.2A,21.3 deg.C,0.0 deg.C,145Ah,Discharge
2026-05-18 06:10:29,52.4V,0.0A,0.0A,29.5A,-29.5A,21.4 deg.C,0.0 deg.C,150Ah,Discharge
2026-05-18 06:00:29,52.5V,0.0A,0.0A,29.6A,-30.1A,21.5 deg.C,0.0 deg.C,155Ah,Discharge
2026-05-18 05:50:29,52.6V,0.0A,0.0A,28.7A,-29.0A,21.6 deg.C,0.0 deg.C,160Ah,Discharge
2026-05-18 05:40:29,52.8V,0.0A,0.0A,29.0A,-30.0A,21.7 deg.C,0.0 deg.C,165Ah,Discharge
2026-05-18 05:30:29,52.8V,0.0A,0.0A,33.0A,-32.8A,21.7 deg.C,0.0 deg.C,170Ah,Discharge
2026-05-18 05:20:29,53.0V,0.0A,0.0A,29.6A,-28.7A,21.8 deg.C,0.0 deg.C,175Ah,Discharge
2026-05-18 05:10:29,53.1V,0.0A,0.0A,28.8A,-29.0A,21.8 deg.C,0.0 deg.C,180Ah,Discharge
2026-05-18 05:00:29,53.2V,0.0A,0.0A,32.0A,-32.4A,21.7 deg.C,0.0 deg.C,185Ah,Discharge
2026-05-18 04:50:29,54.2V,0.0A,0.0A,0.0A,27.5A,21.3 deg.C,0.0 deg.C,189Ah,Float
2026-05-18 04:40:29,54.1V,0.0A,0.0A,0.0A,27.5A,20.5 deg.C,0.0 deg.C,185Ah,Float
2026-05-18 04:30:29,54.0V,0.0A,0.0A,0.0A,23.9A,19.5 deg.C,0.0 deg.C,180Ah,Float
2026-05-18 04:20:29,53.9V,0.0A,0.0A,0.0A,26.7A,19.4 deg.C,0.0 deg.C,176Ah,Float
2026-05-18 04:10:28,53.8V,0.0A,0.0A,0.0A,26.7A,19.4 deg.C,0.0 deg.C,172Ah,Float
2026-05-18 04:00:28,53.7V,0.0A,0.0A,0.0A,23.2A,19.4 deg.C,0.0 deg.C,168Ah,Float
2026-05-18 03:50:28,53.6V,0.0A,0.0A,0.0A,26.9A,19.3 deg.C,0.0 deg.C,163Ah,Float
2026-05-18 03:40:28,53.5V,0.0A,0.0A,0.0A,27.1A,19.4 deg.C,0.0 deg.C,159Ah,Float
2026-05-18 03:30:28,53.4V,0.0A,0.0A,0.0A,25.1A,19.4 deg.C,0.0 deg.C,155Ah,Float
2026-05-18 03:20:28,53.3V,0.0A,0.0A,0.0A,27.2A,19.4 deg.C,0.0 deg.C,151Ah,Float
2026-05-18 03:10:28,53.2V,0.0A,0.0A,0.0A,27.1A,19.4 deg.C,0.0 deg.C,146Ah,Float
2026-05-18 03:00:28,53.1V,0.0A,0.0A,0.0A,23.1A,19.4 deg.C,0.0 deg.C,142Ah,Float
2026-05-18 02:50:28,53.0V,0.0A,0.0A,0.0A,26.9A,19.3 deg.C,0.0 deg.C,138Ah,Float
2026-05-18 02:40:28,52.9V,0.0A,0.0A,0.0A,26.7A,19.4 deg.C,0.0 deg.C,133Ah,Float
2026-05-18 02:30:28,52.8V,0.0A,0.0A,0.0A,23.0A,19.4 deg.C,0.0 deg.C,129Ah,Float
2026-05-18 02:20:28,52.7V,0.0A,0.0A,0.0A,27.1A,19.4 deg.C,0.0 deg.C,125Ah,Float
2026-05-18 02:10:28,52.6V,0.0A,0.0A,0.0A,26.5A,19.4 deg.C,0.0 deg.C,120Ah,Float
2026-05-18 02:00:28,52.5V,0.0A,0.0A,0.0A,24.0A,19.4 deg.C,0.0 deg.C,116Ah,Float
2026-05-18 01:50:28,52.4V,0.0A,0.0A,0.0A,25.9A,19.4 deg.C,0.0 deg.C,112Ah,Float
2026-05-18 01:40:28,52.3V,0.0A,0.0A,0.0A,27.1A,19.4 deg.C,0.0 deg.C,107Ah,Float
2026-05-18 01:30:28,52.2V,0.0A,0.0A,0.0A,26.9A,19.4 deg.C,0.0 deg.C,103Ah,Float
2026-05-18 01:20:28,52.0V,0.0A,0.0A,0.0A,21.1A,19.4 deg.C,0.0 deg.C,99Ah,Float
2026-05-18 01:10:28,52.0V,0.0A,0.0A,0.0A,25.1A,19.5 deg.C,0.0 deg.C,95Ah,Float
2026-05-18 01:00:28,51.9V,0.0A,0.0A,0.0A,26.5A,19.5 deg.C,0.0 deg.C,91Ah,Float
2026-05-18 00:50:28,51.8V,0.0A,0.0A,0.0A,21.2A,19.6 deg.C,0.0 deg.C,87Ah,Float
2026-05-18 00:40:28,51.8V,0.0A,0.0A,0.0A,24.6A,19.6 deg.C,0.0 deg.C,83Ah,Float
2026-05-18 00:30:28,51.7V,0.0A,0.0A,0.0A,24.7A,19.6 deg.C,0.0 deg.C,79Ah,Float
2026-05-18 00:20:28,51.6V,0.0A,0.0A,0.0A,19.2A,19.7 deg.C,0.0 deg.C,75Ah,Float
2026-05-18 00:10:28,51.5V,0.0A,0.0A,0.0A,24.7A,19.7 deg.C,0.0 deg.C,71Ah,Float
2026-05-18 00:00:28,51.4V,0.0A,0.0A,0.0A,17.5A,19.7 deg.C,0.0 deg.C,67Ah,Float
2026-05-17 23:50:28,51.4V,0.0A,0.0A,0.0A,23.4A,19.8 deg.C,0.0 deg.C,64Ah,Float
2026-05-17 23:40:28,51.3V,0.0A,0.0A,0.0A,21.2A,19.8 deg.C,0.0 deg.C,60Ah,Float
2026-05-17 23:30:28,51.2V,0.0A,0.0A,0.0A,19.5A,19.8 deg.C,0.0 deg.C,57Ah,Float
2026-05-17 23:20:28,51.2V,0.0A,0.0A,0.0A,24.5A,19.8 deg.C,0.0 deg.C,53Ah,Float
2026-05-17 23:10:28,51.1V,0.0A,0.0A,0.0A,22.7A,19.8 deg.C,0.0 deg.C,49Ah,Float
2026-05-17 23:00:28,50.9V,0.0A,0.0A,0.0A,17.4A,19.9 deg.C,0.0 deg.C,46Ah,Float
2026-05-17 22:50:28,50.9V,0.0A,0.0A,0.0A,21.8A,19.9 deg.C,0.0 deg.C,43Ah,Float
2026-05-17 22:40:28,50.8V,0.0A,0.0A,0.0A,24.2A,20.0 deg.C,0.0 deg.C,39Ah,Float
2026-05-17 22:30:28,50.6V,0.0A,0.0A,0.0A,18.7A,20.1 deg.C,0.0 deg.C,36Ah,Float
2026-05-17 22:20:28,50.6V,0.0A,0.0A,0.0A,20.1A,20.2 deg.C,0.0 deg.C,32Ah,Float
2026-05-17 22:10:28,50.4V,0.0A,0.0A,0.0A,19.6A,20.3 deg.C,0.0 deg.C,28Ah,Float
2026-05-17 22:00:28,50.4V,0.0A,0.0A,0.0A,23.2A,20.4 deg.C,0.0 deg.C,25Ah,Float
2026-05-17 21:50:28,50.3V,0.0A,0.0A,0.0A,23.7A,20.4 deg.C,0.0 deg.C,21Ah,Float
2026-05-17 21:40:28,50.1V,0.0A,0.0A,0.0A,17.3A,20.5 deg.C,0.0 deg.C,18Ah,Float
2026-05-17 21:30:28,50.0V,0.0A,0.0A,0.0A,23.5A,20.6 deg.C,0.0 deg.C,14Ah,Float
2026-05-17 21:20:28,49.8V,0.0A,0.0A,0.0A,20.0A,20.9 deg.C,0.0 deg.C,10Ah,Float
2026-05-17 21:10:28,49.7V,0.0A,0.0A,0.0A,20.8A,21.7 deg.C,0.0 deg.C,7Ah,Float
2026-05-17 21:00:28,49.5V,0.0A,0.0A,0.0A,24.7A,23.1 deg.C,0.0 deg.C,4Ah,Float
2026-05-17 20:50:28,49.2V,0.0A,0.0A,0.0A,18.7A,22.8 deg.C,0.0 deg.C,0Ah,Float
2026-05-17 20:40:28,48.7V,0.0A,0.0A,37.6A,-33.9A,22.8 deg.C,0.0 deg.C,1Ah,Discharge
2026-05-17 20:30:28,48.8V,0.0A,0.0A,43.5A,-44.9A,22.7 deg.C,0.0 deg.C,6Ah,Discharge
2026-05-17 20:20:28,49.1V,0.0A,0.0A,37.5A,-35.3A,22.7 deg.C,0.0 deg.C,13Ah,Discharge
2026-05-17 20:10:28,49.3V,0.0A,0.0A,34.0A,-34.4A,22.7 deg.C,0.0 deg.C,19Ah,Discharge
2026-05-17 20:00:28,49.4V,0.0A,0.0A,36.6A,-40.2A,22.6 deg.C,0.0 deg.C,25Ah,Discharge
2026-05-17 19:50:28,49.6V,0.0A,0.0A,32.2A,-32.8A,22.6 deg.C,0.0 deg.C,31Ah,Discharge
2026-05-17 19:40:28,49.7V,0.0A,0.0A,33.0A,-32.7A,22.6 deg.C,0.0 deg.C,37Ah,Discharge
2026-05-17 19:30:28,49.8V,0.0A,0.0A,35.7A,-37.7A,22.5 deg.C,0.0 deg.C,43Ah,Discharge
2026-05-17 19:20:28,50.0V,0.0A,0.0A,32.5A,-34.0A,22.5 deg.C,0.0 deg.C,49Ah,Discharge
2026-05-17 19:10:28,50.1V,0.0A,0.0A,35.4A,-33.4A,22.4 deg.C,0.0 deg.C,54Ah,Discharge
2026-05-17 19:00:28,50.3V,0.0A,0.0A,27.6A,-29.0A,22.3 deg.C,0.0 deg.C,59Ah,Discharge
2026-05-17 18:50:28,50.3V,0.0A,0.0A,33.3A,-33.7A,22.2 deg.C,0.0 deg.C,64Ah,Discharge
2026-05-17 18:40:28,50.5V,0.0A,0.0A,27.4A,-28.1A,21.9 deg.C,0.0 deg.C,70Ah,Discharge
2026-05-17 18:30:28,50.5V,0.0A,0.0A,34.8A,-34.0A,21.5 deg.C,0.0 deg.C,75Ah,Discharge
2026-05-17 18:20:28,50.8V,0.0A,0.0A,26.9A,-28.0A,21.0 deg.C,0.0 deg.C,80Ah,Discharge
2026-05-17 18:10:28,50.8V,0.0A,0.0A,34.1A,-33.6A,20.9 deg.C,0.0 deg.C,85Ah,Discharge
2026-05-17 18:00:28,50.9V,0.0A,0.0A,33.7A,-33.7A,21.1 deg.C,0.0 deg.C,91Ah,Discharge
2026-05-17 17:50:28,51.0V,0.0A,0.0A,33.6A,-34.9A,21.3 deg.C,0.0 deg.C,96Ah,Discharge
2026-05-17 17:40:28,51.1V,0.0A,0.0A,35.5A,-34.4A,21.4 deg.C,0.0 deg.C,102Ah,Discharge
2026-05-17 17:30:28,51.2V,0.0A,0.0A,34.7A,-34.7A,21.5 deg.C,0.0 deg.C,107Ah,Discharge
2026-05-17 17:20:28,51.4V,0.0A,0.0A,32.6A,-33.2A,21.5 deg.C,0.0 deg.C,113Ah,Discharge
2026-05-17 17:10:28,51.5V,0.0A,0.0A,36.7A,-34.5A,21.5 deg.C,0.0 deg.C,118Ah,Discharge
2026-05-17 17:00:28,51.7V,0.0A,0.0A,34.2A,-34.5A,21.4 deg.C,0.0 deg.C,124Ah,Discharge
2026-05-17 16:50:28,51.8V,0.0A,0.0A,35.0A,-32.0A,21.2 deg.C,0.0 deg.C,130Ah,Discharge
2026-05-17 16:40:28,51.9V,0.0A,0.0A,37.4A,-36.2A,21.1 deg.C,0.0 deg.C,136Ah,Discharge
2026-05-17 16:30:28,52.2V,0.0A,0.0A,31.2A,-30.3A,21.1 deg.C,0.0 deg.C,142Ah,Discharge
2026-05-17 16:20:28,52.2V,0.0A,0.0A,34.3A,-34.5A,21.2 deg.C,0.0 deg.C,147Ah,Discharge
2026-05-17 16:10:28,52.3V,0.0A,0.0A,34.3A,-36.3A,21.3 deg.C,0.0 deg.C,153Ah,Discharge
2026-05-17 16:00:28,52.5V,0.0A,0.0A,35.1A,-36.8A,21.5 deg.C,0.0 deg.C,159Ah,Discharge
2026-05-17 15:50:28,52.7V,0.0A,0.0A,34.4A,-34.9A,21.6 deg.C,0.0 deg.C,165Ah,Discharge
2026-05-17 15:40:28,52.8V,0.0A,0.0A,35.9A,-37.0A,21.8 deg.C,0.0 deg.C,171Ah,Discharge
2026-05-17 15:30:28,53.0V,0.0A,0.0A,36.3A,-36.7A,22.0 deg.C,0.0 deg.C,177Ah,Discharge
2026-05-17 15:20:28,53.9V,0.0A,0.0A,0.0A,20.0A,22.1 deg.C,0.0 deg.C,181Ah,Float
2026-05-17 15:10:28,53.8V,0.0A,0.0A,0.0A,19.0A,22.3 deg.C,0.0 deg.C,178Ah,Float
2026-05-17 15:00:28,53.8V,0.0A,0.0A,0.0A,20.6A,22.6 deg.C,0.0 deg.C,174Ah,Float
2026-05-17 14:50:28,53.6V,0.0A,0.0A,0.0A,18.8A,22.8 deg.C,0.0 deg.C,171Ah,Float
2026-05-17 14:40:28,53.6V,0.0A,0.0A,0.0A,17.8A,23.0 deg.C,0.0 deg.C,168Ah,Float
2026-05-17 14:30:28,53.5V,0.0A,0.0A,0.0A,18.1A,23.2 deg.C,0.0 deg.C,165Ah,Float
2026-05-17 14:20:28,53.4V,0.0A,0.0A,0.0A,18.5A,23.3 deg.C,0.0 deg.C,162Ah,Float
2026-05-17 14:10:28,53.4V,0.0A,0.0A,0.0A,19.4A,23.1 deg.C,0.0 deg.C,159Ah,Float
2026-05-17 14:00:28,53.3V,0.0A,0.0A,0.0A,19.2A,23.1 deg.C,0.0 deg.C,155Ah,Float
2026-05-17 13:50:28,53.2V,0.0A,0.0A,0.0A,20.5A,23.0 deg.C,0.0 deg.C,152Ah,Float
2026-05-17 13:40:28,53.1V,0.0A,0.0A,0.0A,19.6A,22.9 deg.C,0.0 deg.C,149Ah,Float
2026-05-17 13:30:28,53.1V,0.0A,0.0A,0.0A,19.3A,22.8 deg.C,0.0 deg.C,146Ah,Float
2026-05-17 13:20:28,53.0V,0.0A,0.0A,0.0A,19.6A,22.7 deg.C,0.0 deg.C,143Ah,Float
2026-05-17 13:10:28,52.9V,0.0A,0.0A,0.0A,20.1A,22.6 deg.C,0.0 deg.C,139Ah,Float
2026-05-17 13:00:28,52.8V,0.0A,0.0A,0.0A,21.0A,22.5 deg.C,0.0 deg.C,136Ah,Float
2026-05-17 12:50:28,52.8V,0.0A,0.0A,0.0A,20.5A,22.4 deg.C,0.0 deg.C,132Ah,Float
2026-05-17 12:40:28,52.7V,0.0A,0.0A,0.0A,21.2A,22.2 deg.C,0.0 deg.C,129Ah,Float
2026-05-17 12:30:28,52.5V,0.0A,0.0A,0.0A,15.8A,22.1 deg.C,0.0 deg.C,126Ah,Float
2026-05-17 12:20:28,52.5V,0.0A,0.0A,0.0A,19.4A,21.9 deg.C,0.0 deg.C,123Ah,Float
2026-05-17 12:10:28,52.4V,0.0A,0.0A,0.0A,20.6A,21.7 deg.C,0.0 deg.C,120Ah,Float
2026-05-17 12:00:28,52.3V,0.0A,0.0A,0.0A,18.3A,21.5 deg.C,0.0 deg.C,116Ah,Float
2026-05-17 11:50:28,52.3V,0.0A,0.0A,0.0A,19.4A,21.3 deg.C,0.0 deg.C,113Ah,Float
2026-05-17 11:40:28,52.2V,0.0A,0.0A,0.0A,19.1A,21.1 deg.C,0.0 deg.C,110Ah,Float
2026-05-17 11:30:28,52.1V,0.0A,0.0A,0.0A,18.9A,21.0 deg.C,0.0 deg.C,107Ah,Float
2026-05-17 11:20:28,52.0V,0.0A,0.0A,0.0A,20.5A,21.0 deg.C,0.0 deg.C,103Ah,Float
2026-05-17 11:10:28,52.0V,0.0A,0.0A,0.0A,26.5A,21.0 deg.C,0.0 deg.C,99Ah,Float
2026-05-17 11:00:28,51.9V,0.0A,0.0A,0.0A,21.9A,21.0 deg.C,0.0 deg.C,96Ah,Float
2026-05-17 10:50:28,51.8V,0.0A,0.0A,0.0A,23.1A,21.0 deg.C,0.0 deg.C,92Ah,Float
2026-05-17 10:40:28,51.8V,0.0A,0.0A,0.0A,23.2A,21.0 deg.C,0.0 deg.C,88Ah,Float
2026-05-17 10:30:28,51.7V,0.0A,0.0A,0.0A,21.9A,21.0 deg.C,0.0 deg.C,85Ah,Float
2026-05-17 10:20:28,51.6V,0.0A,0.0A,0.0A,24.3A,21.0 deg.C,0.0 deg.C,81Ah,Float
2026-05-17 10:10:28,51.5V,0.0A,0.0A,0.0A,22.7A,21.0 deg.C,0.0 deg.C,77Ah,Float
2026-05-17 10:00:28,51.5V,0.0A,0.0A,0.0A,23.5A,20.9 deg.C,0.0 deg.C,73Ah,Float
2026-05-17 09:50:28,51.4V,0.0A,0.0A,0.0A,24.3A,20.8 deg.C,0.0 deg.C,69Ah,Float
2026-05-17 09:40:28,51.4V,0.0A,0.0A,0.0A,29.7A,20.6 deg.C,0.0 deg.C,65Ah,Float
2026-05-17 09:30:28,51.3V,0.0A,0.0A,0.0A,24.5A,20.5 deg.C,0.0 deg.C,61Ah,Float
2026-05-17 09:20:28,51.2V,0.0A,0.0A,0.0A,28.9A,20.3 deg.C,0.0 deg.C,56Ah,Float
2026-05-17 09:10:28,51.1V,0.0A,0.0A,0.0A,25.7A,20.2 deg.C,0.0 deg.C,52Ah,Float
2026-05-17 09:00:28,51.0V,0.0A,0.0A,0.0A,29.4A,20.1 deg.C,0.0 deg.C,48Ah,Float
2026-05-17 08:50:28,50.9V,0.0A,0.0A,0.0A,25.9A,20.1 deg.C,0.0 deg.C,44Ah,Float
2026-05-17 08:40:28,50.7V,0.0A,0.0A,0.0A,25.3A,20.5 deg.C,0.0 deg.C,39Ah,Float
2026-05-17 08:30:28,50.6V,0.0A,0.0A,0.0A,28.6A,21.9 deg.C,0.0 deg.C,35Ah,Float
2026-05-17 08:20:28,50.5V,0.0A,0.0A,0.0A,26.8A,22.0 deg.C,0.0 deg.C,30Ah,Float
2026-05-17 08:10:28,50.4V,0.0A,0.0A,0.0A,29.7A,21.6 deg.C,0.0 deg.C,25Ah,Float
2026-05-17 08:00:28,50.2V,0.0A,0.0A,0.0A,27.7A,21.3 deg.C,0.0 deg.C,21Ah,Float
2026-05-17 07:50:28,50.0V,0.0A,0.0A,0.0A,32.4A,21.0 deg.C,0.0 deg.C,16Ah,Float
2026-05-17 07:40:28,49.8V,0.0A,0.0A,0.0A,31.7A,20.6 deg.C,0.0 deg.C,10Ah,Float
2026-05-17 07:30:28,49.6V,0.0A,0.0A,0.0A,32.3A,20.2 deg.C,0.0 deg.C,5Ah,Float
2026-05-17 07:20:28,49.2V,0.0A,0.0A,0.0A,29.1A,19.9 deg.C,0.0 deg.C,0Ah,Float
2026-05-17 07:10:28,48.6V,0.0A,0.0A,35.5A,-36.2A,19.9 deg.C,0.0 deg.C,0Ah,Discharge
2026-05-17 07:00:28,48.8V,0.0A,0.0A,31.4A,-31.6A,19.9 deg.C,0.0 deg.C,1Ah,Discharge
2026-05-17 06:50:28,49.0V,0.0A,0.0A,30.6A,-31.0A,19.9 deg.C,0.0 deg.C,6Ah,Discharge
2026-05-17 06:40:28,49.2V,0.0A,0.0A,31.3A,-30.9A,19.9 deg.C,0.0 deg.C,11Ah,Discharge
2026-05-17 06:30:28,49.3V,0.0A,0.0A,31.0A,-30.9A,19.9 deg.C,0.0 deg.C,17Ah,Discharge
2026-05-17 06:20:28,49.4V,0.0A,0.0A,30.7A,-31.4A,20.0 deg.C,0.0 deg.C,22Ah,Discharge
2026-05-17 06:10:28,49.5V,0.0A,0.0A,34.7A,-34.5A,19.9 deg.C,0.0 deg.C,28Ah,Discharge
2026-05-17 06:00:28,49.7V,0.0A,0.0A,30.7A,-30.4A,19.9 deg.C,0.0 deg.C,33Ah,Discharge
2026-05-17 05:50:28,49.8V,0.0A,0.0A,30.5A,-30.4A,19.9 deg.C,0.0 deg.C,38Ah,Discharge
2026-05-17 05:40:28,49.9V,0.0A,0.0A,30.4A,-31.1A,19.9 deg.C,0.0 deg.C,43Ah,Discharge
2026-05-17 05:30:28,50.0V,0.0A,0.0A,34.0A,-35.3A,20.0 deg.C,0.0 deg.C,48Ah,Discharge
2026-05-17 05:20:28,50.2V,0.0A,0.0A,30.2A,-30.5A,20.0 deg.C,0.0 deg.C,54Ah,Discharge
2026-05-17 05:10:28,50.3V,0.0A,0.0A,33.2A,-30.6A,20.1 deg.C,0.0 deg.C,59Ah,Discharge
2026-05-17 05:00:28,50.4V,0.0A,0.0A,29.8A,-31.0A,20.1 deg.C,0.0 deg.C,64Ah,Discharge
2026-05-17 04:50:28,50.5V,0.0A,0.0A,30.2A,-29.9A,20.3 deg.C,0.0 deg.C,69Ah,Discharge
2026-05-17 04:40:28,50.6V,0.0A,0.0A,32.6A,-34.5A,20.3 deg.C,0.0 deg.C,75Ah,Discharge
2026-05-17 04:30:28,50.8V,0.0A,0.0A,31.3A,-30.3A,20.4 deg.C,0.0 deg.C,80Ah,Discharge
2026-05-17 04:20:28,50.9V,0.0A,0.0A,29.1A,-30.0A,20.6 deg.C,0.0 deg.C,85Ah,Discharge
2026-05-17 04:10:28,51.0V,0.0A,0.0A,29.5A,-29.9A,20.6 deg.C,0.0 deg.C,90Ah,Discharge
2026-05-17 04:00:28,51.0V,0.0A,0.0A,34.1A,-33.5A,20.7 deg.C,0.0 deg.C,95Ah,Discharge
2026-05-17 03:50:28,51.2V,0.0A,0.0A,29.5A,-30.1A,20.8 deg.C,0.0 deg.C,100Ah,Discharge
2026-05-17 03:40:28,51.3V,0.0A,0.0A,29.4A,-30.0A,20.9 deg.C,0.0 deg.C,106Ah,Discharge
2026-05-17 03:30:28,51.4V,0.0A,0.0A,34.1A,-34.7A,20.9 deg.C,0.0 deg.C,111Ah,Discharge
2026-05-17 03:20:28,51.6V,0.0A,0.0A,30.9A,-30.5A,20.9 deg.C,0.0 deg.C,116Ah,Discharge
2026-05-17 03:10:28,51.7V,0.0A,0.0A,29.6A,-29.8A,20.9 deg.C,0.0 deg.C,121Ah,Discharge
2026-05-17 03:00:28,51.8V,0.0A,0.0A,34.2A,-33.9A,21.0 deg.C,0.0 deg.C,127Ah,Discharge
2026-05-17 02:50:28,52.0V,0.0A,0.0A,30.0A,-29.6A,21.0 deg.C,0.0 deg.C,132Ah,Discharge
2026-05-17 02:40:28,52.1V,0.0A,0.0A,29.8A,-29.8A,21.0 deg.C,0.0 deg.C,137Ah,Discharge
2026-05-17 02:30:28,52.2V,0.0A,0.0A,33.8A,-33.9A,21.0 deg.C,0.0 deg.C,142Ah,Discharge
2026-05-17 02:20:28,52.3V,0.0A,0.0A,29.8A,-30.0A,21.0 deg.C,0.0 deg.C,147Ah,Discharge
2026-05-17 02:10:28,52.4V,0.0A,0.0A,30.4A,-29.6A,20.9 deg.C,0.0 deg.C,152Ah,Discharge
2026-05-17 02:00:28,52.5V,0.0A,0.0A,32.7A,-33.3A,20.8 deg.C,0.0 deg.C,158Ah,Discharge
2026-05-17 01:50:28,52.7V,0.0A,0.0A,28.8A,-29.3A,20.6 deg.C,0.0 deg.C,163Ah,Discharge
2026-05-17 01:40:28,52.8V,0.0A,0.0A,29.7A,-29.6A,20.2 deg.C,0.0 deg.C,168Ah,Discharge
2026-05-17 01:30:28,53.0V,0.0A,0.0A,35.3A,-34.9A,19.7 deg.C,0.0 deg.C,173Ah,Discharge
2026-05-17 01:20:28,53.8V,0.0A,0.0A,0.0A,25.5A,19.7 deg.C,0.0 deg.C,173Ah,Float
2026-05-17 01:10:28,53.7V,0.0A,0.0A,0.0A,24.9A,19.7 deg.C,0.0 deg.C,169Ah,Float
2026-05-17 01:00:28,53.6V,0.0A,0.0A,0.0A,19.7A,19.7 deg.C,0.0 deg.C,165Ah,Float
2026-05-17 00:50:28,53.5V,0.0A,0.0A,0.0A,23.9A,19.8 deg.C,0.0 deg.C,162Ah,Float
2026-05-17 00:40:28,53.4V,0.0A,0.0A,0.0A,24.1A,19.8 deg.C,0.0 deg.C,158Ah,Float
2026-05-17 00:30:28,53.3V,0.0A,0.0A,0.0A,17.2A,19.8 deg.C,0.0 deg.C,154Ah,Float
2026-05-17 00:20:28,53.3V,0.0A,0.0A,0.0A,23.9A,19.9 deg.C,0.0 deg.C,151Ah,Float
2026-05-17 00:10:28,53.2V,0.0A,0.0A,0.0A,23.0A,20.0 deg.C,0.0 deg.C,147Ah,Float
2026-05-17 00:00:28,53.1V,0.0A,0.0A,0.0A,18.3A,20.0 deg.C,0.0 deg.C,143Ah,Float
2026-05-16 23:50:28,53.0V,0.0A,0.0A,0.0A,23.1A,20.0 deg.C,0.0 deg.C,140Ah,Float
2026-05-16 23:40:28,52.9V,0.0A,0.0A,0.0A,20.2A,20.1 deg.C,0.0 deg.C,136Ah,Float
2026-05-16 23:30:28,52.8V,0.0A,0.0A,0.0A,17.1A,20.1 deg.C,0.0 deg.C,133Ah,Float
2026-05-16 23:20:28,52.7V,0.0A,0.0A,0.0A,19.4A,20.1 deg.C,0.0 deg.C,130Ah,Float
2026-05-16 23:10:28,52.7V,0.0A,0.0A,0.0A,21.4A,20.1 deg.C,0.0 deg.C,126Ah,Float
2026-05-16 23:00:28,52.6V,0.0A,0.0A,0.0A,18.0A,20.1 deg.C,0.0 deg.C,123Ah,Float
2026-05-16 22:50:28,52.5V,0.0A,0.0A,0.0A,18.8A,20.1 deg.C,0.0 deg.C,120Ah,Float
2026-05-16 22:40:28,52.4V,0.0A,0.0A,0.0A,20.4A,20.1 deg.C,0.0 deg.C,116Ah,Float
2026-05-16 22:30:28,52.3V,0.0A,0.0A,0.0A,17.6A,20.1 deg.C,0.0 deg.C,114Ah,Float
2026-05-16 22:20:28,52.3V,0.0A,0.0A,0.0A,22.1A,20.2 deg.C,0.0 deg.C,110Ah,Float
2026-05-16 22:10:28,52.1V,0.0A,0.0A,0.0A,17.9A,20.2 deg.C,0.0 deg.C,107Ah,Float
2026-05-16 22:00:28,52.1V,0.0A,0.0A,0.0A,21.1A,20.3 deg.C,0.0 deg.C,104Ah,Float
2026-05-16 21:50:28,52.0V,0.0A,0.0A,0.0A,20.7A,20.3 deg.C,0.0 deg.C,100Ah,Float
2026-05-16 21:40:28,51.9V,0.0A,0.0A,0.0A,18.1A,20.3 deg.C,0.0 deg.C,97Ah,Float
2026-05-16 21:30:28,51.9V,0.0A,0.0A,0.0A,20.8A,20.3 deg.C,0.0 deg.C,94Ah,Float
2026-05-16 21:20:28,51.8V,0.0A,0.0A,0.0A,16.0A,20.3 deg.C,0.0 deg.C,90Ah,Float
2026-05-16 21:10:28,51.8V,0.0A,0.0A,0.0A,23.6A,20.3 deg.C,0.0 deg.C,87Ah,Float
2026-05-16 21:00:28,51.7V,0.0A,0.0A,0.0A,20.7A,20.3 deg.C,0.0 deg.C,83Ah,Float
2026-05-16 20:50:28,51.6V,0.0A,0.0A,0.0A,13.4A,20.3 deg.C,0.0 deg.C,80Ah,Float
2026-05-16 20:40:28,51.6V,0.0A,0.0A,0.0A,21.8A,20.3 deg.C,0.0 deg.C,77Ah,Float
2026-05-16 20:30:28,51.5V,0.0A,0.0A,0.0A,19.0A,20.3 deg.C,0.0 deg.C,74Ah,Float
2026-05-16 20:20:28,51.5V,0.0A,0.0A,0.0A,22.7A,20.3 deg.C,0.0 deg.C,70Ah,Float
2026-05-16 20:10:28,51.4V,0.0A,0.0A,0.0A,19.2A,20.3 deg.C,0.0 deg.C,66Ah,Float
2026-05-16 20:00:28,51.3V,0.0A,0.0A,0.0A,19.9A,20.3 deg.C,0.0 deg.C,63Ah,Float
2026-05-16 19:50:28,51.3V,0.0A,0.0A,0.0A,22.3A,20.4 deg.C,0.0 deg.C,59Ah,Float
2026-05-16 19:40:27,51.1V,0.0A,0.0A,0.0A,17.8A,20.4 deg.C,0.0 deg.C,56Ah,Float
2026-05-16 19:30:27,51.1V,0.0A,0.0A,0.0A,24.9A,20.5 deg.C,0.0 deg.C,52Ah,Float
2026-05-16 19:20:27,51.0V,0.0A,0.0A,0.0A,24.3A,20.5 deg.C,0.0 deg.C,48Ah,Float
2026-05-16 19:10:27,51.0V,0.0A,0.0A,0.0A,28.1A,20.6 deg.C,0.0 deg.C,44Ah,Float
2026-05-16 19:00:27,50.8V,0.0A,0.0A,0.0A,21.9A,20.7 deg.C,0.0 deg.C,40Ah,Float
2026-05-16 18:50:27,50.7V,0.0A,0.0A,0.0A,28.1A,20.9 deg.C,0.0 deg.C,36Ah,Float
2026-05-16 18:40:27,50.6V,0.0A,0.0A,0.0A,24.8A,21.1 deg.C,0.0 deg.C,32Ah,Float
2026-05-16 18:30:27,50.4V,0.0A,0.0A,0.0A,20.0A,21.2 deg.C,0.0 deg.C,28Ah,Float
2026-05-16 18:20:27,50.3V,0.0A,0.0A,0.0A,24.5A,21.3 deg.C,0.0 deg.C,23Ah,Float
2026-05-16 18:10:27,50.2V,0.0A,0.0A,0.0A,25.1A,21.5 deg.C,0.0 deg.C,19Ah,Float
2026-05-16 18:00:27,50.0V,0.0A,0.0A,0.0A,23.2A,21.6 deg.C,0.0 deg.C,15Ah,Float
2026-05-16 17:50:27,49.8V,0.0A,0.0A,0.0A,23.8A,21.7 deg.C,0.0 deg.C,11Ah,Float
2026-05-16 17:40:27,49.6V,0.0A,0.0A,0.0A,20.9A,21.8 deg.C,0.0 deg.C,7Ah,Float
2026-05-16 17:30:27,49.4V,0.0A,0.0A,0.0A,22.9A,22.0 deg.C,0.0 deg.C,3Ah,Float
2026-05-16 17:20:27,48.5V,0.0A,0.0A,37.9A,-37.6A,22.1 deg.C,0.0 deg.C,0Ah,Discharge
2026-05-16 17:10:27,48.8V,0.0A,0.0A,35.0A,-36.9A,22.1 deg.C,0.0 deg.C,3Ah,Discharge
2026-05-16 17:00:27,49.0V,0.0A,0.0A,31.5A,-32.2A,22.0 deg.C,0.0 deg.C,9Ah,Discharge
2026-05-16 16:50:27,49.1V,0.0A,0.0A,36.0A,-37.4A,21.9 deg.C,0.0 deg.C,15Ah,Discharge
2026-05-16 16:40:27,49.2V,0.0A,0.0A,40.8A,-37.9A,21.7 deg.C,0.0 deg.C,21Ah,Discharge
2026-05-16 16:30:27,49.4V,0.0A,0.0A,35.5A,-35.7A,21.6 deg.C,0.0 deg.C,27Ah,Discharge
2026-05-16 16:20:27,49.5V,0.0A,0.0A,34.4A,-36.2A,21.6 deg.C,0.0 deg.C,33Ah,Discharge
2026-05-16 16:10:27,49.7V,0.0A,0.0A,37.9A,-39.3A,21.5 deg.C,0.0 deg.C,39Ah,Discharge
2026-05-16 16:00:27,49.8V,0.0A,0.0A,40.5A,-37.4A,21.4 deg.C,0.0 deg.C,46Ah,Discharge
2026-05-16 15:50:27,50.0V,0.0A,0.0A,37.6A,-37.9A,21.2 deg.C,0.0 deg.C,52Ah,Discharge
2026-05-16 15:40:27,50.1V,0.0A,0.0A,36.7A,-37.1A,21.2 deg.C,0.0 deg.C,58Ah,Discharge
2026-05-16 15:30:27,50.2V,0.0A,0.0A,36.1A,-37.0A,21.1 deg.C,0.0 deg.C,64Ah,Discharge
2026-05-16 15:20:27,50.4V,0.0A,0.0A,39.7A,-37.1A,21.0 deg.C,0.0 deg.C,71Ah,Discharge
2026-05-16 15:10:27,50.5V,0.0A,0.0A,37.6A,-38.6A,20.9 deg.C,0.0 deg.C,77Ah,Discharge
2026-05-16 15:00:27,50.6V,0.0A,0.0A,38.5A,-39.7A,20.9 deg.C,0.0 deg.C,83Ah,Discharge
2026-05-16 14:50:27,50.8V,0.0A,0.0A,37.1A,-38.1A,20.9 deg.C,0.0 deg.C,89Ah,Discharge
2026-05-16 14:40:27,50.9V,0.0A,0.0A,40.2A,-40.5A,21.0 deg.C,0.0 deg.C,96Ah,Discharge
2026-05-16 14:30:27,51.0V,0.0A,0.0A,37.9A,-38.6A,21.2 deg.C,0.0 deg.C,102Ah,Discharge
2026-05-16 14:20:27,51.2V,0.0A,0.0A,38.3A,-39.3A,21.2 deg.C,0.0 deg.C,109Ah,Discharge
2026-05-16 14:10:27,51.3V,0.0A,0.0A,39.6A,-38.8A,21.3 deg.C,0.0 deg.C,115Ah,Discharge
2026-05-16 14:00:27,51.5V,0.0A,0.0A,38.5A,-38.1A,21.3 deg.C,0.0 deg.C,121Ah,Discharge
2026-05-16 13:50:27,51.7V,0.0A,0.0A,37.2A,-37.1A,21.4 deg.C,0.0 deg.C,128Ah,Discharge
2026-05-16 13:40:27,51.8V,0.0A,0.0A,38.6A,-38.9A,21.4 deg.C,0.0 deg.C,134Ah,Discharge
2026-05-16 13:30:27,52.0V,0.0A,0.0A,36.6A,-37.1A,21.4 deg.C,0.0 deg.C,141Ah,Discharge
2026-05-16 13:20:27,52.1V,0.0A,0.0A,40.8A,-37.9A,21.4 deg.C,0.0 deg.C,147Ah,Discharge
2026-05-16 13:10:27,52.3V,0.0A,0.0A,36.8A,-36.9A,21.4 deg.C,0.0 deg.C,153Ah,Discharge
2026-05-16 13:00:27,52.5V,0.0A,0.0A,35.7A,-33.5A,21.4 deg.C,0.0 deg.C,159Ah,Discharge
2026-05-16 12:50:27,52.6V,0.0A,0.0A,37.2A,-37.9A,21.4 deg.C,0.0 deg.C,165Ah,Discharge
2026-05-16 12:40:27,52.7V,0.0A,0.0A,38.8A,-38.8A,21.5 deg.C,0.0 deg.C,172Ah,Discharge
2026-05-16 12:30:27,52.9V,0.0A,0.0A,38.3A,-37.9A,21.5 deg.C,0.0 deg.C,178Ah,Discharge
2026-05-16 12:20:27,53.0V,0.0A,0.0A,35.4A,-35.7A,21.6 deg.C,0.0 deg.C,184Ah,Discharge
2026-05-16 12:10:27,53.1V,0.0A,0.0A,37.0A,-37.2A,21.6 deg.C,0.0 deg.C,190Ah,Discharge
2026-05-16 12:00:27,53.3V,0.0A,0.0A,38.7A,-38.4A,21.8 deg.C,0.0 deg.C,196Ah,Discharge
2026-05-16 11:50:27,54.3V,0.0A,0.0A,0.0A,19.0A,21.8 deg.C,0.0 deg.C,201Ah,Float
2026-05-16 11:40:27,54.2V,0.0A,0.0A,0.0A,19.8A,21.7 deg.C,0.0 deg.C,198Ah,Float
2026-05-16 11:30:27,54.2V,0.0A,0.0A,0.0A,19.9A,21.6 deg.C,0.0 deg.C,195Ah,Float
2026-05-16 11:20:27,54.1V,0.0A,0.0A,0.0A,20.1A,21.6 deg.C,0.0 deg.C,192Ah,Float
2026-05-16 11:10:27,54.0V,0.0A,0.0A,0.0A,18.6A,21.6 deg.C,0.0 deg.C,188Ah,Float
2026-05-16 11:00:27,53.9V,0.0A,0.0A,0.0A,20.2A,21.6 deg.C,0.0 deg.C,185Ah,Float
2026-05-16 10:50:27,53.9V,0.0A,0.0A,0.0A,19.3A,21.6 deg.C,0.0 deg.C,181Ah,Float
2026-05-16 10:40:27,53.8V,0.0A,0.0A,0.0A,21.3A,21.6 deg.C,0.0 deg.C,178Ah,Float
2026-05-16 10:30:27,53.7V,0.0A,0.0A,0.0A,21.1A,21.6 deg.C,0.0 deg.C,175Ah,Float
2026-05-16 10:20:27,53.7V,0.0A,0.0A,0.0A,21.6A,21.7 deg.C,0.0 deg.C,171Ah,Float
2026-05-16 10:10:27,53.5V,0.0A,0.0A,0.0A,18.8A,21.7 deg.C,0.0 deg.C,168Ah,Float
2026-05-16 10:00:27,53.5V,0.0A,0.0A,0.0A,19.8A,21.6 deg.C,0.0 deg.C,164Ah,Float
2026-05-16 09:50:27,53.4V,0.0A,0.0A,0.0A,23.1A,21.5 deg.C,0.0 deg.C,160Ah,Float
2026-05-16 09:40:27,53.3V,0.0A,0.0A,0.0A,24.1A,21.5 deg.C,0.0 deg.C,156Ah,Float
2026-05-16 09:30:26,53.2V,0.0A,0.0A,0.0A,22.6A,21.3 deg.C,0.0 deg.C,152Ah,Float
2026-05-16 09:20:26,53.2V,0.0A,0.0A,0.0A,24.0A,21.2 deg.C,0.0 deg.C,149Ah,Float
2026-05-16 09:10:26,53.1V,0.0A,0.0A,0.0A,28.2A,21.0 deg.C,0.0 deg.C,144Ah,Float
2026-05-16 09:00:26,53.0V,0.0A,0.0A,0.0A,22.9A,20.7 deg.C,0.0 deg.C,140Ah,Float
2026-05-16 08:50:26,52.9V,0.0A,0.0A,0.0A,28.0A,20.4 deg.C,0.0 deg.C,136Ah,Float
2026-05-16 08:40:26,52.8V,0.0A,0.0A,0.0A,19.0A,20.2 deg.C,0.0 deg.C,133Ah,Float
2026-05-16 08:30:26,52.7V,0.0A,0.0A,0.0A,23.0A,20.1 deg.C,0.0 deg.C,129Ah,Float
2026-05-16 08:20:26,52.6V,0.0A,0.0A,0.0A,27.0A,20.2 deg.C,0.0 deg.C,125Ah,Float
2026-05-16 08:10:26,52.5V,0.0A,0.0A,0.0A,23.7A,20.9 deg.C,0.0 deg.C,120Ah,Float
2026-05-16 08:00:26,52.4V,0.0A,0.0A,0.0A,25.9A,22.7 deg.C,0.0 deg.C,116Ah,Float
2026-05-16 07:50:26,52.3V,0.0A,0.0A,0.0A,29.4A,22.5 deg.C,0.0 deg.C,111Ah,Float
2026-05-16 07:40:26,52.2V,0.0A,0.0A,0.0A,26.7A,22.2 deg.C,0.0 deg.C,107Ah,Float
2026-05-16 07:30:26,52.1V,0.0A,0.0A,0.0A,31.3A,21.8 deg.C,0.0 deg.C,102Ah,Float
2026-05-16 07:20:26,52.0V,0.0A,0.0A,0.0A,27.0A,21.2 deg.C,0.0 deg.C,97Ah,Float
2026-05-16 07:10:26,51.9V,0.0A,0.0A,0.0A,28.3A,20.4 deg.C,0.0 deg.C,92Ah,Float
2026-05-16 07:00:26,51.8V,0.0A,0.0A,0.0A,23.7A,19.4 deg.C,0.0 deg.C,88Ah,Float
2026-05-16 06:50:26,51.7V,0.0A,0.0A,0.0A,25.9A,19.0 deg.C,0.0 deg.C,84Ah,Float
2026-05-16 06:40:26,51.6V,0.0A,0.0A,0.0A,26.8A,19.3 deg.C,0.0 deg.C,79Ah,Float
2026-05-16 06:30:26,51.6V,0.0A,0.0A,0.0A,26.8A,19.9 deg.C,0.0 deg.C,75Ah,Float
2026-05-16 06:20:26,51.5V,0.0A,0.0A,0.0A,26.9A,21.6 deg.C,0.0 deg.C,70Ah,Float
2026-05-16 06:10:26,51.4V,0.0A,0.0A,0.0A,25.5A,22.1 deg.C,0.0 deg.C,66Ah,Float
2026-05-16 06:00:26,51.3V,0.0A,0.0A,0.0A,27.8A,21.8 deg.C,0.0 deg.C,61Ah,Float
2026-05-16 05:50:26,51.2V,0.0A,0.0A,0.0A,29.2A,21.3 deg.C,0.0 deg.C,56Ah,Float
2026-05-16 05:40:26,51.1V,0.0A,0.0A,0.0A,29.4A,20.7 deg.C,0.0 deg.C,52Ah,Float
2026-05-16 05:30:26,51.0V,0.0A,0.0A,0.0A,25.6A,19.8 deg.C,0.0 deg.C,47Ah,Float
2026-05-16 05:20:26,50.9V,0.0A,0.0A,0.0A,28.4A,19.0 deg.C,0.0 deg.C,42Ah,Float
2026-05-16 05:10:26,50.7V,0.0A,0.0A,0.0A,27.9A,19.1 deg.C,0.0 deg.C,37Ah,Float
2026-05-16 05:00:26,50.6V,0.0A,0.0A,0.0A,28.7A,19.4 deg.C,0.0 deg.C,33Ah,Float
2026-05-16 04:50:26,50.4V,0.0A,0.0A,0.0A,28.5A,19.7 deg.C,0.0 deg.C,28Ah,Float
2026-05-16 04:40:26,50.2V,0.0A,0.0A,0.0A,24.4A,20.4 deg.C,0.0 deg.C,24Ah,Float
2026-05-16 04:30:26,50.1V,0.0A,0.0A,0.0A,27.7A,22.1 deg.C,0.0 deg.C,19Ah,Float
2026-05-16 04:20:26,49.9V,0.0A,0.0A,0.0A,29.0A,22.4 deg.C,0.0 deg.C,14Ah,Float
2026-05-16 04:10:26,49.8V,0.0A,0.0A,0.0A,29.5A,22.1 deg.C,0.0 deg.C,10Ah,Float
2026-05-16 04:00:26,49.5V,0.0A,0.0A,0.0A,25.0A,21.7 deg.C,0.0 deg.C,5Ah,Float
2026-05-16 03:50:26,49.3V,0.0A,0.0A,0.0A,29.6A,21.3 deg.C,0.0 deg.C,1Ah,Float
2026-05-16 03:40:26,48.6V,0.0A,0.0A,31.7A,-32.1A,21.3 deg.C,0.0 deg.C,0Ah,Discharge
2026-05-16 03:30:26,48.8V,0.0A,0.0A,31.2A,-31.3A,21.3 deg.C,0.0 deg.C,0Ah,Discharge
2026-05-16 03:20:26,49.0V,0.0A,0.0A,30.6A,-31.4A,21.3 deg.C,0.0 deg.C,5Ah,Discharge
2026-05-16 03:10:26,49.1V,0.0A,0.0A,31.2A,-32.2A,21.3 deg.C,0.0 deg.C,10Ah,Discharge
2026-05-16 03:00:26,49.3V,0.0A,0.0A,31.2A,-31.2A,21.3 deg.C,0.0 deg.C,15Ah,Discharge
2026-05-16 02:50:26,49.4V,0.0A,0.0A,35.2A,-36.0A,21.2 deg.C,0.0 deg.C,20Ah,Discharge
2026-05-16 02:40:26,49.6V,0.0A,0.0A,31.4A,-31.1A,21.2 deg.C,0.0 deg.C,26Ah,Discharge
2026-05-16 02:30:26,49.7V,0.0A,0.0A,32.9A,-31.0A,21.2 deg.C,0.0 deg.C,32Ah,Discharge
2026-05-16 02:20:26,49.8V,0.0A,0.0A,30.4A,-31.0A,21.2 deg.C,0.0 deg.C,37Ah,Discharge
2026-05-16 02:10:26,49.8V,0.0A,0.0A,36.0A,-42.9A,21.2 deg.C,0.0 deg.C,43Ah,Discharge
2026-05-16 02:00:26,50.1V,0.0A,0.0A,31.7A,-31.6A,21.3 deg.C,0.0 deg.C,48Ah,Discharge
2026-05-16 01:50:26,50.2V,0.0A,0.0A,31.8A,-33.8A,21.3 deg.C,0.0 deg.C,54Ah,Discharge
2026-05-16 01:40:26,50.3V,0.0A,0.0A,38.6A,-36.8A,21.3 deg.C,0.0 deg.C,60Ah,Discharge
2026-05-16 01:30:26,50.5V,0.0A,0.0A,31.4A,-35.6A,21.4 deg.C,0.0 deg.C,66Ah,Discharge
2026-05-16 01:20:26,50.5V,0.0A,0.0A,35.2A,-36.0A,21.4 deg.C,0.0 deg.C,71Ah,Discharge
2026-05-16 01:10:26,50.6V,0.0A,0.0A,36.8A,-36.2A,21.5 deg.C,0.0 deg.C,77Ah,Discharge
2026-05-16 01:00:26,50.8V,0.0A,0.0A,31.8A,-33.2A,21.6 deg.C,0.0 deg.C,83Ah,Discharge
2026-05-16 00:50:26,50.9V,0.0A,0.0A,33.8A,-32.8A,21.6 deg.C,0.0 deg.C,88Ah,Discharge
2026-05-16 00:40:26,51.0V,0.0A,0.0A,36.6A,-36.3A,21.7 deg.C,0.0 deg.C,94Ah,Discharge
2026-05-16 00:30:26,51.2V,0.0A,0.0A,33.1A,-34.0A,21.7 deg.C,0.0 deg.C,100Ah,Discharge
2026-05-16 00:20:26,51.3V,0.0A,0.0A,32.0A,-33.1A,21.8 deg.C,0.0 deg.C,106Ah,Discharge
2026-05-16 00:10:26,51.4V,0.0A,0.0A,39.4A,-39.7A,21.9 deg.C,0.0 deg.C,112Ah,Discharge
2026-05-16 00:00:26,51.6V,0.0A,0.0A,34.4A,-33.8A,21.9 deg.C,0.0 deg.C,118Ah,Discharge
2026-05-15 23:50:26,51.8V,0.0A,0.0A,33.7A,-34.2A,21.9 deg.C,0.0 deg.C,124Ah,Discharge
2026-05-15 23:40:26,51.9V,0.0A,0.0A,35.2A,-34.9A,21.9 deg.C,0.0 deg.C,130Ah,Discharge
2026-05-15 23:30:26,52.0V,0.0A,0.0A,34.3A,-36.4A,21.9 deg.C,0.0 deg.C,136Ah,Discharge
2026-05-15 23:20:26,52.2V,0.0A,0.0A,37.6A,-38.2A,21.8 deg.C,0.0 deg.C,142Ah,Discharge
2026-05-15 23:10:26,52.3V,0.0A,0.0A,34.7A,-33.2A,21.7 deg.C,0.0 deg.C,148Ah,Discharge
2026-05-15 23:00:26,52.5V,0.0A,0.0A,32.0A,-32.1A,21.5 deg.C,0.0 deg.C,154Ah,Discharge
2026-05-15 22:50:26,52.6V,0.0A,0.0A,36.7A,-37.3A,21.1 deg.C,0.0 deg.C,160Ah,Discharge
2026-05-15 22:40:26,52.8V,0.0A,0.0A,35.2A,-35.3A,20.4 deg.C,0.0 deg.C,165Ah,Discharge
2026-05-15 22:30:26,53.6V,0.0A,0.0A,0.0A,16.2A,20.4 deg.C,0.0 deg.C,166Ah,Float
2026-05-15 22:20:26,53.5V,0.0A,0.0A,0.0A,20.1A,20.4 deg.C,0.0 deg.C,163Ah,Float
2026-05-15 22:10:26,53.5V,0.0A,0.0A,0.0A,21.2A,20.5 deg.C,0.0 deg.C,160Ah,Float
2026-05-15 22:00:26,53.4V,0.0A,0.0A,0.0A,18.7A,20.5 deg.C,0.0 deg.C,157Ah,Float
2026-05-15 21:50:26,53.4V,0.0A,0.0A,0.0A,21.8A,20.5 deg.C,0.0 deg.C,153Ah,Float
2026-05-15 21:40:26,53.2V,0.0A,0.0A,0.0A,19.1A,20.5 deg.C,0.0 deg.C,150Ah,Float
2026-05-15 21:30:26,53.2V,0.0A,0.0A,0.0A,21.3A,20.5 deg.C,0.0 deg.C,147Ah,Float
2026-05-15 21:20:25,53.1V,0.0A,0.0A,0.0A,22.9A,20.5 deg.C,0.0 deg.C,143Ah,Float
2026-05-15 21:10:25,53.0V,0.0A,0.0A,0.0A,18.2A,20.5 deg.C,0.0 deg.C,140Ah,Float
2026-05-15 21:00:25,53.0V,0.0A,0.0A,0.0A,22.4A,20.5 deg.C,0.0 deg.C,137Ah,Float
2026-05-15 20:50:25,52.8V,0.0A,0.0A,0.0A,19.2A,20.5 deg.C,0.0 deg.C,133Ah,Float
2026-05-15 20:40:25,52.8V,0.0A,0.0A,0.0A,23.4A,20.4 deg.C,0.0 deg.C,130Ah,Float
2026-05-15 20:30:25,52.7V,0.0A,0.0A,0.0A,23.6A,20.3 deg.C,0.0 deg.C,126Ah,Float
2026-05-15 20:20:25,52.6V,0.0A,0.0A,0.0A,19.2A,20.2 deg.C,0.0 deg.C,123Ah,Float
2026-05-15 20:10:25,52.5V,0.0A,0.0A,0.0A,24.9A,20.1 deg.C,0.0 deg.C,119Ah,Float
2026-05-15 20:00:25,52.4V,0.0A,0.0A,0.0A,21.2A,20.0 deg.C,0.0 deg.C,115Ah,Float
2026-05-15 19:50:25,52.4V,0.0A,0.0A,0.0A,24.4A,20.0 deg.C,0.0 deg.C,111Ah,Float
2026-05-15 19:40:25,52.2V,0.0A,0.0A,0.0A,20.3A,19.9 deg.C,0.0 deg.C,108Ah,Float
2026-05-15 19:30:25,52.2V,0.0A,0.0A,0.0A,24.6A,19.9 deg.C,0.0 deg.C,104Ah,Float
2026-05-15 19:20:25,52.1V,0.0A,0.0A,0.0A,21.3A,19.9 deg.C,0.0 deg.C,100Ah,Float
2026-05-15 19:10:25,52.0V,0.0A,0.0A,0.0A,23.8A,19.9 deg.C,0.0 deg.C,96Ah,Float
2026-05-15 19:00:25,52.0V,0.0A,0.0A,0.0A,27.7A,20.0 deg.C,0.0 deg.C,91Ah,Float
2026-05-15 18:50:25,51.8V,0.0A,0.0A,0.0A,20.5A,19.9 deg.C,0.0 deg.C,88Ah,Float
2026-05-15 18:40:25,51.8V,0.0A,0.0A,0.0A,28.1A,20.0 deg.C,0.0 deg.C,83Ah,Float
2026-05-15 18:30:25,51.7V,0.0A,0.0A,0.0A,23.1A,20.0 deg.C,0.0 deg.C,80Ah,Float
2026-05-15 18:20:25,51.6V,0.0A,0.0A,0.0A,21.6A,20.0 deg.C,0.0 deg.C,75Ah,Float
2026-05-15 18:10:25,51.5V,0.0A,0.0A,0.0A,21.9A,20.1 deg.C,0.0 deg.C,72Ah,Float
2026-05-15 18:00:25,51.5V,0.0A,0.0A,0.0A,26.2A,20.1 deg.C,0.0 deg.C,68Ah,Float
2026-05-15 17:50:25,51.4V,0.0A,0.0A,0.0A,20.9A,20.2 deg.C,0.0 deg.C,64Ah,Float
2026-05-15 17:40:25,51.3V,0.0A,0.0A,0.0A,25.0A,20.4 deg.C,0.0 deg.C,61Ah,Float
2026-05-15 17:30:25,51.2V,0.0A,0.0A,0.0A,19.9A,20.6 deg.C,0.0 deg.C,57Ah,Float
2026-05-15 17:20:25,51.2V,0.0A,0.0A,0.0A,24.6A,20.8 deg.C,0.0 deg.C,53Ah,Float
2026-05-15 17:10:25,51.1V,0.0A,0.0A,0.0A,20.6A,20.9 deg.C,0.0 deg.C,50Ah,Float
2026-05-15 17:00:25,51.0V,0.0A,0.0A,0.0A,21.7A,21.0 deg.C,0.0 deg.C,47Ah,Float
2026-05-15 16:50:25,50.9V,0.0A,0.0A,0.0A,25.9A,21.1 deg.C,0.0 deg.C,43Ah,Float
2026-05-15 16:40:25,50.8V,0.0A,0.0A,0.0A,20.2A,21.3 deg.C,0.0 deg.C,40Ah,Float
2026-05-15 16:30:25,50.7V,0.0A,0.0A,0.0A,20.3A,21.5 deg.C,0.0 deg.C,36Ah,Float
2026-05-15 16:20:25,50.6V,0.0A,0.0A,0.0A,20.8A,21.6 deg.C,0.0 deg.C,33Ah,Float
2026-05-15 16:10:25,50.5V,0.0A,0.0A,0.0A,21.1A,21.7 deg.C,0.0 deg.C,30Ah,Float
2026-05-15 16:00:25,50.4V,0.0A,0.0A,0.0A,20.9A,21.8 deg.C,0.0 deg.C,26Ah,Float
2026-05-15 15:50:25,50.3V,0.0A,0.0A,0.0A,18.5A,21.9 deg.C,0.0 deg.C,23Ah,Float
2026-05-15 15:40:25,50.2V,0.0A,0.0A,0.0A,18.7A,22.0 deg.C,0.0 deg.C,20Ah,Float
2026-05-15 15:30:25,50.0V,0.0A,0.0A,0.0A,17.9A,22.1 deg.C,0.0 deg.C,17Ah,Float
2026-05-15 15:20:25,49.9V,0.0A,0.0A,0.0A,18.9A,22.1 deg.C,0.0 deg.C,14Ah,Float
2026-05-15 15:10:25,49.8V,0.0A,0.0A,0.0A,18.5A,22.1 deg.C,0.0 deg.C,11Ah,Float
2026-05-15 14:57:25,49.6V,0.0A,0.0A,0.0A,16.7A,22.1 deg.C,0.0 deg.C,8Ah,Float
2026-05-15 14:47:25,49.5V,0.0A,0.0A,0.0A,19.7A,22.0 deg.C,0.0 deg.C,5Ah,Float
2026-05-15 14:37:25,49.4V,0.0A,0.0A,0.0A,16.5A,21.9 deg.C,0.0 deg.C,2Ah,Float
2026-05-15 14:27:25,48.5V,0.0A,0.0A,40.3A,-40.4A,21.8 deg.C,0.0 deg.C,0Ah,Discharge
2026-05-15 14:17:25,48.7V,0.0A,0.0A,39.7A,-41.6A,21.9 deg.C,0.0 deg.C,1Ah,Discharge
2026-05-15 14:07:25,48.9V,0.0A,0.0A,40.8A,-41.3A,21.9 deg.C,0.0 deg.C,8Ah,Discharge
2026-05-15 13:57:25,49.1V,0.0A,0.0A,41.8A,-40.7A,22.0 deg.C,0.0 deg.C,14Ah,Discharge
2026-05-15 13:47:25,49.4V,0.0A,0.0A,39.5A,-39.8A,22.1 deg.C,0.0 deg.C,21Ah,Discharge
2026-05-15 13:37:25,50.3V,0.0A,0.0A,0.0A,19.0A,22.3 deg.C,0.0 deg.C,27Ah,Float
2026-05-15 13:27:25,50.2V,0.0A,0.0A,0.0A,21.2A,22.2 deg.C,0.0 deg.C,24Ah,Float
2026-05-15 13:17:25,50.0V,0.0A,0.0A,0.0A,21.7A,22.2 deg.C,0.0 deg.C,20Ah,Float
2026-05-15 13:07:25,49.4V,0.0A,0.0A,36.8A,-36.9A,22.3 deg.C,0.0 deg.C,24Ah,Discharge
2026-05-15 12:57:25,49.5V,0.0A,0.0A,35.6A,-37.0A,22.2 deg.C,0.0 deg.C,31Ah,Discharge
2026-05-15 12:47:25,49.7V,0.0A,0.0A,31.3A,-32.6A,22.2 deg.C,0.0 deg.C,37Ah,Discharge
2026-05-15 12:37:25,49.8V,0.0A,0.0A,40.0A,-38.1A,22.2 deg.C,0.0 deg.C,43Ah,Discharge
2026-05-15 12:27:25,50.0V,0.0A,0.0A,37.5A,-38.3A,22.1 deg.C,0.0 deg.C,49Ah,Discharge
2026-05-15 12:17:25,50.1V,0.0A,0.0A,35.8A,-36.2A,22.1 deg.C,0.0 deg.C,55Ah,Discharge
2026-05-15 12:07:25,50.2V,0.0A,0.0A,35.7A,-36.8A,22.1 deg.C,0.0 deg.C,62Ah,Discharge
2026-05-15 11:57:25,50.4V,0.0A,0.0A,35.8A,-36.5A,22.0 deg.C,0.0 deg.C,68Ah,Discharge
2026-05-15 11:47:25,50.5V,0.0A,0.0A,35.0A,-36.7A,22.0 deg.C,0.0 deg.C,74Ah,Discharge
2026-05-15 11:37:25,50.6V,0.0A,0.0A,37.3A,-36.4A,21.9 deg.C,0.0 deg.C,80Ah,Discharge
2026-05-15 11:27:25,50.8V,0.0A,0.0A,36.4A,-35.5A,21.9 deg.C,0.0 deg.C,86Ah,Discharge
2026-05-15 11:17:25,50.9V,0.0A,0.0A,34.3A,-34.8A,21.9 deg.C,0.0 deg.C,92Ah,Discharge
2026-05-15 11:07:25,51.1V,0.0A,0.0A,34.4A,-34.5A,21.8 deg.C,0.0 deg.C,98Ah,Discharge
2026-05-15 10:57:25,51.2V,0.0A,0.0A,35.7A,-36.4A,21.7 deg.C,0.0 deg.C,104Ah,Discharge
2026-05-15 10:47:25,51.3V,0.0A,0.0A,35.9A,-35.5A,21.7 deg.C,0.0 deg.C,110Ah,Discharge
2026-05-15 10:37:25,51.5V,0.0A,0.0A,34.7A,-34.6A,21.6 deg.C,0.0 deg.C,116Ah,Discharge
2026-05-15 10:27:25,51.6V,0.0A,0.0A,33.2A,-33.7A,21.5 deg.C,0.0 deg.C,121Ah,Discharge
2026-05-15 10:17:25,51.8V,0.0A,0.0A,33.1A,-32.8A,21.4 deg.C,0.0 deg.C,127Ah,Discharge
2026-05-15 10:07:25,51.9V,0.0A,0.0A,32.9A,-33.3A,21.3 deg.C,0.0 deg.C,132Ah,Discharge
2026-05-15 09:57:25,52.0V,0.0A,0.0A,32.7A,-32.3A,21.6 deg.C,0.0 deg.C,138Ah,Discharge
2026-05-15 09:47:25,52.1V,0.0A,0.0A,33.8A,-34.5A,22.3 deg.C,0.0 deg.C,143Ah,Discharge
2026-05-15 09:37:25,52.3V,0.0A,0.0A,29.6A,-30.7A,23.8 deg.C,0.0 deg.C,149Ah,Discharge
2026-05-15 09:27:25,52.4V,0.0A,0.0A,31.6A,-32.1A,24.3 deg.C,0.0 deg.C,154Ah,Discharge
2026-05-15 09:17:25,52.6V,0.0A,0.0A,30.9A,-33.7A,24.0 deg.C,0.0 deg.C,160Ah,Discharge
2026-05-15 09:07:25,52.7V,0.0A,0.0A,29.9A,-31.2A,23.6 deg.C,0.0 deg.C,165Ah,Discharge
2026-05-15 08:57:25,52.8V,0.0A,0.0A,29.8A,-31.2A,23.1 deg.C,0.0 deg.C,170Ah,Discharge
2026-05-15 08:47:25,52.9V,0.0A,0.0A,30.9A,-30.9A,22.6 deg.C,0.0 deg.C,175Ah,Discharge
2026-05-15 08:37:25,53.0V,0.0A,0.0A,36.0A,-32.2A,22.2 deg.C,0.0 deg.C,180Ah,Discharge
2026-05-15 08:27:25,53.2V,0.0A,0.0A,26.8A,-26.4A,21.8 deg.C,0.0 deg.C,185Ah,Discharge
2026-05-15 08:17:25,53.2V,0.0A,0.0A,36.7A,-34.1A,21.3 deg.C,0.0 deg.C,190Ah,Discharge
2026-05-15 08:07:25,53.4V,0.0A,0.0A,31.1A,-30.9A,20.7 deg.C,0.0 deg.C,195Ah,Discharge
2026-05-15 07:57:25,53.6V,0.0A,0.0A,32.4A,-30.5A,19.9 deg.C,0.0 deg.C,201Ah,Discharge
2026-05-15 07:47:25,54.4V,0.0A,0.0A,0.0A,27.1A,19.8 deg.C,0.0 deg.C,199Ah,Float
2026-05-15 07:37:25,54.3V,0.0A,0.0A,0.0A,23.9A,19.8 deg.C,0.0 deg.C,195Ah,Float
2026-05-15 07:27:25,54.2V,0.0A,0.0A,0.0A,27.3A,19.8 deg.C,0.0 deg.C,190Ah,Float
2026-05-15 07:17:25,54.1V,0.0A,0.0A,0.0A,28.9A,19.9 deg.C,0.0 deg.C,186Ah,Float
2026-05-15 07:07:25,53.9V,0.0A,0.0A,0.0A,21.5A,19.9 deg.C,0.0 deg.C,181Ah,Float
2026-05-15 06:57:25,53.9V,0.0A,0.0A,0.0A,26.0A,19.9 deg.C,0.0 deg.C,178Ah,Float
2026-05-15 06:47:25,53.8V,0.0A,0.0A,0.0A,26.1A,19.9 deg.C,0.0 deg.C,173Ah,Float
2026-05-15 06:37:25,53.7V,0.0A,0.0A,0.0A,22.8A,19.9 deg.C,0.0 deg.C,170Ah,Float
2026-05-15 06:27:25,53.6V,0.0A,0.0A,0.0A,26.9A,19.9 deg.C,0.0 deg.C,165Ah,Float
2026-05-15 06:17:25,53.5V,0.0A,0.0A,0.0A,26.9A,19.9 deg.C,0.0 deg.C,161Ah,Float
2026-05-15 06:07:25,53.4V,0.0A,0.0A,0.0A,22.9A,19.9 deg.C,0.0 deg.C,157Ah,Float
2026-05-15 05:57:25,53.3V,0.0A,0.0A,0.0A,27.0A,19.9 deg.C,0.0 deg.C,152Ah,Float
2026-05-15 05:47:25,53.2V,0.0A,0.0A,0.0A,22.9A,19.9 deg.C,0.0 deg.C,148Ah,Float
2026-05-15 05:37:25,53.2V,0.0A,0.0A,0.0A,27.3A,19.9 deg.C,0.0 deg.C,144Ah,Float
2026-05-15 05:27:25,53.0V,0.0A,0.0A,0.0A,27.1A,19.8 deg.C,0.0 deg.C,140Ah,Float
2026-05-15 05:17:25,52.9V,0.0A,0.0A,0.0A,23.1A,19.8 deg.C,0.0 deg.C,135Ah,Float
2026-05-15 05:07:25,52.8V,0.0A,0.0A,0.0A,27.6A,19.7 deg.C,0.0 deg.C,131Ah,Float
2026-05-15 04:57:25,52.7V,0.0A,0.0A,0.0A,27.5A,19.6 deg.C,0.0 deg.C,127Ah,Float
2026-05-15 04:47:25,52.6V,0.0A,0.0A,0.0A,23.6A,19.6 deg.C,0.0 deg.C,122Ah,Float
2026-05-15 04:37:25,52.5V,0.0A,0.0A,0.0A,27.3A,19.6 deg.C,0.0 deg.C,118Ah,Float
2026-05-15 04:27:25,52.4V,0.0A,0.0A,0.0A,27.4A,19.6 deg.C,0.0 deg.C,114Ah,Float
2026-05-15 04:17:25,52.3V,0.0A,0.0A,0.0A,24.0A,19.7 deg.C,0.0 deg.C,109Ah,Float
2026-05-15 04:07:25,52.2V,0.0A,0.0A,0.0A,27.7A,19.7 deg.C,0.0 deg.C,105Ah,Float
2026-05-15 03:57:25,52.1V,0.0A,0.0A,0.0A,27.7A,19.7 deg.C,0.0 deg.C,100Ah,Float
2026-05-15 03:47:25,52.0V,0.0A,0.0A,0.0A,23.8A,19.7 deg.C,0.0 deg.C,96Ah,Float
2026-05-15 03:37:25,51.9V,0.0A,0.0A,0.0A,27.2A,19.7 deg.C,0.0 deg.C,92Ah,Float
2026-05-15 03:27:25,51.8V,0.0A,0.0A,0.0A,27.8A,19.7 deg.C,0.0 deg.C,87Ah,Float
2026-05-15 03:17:25,51.7V,0.0A,0.0A,0.0A,23.8A,19.7 deg.C,0.0 deg.C,83Ah,Float
2026-05-15 03:07:25,51.7V,0.0A,0.0A,0.0A,27.7A,19.7 deg.C,0.0 deg.C,79Ah,Float
2026-05-15 02:57:25,51.6V,0.0A,0.0A,0.0A,28.1A,19.7 deg.C,0.0 deg.C,74Ah,Float
2026-05-15 02:47:25,51.5V,0.0A,0.0A,0.0A,23.6A,19.7 deg.C,0.0 deg.C,70Ah,Float
2026-05-15 02:37:25,51.4V,0.0A,0.0A,0.0A,26.1A,19.7 deg.C,0.0 deg.C,66Ah,Float
2026-05-15 02:27:25,51.4V,0.0A,0.0A,0.0A,27.2A,19.8 deg.C,0.0 deg.C,61Ah,Float
2026-05-15 02:17:25,51.2V,0.0A,0.0A,0.0A,23.5A,19.9 deg.C,0.0 deg.C,57Ah,Float
2026-05-15 02:07:25,51.2V,0.0A,0.0A,0.0A,27.6A,20.0 deg.C,0.0 deg.C,53Ah,Float
2026-05-15 01:57:25,51.1V,0.0A,0.0A,0.0A,27.5A,20.0 deg.C,0.0 deg.C,48Ah,Float
2026-05-15 01:47:25,50.9V,0.0A,0.0A,0.0A,22.2A,20.0 deg.C,0.0 deg.C,44Ah,Float
2026-05-15 01:37:25,50.8V,0.0A,0.0A,0.0A,23.4A,20.1 deg.C,0.0 deg.C,40Ah,Float
2026-05-15 01:27:25,50.6V,0.0A,0.0A,0.0A,22.3A,20.1 deg.C,0.0 deg.C,35Ah,Float
2026-05-15 01:17:25,50.6V,0.0A,0.0A,0.0A,25.3A,20.2 deg.C,0.0 deg.C,32Ah,Float
2026-05-15 01:07:25,50.5V,0.0A,0.0A,0.0A,26.5A,20.4 deg.C,0.0 deg.C,27Ah,Float
2026-05-15 00:57:25,50.3V,0.0A,0.0A,0.0A,20.5A,20.5 deg.C,0.0 deg.C,23Ah,Float
2026-05-15 00:47:25,50.2V,0.0A,0.0A,0.0A,25.2A,20.6 deg.C,0.0 deg.C,20Ah,Float
2026-05-15 00:37:25,50.0V,0.0A,0.0A,0.0A,25.4A,20.7 deg.C,0.0 deg.C,16Ah,Float
2026-05-15 00:27:25,49.8V,0.0A,0.0A,0.0A,19.1A,20.9 deg.C,0.0 deg.C,12Ah,Float
2026-05-15 00:17:25,49.7V,0.0A,0.0A,0.0A,22.1A,21.4 deg.C,0.0 deg.C,9Ah,Float
2026-05-15 00:07:25,49.5V,0.0A,0.0A,0.0A,17.4A,22.6 deg.C,0.0 deg.C,5Ah,Float
2026-05-14 23:57:25,49.3V,0.0A,0.0A,0.0A,17.8A,23.5 deg.C,0.0 deg.C,2Ah,Float
2026-05-14 23:47:25,48.5V,0.0A,0.0A,38.0A,-40.3A,23.3 deg.C,0.0 deg.C,0Ah,Discharge
2026-05-14 23:37:25,48.7V,0.0A,0.0A,42.1A,-42.6A,23.3 deg.C,0.0 deg.C,0Ah,Discharge
2026-05-14 23:27:25,49.0V,0.0A,0.0A,36.0A,-35.3A,23.3 deg.C,0.0 deg.C,7Ah,Discharge
2026-05-14 23:17:25,49.2V,0.0A,0.0A,35.7A,-36.1A,23.2 deg.C,0.0 deg.C,13Ah,Discharge
2026-05-14 23:07:25,49.3V,0.0A,0.0A,40.4A,-39.1A,23.2 deg.C,0.0 deg.C,20Ah,Discharge
2026-05-14 22:57:25,49.5V,0.0A,0.0A,35.3A,-34.8A,23.1 deg.C,0.0 deg.C,26Ah,Discharge
2026-05-14 22:47:25,49.6V,0.0A,0.0A,44.5A,-40.9A,23.1 deg.C,0.0 deg.C,32Ah,Discharge
2026-05-14 22:37:25,49.8V,0.0A,0.0A,35.7A,-36.8A,23.0 deg.C,0.0 deg.C,39Ah,Discharge
2026-05-14 22:27:25,49.9V,0.0A,0.0A,36.0A,-36.6A,23.0 deg.C,0.0 deg.C,45Ah,Discharge
2026-05-14 22:17:25,50.1V,0.0A,0.0A,38.9A,-40.0A,23.0 deg.C,0.0 deg.C,51Ah,Discharge
2026-05-14 22:07:25,50.2V,0.0A,0.0A,36.5A,-37.2A,23.0 deg.C,0.0 deg.C,58Ah,Discharge
2026-05-14 21:57:25,50.3V,0.0A,0.0A,42.1A,-39.9A,23.0 deg.C,0.0 deg.C,64Ah,Discharge
2026-05-14 21:47:25,50.5V,0.0A,0.0A,33.9A,-36.2A,23.0 deg.C,0.0 deg.C,70Ah,Discharge
2026-05-14 21:37:25,50.6V,0.0A,0.0A,34.3A,-37.3A,23.0 deg.C,0.0 deg.C,76Ah,Discharge
2026-05-14 21:27:25,50.8V,0.0A,0.0A,39.8A,-39.8A,23.1 deg.C,0.0 deg.C,83Ah,Discharge
2026-05-14 21:17:25,50.9V,0.0A,0.0A,33.9A,-33.7A,23.1 deg.C,0.0 deg.C,89Ah,Discharge
2026-05-14 21:07:25,51.0V,0.0A,0.0A,40.8A,-37.6A,23.1 deg.C,0.0 deg.C,95Ah,Discharge
2026-05-14 20:57:25,51.2V,0.0A,0.0A,34.6A,-35.0A,23.1 deg.C,0.0 deg.C,101Ah,Discharge
2026-05-14 20:47:25,51.3V,0.0A,0.0A,35.2A,-38.0A,23.1 deg.C,0.0 deg.C,107Ah,Discharge
2026-05-14 20:37:25,51.5V,0.0A,0.0A,31.5A,-33.0A,23.0 deg.C,0.0 deg.C,114Ah,Discharge
2026-05-14 20:27:25,51.6V,0.0A,0.0A,42.5A,-39.6A,23.0 deg.C,0.0 deg.C,120Ah,Discharge
2026-05-14 20:17:25,51.8V,0.0A,0.0A,31.7A,-35.0A,22.9 deg.C,0.0 deg.C,126Ah,Discharge
2026-05-14 20:07:25,52.0V,0.0A,0.0A,32.3A,-32.2A,22.9 deg.C,0.0 deg.C,131Ah,Discharge
2026-05-14 19:57:25,52.1V,0.0A,0.0A,39.0A,-36.8A,22.7 deg.C,0.0 deg.C,138Ah,Discharge
2026-05-14 19:47:25,52.3V,0.0A,0.0A,33.0A,-33.3A,22.5 deg.C,0.0 deg.C,144Ah,Discharge
2026-05-14 19:37:25,52.4V,0.0A,0.0A,40.8A,-35.6A,22.1 deg.C,0.0 deg.C,149Ah,Discharge
2026-05-14 19:27:25,52.5V,0.0A,0.0A,36.2A,-35.5A,21.4 deg.C,0.0 deg.C,155Ah,Discharge
2026-05-14 19:17:25,52.8V,0.0A,0.0A,38.2A,-37.6A,20.5 deg.C,0.0 deg.C,161Ah,Discharge
2026-05-14 19:07:25,53.6V,0.0A,0.0A,0.0A,26.4A,20.5 deg.C,0.0 deg.C,160Ah,Float
2026-05-14 18:57:25,53.4V,0.0A,0.0A,0.0A,21.7A,20.4 deg.C,0.0 deg.C,156Ah,Float
2026-05-14 18:47:25,53.4V,0.0A,0.0A,0.0A,25.9A,20.4 deg.C,0.0 deg.C,152Ah,Float
2026-05-14 18:37:25,53.2V,0.0A,0.0A,0.0A,20.4A,20.4 deg.C,0.0 deg.C,148Ah,Float
2026-05-14 18:27:25,53.2V,0.0A,0.0A,0.0A,26.4A,20.4 deg.C,0.0 deg.C,144Ah,Float
2026-05-14 18:17:25,53.0V,0.0A,0.0A,0.0A,20.7A,20.4 deg.C,0.0 deg.C,140Ah,Float
2026-05-14 18:07:25,53.0V,0.0A,0.0A,0.0A,26.7A,20.5 deg.C,0.0 deg.C,136Ah,Float
2026-05-14 17:57:25,52.9V,0.0A,0.0A,0.0A,22.0A,20.6 deg.C,0.0 deg.C,132Ah,Float
2026-05-14 17:47:25,52.8V,0.0A,0.0A,0.0A,24.3A,20.7 deg.C,0.0 deg.C,129Ah,Float
2026-05-14 17:37:25,52.7V,0.0A,0.0A,0.0A,20.6A,20.8 deg.C,0.0 deg.C,125Ah,Float
2026-05-14 17:27:25,52.6V,0.0A,0.0A,0.0A,19.9A,20.9 deg.C,0.0 deg.C,122Ah,Float
2026-05-14 17:17:25,52.5V,0.0A,0.0A,0.0A,19.0A,20.9 deg.C,0.0 deg.C,118Ah,Float
2026-05-14 17:07:25,52.4V,0.0A,0.0A,0.0A,20.7A,21.0 deg.C,0.0 deg.C,115Ah,Float
2026-05-14 16:57:25,52.3V,0.0A,0.0A,0.0A,20.2A,21.2 deg.C,0.0 deg.C,111Ah,Float
2026-05-14 16:47:25,52.2V,0.0A,0.0A,0.0A,20.3A,21.3 deg.C,0.0 deg.C,108Ah,Float
2026-05-14 16:37:25,52.2V,0.0A,0.0A,0.0A,25.0A,21.4 deg.C,0.0 deg.C,104Ah,Float
2026-05-14 16:27:25,52.0V,0.0A,0.0A,0.0A,19.4A,21.5 deg.C,0.0 deg.C,101Ah,Float
2026-05-14 16:17:25,52.0V,0.0A,0.0A,0.0A,19.1A,21.7 deg.C,0.0 deg.C,97Ah,Float
2026-05-14 16:07:25,51.9V,0.0A,0.0A,0.0A,18.8A,21.9 deg.C,0.0 deg.C,94Ah,Float
2026-05-14 15:57:25,51.9V,0.0A,0.0A,0.0A,19.2A,21.9 deg.C,0.0 deg.C,91Ah,Float
2026-05-14 15:47:25,51.8V,0.0A,0.0A,0.0A,18.2A,21.9 deg.C,0.0 deg.C,88Ah,Float
2026-05-14 15:37:25,51.7V,0.0A,0.0A,0.0A,18.8A,22.0 deg.C,0.0 deg.C,85Ah,Float
2026-05-14 15:27:25,51.7V,0.0A,0.0A,0.0A,19.8A,22.1 deg.C,0.0 deg.C,82Ah,Float
2026-05-14 15:17:25,51.6V,0.0A,0.0A,0.0A,19.1A,22.2 deg.C,0.0 deg.C,78Ah,Float
2026-05-14 15:07:25,51.5V,0.0A,0.0A,0.0A,19.4A,22.4 deg.C,0.0 deg.C,75Ah,Float
2026-05-14 14:57:25,51.5V,0.0A,0.0A,0.0A,19.7A,22.4 deg.C,0.0 deg.C,72Ah,Float
2026-05-14 14:47:25,51.4V,0.0A,0.0A,0.0A,19.8A,22.4 deg.C,0.0 deg.C,69Ah,Float
2026-05-14 14:37:25,51.4V,0.0A,0.0A,0.0A,18.8A,22.4 deg.C,0.0 deg.C,66Ah,Float
2026-05-14 14:27:25,51.3V,0.0A,0.0A,0.0A,19.8A,22.3 deg.C,0.0 deg.C,62Ah,Float
2026-05-14 14:17:25,51.2V,0.0A,0.0A,0.0A,18.4A,22.2 deg.C,0.0 deg.C,59Ah,Float
2026-05-14 14:07:25,51.2V,0.0A,0.0A,0.0A,18.6A,22.1 deg.C,0.0 deg.C,56Ah,Float
2026-05-14 13:57:25,51.1V,0.0A,0.0A,0.0A,18.0A,22.0 deg.C,0.0 deg.C,53Ah,Float
2026-05-14 13:47:25,51.0V,0.0A,0.0A,0.0A,19.2A,21.8 deg.C,0.0 deg.C,50Ah,Float
2026-05-14 13:37:25,51.0V,0.0A,0.0A,0.0A,19.0A,21.8 deg.C,0.0 deg.C,47Ah,Float
2026-05-14 13:27:25,50.9V,0.0A,0.0A,0.0A,18.6A,21.9 deg.C,0.0 deg.C,44Ah,Float
2026-05-14 13:17:25,50.8V,0.0A,0.0A,0.0A,20.1A,22.1 deg.C,0.0 deg.C,40Ah,Float
2026-05-14 13:07:25,50.7V,0.0A,0.0A,0.0A,18.9A,22.2 deg.C,0.0 deg.C,37Ah,Float
2026-05-14 12:57:25,50.6V,0.0A,0.0A,0.0A,18.0A,22.2 deg.C,0.0 deg.C,34Ah,Float
2026-05-14 12:47:25,50.5V,0.0A,0.0A,0.0A,19.2A,22.3 deg.C,0.0 deg.C,31Ah,Float
2026-05-14 12:37:25,50.4V,0.0A,0.0A,0.0A,18.4A,22.4 deg.C,0.0 deg.C,28Ah,Float
2026-05-14 12:27:25,50.3V,0.0A,0.0A,0.0A,19.6A,22.3 deg.C,0.0 deg.C,24Ah,Float
2026-05-14 12:17:25,50.2V,0.0A,0.0A,0.0A,19.0A,22.1 deg.C,0.0 deg.C,21Ah,Float
2026-05-14 12:07:25,50.1V,0.0A,0.0A,0.0A,19.3A,22.0 deg.C,0.0 deg.C,18Ah,Float
2026-05-14 11:57:25,50.0V,0.0A,0.0A,0.0A,19.9A,21.9 deg.C,0.0 deg.C,15Ah,Float
2026-05-14 11:47:25,49.8V,0.0A,0.0A,0.0A,19.6A,21.7 deg.C,0.0 deg.C,12Ah,Float
2026-05-14 11:37:25,49.7V,0.0A,0.0A,0.0A,19.9A,21.7 deg.C,0.0 deg.C,8Ah,Float
2026-05-14 11:27:25,49.5V,0.0A,0.0A,0.0A,18.7A,21.8 deg.C,0.0 deg.C,5Ah,Float
2026-05-14 11:17:25,49.4V,0.0A,0.0A,0.0A,22.5A,21.9 deg.C,0.0 deg.C,2Ah,Float
2026-05-14 11:07:25,48.6V,0.0A,0.0A,36.8A,-37.7A,22.3 deg.C,0.0 deg.C,0Ah,Discharge
2026-05-14 10:57:25,48.8V,0.0A,0.0A,37.3A,-37.3A,23.2 deg.C,0.0 deg.C,3Ah,Discharge
2026-05-14 10:47:25,49.1V,0.0A,0.0A,30.4A,-29.7A,24.2 deg.C,0.0 deg.C,9Ah,Discharge
2026-05-14 10:37:25,49.2V,0.0A,0.0A,33.4A,-33.7A,23.8 deg.C,0.0 deg.C,15Ah,Discharge
2026-05-14 10:27:25,49.4V,0.0A,0.0A,28.2A,-30.0A,23.4 deg.C,0.0 deg.C,20Ah,Discharge
2026-05-14 10:17:25,49.5V,0.0A,0.0A,36.4A,-34.9A,22.9 deg.C,0.0 deg.C,26Ah,Discharge
2026-05-14 10:07:25,49.6V,0.0A,0.0A,33.4A,-33.0A,22.5 deg.C,0.0 deg.C,31Ah,Discharge
2026-05-14 09:57:25,49.7V,0.0A,0.0A,35.0A,-34.8A,22.1 deg.C,0.0 deg.C,37Ah,Discharge
2026-05-14 09:47:25,49.9V,0.0A,0.0A,32.1A,-32.6A,21.6 deg.C,0.0 deg.C,43Ah,Discharge
2026-05-14 09:37:25,50.0V,0.0A,0.0A,28.2A,-28.3A,21.3 deg.C,0.0 deg.C,48Ah,Discharge
2026-05-14 09:27:25,50.1V,0.0A,0.0A,31.0A,-32.6A,21.1 deg.C,0.0 deg.C,53Ah,Discharge
2026-05-14 09:17:25,50.3V,0.0A,0.0A,31.0A,-28.4A,20.9 deg.C,0.0 deg.C,58Ah,Discharge
2026-05-14 09:07:25,50.3V,0.0A,0.0A,32.2A,-31.9A,20.8 deg.C,0.0 deg.C,63Ah,Discharge
2026-05-14 08:57:25,50.5V,0.0A,0.0A,27.8A,-28.9A,20.7 deg.C,0.0 deg.C,68Ah,Discharge
2026-05-14 08:47:25,50.5V,0.0A,0.0A,36.4A,-34.1A,20.7 deg.C,0.0 deg.C,74Ah,Discharge
2026-05-14 08:37:25,50.7V,0.0A,0.0A,27.3A,-28.4A,20.6 deg.C,0.0 deg.C,79Ah,Discharge
2026-05-14 08:27:25,50.8V,0.0A,0.0A,34.8A,-33.9A,20.6 deg.C,0.0 deg.C,84Ah,Discharge
2026-05-14 08:17:25,50.9V,0.0A,0.0A,32.7A,-29.8A,20.6 deg.C,0.0 deg.C,89Ah,Discharge
2026-05-14 08:07:25,51.1V,0.0A,0.0A,27.3A,-27.8A,20.6 deg.C,0.0 deg.C,94Ah,Discharge
2026-05-14 07:57:25,51.1V,0.0A,0.0A,31.3A,-31.7A,20.6 deg.C,0.0 deg.C,99Ah,Discharge
2026-05-14 07:47:24,51.3V,0.0A,0.0A,27.3A,-27.4A,20.6 deg.C,0.0 deg.C,105Ah,Discharge
2026-05-14 07:37:24,51.4V,0.0A,0.0A,27.0A,-27.6A,20.6 deg.C,0.0 deg.C,109Ah,Discharge
2026-05-14 07:27:24,51.5V,0.0A,0.0A,32.0A,-31.6A,20.7 deg.C,0.0 deg.C,114Ah,Discharge
2026-05-14 07:17:24,51.6V,0.0A,0.0A,37.4A,-31.5A,20.7 deg.C,0.0 deg.C,119Ah,Discharge
2026-05-14 07:07:24,51.7V,0.0A,0.0A,30.2A,-30.6A,20.8 deg.C,0.0 deg.C,124Ah,Discharge
2026-05-14 06:57:24,51.8V,0.0A,0.0A,32.8A,-35.0A,20.8 deg.C,0.0 deg.C,130Ah,Discharge
2026-05-14 06:47:24,52.0V,0.0A,0.0A,30.8A,-30.1A,20.9 deg.C,0.0 deg.C,135Ah,Discharge
2026-05-14 06:37:24,52.1V,0.0A,0.0A,29.8A,-29.4A,21.0 deg.C,0.0 deg.C,140Ah,Discharge
2026-05-14 06:27:24,52.2V,0.0A,0.0A,33.5A,-33.5A,21.1 deg.C,0.0 deg.C,146Ah,Discharge
2026-05-14 06:17:24,52.4V,0.0A,0.0A,30.1A,-29.4A,21.1 deg.C,0.0 deg.C,151Ah,Discharge
2026-05-14 06:07:24,52.5V,0.0A,0.0A,29.9A,-29.8A,21.2 deg.C,0.0 deg.C,156Ah,Discharge
2026-05-14 05:57:24,52.6V,0.0A,0.0A,29.4A,-31.5A,21.3 deg.C,0.0 deg.C,161Ah,Discharge
2026-05-14 05:47:24,52.7V,0.0A,0.0A,30.0A,-30.8A,21.3 deg.C,0.0 deg.C,166Ah,Discharge
2026-05-14 05:37:24,52.9V,0.0A,0.0A,28.1A,-29.3A,21.3 deg.C,0.0 deg.C,171Ah,Discharge
2026-05-14 05:27:24,53.0V,0.0A,0.0A,29.1A,-28.8A,21.3 deg.C,0.0 deg.C,176Ah,Discharge
2026-05-14 05:17:24,53.1V,0.0A,0.0A,32.9A,-33.3A,21.1 deg.C,0.0 deg.C,181Ah,Discharge
2026-05-14 05:07:24,53.2V,0.0A,0.0A,29.1A,-28.9A,20.9 deg.C,0.0 deg.C,186Ah,Discharge
2026-05-14 04:57:24,53.5V,0.0A,0.0A,29.3A,-29.9A,20.7 deg.C,0.0 deg.C,191Ah,Discharge
2026-05-14 04:47:24,54.1V,0.0A,0.0A,0.0A,21.6A,22.1 deg.C,0.0 deg.C,188Ah,Float
2026-05-14 04:37:24,54.1V,0.0A,0.0A,0.0A,27.4A,22.5 deg.C,0.0 deg.C,184Ah,Float
2026-05-14 04:27:24,54.0V,0.0A,0.0A,0.0A,27.8A,21.9 deg.C,0.0 deg.C,179Ah,Float
2026-05-14 04:17:24,53.8V,0.0A,0.0A,0.0A,23.6A,21.3 deg.C,0.0 deg.C,175Ah,Float
2026-05-14 04:07:24,53.8V,0.0A,0.0A,0.0A,27.8A,20.6 deg.C,0.0 deg.C,170Ah,Float
2026-05-14 03:57:24,53.7V,0.0A,0.0A,0.0A,27.7A,19.7 deg.C,0.0 deg.C,166Ah,Float
2026-05-14 03:47:24,53.5V,0.0A,0.0A,0.0A,22.9A,19.4 deg.C,0.0 deg.C,162Ah,Float
2026-05-14 03:37:24,53.5V,0.0A,0.0A,0.0A,26.6A,19.4 deg.C,0.0 deg.C,157Ah,Float
2026-05-14 03:27:24,53.3V,0.0A,0.0A,0.0A,26.5A,19.4 deg.C,0.0 deg.C,153Ah,Float
2026-05-14 03:17:24,53.2V,0.0A,0.0A,0.0A,22.9A,19.4 deg.C,0.0 deg.C,149Ah,Float
2026-05-14 03:07:24,53.1V,0.0A,0.0A,0.0A,26.2A,19.4 deg.C,0.0 deg.C,144Ah,Float
2026-05-14 02:57:24,53.0V,0.0A,0.0A,0.0A,26.7A,19.4 deg.C,0.0 deg.C,140Ah,Float
2026-05-14 02:47:24,52.9V,0.0A,0.0A,0.0A,22.0A,19.4 deg.C,0.0 deg.C,136Ah,Float
2026-05-14 02:37:24,52.8V,0.0A,0.0A,0.0A,26.7A,19.4 deg.C,0.0 deg.C,132Ah,Float
2026-05-14 02:27:24,52.7V,0.0A,0.0A,0.0A,26.9A,19.4 deg.C,0.0 deg.C,127Ah,Float
2026-05-14 02:17:24,52.6V,0.0A,0.0A,0.0A,22.9A,19.4 deg.C,0.0 deg.C,123Ah,Float
2026-05-14 02:07:24,52.5V,0.0A,0.0A,0.0A,26.4A,19.5 deg.C,0.0 deg.C,119Ah,Float
2026-05-14 01:57:24,52.4V,0.0A,0.0A,0.0A,26.3A,19.5 deg.C,0.0 deg.C,115Ah,Float
2026-05-14 01:47:24,52.3V,0.0A,0.0A,0.0A,22.8A,19.5 deg.C,0.0 deg.C,111Ah,Float
2026-05-14 01:37:24,52.2V,0.0A,0.0A,0.0A,26.5A,19.6 deg.C,0.0 deg.C,106Ah,Float
2026-05-14 01:27:24,52.1V,0.0A,0.0A,0.0A,25.5A,19.7 deg.C,0.0 deg.C,102Ah,Float
2026-05-14 01:17:24,52.0V,0.0A,0.0A,0.0A,26.5A,20.2 deg.C,0.0 deg.C,98Ah,Float
2026-05-14 01:07:24,51.9V,0.0A,0.0A,0.0A,24.0A,21.6 deg.C,0.0 deg.C,94Ah,Float
2026-05-14 00:57:24,51.8V,0.0A,0.0A,0.0A,22.1A,21.7 deg.C,0.0 deg.C,90Ah,Float
2026-05-14 00:47:24,51.8V,0.0A,0.0A,0.0A,26.6A,21.1 deg.C,0.0 deg.C,86Ah,Float
2026-05-14 00:37:24,51.7V,0.0A,0.0A,0.0A,24.5A,20.4 deg.C,0.0 deg.C,82Ah,Float
2026-05-14 00:27:24,51.6V,0.0A,0.0A,0.0A,21.6A,19.6 deg.C,0.0 deg.C,78Ah,Float
2026-05-14 00:17:24,51.6V,0.0A,0.0A,0.0A,25.7A,18.8 deg.C,0.0 deg.C,74Ah,Float
2026-05-14 00:07:24,51.5V,0.0A,0.0A,0.0A,25.2A,18.9 deg.C,0.0 deg.C,70Ah,Float
2026-05-13 23:57:24,51.3V,0.0A,0.0A,0.0A,19.2A,18.9 deg.C,0.0 deg.C,66Ah,Float
2026-05-13 23:47:24,51.3V,0.0A,0.0A,0.0A,24.5A,18.9 deg.C,0.0 deg.C,63Ah,Float
2026-05-13 23:37:24,51.3V,0.0A,0.0A,0.0A,23.3A,19.0 deg.C,0.0 deg.C,59Ah,Float
2026-05-13 23:27:24,51.1V,0.0A,0.0A,0.0A,18.5A,19.0 deg.C,0.0 deg.C,55Ah,Float
2026-05-13 23:17:24,51.1V,0.0A,0.0A,0.0A,23.1A,19.0 deg.C,0.0 deg.C,52Ah,Float
2026-05-13 23:07:24,51.0V,0.0A,0.0A,0.0A,24.0A,19.1 deg.C,0.0 deg.C,48Ah,Float
2026-05-13 22:57:24,50.8V,0.0A,0.0A,0.0A,17.4A,19.1 deg.C,0.0 deg.C,44Ah,Float
2026-05-13 22:47:24,50.8V,0.0A,0.0A,0.0A,25.1A,19.1 deg.C,0.0 deg.C,41Ah,Float
2026-05-13 22:37:24,50.6V,0.0A,0.0A,0.0A,21.0A,19.3 deg.C,0.0 deg.C,37Ah,Float
2026-05-13 22:27:24,50.5V,0.0A,0.0A,0.0A,19.5A,19.3 deg.C,0.0 deg.C,33Ah,Float
2026-05-13 22:17:24,50.5V,0.0A,0.0A,0.0A,22.7A,19.5 deg.C,0.0 deg.C,30Ah,Float
2026-05-13 22:07:24,50.4V,0.0A,0.0A,0.0A,24.6A,19.6 deg.C,0.0 deg.C,26Ah,Float
2026-05-13 21:57:24,50.2V,0.0A,0.0A,0.0A,22.2A,19.8 deg.C,0.0 deg.C,22Ah,Float
2026-05-13 21:47:24,50.1V,0.0A,0.0A,0.0A,21.3A,20.2 deg.C,0.0 deg.C,19Ah,Float
2026-05-13 21:37:24,50.0V,0.0A,0.0A,0.0A,21.8A,21.1 deg.C,0.0 deg.C,15Ah,Float
2026-05-13 21:27:24,49.8V,0.0A,0.0A,0.0A,23.0A,22.9 deg.C,0.0 deg.C,12Ah,Float
2026-05-13 21:17:24,49.6V,0.0A,0.0A,0.0A,19.0A,22.6 deg.C,0.0 deg.C,9Ah,Float
2026-05-13 21:07:24,49.5V,0.0A,0.0A,0.0A,23.1A,22.3 deg.C,0.0 deg.C,5Ah,Float
2026-05-13 20:57:24,49.3V,0.0A,0.0A,0.0A,24.3A,22.1 deg.C,0.0 deg.C,1Ah,Float
2026-05-13 20:47:24,48.6V,0.0A,0.0A,36.3A,-35.0A,22.3 deg.C,0.0 deg.C,0Ah,Discharge
2026-05-13 20:37:24,48.7V,0.0A,0.0A,43.6A,-44.4A,22.4 deg.C,0.0 deg.C,4Ah,Discharge
2026-05-13 20:27:24,49.0V,0.0A,0.0A,37.5A,-36.2A,22.4 deg.C,0.0 deg.C,10Ah,Discharge
2026-05-13 20:17:24,49.1V,0.0A,0.0A,40.8A,-39.9A,22.4 deg.C,0.0 deg.C,17Ah,Discharge
2026-05-13 20:07:24,49.4V,0.0A,0.0A,35.7A,-37.0A,22.3 deg.C,0.0 deg.C,23Ah,Discharge
2026-05-13 19:57:24,49.5V,0.0A,0.0A,35.0A,-35.4A,22.3 deg.C,0.0 deg.C,29Ah,Discharge
2026-05-13 19:47:24,49.6V,0.0A,0.0A,38.9A,-39.0A,22.2 deg.C,0.0 deg.C,36Ah,Discharge
2026-05-13 19:37:24,49.8V,0.0A,0.0A,33.9A,-33.9A,22.2 deg.C,0.0 deg.C,42Ah,Discharge
2026-05-13 19:27:24,49.9V,0.0A,0.0A,37.4A,-38.2A,22.1 deg.C,0.0 deg.C,48Ah,Discharge
2026-05-13 19:17:24,50.1V,0.0A,0.0A,37.0A,-34.5A,22.1 deg.C,0.0 deg.C,54Ah,Discharge
2026-05-13 19:07:24,50.3V,0.0A,0.0A,29.8A,-30.3A,22.1 deg.C,0.0 deg.C,59Ah,Discharge
2026-05-13 18:57:24,50.4V,0.0A,0.0A,32.9A,-33.9A,22.1 deg.C,0.0 deg.C,65Ah,Discharge
2026-05-13 18:47:24,50.5V,0.0A,0.0A,29.5A,-29.6A,22.1 deg.C,0.0 deg.C,70Ah,Discharge
2026-05-13 18:37:24,50.6V,0.0A,0.0A,34.2A,-33.8A,22.1 deg.C,0.0 deg.C,75Ah,Discharge
2026-05-13 18:27:24,50.8V,0.0A,0.0A,28.0A,-28.1A,22.1 deg.C,0.0 deg.C,81Ah,Discharge
2026-05-13 18:17:24,50.8V,0.0A,0.0A,33.4A,-32.9A,22.0 deg.C,0.0 deg.C,86Ah,Discharge
2026-05-13 18:07:24,51.0V,0.0A,0.0A,28.4A,-27.8A,22.0 deg.C,0.0 deg.C,91Ah,Discharge
2026-05-13 17:57:24,51.1V,0.0A,0.0A,27.4A,-28.3A,22.0 deg.C,0.0 deg.C,96Ah,Discharge
2026-05-13 17:47:24,51.2V,0.0A,0.0A,31.1A,-32.7A,22.0 deg.C,0.0 deg.C,102Ah,Discharge
2026-05-13 17:37:24,51.3V,0.0A,0.0A,28.3A,-28.5A,22.0 deg.C,0.0 deg.C,106Ah,Discharge
2026-05-13 17:27:24,51.4V,0.0A,0.0A,32.0A,-33.0A,22.0 deg.C,0.0 deg.C,111Ah,Discharge
2026-05-13 17:17:24,51.6V,0.0A,0.0A,28.8A,-28.7A,22.1 deg.C,0.0 deg.C,116Ah,Discharge
2026-05-13 17:07:24,51.6V,0.0A,0.0A,30.9A,-32.2A,22.1 deg.C,0.0 deg.C,121Ah,Discharge
2026-05-13 16:57:24,51.8V,0.0A,0.0A,27.8A,-29.5A,22.2 deg.C,0.0 deg.C,127Ah,Discharge
2026-05-13 16:47:24,51.9V,0.0A,0.0A,32.6A,-30.9A,22.3 deg.C,0.0 deg.C,131Ah,Discharge
2026-05-13 16:37:24,52.0V,0.0A,0.0A,32.5A,-32.3A,22.4 deg.C,0.0 deg.C,136Ah,Discharge
2026-05-13 16:27:24,52.2V,0.0A,0.0A,28.0A,-27.8A,22.4 deg.C,0.0 deg.C,141Ah,Discharge
2026-05-13 16:17:24,52.3V,0.0A,0.0A,27.7A,-27.3A,22.4 deg.C,0.0 deg.C,146Ah,Discharge
2026-05-13 16:07:24,52.4V,0.0A,0.0A,31.4A,-31.9A,22.4 deg.C,0.0 deg.C,151Ah,Discharge
2026-05-13 15:57:24,52.5V,0.0A,0.0A,26.7A,-28.0A,22.2 deg.C,0.0 deg.C,156Ah,Discharge
2026-05-13 15:47:24,52.6V,0.0A,0.0A,32.2A,-31.9A,22.0 deg.C,0.0 deg.C,161Ah,Discharge
2026-05-13 15:37:24,52.8V,0.0A,0.0A,27.6A,-27.8A,21.6 deg.C,0.0 deg.C,166Ah,Discharge
2026-05-13 15:27:24,52.8V,0.0A,0.0A,31.8A,-32.0A,21.1 deg.C,0.0 deg.C,171Ah,Discharge
2026-05-13 15:17:24,53.0V,0.0A,0.0A,29.5A,-30.9A,20.9 deg.C,0.0 deg.C,176Ah,Discharge
2026-05-13 15:07:24,53.2V,0.0A,0.0A,37.7A,-35.6A,21.8 deg.C,0.0 deg.C,182Ah,Discharge
2026-05-13 14:57:24,53.8V,0.0A,0.0A,0.0A,19.4A,22.0 deg.C,0.0 deg.C,179Ah,Float
2026-05-13 14:47:24,53.8V,0.0A,0.0A,0.0A,20.0A,21.9 deg.C,0.0 deg.C,176Ah,Float
2026-05-13 14:37:24,53.7V,0.0A,0.0A,0.0A,19.5A,21.7 deg.C,0.0 deg.C,173Ah,Float
2026-05-13 14:27:24,53.6V,0.0A,0.0A,0.0A,19.3A,21.7 deg.C,0.0 deg.C,170Ah,Float
2026-05-13 14:17:24,53.5V,0.0A,0.0A,0.0A,19.0A,21.7 deg.C,0.0 deg.C,166Ah,Float
2026-05-13 14:07:24,53.5V,0.0A,0.0A,0.0A,18.2A,21.6 deg.C,0.0 deg.C,163Ah,Float
2026-05-13 13:57:24,53.4V,0.0A,0.0A,0.0A,19.5A,21.7 deg.C,0.0 deg.C,160Ah,Float
2026-05-13 13:47:24,53.4V,0.0A,0.0A,0.0A,22.7A,21.8 deg.C,0.0 deg.C,157Ah,Float
2026-05-13 13:37:24,53.3V,0.0A,0.0A,0.0A,19.9A,21.9 deg.C,0.0 deg.C,153Ah,Float
2026-05-13 13:27:24,53.2V,0.0A,0.0A,0.0A,20.4A,21.9 deg.C,0.0 deg.C,150Ah,Float
2026-05-13 13:17:24,53.1V,0.0A,0.0A,0.0A,19.4A,22.0 deg.C,0.0 deg.C,147Ah,Float
2026-05-13 13:07:24,53.0V,0.0A,0.0A,0.0A,18.8A,22.0 deg.C,0.0 deg.C,143Ah,Float
2026-05-13 12:57:24,52.9V,0.0A,0.0A,0.0A,18.1A,22.0 deg.C,0.0 deg.C,140Ah,Float
2026-05-13 12:47:24,52.8V,0.0A,0.0A,0.0A,20.5A,22.2 deg.C,0.0 deg.C,137Ah,Float
2026-05-13 12:37:24,52.8V,0.0A,0.0A,0.0A,18.7A,22.5 deg.C,0.0 deg.C,133Ah,Float
2026-05-13 12:27:24,52.6V,0.0A,0.0A,0.0A,11.1A,22.5 deg.C,0.0 deg.C,130Ah,Float
2026-05-13 12:17:24,52.6V,0.0A,0.0A,0.0A,20.1A,22.4 deg.C,0.0 deg.C,127Ah,Float
2026-05-13 12:07:24,52.5V,0.0A,0.0A,0.0A,19.7A,22.2 deg.C,0.0 deg.C,124Ah,Float
2026-05-13 11:57:24,52.4V,0.0A,0.0A,0.0A,19.8A,21.9 deg.C,0.0 deg.C,121Ah,Float
2026-05-13 11:47:24,52.4V,0.0A,0.0A,0.0A,20.1A,21.8 deg.C,0.0 deg.C,117Ah,Float
2026-05-13 11:37:24,52.2V,0.0A,0.0A,0.0A,20.0A,21.7 deg.C,0.0 deg.C,114Ah,Float
2026-05-13 11:27:24,52.2V,0.0A,0.0A,0.0A,21.3A,21.6 deg.C,0.0 deg.C,111Ah,Float
2026-05-13 11:17:24,52.1V,0.0A,0.0A,0.0A,20.2A,21.6 deg.C,0.0 deg.C,107Ah,Float
2026-05-13 11:07:24,52.1V,0.0A,0.0A,0.0A,20.4A,21.6 deg.C,0.0 deg.C,104Ah,Float
2026-05-13 10:57:24,52.0V,0.0A,0.0A,0.0A,21.6A,21.5 deg.C,0.0 deg.C,100Ah,Float
2026-05-13 10:47:24,51.9V,0.0A,0.0A,0.0A,21.8A,21.4 deg.C,0.0 deg.C,97Ah,Float
2026-05-13 10:37:24,51.8V,0.0A,0.0A,0.0A,21.6A,21.2 deg.C,0.0 deg.C,93Ah,Float
2026-05-13 10:27:24,51.8V,0.0A,0.0A,0.0A,22.0A,21.1 deg.C,0.0 deg.C,90Ah,Float
2026-05-13 10:17:24,51.7V,0.0A,0.0A,0.0A,21.6A,20.9 deg.C,0.0 deg.C,86Ah,Float
2026-05-13 10:07:24,51.7V,0.0A,0.0A,0.0A,22.9A,20.7 deg.C,0.0 deg.C,82Ah,Float
2026-05-13 09:57:24,51.6V,0.0A,0.0A,0.0A,23.7A,20.7 deg.C,0.0 deg.C,78Ah,Float
2026-05-13 09:47:24,51.6V,0.0A,0.0A,0.0A,27.9A,20.7 deg.C,0.0 deg.C,74Ah,Float
2026-05-13 09:37:24,51.4V,0.0A,0.0A,0.0A,24.5A,20.8 deg.C,0.0 deg.C,70Ah,Float
2026-05-13 09:27:24,51.4V,0.0A,0.0A,0.0A,24.4A,20.6 deg.C,0.0 deg.C,65Ah,Float
2026-05-13 09:17:24,51.3V,0.0A,0.0A,0.0A,24.4A,20.4 deg.C,0.0 deg.C,61Ah,Float
2026-05-13 09:07:24,51.2V,0.0A,0.0A,0.0A,25.3A,20.1 deg.C,0.0 deg.C,57Ah,Float
2026-05-13 08:57:24,51.1V,0.0A,0.0A,0.0A,25.6A,19.9 deg.C,0.0 deg.C,53Ah,Float
2026-05-13 08:47:24,51.0V,0.0A,0.0A,0.0A,29.3A,19.7 deg.C,0.0 deg.C,48Ah,Float
2026-05-13 08:37:24,50.9V,0.0A,0.0A,0.0A,25.5A,19.6 deg.C,0.0 deg.C,44Ah,Float
2026-05-13 08:27:24,50.8V,0.0A,0.0A,0.0A,28.8A,19.8 deg.C,0.0 deg.C,39Ah,Float
2026-05-13 08:17:24,50.6V,0.0A,0.0A,0.0A,23.5A,20.4 deg.C,0.0 deg.C,35Ah,Float
2026-05-13 08:07:24,50.5V,0.0A,0.0A,0.0A,28.2A,21.7 deg.C,0.0 deg.C,30Ah,Float
2026-05-13 07:57:23,50.4V,0.0A,0.0A,0.0A,25.8A,22.2 deg.C,0.0 deg.C,26Ah,Float
2026-05-13 07:47:23,50.2V,0.0A,0.0A,0.0A,28.6A,21.9 deg.C,0.0 deg.C,21Ah,Float
2026-05-13 07:37:23,50.0V,0.0A,0.0A,0.0A,31.9A,21.6 deg.C,0.0 deg.C,16Ah,Float
2026-05-13 07:27:23,49.8V,0.0A,0.0A,0.0A,27.1A,21.3 deg.C,0.0 deg.C,11Ah,Float
2026-05-13 07:17:23,49.6V,0.0A,0.0A,0.0A,31.7A,20.8 deg.C,0.0 deg.C,6Ah,Float
2026-05-13 07:07:23,49.4V,0.0A,0.0A,0.0A,28.4A,20.4 deg.C,0.0 deg.C,2Ah,Float
2026-05-13 06:57:23,48.6V,0.0A,0.0A,32.1A,-32.0A,20.3 deg.C,0.0 deg.C,0Ah,Discharge
2026-05-13 06:47:23,48.7V,0.0A,0.0A,35.1A,-36.5A,20.3 deg.C,0.0 deg.C,0Ah,Discharge
2026-05-13 06:37:23,49.0V,0.0A,0.0A,31.6A,-31.4A,20.3 deg.C,0.0 deg.C,5Ah,Discharge
2026-05-13 06:27:23,49.1V,0.0A,0.0A,35.8A,-31.7A,20.2 deg.C,0.0 deg.C,11Ah,Discharge
2026-05-13 06:17:23,49.3V,0.0A,0.0A,30.5A,-31.0A,20.2 deg.C,0.0 deg.C,16Ah,Discharge
2026-05-13 06:07:23,49.3V,0.0A,0.0A,35.0A,-35.2A,20.2 deg.C,0.0 deg.C,21Ah,Discharge
2026-05-13 05:57:23,49.5V,0.0A,0.0A,30.5A,-30.4A,20.1 deg.C,0.0 deg.C,26Ah,Discharge
2026-05-13 05:47:23,49.6V,0.0A,0.0A,30.2A,-30.6A,20.1 deg.C,0.0 deg.C,32Ah,Discharge
2026-05-13 05:37:23,49.8V,0.0A,0.0A,30.7A,-30.8A,20.1 deg.C,0.0 deg.C,37Ah,Discharge
2026-05-13 05:27:23,49.8V,0.0A,0.0A,35.7A,-35.2A,20.1 deg.C,0.0 deg.C,42Ah,Discharge
2026-05-13 05:17:23,50.0V,0.0A,0.0A,30.2A,-30.4A,20.1 deg.C,0.0 deg.C,48Ah,Discharge
2026-05-13 05:07:23,50.1V,0.0A,0.0A,30.6A,-30.3A,20.1 deg.C,0.0 deg.C,53Ah,Discharge
2026-05-13 04:57:23,50.2V,0.0A,0.0A,31.0A,-30.4A,20.1 deg.C,0.0 deg.C,58Ah,Discharge
2026-05-13 04:47:23,50.3V,0.0A,0.0A,35.6A,-34.2A,20.1 deg.C,0.0 deg.C,63Ah,Discharge
2026-05-13 04:37:23,50.5V,0.0A,0.0A,30.9A,-30.2A,20.2 deg.C,0.0 deg.C,69Ah,Discharge
2026-05-13 04:27:23,50.6V,0.0A,0.0A,30.3A,-29.6A,20.3 deg.C,0.0 deg.C,74Ah,Discharge
2026-05-13 04:17:23,50.7V,0.0A,0.0A,29.7A,-29.9A,20.3 deg.C,0.0 deg.C,79Ah,Discharge
2026-05-13 04:07:23,50.8V,0.0A,0.0A,34.2A,-34.3A,20.4 deg.C,0.0 deg.C,84Ah,Discharge
2026-05-13 03:57:23,50.9V,0.0A,0.0A,29.9A,-30.0A,20.5 deg.C,0.0 deg.C,89Ah,Discharge
2026-05-13 03:47:23,51.0V,0.0A,0.0A,30.3A,-29.9A,20.5 deg.C,0.0 deg.C,94Ah,Discharge
2026-05-13 03:37:23,51.1V,0.0A,0.0A,34.0A,-34.5A,20.6 deg.C,0.0 deg.C,100Ah,Discharge
2026-05-13 03:27:23,51.3V,0.0A,0.0A,30.3A,-30.9A,20.7 deg.C,0.0 deg.C,105Ah,Discharge
2026-05-13 03:17:23,51.4V,0.0A,0.0A,30.0A,-29.8A,20.8 deg.C,0.0 deg.C,110Ah,Discharge
2026-05-13 03:07:23,51.5V,0.0A,0.0A,29.6A,-29.8A,20.8 deg.C,0.0 deg.C,115Ah,Discharge
2026-05-13 02:57:23,51.6V,0.0A,0.0A,33.5A,-34.0A,20.9 deg.C,0.0 deg.C,121Ah,Discharge
2026-05-13 02:47:23,51.8V,0.0A,0.0A,29.5A,-29.8A,21.0 deg.C,0.0 deg.C,126Ah,Discharge
2026-05-13 02:37:23,51.9V,0.0A,0.0A,29.8A,-29.2A,21.1 deg.C,0.0 deg.C,131Ah,Discharge
2026-05-13 02:27:23,52.0V,0.0A,0.0A,33.0A,-33.5A,21.2 deg.C,0.0 deg.C,136Ah,Discharge
2026-05-13 02:17:23,52.2V,0.0A,0.0A,29.0A,-29.6A,21.2 deg.C,0.0 deg.C,141Ah,Discharge
2026-05-13 02:07:23,52.3V,0.0A,0.0A,29.6A,-29.5A,21.3 deg.C,0.0 deg.C,146Ah,Discharge
2026-05-13 01:57:23,52.4V,0.0A,0.0A,34.9A,-34.6A,21.2 deg.C,0.0 deg.C,151Ah,Discharge
2026-05-13 01:47:23,52.5V,0.0A,0.0A,31.3A,-29.9A,21.2 deg.C,0.0 deg.C,157Ah,Discharge
2026-05-13 01:37:23,52.7V,0.0A,0.0A,29.0A,-30.6A,21.1 deg.C,0.0 deg.C,162Ah,Discharge
2026-05-13 01:27:23,52.7V,0.0A,0.0A,35.4A,-35.4A,20.9 deg.C,0.0 deg.C,167Ah,Discharge
2026-05-13 01:17:23,52.9V,0.0A,0.0A,30.5A,-30.5A,20.5 deg.C,0.0 deg.C,173Ah,Discharge
2026-05-13 01:07:23,53.2V,0.0A,0.0A,32.2A,-31.2A,20.0 deg.C,0.0 deg.C,178Ah,Discharge
2026-05-13 00:57:23,53.8V,0.0A,0.0A,0.0A,19.1A,20.0 deg.C,0.0 deg.C,176Ah,Float
2026-05-13 00:47:23,53.8V,0.0A,0.0A,0.0A,23.3A,20.0 deg.C,0.0 deg.C,173Ah,Float
2026-05-13 00:37:23,53.6V,0.0A,0.0A,0.0A,20.5A,20.0 deg.C,0.0 deg.C,169Ah,Float
2026-05-13 00:27:23,53.5V,0.0A,0.0A,0.0A,18.9A,20.0 deg.C,0.0 deg.C,166Ah,Float
2026-05-13 00:17:23,53.5V,0.0A,0.0A,0.0A,20.8A,20.0 deg.C,0.0 deg.C,163Ah,Float
2026-05-13 00:07:23,53.4V,0.0A,0.0A,0.0A,20.8A,20.1 deg.C,0.0 deg.C,159Ah,Float
2026-05-12 23:57:23,53.3V,0.0A,0.0A,0.0A,18.4A,20.1 deg.C,0.0 deg.C,156Ah,Float
2026-05-12 23:47:23,53.3V,0.0A,0.0A,0.0A,21.0A,20.1 deg.C,0.0 deg.C,152Ah,Float
2026-05-12 23:37:23,53.1V,0.0A,0.0A,0.0A,17.4A,20.1 deg.C,0.0 deg.C,149Ah,Float
2026-05-12 23:27:23,53.1V,0.0A,0.0A,0.0A,18.5A,20.1 deg.C,0.0 deg.C,146Ah,Float
2026-05-12 23:17:23,53.0V,0.0A,0.0A,0.0A,18.4A,20.1 deg.C,0.0 deg.C,143Ah,Float
2026-05-12 23:07:23,52.9V,0.0A,0.0A,0.0A,18.8A,20.1 deg.C,0.0 deg.C,139Ah,Float
2026-05-12 22:57:23,52.9V,0.0A,0.0A,0.0A,20.8A,20.1 deg.C,0.0 deg.C,136Ah,Float
2026-05-12 22:47:23,52.8V,0.0A,0.0A,0.0A,19.6A,20.1 deg.C,0.0 deg.C,132Ah,Float
2026-05-12 22:37:23,52.6V,0.0A,0.0A,0.0A,14.5A,20.1 deg.C,0.0 deg.C,129Ah,Float
2026-05-12 22:27:23,52.6V,0.0A,0.0A,0.0A,19.4A,20.1 deg.C,0.0 deg.C,126Ah,Float
2026-05-12 22:17:23,52.5V,0.0A,0.0A,0.0A,16.2A,20.1 deg.C,0.0 deg.C,123Ah,Float
2026-05-12 22:07:23,52.5V,0.0A,0.0A,0.0A,20.7A,20.1 deg.C,0.0 deg.C,120Ah,Float
2026-05-12 21:57:23,52.4V,0.0A,0.0A,0.0A,22.4A,20.1 deg.C,0.0 deg.C,116Ah,Float
2026-05-12 21:47:23,52.3V,0.0A,0.0A,0.0A,18.6A,20.1 deg.C,0.0 deg.C,113Ah,Float
2026-05-12 21:37:23,52.2V,0.0A,0.0A,0.0A,22.1A,20.1 deg.C,0.0 deg.C,110Ah,Float
2026-05-12 21:27:23,52.1V,0.0A,0.0A,0.0A,16.8A,20.0 deg.C,0.0 deg.C,107Ah,Float
2026-05-12 21:17:23,52.1V,0.0A,0.0A,0.0A,21.7A,20.0 deg.C,0.0 deg.C,103Ah,Float
2026-05-12 21:07:23,52.0V,0.0A,0.0A,0.0A,23.0A,20.0 deg.C,0.0 deg.C,100Ah,Float
2026-05-12 20:57:23,51.9V,0.0A,0.0A,0.0A,19.7A,20.0 deg.C,0.0 deg.C,96Ah,Float
2026-05-12 20:47:23,51.8V,0.0A,0.0A,0.0A,20.5A,20.0 deg.C,0.0 deg.C,93Ah,Float
2026-05-12 20:37:23,51.8V,0.0A,0.0A,0.0A,18.6A,20.0 deg.C,0.0 deg.C,89Ah,Float
2026-05-12 20:27:23,51.7V,0.0A,0.0A,0.0A,17.3A,20.0 deg.C,0.0 deg.C,86Ah,Float
2026-05-12 20:17:23,51.7V,0.0A,0.0A,0.0A,22.5A,20.0 deg.C,0.0 deg.C,82Ah,Float
2026-05-12 20:07:23,51.6V,0.0A,0.0A,0.0A,20.4A,20.1 deg.C,0.0 deg.C,79Ah,Float
2026-05-12 19:57:23,51.6V,0.0A,0.0A,0.0A,22.6A,20.1 deg.C,0.0 deg.C,75Ah,Float
2026-05-12 19:47:23,51.5V,0.0A,0.0A,0.0A,25.0A,20.2 deg.C,0.0 deg.C,71Ah,Float
2026-05-12 19:37:23,51.4V,0.0A,0.0A,0.0A,20.2A,20.2 deg.C,0.0 deg.C,68Ah,Float
2026-05-12 19:27:23,51.4V,0.0A,0.0A,0.0A,25.0A,20.3 deg.C,0.0 deg.C,64Ah,Float
2026-05-12 19:17:23,51.2V,0.0A,0.0A,0.0A,21.8A,20.3 deg.C,0.0 deg.C,60Ah,Float
2026-05-12 19:07:23,51.2V,0.0A,0.0A,0.0A,28.8A,20.4 deg.C,0.0 deg.C,55Ah,Float
2026-05-12 18:57:23,51.1V,0.0A,0.0A,0.0A,25.3A,20.5 deg.C,0.0 deg.C,51Ah,Float
2026-05-12 18:47:23,51.0V,0.0A,0.0A,0.0A,24.9A,20.6 deg.C,0.0 deg.C,47Ah,Float
