Log drop time;Site;System model;System serialnumber;Control unit;Control unit sw
'2026-07-14 11:23;'SABER_ANDAR;'RJ03 6KVA 48V21KW 400V+N SPD BD ;'214809001311;'SP2 Touch 11    ; 2.12  
Eventlog
#;Date/Time;Description;Event
00001;2026-07-14 08:57:53 ;OutDoorTemp82.1                 ;Event       :On 
00002;2026-07-13 17:22:21 ;OutDoorTemp82.1                 ;Event       :Off
00003;2026-07-13 08:07:32 ;OutDoorTemp82.1                 ;Event       :On 
00004;2026-07-12 17:53:30 ;OutDoorTemp82.1                 ;Event       :Off
00005;2026-07-12 07:53:55 ;OutDoorTemp82.1                 ;Event       :On 
00006;2026-07-11 17:28:02 ;OutDoorTemp82.1                 ;Event       :Off
00007;2026-07-11 08:34:29 ;OutDoorTemp82.1                 ;Event       :On 
00008;2026-07-10 17:38:41 ;OutDoorTemp82.1                 ;Event       :Off
00009;2026-07-10 10:50:59 ;BatteryUsedCap                  ;:5%             
00010;2026-07-10 10:37:59 ;MainsLow                        ;Major Alarm :Off
00011;2026-07-10 10:37:58 ;MainsLow                        ;Major Alarm :On 
00012;2026-07-10 10:37:48 ;MainsLow 1                      ;Major Alarm :Off
00013;2026-07-10 10:37:48 ;MainsLow                        ;Major Alarm :Off
00014;2026-07-10 10:37:46 ;MainsVolt 1.1                   ;Minor Low   :Off
00015;2026-07-10 10:37:45 ;MainsVolt 1.1                   ;Major Low   :Off
00016;2026-07-10 10:08:41 ;MainsVolt 1.1                   ;Major Low   :On 
00017;2026-07-10 10:08:37 ;MainsLow 1                      ;Major Alarm :On 
00018;2026-07-10 10:08:33 ;MainsVolt 1.1                   ;Minor Low   :On 
00019;2026-07-10 10:08:31 ;MainsLow                        ;Major Alarm :On 
00020;2026-07-10 08:40:25 ;OutDoorTemp82.1                 ;Event       :On 
00021;2026-07-09 18:03:54 ;OutDoorTemp82.1                 ;Event       :Off
00022;2026-07-09 09:01:32 ;OutDoorTemp82.1                 ;Event       :On 
00023;2026-07-08 19:45:43 ;OutDoorTemp82.1                 ;Event       :Off
00024;2026-07-08 08:17:05 ;OutDoorTemp82.1                 ;Event       :On 
00025;2026-07-07 17:41:44 ;OutDoorTemp82.1                 ;Event       :Off
00026;2026-07-07 08:05:39 ;OutDoorTemp82.1                 ;Event       :On 
00027;2026-07-06 17:58:23 ;OutDoorTemp82.1                 ;Event       :Off
00028;2026-07-06 09:23:29 ;OutDoorTemp82.1                 ;Event       :On 
00029;2026-07-05 17:46:58 ;OutDoorTemp82.1                 ;Event       :Off
00030;2026-07-05 08:47:54 ;OutDoorTemp82.1                 ;Event       :On 
00031;2026-07-04 17:36:23 ;OutDoorTemp82.1                 ;Event       :Off
00032;2026-07-04 09:10:54 ;OutDoorTemp82.1                 ;Event       :On 
00033;2026-07-03 17:46:26 ;OutDoorTemp82.1                 ;Event       :Off
00034;2026-07-03 09:03:37 ;OutDoorTemp82.1                 ;Event       :On 
00035;2026-07-02 17:17:11 ;OutDoorTemp82.1                 ;Event       :Off
00036;2026-07-02 08:36:40 ;OutDoorTemp82.1                 ;Event       :On 
00037;2026-07-01 16:56:28 ;OutDoorTemp82.1                 ;Event       :Off
00038;2026-07-01 07:51:07 ;OutDoorTemp82.1                 ;Event       :On 
00039;2026-06-30 17:45:29 ;OutDoorTemp82.1                 ;Event       :Off
00040;2026-06-30 09:12:51 ;OutDoorTemp82.1                 ;Event       :On 
00041;2026-06-29 16:45:51 ;OutDoorTemp82.1                 ;Event       :Off
00042;2026-06-29 08:46:51 ;OutDoorTemp82.1                 ;Event       :On 
00043;2026-06-28 17:13:18 ;OutDoorTemp82.1                 ;Event       :Off
00044;2026-06-28 08:23:03 ;OutDoorTemp82.1                 ;Event       :On 
00045;2026-06-27 17:45:29 ;OutDoorTemp82.1                 ;Event       :Off
00046;2026-06-27 09:51:23 ;OutDoorTemp82.1                 ;Event       :On 
00047;2026-06-26 18:02:52 ;OutDoorTemp82.1                 ;Event       :Off
00048;2026-06-26 09:20:06 ;OutDoorTemp82.1                 ;Event       :On 
00049;2026-06-25 17:46:49 ;OutDoorTemp82.1                 ;Event       :Off
00050;2026-06-25 09:05:09 ;OutDoorTemp82.1                 ;Event       :On 
00051;2026-06-24 17:52:02 ;OutDoorTemp82.1                 ;Event       :Off
00052;2026-06-24 09:04:16 ;OutDoorTemp82.1                 ;Event       :On 
00053;2026-06-23 18:06:09 ;OutDoorTemp82.1                 ;Event       :Off
00054;2026-06-23 08:06:29 ;OutDoorTemp82.1                 ;Event       :On 
00055;2026-06-22 18:23:32 ;OutDoorTemp82.1                 ;Event       :Off
00056;2026-06-22 08:33:13 ;OutDoorTemp82.1                 ;Event       :On 
00057;2026-06-21 20:15:30 ;OutDoorTemp82.1                 ;Event       :Off
00058;2026-06-21 08:17:47 ;OutDoorTemp82.1                 ;Event       :On 
00059;2026-06-20 19:22:01 ;OutDoorTemp82.1                 ;Event       :Off
00060;2026-06-20 07:52:50 ;OutDoorTemp82.1                 ;Event       :On 
00061;2026-06-19 19:33:43 ;OutDoorTemp82.1                 ;Event       :Off
00062;2026-06-19 07:27:35 ;OutDoorTemp82.1                 ;Event       :On 
00063;2026-06-19 03:23:03 ;OutDoorTemp82.1                 ;Event       :Off
00064;2026-06-19 01:57:51 ;OutDoorTemp82.1                 ;Event       :On 
00065;2026-06-19 00:39:05 ;OutDoorTemp82.1                 ;Event       :Off
00066;2026-06-18 23:46:49 ;OutDoorTemp82.1                 ;Event       :On 
00067;2026-06-18 19:30:24 ;OutDoorTemp82.1                 ;Event       :Off
00068;2026-06-18 07:59:50 ;OutDoorTemp82.1                 ;Event       :On 
00069;2026-06-17 20:04:57 ;OutDoorTemp82.1                 ;Event       :Off
00070;2026-06-17 07:27:03 ;OutDoorTemp82.1                 ;Event       :On 
00071;2026-06-16 21:27:24 ;OutDoorTemp82.1                 ;Event       :Off
00072;2026-06-16 03:39:39 ;OutDoorTemp82.1                 ;Event       :On 
00073;2026-06-16 01:45:49 ;OutDoorTemp82.1                 ;Event       :Off
00074;2026-06-12 10:55:06 ;BatteryUsedCap                  ;:4%             
00075;2026-06-12 10:42:20 ;MainsLow 1                      ;Major Alarm :Off
00076;2026-06-12 10:42:19 ;MainsLow                        ;Major Alarm :Off
00077;2026-06-12 10:42:18 ;MainsVolt 1.1                   ;Minor Low   :Off
00078;2026-06-12 10:42:17 ;MainsVolt 1.1                   ;Major Low   :Off
00079;2026-06-12 10:39:11 ;MainsVolt 1.1                   ;Major Low   :On 
00080;2026-06-12 10:39:07 ;MainsLow 1                      ;Major Alarm :On 
00081;2026-06-12 10:39:03 ;MainsVolt 1.1                   ;Minor Low   :On 
00082;2026-06-12 10:39:00 ;MainsLow                        ;Major Alarm :On 
00083;2026-06-12 10:38:54 ;MainsLow 1                      ;Major Alarm :Off
00084;2026-06-12 10:38:52 ;MainsVolt 1.1                   ;Minor Low   :Off
00085;2026-06-12 10:38:52 ;MainsLow                        ;Major Alarm :Off
00086;2026-06-12 10:38:51 ;MainsVolt 1.1                   ;Major Low   :Off
00087;2026-06-12 10:21:26 ;MainsVolt 1.1                   ;Major Low   :On 
00088;2026-06-12 10:21:22 ;MainsLow 1                      ;Major Alarm :On 
00089;2026-06-12 10:21:18 ;MainsVolt 1.1                   ;Minor Low   :On 
00090;2026-06-12 10:21:15 ;MainsLow                        ;Major Alarm :On 
00091;2026-06-12 10:15:57 ;MainsLow 1                      ;Major Alarm :Off
00092;2026-06-12 10:15:55 ;MainsLow                        ;Major Alarm :Off
00093;2026-06-12 10:15:55 ;MainsVolt 1.1                   ;Minor Low   :Off
00094;2026-06-12 10:15:54 ;MainsVolt 1.1                   ;Major Low   :Off
00095;2026-06-12 10:12:02 ;MainsVolt 1.1                   ;Major Low   :On 
00096;2026-06-12 10:11:58 ;MainsLow 1                      ;Major Alarm :On 
00097;2026-06-12 10:11:54 ;MainsVolt 1.1                   ;Minor Low   :On 
00098;2026-06-12 10:11:50 ;MainsLow                        ;Major Alarm :On 
00099;2026-06-12 10:01:58 ;MainsLow 1                      ;Major Alarm :Off
00100;2026-06-12 10:01:57 ;MainsLow                        ;Major Alarm :Off
00101;2026-06-12 10:01:56 ;MainsVolt 1.1                   ;Minor Low   :Off
00102;2026-06-12 10:01:55 ;MainsVolt 1.1                   ;Major Low   :Off
00103;2026-06-12 10:00:08 ;MainsVolt 1.1                   ;Major Low   :On 
00104;2026-06-12 10:00:04 ;MainsLow 1                      ;Major Alarm :On 
00105;2026-06-12 10:00:00 ;MainsVolt 1.1                   ;Minor Low   :On 
00106;2026-06-12 09:59:57 ;MainsLow                        ;Major Alarm :On 
00107;2026-06-06 04:59:33 ;OutDoorTemp82.1                 ;Event       :On 
00108;2026-06-06 03:41:47 ;OutDoorTemp82.1                 ;Event       :Off
00109;2026-06-03 14:56:52 ;BatteryTemp                     ;Minor High  :Off
00110;2026-06-03 14:56:23 ;BatteryTemp1.1                  ;Minor High  :Off
00111;2026-06-03 11:27:00 ;BatteryTemp                     ;Minor High  :On 
00112;2026-06-03 11:26:51 ;BatteryTemp1.1                  ;Minor High  :On 
00113;2026-06-02 13:10:37 ;Door open                       ;Major Alarm :Off
00114;2026-06-02 13:10:33 ;Door open                       ;Major Alarm :On 
00115;2026-06-02 13:06:53 ;Door open                       ;Major Alarm :Off
00116;2026-06-02 12:39:53 ;Door open                       ;Major Alarm :On 
00117;2026-06-01 06:59:37 ;OutDoorTemp82.1                 ;Event       :On 
00118;2026-06-01 06:04:46 ;OutDoorTemp82.1                 ;Event       :Off
00119;2026-05-31 16:28:42 ;BatteryTemp                     ;Minor High  :Off
00120;2026-05-31 16:28:31 ;BatteryTemp1.1                  ;Minor High  :Off
00121;2026-05-31 13:01:04 ;BatteryTemp                     ;Minor High  :On 
00122;2026-05-31 13:00:57 ;BatteryTemp1.1                  ;Minor High  :On 
00123;2026-05-30 16:12:03 ;BatteryTemp                     ;Minor High  :Off
00124;2026-05-30 16:11:58 ;BatteryTemp1.1                  ;Minor High  :Off
00125;2026-05-30 13:40:24 ;BatteryTemp                     ;Minor High  :On 
00126;2026-05-30 13:40:15 ;BatteryTemp1.1                  ;Minor High  :On 
00127;2026-05-29 15:56:07 ;BatteryTemp                     ;Minor High  :Off
00128;2026-05-29 15:55:55 ;BatteryTemp1.1                  ;Minor High  :Off
00129;2026-05-29 11:08:05 ;BatteryTemp                     ;Minor High  :On 
00130;2026-05-29 11:07:57 ;BatteryTemp1.1                  ;Minor High  :On 
00131;2026-05-28 15:52:52 ;BatteryTemp                     ;Minor High  :Off
00132;2026-05-28 15:52:49 ;BatteryTemp1.1                  ;Minor High  :Off
00133;2026-05-28 13:14:29 ;BatteryTemp1.1                  ;Minor High  :On 
00134;2026-05-28 13:14:18 ;BatteryTemp                     ;Minor High  :On 
00135;2026-05-27 19:52:52 ;MainsLow 1                      ;Major Alarm :Off
00136;2026-05-27 19:52:50 ;MainsLow                        ;Major Alarm :Off
00137;2026-05-27 19:52:50 ;MainsVolt 1.1                   ;Minor Low   :Off
00138;2026-05-27 19:52:49 ;MainsVolt 1.1                   ;Major Low   :Off
00139;2026-05-27 19:52:02 ;MainsVolt 1.1                   ;Major Low   :On 
00140;2026-05-27 19:51:58 ;MainsLow 1                      ;Major Alarm :On 
00141;2026-05-27 19:51:54 ;MainsVolt 1.1                   ;Minor Low   :On 
00142;2026-05-27 19:51:51 ;MainsLow                        ;Major Alarm :On 
00143;2026-05-27 19:46:22 ;MainsLow 1                      ;Major Alarm :Off
00144;2026-05-27 19:46:21 ;MainsLow                        ;Major Alarm :Off
00145;2026-05-27 19:46:20 ;MainsVolt 1.1                   ;Minor Low   :Off
00146;2026-05-27 19:46:19 ;MainsVolt 1.1                   ;Major Low   :Off
00147;2026-05-27 19:40:44 ;MainsVolt 1.1                   ;Major Low   :On 
00148;2026-05-27 19:40:40 ;MainsLow 1                      ;Major Alarm :On 
00149;2026-05-27 19:40:36 ;MainsVolt 1.1                   ;Minor Low   :On 
00150;2026-05-27 19:40:32 ;MainsLow                        ;Major Alarm :On 
00151;2026-05-27 19:40:29 ;MainsLow 1                      ;Major Alarm :Off
00152;2026-05-27 19:40:28 ;MainsLow                        ;Major Alarm :Off
00153;2026-05-27 19:40:27 ;MainsVolt 1.1                   ;Minor Low   :Off
00154;2026-05-27 19:40:26 ;MainsVolt 1.1                   ;Major Low   :Off
00155;2026-05-27 19:40:19 ;MainsVolt 1.1                   ;Major Low   :On 
00156;2026-05-27 19:40:15 ;MainsLow 1                      ;Major Alarm :On 
00157;2026-05-27 19:40:11 ;MainsVolt 1.1                   ;Minor Low   :On 
00158;2026-05-27 19:40:07 ;MainsLow                        ;Major Alarm :On 
00159;2026-05-26 16:18:38 ;BatteryTemp1.1                  ;Minor High  :Off
00160;2026-05-26 16:18:34 ;BatteryTemp                     ;Minor High  :Off
00161;2026-05-26 14:11:50 ;BatteryTemp                     ;Minor High  :On 
00162;2026-05-26 14:11:50 ;BatteryTemp1.1                  ;Minor High  :On 
00163;2026-05-26 06:57:54 ;OutDoorTemp82.1                 ;Event       :On 
00164;2026-05-26 06:00:54 ;OutDoorTemp82.1                 ;Event       :Off
00165;2026-05-26 05:18:46 ;OutDoorTemp82.1                 ;Event       :On 
00166;2026-05-26 02:34:59 ;OutDoorTemp82.1                 ;Event       :Off
00167;2026-05-25 16:11:18 ;BatteryTemp                     ;Minor High  :Off
00168;2026-05-25 16:10:57 ;BatteryTemp1.1                  ;Minor High  :Off
00169;2026-05-25 14:36:46 ;BatteryTemp                     ;Minor High  :On 
00170;2026-05-25 14:36:44 ;BatteryTemp1.1                  ;Minor High  :On 
00171;2026-05-25 07:01:12 ;OutDoorTemp82.1                 ;Event       :On 
00172;2026-05-25 05:19:15 ;OutDoorTemp82.1                 ;Event       :Off
00173;2026-05-24 16:11:24 ;BatteryTemp                     ;Minor High  :Off
00174;2026-05-24 16:11:12 ;BatteryTemp1.1                  ;Minor High  :Off
00175;2026-05-24 14:35:13 ;BatteryTemp                     ;Minor High  :On 
00176;2026-05-24 14:35:08 ;BatteryTemp1.1                  ;Minor High  :On 
00177;2026-05-24 04:38:42 ;OutDoorTemp82.1                 ;Event       :On 
00178;2026-05-24 02:58:04 ;OutDoorTemp82.1                 ;Event       :Off
00179;2026-05-23 16:11:46 ;BatteryTemp1.1                  ;Minor High  :Off
00180;2026-05-23 16:11:27 ;BatteryTemp                     ;Minor High  :Off
00181;2026-05-23 13:46:17 ;BatteryTemp                     ;Minor High  :On 
00182;2026-05-23 13:46:15 ;BatteryTemp1.1                  ;Minor High  :On 
00183;2026-05-21 15:56:41 ;BatteryTemp1.1                  ;Minor High  :Off
00184;2026-05-21 15:56:34 ;BatteryTemp                     ;Minor High  :Off
00185;2026-05-21 11:37:59 ;BatteryTemp1.1                  ;Minor High  :On 
00186;2026-05-21 11:37:43 ;BatteryTemp                     ;Minor High  :On 
00187;2026-05-20 15:49:35 ;BatteryTemp1.1                  ;Minor High  :Off
00188;2026-05-20 15:49:28 ;BatteryTemp                     ;Minor High  :Off
00189;2026-05-20 13:19:58 ;BatteryTemp                     ;Minor High  :On 
00190;2026-05-20 13:19:54 ;BatteryTemp1.1                  ;Minor High  :On 
00191;2026-05-19 15:53:43 ;BatteryTemp                     ;Minor High  :Off
00192;2026-05-19 15:53:38 ;BatteryTemp1.1                  ;Minor High  :Off
00193;2026-05-19 14:31:12 ;BatteryTemp                     ;Minor High  :On 
00194;2026-05-19 14:31:05 ;BatteryTemp1.1                  ;Minor High  :On 
00195;2026-05-19 12:52:05 ;BatteryTemp                     ;Minor High  :Off
00196;2026-05-19 12:52:04 ;BatteryTemp1.1                  ;Minor High  :Off
00197;2026-05-19 12:20:13 ;BatteryTemp1.1                  ;Minor High  :On 
00198;2026-05-19 12:20:07 ;BatteryTemp                     ;Minor High  :On 
00199;2026-05-18 16:02:28 ;BatteryTemp                     ;Minor High  :Off
00200;2026-05-18 16:02:28 ;BatteryTemp1.1                  ;Minor High  :Off
00201;2026-05-18 13:17:54 ;BatteryTemp1.1                  ;Minor High  :On 
00202;2026-05-18 13:17:22 ;BatteryTemp                     ;Minor High  :On 
00203;2026-05-17 15:52:19 ;BatteryTemp                     ;Minor High  :Off
00204;2026-05-17 15:52:15 ;BatteryTemp1.1                  ;Minor High  :Off
00205;2026-05-17 14:56:12 ;BatteryTemp1.1                  ;Minor High  :On 
00206;2026-05-17 14:56:05 ;BatteryTemp                     ;Minor High  :On 
00207;2026-05-16 16:08:12 ;BatteryTemp1.1                  ;Minor High  :Off
00208;2026-05-16 16:08:06 ;BatteryTemp                     ;Minor High  :Off
00209;2026-05-16 13:14:13 ;BatteryTemp                     ;Minor High  :On 
00210;2026-05-16 13:14:07 ;BatteryTemp1.1                  ;Minor High  :On 
00211;2026-05-15 15:25:34 ;BatteryTemp1.1                  ;Minor High  :Off
00212;2026-05-15 15:25:34 ;BatteryTemp                     ;Minor High  :Off
00213;2026-05-15 15:08:05 ;BatteryTemp1.1                  ;Minor High  :On 
00214;2026-05-15 15:08:03 ;BatteryTemp                     ;Minor High  :On 
00215;2026-05-15 14:23:52 ;BatteryTemp                     ;Minor High  :Off
00216;2026-05-15 14:11:28 ;BatteryTemp                     ;Minor High  :On 
00217;2026-05-14 16:31:24 ;BatteryUsedCap                  ;:3%             
00218;2026-05-14 16:20:14 ;MainsLow                        ;Major Alarm :Off
00219;2026-05-14 16:20:13 ;MainsLow                        ;Major Alarm :On 
00220;2026-05-14 16:18:46 ;MainsLow 1                      ;Major Alarm :Off
00221;2026-05-14 16:18:46 ;MainsLow                        ;Major Alarm :Off
00222;2026-05-14 16:18:44 ;MainsVolt 1.1                   ;Minor Low   :Off
00223;2026-05-14 16:18:43 ;MainsVolt 1.1                   ;Major Low   :Off
00224;2026-05-14 16:00:10 ;MainsVolt 1.1                   ;Major Low   :On 
00225;2026-05-14 16:00:06 ;MainsLow 1                      ;Major Alarm :On 
00226;2026-05-14 16:00:02 ;MainsVolt 1.1                   ;Minor Low   :On 
00227;2026-05-14 15:59:59 ;MainsLow                        ;Major Alarm :On 
00228;2026-05-14 13:15:10 ;BatteryTemp1.1                  ;Minor High  :Off
00229;2026-05-14 13:15:09 ;BatteryTemp                     ;Minor High  :Off
00230;2026-05-14 12:56:48 ;BatteryTemp                     ;Minor High  :On 
00231;2026-05-14 12:56:47 ;BatteryTemp1.1                  ;Minor High  :On 
00232;2026-05-13 16:02:55 ;BatteryTemp                     ;Minor High  :Off
00233;2026-05-13 16:02:50 ;BatteryTemp1.1                  ;Minor High  :Off
00234;2026-05-13 13:10:03 ;BatteryTemp1.1                  ;Minor High  :On 
00235;2026-05-13 13:09:55 ;BatteryTemp                     ;Minor High  :On 
00236;2026-05-12 15:50:34 ;BatteryTemp1.1                  ;Minor High  :Off
00237;2026-05-12 15:50:34 ;BatteryTemp                     ;Minor High  :Off
00238;2026-05-12 13:04:27 ;BatteryTemp1.1                  ;Minor High  :On 
00239;2026-05-12 13:04:24 ;BatteryTemp                     ;Minor High  :On 
00240;2026-05-11 15:26:32 ;BatteryTemp                     ;Minor High  :Off
00241;2026-05-11 15:26:01 ;BatteryTemp1.1                  ;Minor High  :Off
00242;2026-05-11 14:14:36 ;BatteryTemp                     ;Minor High  :On 
00243;2026-05-11 14:14:26 ;BatteryTemp1.1                  ;Minor High  :On 
00244;2026-05-11 08:37:40 ;BatteryUsedCap                  ;:18%            
00245;2026-05-11 08:24:51 ;MainsLow                        ;Major Alarm :Off
00246;2026-05-11 08:24:49 ;MainsLow                        ;Major Alarm :On 
00247;2026-05-11 08:23:59 ;MainsLow                        ;Major Alarm :Off
00248;2026-05-11 08:23:57 ;MainsLow                        ;Major Alarm :On 
00249;2026-05-11 08:23:27 ;MainsLow 1                      ;Major Alarm :Off
00250;2026-05-11 08:23:25 ;MainsVolt 1.1                   ;Minor Low   :Off
00251;2026-05-11 08:23:24 ;MainsLow                        ;Major Alarm :Off
00252;2026-05-11 08:23:24 ;MainsLow 1                      ;Major Alarm :On 
00253;2026-05-11 08:23:20 ;MainsVolt 1.1                   ;Minor Low   :On 
00254;2026-05-11 08:23:17 ;MainsLow                        ;Major Alarm :On 
00255;2026-05-11 08:23:13 ;MainsLow 1                      ;Major Alarm :Off
00256;2026-05-11 08:23:11 ;MainsLow                        ;Major Alarm :Off
00257;2026-05-11 08:23:11 ;MainsVolt 1.1                   ;Minor Low   :Off
00258;2026-05-11 08:23:10 ;MainsVolt 1.1                   ;Major Low   :Off
00259;2026-05-11 06:20:42 ;MainsVolt 1.1                   ;Major Low   :On 
00260;2026-05-11 06:20:38 ;MainsLow 1                      ;Major Alarm :On 
00261;2026-05-11 06:20:34 ;MainsVolt 1.1                   ;Minor Low   :On 
00262;2026-05-11 06:20:31 ;MainsLow                        ;Major Alarm :On 
00263;2026-05-09 14:47:40 ;BatteryTemp                     ;Minor High  :Off
00264;2026-05-09 14:47:38 ;BatteryTemp1.1                  ;Minor High  :Off
00265;2026-05-09 12:56:53 ;BatteryTemp                     ;Minor High  :On 
00266;2026-05-09 12:56:21 ;BatteryTemp1.1                  ;Minor High  :On 
00267;2026-05-08 15:51:26 ;BatteryTemp                     ;Minor High  :Off
00268;2026-05-08 15:51:20 ;BatteryTemp1.1                  ;Minor High  :Off
00269;2026-05-08 12:25:10 ;BatteryTemp                     ;Minor High  :On 
00270;2026-05-08 12:25:09 ;BatteryTemp1.1                  ;Minor High  :On 
00271;2026-05-06 16:59:56 ;Door open                       ;Major Alarm :Off
00272;2026-05-06 16:57:04 ;BatteryUsedCap                  ;:94%            
00273;2026-05-06 16:47:36 ;MainsLow 1                      ;Major Alarm :Off
00274;2026-05-06 16:47:34 ;MainsVolt 1.1                   ;Minor Low   :Off
00275;2026-05-06 16:47:33 ;MainsLow                        ;Major Alarm :Off
00276;2026-05-06 16:47:33 ;MainsVolt 1.1                   ;Major Low   :Off
00277;2026-05-06 16:46:34 ;MainsVolt 1.1                   ;Major Low   :On 
00278;2026-05-06 16:46:30 ;MainsLow 1                      ;Major Alarm :On 
00279;2026-05-06 16:46:26 ;MainsVolt 1.1                   ;Minor Low   :On 
00280;2026-05-06 16:46:22 ;MainsLow                        ;Major Alarm :On 
00281;2026-05-06 16:41:04 ;MainsLow 1                      ;Major Alarm :Off
00282;2026-05-06 16:41:03 ;MainsLow                        ;Major Alarm :Off
00283;2026-05-06 16:41:02 ;MainsVolt 1.1                   ;Minor Low   :Off
00284;2026-05-06 16:41:01 ;MainsVolt 1.1                   ;Major Low   :Off
00285;2026-05-06 16:40:53 ;Genstart                        ;Event       :On 
00286;2026-05-06 16:39:02 ;MainsVolt 1.1                   ;Major Low   :On 
00287;2026-05-06 16:38:58 ;MainsLow 1                      ;Major Alarm :On 
00288;2026-05-06 16:38:54 ;MainsVolt 1.1                   ;Minor Low   :On 
00289;2026-05-06 16:38:51 ;MainsLow                        ;Major Alarm :On 
00290;2020-09-20 10:45:40 ;OutDoorTemp82.1                 ;Event       :On 
00291;2020-09-20 10:44:42 ;Door open                       ;Major Alarm :On 
00292;2020-09-20 10:44:40 ;OutDoorTemp82.1                 ;Event       :Off
00293;2020-09-20 10:44:40 ;Door open                       ;Major Alarm :Off
00294;2020-09-20 10:44:39 ;SystemRst 11 8                  ;Info            
00295;2020-09-20 10:48:08 ;MainsLow 1                      ;Major Alarm :Off
00296;2020-09-20 10:48:07 ;MainsLow                        ;Major Alarm :Off
00297;2020-09-20 10:48:06 ;MainsVolt 1.1                   ;Minor Low   :Off
00298;2020-09-20 10:48:05 ;MainsVolt 1.1                   ;Major Low   :Off
00299;2020-09-20 10:47:58 ;MainsVolt 1.1                   ;Major Low   :On 
00300;2020-09-20 10:47:54 ;MainsLow 1                      ;Major Alarm :On 
00301;2020-09-20 10:47:50 ;MainsVolt 1.1                   ;Minor Low   :On 
00302;2020-09-20 10:47:46 ;MainsLow                        ;Major Alarm :On 
00303;2020-09-20 10:45:40 ;OutDoorTemp82.1                 ;Event       :On 
00304;2020-09-20 10:44:42 ;Door open                       ;Major Alarm :On 
00305;2020-09-20 10:44:40 ;Door open                       ;Major Alarm :Off
00306;2020-09-20 10:44:39 ;SystemRst 11 8                  ;Info            
00307;2020-09-20 10:55:45 ;MainsLow                        ;Major Alarm :On 
00308;2020-09-20 10:48:01 ;MainsVolt 1.1                   ;Major Low   :On 
00309;2020-09-20 10:47:57 ;MainsLow 1                      ;Major Alarm :On 
00310;2020-09-20 10:47:53 ;MainsVolt 1.1                   ;Minor Low   :On 
00311;2020-09-20 10:45:40 ;OutDoorTemp82.1                 ;Event       :On 
00312;2020-09-20 10:45:22 ;BatteryTemp1.1                  ;Minor High  :On 
00313;2020-09-20 10:45:20 ;BatteryTemp                     ;Minor High  :On 
00314;2020-09-20 10:44:42 ;Door open                       ;Major Alarm :On 
00315;2020-09-20 10:44:40 ;OutDoorTemp82.1                 ;Event       :Off
00316;2020-09-20 10:44:40 ;Door open                       ;Major Alarm :Off
00317;2020-09-20 10:44:39 ;BatteryTemp1.1                  ;Minor High  :Off
00318;2020-09-20 10:44:39 ;SystemRst 11 38                 ;Info            
EventlogBackup
#;Date/Time;Description;Event
09996;2020-09-20 10:44:42 ;Door open                       ;Major Alarm :On 
09997;2020-09-20 10:44:40 ;OutDoorTemp82.1                 ;Event       :Off
09998;2020-09-20 10:44:40 ;Door open                       ;Major Alarm :Off
09999;2020-09-20 10:44:39 ;BatteryTemp1.1                  ;Minor High  :Off
10000;2020-09-20 10:44:39 ;SystemRst 11 38                 ;Info            
Datalog
#;Date;Time;BatteryVoltage  ;BatteryCurrent  ;LoadCurrent     ;Rect.current    ;MainsVolt 1    ;MainsVolt 2    ;MainsVolt 3    ;Dc load power;BatteryTemp     ;BatteryRemCap   
;;;Vdc            ;A              ;A              ;A              ;Vac            ;Vac            ;Vac            ;W              ;°C             ;Ah             
00001;2026-07-14;11:01;52.21;0;51;50;232;231;232;2454;21;600
00002;2026-07-14;10:30;52.23;0;47;49;232;231;231;2453;21;600
00003;2026-07-14;10:00;52.23;0;46;46;231;231;232;2402;21;600
00004;2026-07-14;09:29;52.22;0;45;46;232;231;232;2349;21;600
00005;2026-07-14;08:59;52.21;0;49;48;232;231;232;2558;25;599
00006;2026-07-14;08:28;52.23;0;47;49;231;232;232;2402;26;600
00007;2026-07-14;07:58;52.24;0;46;48;232;232;232;2350;25;599
00008;2026-07-14;07:27;52.25;0;48;48;231;232;232;2558;25;600
00009;2026-07-14;06:57;52.22;0;45;49;232;232;232;2402;24;600
00010;2026-07-14;06:26;52.24;0;46;45;232;231;232;2350;24;600
00011;2026-07-14;05:56;52.25;0;41;44;232;232;232;2141;24;600
00012;2026-07-14;05:25;52.25;0;44;44;232;231;232;2246;24;599
00013;2026-07-14;04:55;52.25;-1;40;41;232;231;232;2038;24;600
00014;2026-07-14;04:24;52.26;-1;40;41;232;231;232;2037;24;600
00015;2026-07-14;03:54;52.25;0;40;40;232;231;232;2038;24;600
00016;2026-07-14;03:23;52.25;0;40;42;232;231;232;2090;24;600
00017;2026-07-14;02:53;52.26;0;39;40;232;232;231;2038;24;600
00018;2026-07-14;02:22;52.25;0;40;41;231;232;231;2142;24;600
00019;2026-07-14;01:52;52.26;0;40;43;232;231;231;2194;24;600
00020;2026-07-14;01:21;52.25;0;39;41;232;231;232;2090;24;600
00021;2026-07-14;00:51;52.24;0;39;41;232;232;232;2090;24;600
00022;2026-07-14;00:20;52.26;0;39;40;232;232;232;2037;24;600
00023;2026-07-13;23:50;52.24;0;40;43;231;231;232;2142;24;599
00024;2026-07-13;23:19;52.25;0;41;43;232;231;232;2141;24;600
00025;2026-07-13;22:49;52.25;0;43;44;232;231;232;2246;24;600
00026;2026-07-13;22:19;52.24;0;45;46;232;231;232;2350;24;600
00027;2026-07-13;21:48;52.24;0;45;45;232;232;232;2246;24;600
00028;2026-07-13;21:18;52.23;0;44;46;231;232;232;2350;24;600
00029;2026-07-13;20:47;52.23;0;47;47;231;232;232;2507;24;600
00030;2026-07-13;20:17;52.23;0;45;47;231;232;231;2402;24;600
00031;2026-07-13;19:46;52.23;0;48;47;232;232;232;2402;23;600
00032;2026-07-13;19:16;52.23;-1;46;46;231;231;232;2453;23;600
00033;2026-07-13;18:45;52.23;-1;47;47;231;232;232;2454;22;600
00034;2026-07-13;18:15;52.23;1;46;47;231;231;231;2559;21;600
00035;2026-07-13;17:44;52.23;1;45;47;231;232;231;2403;20;600
00036;2026-07-13;17:14;52.21;0;46;49;231;231;231;2453;20;600
00037;2026-07-13;16:43;52.22;0;47;49;231;231;231;2505;21;600
00038;2026-07-13;16:13;52.21;0;47;50;231;231;232;2454;24;600
00039;2026-07-13;15:42;52.21;0;46;48;232;231;231;2558;25;600
00040;2026-07-13;15:12;52.22;0;49;48;232;231;232;2401;25;600
00041;2026-07-13;14:41;52.21;0;50;50;231;231;231;2819;25;599
00042;2026-07-13;14:11;52.23;0;48;48;231;231;232;2454;25;600
00043;2026-07-13;13:40;52.22;0;46;48;231;231;232;2714;25;600
00044;2026-07-13;13:10;52.21;0;49;51;231;231;231;2454;25;600
00045;2026-07-13;12:39;52.21;0;48;49;231;231;231;2506;25;600
00046;2026-07-13;12:09;52.21;-1;50;50;231;231;231;2454;25;600
00047;2026-07-13;11:38;52.23;-1;47;48;231;232;231;2610;24;600
00048;2026-07-13;11:08;52.22;1;48;49;232;231;231;2402;23;600
00049;2026-07-13;10:37;52.21;1;47;46;231;231;232;2402;23;600
00050;2026-07-13;10:07;52.22;1;49;51;232;231;231;2610;23;600
00051;2026-07-13;09:37;52.21;1;52;55;231;231;231;2558;22;600
00052;2026-07-13;09:06;52.22;0;50;48;231;231;231;2453;21;600
00053;2026-07-13;08:36;52.21;0;48;48;231;231;232;2453;21;600
00054;2026-07-13;08:05;52.24;0;47;47;231;232;232;2350;26;600
00055;2026-07-13;07:35;52.23;0;48;47;231;232;231;2455;25;600
00056;2026-07-13;07:04;52.23;0;48;51;232;232;231;2350;25;600
00057;2026-07-13;06:34;52.24;0;45;45;232;231;231;2403;25;600
00058;2026-07-13;06:03;52.25;-2;44;44;232;232;231;2246;24;600
00059;2026-07-13;05:33;52.23;-2;42;42;232;232;232;2142;24;600
00060;2026-07-13;05:02;52.25;0;41;42;232;232;232;2037;24;599
00061;2026-07-13;04:32;52.25;0;39;41;231;232;231;2090;25;600
00062;2026-07-13;04:01;52.26;0;39;41;232;231;232;2194;24;599
00063;2026-07-13;03:31;52.25;0;39;40;232;232;232;2037;24;600
00064;2026-07-13;03:00;52.25;0;39;40;231;232;232;2142;24;600
00065;2026-07-13;02:30;52.25;0;39;40;232;232;232;2037;24;600
00066;2026-07-13;01:59;52.24;0;39;41;232;232;232;2089;25;600
00067;2026-07-13;01:29;52.25;0;40;41;231;232;232;2245;25;600
00068;2026-07-13;00:58;52.25;0;40;40;231;232;232;2089;25;600
00069;2026-07-13;00:28;52.25;0;41;42;232;232;231;2090;24;600
00070;2026-07-12;23:57;52.25;0;41;42;232;231;232;2141;24;600
00071;2026-07-12;23:27;52.24;0;42;42;231;232;232;2090;24;600
00072;2026-07-12;22:56;52.23;0;42;43;231;232;232;2194;24;599
00073;2026-07-12;22:26;52.23;0;43;46;231;232;231;2298;24;600
00074;2026-07-12;21:55;52.24;0;45;48;231;231;232;2298;24;600
00075;2026-07-12;21:25;52.22;0;46;47;232;231;232;2401;23;600
00076;2026-07-12;20:54;52.23;0;49;49;231;231;232;2558;23;600
00077;2026-07-12;20:24;52.24;0;46;45;232;231;231;2402;23;599
00078;2026-07-12;19:54;52.22;0;50;51;232;231;231;2767;22;600
00079;2026-07-12;19:23;52.23;0;50;49;231;231;232;2663;21;600
00080;2026-07-12;18:53;52.21;0;49;48;231;231;232;2506;21;600
00081;2026-07-12;18:22;52.22;0;48;48;232;232;232;2662;20;600
00082;2026-07-12;17:52;52.22;0;46;47;232;232;232;2401;20;600
00083;2026-07-12;17:21;52.22;0;45;48;231;231;231;2506;21;600
00084;2026-07-12;16:51;52.22;0;45;48;231;231;231;2349;22;600
00085;2026-07-12;16:20;52.21;0;44;46;232;231;232;2298;24;600
00086;2026-07-12;15:50;52.22;0;48;49;231;232;231;2558;25;600
00087;2026-07-12;15:19;52.21;0;47;50;231;231;232;2349;25;600
00088;2026-07-12;14:49;52.22;0;46;48;232;231;231;2349;26;600
00089;2026-07-12;14:18;52.22;0;48;48;231;231;232;2402;26;600
00090;2026-07-12;13:48;52.22;0;48;48;231;231;232;2454;26;600
00091;2026-07-12;13:17;52.23;0;46;46;231;231;231;2349;26;600
00092;2026-07-12;12:47;52.23;0;48;45;231;231;232;2454;26;600
00093;2026-07-12;12:16;52.21;0;47;49;231;231;232;2350;26;600
00094;2026-07-12;11:46;52.23;-1;46;48;231;231;232;2402;25;600
00095;2026-07-12;11:15;52.22;-1;46;50;231;231;231;2506;24;600
00096;2026-07-12;10:45;52.22;1;47;48;231;231;231;2402;24;600
00097;2026-07-12;10:14;52.20;1;49;49;231;231;232;2453;23;600
00098;2026-07-12;09:44;52.22;0;47;47;231;232;231;2453;22;600
00099;2026-07-12;09:13;52.22;0;47;49;231;232;232;2506;22;600
00100;2026-07-12;08:43;52.21;0;46;47;231;231;232;2402;21;600
00101;2026-07-12;08:12;52.23;0;46;48;231;231;232;2349;21;600
00102;2026-07-12;07:42;52.23;0;47;47;232;232;232;2350;26;600
00103;2026-07-12;07:11;52.23;0;47;47;232;231;232;2403;26;600
00104;2026-07-12;06:41;52.24;0;45;45;231;231;231;2350;25;600
00105;2026-07-12;06:11;52.25;-1;41;41;231;231;231;2142;25;600
00106;2026-07-12;05:40;52.25;-1;41;42;232;232;232;2194;24;600
00107;2026-07-12;05:10;52.25;-1;39;41;232;231;231;2090;24;600
00108;2026-07-12;04:39;52.25;0;43;43;231;232;232;2141;24;600
00109;2026-07-12;04:09;52.26;0;41;42;232;231;232;2090;24;600
00110;2026-07-12;03:38;52.23;0;41;42;232;232;232;2090;24;600
00111;2026-07-12;03:08;52.25;0;40;41;231;232;232;2090;24;600
00112;2026-07-12;02:37;52.25;0;40;41;232;231;231;2037;24;600
00113;2026-07-12;02:07;52.25;0;41;42;232;231;232;2194;24;600
00114;2026-07-12;01:36;52.25;0;40;41;231;231;231;2141;24;600
00115;2026-07-12;01:06;52.25;0;40;42;232;231;232;2246;24;600
00116;2026-07-12;00:35;52.23;0;43;42;231;232;232;2193;24;600
00117;2026-07-12;00:05;52.25;0;41;42;231;232;232;2142;24;600
00118;2026-07-11;23:34;52.25;0;43;42;231;231;232;2246;24;600
00119;2026-07-11;23:04;52.24;0;44;44;232;232;232;2350;24;600
00120;2026-07-11;22:33;52.24;0;45;46;232;232;232;2558;25;600
00121;2026-07-11;22:03;52.23;-1;46;48;232;232;231;2402;24;599
00122;2026-07-11;21:32;52.21;-1;50;49;232;232;232;2403;24;600
00123;2026-07-11;21:02;52.23;-1;47;46;231;232;232;2403;24;600
00124;2026-07-11;20:31;52.22;-2;46;47;231;232;232;2350;24;600
00125;2026-07-11;20:01;52.21;-2;50;49;232;232;232;2558;23;600
00126;2026-07-11;19:30;52.22;0;49;50;231;231;232;2766;23;599
00127;2026-07-11;19:00;52.23;0;48;49;232;231;232;2507;22;600
00128;2026-07-11;18:29;52.23;0;48;47;231;232;232;2402;21;600
00129;2026-07-11;17:59;52.23;0;47;46;231;232;232;2350;20;600
00130;2026-07-11;17:28;52.21;0;46;48;232;231;231;2506;20;600
00131;2026-07-11;16:58;52.21;0;46;49;231;232;231;2662;20;600
00132;2026-07-11;16:28;52.21;0;46;49;232;231;232;2453;21;600
00133;2026-07-11;15:57;52.22;0;47;47;232;231;232;2454;21;600
00134;2026-07-11;15:27;52.22;0;47;47;231;231;231;2453;21;600
00135;2026-07-11;14:56;52.22;0;45;50;231;231;232;2402;21;600
00136;2026-07-11;14:26;52.22;0;46;47;232;231;232;2453;21;600
00137;2026-07-11;13:55;52.19;1;45;50;232;231;231;2401;21;600
00138;2026-07-11;13:25;52.21;1;47;49;231;231;232;2506;21;600
00139;2026-07-11;12:54;52.22;0;48;50;231;231;232;2453;21;599
00140;2026-07-11;12:24;52.22;0;46;48;231;231;231;2506;22;600
00141;2026-07-11;11:53;52.21;0;51;49;232;231;232;2558;21;600
00142;2026-07-11;11:23;52.21;0;47;49;231;231;232;2558;21;600
00143;2026-07-11;10:52;52.21;0;49;50;232;231;231;2506;21;600
00144;2026-07-11;10:22;52.23;0;48;49;232;231;231;2714;21;600
00145;2026-07-11;09:51;52.21;0;48;47;231;232;232;2453;20;600
00146;2026-07-11;09:21;52.23;0;46;47;231;232;232;2610;20;600
00147;2026-07-11;08:50;52.23;0;47;47;231;231;232;2350;21;600
00148;2026-07-11;08:20;52.23;0;48;49;231;231;231;2507;26;599
00149;2026-07-11;07:49;52.22;0;46;49;231;232;231;2350;26;600
00150;2026-07-11;07:19;52.23;0;45;47;231;232;231;2455;26;600
00151;2026-07-11;06:48;52.23;0;48;48;231;231;231;2454;26;600
00152;2026-07-11;06:18;52.24;0;46;47;231;232;231;2455;25;599
00153;2026-07-11;05:47;52.24;0;42;43;232;232;232;2246;25;600
00154;2026-07-11;05:17;52.25;0;40;41;232;232;232;2090;25;600
00155;2026-07-11;04:46;52.26;0;40;41;232;232;231;2090;25;600
00156;2026-07-11;04:16;52.25;0;44;45;232;231;232;2299;24;600
00157;2026-07-11;03:45;52.25;0;40;40;232;231;232;2038;24;600
00158;2026-07-11;03:15;52.25;0;40;40;232;231;232;2038;24;600
00159;2026-07-11;02:44;52.24;0;40;41;232;232;232;2090;25;600
00160;2026-07-11;02:14;52.26;0;41;42;231;232;231;2142;25;600
00161;2026-07-11;01:44;52.25;0;40;41;232;232;232;2142;25;599
00162;2026-07-11;01:13;52.25;0;40;42;231;232;232;2246;25;600
00163;2026-07-11;00:43;52.26;0;42;42;231;231;231;2246;24;600
00164;2026-07-11;00:12;52.25;-1;42;44;232;231;232;2246;24;600
00165;2026-07-10;23:42;52.24;-1;50;45;231;231;231;2351;25;600
00166;2026-07-10;23:11;52.26;-2;45;46;231;232;232;2403;25;599
00167;2026-07-10;22:41;52.24;0;44;46;231;231;231;2403;25;600
00168;2026-07-10;22:10;52.25;-1;46;47;231;232;231;2455;25;600
00169;2026-07-10;21:40;52.26;-1;45;46;232;231;232;2351;25;600
00170;2026-07-10;21:09;52.25;0;47;47;231;232;232;2612;24;600
00171;2026-07-10;20:39;52.25;0;47;48;231;231;232;2454;24;600
00172;2026-07-10;20:08;52.24;0;47;47;232;231;232;2455;23;600
00173;2026-07-10;19:38;52.24;0;45;48;232;232;231;2508;22;600
00174;2026-07-10;19:07;52.25;0;50;51;231;232;232;2664;22;600
00175;2026-07-10;18:37;52.23;0;48;48;231;232;232;2508;21;600
00176;2026-07-10;18:06;52.27;0;45;45;231;231;232;2404;20;600
00177;2026-07-10;17:36;52.25;0;44;46;231;232;232;2351;20;600
00178;2026-07-10;17:05;52.25;0;45;46;231;232;232;2299;21;600
00179;2026-07-10;16:35;52.25;0;46;49;232;231;232;2299;24;600
00180;2026-07-10;16:04;52.25;0;46;47;231;231;231;2455;25;600
00181;2026-07-10;15:34;52.25;0;47;47;232;231;231;2403;25;600
00182;2026-07-10;15:03;52.25;0;46;48;231;231;232;2299;26;600
00183;2026-07-10;14:33;52.25;0;47;47;231;231;232;2455;26;600
00184;2026-07-10;14:03;52.25;0;45;46;231;231;232;2507;27;600
00185;2026-07-10;13:32;52.25;0;47;49;232;231;232;2403;27;600
00186;2026-07-10;13:02;52.24;1;51;51;231;231;231;2559;26;600
00187;2026-07-10;12:31;52.25;1;47;47;232;231;231;2403;26;600
00188;2026-07-10;12:01;52.25;1;53;53;231;231;231;2769;24;599
00189;2026-07-10;11:30;52.26;1;46;49;231;232;231;2508;23;600
00190;2026-07-10;11:00;52.25;58;48;105;231;231;231;2560;23;596
00191;2026-07-10;10:29;49.31;-56;53;0;0;0;0;2513;23;582
00192;2026-07-10;10:19;49.46;-50;52;0;0;0;0;2472;22;590
00193;2026-07-10;10:09;50.99;-46;46;50;231;231;232;2392;22;599
00194;2026-07-10;09:38;52.21;0;47;50;231;231;232;2402;21;600
00195;2026-07-10;09:08;52.21;0;48;50;232;231;232;2714;21;600
00196;2026-07-10;08:37;52.23;0;45;47;232;232;232;2454;27;600
00197;2026-07-10;08:07;52.24;0;48;46;231;231;232;2402;26;599
00198;2026-07-10;07:36;52.22;0;45;46;231;232;232;2454;25;600
00199;2026-07-10;07:06;52.22;0;47;48;232;231;232;2507;25;600
00200;2026-07-10;06:35;52.23;0;46;49;232;232;232;2454;25;600
00201;2026-07-10;06:05;52.24;0;46;47;232;232;232;2402;24;600
00202;2026-07-10;05:34;52.25;0;40;42;232;232;232;2090;24;600
00203;2026-07-10;05:04;52.24;0;43;43;232;231;232;2194;24;600
00204;2026-07-10;04:34;52.25;0;41;40;231;232;232;2037;24;600
00205;2026-07-10;04:03;52.25;0;41;41;231;232;232;2037;24;600
00206;2026-07-10;03:33;52.25;0;39;41;231;232;232;2037;24;600
00207;2026-07-10;03:02;52.25;0;40;43;231;232;232;2194;23;599
00208;2026-07-10;02:32;52.25;0;39;40;231;231;232;2090;23;600
00209;2026-07-10;02:01;52.25;0;40;42;232;231;232;2090;23;600
00210;2026-07-10;01:31;52.24;0;40;41;232;231;232;2090;22;600
00211;2026-07-10;01:00;52.25;0;39;41;232;232;232;2037;22;600
00212;2026-07-10;00:30;52.24;0;41;43;232;231;232;2090;22;600
00213;2026-07-09;23:59;52.24;0;43;43;231;232;232;2298;22;599
00214;2026-07-09;23:29;52.23;0;42;42;232;232;232;2246;22;600
00215;2026-07-09;22:58;52.23;-1;44;46;232;231;232;2350;23;600
00216;2026-07-09;22:28;52.23;-1;49;46;232;231;231;2402;23;600
00217;2026-07-09;21:57;52.23;-1;47;50;231;231;232;2611;23;600
00218;2026-07-09;21:27;52.23;-1;45;45;231;232;232;2350;23;600
00219;2026-07-09;20:56;52.24;-1;46;47;231;231;232;2402;23;600
00220;2026-07-09;20:26;52.21;-1;48;47;232;231;232;2610;23;600
00221;2026-07-09;19:55;52.21;-1;50;52;232;232;231;2506;23;600
00222;2026-07-09;19:25;52.21;0;48;48;231;231;232;2611;22;600
00223;2026-07-09;18:54;52.22;0;46;47;231;231;232;2507;21;600
00224;2026-07-09;18:24;52.23;0;45;46;231;232;232;2454;20;600
00225;2026-07-09;17:53;52.21;1;46;48;231;231;231;2506;20;600
00226;2026-07-09;17:23;52.20;1;48;50;231;231;232;2453;20;600
00227;2026-07-09;16:52;52.20;1;49;48;232;231;231;2453;21;600
00228;2026-07-09;16:22;52.21;1;46;48;232;232;232;2453;21;600
00229;2026-07-09;15:51;52.20;0;46;48;231;231;232;2350;22;600
00230;2026-07-09;15:21;52.21;0;46;47;232;231;232;2454;22;600
00231;2026-07-09;14:51;52.21;0;49;48;232;231;231;2453;21;600
00232;2026-07-09;14:20;52.22;0;45;46;231;231;232;2402;21;600
00233;2026-07-09;13:50;52.21;0;47;48;232;231;232;2506;21;600
00234;2026-07-09;13:19;52.22;0;48;48;231;231;232;2349;21;600
00235;2026-07-09;12:49;52.22;0;47;50;232;231;232;2453;21;600
00236;2026-07-09;12:18;52.21;1;48;54;231;231;232;2506;21;600
00237;2026-07-09;11:48;52.20;1;49;51;231;231;231;2557;21;600
00238;2026-07-09;11:17;52.19;0;50;52;231;231;231;2558;21;600
00239;2026-07-09;10:47;52.21;0;49;51;231;231;231;2662;21;600
00240;2026-07-09;10:16;52.21;1;48;49;231;231;232;2506;21;600
00241;2026-07-09;09:46;52.21;1;47;48;232;232;232;2401;21;600
00242;2026-07-09;09:15;52.21;0;46;51;231;231;232;2557;21;600
00243;2026-07-09;08:45;52.23;0;46;46;232;231;231;2454;26;600
00244;2026-07-09;08:14;52.24;0;47;47;231;231;232;2402;25;600
00245;2026-07-09;07:44;52.23;0;46;45;231;231;232;2298;25;600
00246;2026-07-09;07:13;52.23;0;50;49;232;231;232;2611;25;600
00247;2026-07-09;06:43;52.23;0;46;47;232;232;232;2454;24;600
00248;2026-07-09;06:12;52.22;0;51;51;231;231;231;2611;24;600
00249;2026-07-09;05:42;52.25;0;43;46;231;232;232;2298;24;600
00250;2026-07-09;05:11;52.23;0;42;43;232;232;232;2246;24;599
00251;2026-07-09;04:41;52.24;0;41;40;232;231;232;2090;24;600
00252;2026-07-09;04:10;52.25;0;41;40;231;232;232;2037;24;600
00253;2026-07-09;03:40;52.24;0;40;42;231;231;232;2037;24;600
00254;2026-07-09;03:09;52.25;0;40;41;232;232;232;2090;24;600
00255;2026-07-09;02:39;52.25;0;41;40;232;232;232;2090;24;600
00256;2026-07-09;02:08;52.25;0;39;40;232;232;232;2142;24;600
00257;2026-07-09;01:38;52.25;-1;39;40;232;232;231;2037;24;600
00258;2026-07-09;01:08;52.25;-1;40;41;232;232;232;2090;25;600
00259;2026-07-09;00:37;52.24;-1;40;41;231;231;232;2090;25;600
00260;2026-07-09;00:07;52.23;-1;42;43;232;232;232;2194;24;600
00261;2026-07-08;23:36;52.24;-1;44;44;231;232;231;2194;24;599
00262;2026-07-08;23:06;52.23;0;42;46;232;231;232;2246;24;600
00263;2026-07-08;22:35;52.23;-1;44;50;232;232;231;2507;23;600
00264;2026-07-08;22:05;52.22;-1;50;51;231;231;232;2402;22;600
00265;2026-07-08;21:34;52.23;0;45;49;231;231;232;2507;22;600
00266;2026-07-08;21:04;52.21;0;52;52;231;231;232;2610;21;600
00267;2026-07-08;20:33;52.23;-2;47;48;231;232;231;2714;21;600
00268;2026-07-08;20:03;52.21;-2;50;51;231;231;232;2662;20;600
00269;2026-07-08;19:32;52.20;1;49;52;231;231;232;2506;20;600
00270;2026-07-08;19:02;52.20;1;50;48;231;231;232;2505;20;600
00271;2026-07-08;18:31;52.21;1;46;48;232;231;232;2453;20;600
00272;2026-07-08;18:01;52.20;0;48;52;231;231;232;2662;20;600
00273;2026-07-08;17:30;52.21;0;45;46;232;231;232;2454;21;600
00274;2026-07-08;17:00;52.22;0;46;47;231;232;231;2349;21;600
00275;2026-07-08;16:29;52.21;0;49;50;231;231;232;2662;22;600
00276;2026-07-08;15:59;52.23;0;44;46;231;231;232;2298;23;600
00277;2026-07-08;15:28;52.21;1;49;52;231;232;231;2558;24;600
00278;2026-07-08;14:58;52.21;1;47;48;231;231;231;2402;26;600
00279;2026-07-08;14:27;52.21;1;49;50;232;231;231;2506;26;600
00280;2026-07-08;13:57;52.21;0;48;50;232;231;231;2401;26;600
00281;2026-07-08;13:26;52.22;0;48;49;231;231;232;2558;27;600
00282;2026-07-08;12:56;52.22;0;50;49;232;231;231;2611;27;600
00283;2026-07-08;12:25;52.21;0;49;51;231;231;231;2558;27;600
00284;2026-07-08;11:55;52.21;0;49;52;232;231;231;2558;26;600
00285;2026-07-08;11:24;52.22;0;51;50;231;231;231;2506;25;600
00286;2026-07-08;10:54;52.21;0;48;48;231;231;231;2454;24;600
00287;2026-07-08;10:24;52.22;1;49;50;231;231;231;2714;24;600
00288;2026-07-08;09:53;52.21;1;47;47;231;231;232;2350;22;600
00289;2026-07-08;09:23;52.21;0;49;48;232;231;231;2506;21;600
00290;2026-07-08;08:52;52.22;0;49;50;232;231;231;2662;22;600
00291;2026-07-08;08:22;52.22;0;49;48;232;232;232;2662;23;600
00292;2026-07-08;07:51;52.23;0;45;48;232;232;232;2402;25;600
00293;2026-07-08;07:21;52.23;0;46;47;232;232;232;2350;24;600
00294;2026-07-08;06:50;52.23;0;49;48;232;232;232;2350;24;600
00295;2026-07-08;06:20;52.24;0;44;48;231;231;232;2402;23;600
00296;2026-07-08;05:49;52.25;-1;41;43;231;232;231;2142;23;600
00297;2026-07-08;05:19;52.25;-1;43;42;231;232;232;2245;23;600
00298;2026-07-08;04:48;52.25;0;40;41;232;232;232;2090;24;600
00299;2026-07-08;04:18;52.25;0;41;42;231;232;232;2090;24;600
00300;2026-07-08;03:47;52.25;0;38;40;232;232;232;2037;24;600
00301;2026-07-08;03:17;52.25;0;39;41;232;232;232;2299;24;600
00302;2026-07-08;02:46;52.25;0;39;40;231;232;232;2037;24;600
00303;2026-07-08;02:16;52.25;0;43;42;232;232;232;2245;24;600
00304;2026-07-08;01:45;52.24;0;44;45;231;232;232;2194;24;600
00305;2026-07-08;01:15;52.24;0;44;47;232;231;232;2507;24;600
00306;2026-07-08;00:44;52.25;0;42;41;232;232;231;2142;24;600
00307;2026-07-08;00:14;52.25;0;40;42;232;232;232;2245;24;600
00308;2026-07-07;23:43;52.25;0;43;42;231;232;232;2142;24;600
00309;2026-07-07;23:13;52.23;0;45;44;232;231;232;2299;24;600
00310;2026-07-07;22:42;52.23;-1;45;47;232;231;232;2350;24;600
00311;2026-07-07;22:12;52.23;-1;46;48;231;231;232;2402;24;600
00312;2026-07-07;21:41;52.23;-1;44;48;231;232;232;2245;24;600
00313;2026-07-07;21:11;52.23;-1;48;51;231;231;232;2454;23;600
00314;2026-07-07;20:41;52.23;0;51;52;231;232;232;2507;23;599
00315;2026-07-07;20:10;52.21;0;48;48;232;232;232;2402;23;600
00316;2026-07-07;19:40;52.21;0;48;49;231;232;232;2507;22;600
00317;2026-07-07;19:09;52.23;1;46;47;232;232;232;2402;21;600
00318;2026-07-07;18:39;52.23;1;48;50;232;231;231;2611;21;600
00319;2026-07-07;18:08;52.22;0;50;50;231;231;231;2558;20;600
00320;2026-07-07;17:38;52.21;0;46;48;231;231;231;2349;20;600
00321;2026-07-07;17:07;52.21;0;47;48;231;231;232;2349;21;600
00322;2026-07-07;16:37;52.21;0;47;47;232;231;232;2402;23;600
00323;2026-07-07;16:06;52.21;0;45;49;231;231;232;2297;25;600
00324;2026-07-07;15:36;52.22;0;47;47;231;231;232;2453;26;600
00325;2026-07-07;15:05;52.21;0;48;52;232;231;232;2506;26;600
00326;2026-07-07;14:35;52.21;0;51;53;231;231;232;2714;26;600
00327;2026-07-07;14:04;52.23;0;46;46;231;231;231;2454;26;600
00328;2026-07-07;13:34;52.21;0;49;48;231;231;232;2350;26;600
00329;2026-07-07;13:03;52.22;0;45;47;232;231;231;2454;25;600
00330;2026-07-07;12:33;52.23;0;48;48;231;231;232;2662;25;600
00331;2026-07-07;12:02;52.23;0;48;48;231;231;232;2402;25;600
00332;2026-07-07;11:32;52.22;0;46;48;231;231;232;2454;25;600
00333;2026-07-07;11:01;52.21;-1;48;53;231;232;231;2506;24;600
00334;2026-07-07;10:31;52.22;-1;50;50;231;231;232;2454;24;600
00335;2026-07-07;10:00;52.22;0;47;49;231;231;231;2453;23;600
00336;2026-07-07;09:30;52.21;0;47;49;231;231;231;2454;22;600
00337;2026-07-07;08:59;52.21;1;51;51;232;231;232;2662;21;600
00338;2026-07-07;08:29;52.20;1;47;47;231;232;232;2506;21;600
00339;2026-07-07;07:58;52.22;-1;46;47;231;232;232;2507;26;600
00340;2026-07-07;07:28;52.22;0;47;52;231;232;232;2454;25;599
00341;2026-07-07;06:57;52.22;0;51;51;232;231;232;2402;25;599
00342;2026-07-07;06:27;52.25;0;45;45;231;232;232;2299;25;600
00343;2026-07-07;05:57;52.25;0;44;42;232;232;232;2142;25;600
00344;2026-07-07;05:26;52.25;0;40;43;231;231;232;2090;24;600
00345;2026-07-07;04:56;52.25;0;38;39;232;232;231;2037;25;600
00346;2026-07-07;04:25;52.25;0;41;41;232;231;232;2089;24;600
00347;2026-07-07;03:55;52.25;-1;39;40;232;232;232;2037;25;600
00348;2026-07-07;03:24;52.25;-1;39;40;231;232;232;2037;25;600
00349;2026-07-07;02:54;52.25;0;40;40;232;232;232;2038;25;600
00350;2026-07-07;02:23;52.24;0;40;40;231;231;232;2142;25;600
00351;2026-07-07;01:53;52.25;0;40;40;232;232;232;2038;25;600
00352;2026-07-07;01:22;52.25;0;40;40;232;232;232;2089;25;600
00353;2026-07-07;00:52;52.24;0;40;41;232;232;231;2037;25;600
00354;2026-07-07;00:21;52.25;0;40;41;231;232;232;2194;25;600
00355;2026-07-06;23:51;52.24;-1;42;44;231;232;232;2245;25;600
00356;2026-07-06;23:20;52.23;-1;44;47;231;231;232;2246;25;600
00357;2026-07-06;22:50;52.23;0;45;44;232;232;232;2298;25;600
00358;2026-07-06;22:19;52.24;0;45;45;232;231;232;2298;25;600
00359;2026-07-06;21:49;52.24;0;44;47;231;231;232;2350;25;600
00360;2026-07-06;21:18;52.23;0;44;44;231;231;232;2298;25;600
00361;2026-07-06;20:48;52.23;0;47;46;231;231;232;2402;24;600
00362;2026-07-06;20:17;52.23;0;49;48;232;232;232;2454;24;600
00363;2026-07-06;19:47;52.22;0;49;50;231;231;232;2506;23;600
00364;2026-07-06;19:16;52.21;0;48;49;232;231;231;2402;22;600
00365;2026-07-06;18:46;52.23;0;51;49;232;231;232;2611;21;600
00366;2026-07-06;18:15;52.23;1;45;46;231;232;232;2454;20;600
00367;2026-07-06;17:45;52.21;1;42;45;231;231;232;2297;20;600
00368;2026-07-06;17:14;52.22;0;46;48;232;231;231;2402;21;600
00369;2026-07-06;16:44;52.22;0;50;49;231;232;232;2558;23;600
00370;2026-07-06;16:13;52.22;0;45;46;232;231;232;2349;25;600
00371;2026-07-06;15:43;52.22;0;46;47;232;231;231;2453;25;600
00372;2026-07-06;15:13;52.22;0;44;47;231;231;232;2401;26;600
00373;2026-07-06;14:42;52.22;0;47;49;232;231;232;2558;26;600
00374;2026-07-06;14:12;52.21;0;47;47;231;231;232;2506;27;600
00375;2026-07-06;13:41;52.21;0;48;49;231;231;232;2558;27;600
00376;2026-07-06;13:11;52.22;0;46;49;232;231;232;2453;27;600
00377;2026-07-06;12:40;52.22;0;53;54;231;231;231;2766;26;600
00378;2026-07-06;12:10;52.22;0;47;49;232;231;232;2453;24;600
00379;2026-07-06;11:39;52.21;0;48;48;231;231;231;2506;24;600
00380;2026-07-06;11:09;52.20;-1;49;51;231;231;232;2662;23;600
00381;2026-07-06;10:38;52.21;-1;46;48;232;231;232;2401;21;600
00382;2026-07-06;10:08;52.21;0;49;51;231;231;231;2454;21;600
00383;2026-07-06;09:37;52.22;0;48;50;232;232;232;2506;22;600
00384;2026-07-06;09:07;52.21;0;49;50;232;231;232;2611;26;600
00385;2026-07-06;08:36;52.24;-1;44;45;232;231;232;2454;26;600
00386;2026-07-06;08:06;52.22;-1;47;51;232;232;232;2558;25;600
00387;2026-07-06;07:35;52.23;0;45;47;232;232;232;2403;25;600
00388;2026-07-06;07:05;52.25;0;44;46;232;232;231;2350;25;600
00389;2026-07-06;06:34;52.23;0;46;45;231;232;232;2298;24;600
00390;2026-07-06;06:04;52.25;0;43;42;232;231;232;2141;24;600
00391;2026-07-06;05:33;52.25;-1;39;39;231;232;232;2090;24;600
00392;2026-07-06;05:03;52.25;-1;41;42;231;231;232;2090;24;600
00393;2026-07-06;04:32;52.25;0;40;41;232;231;232;2090;24;600
00394;2026-07-06;04:02;52.25;0;39;40;232;231;232;2090;24;600
00395;2026-07-06;03:31;52.24;0;40;40;232;232;232;2037;24;600
00396;2026-07-06;03:01;52.25;0;39;40;231;232;232;2090;24;600
00397;2026-07-06;02:30;52.25;0;39;40;232;232;232;2038;25;600
00398;2026-07-06;02:00;52.25;0;39;41;232;232;232;2037;25;600
00399;2026-07-06;01:30;52.26;0;40;41;231;232;232;2090;25;600
00400;2026-07-06;00:59;52.25;0;40;40;231;232;232;2090;25;600
00401;2026-07-06;00:29;52.24;0;41;42;232;231;232;2142;25;600
00402;2026-07-05;23:58;52.25;0;42;41;232;232;231;2037;25;600
00403;2026-07-05;23:28;52.25;0;43;42;232;232;232;2090;25;600
00404;2026-07-05;22:57;52.23;0;43;43;232;232;231;2141;25;600
00405;2026-07-05;22:27;52.24;0;42;45;232;231;231;2246;25;600
00406;2026-07-05;21:56;52.23;0;43;44;232;231;232;2246;25;600
00407;2026-07-05;21:26;52.23;-1;46;46;232;231;232;2507;25;600
00408;2026-07-05;20:55;52.23;-1;44;44;231;231;232;2351;25;600
00409;2026-07-05;20:25;52.23;0;45;46;232;231;232;2402;24;600
00410;2026-07-05;19:54;52.22;0;51;51;231;232;232;2559;23;600
00411;2026-07-05;19:24;52.21;0;51;50;232;232;232;2507;22;600
00412;2026-07-05;18:53;52.22;0;49;49;232;232;232;2506;21;600
00413;2026-07-05;18:23;52.23;0;48;48;231;231;232;2611;21;599
00414;2026-07-05;17:52;52.21;0;49;49;231;232;232;2558;20;600
00415;2026-07-05;17:22;52.22;0;48;46;231;231;232;2349;20;600
00416;2026-07-05;16:51;52.21;0;47;49;232;232;232;2506;21;600
00417;2026-07-05;16:21;52.21;0;46;48;231;231;232;2402;23;600
00418;2026-07-05;15:50;52.22;0;45;46;231;232;231;2350;24;600
00419;2026-07-05;15:20;52.22;0;46;48;231;231;231;2402;25;600
00420;2026-07-05;14:49;52.22;0;47;46;231;231;231;2402;26;600
00421;2026-07-05;14:19;52.21;0;45;47;231;231;231;2402;26;600
00422;2026-07-05;13:48;52.23;0;44;46;231;231;232;2402;26;599
00423;2026-07-05;13:18;52.22;0;46;46;231;232;231;2506;26;600
00424;2026-07-05;12:47;52.21;-1;47;48;231;231;231;2402;25;600
00425;2026-07-05;12:17;52.22;-1;49;48;231;231;231;2506;24;600
00426;2026-07-05;11:47;52.22;0;48;50;231;231;232;2453;23;600
00427;2026-07-05;11:16;52.23;0;46;46;231;231;232;2350;23;600
00428;2026-07-05;10:46;52.22;1;47;48;231;231;232;2402;22;600
00429;2026-07-05;10:15;52.22;1;48;47;231;232;231;2558;21;600
00430;2026-07-05;09:45;52.22;0;48;48;231;231;231;2402;21;600
00431;2026-07-05;09:14;52.22;0;45;46;231;231;232;2349;21;600
00432;2026-07-05;08:44;52.24;0;45;47;232;232;232;2402;26;600
00433;2026-07-05;08:13;52.23;0;48;50;232;232;232;2611;25;600
00434;2026-07-05;07:43;52.24;0;45;44;231;232;232;2351;24;600
00435;2026-07-05;07:12;52.23;-1;45;47;232;231;231;2350;24;600
00436;2026-07-05;06:42;52.24;-1;43;47;232;231;232;2246;24;599
00437;2026-07-05;06:11;52.24;-1;44;44;232;232;232;2246;24;600
00438;2026-07-05;05:41;52.25;0;40;42;231;231;232;2090;24;600
00439;2026-07-05;05:10;52.25;0;41;41;232;232;231;2090;24;600
00440;2026-07-05;04:40;52.25;0;39;40;231;231;232;2037;24;600
00441;2026-07-05;04:09;52.25;0;43;43;231;231;232;2194;24;600
00442;2026-07-05;03:39;52.26;0;39;40;231;232;232;2037;24;600
00443;2026-07-05;03:08;52.26;0;38;40;232;231;232;2038;24;600
00444;2026-07-05;02:38;52.25;0;39;40;232;232;232;2037;24;600
00445;2026-07-05;02:07;52.26;0;40;41;231;232;232;2090;24;600
00446;2026-07-05;01:37;52.25;0;40;42;232;232;232;2194;24;600
00447;2026-07-05;01:06;52.25;0;42;43;231;231;232;2194;24;600
00448;2026-07-05;00:36;52.24;0;40;41;232;232;232;2194;23;600
00449;2026-07-05;00:05;52.25;-1;40;42;231;232;232;2090;23;600
00450;2026-07-04;23:35;52.24;-1;43;43;231;232;231;2246;22;599
00451;2026-07-04;23:04;52.23;0;44;47;232;232;232;2298;22;599
00452;2026-07-04;22:34;52.24;0;43;43;231;232;232;2246;22;600
00453;2026-07-04;22:04;52.23;0;45;44;231;232;232;2350;22;600
00454;2026-07-04;21:33;52.22;0;46;46;231;231;232;2402;22;600
00455;2026-07-04;21:03;52.23;0;44;45;232;231;232;2350;22;600
00456;2026-07-04;20:32;52.21;0;50;50;231;232;232;2558;22;599
00457;2026-07-04;20:02;52.21;0;48;50;232;232;232;2663;22;599
00458;2026-07-04;19:31;52.22;0;50;51;232;231;231;2559;22;600
00459;2026-07-04;19:01;52.23;0;47;48;232;231;232;2402;21;600
00460;2026-07-04;18:30;52.23;0;49;49;232;232;232;2506;21;600
00461;2026-07-04;18:00;52.23;0;45;48;231;231;232;2454;20;600
00462;2026-07-04;17:29;52.22;0;45;48;231;232;232;2401;20;600
00463;2026-07-04;16:59;52.22;0;45;48;232;232;232;2454;21;600
00464;2026-07-04;16:28;52.22;0;47;48;231;232;232;2401;23;600
00465;2026-07-04;15:58;52.22;0;45;49;231;231;232;2454;25;600
00466;2026-07-04;15:27;52.21;0;48;49;231;232;232;2453;25;600
00467;2026-07-04;14:57;52.22;0;49;48;231;231;232;2714;26;600
00468;2026-07-04;14:26;52.21;-1;48;50;232;231;232;2453;26;600
00469;2026-07-04;13:56;52.22;-1;50;50;232;231;231;2558;26;600
00470;2026-07-04;13:25;52.21;0;46;48;231;231;231;2402;25;600
00471;2026-07-04;12:55;52.22;0;47;47;231;231;232;2350;23;600
00472;2026-07-04;12:24;52.22;0;47;48;231;231;232;2402;22;600
00473;2026-07-04;11:54;52.22;0;47;49;231;231;231;2558;22;600
00474;2026-07-04;11:23;52.23;0;47;48;231;231;232;2558;21;600
00475;2026-07-04;10:53;52.21;0;47;48;231;231;232;2506;21;600
00476;2026-07-04;10:22;52.23;0;49;46;231;231;232;2662;21;600
00477;2026-07-04;09:52;52.21;0;46;47;231;232;232;2350;21;600
00478;2026-07-04;09:21;52.21;0;47;49;231;231;232;2402;22;600
00479;2026-07-04;08:51;52.23;0;46;48;231;232;232;2402;26;599
00480;2026-07-04;08:21;52.23;-1;48;48;232;231;232;2455;26;600
00481;2026-07-04;07:50;52.23;-1;46;47;231;232;232;2402;25;600
00482;2026-07-04;07:20;52.23;0;44;46;231;232;232;2402;23;600
00483;2026-07-04;06:49;52.24;0;45;45;231;232;232;2350;23;600
00484;2026-07-04;06:19;52.24;0;44;45;231;232;232;2351;22;599
00485;2026-07-04;05:48;52.25;0;41;42;232;231;232;2246;22;600
00486;2026-07-04;05:18;52.25;0;41;43;232;232;232;2090;23;600
00487;2026-07-04;04:47;52.25;0;42;42;232;231;232;2090;23;600
00488;2026-07-04;04:17;52.25;0;40;41;232;232;232;2090;23;600
00489;2026-07-04;03:46;52.26;0;39;40;232;232;232;2037;23;600
00490;2026-07-04;03:16;52.26;0;40;40;232;232;232;2037;23;600
00491;2026-07-04;02:45;52.26;0;39;40;232;232;232;2037;23;600
00492;2026-07-04;02:15;52.27;0;40;40;232;232;232;2142;23;600
00493;2026-07-04;01:44;52.25;0;43;42;231;231;231;2142;22;600
00494;2026-07-04;01:14;52.25;0;42;42;231;232;232;2141;22;599
00495;2026-07-04;00:43;52.25;0;39;42;232;231;232;2037;22;600
00496;2026-07-04;00:13;52.25;0;42;41;231;231;232;2194;22;600
00497;2026-07-03;23:42;52.25;0;41;43;232;231;232;2142;22;600
00498;2026-07-03;23:12;52.24;0;44;44;231;231;231;2245;21;600
00499;2026-07-03;22:41;52.24;0;45;45;231;231;231;2403;21;600
00500;2026-07-03;22:11;52.23;0;45;45;232;232;232;2350;22;600
00501;2026-07-03;21:40;52.25;0;43;45;232;232;232;2351;22;600
00502;2026-07-03;21:10;52.23;0;44;45;231;232;232;2350;22;600
00503;2026-07-03;20:39;52.23;0;46;50;232;231;232;2403;22;600
00504;2026-07-03;20:09;52.23;0;48;53;231;232;231;2454;22;600
00505;2026-07-03;19:38;52.22;0;51;53;232;231;232;2559;21;600
00506;2026-07-03;19:08;52.23;0;49;48;232;231;232;2507;20;600
00507;2026-07-03;18:38;52.23;0;50;50;231;231;232;2454;20;600
00508;2026-07-03;18:07;52.25;0;46;47;232;231;232;2298;20;599
00509;2026-07-03;17:37;52.22;0;48;47;232;231;232;2349;20;600
00510;2026-07-03;17:06;52.22;0;50;47;232;231;231;2401;21;600
00511;2026-07-03;16:36;52.22;1;47;47;231;231;231;2453;23;600
00512;2026-07-03;16:05;52.23;1;47;47;231;231;232;2453;25;600
00513;2026-07-03;15:35;52.23;0;46;46;231;231;232;2402;25;600
00514;2026-07-03;15:04;52.21;0;50;51;231;231;231;2506;26;600
00515;2026-07-03;14:34;52.23;0;46;49;231;231;231;2506;26;600
00516;2026-07-03;14:03;52.23;0;46;48;231;231;232;2559;27;600
00517;2026-07-03;13:33;52.22;0;47;52;231;231;231;2506;27;600
00518;2026-07-03;13:02;52.22;0;47;48;232;231;231;2662;24;600
00519;2026-07-03;12:32;52.21;0;47;48;232;231;231;2454;23;600
00520;2026-07-03;12:01;52.21;0;48;48;231;231;231;2506;22;600
00521;2026-07-03;11:31;52.22;1;45;47;231;231;232;2401;21;600
00522;2026-07-03;11:00;52.22;1;47;51;231;231;232;2662;21;600
00523;2026-07-03;10:30;52.21;0;48;49;232;231;232;2453;21;600
00524;2026-07-03;09:59;52.22;0;46;47;231;231;232;2402;21;600
00525;2026-07-03;09:29;52.22;0;46;48;232;231;232;2506;21;600
00526;2026-07-03;08:58;52.25;-1;47;46;232;231;231;2455;27;600
00527;2026-07-03;08:28;52.25;-1;46;48;232;232;231;2351;26;600
00528;2026-07-03;07:57;52.24;0;47;48;231;231;231;2402;25;600
00529;2026-07-03;07:27;52.23;0;45;45;232;232;232;2350;24;600
00530;2026-07-03;06:56;52.24;0;44;46;232;231;232;2350;24;600
00531;2026-07-03;06:26;52.24;0;45;47;231;232;232;2350;24;600
00532;2026-07-03;05:55;52.25;0;44;45;231;231;232;2402;24;600
00533;2026-07-03;05:25;52.25;0;41;42;232;232;231;2142;24;600
00534;2026-07-03;04:54;52.26;0;40;40;231;232;232;2037;23;600
00535;2026-07-03;04:24;52.25;0;40;42;231;231;232;2090;23;599
00536;2026-07-03;03:54;52.25;0;39;40;232;232;232;2142;24;600
00537;2026-07-03;03:23;52.27;0;40;42;232;231;232;2142;24;600
00538;2026-07-03;02:53;52.25;0;39;40;232;232;232;2037;24;600
00539;2026-07-03;02:22;52.25;0;39;40;232;232;232;2037;24;600
00540;2026-07-03;01:52;52.25;0;42;42;232;232;232;2142;24;600
00541;2026-07-03;01:21;52.25;0;41;42;231;232;232;2194;24;600
00542;2026-07-03;00:51;52.25;0;41;41;231;232;231;2141;24;599
00543;2026-07-03;00:20;52.25;0;40;41;231;232;231;2194;24;600
00544;2026-07-02;23:50;52.22;0;41;42;231;232;232;2194;24;600
00545;2026-07-02;23:19;52.24;0;43;44;232;231;232;2403;24;600
00546;2026-07-02;22:49;52.25;0;43;45;231;231;232;2403;24;600
00547;2026-07-02;22:18;52.23;-1;50;49;231;231;232;2662;24;599
00548;2026-07-02;21:48;52.23;-1;46;47;231;231;232;2350;23;600
00549;2026-07-02;21:17;52.23;0;47;47;231;231;232;2298;22;599
00550;2026-07-02;20:47;52.21;0;45;47;232;232;232;2454;22;600
00551;2026-07-02;20:16;52.22;-1;49;54;232;232;232;2767;23;600
00552;2026-07-02;19:46;52.23;-1;45;48;231;232;232;2454;23;600
00553;2026-07-02;19:15;52.23;0;49;50;231;231;232;2558;22;600
00554;2026-07-02;18:45;52.23;0;45;48;231;231;231;2454;21;600
00555;2026-07-02;18:14;52.21;0;47;48;232;232;231;2454;20;600
00556;2026-07-02;17:44;52.24;0;43;44;231;232;232;2298;20;600
00557;2026-07-02;17:13;52.22;0;45;45;231;231;232;2298;20;600
00558;2026-07-02;16:43;52.22;0;48;50;231;232;232;2662;22;600
00559;2026-07-02;16:12;52.21;0;49;49;231;232;232;2454;24;600
00560;2026-07-02;15:42;52.22;-1;46;47;232;231;231;2506;25;600
00561;2026-07-02;15:11;52.21;-1;47;49;231;231;231;2401;25;600
00562;2026-07-02;14:41;52.21;0;50;49;231;231;231;2611;25;600
00563;2026-07-02;14:11;52.21;0;48;50;232;231;232;2506;25;600
00564;2026-07-02;13:40;52.21;0;49;48;231;231;231;2610;26;600
00565;2026-07-02;13:10;52.22;0;46;49;231;231;232;2506;25;600
00566;2026-07-02;12:39;52.21;0;47;50;231;231;232;2610;24;600
00567;2026-07-02;12:09;52.22;0;50;49;231;231;232;2402;23;600
00568;2026-07-02;11:38;52.22;0;48;47;231;231;232;2558;22;600
00569;2026-07-02;11:08;52.22;0;50;48;232;231;231;2453;22;600
00570;2026-07-02;10:37;52.21;0;46;48;231;231;231;2558;22;600
00571;2026-07-02;10:07;52.22;0;48;50;231;231;231;2453;21;600
00572;2026-07-02;09:36;52.23;0;46;47;232;231;232;2454;21;600
00573;2026-07-02;09:06;52.23;0;46;48;231;231;232;2402;21;600
00574;2026-07-02;08:35;52.23;0;45;46;231;231;231;2350;27;599
00575;2026-07-02;08:05;52.24;0;44;45;231;231;232;2298;26;600
00576;2026-07-02;07:34;52.24;0;46;47;231;231;231;2402;25;600
00577;2026-07-02;07:04;52.23;0;46;47;232;231;232;2559;24;600
00578;2026-07-02;06:33;52.25;0;50;48;231;232;232;2558;23;600
00579;2026-07-02;06:03;52.24;0;44;44;231;231;232;2402;23;600
00580;2026-07-02;05:32;52.25;0;42;42;231;232;232;2246;23;600
00581;2026-07-02;05:02;52.25;0;41;43;231;231;232;2194;23;600
00582;2026-07-02;04:31;52.26;0;39;41;232;232;232;2090;23;600
00583;2026-07-02;04:01;52.26;0;41;41;231;232;232;2142;23;600
00584;2026-07-02;03:30;52.25;0;40;41;231;231;231;2141;23;599
00585;2026-07-02;03:00;52.25;0;39;39;231;231;232;2037;23;600
00586;2026-07-02;02:29;52.25;0;39;41;231;231;231;2194;23;599
00587;2026-07-02;01:59;52.25;-1;39;41;232;232;232;2090;23;599
00588;2026-07-02;01:28;52.26;-1;41;41;231;232;232;2090;24;600
00589;2026-07-02;00:58;52.26;0;41;42;232;232;232;2089;24;600
00590;2026-07-02;00:27;52.25;0;40;40;231;231;232;2037;24;600
00591;2026-07-01;23:57;52.24;0;41;43;232;231;232;2193;24;600
00592;2026-07-01;23:27;52.23;0;47;47;231;231;232;2350;24;600
00593;2026-07-01;22:56;52.24;0;45;46;231;232;232;2298;24;600
00594;2026-07-01;22:26;52.23;0;48;48;231;231;231;2611;24;600
00595;2026-07-01;21:55;52.23;0;42;43;231;231;232;2246;24;600
00596;2026-07-01;21:25;52.23;0;46;47;231;232;231;2402;24;600
00597;2026-07-01;20:54;52.25;0;46;47;232;231;232;2454;24;600
00598;2026-07-01;20:24;52.23;0;49;47;231;231;231;2454;24;600
00599;2026-07-01;19:53;52.23;0;52;50;231;231;232;2662;23;600
00600;2026-07-01;19:23;52.23;0;48;48;232;231;232;2507;23;599
00601;2026-07-01;18:52;52.22;0;47;50;231;231;232;2558;22;600
00602;2026-07-01;18:22;52.23;0;48;47;231;231;232;2402;22;600
00603;2026-07-01;17:51;52.23;0;46;46;232;231;232;2350;21;600
00604;2026-07-01;17:21;52.23;0;45;46;231;231;232;2402;20;600
00605;2026-07-01;16:50;52.21;0;46;48;231;231;231;2402;20;600
00606;2026-07-01;16:20;52.21;0;48;49;232;231;231;2453;21;600
00607;2026-07-01;15:49;52.21;0;45;47;232;232;232;2453;21;600
00608;2026-07-01;15:19;52.21;0;47;46;231;231;231;2401;22;600
00609;2026-07-01;14:48;52.21;0;46;48;232;231;232;2662;22;600
00610;2026-07-01;14:18;52.23;0;51;49;231;231;231;2401;24;600
00611;2026-07-01;13:47;52.22;0;50;49;231;231;231;2401;23;600
00612;2026-07-01;13:17;52.23;0;44;46;231;231;231;2349;22;600
00613;2026-07-01;12:46;52.22;0;46;46;231;231;231;2349;22;600
00614;2026-07-01;12:16;52.21;0;49;51;231;231;231;2558;22;600
00615;2026-07-01;11:45;52.22;1;46;46;231;232;231;2350;21;600
00616;2026-07-01;11:15;52.22;1;46;49;231;231;232;2401;21;600
00617;2026-07-01;10:44;52.22;0;46;47;232;231;232;2506;21;600
00618;2026-07-01;10:14;52.21;1;46;47;231;231;231;2453;21;600
00619;2026-07-01;09:44;52.22;1;47;48;231;232;232;2453;21;600
00620;2026-07-01;09:13;52.22;1;46;48;231;231;232;2454;21;600
00621;2026-07-01;08:43;52.21;0;46;48;231;232;231;2453;20;600
00622;2026-07-01;08:12;52.22;0;45;47;231;232;232;2454;21;600
00623;2026-07-01;07:42;52.24;0;45;46;232;232;232;2350;26;599
00624;2026-07-01;07:11;52.23;0;51;48;232;232;231;2507;25;599
00625;2026-07-01;06:41;52.23;0;45;47;231;231;232;2350;25;600
00626;2026-07-01;06:10;52.25;0;44;46;231;231;232;2402;25;600
00627;2026-07-01;05:40;52.25;0;42;43;232;232;232;2194;25;600
00628;2026-07-01;05:09;52.25;0;41;41;232;232;232;2194;25;600
00629;2026-07-01;04:39;52.25;0;40;41;232;232;232;2037;25;600
00630;2026-07-01;04:08;52.25;0;40;41;231;232;232;2037;25;600
00631;2026-07-01;03:38;52.26;0;40;41;232;232;232;2090;25;600
00632;2026-07-01;03:07;52.26;0;39;40;231;232;232;2090;25;600
00633;2026-07-01;02:37;52.24;0;45;45;232;231;232;2298;25;600
00634;2026-07-01;02:06;52.25;0;44;44;232;231;232;2038;25;600
00635;2026-07-01;01:36;52.26;0;40;40;232;232;232;2037;25;600
00636;2026-07-01;01:05;52.23;0;41;41;231;231;232;2142;25;600
00637;2026-07-01;00:35;52.24;0;42;43;231;231;232;2246;25;600
00638;2026-07-01;00:04;52.24;-1;42;44;232;231;232;2246;25;600
00639;2026-06-30;23:34;52.23;-1;45;49;231;231;232;2454;25;599
00640;2026-06-30;23:03;52.24;-1;43;44;231;231;231;2299;25;600
00641;2026-06-30;22:33;52.23;-1;50;49;232;232;231;2454;25;600
00642;2026-06-30;22:02;52.24;0;47;47;232;232;232;2350;25;600
00643;2026-06-30;21:32;52.21;0;47;46;231;232;232;2349;25;600
00644;2026-06-30;21:01;52.23;0;47;46;231;232;232;2454;25;600
00645;2026-06-30;20:31;52.23;-1;49;49;231;231;231;2558;24;600
00646;2026-06-30;20:00;52.22;-1;50;51;232;232;232;2506;24;600
00647;2026-06-30;19:30;52.21;-1;51;50;231;232;232;2453;23;600
00648;2026-06-30;19:00;52.22;-1;51;52;231;231;232;2610;21;599
00649;2026-06-30;18:29;52.22;0;53;53;231;232;232;2662;20;600
00650;2026-06-30;17:59;52.23;0;47;48;232;231;232;2558;20;600
00651;2026-06-30;17:28;52.22;0;47;49;232;232;232;2610;20;600
00652;2026-06-30;16:58;52.21;0;50;53;232;231;231;2453;22;600
00653;2026-06-30;16:27;52.19;0;51;57;231;231;232;2714;23;599
00654;2026-06-30;15:57;52.22;0;49;51;232;231;231;2506;24;600
00655;2026-06-30;15:26;52.21;0;51;52;231;231;232;2662;25;600
00656;2026-06-30;14:56;52.22;0;47;49;231;231;231;2558;25;600
00657;2026-06-30;14:25;52.21;0;51;51;232;231;232;2662;25;600
00658;2026-06-30;13:55;52.21;0;52;51;232;231;232;2662;26;600
00659;2026-06-30;13:24;52.21;0;49;50;231;231;231;2506;26;600
00660;2026-06-30;12:54;52.21;0;51;52;231;231;232;2610;26;600
00661;2026-06-30;12:23;52.20;0;55;53;231;231;231;2714;26;600
00662;2026-06-30;11:53;52.21;0;55;54;231;231;231;2610;25;600
00663;2026-06-30;11:22;52.21;0;52;52;231;231;231;2558;24;600
00664;2026-06-30;10:52;52.21;0;48;51;231;231;231;2558;23;600
00665;2026-06-30;10:21;52.22;0;51;51;231;232;232;2662;22;600
00666;2026-06-30;09:51;52.21;-1;50;54;231;231;232;2662;21;599
00667;2026-06-30;09:20;52.21;-1;50;52;232;231;231;2558;22;600
00668;2026-06-30;08:50;52.23;-1;48;50;231;232;232;2663;27;600
00669;2026-06-30;08:19;52.22;-1;50;49;232;232;232;2924;26;600
00670;2026-06-30;07:49;52.22;0;51;52;231;232;232;2611;25;600
00671;2026-06-30;07:18;52.24;0;47;48;232;232;232;2507;25;600
00672;2026-06-30;06:48;52.23;0;57;51;231;231;232;2558;24;600
00673;2026-06-30;06:18;52.23;0;49;47;231;232;232;2403;24;600
00674;2026-06-30;05:47;52.23;0;43;44;231;232;232;2403;24;600
00675;2026-06-30;05:17;52.24;0;44;45;231;232;232;2299;24;600
00676;2026-06-30;04:46;52.24;0;41;44;232;231;232;2194;24;600
00677;2026-06-30;04:16;52.24;0;42;44;232;232;231;2141;24;600
00678;2026-06-30;03:45;52.24;-1;42;42;232;232;232;2141;24;600
00679;2026-06-30;03:15;52.23;-1;42;43;232;231;232;2194;24;600
00680;2026-06-30;02:44;52.24;0;41;41;232;231;232;2142;24;600
00681;2026-06-30;02:14;52.25;0;41;43;232;231;231;2142;24;600
00682;2026-06-30;01:43;52.25;0;42;43;231;231;232;2194;24;600
00683;2026-06-30;01:13;52.25;0;41;42;232;232;231;2350;24;600
00684;2026-06-30;00:42;52.24;0;42;43;232;232;232;2194;24;600
00685;2026-06-30;00:12;52.25;0;43;43;231;231;232;2298;24;600
00686;2026-06-29;23:41;52.25;0;44;45;231;231;231;2350;24;600
00687;2026-06-29;23:11;52.25;0;47;44;232;232;232;2349;24;600
00688;2026-06-29;22:40;52.23;0;46;46;232;232;232;2402;25;600
00689;2026-06-29;22:10;52.23;0;46;48;232;232;232;2402;25;600
00690;2026-06-29;21:39;52.23;0;45;47;231;232;232;2403;25;600
00691;2026-06-29;21:09;52.24;0;47;47;231;231;232;2350;25;599
00692;2026-06-29;20:38;52.23;0;49;48;231;232;232;2454;24;600
00693;2026-06-29;20:08;52.22;0;49;50;232;232;232;2558;24;600
00694;2026-06-29;19:37;52.22;0;49;50;232;232;232;2767;24;600
00695;2026-06-29;19:07;52.21;0;51;51;231;231;232;2610;23;600
00696;2026-06-29;18:36;52.21;0;50;51;232;231;232;2558;22;600
00697;2026-06-29;18:06;52.23;0;49;49;231;232;232;2507;22;600
00698;2026-06-29;17:35;52.23;0;47;49;231;232;231;2454;21;600
00699;2026-06-29;17:05;52.21;0;48;49;231;232;232;2662;20;600
00700;2026-06-29;16:34;52.21;0;48;51;231;231;232;2453;20;600
00701;2026-06-29;16:04;52.22;0;47;48;231;232;232;2402;20;600
00702;2026-06-29;15:33;52.21;0;49;51;231;231;231;2506;21;600
00703;2026-06-29;15:03;52.21;0;52;52;231;231;232;2610;21;600
00704;2026-06-29;14:33;52.19;0;54;53;231;231;231;2610;22;600
00705;2026-06-29;14:02;52.21;0;47;48;231;231;232;2818;22;600
00706;2026-06-29;13:32;52.21;0;50;54;231;231;232;2558;22;600
00707;2026-06-29;13:01;52.20;-1;49;51;231;231;232;2610;22;600
00708;2026-06-29;12:31;52.19;-1;52;53;231;231;231;2662;23;599
00709;2026-06-29;12:00;52.20;0;54;53;232;231;231;2870;23;600
00710;2026-06-29;11:30;52.21;0;51;52;232;231;231;2610;23;600
00711;2026-06-29;10:59;52.23;0;50;51;232;231;232;2558;22;600
00712;2026-06-29;10:29;52.21;0;50;52;232;231;231;2609;22;600
00713;2026-06-29;09:58;52.21;0;49;51;232;231;231;2610;22;600
00714;2026-06-29;09:28;52.21;0;49;50;231;232;231;2610;21;600
00715;2026-06-29;08:57;52.23;0;47;49;231;231;232;2506;22;600
00716;2026-06-29;08:27;52.23;0;47;48;231;231;232;2819;26;600
00717;2026-06-29;07:56;52.23;0;48;52;232;232;232;2507;25;600
00718;2026-06-29;07:26;52.23;0;48;48;232;232;232;2454;25;600
00719;2026-06-29;06:55;52.23;-3;49;50;232;232;231;2663;25;600
00720;2026-06-29;06:25;52.23;-3;46;46;231;232;232;2402;25;600
00721;2026-06-29;05:54;52.25;0;44;45;231;231;232;2350;25;600
00722;2026-06-29;05:24;52.25;0;44;45;231;231;232;2193;25;600
00723;2026-06-29;04:53;52.25;0;42;42;231;232;232;2246;25;600
00724;2026-06-29;04:23;52.24;-1;41;43;232;232;232;2194;25;600
00725;2026-06-29;03:52;52.25;-1;41;42;231;231;232;2194;25;600
00726;2026-06-29;03:22;52.24;0;41;44;232;232;231;2142;25;600
00727;2026-06-29;02:51;52.23;0;45;45;232;232;232;2194;25;600
00728;2026-06-29;02:21;52.23;0;42;42;231;231;232;2194;25;599
00729;2026-06-29;01:50;52.25;0;42;44;232;232;232;2142;25;600
00730;2026-06-29;01:20;52.24;0;43;44;231;231;231;2298;25;600
00731;2026-06-29;00:49;52.25;0;42;43;231;232;232;2194;25;600
00732;2026-06-29;00:19;52.23;0;41;43;231;232;232;2141;25;600
00733;2026-06-28;23:49;52.23;0;43;45;231;231;232;2194;25;600
00734;2026-06-28;23:18;52.23;0;43;44;232;231;231;2298;25;600
00735;2026-06-28;22:48;52.24;0;42;43;231;232;231;2350;24;599
00736;2026-06-28;22:17;52.23;0;47;47;231;232;232;2507;24;600
00737;2026-06-28;21:47;52.22;0;47;48;232;232;232;2507;25;600
00738;2026-06-28;21:16;52.22;-1;49;50;232;231;232;2558;24;600
00739;2026-06-28;20:46;52.23;-1;49;49;232;231;231;2507;24;600
00740;2026-06-28;20:15;52.22;0;56;52;231;231;231;2714;23;600
00741;2026-06-28;19:45;52.23;0;47;48;232;231;232;2559;23;600
00742;2026-06-28;19:14;52.21;0;49;49;232;232;232;2611;22;600
00743;2026-06-28;18:44;52.21;0;51;52;232;231;232;2663;22;600
00744;2026-06-28;18:13;52.23;0;50;50;232;231;231;2506;21;600
00745;2026-06-28;17:43;52.22;0;46;46;232;231;231;2350;21;600
00746;2026-06-28;17:12;52.21;0;48;49;231;231;232;2558;20;600
00747;2026-06-28;16:42;52.21;0;47;52;231;231;231;2557;20;600
00748;2026-06-28;16:11;52.21;0;47;48;231;231;232;2506;21;600
00749;2026-06-28;15:41;52.21;0;49;51;231;231;231;2714;23;600
00750;2026-06-28;15:10;52.21;0;46;49;231;232;232;2402;25;600
00751;2026-06-28;14:40;52.22;0;49;49;231;231;232;2610;24;600
00752;2026-06-28;14:09;52.21;0;50;50;232;231;232;2453;24;600
00753;2026-06-28;13:39;52.22;0;48;49;231;231;232;2453;26;600
00754;2026-06-28;13:08;52.21;0;49;50;232;232;231;2506;24;600
00755;2026-06-28;12:38;52.21;0;48;50;232;231;232;2506;22;600
00756;2026-06-28;12:07;52.21;0;54;53;231;231;232;2714;22;600
00757;2026-06-28;11:37;52.21;0;50;52;231;231;232;2818;21;600
00758;2026-06-28;11:06;52.21;0;48;48;231;232;231;2454;21;600
00759;2026-06-28;10:36;52.21;0;49;49;231;232;232;2662;21;600
00760;2026-06-28;10:06;52.21;0;48;48;231;232;231;2453;21;600
00761;2026-06-28;09:35;52.21;0;47;49;232;231;232;2506;21;600
00762;2026-06-28;09:05;52.20;0;53;54;232;231;231;2610;21;600
00763;2026-06-28;08:34;52.23;0;46;48;231;231;232;2454;22;600
00764;2026-06-28;08:04;52.23;0;48;48;232;231;232;2611;26;600
00765;2026-06-28;07:33;52.23;0;48;48;231;232;232;2611;26;600
00766;2026-06-28;07:03;52.23;0;46;49;231;232;232;2872;25;600
00767;2026-06-28;06:32;52.23;0;48;46;232;231;232;2402;25;600
00768;2026-06-28;06:02;52.23;0;42;43;231;232;231;2246;25;600
00769;2026-06-28;05:31;52.24;0;42;43;232;231;232;2403;25;600
00770;2026-06-28;05:01;52.25;0;43;43;232;231;232;2194;25;599
00771;2026-06-28;04:30;52.24;0;42;42;232;231;231;2142;25;599
00772;2026-06-28;04:00;52.24;0;43;44;232;232;232;2142;25;600
00773;2026-06-28;03:29;52.23;0;43;44;231;232;232;2246;25;600
00774;2026-06-28;02:59;52.24;-1;43;43;232;231;231;2298;25;600
00775;2026-06-28;02:28;52.24;-1;43;43;231;231;232;2299;26;599
00776;2026-06-28;01:58;52.24;0;43;44;231;232;232;2350;26;600
00777;2026-06-28;01:27;52.25;0;43;44;232;231;231;2298;25;600
00778;2026-06-28;00:57;52.25;-1;42;42;232;232;231;2194;26;600
00779;2026-06-28;00:26;52.25;-1;43;43;231;231;232;2298;26;600
00780;2026-06-27;23:56;52.25;0;43;44;232;231;232;2194;26;600
00781;2026-06-27;23:25;52.25;0;45;46;231;232;232;2299;25;600
00782;2026-06-27;22:55;52.22;0;50;48;231;232;232;2506;25;600
00783;2026-06-27;22:24;52.23;0;47;46;231;232;232;2558;25;600
00784;2026-06-27;21:54;52.22;0;51;52;232;232;232;2558;25;600
00785;2026-06-27;21:23;52.23;0;52;53;231;231;232;2611;24;600
00786;2026-06-27;20:53;52.21;0;49;51;231;231;232;2662;24;600
00787;2026-06-27;20:22;52.22;0;51;50;231;232;231;2610;23;600
00788;2026-06-27;19:52;52.21;0;49;54;232;231;231;2558;22;600
00789;2026-06-27;19:22;52.21;0;53;54;231;231;231;2923;21;600
00790;2026-06-27;18:51;52.20;-1;54;53;232;231;232;2767;21;600
00791;2026-06-27;18:21;52.21;-1;52;54;231;231;232;2714;20;600
00792;2026-06-27;17:50;52.22;0;45;46;231;231;232;2454;20;600
00793;2026-06-27;17:20;52.19;0;49;52;232;231;231;2610;20;600
00794;2026-06-27;16:49;52.20;0;51;52;231;232;231;2818;22;600
00795;2026-06-27;16:19;52.21;0;50;50;231;231;231;2610;24;600
00796;2026-06-27;15:48;52.21;0;49;50;231;231;231;2714;25;600
00797;2026-06-27;15:18;52.21;0;49;51;232;231;231;2558;25;600
00798;2026-06-27;14:47;52.22;0;50;49;231;231;232;2662;26;600
00799;2026-06-27;14:17;52.21;0;50;52;232;231;231;2662;27;600
00800;2026-06-27;13:46;52.21;0;53;53;231;231;231;2557;27;600
00801;2026-06-27;13:16;52.21;0;52;53;231;231;231;2819;26;600
00802;2026-06-27;12:45;52.21;0;51;51;231;232;231;2610;26;600
00803;2026-06-27;12:15;52.21;0;51;52;231;231;232;2714;24;600
00804;2026-06-27;11:44;52.21;0;51;54;232;231;232;2714;23;600
00805;2026-06-27;11:14;52.21;0;49;50;231;231;232;2610;22;600
00806;2026-06-27;10:43;52.21;0;48;50;231;231;232;2611;21;600
00807;2026-06-27;10:13;52.21;-1;52;52;232;232;232;2610;21;599
00808;2026-06-27;09:42;52.22;-1;52;49;231;232;232;2612;28;600
00809;2026-06-27;09:12;52.21;0;52;52;232;232;232;2611;27;600
00810;2026-06-27;08:41;52.22;0;51;53;231;232;231;2715;26;600
00811;2026-06-27;08:11;52.23;0;53;51;232;232;232;2506;25;600
00812;2026-06-27;07:40;52.21;0;52;50;232;231;232;2662;23;600
00813;2026-06-27;07:10;52.22;0;50;51;231;232;232;2663;21;600
00814;2026-06-27;06:39;52.23;0;53;50;232;232;232;2506;19;600
00815;2026-06-27;06:09;52.23;0;46;48;232;232;232;2455;19;600
00816;2026-06-27;05:39;52.25;0;41;43;232;232;232;2194;20;600
00817;2026-06-27;05:08;52.23;0;44;45;232;232;232;2246;20;600
00818;2026-06-27;04:38;52.25;0;42;42;232;232;232;2090;20;600
00819;2026-06-27;04:07;52.24;0;42;43;231;231;232;2142;20;600
00820;2026-06-27;03:37;52.24;0;41;42;232;232;232;2142;20;600
00821;2026-06-27;03:06;52.24;0;40;41;232;231;232;2090;20;600
00822;2026-06-27;02:36;52.24;0;43;43;232;231;232;2246;20;600
00823;2026-06-27;02:05;52.25;0;40;41;232;232;232;2090;20;600
00824;2026-06-27;01:35;52.25;0;42;44;232;232;232;2142;20;600
00825;2026-06-27;01:04;52.25;0;40;42;232;232;232;2090;21;600
00826;2026-06-27;00:34;52.24;0;42;43;232;232;232;2194;21;600
00827;2026-06-27;00:03;52.23;0;43;43;231;232;232;2194;21;600
00828;2026-06-26;23:33;52.25;0;41;43;232;231;232;2350;22;600
00829;2026-06-26;23:02;52.23;0;45;46;232;232;232;2350;22;600
00830;2026-06-26;22:32;52.23;0;47;47;231;231;232;2402;22;600
00831;2026-06-26;22:01;52.21;0;51;48;232;232;232;2507;23;600
00832;2026-06-26;21:31;52.21;0;51;50;231;232;232;2611;23;600
00833;2026-06-26;21:00;52.23;0;48;50;232;231;232;2506;23;600
00834;2026-06-26;20:30;52.22;0;50;50;232;232;232;2663;23;600
00835;2026-06-26;19:59;52.23;0;48;49;231;232;232;2611;22;599
00836;2026-06-26;19:29;52.23;0;47;49;232;232;232;2507;21;600
00837;2026-06-26;18:58;52.23;0;49;49;231;232;232;2559;21;600
00838;2026-06-26;18:28;52.22;0;49;50;232;232;232;2559;20;600
00839;2026-06-26;17:57;52.21;0;46;48;231;231;232;2401;20;600
00840;2026-06-26;17:27;52.21;0;48;50;232;232;232;2453;21;600
00841;2026-06-26;16:56;52.21;0;48;50;231;232;232;2558;23;600
00842;2026-06-26;16:26;52.22;-1;48;49;231;231;232;2558;25;600
00843;2026-06-26;15:56;52.21;-1;49;50;231;231;231;2610;26;600
00844;2026-06-26;15:25;52.22;0;48;49;232;231;232;2506;27;600
00845;2026-06-26;14:55;52.22;0;48;49;231;231;231;2506;27;600
00846;2026-06-26;14:24;52.21;0;51;51;231;232;232;2610;27;600
00847;2026-06-26;13:54;52.21;-1;50;49;233;231;232;2663;27;600
00848;2026-06-26;13:23;52.21;-1;51;52;231;231;232;2662;26;599
00849;2026-06-26;12:53;52.22;0;48;49;232;231;231;2506;24;600
00850;2026-06-26;12:22;52.21;0;49;50;232;231;231;2557;25;600
00851;2026-06-26;11:52;52.21;0;53;51;231;231;231;2662;25;600
00852;2026-06-26;11:21;52.21;0;52;53;232;231;231;2714;23;600
00853;2026-06-26;10:51;52.21;0;48;50;231;231;232;2558;23;600
00854;2026-06-26;10:20;52.21;0;47;49;232;231;232;2454;22;600
00855;2026-06-26;09:50;52.21;0;46;50;232;231;232;2506;21;600
00856;2026-06-26;09:19;52.22;0;51;51;231;231;232;2559;26;600
00857;2026-06-26;08:49;52.23;0;46;48;232;231;232;2454;25;600
00858;2026-06-26;08:18;52.22;0;49;51;232;231;232;2611;24;600
00859;2026-06-26;07:48;52.22;0;50;50;231;232;231;2506;23;599
00860;2026-06-26;07:17;52.25;0;45;46;231;231;232;2454;23;600
00861;2026-06-26;06:47;52.21;0;48;48;232;232;232;2507;23;600
00862;2026-06-26;06:16;52.24;0;46;47;232;232;232;2402;23;600
00863;2026-06-26;05:46;52.24;0;43;45;231;231;232;2298;23;600
00864;2026-06-26;05:15;52.24;0;42;43;232;232;232;2194;23;600
00865;2026-06-26;04:45;52.25;0;42;43;232;232;232;2142;23;600
00866;2026-06-26;04:14;52.23;0;43;44;231;232;231;2246;23;600
00867;2026-06-26;03:44;52.24;0;41;42;232;232;232;2142;23;600
00868;2026-06-26;03:13;52.25;0;42;42;231;232;232;2194;24;600
00869;2026-06-26;02:43;52.26;0;41;43;232;232;232;2142;24;600
00870;2026-06-26;02:13;52.24;0;42;43;231;232;232;2194;24;600
00871;2026-06-26;01:42;52.24;0;42;42;232;232;232;2142;24;600
00872;2026-06-26;01:12;52.24;0;42;43;231;232;232;2194;25;600
00873;2026-06-26;00:41;52.23;0;42;43;231;232;232;2246;25;600
00874;2026-06-26;00:11;52.25;0;42;43;231;232;232;2194;25;599
00875;2026-06-25;23:40;52.24;0;45;46;232;231;232;2298;25;600
00876;2026-06-25;23:10;52.25;0;43;44;232;231;232;2245;24;600
00877;2026-06-25;22:39;52.23;0;51;47;232;232;232;2558;24;600
00878;2026-06-25;22:09;52.23;0;45;46;231;231;232;2402;23;600
00879;2026-06-25;21:38;52.23;0;47;45;231;231;231;2611;23;600
00880;2026-06-25;21:08;52.23;0;48;50;231;232;231;2507;23;600
00881;2026-06-25;20:37;52.22;0;48;49;231;232;232;2507;22;599
00882;2026-06-25;20:07;52.21;0;51;51;232;232;232;2714;22;600
00883;2026-06-25;19:36;52.22;0;49;52;232;231;232;2663;22;600
00884;2026-06-25;19:06;52.21;0;51;53;232;231;232;2611;21;600
00885;2026-06-25;18:35;52.22;0;50;49;231;231;232;2506;20;600
00886;2026-06-25;18:05;52.23;0;49;49;231;231;232;2559;20;600
00887;2026-06-25;17:34;52.21;0;46;46;232;232;232;2453;20;600
00888;2026-06-25;17:04;52.21;1;49;50;231;231;232;2558;22;600
00889;2026-06-25;16:33;52.22;1;48;48;232;231;232;2506;23;600
00890;2026-06-25;16:03;52.21;0;50;50;231;231;232;2506;24;600
00891;2026-06-25;15:32;52.21;0;53;53;231;231;232;2662;25;600
00892;2026-06-25;15:02;52.21;0;49;49;231;231;232;2453;26;600
00893;2026-06-25;14:31;52.21;1;51;50;231;231;231;2505;26;600
00894;2026-06-25;14:01;52.22;1;49;50;231;231;231;2662;26;600
00895;2026-06-25;13:30;52.21;0;51;52;231;231;231;2454;25;600
00896;2026-06-25;13:00;52.19;0;52;51;231;231;232;2662;25;600
00897;2026-06-25;12:29;52.21;0;49;51;231;231;232;2506;25;600
00898;2026-06-25;11:59;52.19;0;54;55;231;231;232;2767;23;600
00899;2026-06-25;11:29;52.21;0;49;52;231;231;232;2558;23;600
00900;2026-06-25;10:58;52.22;0;49;51;231;231;232;2610;22;600
00901;2026-06-25;10:28;52.21;0;49;51;231;231;231;2818;21;599
00902;2026-06-25;09:57;52.20;0;51;52;231;231;232;2662;21;600
00903;2026-06-25;09:27;52.22;0;49;50;231;231;232;2506;21;600
00904;2026-06-25;08:56;52.23;0;53;49;231;232;232;2559;26;600
00905;2026-06-25;08:26;52.21;0;49;50;231;231;232;2715;25;600
00906;2026-06-25;07:55;52.23;0;47;49;232;232;232;2507;24;600
00907;2026-06-25;07:25;52.24;0;49;49;232;231;232;2559;23;600
00908;2026-06-25;06:54;52.22;-1;48;49;231;231;232;2558;23;600
00909;2026-06-25;06:24;52.23;-1;54;55;232;231;231;2662;23;600
00910;2026-06-25;05:53;52.23;0;43;45;232;232;231;2298;23;600
00911;2026-06-25;05:23;52.25;0;42;43;232;232;232;2141;23;600
00912;2026-06-25;04:52;52.24;0;41;42;232;231;232;2298;23;600
00913;2026-06-25;04:22;52.24;-1;43;43;231;232;232;2194;23;600
00914;2026-06-25;03:51;52.25;-1;42;42;232;231;232;2142;23;600
00915;2026-06-25;03:21;52.23;0;41;43;232;232;232;2141;23;599
00916;2026-06-25;02:50;52.25;0;41;42;232;232;232;2142;23;600
00917;2026-06-25;02:20;52.24;0;41;42;232;232;232;2193;22;600
00918;2026-06-25;01:49;52.25;0;41;43;232;232;232;2142;22;600
00919;2026-06-25;01:19;52.25;0;41;44;231;231;232;2350;22;600
00920;2026-06-25;00:48;52.24;0;41;43;232;232;232;2141;22;600
00921;2026-06-25;00:18;52.24;0;42;43;232;232;232;2194;22;600
00922;2026-06-24;23:47;52.23;0;42;42;231;232;232;2246;22;600
00923;2026-06-24;23:17;52.24;0;42;43;232;231;232;2246;22;600
00924;2026-06-24;22:46;52.21;0;44;46;231;232;232;2350;22;600
00925;2026-06-24;22:16;52.23;0;47;50;231;232;232;2402;23;600
00926;2026-06-24;21:46;52.22;0;44;45;232;232;232;2507;23;600
00927;2026-06-24;21:15;52.23;0;48;50;232;231;232;2611;23;600
00928;2026-06-24;20:45;52.23;0;48;51;231;232;232;2766;22;600
00929;2026-06-24;20:14;52.21;0;48;48;232;231;232;2454;22;600
00930;2026-06-24;19:44;52.23;0;50;51;231;232;232;2610;22;600
00931;2026-06-24;19:13;52.22;0;48;50;231;232;232;2507;21;600
00932;2026-06-24;18:43;52.23;0;48;48;232;232;232;2454;21;600
00933;2026-06-24;18:12;52.22;1;46;47;231;231;231;2506;20;600
00934;2026-06-24;17:42;52.21;1;47;48;231;232;232;2454;20;600
00935;2026-06-24;17:11;52.21;0;46;50;231;231;231;2558;21;600
00936;2026-06-24;16:41;52.21;0;49;50;232;231;232;2506;23;600
00937;2026-06-24;16:10;52.21;0;50;52;231;231;232;2506;24;600
00938;2026-06-24;15:40;52.21;0;52;50;231;232;231;2506;25;600
00939;2026-06-24;15:09;52.23;0;49;51;231;232;232;2506;25;600
00940;2026-06-24;14:39;52.21;0;47;48;232;231;232;2506;26;600
00941;2026-06-24;14:08;52.21;0;49;51;231;231;232;2610;26;600
00942;2026-06-24;13:38;52.21;0;49;51;231;231;232;2610;26;600
00943;2026-06-24;13:07;52.20;0;50;52;231;231;231;2558;25;600
00944;2026-06-24;12:37;52.21;0;51;51;231;231;232;2818;24;600
00945;2026-06-24;12:06;52.21;0;52;51;231;232;232;2714;25;600
00946;2026-06-24;11:36;52.21;0;50;52;231;231;232;2611;23;600
00947;2026-06-24;11:05;52.21;0;51;52;231;231;232;2714;22;600
00948;2026-06-24;10:35;52.21;0;45;48;231;231;232;2610;21;600
00949;2026-06-24;10:04;52.21;0;52;53;231;231;231;2453;21;600
00950;2026-06-24;09:34;52.22;-1;49;51;231;232;231;2610;21;600
00951;2026-06-24;09:03;52.23;-1;54;50;231;232;232;2558;27;600
00952;2026-06-24;08:33;52.23;-1;48;49;231;232;232;2507;26;600
00953;2026-06-24;08:02;52.23;0;50;49;232;232;232;2454;25;600
00954;2026-06-24;07:32;52.24;0;47;48;232;232;231;2454;24;600
00955;2026-06-24;07:02;52.23;0;47;49;232;231;232;2454;23;600
00956;2026-06-24;06:31;52.23;0;48;50;231;232;231;2507;23;600
00957;2026-06-24;06:01;52.24;-1;46;45;231;232;232;2402;23;600
00958;2026-06-24;05:30;52.23;-1;45;43;231;231;232;2194;23;600
00959;2026-06-24;05:00;52.25;0;41;42;232;232;232;2142;23;600
00960;2026-06-24;04:29;52.25;0;40;42;231;232;232;2142;23;600
00961;2026-06-24;03:59;52.26;0;41;43;232;231;231;2247;23;600
00962;2026-06-24;03:28;52.25;0;40;42;231;232;232;2142;23;600
00963;2026-06-24;02:58;52.25;0;41;44;232;232;232;2194;22;600
00964;2026-06-24;02:27;52.25;0;41;42;232;232;232;2142;22;600
00965;2026-06-24;01:57;52.25;0;42;42;231;232;232;2142;22;600
00966;2026-06-24;01:26;52.25;0;44;46;232;232;231;2351;21;600
00967;2026-06-24;00:56;52.25;0;41;42;231;232;232;2142;21;600
00968;2026-06-24;00:25;52.27;0;40;41;232;232;232;2090;21;600
00969;2026-06-23;23:55;52.25;0;41;43;232;232;232;2194;21;600
00970;2026-06-23;23:24;52.25;0;43;45;232;231;232;2247;21;600
00971;2026-06-23;22:54;52.24;0;47;47;232;231;231;2402;22;600
00972;2026-06-23;22:23;52.25;0;46;49;231;232;232;2559;22;600
00973;2026-06-23;21:53;52.25;0;44;46;231;231;231;2351;22;600
00974;2026-06-23;21:22;52.24;0;46;45;232;232;232;2351;23;600
00975;2026-06-23;20:52;52.23;0;49;49;232;231;232;2559;22;600
00976;2026-06-23;20:21;52.23;0;47;52;232;232;232;2662;22;599
00977;2026-06-23;19:51;52.24;0;49;51;231;231;232;2611;22;600
00978;2026-06-23;19:20;52.23;0;49;48;231;232;232;2454;21;599
00979;2026-06-23;18:50;52.23;0;48;50;231;232;232;2559;21;600
00980;2026-06-23;18:19;52.23;0;47;48;232;232;232;2559;20;600
00981;2026-06-23;17:49;52.21;0;48;49;231;231;232;2506;20;600
00982;2026-06-23;17:19;52.21;0;48;50;231;232;232;2714;21;600
00983;2026-06-23;16:48;52.23;0;49;48;231;232;231;2611;23;600
00984;2026-06-23;16:18;52.22;0;49;50;232;231;232;2611;24;600
00985;2026-06-23;15:47;52.23;0;48;48;231;231;231;2454;25;600
00986;2026-06-23;15:17;52.22;0;51;52;231;231;231;2662;26;600
00987;2026-06-23;14:46;52.21;0;51;52;231;231;231;2453;26;600
00988;2026-06-23;14:16;52.22;0;50;50;232;231;232;2767;26;600
00989;2026-06-23;13:45;52.21;0;52;52;231;232;232;2558;27;600
00990;2026-06-23;13:15;52.22;0;51;52;231;231;231;2819;27;600
00991;2026-06-23;12:44;52.22;0;49;51;231;231;231;2610;26;600
00992;2026-06-23;12:14;52.21;0;52;51;231;231;231;2714;25;600
00993;2026-06-23;11:43;52.23;0;47;52;231;231;231;2611;25;600
00994;2026-06-23;11:13;52.22;0;49;50;231;231;231;2611;25;600
00995;2026-06-23;10:42;52.21;0;53;52;231;232;232;2714;24;600
00996;2026-06-23;10:12;52.23;1;47;48;231;231;232;2507;23;600
00997;2026-06-23;09:41;52.21;1;50;49;231;231;232;2559;22;600
00998;2026-06-23;09:11;52.22;0;49;49;231;231;232;2506;22;600
00999;2026-06-23;08:40;52.22;0;50;51;232;231;232;2559;21;600
01000;2026-06-23;08:10;52.22;0;49;50;231;231;232;2663;24;600
01001;2026-06-23;07:39;52.25;-1;46;47;232;231;232;2454;25;600
01002;2026-06-23;07:09;52.25;-1;47;49;232;232;232;2507;24;600
01003;2026-06-23;06:38;52.24;0;47;48;231;232;232;2559;23;600
01004;2026-06-23;06:08;52.23;0;46;48;231;232;232;2351;23;600
01005;2026-06-23;05:37;52.23;0;44;45;231;232;232;2194;23;600
01006;2026-06-23;05:07;52.26;0;42;42;232;231;232;2194;23;600
01007;2026-06-23;04:36;52.25;0;41;42;232;232;232;2194;23;600
01008;2026-06-23;04:06;52.26;0;42;42;232;232;232;2194;23;600
01009;2026-06-23;03:36;52.26;0;42;43;232;232;232;2194;23;600
01010;2026-06-23;03:05;52.25;0;41;42;232;232;232;2194;23;600
01011;2026-06-23;02:35;52.26;0;41;43;232;232;232;2142;23;600
01012;2026-06-23;02:04;52.26;0;41;42;232;232;232;2142;23;600
01013;2026-06-23;01:34;52.25;0;42;42;232;232;232;2246;22;600
01014;2026-06-23;01:03;52.24;-1;42;43;232;232;232;2194;22;600
01015;2026-06-23;00:33;52.25;-1;42;43;232;232;232;2246;22;600
01016;2026-06-23;00:02;52.26;0;44;46;232;232;232;2299;22;600
01017;2026-06-22;23:32;52.25;-1;45;44;231;231;232;2299;23;600
01018;2026-06-22;23:01;52.23;-1;44;47;231;232;232;2403;23;600
01019;2026-06-22;22:31;52.25;0;44;47;232;232;232;2299;23;600
01020;2026-06-22;22:00;52.25;0;48;48;232;232;232;2455;24;600
01021;2026-06-22;21:30;52.25;0;46;46;232;231;232;2351;24;600
01022;2026-06-22;20:59;52.22;0;47;47;232;232;232;2454;23;599
01023;2026-06-22;20:29;52.23;0;50;50;231;231;232;2454;23;600
01024;2026-06-22;19:58;52.23;0;50;49;231;231;231;2663;22;600
01025;2026-06-22;19:28;52.24;0;48;48;231;231;232;2559;21;600
01026;2026-06-22;18:57;52.23;1;51;51;231;231;232;2663;21;600
01027;2026-06-22;18:27;52.21;1;48;50;231;231;231;2454;20;600
01028;2026-06-22;17:56;52.22;1;46;48;231;231;232;2506;20;600
01029;2026-06-22;17:26;52.21;0;48;49;232;232;231;2558;21;600
01030;2026-06-22;16:55;52.22;0;48;49;231;231;232;2558;23;600
01031;2026-06-22;16:25;52.22;0;49;50;231;231;232;2454;25;600
01032;2026-06-22;15:54;52.23;0;48;48;231;231;232;2506;26;600
01033;2026-06-22;15:24;52.23;0;48;51;232;232;231;2819;27;600
01034;2026-06-22;14:53;52.23;0;51;50;232;231;232;2558;27;600
01035;2026-06-22;14:23;52.23;0;49;50;231;231;232;2662;27;599
01036;2026-06-22;13:53;52.23;0;51;52;232;231;231;2611;27;600
01037;2026-06-22;13:22;52.22;0;51;50;232;231;232;2559;27;600
01038;2026-06-22;12:52;52.21;0;50;51;231;231;231;2767;27;600
01039;2026-06-22;12:21;52.21;0;52;51;231;231;232;2714;26;599
01040;2026-06-22;11:51;52.21;0;52;51;231;231;231;2507;27;600
01041;2026-06-22;11:20;52.21;0;51;53;231;231;231;2662;26;600
01042;2026-06-22;10:50;52.22;0;48;50;232;231;231;2611;25;600
01043;2026-06-22;10:19;52.21;0;48;49;232;231;232;2559;23;600
01044;2026-06-22;09:49;52.21;0;48;51;232;231;232;2506;23;600
01045;2026-06-22;09:18;52.22;0;49;51;231;231;232;2454;22;600
01046;2026-06-22;08:48;52.21;0;50;49;232;232;231;2506;22;600
01047;2026-06-22;08:17;52.25;-2;46;48;231;232;232;2403;25;600
01048;2026-06-22;07:47;52.24;-2;50;51;231;231;231;2611;24;600
01049;2026-06-22;07:16;52.24;0;48;47;232;231;232;2454;24;600
01050;2026-06-22;06:46;52.23;0;47;48;232;232;231;2403;23;600
01051;2026-06-22;06:15;52.25;0;44;45;231;232;231;2403;23;600
01052;2026-06-22;05:45;52.24;0;43;46;231;232;232;2246;23;600
01053;2026-06-22;05:14;52.23;0;43;44;231;231;232;2299;22;600
01054;2026-06-22;04:44;52.25;0;41;42;232;231;232;2090;22;600
01055;2026-06-22;04:13;52.26;0;40;42;231;232;232;2143;22;600
01056;2026-06-22;03:43;52.26;0;40;41;231;231;232;2090;22;600
01057;2026-06-22;03:12;52.25;0;41;42;232;231;232;2142;22;600
01058;2026-06-22;02:42;52.25;0;42;42;232;231;232;2194;22;600
01059;2026-06-22;02:11;52.25;0;44;44;232;231;232;2403;22;600
01060;2026-06-22;01:41;52.25;0;41;42;232;231;232;2194;22;600
01061;2026-06-22;01:10;52.25;0;41;43;231;231;232;2142;22;600
01062;2026-06-22;00:40;52.25;0;41;42;232;232;232;2246;22;600
01063;2026-06-22;00:10;52.25;0;41;44;232;232;232;2194;23;600
01064;2026-06-21;23:39;52.25;-1;45;43;232;232;232;2350;23;600
01065;2026-06-21;23:09;52.25;-1;44;45;232;232;231;2350;23;600
01066;2026-06-21;22:38;52.24;0;44;45;231;232;232;2298;23;600
01067;2026-06-21;22:08;52.23;0;48;50;231;232;231;2559;22;600
01068;2026-06-21;21:37;52.23;0;47;48;232;232;232;2402;22;600
01069;2026-06-21;21:07;52.23;0;48;49;232;231;232;2559;21;600
01070;2026-06-21;20:36;52.22;0;48;48;232;232;232;2454;20;600
01071;2026-06-21;20:06;52.21;0;52;50;232;232;232;2610;20;600
01072;2026-06-21;19:35;52.21;0;48;49;232;231;231;2454;20;600
01073;2026-06-21;19:05;52.23;0;50;51;231;231;232;2610;20;600
01074;2026-06-21;18:34;52.21;0;49;51;232;231;232;2506;20;600
01075;2026-06-21;18:04;52.22;0;47;48;232;231;231;2454;20;600
01076;2026-06-21;17:33;52.21;0;46;47;231;231;232;2402;21;600
01077;2026-06-21;17:03;52.23;1;46;49;231;231;232;2454;23;600
01078;2026-06-21;16:32;52.22;1;50;50;231;231;232;2611;24;600
01079;2026-06-21;16:02;52.21;0;50;50;232;231;231;2559;26;600
01080;2026-06-21;15:31;52.20;0;51;52;231;231;231;2663;26;600
01081;2026-06-21;15:01;52.22;0;48;50;231;231;231;2559;26;600
01082;2026-06-21;14:30;52.23;0;48;48;231;231;232;2454;25;600
01083;2026-06-21;14:00;52.23;0;48;48;231;231;231;2454;27;600
01084;2026-06-21;13:29;52.22;0;47;48;231;231;231;2454;26;600
01085;2026-06-21;12:59;52.23;0;49;50;232;231;232;2507;26;600
01086;2026-06-21;12:28;52.23;0;48;48;231;231;232;2507;26;600
01087;2026-06-21;11:58;52.22;0;51;52;232;231;232;2714;26;600
01088;2026-06-21;11:27;52.22;0;50;48;231;231;231;2507;26;600
01089;2026-06-21;10:57;52.23;0;49;49;232;231;231;2507;25;600
01090;2026-06-21;10:26;52.21;0;49;52;231;231;231;2611;24;600
01091;2026-06-21;09:56;52.22;0;48;49;231;232;232;2611;23;600
01092;2026-06-21;09:26;52.23;0;48;49;231;231;231;2506;22;600
01093;2026-06-21;08:55;52.22;0;53;52;231;232;232;2610;21;600
01094;2026-06-21;08:25;52.22;0;49;51;231;231;232;2610;23;600
01095;2026-06-21;07:54;52.25;0;48;47;231;232;231;2455;25;600
01096;2026-06-21;07:24;52.23;0;48;49;231;232;232;2455;23;599
01097;2026-06-21;06:53;52.23;0;46;48;231;232;232;2455;23;600
01098;2026-06-21;06:23;52.25;0;46;46;232;231;232;2351;22;600
01099;2026-06-21;05:52;52.25;0;42;43;231;232;232;2194;22;600
01100;2026-06-21;05:22;52.25;0;41;42;231;232;232;2246;22;600
01101;2026-06-21;04:51;52.26;0;42;43;232;232;232;2194;22;600
01102;2026-06-21;04:21;52.25;0;42;42;232;232;232;2142;22;600
01103;2026-06-21;03:50;52.25;0;40;42;232;232;232;2142;22;600
01104;2026-06-21;03:20;52.25;0;44;43;232;231;232;2142;22;600
01105;2026-06-21;02:49;52.27;0;41;42;232;232;232;2090;22;600
01106;2026-06-21;02:19;52.25;0;41;42;232;232;232;2194;22;600
01107;2026-06-21;01:48;52.25;0;41;42;232;232;232;2194;22;600
01108;2026-06-21;01:18;52.25;0;43;44;232;231;232;2194;22;600
01109;2026-06-21;00:47;52.24;0;44;46;232;231;232;2246;22;600
01110;2026-06-21;00:17;52.25;0;42;44;232;231;231;2299;23;600
01111;2026-06-20;23:46;52.25;0;44;44;232;232;232;2246;23;600
01112;2026-06-20;23:16;52.25;0;43;43;231;232;232;2194;23;600
01113;2026-06-20;22:45;52.24;0;47;49;231;232;232;2298;23;599
01114;2026-06-20;22:15;52.23;-1;45;46;231;232;232;2351;23;600
01115;2026-06-20;21:44;52.23;-1;47;46;232;231;232;2507;23;599
01116;2026-06-20;21:14;52.21;0;52;53;231;232;232;2507;23;600
01117;2026-06-20;20:43;52.23;0;49;49;232;232;232;2507;22;600
01118;2026-06-20;20:13;52.23;1;50;51;231;232;232;2403;21;600
01119;2026-06-20;19:43;52.24;1;52;51;232;231;232;2559;20;600
01120;2026-06-20;19:12;52.21;0;51;53;232;231;232;2714;20;600
01121;2026-06-20;18:42;52.21;0;50;52;231;231;231;2662;20;600
01122;2026-06-20;18:11;52.22;0;50;51;231;232;232;2559;20;600
01123;2026-06-20;17:41;52.23;0;47;48;231;231;232;2454;21;600
01124;2026-06-20;17:10;52.21;0;50;50;231;231;232;2558;22;600
01125;2026-06-20;16:40;52.22;0;48;52;232;231;231;2506;24;600
01126;2026-06-20;16:09;52.23;0;50;51;231;231;232;2610;26;600
01127;2026-06-20;15:39;52.21;0;47;51;231;231;232;2611;27;600
01128;2026-06-20;15:08;52.23;-2;48;49;231;231;232;2454;27;600
01129;2026-06-20;14:38;52.22;-2;52;50;231;231;231;2923;28;600
01130;2026-06-20;14:07;52.22;0;51;54;231;231;232;2558;28;600
01131;2026-06-20;13:37;52.21;0;52;52;231;231;231;2715;28;600
01132;2026-06-20;13:06;52.22;0;50;50;231;231;232;2558;28;600
01133;2026-06-20;12:36;52.22;0;50;53;231;231;231;2610;27;600
01134;2026-06-20;12:05;52.23;0;50;52;232;231;231;2611;26;600
01135;2026-06-20;11:35;52.22;0;53;54;231;231;231;2767;26;600
01136;2026-06-20;11:04;52.21;0;52;51;231;231;232;2611;25;599
01137;2026-06-20;10:34;52.23;0;51;53;231;231;232;2767;25;600
01138;2026-06-20;10:03;52.22;0;51;51;231;231;231;2506;23;600
01139;2026-06-20;09:33;52.23;0;49;50;231;231;231;2559;23;600
01140;2026-06-20;09:02;52.23;0;49;52;232;231;231;2454;22;600
01141;2026-06-20;08:32;52.22;0;50;50;231;232;232;2559;21;600
01142;2026-06-20;08:01;52.23;0;46;48;232;232;232;2559;23;600
01143;2026-06-20;07:31;52.24;0;49;50;231;231;232;2507;25;600
01144;2026-06-20;07:00;52.24;0;48;50;231;232;231;2507;25;600
01145;2026-06-20;06:30;52.24;0;46;47;231;231;232;2403;25;600
01146;2026-06-20;05:59;52.24;-1;44;47;231;232;232;2402;25;599
01147;2026-06-20;05:29;52.25;-1;44;46;232;232;232;2299;25;599
01148;2026-06-20;04:59;52.25;0;44;44;232;232;232;2194;25;600
01149;2026-06-20;04:28;52.25;0;41;42;231;231;232;2141;25;600
01150;2026-06-20;03:58;52.25;0;41;43;232;232;232;2142;25;600
01151;2026-06-20;03:27;52.25;0;41;42;232;232;232;2142;25;600
01152;2026-06-20;02:57;52.24;0;41;42;232;231;232;2142;24;600
01153;2026-06-20;02:26;52.26;0;41;45;231;231;232;2142;24;600
01154;2026-06-20;01:56;52.25;0;40;41;232;231;232;2350;23;600
01155;2026-06-20;01:25;52.25;0;41;46;232;232;232;2194;23;600
01156;2026-06-20;00:55;52.25;0;42;43;232;231;232;2142;23;600
01157;2026-06-20;00:24;52.24;-1;44;42;231;231;231;2246;23;600
01158;2026-06-19;23:54;52.24;-1;45;46;232;232;232;2194;23;600
01159;2026-06-19;23:23;52.24;0;43;43;231;232;232;2246;23;600
01160;2026-06-19;22:53;52.25;0;43;44;231;232;231;2350;23;600
01161;2026-06-19;22:22;52.23;1;46;47;232;231;231;2402;23;600
01162;2026-06-19;21:52;52.23;1;43;46;232;231;231;2402;22;600
01163;2026-06-19;21:21;52.23;0;46;51;232;232;232;2455;22;600
01164;2026-06-19;20:51;52.22;0;48;49;231;231;231;2454;21;599
01165;2026-06-19;20:20;52.22;0;49;52;232;232;231;2506;21;600
01166;2026-06-19;19:50;52.23;0;47;49;232;231;232;2507;20;600
01167;2026-06-19;19:19;52.20;0;50;51;232;231;232;2610;20;600
01168;2026-06-19;18:49;52.21;0;50;51;231;232;232;2558;20;600
01169;2026-06-19;18:18;52.21;1;47;50;231;231;231;2506;20;600
01170;2026-06-19;17:48;52.23;1;48;48;232;231;231;2506;21;600
01171;2026-06-19;17:17;52.21;0;49;51;231;231;231;2610;22;600
01172;2026-06-19;16:47;52.22;0;48;47;231;231;231;2454;23;600
01173;2026-06-19;16:16;52.21;0;50;50;231;231;231;2558;26;599
01174;2026-06-19;15:46;52.22;0;52;53;231;231;232;2767;27;600
01175;2026-06-19;15:15;52.21;0;49;50;231;231;232;2559;27;600
01176;2026-06-19;14:45;52.21;0;49;49;232;231;231;2611;27;600
01177;2026-06-19;14:15;52.21;0;50;51;231;231;231;2714;27;600
01178;2026-06-19;13:44;52.23;0;48;50;231;231;232;2610;28;600
01179;2026-06-19;13:14;52.21;0;54;54;231;231;231;2559;28;599
01180;2026-06-19;12:43;52.21;1;51;52;231;231;231;2662;28;600
01181;2026-06-19;12:13;52.20;1;55;57;231;231;231;2923;27;600
01182;2026-06-19;11:42;52.21;0;51;51;231;231;231;2714;26;600
01183;2026-06-19;11:12;52.23;0;50;49;231;231;232;2559;27;600
01184;2026-06-19;10:41;52.23;0;49;48;231;231;232;2558;26;600
01185;2026-06-19;10:11;52.23;0;49;50;231;231;231;2507;25;600
01186;2026-06-19;09:40;52.21;0;53;52;231;231;232;2767;24;600
01187;2026-06-19;09:10;52.23;0;48;50;231;231;231;2558;23;600
01188;2026-06-19;08:39;52.21;0;49;50;231;232;231;2714;21;599
01189;2026-06-19;08:09;52.21;0;48;52;231;232;231;2714;21;600
01190;2026-06-19;07:38;52.22;0;51;53;231;231;232;2507;22;599
01191;2026-06-19;07:08;52.24;0;46;48;232;231;232;2455;25;600
01192;2026-06-19;06:37;52.25;0;48;48;232;231;231;2402;25;600
01193;2026-06-19;06:07;52.23;-1;46;47;232;232;232;2559;24;600
01194;2026-06-19;05:36;52.24;-1;44;45;232;231;232;2402;23;599
01195;2026-06-19;05:06;52.25;0;42;42;232;232;232;2246;22;600
01196;2026-06-19;04:35;52.25;0;41;43;231;232;232;2194;22;600
01197;2026-06-19;04:05;52.25;0;42;43;232;232;232;2142;21;600
01198;2026-06-19;03:34;52.25;0;43;43;232;232;232;2194;20;600
01199;2026-06-19;03:04;52.24;0;41;43;232;231;232;2193;20;600
01200;2026-06-19;02:33;52.23;0;43;43;232;231;232;2141;20;600
01201;2026-06-19;02:03;52.24;0;43;43;231;231;232;2194;21;600
01202;2026-06-19;01:32;52.24;0;43;43;232;232;232;2194;22;600
01203;2026-06-19;01:02;52.24;0;42;43;231;232;232;2142;21;600
01204;2026-06-19;00:32;52.23;0;44;44;232;231;232;2298;20;600
01205;2026-06-19;00:01;52.23;0;43;44;231;232;232;2245;21;600
01206;2026-06-18;23:31;52.25;-1;42;43;232;232;232;2246;25;599
01207;2026-06-18;23:00;52.24;-1;44;44;232;232;232;2351;24;599
01208;2026-06-18;22:30;52.24;0;46;45;232;231;231;2403;24;600
01209;2026-06-18;21:59;52.23;0;47;47;231;231;232;2454;23;599
01210;2026-06-18;21:29;52.23;0;46;47;232;232;232;2507;23;600
01211;2026-06-18;20:58;52.24;0;47;45;232;231;232;2454;22;600
01212;2026-06-18;20:28;52.24;0;47;48;232;232;232;2454;21;600
01213;2026-06-18;19:57;52.23;0;50;49;232;232;231;2663;20;600
01214;2026-06-18;19:27;52.23;0;52;52;231;231;232;2558;20;600
01215;2026-06-18;18:56;52.21;0;50;51;231;232;232;2558;20;600
01216;2026-06-18;18:26;52.22;0;48;48;231;231;231;2611;20;600
01217;2026-06-18;17:55;52.21;0;48;48;231;231;232;2454;21;600
01218;2026-06-18;17:25;52.22;1;50;50;231;231;232;2558;22;600
01219;2026-06-18;16:54;52.21;1;49;49;231;231;231;2506;24;600
01220;2026-06-18;16:24;52.21;0;50;50;231;231;231;2558;25;600
01221;2026-06-18;15:53;52.21;0;47;48;232;231;232;2611;26;600
01222;2026-06-18;15:23;52.22;0;49;50;231;231;231;2662;27;600
01223;2026-06-18;14:52;52.22;0;49;49;231;231;231;2663;28;600
01224;2026-06-18;14:22;52.23;0;49;49;231;232;231;2506;27;600
01225;2026-06-18;13:51;52.23;0;49;49;231;231;231;2559;26;600
01226;2026-06-18;13:21;52.23;0;48;50;231;231;232;2559;27;600
01227;2026-06-18;12:50;52.21;0;50;51;231;232;231;2662;27;600
01228;2026-06-18;12:20;52.22;0;50;52;231;231;231;2714;26;600
01229;2026-06-18;11:49;52.21;0;53;52;231;231;232;2662;27;600
01230;2026-06-18;11:19;52.21;0;52;53;231;231;231;2610;25;600
01231;2026-06-18;10:49;52.20;0;54;53;231;231;231;2974;24;600
01232;2026-06-18;10:18;52.22;0;49;51;231;231;231;2558;24;600
01233;2026-06-18;09:48;52.23;0;51;51;231;232;232;2819;24;600
01234;2026-06-18;09:17;52.22;0;51;54;231;231;232;2507;23;600
01235;2026-06-18;08:47;52.22;0;50;50;231;231;232;2714;22;600
01236;2026-06-18;08:16;52.22;0;46;48;231;231;232;2454;22;600
01237;2026-06-18;07:46;52.25;0;46;46;231;232;232;2350;25;599
01238;2026-06-18;07:15;52.23;0;47;47;232;231;232;2455;24;600
01239;2026-06-18;06:45;52.24;0;46;48;232;232;231;2507;23;600
01240;2026-06-18;06:14;52.23;0;48;49;232;231;232;2507;23;599
01241;2026-06-18;05:44;52.24;0;43;45;232;231;232;2298;23;600
01242;2026-06-18;05:13;52.24;0;42;45;231;232;232;2403;24;600
01243;2026-06-18;04:43;52.25;0;42;44;231;232;232;2246;25;600
01244;2026-06-18;04:12;52.25;0;42;42;232;232;232;2142;24;600
01245;2026-06-18;03:42;52.24;0;41;42;232;231;232;2142;24;600
01246;2026-06-18;03:11;52.25;-1;41;42;232;232;232;2194;24;600
01247;2026-06-18;02:41;52.25;-1;42;44;232;232;232;2194;24;600
01248;2026-06-18;02:10;52.25;-1;41;42;232;231;232;2298;24;600
01249;2026-06-18;01:40;52.23;0;42;43;232;232;232;2194;24;600
01250;2026-06-18;01:09;52.25;0;42;44;232;232;232;2403;24;600
01251;2026-06-18;00:39;52.25;-1;42;42;232;232;232;2194;24;600
01252;2026-06-18;00:08;52.25;-1;44;44;231;232;232;2246;23;600
01253;2026-06-17;23:38;52.26;-1;43;43;231;231;232;2194;23;600
01254;2026-06-17;23:07;52.25;0;47;44;232;232;231;2611;23;600
01255;2026-06-17;22:37;52.25;0;48;48;231;231;232;2507;24;600
01256;2026-06-17;22:06;52.25;0;47;47;231;231;232;2403;23;600
01257;2026-06-17;21:36;52.24;0;45;46;231;232;231;2507;22;600
01258;2026-06-17;21:06;52.25;0;48;49;232;232;232;2507;21;600
01259;2026-06-17;20:35;52.22;0;50;50;231;231;232;2611;20;600
01260;2026-06-17;20:05;52.21;0;47;48;231;231;232;2611;20;599
01261;2026-06-17;19:34;52.21;0;50;51;232;231;232;2662;20;600
01262;2026-06-17;19:04;52.22;0;50;51;232;232;232;2767;20;600
01263;2026-06-17;18:33;52.23;-1;50;49;231;231;232;2507;20;600
01264;2026-06-17;18:03;52.23;-1;48;51;231;231;231;2454;21;600
01265;2026-06-17;17:32;52.23;0;47;49;231;231;231;2507;22;600
01266;2026-06-17;17:02;52.23;0;47;48;232;231;231;2455;23;600
01267;2026-06-17;16:31;52.23;0;50;49;231;231;231;2507;25;600
01268;2026-06-17;16:01;52.23;0;47;48;231;231;231;2454;26;600
01269;2026-06-17;15:30;52.24;0;47;47;231;231;231;2507;27;600
01270;2026-06-17;15:00;52.24;0;47;48;231;232;231;2506;28;600
01271;2026-06-17;14:29;52.23;0;47;50;231;231;231;2507;28;600
01272;2026-06-17;13:59;52.23;0;52;51;231;231;232;2663;28;600
01273;2026-06-17;13:28;52.23;0;49;50;231;231;232;2507;28;600
01274;2026-06-17;12:58;52.22;0;51;52;231;231;231;2611;28;600
01275;2026-06-17;12:27;52.24;0;48;52;231;231;231;2559;28;600
01276;2026-06-17;11:57;52.22;0;54;58;231;231;231;2820;27;600
01277;2026-06-17;11:26;52.23;0;52;53;231;231;232;2663;26;600
01278;2026-06-17;10:56;52.23;0;48;48;231;231;231;2559;25;600
01279;2026-06-17;10:25;52.24;0;49;51;231;231;231;2612;24;600
01280;2026-06-17;09:55;52.23;0;48;51;231;231;231;2507;24;600
01281;2026-06-17;09:24;52.23;0;51;52;231;231;231;2664;23;600
01282;2026-06-17;08:54;52.23;0;50;53;231;232;231;2820;22;600
01283;2026-06-17;08:23;52.23;0;49;51;232;231;231;2559;21;600
01284;2026-06-17;07:53;52.23;-1;51;52;232;232;232;2454;21;600
01285;2026-06-17;07:23;52.25;-1;48;50;232;231;231;2403;25;600
01286;2026-06-17;06:52;52.24;0;49;51;232;231;231;2559;24;600
01287;2026-06-17;06:22;52.24;-1;49;50;232;232;232;2508;24;600
01288;2026-06-17;05:51;52.26;-1;43;45;232;231;232;2299;24;599
01289;2026-06-17;05:21;52.25;0;44;43;232;231;232;2194;24;600
01290;2026-06-17;04:50;52.26;0;43;43;232;231;232;2143;23;600
01291;2026-06-17;04:20;52.25;-1;41;42;232;232;231;2195;23;600
01292;2026-06-17;03:49;52.26;-1;42;43;232;231;232;2351;24;600
01293;2026-06-17;03:19;52.25;0;42;43;231;232;232;2090;23;600
01294;2026-06-17;02:48;52.26;0;43;44;231;232;232;2194;23;600
01295;2026-06-17;02:18;52.26;0;42;43;232;232;231;2142;23;600
01296;2026-06-17;01:47;52.26;0;44;43;232;232;232;2142;23;600
01297;2026-06-17;01:17;52.26;-1;42;42;231;232;232;2194;23;600
01298;2026-06-17;00:46;52.26;-1;43;43;232;232;232;2194;23;600
01299;2026-06-17;00:16;52.25;0;45;44;232;232;232;2298;23;600
01300;2026-06-16;23:45;52.25;0;45;46;231;232;231;2403;23;599
01301;2026-06-16;23:15;52.25;0;47;44;231;232;231;2351;22;600
01302;2026-06-16;22:44;52.24;0;44;46;232;231;232;2350;21;600
01303;2026-06-16;22:14;52.23;0;46;49;231;231;232;2507;21;600
01304;2026-06-16;21:43;52.23;0;44;47;231;231;232;2299;20;600
01305;2026-06-16;21:13;52.22;0;48;49;232;231;232;2507;20;600
01306;2026-06-16;20:42;52.23;0;45;47;231;231;231;2506;20;600
01307;2026-06-16;20:12;52.19;0;49;51;232;231;232;2714;20;599
01308;2026-06-16;19:41;52.23;0;49;50;231;231;231;2662;20;600
01309;2026-06-16;19:11;52.23;0;50;50;231;231;232;2611;21;600
01310;2026-06-16;18:40;52.21;0;54;53;231;231;231;2819;21;600
01311;2026-06-16;18:10;52.23;0;48;52;231;231;232;2611;22;600
01312;2026-06-16;17:39;52.21;0;47;49;231;232;232;2611;22;600
01313;2026-06-16;17:09;52.23;0;46;50;231;231;232;2611;24;600
01314;2026-06-16;16:39;52.23;0;49;49;231;231;231;2506;26;600
01315;2026-06-16;16:08;52.23;0;49;50;231;232;232;2559;27;600
01316;2026-06-16;15:38;52.23;0;49;50;231;231;231;2507;28;600
01317;2026-06-16;15:07;52.23;0;49;48;231;231;231;2507;28;600
01318;2026-06-16;14:37;52.23;0;48;50;231;231;231;2454;28;600
01319;2026-06-16;14:06;52.21;0;50;52;231;231;231;2819;29;600
01320;2026-06-16;13:36;52.23;0;49;50;231;231;231;2611;29;600
01321;2026-06-16;13:05;52.22;0;53;54;231;231;231;2611;29;600
01322;2026-06-16;12:35;52.22;0;49;51;231;231;232;2611;28;600
01323;2026-06-16;12:04;52.22;0;52;52;231;231;231;2663;28;600
01324;2026-06-16;11:34;52.23;0;49;52;231;231;231;2611;28;600
01325;2026-06-16;11:03;52.21;0;53;55;231;231;231;2662;27;600
01326;2026-06-16;10:33;52.23;0;52;51;231;231;232;2558;27;600
01327;2026-06-16;10:02;52.21;0;49;50;231;231;231;2663;25;600
01328;2026-06-16;09:32;52.23;0;49;50;231;231;231;2559;25;600
01329;2026-06-16;09:01;52.21;0;51;53;231;231;231;2559;24;600
01330;2026-06-16;08:31;52.21;0;51;52;231;231;232;2558;23;600
01331;2026-06-16;08:00;52.20;0;49;49;231;231;232;2767;22;600
01332;2026-06-16;07:30;52.21;0;49;51;231;231;232;2558;21;600
01333;2026-06-16;06:59;52.22;0;48;49;232;231;231;2558;20;600
01334;2026-06-16;06:29;52.22;0;49;49;232;231;232;2453;20;600
01335;2026-06-16;05:58;52.21;0;44;45;232;231;232;2298;20;600
01336;2026-06-16;05:28;52.24;0;42;43;231;231;232;2245;21;600
01337;2026-06-16;04:57;52.24;0;42;43;231;232;232;2141;20;600
01338;2026-06-16;04:27;52.24;0;43;43;231;231;232;2193;20;600
01339;2026-06-16;03:57;52.24;0;42;42;232;231;232;2141;21;600
01340;2026-06-16;03:26;52.25;0;42;42;231;232;232;2194;22;600
01341;2026-06-16;02:56;52.25;0;42;43;232;231;232;2194;21;600
01342;2026-06-16;02:25;52.27;0;40;42;232;232;232;2090;20;600
01343;2026-06-16;01:55;52.26;0;41;42;232;231;232;2142;20;600
01344;2026-06-16;01:24;52.25;0;42;43;232;231;232;2194;20;600
01345;2026-06-16;00:54;52.25;0;43;44;232;231;232;2142;20;600
01346;2026-06-16;00:23;52.27;0;42;43;231;231;232;2194;20;600
01347;2026-06-15;23:53;52.25;0;46;43;231;232;232;2194;20;600
01348;2026-06-15;23:22;52.25;0;50;47;232;232;232;2299;20;600
01349;2026-06-15;22:52;52.25;0;45;46;232;231;232;2246;20;600
01350;2026-06-15;22:21;52.23;1;47;49;232;231;232;2403;21;600
01351;2026-06-15;21:51;52.24;1;46;47;231;231;232;2403;21;600
01352;2026-06-15;21:20;52.24;0;49;48;231;231;231;2508;21;600
01353;2026-06-15;20:50;52.24;0;47;50;232;231;232;2455;22;600
01354;2026-06-15;20:19;52.24;0;50;50;231;231;232;2663;22;600
01355;2026-06-15;19:49;52.23;0;52;52;231;231;231;2559;22;600
01356;2026-06-15;19:18;52.22;1;49;52;231;231;232;2559;22;600
01357;2026-06-15;18:48;52.23;1;50;52;232;231;231;2976;22;600
01358;2026-06-15;18:17;52.23;1;50;49;231;231;232;2455;22;600
01359;2026-06-15;17:47;52.25;0;48;48;231;231;232;2455;22;600
01360;2026-06-15;17:16;52.23;0;48;49;232;231;232;2455;23;599
01361;2026-06-15;16:46;52.23;0;47;48;232;231;231;2455;24;600
01362;2026-06-15;16:15;52.25;0;47;48;231;231;232;2560;25;600
01363;2026-06-15;15:45;52.25;0;49;52;231;231;231;2559;27;600
01364;2026-06-15;15:15;52.23;0;61;53;231;231;232;2716;28;600
01365;2026-06-15;14:44;52.24;0;52;52;231;231;231;2560;28;600
01366;2026-06-15;14:14;52.25;0;53;56;231;231;231;2769;29;600
01367;2026-06-15;13:43;52.25;0;50;50;231;231;231;2560;29;600
01368;2026-06-15;13:13;52.25;0;50;51;231;231;232;2664;29;600
01369;2026-06-15;12:42;52.25;0;50;51;231;232;231;2664;29;600
01370;2026-06-15;12:12;52.24;0;52;54;231;231;231;2716;29;600
01371;2026-06-15;11:41;52.25;0;53;53;231;231;231;2663;28;600
01372;2026-06-15;11:11;52.25;0;51;51;231;231;231;2612;28;600
01373;2026-06-15;10:40;52.23;0;54;55;231;231;231;2768;27;600
01374;2026-06-15;10:10;52.23;0;48;50;231;231;231;2508;26;600
01375;2026-06-15;09:39;52.23;0;49;51;231;231;231;2612;26;600
01376;2026-06-15;09:09;52.24;0;48;49;231;231;232;2507;24;600
01377;2026-06-15;08:38;52.25;0;47;48;232;231;232;2455;23;600
01378;2026-06-15;08:08;52.23;0;52;51;231;231;231;2612;22;600
01379;2026-06-15;07:37;52.23;0;50;50;231;231;232;2507;22;600
01380;2026-06-15;07:07;52.25;0;47;48;232;231;232;2507;22;600
01381;2026-06-15;06:36;52.25;0;47;47;231;231;231;2403;21;600
01382;2026-06-15;06:06;52.25;0;43;45;232;231;232;2299;21;600
01383;2026-06-15;05:35;52.25;0;43;45;232;231;232;2246;21;600
01384;2026-06-15;05:05;52.25;0;42;45;232;232;232;2299;21;600
01385;2026-06-15;04:34;52.26;0;42;44;232;232;232;2194;21;600
01386;2026-06-15;04:04;52.25;0;44;45;231;231;232;2246;21;600
01387;2026-06-15;03:34;52.25;0;43;44;231;231;231;2194;21;600
01388;2026-06-15;03:03;52.26;0;42;43;231;231;232;2142;22;600
01389;2026-06-15;02:33;52.25;0;44;47;232;231;231;2246;22;600
01390;2026-06-15;02:02;52.27;0;42;42;231;231;232;2194;21;600
01391;2026-06-15;01:32;52.25;0;44;45;232;232;232;2194;21;600
01392;2026-06-15;01:01;52.25;0;44;43;231;231;232;2194;21;600
01393;2026-06-15;00:31;52.26;0;42;43;231;232;231;2142;21;600
01394;2026-06-15;00:00;52.26;0;44;43;232;232;232;2194;21;600
01395;2026-06-14;23:30;52.25;0;43;46;231;231;231;2194;21;600
01396;2026-06-14;22:59;52.26;0;43;44;232;232;231;2299;21;600
01397;2026-06-14;22:29;52.25;0;44;46;231;232;232;2351;21;600
01398;2026-06-14;21:58;52.24;0;46;49;231;231;231;2403;21;600
01399;2026-06-14;21:28;52.25;-2;46;47;232;231;232;2351;21;600
01400;2026-06-14;20:57;52.23;-2;51;48;232;231;232;2612;21;600
01401;2026-06-14;20:27;52.25;0;49;51;232;231;232;2455;21;600
01402;2026-06-14;19:56;52.24;0;51;56;231;231;231;2612;21;600
01403;2026-06-14;19:26;52.23;0;48;49;231;231;231;2559;21;600
01404;2026-06-14;18:55;52.24;0;52;50;232;231;231;2559;22;600
01405;2026-06-14;18:25;52.25;0;48;49;231;231;232;2612;22;600
01406;2026-06-14;17:54;52.24;0;50;50;231;232;232;2560;22;600
01407;2026-06-14;17:24;52.25;0;47;48;232;231;232;2455;23;600
01408;2026-06-14;16:54;52.25;0;49;50;231;231;232;2560;25;600
01409;2026-06-14;16:23;52.24;0;49;49;231;231;231;2559;27;600
01410;2026-06-14;15:53;52.24;-1;51;50;231;231;232;2559;28;600
01411;2026-06-14;15:22;52.25;-1;49;51;231;231;232;2559;28;600
01412;2026-06-14;14:52;52.24;0;50;51;231;231;232;2559;29;600
01413;2026-06-14;14:21;52.25;0;49;52;231;231;231;2611;29;600
01414;2026-06-14;13:51;52.24;0;51;52;231;231;232;2664;29;600
01415;2026-06-14;13:20;52.24;0;50;51;231;231;231;2508;29;600
01416;2026-06-14;12:50;52.24;0;49;52;231;231;232;2768;29;600
01417;2026-06-14;12:19;52.23;0;52;51;231;231;231;2664;28;600
01418;2026-06-14;11:49;52.23;0;52;53;231;231;231;2819;27;600
01419;2026-06-14;11:18;52.25;1;48;49;231;231;232;2664;27;600
01420;2026-06-14;10:48;52.25;1;50;50;231;231;232;2508;26;600
01421;2026-06-14;10:17;52.23;0;48;51;232;231;231;2507;26;600
01422;2026-06-14;09:47;52.23;0;47;48;231;231;231;2454;25;600
01423;2026-06-14;09:16;52.24;0;49;49;231;231;232;2612;24;600
01424;2026-06-14;08:46;52.23;0;52;53;231;231;231;2717;23;600
01425;2026-06-14;08:15;52.23;0;47;48;232;231;232;2872;22;600
01426;2026-06-14;07:45;52.23;0;49;52;231;231;231;2559;22;600
01427;2026-06-14;07:14;52.23;0;52;53;232;231;231;2611;22;600
01428;2026-06-14;06:44;52.24;0;48;48;232;231;232;2403;21;600
01429;2026-06-14;06:13;52.24;0;46;46;231;231;232;2350;21;600
01430;2026-06-14;05:43;52.24;0;42;43;231;231;232;2246;21;600
01431;2026-06-14;05:13;52.25;-1;42;44;231;232;232;2299;21;600
01432;2026-06-14;04:42;52.25;-1;43;43;231;231;231;2246;21;600
01433;2026-06-14;04:12;52.27;0;41;43;232;232;232;2194;21;600
01434;2026-06-14;03:41;52.25;0;42;43;231;231;232;2194;21;600
01435;2026-06-14;03:11;52.25;0;42;43;232;231;232;2194;21;600
01436;2026-06-14;02:40;52.25;0;42;44;231;231;231;2246;21;600
01437;2026-06-14;02:10;52.25;0;43;43;232;231;232;2194;21;600
01438;2026-06-14;01:39;52.24;0;44;44;232;232;232;2246;21;600
01439;2026-06-14;01:09;52.26;0;43;44;232;232;232;2247;21;600
01440;2026-06-14;00:38;52.25;0;42;43;231;231;232;2299;21;600
01441;2026-06-14;00:08;52.25;0;43;45;232;231;231;2246;22;600
01442;2026-06-13;23:37;52.25;0;45;47;231;231;232;2455;22;600
01443;2026-06-13;23:07;52.23;0;47;45;232;231;232;2351;22;600
01444;2026-06-13;22:36;52.25;0;53;56;232;232;232;2350;22;600
01445;2026-06-13;22:06;52.24;1;45;49;231;231;231;2351;22;600
01446;2026-06-13;21:35;52.24;1;47;47;232;231;232;2508;22;599
01447;2026-06-13;21:05;52.24;0;48;49;232;231;232;2611;21;600
01448;2026-06-13;20:34;52.24;1;52;52;231;231;232;2611;21;600
01449;2026-06-13;20:04;52.23;1;47;49;231;231;231;2455;21;600
01450;2026-06-13;19:33;52.24;0;50;51;231;231;232;2559;21;600
01451;2026-06-13;19:03;52.21;1;50;55;232;231;232;2663;22;600
01452;2026-06-13;18:32;52.23;1;53;54;231;231;232;2768;22;600
01453;2026-06-13;18:02;52.25;-1;46;49;231;232;232;2508;22;600
01454;2026-06-13;17:32;52.25;-1;46;48;231;231;231;2507;23;600
01455;2026-06-13;17:01;52.25;0;47;48;231;231;232;2507;24;600
01456;2026-06-13;16:31;52.24;0;50;51;231;232;231;2612;26;600
01457;2026-06-13;16:00;52.23;0;50;50;231;231;231;2612;28;600
01458;2026-06-13;15:30;52.24;0;51;52;231;231;232;2612;28;600
01459;2026-06-13;14:59;52.25;0;48;48;231;232;232;2612;29;600
01460;2026-06-13;14:29;52.23;0;51;51;231;231;231;2612;28;600
01461;2026-06-13;13:58;52.23;0;49;51;232;231;232;2768;28;600
01462;2026-06-13;13:28;52.25;0;49;52;231;231;231;2612;28;600
01463;2026-06-13;12:57;52.24;0;50;54;231;231;232;2612;28;600
01464;2026-06-13;12:27;52.24;0;50;51;232;231;231;2612;28;600
01465;2026-06-13;11:56;52.23;0;52;52;232;231;232;2612;28;600
01466;2026-06-13;11:26;52.23;0;52;52;231;231;231;2715;27;600
01467;2026-06-13;10:55;52.23;0;51;53;232;231;231;2663;27;600
01468;2026-06-13;10:25;52.24;0;49;50;231;231;232;2559;27;600
01469;2026-06-13;09:54;52.24;0;50;49;231;231;232;2664;26;600
01470;2026-06-13;09:24;52.23;0;50;49;231;231;232;2507;25;600
01471;2026-06-13;08:53;52.23;0;50;50;231;231;231;2612;25;600
01472;2026-06-13;08:23;52.23;0;51;52;231;231;231;2663;23;600
01473;2026-06-13;07:52;52.25;0;50;50;232;231;231;2611;22;599
01474;2026-06-13;07:22;52.23;0;49;49;232;232;232;2559;22;600
01475;2026-06-13;06:51;52.24;0;47;49;231;231;232;2611;21;600
01476;2026-06-13;06:21;52.25;0;46;48;232;232;232;2403;21;600
01477;2026-06-13;05:51;52.25;0;45;47;232;231;232;2298;21;600
01478;2026-06-13;05:20;52.24;0;44;45;232;231;232;2455;21;600
01479;2026-06-13;04:50;52.25;0;43;45;231;231;232;2246;21;600
01480;2026-06-13;04:19;52.26;0;43;43;231;232;232;2246;22;600
01481;2026-06-13;03:49;52.25;0;43;44;232;231;232;2299;22;600
01482;2026-06-13;03:18;52.26;0;42;44;231;232;232;2194;22;600
01483;2026-06-13;02:48;52.25;0;44;45;231;231;232;2246;22;600
01484;2026-06-13;02:17;52.25;0;42;43;232;232;232;2351;22;600
01485;2026-06-13;01:47;52.25;0;45;44;232;232;231;2195;22;600
01486;2026-06-13;01:16;52.25;0;43;46;232;232;232;2194;22;600
01487;2026-06-13;00:46;52.26;0;42;43;231;231;232;2194;22;600
01488;2026-06-13;00:15;52.25;0;43;43;232;231;232;2194;22;600
01489;2026-06-12;23:45;52.26;0;43;44;232;232;232;2246;21;600
01490;2026-06-12;23:14;52.25;0;44;44;232;231;232;2299;21;600
01491;2026-06-12;22:44;52.25;0;46;47;232;231;232;2404;21;600
01492;2026-06-12;22:13;52.23;0;48;50;231;231;231;2560;21;600
01493;2026-06-12;21:43;52.26;0;50;47;232;232;232;2299;21;600
01494;2026-06-12;21:12;52.25;0;47;47;231;231;232;2508;21;600
01495;2026-06-12;20:42;52.25;0;49;50;231;231;232;2508;21;600
01496;2026-06-12;20:11;52.25;0;53;52;232;232;231;2664;21;600
01497;2026-06-12;19:41;52.25;0;51;50;232;231;231;2560;22;600
01498;2026-06-12;19:10;52.24;0;50;52;231;231;232;2872;22;600
01499;2026-06-12;18:40;52.25;0;50;53;232;231;232;2508;22;600
01500;2026-06-12;18:09;52.25;0;47;49;232;232;232;2508;22;600
01501;2026-06-12;17:39;52.25;0;49;50;232;231;231;2612;23;600
01502;2026-06-12;17:09;52.26;0;48;48;232;231;231;2508;24;600
01503;2026-06-12;16:38;52.25;0;51;51;232;231;231;2612;26;600
01504;2026-06-12;16:08;52.25;0;47;49;232;231;232;2455;28;600
01505;2026-06-12;15:37;52.25;0;48;49;231;232;232;2508;29;600
01506;2026-06-12;15:07;52.25;0;48;49;231;231;231;2613;28;600
01507;2026-06-12;14:36;52.26;0;49;49;231;231;231;2508;29;600
01508;2026-06-12;14:06;52.25;0;47;49;231;232;232;2508;28;600
01509;2026-06-12;13:35;52.25;0;51;50;231;231;232;2612;29;600
01510;2026-06-12;13:05;52.25;0;54;51;231;231;231;2560;28;600
01511;2026-06-12;12:34;52.26;0;49;52;231;232;232;2820;28;600
01512;2026-06-12;12:04;52.24;-1;55;56;231;231;231;2820;28;600
01513;2026-06-12;11:33;52.23;-1;49;51;231;231;231;2717;27;599
01514;2026-06-12;11:03;52.27;15;52;69;231;231;231;2612;27;598
01515;2026-06-12;10:32;49.39;-54;54;0;0;0;0;2518;27;588
01516;2026-06-12;10:22;50.59;-54;56;0;0;0;0;2728;27;597
01517;2026-06-12;10:12;51.08;-52;53;0;0;0;0;2701;27;599
01518;2026-06-12;10:00;51.31;-53;51;50;231;231;231;2709;27;599
01519;2026-06-12;09:45;52.23;0;48;50;231;231;231;2559;26;600
01520;2026-06-12;09:15;52.22;0;49;51;231;231;231;2715;25;600
01521;2026-06-12;08:45;52.21;0;53;51;231;231;231;2714;24;600
01522;2026-06-12;08:14;52.22;0;49;49;231;231;232;2558;23;600
01523;2026-06-12;07:44;52.21;0;49;50;232;231;232;2558;22;600
01524;2026-06-12;07:13;52.21;0;52;55;231;231;231;2558;21;600
01525;2026-06-12;06:43;52.22;0;48;48;231;232;232;2506;21;600
01526;2026-06-12;06:12;52.23;0;47;49;232;231;232;2506;21;600
01527;2026-06-12;05:42;52.23;0;44;45;231;231;231;2245;21;600
01528;2026-06-12;05:11;52.23;0;44;45;231;231;232;2298;22;599
01529;2026-06-12;04:41;52.23;0;42;44;231;231;231;2194;22;600
01530;2026-06-12;04:10;52.23;0;41;42;231;231;232;2245;22;600
01531;2026-06-12;03:40;52.23;0;42;42;231;232;232;2141;21;600
01532;2026-06-12;03:09;52.23;0;45;45;231;231;232;2246;21;600
01533;2026-06-12;02:39;52.21;0;44;45;231;232;232;2193;21;600
01534;2026-06-12;02:08;52.23;0;43;44;231;231;232;2245;21;600
01535;2026-06-12;01:38;52.22;0;45;45;231;232;232;2350;21;600
01536;2026-06-12;01:07;52.24;0;45;46;232;232;232;2350;21;600
01537;2026-06-12;00:37;52.22;0;47;49;232;232;232;2454;21;600
01538;2026-06-12;00:06;52.22;0;46;48;231;232;232;2298;21;600
01539;2026-06-11;23:36;52.23;0;44;44;232;232;231;2350;21;600
01540;2026-06-11;23:05;52.23;-1;45;47;232;232;232;2558;21;600
01541;2026-06-11;22:35;52.21;-1;49;49;232;231;232;2558;21;600
01542;2026-06-11;22:04;52.22;0;53;51;231;231;232;2506;21;600
01543;2026-06-11;21:34;52.21;0;47;51;231;231;232;2349;21;600
01544;2026-06-11;21:03;52.21;0;49;51;231;231;232;2662;21;599
01545;2026-06-11;20:33;52.21;0;53;51;232;231;231;2662;21;600
01546;2026-06-11;20:02;52.20;0;53;51;232;232;232;2662;21;600
01547;2026-06-11;19:32;52.22;0;50;51;231;231;232;2610;21;600
01548;2026-06-11;19:02;52.21;0;54;54;231;231;232;2819;22;600
01549;2026-06-11;18:31;52.21;0;52;51;232;232;232;2663;22;600
01550;2026-06-11;18:01;52.22;0;48;49;232;232;231;2454;22;600
01551;2026-06-11;17:30;52.23;0;46;46;231;231;232;2507;24;600
01552;2026-06-11;17:00;52.22;0;49;48;231;231;232;2454;25;600
01553;2026-06-11;16:29;52.22;0;51;50;231;231;231;2558;27;599
01554;2026-06-11;15:59;52.22;0;49;50;231;231;232;2507;28;600
01555;2026-06-11;15:28;52.22;0;50;52;231;231;232;2662;28;600
01556;2026-06-11;14:58;52.23;0;50;51;231;231;232;2611;29;600
01557;2026-06-11;14:27;52.22;0;48;49;232;231;231;2559;29;600
01558;2026-06-11;13:57;52.23;0;49;51;231;231;231;2507;29;600
01559;2026-06-11;13:26;52.23;0;50;53;231;231;232;2715;29;600
01560;2026-06-11;12:56;52.21;0;49;50;231;231;231;2507;29;600
01561;2026-06-11;12:25;52.21;1;53;53;231;230;231;2662;28;600
01562;2026-06-11;11:55;52.22;1;52;52;231;232;232;2871;28;600
01563;2026-06-11;11:24;52.21;0;53;56;231;231;231;2714;27;600
01564;2026-06-11;10:54;52.23;0;50;49;231;231;232;2559;27;600
01565;2026-06-11;10:23;52.22;0;50;52;231;231;231;2610;27;600
01566;2026-06-11;09:53;52.23;0;51;50;231;231;232;2559;26;600
01567;2026-06-11;09:22;52.23;0;49;49;231;231;232;2611;25;600
01568;2026-06-11;08:52;52.22;0;48;50;231;231;232;2558;24;600
01569;2026-06-11;08:21;52.22;0;48;51;231;231;231;2506;23;600
01570;2026-06-11;07:51;52.21;0;48;48;231;232;232;2611;22;600
01571;2026-06-11;07:21;52.23;0;49;49;232;231;232;2453;22;600
01572;2026-06-11;06:50;52.23;0;48;48;232;232;231;2454;22;600
01573;2026-06-11;06:20;52.22;0;49;51;231;231;231;2714;22;600
01574;2026-06-11;05:49;52.23;0;44;46;231;231;232;2298;22;600
01575;2026-06-11;05:19;52.24;0;43;43;232;231;231;2193;22;600
01576;2026-06-11;04:48;52.23;0;42;43;231;231;231;2245;22;600
01577;2026-06-11;04:18;52.22;0;45;44;231;232;232;2245;22;600
01578;2026-06-11;03:47;52.24;0;42;43;232;231;232;2246;22;600
01579;2026-06-11;03:17;52.24;0;42;43;232;231;232;2245;22;600
01580;2026-06-11;02:46;52.24;0;43;44;231;231;232;2298;22;600
01581;2026-06-11;02:16;52.23;0;42;44;231;231;232;2194;22;600
01582;2026-06-11;01:45;52.24;0;41;44;231;232;232;2193;22;600
01583;2026-06-11;01:15;52.23;0;43;47;231;231;231;2194;22;600
01584;2026-06-11;00:44;52.23;0;46;46;231;231;232;2350;22;599
01585;2026-06-11;00:14;52.23;0;42;42;232;232;232;2193;22;600
01586;2026-06-10;23:43;52.22;0;49;48;231;231;231;2454;22;600
01587;2026-06-10;23:13;52.24;0;48;47;232;231;232;2349;22;600
01588;2026-06-10;22:42;52.21;0;47;49;231;231;231;2506;22;600
01589;2026-06-10;22:12;52.21;0;47;50;232;232;232;2454;22;600
01590;2026-06-10;21:41;52.22;0;45;46;232;232;231;2454;22;599
01591;2026-06-10;21:11;52.23;0;49;47;231;232;232;2610;22;600
01592;2026-06-10;20:40;52.21;0;49;49;232;231;231;2453;22;599
01593;2026-06-10;20:10;52.21;0;50;51;231;231;232;2610;22;600
01594;2026-06-10;19:39;52.21;0;52;52;231;231;231;2558;22;600
01595;2026-06-10;19:09;52.21;0;48;51;232;232;232;2662;21;600
01596;2026-06-10;18:39;52.21;0;50;52;231;231;232;2662;21;600
01597;2026-06-10;18:08;52.23;0;47;51;231;231;232;2506;22;600
01598;2026-06-10;17:38;52.21;0;49;49;232;231;232;2558;22;600
01599;2026-06-10;17:07;52.22;0;49;49;231;231;232;2558;23;600
01600;2026-06-10;16:37;52.22;0;51;51;232;231;232;2611;24;600
01601;2026-06-10;16:06;52.21;0;51;50;231;231;232;2558;25;599
01602;2026-06-10;15:36;52.23;0;51;49;231;231;231;2610;28;600
01603;2026-06-10;15:05;52.22;0;49;48;231;231;231;2454;28;600
01604;2026-06-10;14:35;52.22;0;48;50;231;231;232;2611;28;600
01605;2026-06-10;14:04;52.22;0;50;51;231;231;231;2611;28;600
01606;2026-06-10;13:34;52.22;0;49;50;231;231;230;2506;28;600
01607;2026-06-10;13:03;52.21;0;52;54;231;231;231;2611;28;600
01608;2026-06-10;12:33;52.21;0;56;56;231;231;232;2819;27;600
01609;2026-06-10;12:02;52.21;0;52;55;231;231;231;2766;27;600
01610;2026-06-10;11:32;52.21;0;52;52;231;231;231;2662;27;600
01611;2026-06-10;11:01;52.22;0;49;51;232;231;231;2714;26;600
01612;2026-06-10;10:31;52.21;0;52;52;231;231;231;2558;25;600
01613;2026-06-10;10:00;52.22;0;50;50;231;231;231;2610;23;600
01614;2026-06-10;09:30;52.20;0;53;54;231;231;231;2767;22;600
01615;2026-06-10;08:59;52.21;0;48;50;232;231;232;2453;22;600
01616;2026-06-10;08:29;52.22;0;47;49;232;231;231;2506;22;600
01617;2026-06-10;07:58;52.21;0;47;49;231;231;232;2402;22;600
01618;2026-06-10;07:28;52.22;0;49;50;232;231;231;2558;21;600
01619;2026-06-10;06:57;52.21;0;48;50;232;231;232;2453;21;600
01620;2026-06-10;06:27;52.22;0;51;51;231;231;231;2506;21;600
01621;2026-06-10;05:57;52.22;0;45;45;232;231;231;2298;21;600
01622;2026-06-10;05:26;52.23;0;44;44;232;232;231;2298;22;600
01623;2026-06-10;04:56;52.22;0;45;45;231;231;232;2297;22;600
01624;2026-06-10;04:25;52.23;0;43;43;232;231;232;2193;22;600
01625;2026-06-10;03:55;52.23;0;43;43;232;231;232;2193;22;600
01626;2026-06-10;03:24;52.23;0;42;42;232;231;232;2194;22;600
01627;2026-06-10;02:54;52.23;0;43;43;231;231;232;2193;22;600
01628;2026-06-10;02:23;52.23;0;43;43;232;231;232;2193;22;600
01629;2026-06-10;01:53;52.23;0;42;43;232;231;231;2193;22;600
01630;2026-06-10;01:22;52.23;0;44;45;231;232;232;2245;22;600
01631;2026-06-10;00:52;52.23;0;43;43;231;231;231;2245;22;600
01632;2026-06-10;00:21;52.23;0;43;46;232;231;232;2350;22;600
01633;2026-06-09;23:51;52.23;0;44;47;232;232;232;2298;21;600
01634;2026-06-09;23:20;52.23;0;44;47;232;231;231;2297;22;600
01635;2026-06-09;22:50;52.23;1;45;46;232;231;232;2349;22;600
01636;2026-06-09;22:19;52.22;1;47;47;231;232;232;2506;21;600
01637;2026-06-09;21:49;52.21;1;47;49;232;231;232;2506;21;600
01638;2026-06-09;21:18;52.21;0;47;47;231;231;232;2402;20;600
01639;2026-06-09;20:48;52.21;0;50;52;231;231;232;2558;21;600
01640;2026-06-09;20:17;52.21;0;51;52;232;231;232;2610;21;600
01641;2026-06-09;19:47;52.21;-1;48;49;232;231;232;2557;21;600
01642;2026-06-09;19:16;52.22;-1;51;52;232;231;232;2611;21;600
01643;2026-06-09;18:46;52.20;0;52;52;231;231;232;2662;21;600
01644;2026-06-09;18:15;52.21;0;50;49;232;231;232;2558;22;600
01645;2026-06-09;17:45;52.22;0;48;49;231;231;232;2559;23;600
01646;2026-06-09;17:15;52.22;0;52;51;232;232;232;2662;24;600
01647;2026-06-09;16:44;52.22;0;50;50;231;231;232;2714;26;600
01648;2026-06-09;16:14;52.22;0;48;51;231;231;231;2611;27;600
01649;2026-06-09;15:43;52.21;0;49;51;231;231;232;2506;28;600
01650;2026-06-09;15:13;52.21;0;50;53;231;232;231;2611;28;600
01651;2026-06-09;14:42;52.21;0;51;52;232;231;231;2611;29;600
01652;2026-06-09;14:12;52.21;-1;53;54;231;231;231;2714;29;600
01653;2026-06-09;13:41;52.23;-1;51;53;231;231;231;2767;28;600
01654;2026-06-09;13:11;52.21;0;51;53;231;231;231;2610;29;600
01655;2026-06-09;12:40;52.23;-1;50;51;231;231;232;2662;29;600
01656;2026-06-09;12:10;52.21;-1;54;52;231;231;231;2662;28;600
01657;2026-06-09;11:39;52.21;0;54;53;231;231;231;2611;27;600
01658;2026-06-09;11:09;52.21;0;50;53;232;231;232;2871;27;600
01659;2026-06-09;10:38;52.21;0;48;50;231;231;232;2506;25;600
01660;2026-06-09;10:08;52.20;0;51;52;231;231;232;2819;23;600
01661;2026-06-09;09:37;52.22;0;48;50;231;232;231;2558;23;600
01662;2026-06-09;09:07;52.21;0;50;51;231;231;232;2662;22;600
01663;2026-06-09;08:36;52.22;0;48;53;231;231;232;2454;22;600
01664;2026-06-09;08:06;52.22;0;47;48;232;232;231;2506;21;600
01665;2026-06-09;07:35;52.21;0;49;49;232;232;232;2506;21;600
01666;2026-06-09;07:05;52.21;0;51;50;231;232;232;2610;21;600
01667;2026-06-09;06:34;52.21;0;48;49;232;231;231;2558;21;600
01668;2026-06-09;06:04;52.22;0;46;46;231;231;232;2297;21;600
01669;2026-06-09;05:33;52.24;0;43;44;231;231;232;2245;21;600
01670;2026-06-09;05:03;52.22;0;44;47;231;232;232;2350;21;600
01671;2026-06-09;04:33;52.23;0;43;44;232;231;232;2298;21;600
01672;2026-06-09;04:02;52.23;0;42;42;231;231;232;2194;21;600
01673;2026-06-09;03:32;52.22;0;45;45;232;232;232;2402;21;600
01674;2026-06-09;03:01;52.23;0;44;45;232;231;232;2193;21;600
01675;2026-06-09;02:31;52.23;0;43;43;231;231;232;2245;21;600
01676;2026-06-09;02:00;52.22;0;42;44;232;231;232;2193;21;600
01677;2026-06-09;01:30;52.24;0;42;43;232;232;232;2245;21;600
01678;2026-06-09;00:59;52.24;0;42;45;231;232;232;2193;21;600
01679;2026-06-09;00:29;52.23;0;42;44;232;232;232;2193;21;600
01680;2026-06-08;23:58;52.23;0;44;45;231;232;231;2298;21;600
01681;2026-06-08;23:28;52.23;1;46;47;232;231;231;2401;21;600
01682;2026-06-08;22:57;52.22;1;47;48;231;232;232;2402;21;600
01683;2026-06-08;22:27;52.21;0;47;48;231;232;232;2506;21;600
01684;2026-06-08;21:56;52.21;0;46;47;231;231;231;2454;22;600
01685;2026-06-08;21:26;52.22;0;48;50;231;231;232;2610;22;600
01686;2026-06-08;20:55;52.21;0;50;52;232;231;232;2558;22;600
01687;2026-06-08;20:25;52.21;0;52;51;231;231;232;3234;21;600
01688;2026-06-08;19:54;52.22;1;49;52;231;231;232;2558;21;600
01689;2026-06-08;19:24;52.21;1;50;51;231;231;232;2662;21;600
01690;2026-06-08;18:53;52.21;0;51;52;231;231;232;2662;21;600
01691;2026-06-08;18:23;52.22;1;51;51;232;231;232;2610;22;600
01692;2026-06-08;17:52;52.21;1;49;50;232;231;231;2610;22;600
01693;2026-06-08;17:22;52.21;0;48;49;231;231;232;2506;23;600
01694;2026-06-08;16:52;52.22;0;49;53;231;231;232;2611;25;600
01695;2026-06-08;16:21;52.21;0;50;49;231;231;231;2558;27;600
01696;2026-06-08;15:51;52.22;0;49;51;231;231;231;2506;27;600
01697;2026-06-08;15:20;52.22;0;49;51;231;231;231;2610;28;600
01698;2026-06-08;14:50;52.22;0;51;52;231;231;231;2767;29;600
01699;2026-06-08;14:19;52.21;0;52;52;231;231;231;2663;29;600
01700;2026-06-08;13:49;52.22;0;51;51;231;231;231;2611;29;600
01701;2026-06-08;13:18;52.21;0;51;52;231;231;231;2663;29;600
01702;2026-06-08;12:48;52.22;0;50;52;231;231;232;2611;29;600
01703;2026-06-08;12:17;52.21;0;51;53;231;231;231;2662;27;600
01704;2026-06-08;11:47;52.20;0;51;52;231;231;232;2662;26;600
01705;2026-06-08;11:16;52.22;0;50;52;231;231;231;2507;26;600
01706;2026-06-08;10:46;52.21;0;51;52;231;231;231;2558;26;600
01707;2026-06-08;10:15;52.20;0;53;55;231;230;231;2819;26;600
01708;2026-06-08;09:45;52.21;0;51;53;231;231;231;2662;25;600
01709;2026-06-08;09:14;52.21;0;54;54;232;231;231;2714;24;600
01710;2026-06-08;08:44;52.21;0;50;52;231;231;232;2558;23;600
01711;2026-06-08;08:13;52.22;0;50;52;231;231;232;2610;22;599
01712;2026-06-08;07:43;52.21;-1;50;51;231;231;232;2610;21;600
01713;2026-06-08;07:12;52.22;-1;48;48;231;231;231;2454;21;600
01714;2026-06-08;06:42;52.23;0;46;46;231;231;232;2402;21;600
01715;2026-06-08;06:11;52.23;0;45;45;231;231;232;2349;21;600
01716;2026-06-08;05:41;52.23;0;43;44;232;231;232;2245;21;600
01717;2026-06-08;05:10;52.23;0;44;45;232;231;232;2193;21;600
01718;2026-06-08;04:40;52.23;0;42;42;232;231;232;2245;21;600
01719;2026-06-08;04:10;52.24;0;42;43;232;231;232;2193;21;600
01720;2026-06-08;03:39;52.23;0;42;43;232;231;231;2141;21;600
01721;2026-06-08;03:09;52.24;0;43;43;232;232;232;2298;21;600
01722;2026-06-08;02:38;52.23;0;42;43;232;232;232;2194;21;600
01723;2026-06-08;02:08;52.24;0;43;43;232;231;231;2298;21;600
01724;2026-06-08;01:37;52.23;0;44;44;231;232;232;2245;21;600
01725;2026-06-08;01:07;52.25;0;45;44;232;231;232;2298;21;600
01726;2026-06-08;00:36;52.22;0;45;44;231;231;232;2245;21;600
01727;2026-06-08;00:06;52.23;-1;43;44;232;232;232;2194;21;600
01728;2026-06-07;23:35;52.23;-1;45;47;231;231;232;2298;21;600
01729;2026-06-07;23:05;52.23;0;45;47;232;231;232;2402;21;600
01730;2026-06-07;22:34;52.21;0;48;48;231;231;232;2402;21;600
01731;2026-06-07;22:04;52.21;0;46;47;232;231;232;2558;21;600
01732;2026-06-07;21:33;52.22;0;53;50;231;231;232;2506;22;600
01733;2026-06-07;21:03;52.22;0;55;54;231;231;231;2610;22;600
01734;2026-06-07;20:32;52.22;1;51;54;232;231;231;2714;22;600
01735;2026-06-07;20:02;52.21;1;49;52;232;231;232;2714;22;600
01736;2026-06-07;19:31;52.21;0;54;54;231;231;231;2768;22;600
01737;2026-06-07;19:01;52.21;0;52;52;231;231;232;2662;22;600
01738;2026-06-07;18:30;52.21;0;49;50;231;231;231;2558;22;600
01739;2026-06-07;18:00;52.23;0;49;49;232;231;232;2454;22;600
01740;2026-06-07;17:29;52.22;-1;52;51;231;231;231;2662;22;600
01741;2026-06-07;16:59;52.22;-1;48;50;232;231;231;2611;23;600
01742;2026-06-07;16:28;52.23;0;49;50;232;231;231;2507;23;600
01743;2026-06-07;15:58;52.22;0;51;49;231;231;230;2558;24;600
01744;2026-06-07;15:28;52.23;-1;48;50;231;231;231;2507;25;600
01745;2026-06-07;14:57;52.22;-1;49;51;231;231;232;2558;27;600
01746;2026-06-07;14:27;52.21;0;51;52;231;232;231;2611;25;600
01747;2026-06-07;13:56;52.22;0;48;49;231;232;231;2558;25;600
01748;2026-06-07;13:26;52.22;0;48;50;231;231;231;2558;27;600
01749;2026-06-07;12:55;52.23;0;50;49;231;231;232;2507;28;600
01750;2026-06-07;12:25;52.21;0;49;51;231;231;231;2714;27;600
01751;2026-06-07;11:54;52.22;0;51;52;231;231;231;2663;27;600
01752;2026-06-07;11:24;52.21;0;52;50;231;231;231;2715;27;600
01753;2026-06-07;10:53;52.22;0;54;52;231;231;231;2558;27;600
01754;2026-06-07;10:23;52.22;0;50;50;231;231;231;2611;27;600
01755;2026-06-07;09:52;52.21;0;55;53;231;231;232;2819;26;600
01756;2026-06-07;09:22;52.21;0;52;51;231;231;232;2611;25;600
01757;2026-06-07;08:51;52.21;0;53;52;231;231;232;2715;23;600
01758;2026-06-07;08:21;52.22;0;51;52;231;231;232;2662;22;600
01759;2026-06-07;07:50;52.21;0;48;48;231;231;232;2507;22;600
01760;2026-06-07;07:20;52.22;0;47;47;232;231;232;2506;21;600
01761;2026-06-07;06:49;52.22;0;47;49;231;231;231;2402;21;600
01762;2026-06-07;06:19;52.21;0;47;49;231;232;232;2454;21;600
01763;2026-06-07;05:48;52.22;0;45;44;231;232;232;2245;21;600
01764;2026-06-07;05:18;52.23;0;44;45;231;231;232;2245;21;600
01765;2026-06-07;04:47;52.23;0;44;44;232;231;232;2245;21;600
01766;2026-06-07;04:17;52.23;0;42;42;231;231;232;2194;21;600
01767;2026-06-07;03:46;52.24;0;42;43;232;232;231;2193;21;600
01768;2026-06-07;03:16;52.23;0;41;43;231;231;232;2194;21;600
01769;2026-06-07;02:46;52.23;0;42;43;231;231;231;2194;21;600
01770;2026-06-07;02:15;52.24;0;43;43;231;231;231;2193;21;600
01771;2026-06-07;01:45;52.23;0;42;44;231;232;232;2194;20;600
01772;2026-06-07;01:14;52.23;0;43;44;231;231;231;2245;20;600
01773;2026-06-07;00:44;52.23;0;42;43;231;232;231;2194;20;600
01774;2026-06-07;00:13;52.24;0;42;42;232;232;232;2194;20;600
01775;2026-06-06;23:43;52.23;0;46;46;231;231;231;2402;20;600
01776;2026-06-06;23:12;52.22;0;48;48;231;231;232;2558;20;600
01777;2026-06-06;22:42;52.21;1;52;54;231;231;231;2767;20;600
01778;2026-06-06;22:11;52.22;1;50;50;231;231;232;2662;20;600
01779;2026-06-06;21:41;52.23;1;49;50;231;231;232;2558;20;600
01780;2026-06-06;21:10;52.21;1;47;48;231;231;232;2402;21;600
01781;2026-06-06;20:40;52.22;0;51;51;231;231;232;2663;21;600
01782;2026-06-06;20:09;52.20;0;54;58;231;231;232;2923;21;600
01783;2026-06-06;19:39;52.21;0;49;51;231;231;231;2767;21;600
01784;2026-06-06;19:08;52.21;1;55;54;232;231;231;2610;21;600
01785;2026-06-06;18:38;52.21;1;48;51;232;231;231;2558;22;599
01786;2026-06-06;18:07;52.21;0;54;55;231;231;232;2819;22;600
01787;2026-06-06;17:37;52.21;0;51;53;231;231;232;2714;23;600
01788;2026-06-06;17:06;52.22;0;50;52;231;231;232;2610;23;600
01789;2026-06-06;16:36;52.22;0;52;51;231;232;232;2819;26;600
01790;2026-06-06;16:05;52.19;0;51;51;231;231;232;2559;27;600
01791;2026-06-06;15:35;52.23;0;50;51;231;231;232;2558;28;600
01792;2026-06-06;15:04;52.22;-1;49;53;231;231;231;2611;28;599
01793;2026-06-06;14:34;52.22;-1;50;55;231;231;232;2559;28;600
01794;2026-06-06;14:03;52.23;0;52;52;231;231;231;2715;29;600
01795;2026-06-06;13:33;52.21;0;54;54;231;232;231;2767;29;600
01796;2026-06-06;13:03;52.21;0;53;53;231;231;231;2923;29;600
01797;2026-06-06;12:32;52.22;1;50;54;231;231;232;2663;28;600
01798;2026-06-06;12:02;52.21;1;51;52;231;231;231;2714;27;600
01799;2026-06-06;11:31;52.21;-1;52;54;232;231;231;2819;28;600
01800;2026-06-06;11:01;52.20;-1;53;56;231;231;231;2714;27;600
01801;2026-06-06;10:30;52.21;0;50;51;231;232;231;2662;25;600
01802;2026-06-06;10:00;52.21;0;50;51;231;231;231;2558;24;600
01803;2026-06-06;09:29;52.21;0;49;50;231;232;231;2558;24;600
01804;2026-06-06;08:59;52.21;0;49;52;231;231;232;2663;23;600
01805;2026-06-06;08:28;52.21;0;49;51;231;231;232;2662;22;600
01806;2026-06-06;07:58;52.22;0;48;49;231;231;231;2558;21;600
01807;2026-06-06;07:27;52.21;0;49;49;231;231;232;2506;21;600
01808;2026-06-06;06:57;52.21;0;47;49;232;231;231;2454;20;600
01809;2026-06-06;06:26;52.22;0;45;47;232;231;231;2349;20;600
01810;2026-06-06;05:56;52.22;0;43;44;231;232;232;2245;20;600
01811;2026-06-06;05:25;52.23;0;44;44;231;232;231;2245;20;600
01812;2026-06-06;04:55;52.25;0;44;44;231;232;232;2246;22;600
01813;2026-06-06;04:24;52.25;0;42;43;232;231;232;2194;20;600
01814;2026-06-06;03:54;52.24;0;42;43;231;232;232;2194;20;600
01815;2026-06-06;03:23;52.23;0;42;43;232;231;231;2193;20;600
01816;2026-06-06;02:53;52.23;0;42;42;231;231;232;2193;20;600
01817;2026-06-06;02:22;52.24;0;41;43;231;232;232;2245;21;600
01818;2026-06-06;01:52;52.25;0;42;43;232;232;231;2246;20;600
01819;2026-06-06;01:21;52.25;0;42;43;232;231;232;2193;20;600
01820;2026-06-06;00:51;52.24;0;43;43;231;231;232;2194;20;600
01821;2026-06-06;00:20;52.23;0;42;43;231;232;232;2245;20;600
01822;2026-06-05;23:50;52.23;0;44;44;232;232;232;2245;20;600
01823;2026-06-05;23:20;52.23;0;47;45;232;231;231;2402;21;600
01824;2026-06-05;22:49;52.23;0;47;46;231;231;232;2298;21;600
01825;2026-06-05;22:19;52.23;0;46;48;231;231;232;2558;22;600
01826;2026-06-05;21:48;52.23;0;44;46;232;231;232;2297;22;600
01827;2026-06-05;21:18;52.23;0;47;47;231;232;232;2507;22;600
01828;2026-06-05;20:47;52.21;0;50;52;232;232;231;2557;21;600
01829;2026-06-05;20:17;52.22;0;50;50;231;231;232;2506;21;600
01830;2026-06-05;19:46;52.20;0;52;53;231;231;231;2662;21;600
01831;2026-06-05;19:16;52.21;0;51;51;231;231;232;2767;22;600
01832;2026-06-05;18:45;52.22;0;51;53;232;231;232;2663;22;600
01833;2026-06-05;18:15;52.23;0;48;48;232;231;232;2454;22;600
01834;2026-06-05;17:44;52.23;0;49;49;231;231;231;2454;23;600
01835;2026-06-05;17:14;52.21;0;51;50;232;231;231;2454;24;600
01836;2026-06-05;16:43;52.22;0;49;50;231;231;231;2507;26;600
01837;2026-06-05;16:13;52.21;0;53;55;231;231;231;2558;27;600
01838;2026-06-05;15:42;52.22;0;51;52;231;231;231;2663;28;600
01839;2026-06-05;15:12;52.22;0;49;51;231;231;231;2663;29;600
01840;2026-06-05;14:41;52.21;0;52;53;231;231;231;2767;29;600
01841;2026-06-05;14:11;52.22;0;50;52;231;231;231;2559;29;600
01842;2026-06-05;13:40;52.23;0;48;51;231;231;231;2507;29;600
01843;2026-06-05;13:10;52.22;0;51;52;231;231;231;2611;29;600
01844;2026-06-05;12:39;52.22;0;52;53;231;231;231;2611;28;600
01845;2026-06-05;12:09;52.22;0;51;52;231;231;232;2662;29;600
01846;2026-06-05;11:38;52.22;0;49;51;231;231;231;2611;27;600
01847;2026-06-05;11:08;52.23;0;49;50;231;231;231;2558;26;600
01848;2026-06-05;10:37;52.22;0;50;51;231;232;232;2663;25;600
01849;2026-06-05;10:07;52.23;0;49;49;231;231;231;2611;25;600
01850;2026-06-05;09:37;52.21;0;51;50;231;231;232;2715;25;600
01851;2026-06-05;09:06;52.21;0;51;51;232;231;232;2558;24;600
01852;2026-06-05;08:36;52.22;0;52;51;231;231;231;2663;23;600
01853;2026-06-05;08:05;52.22;0;48;47;231;232;232;2454;23;600
01854;2026-06-05;07:35;52.21;0;48;50;231;231;232;2558;22;600
01855;2026-06-05;07:04;52.22;0;48;51;232;231;231;2506;22;599
01856;2026-06-05;06:34;52.22;0;51;50;231;231;232;2506;22;600
01857;2026-06-05;06:03;52.22;0;49;50;232;231;232;2402;22;600
01858;2026-06-05;05:33;52.23;0;44;45;231;232;232;2298;22;600
01859;2026-06-05;05:02;52.24;0;42;43;231;231;232;2193;22;600
01860;2026-06-05;04:32;52.23;0;44;44;231;231;232;2245;22;600
01861;2026-06-05;04:01;52.24;0;42;44;231;231;232;2193;22;600
01862;2026-06-05;03:31;52.25;0;42;43;232;231;232;2194;22;600
01863;2026-06-05;03:00;52.23;0;42;44;231;232;232;2246;22;600
01864;2026-06-05;02:30;52.23;0;43;44;232;231;232;2193;22;600
01865;2026-06-05;01:59;52.24;0;44;45;231;231;232;2246;22;600
01866;2026-06-05;01:29;52.23;0;43;44;232;231;232;2245;22;600
01867;2026-06-05;00:58;52.23;0;43;45;232;232;232;2246;22;600
01868;2026-06-05;00:28;52.23;0;45;46;231;231;232;2454;22;600
01869;2026-06-04;23:57;52.23;0;46;45;232;231;232;2350;22;599
01870;2026-06-04;23:27;52.22;0;47;48;231;231;231;2507;22;600
01871;2026-06-04;22:56;52.23;0;46;48;231;231;231;2350;22;600
01872;2026-06-04;22:26;52.21;0;50;50;232;231;231;2818;22;600
01873;2026-06-04;21:55;52.23;0;46;47;232;231;231;2350;22;600
01874;2026-06-04;21:25;52.21;0;50;51;231;231;231;2767;22;600
01875;2026-06-04;20:55;52.21;0;52;51;232;231;231;2610;22;600
01876;2026-06-04;20:24;52.21;0;49;51;232;231;232;2662;22;600
01877;2026-06-04;19:54;52.21;0;50;50;232;231;231;2611;22;600
01878;2026-06-04;19:23;52.21;0;49;50;231;231;232;2610;22;600
01879;2026-06-04;18:53;52.21;0;50;51;231;231;232;2611;22;600
01880;2026-06-04;18:22;52.22;0;50;55;231;231;232;2610;22;600
01881;2026-06-04;17:52;52.23;0;48;49;232;231;232;2558;23;600
01882;2026-06-04;17:21;52.22;0;50;50;231;231;231;2558;24;600
01883;2026-06-04;16:51;52.23;0;51;51;231;231;232;2507;26;600
01884;2026-06-04;16:20;52.20;0;51;53;231;231;232;2611;27;599
01885;2026-06-04;15:50;52.21;0;52;53;231;231;231;2767;28;600
01886;2026-06-04;15:19;52.22;0;50;52;231;231;232;2662;28;600
01887;2026-06-04;14:49;52.21;0;50;52;232;231;231;2610;29;599
01888;2026-06-04;14:18;52.21;0;51;53;231;231;231;2714;29;600
01889;2026-06-04;13:48;52.23;0;51;55;231;232;231;2663;29;600
01890;2026-06-04;13:17;52.21;0;52;53;230;231;231;2767;29;600
01891;2026-06-04;12:47;52.23;0;51;52;231;231;231;2767;29;600
01892;2026-06-04;12:16;52.21;0;55;55;231;231;231;2819;29;600
01893;2026-06-04;11:46;52.21;0;55;56;231;231;231;2819;28;600
01894;2026-06-04;11:15;52.21;0;51;55;231;231;231;2715;29;600
01895;2026-06-04;10:45;52.21;0;52;56;231;231;231;2715;28;600
01896;2026-06-04;10:14;52.23;0;50;51;231;231;231;2610;27;600
01897;2026-06-04;09:44;52.22;0;50;53;231;231;231;2662;26;600
01898;2026-06-04;09:13;52.22;0;49;49;231;231;231;2611;24;600
01899;2026-06-04;08:43;52.21;0;49;50;231;231;231;2558;23;600
01900;2026-06-04;08:13;52.23;0;51;50;231;232;231;2558;22;600
01901;2026-06-04;07:42;52.21;0;47;49;232;231;232;2453;22;600
01902;2026-06-04;07:12;52.22;0;47;48;231;232;232;2506;21;600
01903;2026-06-04;06:41;52.21;0;50;52;231;231;232;2819;21;600
01904;2026-06-04;06:11;52.22;0;47;49;231;231;231;2506;21;600
01905;2026-06-04;05:40;52.22;0;43;45;231;231;231;2245;21;600
01906;2026-06-04;05:10;52.23;0;42;44;231;231;232;2245;21;600
01907;2026-06-04;04:39;52.23;0;44;45;231;231;232;2245;21;600
01908;2026-06-04;04:09;52.23;0;42;43;232;231;232;2194;21;600
01909;2026-06-04;03:38;52.23;0;42;43;232;232;231;2141;21;600
01910;2026-06-04;03:08;52.24;0;42;44;231;231;232;2193;21;600
01911;2026-06-04;02:37;52.22;0;42;44;232;232;232;2141;21;600
01912;2026-06-04;02:07;52.23;0;42;46;232;231;231;2193;21;600
01913;2026-06-04;01:36;52.23;0;41;43;232;231;232;2245;21;600
01914;2026-06-04;01:06;52.23;0;42;43;231;231;232;2193;20;600
01915;2026-06-04;00:35;52.23;0;42;43;231;231;232;2141;20;600
01916;2026-06-04;00:05;52.23;1;44;45;231;231;232;2245;21;600
01917;2026-06-03;23:34;52.23;1;44;45;231;231;232;2298;21;600
01918;2026-06-03;23:04;52.22;0;46;46;231;231;231;2298;21;600
01919;2026-06-03;22:33;52.22;0;49;50;231;232;232;2662;21;600
01920;2026-06-03;22:03;52.21;1;51;51;231;231;232;2506;21;600
01921;2026-06-03;21:32;52.21;1;47;50;231;231;232;2506;21;600
01922;2026-06-03;21:02;52.23;1;46;48;231;231;232;2714;21;600
01923;2026-06-03;20:31;52.22;-1;51;49;231;231;232;2714;22;600
01924;2026-06-03;20:01;52.21;-1;52;52;231;231;231;2662;22;600
01925;2026-06-03;19:30;52.21;1;50;51;231;231;232;2558;22;600
01926;2026-06-03;19:00;52.21;0;54;55;231;231;232;2819;22;600
01927;2026-06-03;18:29;52.21;0;51;53;231;232;232;2611;22;600
01928;2026-06-03;17:59;52.23;0;50;51;231;231;231;2611;23;600
01929;2026-06-03;17:29;52.23;0;48;50;231;231;231;2507;24;600
01930;2026-06-03;16:58;52.22;0;54;53;231;231;231;2714;25;600
01931;2026-06-03;16:28;52.21;0;49;50;232;231;232;2611;27;600
01932;2026-06-03;15:57;52.21;0;51;53;232;231;231;2714;28;600
01933;2026-06-03;15:27;52.21;0;52;52;231;231;231;2714;28;600
01934;2026-06-03;14:56;52.21;0;53;54;231;231;231;2819;29;600
01935;2026-06-03;14:26;52.21;0;53;54;231;231;232;2767;29;600
01936;2026-06-03;13:55;52.23;0;51;52;231;231;231;2663;30;600
01937;2026-06-03;13:25;52.21;0;60;53;231;231;231;2714;30;600
01938;2026-06-03;12:54;52.22;0;52;54;231;231;232;2819;30;600
01939;2026-06-03;12:24;52.21;0;53;54;231;231;231;2819;29;600
01940;2026-06-03;11:53;52.20;0;53;54;231;231;232;2819;29;600
01941;2026-06-03;11:23;52.21;1;53;54;231;231;232;2819;29;600
01942;2026-06-03;10:52;52.21;1;51;53;231;231;231;2663;28;600
01943;2026-06-03;10:22;52.21;0;51;53;231;231;232;2714;27;600
01944;2026-06-03;09:51;52.21;0;48;52;231;231;231;2558;25;600
01945;2026-06-03;09:21;52.21;0;49;49;231;231;232;2662;24;600
01946;2026-06-03;08:50;52.21;0;49;52;231;231;232;2610;23;600
01947;2026-06-03;08:20;52.22;0;49;52;232;231;231;2662;22;600
01948;2026-06-03;07:49;52.22;0;48;48;232;231;232;2610;21;600
01949;2026-06-03;07:19;52.21;0;49;50;232;231;231;2661;21;600
01950;2026-06-03;06:48;52.20;0;49;49;232;232;232;2558;20;600
01951;2026-06-03;06:18;52.21;0;46;49;232;232;232;2506;20;600
01952;2026-06-03;05:47;52.22;0;44;44;232;231;232;2298;20;600
01953;2026-06-03;05:17;52.23;0;42;43;231;231;231;2298;21;600
01954;2026-06-03;04:46;52.23;-1;43;44;232;231;232;2193;21;600
01955;2026-06-03;04:16;52.24;-1;42;44;231;231;232;2193;21;600
01956;2026-06-03;03:46;52.23;0;43;44;231;231;232;2245;21;600
01957;2026-06-03;03:15;52.23;0;43;42;232;231;232;2141;21;600
01958;2026-06-03;02:45;52.24;0;41;42;232;231;231;2193;21;600
01959;2026-06-03;02:14;52.24;0;42;42;231;231;232;2193;21;600
01960;2026-06-03;01:44;52.23;0;41;42;231;231;232;2194;21;600
01961;2026-06-03;01:13;52.23;0;42;44;232;231;231;2245;22;600
01962;2026-06-03;00:43;52.23;0;43;43;232;231;232;2245;22;600
01963;2026-06-03;00:12;52.23;0;43;44;232;231;232;2245;22;600
01964;2026-06-02;23:42;52.22;0;47;50;231;232;232;2506;22;600
01965;2026-06-02;23:11;52.21;0;46;46;232;231;231;2350;22;600
01966;2026-06-02;22:41;52.22;0;47;47;232;231;232;2402;22;600
01967;2026-06-02;22:10;52.20;0;50;52;231;231;232;2767;22;600
01968;2026-06-02;21:40;52.23;0;46;47;232;231;232;2454;22;600
01969;2026-06-02;21:09;52.23;0;47;47;231;231;232;2454;22;600
01970;2026-06-02;20:39;52.21;0;49;52;231;231;231;2714;22;600
01971;2026-06-02;20:08;52.22;1;51;51;231;231;232;2558;22;600
01972;2026-06-02;19:38;52.20;1;50;51;231;231;232;2662;22;600
01973;2026-06-02;19:07;52.21;0;52;52;231;231;232;2662;22;600
01974;2026-06-02;18:37;52.21;0;51;51;231;232;231;2662;22;600
01975;2026-06-02;18:06;52.21;0;52;49;231;231;231;2558;23;600
01976;2026-06-02;17:36;52.22;0;48;48;231;231;232;2507;24;600
01977;2026-06-02;17:05;52.21;0;51;52;232;231;232;2611;25;600
01978;2026-06-02;16:35;52.21;-1;53;54;232;231;232;2871;27;600
01979;2026-06-02;16:04;52.21;-1;51;53;231;231;231;2714;28;600
01980;2026-06-02;15:34;52.21;0;52;52;231;231;232;2662;29;600
01981;2026-06-02;15:03;52.21;0;53;56;231;231;231;2819;29;600
01982;2026-06-02;14:33;52.20;0;58;58;231;231;231;2923;29;600
01983;2026-06-02;14:03;52.21;0;53;54;231;231;231;2767;29;600
01984;2026-06-02;13:32;52.22;0;51;53;231;231;231;2611;29;600
01985;2026-06-02;13:02;52.23;1;50;51;231;231;232;2819;28;600
01986;2026-06-02;12:31;52.23;1;50;51;232;231;231;2610;29;600
01987;2026-06-02;12:01;52.21;0;53;55;232;231;231;2714;28;600
01988;2026-06-02;11:30;52.19;0;57;58;231;231;231;3027;28;600
01989;2026-06-02;11:00;52.21;0;52;54;231;231;232;2715;27;600
01990;2026-06-02;10:29;52.20;0;56;55;231;231;231;2818;26;600
01991;2026-06-02;09:59;52.21;0;50;53;231;231;232;2714;25;600
01992;2026-06-02;09:28;52.21;0;53;53;231;232;231;2766;24;600
01993;2026-06-02;08:58;52.21;0;50;49;231;231;231;2662;23;600
01994;2026-06-02;08:27;52.21;0;50;50;231;231;232;2662;22;600
01995;2026-06-02;07:57;52.22;0;49;51;232;232;232;2506;21;600
01996;2026-06-02;07:26;52.22;0;47;50;232;231;232;2453;21;600
01997;2026-06-02;06:56;52.21;0;48;48;232;232;232;2453;20;600
01998;2026-06-02;06:25;52.21;0;51;51;232;232;232;2662;20;600
01999;2026-06-02;05:55;52.23;0;45;48;231;232;232;2350;20;600
02000;2026-06-02;05:24;52.23;0;43;44;232;232;232;2193;20;600
02001;2026-06-02;04:54;52.21;0;45;46;232;231;232;2297;20;600
02002;2026-06-02;04:23;52.23;0;41;42;232;231;232;2193;20;600
02003;2026-06-02;03:53;52.23;0;42;43;232;232;232;2141;20;600
02004;2026-06-02;03:22;52.23;0;42;43;231;232;232;2298;21;600
02005;2026-06-02;02:52;52.23;0;42;43;232;232;232;2141;21;600
02006;2026-06-02;02:21;52.24;0;41;42;232;232;232;2141;21;600
02007;2026-06-02;01:51;52.23;0;42;44;232;231;231;2193;21;600
02008;2026-06-02;01:20;52.23;0;42;43;231;232;232;2246;21;600
02009;2026-06-02;00:50;52.23;0;43;44;232;231;232;2245;21;600
02010;2026-06-02;00:19;52.24;0;42;44;232;231;232;2245;21;600
02011;2026-06-01;23:49;52.22;0;44;45;232;232;232;2245;21;600
02012;2026-06-01;23:19;52.23;0;44;45;232;231;231;2298;21;600
02013;2026-06-01;22:48;52.22;0;46;47;232;231;232;2402;21;600
02014;2026-06-01;22:18;52.22;0;50;48;232;231;232;2454;21;600
02015;2026-06-01;21:47;52.23;0;51;51;231;232;232;2558;22;600
02016;2026-06-01;21:17;52.22;0;50;51;231;231;232;2610;22;600
02017;2026-06-01;20:46;52.23;0;51;53;232;231;232;2610;22;600
02018;2026-06-01;20:16;52.22;0;50;51;232;231;232;2610;22;600
02019;2026-06-01;19:45;52.22;1;51;50;231;232;232;2611;22;600
02020;2026-06-01;19:15;52.21;1;50;51;232;231;231;2714;22;600
02021;2026-06-01;18:44;52.22;0;52;51;231;231;232;2558;23;600
02022;2026-06-01;18:14;52.23;0;49;49;232;231;232;2662;23;600
02023;2026-06-01;17:43;52.22;0;49;49;232;232;232;2507;24;600
02024;2026-06-01;17:13;52.22;0;48;50;231;231;231;2558;26;600
02025;2026-06-01;16:42;52.22;-1;51;52;231;231;231;2663;27;600
02026;2026-06-01;16:12;52.22;-1;49;51;231;231;232;2611;29;600
02027;2026-06-01;15:41;52.21;0;51;53;231;232;232;2662;29;600
02028;2026-06-01;15:11;52.23;0;53;51;231;231;231;2715;29;600
02029;2026-06-01;14:40;52.23;0;52;52;231;231;231;2662;29;600
02030;2026-06-01;14:10;52.22;0;53;53;231;231;231;2819;29;600
02031;2026-06-01;13:39;52.22;0;51;52;231;231;231;2663;29;600
02032;2026-06-01;13:09;52.22;-1;51;53;231;231;231;2662;29;600
02033;2026-06-01;12:38;52.22;-1;57;56;231;231;231;2611;29;600
02034;2026-06-01;12:08;52.21;0;54;54;231;231;231;2871;29;600
02035;2026-06-01;11:37;52.20;0;59;62;231;232;231;3132;28;600
02036;2026-06-01;11:07;52.21;0;51;53;231;231;231;2767;28;600
02037;2026-06-01;10:36;52.22;0;52;51;231;231;231;2559;26;600
02038;2026-06-01;10:06;52.21;0;54;53;231;231;232;2611;25;600
02039;2026-06-01;09:36;52.21;0;51;52;232;232;232;2611;23;599
02040;2026-06-01;09:05;52.21;0;51;49;231;231;232;2506;22;600
02041;2026-06-01;08:35;52.20;0;49;51;231;232;232;2558;21;600
02042;2026-06-01;08:04;52.21;0;49;51;232;231;232;2558;21;600
02043;2026-06-01;07:34;52.22;0;51;51;232;232;231;2662;21;600
02044;2026-06-01;07:03;52.22;0;47;48;231;231;232;2454;21;600
02045;2026-06-01;06:33;52.23;0;47;49;232;232;232;2403;21;600
02046;2026-06-01;06:02;52.23;0;45;45;232;231;232;2402;20;600
02047;2026-06-01;05:32;52.24;0;42;44;232;232;232;2245;20;600
02048;2026-06-01;05:01;52.22;0;44;45;232;232;232;2245;20;600
02049;2026-06-01;04:31;52.23;0;41;42;231;232;232;2141;20;600
02050;2026-06-01;04:00;52.23;0;41;42;231;231;232;2193;20;600
02051;2026-06-01;03:30;52.23;0;43;43;231;232;232;2193;20;600
02052;2026-06-01;02:59;52.26;0;33;35;232;232;232;1724;20;600
02053;2026-06-01;02:29;52.25;0;43;43;231;231;232;2246;21;600
02054;2026-06-01;01:58;52.25;0;41;43;232;232;232;2194;21;600
02055;2026-06-01;01:28;52.26;0;42;43;232;231;232;2142;21;600
02056;2026-06-01;00:57;52.25;0;42;43;232;231;232;2194;21;600
02057;2026-06-01;00:27;52.25;0;44;44;231;232;231;2247;21;600
02058;2026-05-31;23:56;52.25;0;45;45;232;231;232;2403;21;600
02059;2026-05-31;23:26;52.25;0;44;45;232;231;232;2246;21;600
02060;2026-05-31;22:55;52.23;0;50;47;232;232;232;2350;21;600
02061;2026-05-31;22:25;52.25;0;46;45;232;231;232;2299;22;600
02062;2026-05-31;21:54;52.25;0;51;50;231;231;231;2663;22;600
02063;2026-05-31;21:24;52.21;0;53;51;232;231;232;2507;21;600
02064;2026-05-31;20:53;52.24;1;47;51;231;231;231;2454;21;600
02065;2026-05-31;20:23;52.25;1;48;50;231;231;232;2507;22;600
02066;2026-05-31;19:53;52.23;1;55;52;232;231;232;2767;22;600
02067;2026-05-31;19:22;52.23;0;52;53;231;231;231;2663;22;600
02068;2026-05-31;18:52;52.23;0;51;52;232;231;231;2559;22;600
02069;2026-05-31;18:21;52.23;0;53;55;231;231;232;2872;22;600
02070;2026-05-31;17:51;52.23;0;54;56;231;231;232;2716;23;599
02071;2026-05-31;17:20;52.23;0;53;54;231;231;232;2664;26;600
02072;2026-05-31;16:50;52.23;0;54;55;231;231;231;2716;27;600
02073;2026-05-31;16:19;52.23;0;53;54;231;231;231;2664;29;599
02074;2026-05-31;15:49;52.25;0;53;55;231;231;231;2821;30;600
02075;2026-05-31;15:18;52.23;0;61;60;231;231;231;3080;30;600
02076;2026-05-31;14:48;52.24;0;53;52;232;231;232;2715;30;600
02077;2026-05-31;14:17;52.24;0;53;53;232;231;232;2612;30;600
02078;2026-05-31;13:47;52.23;0;50;54;231;231;231;2560;30;600
02079;2026-05-31;13:16;52.23;0;51;53;231;231;231;2612;30;600
02080;2026-05-31;12:46;52.23;0;51;52;231;231;232;2612;29;600
02081;2026-05-31;12:15;52.24;0;50;50;231;231;231;2559;28;600
02082;2026-05-31;11:45;52.25;0;49;50;231;231;232;2664;28;600
02083;2026-05-31;11:14;52.24;0;51;52;231;231;232;2716;28;600
02084;2026-05-31;10:44;52.23;0;52;54;231;231;231;2715;28;600
02085;2026-05-31;10:13;52.23;0;51;55;231;231;231;2715;27;600
02086;2026-05-31;09:43;52.23;0;49;54;231;231;232;2872;24;600
02087;2026-05-31;09:12;52.23;0;56;57;232;231;232;2872;23;600
02088;2026-05-31;08:42;52.24;0;50;50;231;231;232;2663;22;600
02089;2026-05-31;08:11;52.23;0;49;50;231;231;231;2559;22;600
02090;2026-05-31;07:41;52.21;0;49;51;232;232;232;2559;21;600
02091;2026-05-31;07:10;52.23;0;46;48;232;231;232;2455;21;600
02092;2026-05-31;06:40;52.23;0;48;48;232;232;232;2454;21;600
02093;2026-05-31;06:09;52.24;0;44;45;231;231;231;2246;21;600
02094;2026-05-31;05:39;52.24;0;45;44;231;232;232;2403;21;600
02095;2026-05-31;05:09;52.25;0;43;44;231;231;232;2194;21;600
02096;2026-05-31;04:38;52.25;-1;42;43;232;231;232;2142;21;600
02097;2026-05-31;04:08;52.25;-1;48;47;231;232;232;2507;21;600
02098;2026-05-31;03:37;52.25;0;42;43;231;232;232;2142;21;600
02099;2026-05-31;03:07;52.25;0;42;43;231;231;232;2299;21;600
02100;2026-05-31;02:36;52.25;0;42;44;232;232;232;2194;21;600
02101;2026-05-31;02:06;52.25;0;43;42;231;232;232;2194;21;600
02102;2026-05-31;01:35;52.25;0;42;44;232;231;232;2194;20;600
02103;2026-05-31;01:05;52.25;0;41;43;232;232;232;2194;20;600
02104;2026-05-31;00:34;52.25;0;42;43;232;231;232;2194;21;600
02105;2026-05-31;00:04;52.25;0;45;46;231;231;232;2299;21;600
02106;2026-05-30;23:33;52.25;0;45;46;232;231;232;2351;21;600
02107;2026-05-30;23:03;52.25;0;47;49;232;231;232;2507;21;599
02108;2026-05-30;22:32;52.25;0;48;48;231;231;232;2507;21;600
02109;2026-05-30;22:02;52.23;0;47;48;232;231;232;2559;22;600
02110;2026-05-30;21:31;52.22;0;54;55;232;231;231;2715;22;600
02111;2026-05-30;21:01;52.22;0;53;54;231;231;232;2715;22;600
02112;2026-05-30;20:30;52.24;0;50;51;231;231;231;2507;22;600
02113;2026-05-30;20:00;52.22;0;50;50;232;231;232;2507;22;600
02114;2026-05-30;19:29;52.23;0;52;52;232;231;232;2715;22;600
02115;2026-05-30;18:59;52.23;0;53;55;231;231;232;2611;22;600
02116;2026-05-30;18:28;52.23;0;52;53;231;231;232;2508;22;600
02117;2026-05-30;17:58;52.25;0;47;49;231;231;232;2559;23;600
02118;2026-05-30;17:27;52.23;0;53;51;231;231;232;2611;25;600
02119;2026-05-30;16:57;52.23;0;53;54;231;231;231;2768;26;600
02120;2026-05-30;16:27;52.23;0;52;53;231;231;231;2664;28;600
02121;2026-05-30;15:56;52.23;0;52;53;231;232;232;2716;29;600
02122;2026-05-30;15:26;52.23;-1;55;52;231;231;232;2612;30;600
02123;2026-05-30;14:55;52.24;-1;50;51;231;231;231;2663;30;600
02124;2026-05-30;14:25;52.25;0;51;53;231;231;231;2612;30;600
02125;2026-05-30;13:54;52.23;0;52;54;231;231;231;2715;30;600
02126;2026-05-30;13:24;52.23;0;54;54;232;231;231;2819;29;600
02127;2026-05-30;12:53;52.23;0;53;54;231;231;231;2768;29;600
02128;2026-05-30;12:23;52.23;0;51;51;231;231;231;2559;29;600
02129;2026-05-30;11:52;52.23;0;49;52;231;231;232;2663;28;600
02130;2026-05-30;11:22;52.23;0;53;54;231;231;231;2768;28;600
02131;2026-05-30;10:51;52.23;0;53;53;232;231;231;2715;25;600
02132;2026-05-30;10:21;52.23;0;53;51;231;231;232;2767;24;599
02133;2026-05-30;09:50;52.23;0;49;51;231;231;232;2663;23;600
02134;2026-05-30;09:20;52.23;0;52;54;231;232;231;2611;22;600
02135;2026-05-30;08:49;52.23;0;53;57;232;232;231;2767;22;600
02136;2026-05-30;08:19;52.25;0;47;50;232;231;232;2507;21;600
02137;2026-05-30;07:48;52.23;0;47;50;231;232;232;2455;21;600
02138;2026-05-30;07:18;52.22;0;48;51;231;232;232;2612;21;600
02139;2026-05-30;06:47;52.23;0;50;50;232;232;232;2558;21;600
02140;2026-05-30;06:17;52.23;0;50;51;232;232;232;2559;21;600
02141;2026-05-30;05:46;52.25;0;44;45;232;232;232;2298;21;600
02142;2026-05-30;05:16;52.25;0;43;44;232;232;231;2299;21;600
02143;2026-05-30;04:45;52.25;0;44;43;232;232;232;2142;20;600
02144;2026-05-30;04:15;52.25;0;42;44;231;232;232;2246;21;600
02145;2026-05-30;03:44;52.25;0;42;43;231;231;232;2194;21;600
02146;2026-05-30;03:14;52.25;0;42;45;232;231;231;2246;21;600
02147;2026-05-30;02:44;52.25;0;42;44;232;231;232;2194;21;600
02148;2026-05-30;02:13;52.25;0;41;43;231;231;232;2194;21;600
02149;2026-05-30;01:43;52.25;0;45;45;231;231;232;2351;21;600
02150;2026-05-30;01:12;52.25;0;43;44;231;231;232;2246;21;600
02151;2026-05-30;00:42;52.25;0;44;43;232;231;232;2246;21;600
02152;2026-05-30;00:11;52.24;0;44;45;232;231;231;2246;21;600
02153;2026-05-29;23:41;52.25;0;44;44;232;231;232;2350;21;600
02154;2026-05-29;23:10;52.24;0;45;46;232;231;232;2455;21;600
02155;2026-05-29;22:40;52.23;0;48;51;231;231;232;2611;21;600
02156;2026-05-29;22:09;52.23;0;48;50;231;231;232;2611;22;600
02157;2026-05-29;21:39;52.23;0;48;48;231;231;232;2507;22;600
02158;2026-05-29;21:08;52.23;0;49;48;232;232;232;2455;22;600
02159;2026-05-29;20:38;52.23;0;49;51;231;232;231;2715;22;600
02160;2026-05-29;20:07;52.23;0;49;49;231;231;232;2611;23;600
02161;2026-05-29;19:37;52.23;1;50;54;232;232;232;2611;23;600
02162;2026-05-29;19:06;52.23;1;50;50;231;232;232;2663;23;600
02163;2026-05-29;18:36;52.24;0;49;51;231;231;232;2559;23;600
02164;2026-05-29;18:05;52.24;0;49;52;231;231;232;2768;23;600
02165;2026-05-29;17:35;52.24;0;49;49;231;231;232;2560;25;600
02166;2026-05-29;17:04;52.23;0;51;52;231;231;231;2715;26;600
02167;2026-05-29;16:34;52.21;0;52;54;231;231;232;2611;27;600
02168;2026-05-29;16:03;52.24;-1;54;55;231;231;232;2663;28;600
02169;2026-05-29;15:33;52.25;-1;53;53;232;232;231;2820;29;600
02170;2026-05-29;15:02;52.24;0;51;52;231;231;232;2664;29;600
02171;2026-05-29;14:32;52.25;0;53;57;231;231;231;2664;30;600
02172;2026-05-29;14:02;52.24;0;51;50;231;231;232;2664;29;600
02173;2026-05-29;13:31;52.23;0;52;52;231;231;231;2664;29;600
02174;2026-05-29;13:01;52.24;0;55;53;231;231;232;2716;30;600
02175;2026-05-29;12:30;52.23;0;51;51;231;231;231;2664;29;600
02176;2026-05-29;12:00;52.23;0;53;53;231;231;232;2820;29;600
02177;2026-05-29;11:29;52.23;0;57;58;231;231;232;2924;29;600
02178;2026-05-29;10:59;52.24;0;52;54;231;231;232;2664;29;600
02179;2026-05-29;10:28;52.23;0;50;50;231;231;231;2663;28;600
02180;2026-05-29;09:58;52.23;0;53;53;231;231;232;2559;27;600
02181;2026-05-29;09:27;52.23;0;51;51;232;231;232;2820;26;600
02182;2026-05-29;08:57;52.24;0;49;49;231;232;232;2559;24;600
02183;2026-05-29;08:26;52.23;0;51;52;232;231;231;2611;23;600
02184;2026-05-29;07:56;52.23;0;48;49;232;231;232;2507;22;600
02185;2026-05-29;07:25;52.23;0;51;51;231;232;232;2507;22;600
02186;2026-05-29;06:55;52.23;0;50;52;232;232;232;2611;21;600
02187;2026-05-29;06:24;52.23;0;52;52;232;232;232;2714;21;600
02188;2026-05-29;05:54;52.25;0;46;46;231;231;231;2403;21;600
02189;2026-05-29;05:23;52.25;0;44;44;232;232;232;2246;21;600
02190;2026-05-29;04:53;52.25;0;43;43;231;232;232;2194;21;600
02191;2026-05-29;04:22;52.26;0;42;43;231;232;232;2194;21;600
02192;2026-05-29;03:52;52.25;0;42;43;231;232;232;2247;21;600
02193;2026-05-29;03:21;52.25;0;42;44;231;232;231;2194;21;600
02194;2026-05-29;02:51;52.25;0;41;42;232;232;232;2194;21;600
02195;2026-05-29;02:20;52.25;0;42;43;231;232;232;2194;21;600
02196;2026-05-29;01:50;52.25;0;41;43;231;231;232;2299;21;600
02197;2026-05-29;01:20;52.25;0;41;43;231;232;232;2246;21;600
02198;2026-05-29;00:49;52.25;0;42;43;231;231;232;2246;21;600
02199;2026-05-29;00:19;52.25;0;44;44;232;231;232;2402;21;600
02200;2026-05-28;23:48;52.25;0;44;45;232;231;232;2299;21;600
02201;2026-05-28;23:18;52.24;0;46;48;231;231;232;2508;21;600
02202;2026-05-28;22:47;52.25;0;49;51;231;232;232;2507;21;600
02203;2026-05-28;22:17;52.23;1;52;53;232;231;232;2507;22;600
02204;2026-05-28;21:46;52.23;1;48;48;231;232;232;2559;22;600
02205;2026-05-28;21:16;52.23;1;48;48;231;231;232;2507;22;600
02206;2026-05-28;20:45;52.23;0;52;53;231;232;233;2664;22;600
02207;2026-05-28;20:15;52.23;0;52;52;232;231;232;2768;22;600
02208;2026-05-28;19:44;52.23;-2;54;56;231;231;231;2715;22;600
02209;2026-05-28;19:14;52.23;-2;51;54;232;231;232;2820;22;600
02210;2026-05-28;18:43;52.23;0;52;53;231;231;232;2612;23;600
02211;2026-05-28;18:13;52.24;0;49;53;231;232;232;2455;23;600
02212;2026-05-28;17:42;52.25;0;48;48;231;231;232;2455;24;600
02213;2026-05-28;17:12;52.25;0;50;52;232;231;232;2559;26;600
02214;2026-05-28;16:41;52.24;0;53;53;231;231;232;2768;27;600
02215;2026-05-28;16:11;52.23;0;53;55;232;231;232;2664;28;600
02216;2026-05-28;15:40;52.23;0;53;54;231;231;232;2768;29;600
02217;2026-05-28;15:10;52.24;0;55;55;231;231;232;2872;29;600
02218;2026-05-28;14:39;52.23;0;55;55;231;231;232;2716;29;600
02219;2026-05-28;14:09;52.23;0;54;55;231;231;231;2768;29;600
02220;2026-05-28;13:39;52.23;-1;57;55;232;231;232;2612;30;600
02221;2026-05-28;13:08;52.22;-1;53;54;231;231;232;2820;29;600
02222;2026-05-28;12:38;52.23;1;52;53;231;231;231;2872;29;600
02223;2026-05-28;12:07;52.23;1;53;53;232;231;231;2767;29;600
02224;2026-05-28;11:37;52.22;0;53;54;230;231;231;2872;28;600
02225;2026-05-28;11:06;52.23;0;54;54;231;231;232;2872;28;600
02226;2026-05-28;10:36;52.23;0;51;53;231;232;231;2768;26;600
02227;2026-05-28;10:05;52.23;0;52;52;231;231;232;2663;25;600
02228;2026-05-28;09:35;52.23;0;49;50;231;231;232;2559;24;600
02229;2026-05-28;09:04;52.22;0;50;52;231;231;232;2559;23;600
02230;2026-05-28;08:34;52.23;-1;52;51;232;231;231;2507;23;600
02231;2026-05-28;08:03;52.23;-1;51;53;231;231;232;2611;22;600
02232;2026-05-28;07:33;52.23;0;49;48;231;232;232;2454;22;600
02233;2026-05-28;07:02;52.23;0;48;50;231;231;231;2507;22;600
02234;2026-05-28;06:32;52.23;0;49;49;232;231;232;2558;21;600
02235;2026-05-28;06:01;52.23;0;47;49;232;231;232;2454;21;600
02236;2026-05-28;05:31;52.25;0;43;43;232;232;232;2245;21;600
02237;2026-05-28;05:00;52.25;0;43;43;232;231;232;2194;21;600
02238;2026-05-28;04:30;52.25;0;42;44;231;231;232;2194;21;600
02239;2026-05-28;03:59;52.25;0;43;44;232;232;232;2246;21;600
02240;2026-05-28;03:29;52.27;0;42;43;231;232;232;2246;20;600
02241;2026-05-28;02:58;52.24;0;44;44;232;232;232;2350;21;600
02242;2026-05-28;02:28;52.25;0;42;43;232;232;231;2246;21;600
02243;2026-05-28;01:58;52.26;0;43;45;231;231;232;2247;21;600
02244;2026-05-28;01:27;52.25;0;43;43;232;231;232;2194;21;600
02245;2026-05-28;00:57;52.26;0;43;43;232;232;232;2247;21;600
02246;2026-05-28;00:26;52.26;0;43;45;232;232;232;2246;21;600
02247;2026-05-27;23:56;52.27;0;45;48;231;232;232;2456;21;600
02248;2026-05-27;23:25;52.25;0;46;46;231;231;231;2351;21;600
02249;2026-05-27;22:55;52.25;0;47;48;231;232;232;2403;21;600
02250;2026-05-27;22:24;52.25;0;50;53;232;231;232;2664;21;600
02251;2026-05-27;21:54;52.27;0;47;48;231;231;231;2404;22;599
02252;2026-05-27;21:23;52.26;0;49;51;232;231;232;2455;22;600
02253;2026-05-27;20:53;52.27;0;50;48;231;231;232;2508;22;600
02254;2026-05-27;20:22;52.25;-55;49;52;231;232;231;2664;22;600
02255;2026-05-27;19:52;50.89;-55;53;51;233;231;233;2487;22;598
02256;2026-05-27;19:37;52.19;0;51;51;233;231;233;2609;22;600
02257;2026-05-27;19:07;52.19;0;51;54;231;231;231;2661;22;600
02258;2026-05-27;18:37;52.20;0;51;51;231;231;232;2557;23;600
02259;2026-05-27;18:06;52.20;0;50;51;231;231;231;2766;23;600
02260;2026-05-27;17:36;52.20;0;50;49;232;232;232;2558;24;600
02261;2026-05-27;17:05;52.20;0;48;49;231;231;232;2505;25;600
02262;2026-05-27;16:35;52.19;0;50;51;231;231;231;2610;27;600
02263;2026-05-27;16:04;52.19;1;51;52;231;231;232;2609;28;600
02264;2026-05-27;15:34;52.19;1;52;52;231;231;231;2713;28;600
02265;2026-05-27;15:03;52.19;0;50;53;231;231;231;2662;29;600
02266;2026-05-27;14:33;52.19;0;56;55;231;232;231;2818;29;600
02267;2026-05-27;14:02;52.21;0;53;53;231;231;231;2713;29;600
02268;2026-05-27;13:32;52.20;-1;51;53;231;231;231;2714;29;600
02269;2026-05-27;13:01;52.18;-1;56;58;231;231;231;2818;29;600
02270;2026-05-27;12:31;52.20;0;55;58;231;232;231;2818;28;600
02271;2026-05-27;12:00;52.19;0;56;57;231;231;231;3078;29;600
02272;2026-05-27;11:30;52.18;0;57;57;231;231;231;2974;29;600
02273;2026-05-27;10:59;52.19;0;60;60;231;231;232;3182;27;600
02274;2026-05-27;10:29;52.19;0;48;50;231;231;231;2610;24;600
02275;2026-05-27;09:58;52.19;0;51;51;232;231;232;2713;23;600
02276;2026-05-27;09:28;52.19;0;52;56;231;231;232;2661;22;600
02277;2026-05-27;08:57;52.20;0;50;49;231;232;232;2452;22;600
02278;2026-05-27;08:27;52.19;0;52;55;231;231;232;2661;21;600
02279;2026-05-27;07:56;52.19;0;49;51;232;232;232;2505;21;600
02280;2026-05-27;07:26;52.20;0;50;50;231;231;232;2452;21;600
02281;2026-05-27;06:55;52.19;0;50;51;231;231;232;2557;21;600
02282;2026-05-27;06:25;52.19;0;47;49;232;232;232;2453;21;600
02283;2026-05-27;05:55;52.21;0;43;45;231;231;232;2245;21;600
02284;2026-05-27;05:24;52.21;0;43;43;231;231;232;2244;20;600
02285;2026-05-27;04:54;52.21;0;42;44;232;232;232;2245;20;600
02286;2026-05-27;04:23;52.21;0;42;44;231;232;232;2245;20;600
02287;2026-05-27;03:53;52.21;0;42;42;231;232;232;2140;20;600
02288;2026-05-27;03:22;52.21;0;42;42;232;231;232;2140;20;600
02289;2026-05-27;02:52;52.21;0;42;43;232;231;232;2297;20;600
02290;2026-05-27;02:21;52.22;0;43;43;232;232;232;2192;20;600
02291;2026-05-27;01:51;52.21;0;43;43;231;232;232;2192;20;600
02292;2026-05-27;01:20;52.21;0;43;43;232;231;232;2297;20;600
02293;2026-05-27;00:50;52.21;0;42;43;232;231;232;2192;20;600
02294;2026-05-27;00:19;52.21;0;45;45;232;231;232;2245;21;600
02295;2026-05-26;23:49;52.21;0;44;44;232;232;232;2245;21;600
02296;2026-05-26;23:18;52.19;0;46;46;231;231;232;2401;21;600
02297;2026-05-26;22:48;52.21;1;47;48;231;231;231;2400;21;600
02298;2026-05-26;22:17;52.19;1;48;49;231;231;231;2453;21;600
02299;2026-05-26;21:47;52.21;-1;47;47;232;231;232;2401;21;600
02300;2026-05-26;21:16;52.19;0;49;50;232;232;232;2505;22;600
02301;2026-05-26;20:46;52.20;0;51;55;232;232;232;2505;22;600
02302;2026-05-26;20:15;52.21;-1;48;50;232;231;232;2505;22;600
02303;2026-05-26;19:45;52.20;-1;55;53;232;232;232;2661;22;600
02304;2026-05-26;19:14;52.19;0;51;53;231;232;232;2713;22;599
02305;2026-05-26;18:44;52.19;0;50;53;231;232;232;2713;22;600
02306;2026-05-26;18:13;52.19;0;54;54;231;231;231;2766;23;600
02307;2026-05-26;17:43;52.20;0;48;49;232;231;231;2662;24;600
02308;2026-05-26;17:12;52.19;0;52;52;231;231;231;2610;26;600
02309;2026-05-26;16:42;52.21;0;51;52;232;231;231;2662;27;600
02310;2026-05-26;16:12;52.20;0;54;54;231;232;231;2767;29;600
02311;2026-05-26;15:41;52.21;0;52;53;231;231;232;2766;29;600
02312;2026-05-26;15:11;52.20;0;53;56;231;231;231;2923;30;600
02313;2026-05-26;14:40;52.19;0;51;53;231;231;231;2661;30;600
02314;2026-05-26;14:10;52.19;0;52;55;231;231;232;2766;29;600
02315;2026-05-26;13:39;52.20;1;51;52;231;231;231;2662;28;600
02316;2026-05-26;13:09;52.20;1;53;53;231;231;232;2558;28;600
02317;2026-05-26;12:38;52.20;0;52;55;231;231;232;2714;27;600
02318;2026-05-26;12:08;52.21;0;50;51;231;231;232;2557;26;600
02319;2026-05-26;11:37;52.20;0;50;51;231;231;231;2610;27;600
02320;2026-05-26;11:07;52.20;0;52;54;231;231;231;2661;27;600
02321;2026-05-26;10:36;52.17;0;56;56;231;231;231;2922;27;600
02322;2026-05-26;10:06;52.21;0;51;52;231;231;232;2818;27;600
02323;2026-05-26;09:35;52.21;0;50;51;231;231;232;2557;27;600
02324;2026-05-26;09:05;52.20;0;55;55;231;231;231;2713;25;600
02325;2026-05-26;08:34;52.20;0;49;50;231;231;232;2506;25;600
02326;2026-05-26;08:04;52.21;0;48;49;231;232;232;2453;23;600
02327;2026-05-26;07:33;52.20;0;48;48;231;231;231;2453;21;600
02328;2026-05-26;07:03;52.21;0;48;49;232;232;232;2401;22;600
02329;2026-05-26;06:32;52.22;0;48;47;232;231;232;2453;21;600
02330;2026-05-26;06:02;52.21;0;44;45;231;232;232;2349;20;600
02331;2026-05-26;05:31;52.21;0;44;46;231;232;232;2297;21;600
02332;2026-05-26;05:01;52.23;0;43;43;232;232;231;2245;24;600
02333;2026-05-26;04:30;52.23;0;42;43;232;231;232;2245;23;600
02334;2026-05-26;04:00;52.22;0;44;43;231;232;232;2141;22;600
02335;2026-05-26;03:29;52.23;0;42;43;232;232;232;2193;21;600
02336;2026-05-26;02:59;52.22;0;42;42;231;232;232;2245;20;600
02337;2026-05-26;02:28;52.22;0;42;42;232;231;232;2192;20;600
02338;2026-05-26;01:58;52.21;0;41;42;232;232;232;2140;20;600
02339;2026-05-26;01:28;52.21;0;42;44;231;232;232;2192;20;600
02340;2026-05-26;00:57;52.21;0;42;42;232;232;232;2192;20;600
02341;2026-05-26;00:27;52.21;0;42;43;232;231;232;2245;20;600
02342;2026-05-25;23:56;52.22;0;42;43;232;231;232;2245;20;600
02343;2026-05-25;23:26;52.21;0;45;45;231;231;232;2349;21;600
02344;2026-05-25;22:55;52.21;0;44;44;232;232;232;2349;21;600
02345;2026-05-25;22:25;52.19;0;47;48;232;232;232;2349;21;600
02346;2026-05-25;21:54;52.21;0;44;46;231;232;232;2349;21;600
02347;2026-05-25;21:24;52.21;0;47;45;231;231;232;2349;21;600
02348;2026-05-25;20:53;52.21;0;47;49;232;231;232;2453;21;600
02349;2026-05-25;20:23;52.20;0;58;57;231;232;231;2713;21;600
02350;2026-05-25;19:52;52.19;0;50;50;232;231;231;2609;21;600
02351;2026-05-25;19:22;52.20;0;49;50;232;232;232;2610;21;600
02352;2026-05-25;18:51;52.19;0;50;50;232;231;232;2505;22;600
02353;2026-05-25;18:21;52.20;0;52;54;231;232;231;2609;22;599
02354;2026-05-25;17:50;52.18;0;58;56;231;231;232;2766;23;600
02355;2026-05-25;17:20;52.19;0;50;50;231;231;231;2557;26;600
02356;2026-05-25;16:49;52.19;0;52;56;231;231;231;2661;26;600
02357;2026-05-25;16:19;52.19;0;51;52;231;231;232;2714;28;600
02358;2026-05-25;15:48;52.20;0;51;52;231;231;231;2870;29;600
02359;2026-05-25;15:18;52.20;0;52;54;231;231;231;2713;29;600
02360;2026-05-25;14:47;52.19;0;51;55;231;231;231;2714;30;600
02361;2026-05-25;14:17;52.21;0;50;50;231;231;231;2609;29;600
02362;2026-05-25;13:46;52.20;0;55;53;231;231;232;2714;29;599
02363;2026-05-25;13:16;52.20;0;54;53;231;231;231;2662;29;600
02364;2026-05-25;12:45;52.21;0;50;50;231;231;232;2610;29;600
02365;2026-05-25;12:15;52.19;0;53;54;231;231;231;2766;28;600
02366;2026-05-25;11:44;52.19;0;51;54;231;231;231;2714;27;600
02367;2026-05-25;11:14;52.20;0;51;52;231;231;231;2610;26;600
02368;2026-05-25;10:44;52.20;0;51;51;231;231;231;2609;26;600
02369;2026-05-25;10:13;52.20;0;52;53;231;231;231;2557;26;600
02370;2026-05-25;09:43;52.19;0;51;52;231;231;232;2818;27;600
02371;2026-05-25;09:12;52.21;0;48;50;231;231;231;2558;26;600
02372;2026-05-25;08:42;52.19;0;50;53;231;231;231;2610;25;600
02373;2026-05-25;08:11;52.18;0;52;53;231;232;232;2558;23;600
02374;2026-05-25;07:41;52.19;-1;48;49;231;231;232;2505;22;600
02375;2026-05-25;07:10;52.20;-1;48;49;232;231;232;2453;22;600
02376;2026-05-25;06:40;52.21;-1;45;48;232;231;232;2506;21;600
02377;2026-05-25;06:09;52.20;-1;47;47;232;232;232;2349;20;600
02378;2026-05-25;05:39;52.21;0;47;48;232;232;232;2349;20;600
02379;2026-05-25;05:08;52.22;0;42;43;232;232;232;2192;20;600
02380;2026-05-25;04:38;52.21;0;41;42;232;231;232;2141;20;600
02381;2026-05-25;04:07;52.21;0;42;43;232;231;232;2192;20;600
02382;2026-05-25;03:37;52.21;0;41;42;231;232;232;2088;20;600
02383;2026-05-25;03:06;52.21;0;42;43;231;231;232;2192;20;600
02384;2026-05-25;02:36;52.21;0;41;42;231;231;232;2141;20;600
02385;2026-05-25;02:05;52.21;0;44;43;232;231;232;2192;21;600
02386;2026-05-25;01:35;52.21;0;43;44;231;231;232;2192;21;600
02387;2026-05-25;01:04;52.21;0;42;43;231;231;232;2192;21;600
02388;2026-05-25;00:34;52.21;0;46;49;232;231;232;2349;21;600
02389;2026-05-25;00:03;52.21;0;42;43;231;232;232;2193;21;600
02390;2026-05-24;23:33;52.20;0;44;45;232;231;232;2349;21;600
02391;2026-05-24;23:02;52.20;0;47;46;232;231;232;2349;21;600
02392;2026-05-24;22:32;52.21;0;46;46;231;232;231;2349;21;600
02393;2026-05-24;22:02;52.19;0;48;49;231;232;232;2557;21;600
02394;2026-05-24;21:31;52.20;0;48;48;232;232;232;2453;21;600
02395;2026-05-24;21:01;52.18;0;52;52;232;231;232;2713;21;600
02396;2026-05-24;20:30;52.19;0;49;49;231;231;232;2557;21;600
02397;2026-05-24;20:00;52.20;0;50;49;232;231;232;2609;21;600
02398;2026-05-24;19:29;52.20;0;50;49;232;231;231;2558;21;600
02399;2026-05-24;18:59;52.20;0;49;52;231;231;232;2662;21;600
02400;2026-05-24;18:28;52.20;0;53;52;232;231;232;2558;22;600
02401;2026-05-24;17:58;52.20;0;48;49;231;232;232;2609;22;600
02402;2026-05-24;17:27;52.21;0;48;49;231;232;231;2558;25;600
02403;2026-05-24;16:57;52.19;0;52;54;231;232;232;2609;25;600
02404;2026-05-24;16:26;52.21;0;50;52;231;231;232;2713;27;600
02405;2026-05-24;15:56;52.20;0;50;54;231;231;231;2610;29;600
02406;2026-05-24;15:25;52.19;1;55;53;232;231;231;2818;29;599
02407;2026-05-24;14:55;52.20;1;49;52;231;232;231;2662;29;600
02408;2026-05-24;14:24;52.21;0;50;52;232;231;232;2714;29;600
02409;2026-05-24;13:54;52.21;0;50;52;231;231;231;2610;29;600
02410;2026-05-24;13:23;52.21;0;48;49;232;231;232;2558;28;600
02411;2026-05-24;12:53;52.20;0;48;51;231;232;232;2506;28;600
02412;2026-05-24;12:22;52.20;0;50;50;232;231;232;2506;28;600
02413;2026-05-24;11:52;52.19;0;56;57;231;231;231;2974;27;600
02414;2026-05-24;11:21;52.19;-1;55;55;231;231;231;2818;27;600
02415;2026-05-24;10:51;52.21;-1;50;50;231;231;232;2922;26;600
02416;2026-05-24;10:20;52.20;0;47;50;231;231;232;2610;26;600
02417;2026-05-24;09:50;52.19;0;49;50;231;231;232;2558;24;600
02418;2026-05-24;09:20;52.20;0;48;49;231;232;232;2610;23;600
02419;2026-05-24;08:49;52.20;0;49;49;231;231;232;2505;22;600
02420;2026-05-24;08:19;52.21;0;47;49;231;231;232;2401;22;600
02421;2026-05-24;07:48;52.19;0;50;50;232;231;232;2557;21;600
02422;2026-05-24;07:18;52.19;0;47;50;231;232;232;2453;21;600
02423;2026-05-24;06:47;52.20;0;46;48;231;231;232;2453;20;600
02424;2026-05-24;06:17;52.21;0;45;46;232;231;232;2349;20;600
02425;2026-05-24;05:46;52.21;0;43;45;232;232;232;2245;20;600
02426;2026-05-24;05:16;52.21;0;42;43;232;231;232;2245;20;600
02427;2026-05-24;04:45;52.21;0;43;44;232;232;232;2245;21;600
02428;2026-05-24;04:15;52.23;0;41;42;232;231;232;2141;22;600
02429;2026-05-24;03:44;52.23;0;41;42;231;232;232;2193;21;600
02430;2026-05-24;03:14;52.22;0;41;43;231;232;232;2245;20;600
02431;2026-05-24;02:43;52.21;0;41;42;232;232;232;2193;20;600
02432;2026-05-24;02:13;52.21;0;42;44;231;232;232;2245;20;600
02433;2026-05-24;01:42;52.20;0;42;43;232;232;232;2193;20;600
02434;2026-05-24;01:12;52.21;1;43;45;232;231;232;2245;20;600
02435;2026-05-24;00:41;52.22;1;43;45;231;232;232;2401;20;600
02436;2026-05-24;00:11;52.21;0;45;47;232;232;232;2245;20;600
02437;2026-05-23;23:40;52.22;0;44;44;232;231;232;2349;20;600
02438;2026-05-23;23:10;52.19;0;45;47;232;232;232;2349;20;600
02439;2026-05-23;22:39;52.21;0;46;47;232;232;232;2662;21;600
02440;2026-05-23;22:09;52.20;0;47;50;232;231;232;2401;21;600
02441;2026-05-23;21:38;52.19;0;50;51;231;231;232;2505;21;600
02442;2026-05-23;21:08;52.20;0;51;50;231;231;231;2557;21;600
02443;2026-05-23;20:37;52.19;0;51;52;232;232;232;2557;21;600
02444;2026-05-23;20:07;52.19;0;51;51;232;231;231;2609;21;600
02445;2026-05-23;19:37;52.19;0;49;50;232;232;231;2505;22;600
02446;2026-05-23;19:06;52.19;0;52;54;231;231;231;2661;22;600
02447;2026-05-23;18:36;52.19;0;53;54;232;231;231;2713;22;600
02448;2026-05-23;18:05;52.20;0;50;50;232;231;232;2506;23;600
02449;2026-05-23;17:35;52.20;0;49;49;231;231;231;2505;25;600
02450;2026-05-23;17:04;52.21;0;51;53;231;231;231;2662;26;600
02451;2026-05-23;16:34;52.20;0;52;53;231;231;232;2714;27;600
02452;2026-05-23;16:03;52.21;0;51;52;231;231;231;2662;29;600
02453;2026-05-23;15:33;52.20;0;51;52;231;231;232;2661;30;600
02454;2026-05-23;15:02;52.20;-1;51;53;231;231;232;2766;29;600
02455;2026-05-23;14:32;52.20;-1;56;55;231;231;231;2766;30;600
02456;2026-05-23;14:01;52.20;0;50;51;231;231;231;2610;30;600
02457;2026-05-23;13:31;52.20;0;53;55;231;231;231;2766;29;599
02458;2026-05-23;13:00;52.20;0;52;53;231;231;231;2661;29;600
02459;2026-05-23;12:30;52.20;0;53;52;231;231;232;2662;29;600
02460;2026-05-23;11:59;52.20;0;55;54;231;231;231;2766;28;600
02461;2026-05-23;11:29;52.19;0;52;53;231;231;232;2818;27;600
02462;2026-05-23;10:58;52.21;0;50;54;231;231;231;2661;27;600
02463;2026-05-23;10:28;52.19;0;53;53;230;231;231;2713;27;600
02464;2026-05-23;09:57;52.19;0;50;51;231;231;231;2610;26;600
02465;2026-05-23;09:27;52.20;0;48;50;232;231;231;2557;26;600
02466;2026-05-23;08:56;52.19;0;49;50;231;231;231;2557;25;600
02467;2026-05-23;08:26;52.20;0;52;53;231;231;231;2609;24;600
02468;2026-05-23;07:55;52.18;0;50;51;231;231;231;2609;23;600
02469;2026-05-23;07:25;52.20;0;49;50;231;231;232;2505;22;600
02470;2026-05-23;06:55;52.20;0;48;50;232;232;231;2557;22;600
02471;2026-05-23;06:24;52.19;0;47;48;232;232;231;2505;21;600
02472;2026-05-23;05:54;52.21;0;46;47;231;232;232;2349;21;600
02473;2026-05-23;05:23;52.21;0;44;44;232;231;232;2349;21;600
02474;2026-05-23;04:53;52.21;0;43;43;232;231;231;2192;21;600
02475;2026-05-23;04:22;52.21;0;42;43;231;231;232;2245;21;600
02476;2026-05-23;03:52;52.22;0;43;43;232;232;232;2192;21;600
02477;2026-05-23;03:21;52.21;0;42;42;231;232;232;2192;21;600
02478;2026-05-23;02:51;52.22;0;41;43;231;231;232;2192;21;600
02479;2026-05-23;02:20;52.21;0;44;43;232;231;232;2245;21;600
02480;2026-05-23;01:50;52.21;0;42;43;232;232;232;2245;21;600
02481;2026-05-23;01:19;52.20;0;43;43;232;231;231;2192;21;600
02482;2026-05-23;00:49;52.21;0;43;44;232;231;232;2193;21;600
02483;2026-05-23;00:18;52.21;0;43;45;232;231;232;2349;21;600
02484;2026-05-22;23:48;52.21;0;45;45;232;232;232;2245;21;600
02485;2026-05-22;23:17;52.19;0;44;46;231;231;232;2453;21;600
02486;2026-05-22;22:47;52.21;0;45;46;232;231;232;2505;21;600
02487;2026-05-22;22:16;52.21;0;46;51;231;232;232;2609;21;600
02488;2026-05-22;21:46;52.20;0;47;48;232;231;232;2505;22;600
02489;2026-05-22;21:15;52.20;0;52;50;232;231;232;2609;22;600
02490;2026-05-22;20:45;52.19;0;58;52;232;232;232;2818;22;600
02491;2026-05-22;20:14;52.19;0;50;55;231;231;232;2661;22;599
02492;2026-05-22;19:44;52.20;0;53;53;232;231;231;2713;22;600
02493;2026-05-22;19:13;52.21;0;50;50;232;231;232;2713;22;600
02494;2026-05-22;18:43;52.18;1;50;54;231;231;232;2661;23;600
02495;2026-05-22;18:13;52.19;1;50;52;232;231;232;2557;23;600
02496;2026-05-22;17:42;52.19;0;50;49;231;231;231;2557;23;600
02497;2026-05-22;17:12;52.19;0;51;52;231;231;231;2661;23;600
02498;2026-05-22;16:41;52.18;0;49;51;231;231;232;2661;24;600
02499;2026-05-22;16:11;52.21;0;47;48;231;231;231;2505;24;600
02500;2026-05-22;15:40;52.21;0;47;48;232;232;232;2505;24;600
02501;2026-05-22;15:10;52.20;0;47;49;231;232;232;2453;25;600
02502;2026-05-22;14:39;52.20;0;47;48;231;232;232;2401;25;600
02503;2026-05-22;14:09;52.20;0;48;51;231;231;231;2453;24;600
02504;2026-05-22;13:38;52.19;0;49;48;231;231;232;2452;23;600
02505;2026-05-22;13:08;52.19;0;53;51;232;231;232;2661;23;600
02506;2026-05-22;12:37;52.19;0;49;52;231;231;231;2609;23;600
02507;2026-05-22;12:07;52.18;-1;49;49;231;231;231;2609;22;600
02508;2026-05-22;11:36;52.19;-1;51;52;231;231;231;2661;22;600
02509;2026-05-22;11:06;52.18;0;52;50;231;231;232;2609;22;600
02510;2026-05-22;10:35;52.19;0;52;54;232;232;232;2818;22;600
02511;2026-05-22;10:05;52.18;1;51;51;232;232;232;2662;22;600
02512;2026-05-22;09:34;52.20;1;46;48;232;231;231;2557;22;600
02513;2026-05-22;09:04;52.20;0;48;50;232;232;231;2557;21;600
02514;2026-05-22;08:33;52.19;0;49;50;231;231;232;2609;21;600
02515;2026-05-22;08:03;52.19;0;49;49;231;231;232;2453;21;600
02516;2026-05-22;07:32;52.21;0;49;49;232;231;232;2505;21;600
02517;2026-05-22;07:02;52.20;0;47;49;232;231;232;2453;21;600
02518;2026-05-22;06:31;52.20;0;47;49;232;231;232;2452;21;600
02519;2026-05-22;06:01;52.19;0;51;53;232;231;232;2765;21;600
02520;2026-05-22;05:31;52.21;0;43;44;232;232;232;2349;21;600
02521;2026-05-22;05:00;52.21;0;43;44;231;232;232;2245;21;600
02522;2026-05-22;04:30;52.23;0;34;35;231;232;232;1776;21;600
02523;2026-05-22;03:59;52.24;0;33;35;232;231;232;1723;21;600
02524;2026-05-22;03:29;52.25;0;42;43;232;232;232;2194;21;600
02525;2026-05-22;02:58;52.24;0;43;45;231;232;232;2246;21;600
02526;2026-05-22;02:28;52.25;0;42;43;232;232;232;2246;21;600
02527;2026-05-22;01:57;52.25;0;47;44;231;231;232;2246;21;600
02528;2026-05-22;01:27;52.26;0;42;43;232;232;232;2194;21;600
02529;2026-05-22;00:56;52.25;0;42;44;232;232;232;2246;22;600
02530;2026-05-22;00:26;52.25;-1;44;43;231;231;232;2194;22;600
02531;2026-05-21;23:55;52.25;-1;46;45;231;231;232;2246;22;600
02532;2026-05-21;23:25;52.25;0;45;46;231;232;232;2299;22;600
02533;2026-05-21;22:54;52.23;0;48;48;232;231;231;2455;22;600
02534;2026-05-21;22:24;52.25;0;50;48;231;231;231;2559;22;600
02535;2026-05-21;21:53;52.25;0;46;49;231;231;232;2455;22;600
02536;2026-05-21;21:23;52.24;0;47;48;232;231;231;2508;22;600
02537;2026-05-21;20:52;52.25;1;48;49;231;231;232;2611;22;600
02538;2026-05-21;20:22;52.23;1;52;52;232;232;232;2872;22;599
02539;2026-05-21;19:51;52.25;0;49;49;232;232;232;2663;22;600
02540;2026-05-21;19:21;52.24;0;51;53;232;231;232;2819;22;600
02541;2026-05-21;18:50;52.25;1;48;51;232;231;231;2508;22;600
02542;2026-05-21;18:20;52.23;1;49;53;231;231;231;2559;22;600
02543;2026-05-21;17:49;52.24;0;48;48;232;231;232;2455;22;600
02544;2026-05-21;17:19;52.23;0;49;49;231;231;232;2560;23;600
02545;2026-05-21;16:48;52.23;0;47;50;232;232;231;2508;24;600
02546;2026-05-21;16:18;52.23;0;56;52;231;231;231;2559;27;600
02547;2026-05-21;15:47;52.25;0;52;51;232;231;231;2560;29;600
02548;2026-05-21;15:17;52.24;0;51;52;231;231;231;2664;29;600
02549;2026-05-21;14:47;52.25;0;51;51;231;231;232;2612;29;600
02550;2026-05-21;14:16;52.25;0;51;52;232;231;231;2716;29;600
02551;2026-05-21;13:46;52.25;0;52;52;231;231;231;2664;29;600
02552;2026-05-21;13:15;52.21;0;56;56;231;231;231;2768;29;600
02553;2026-05-21;12:45;52.24;0;53;51;231;231;231;2612;29;600
02554;2026-05-21;12:14;52.23;0;52;53;231;231;232;2768;30;600
02555;2026-05-21;11:44;52.24;0;53;52;231;231;231;2872;29;600
02556;2026-05-21;11:13;52.23;0;50;51;231;231;231;2715;29;600
02557;2026-05-21;10:43;52.23;0;52;53;231;231;232;2768;28;600
02558;2026-05-21;10:12;52.25;0;56;54;231;231;231;2664;27;600
02559;2026-05-21;09:42;52.23;0;50;49;231;231;231;2664;27;600
02560;2026-05-21;09:11;52.25;0;49;50;231;231;232;2612;26;600
02561;2026-05-21;08:41;52.24;0;49;50;231;231;231;2560;24;600
02562;2026-05-21;08:10;52.23;0;51;50;232;232;231;2664;23;600
02563;2026-05-21;07:40;52.23;0;48;49;232;231;231;2507;22;600
02564;2026-05-21;07:09;52.23;0;51;53;231;232;231;2715;21;600
02565;2026-05-21;06:39;52.24;0;47;49;231;231;232;2559;21;600
02566;2026-05-21;06:08;52.24;0;46;47;231;231;232;2507;21;600
02567;2026-05-21;05:38;52.24;0;45;45;232;232;232;2350;21;600
02568;2026-05-21;05:07;52.24;0;44;44;231;231;232;2299;22;600
02569;2026-05-21;04:37;52.25;0;44;45;232;232;232;2246;22;600
02570;2026-05-21;04:06;52.25;0;42;43;232;232;232;2246;22;600
02571;2026-05-21;03:36;52.25;0;42;43;231;231;232;2194;22;600
02572;2026-05-21;03:05;52.25;0;42;43;232;231;232;2194;22;600
02573;2026-05-21;02:35;52.26;0;42;43;232;231;232;2194;22;600
02574;2026-05-21;02:04;52.27;0;42;43;231;231;232;2194;22;600
02575;2026-05-21;01:34;52.25;0;42;43;232;232;232;2194;22;600
02576;2026-05-21;01:04;52.25;0;42;44;232;232;231;2194;22;600
02577;2026-05-21;00:33;52.25;0;43;43;232;232;232;2247;22;600
02578;2026-05-21;00:03;52.25;0;43;46;231;231;232;2351;22;600
02579;2026-05-20;23:32;52.24;1;45;46;232;232;231;2350;22;600
02580;2026-05-20;23:02;52.24;1;47;47;231;231;231;2351;22;600
02581;2026-05-20;22:31;52.23;0;52;52;231;231;231;2611;23;599
02582;2026-05-20;22:01;52.24;0;50;51;231;231;232;2559;23;600
02583;2026-05-20;21:30;52.24;0;49;49;231;231;232;2507;23;600
02584;2026-05-20;21:00;52.25;0;49;49;232;231;232;2559;23;600
02585;2026-05-20;20:29;52.23;0;53;53;231;231;231;2611;23;600
02586;2026-05-20;19:59;52.23;0;51;51;231;231;231;2768;23;600
02587;2026-05-20;19:28;52.23;0;50;51;231;232;231;2507;23;600
02588;2026-05-20;18:58;52.24;0;49;51;232;232;232;2560;23;600
02589;2026-05-20;18:27;52.25;0;55;55;231;231;232;2559;23;600
02590;2026-05-20;17:57;52.23;0;51;51;231;231;231;2612;23;600
02591;2026-05-20;17:26;52.24;0;54;53;231;232;232;2560;25;600
02592;2026-05-20;16:56;52.24;0;50;51;231;231;231;2611;27;600
02593;2026-05-20;16:25;52.23;0;51;53;232;231;232;2664;27;600
02594;2026-05-20;15:55;52.25;0;53;53;231;232;231;2768;28;600
02595;2026-05-20;15:24;52.23;0;52;53;231;231;231;2716;29;600
02596;2026-05-20;14:54;52.25;0;55;54;231;231;231;2560;29;600
02597;2026-05-20;14:23;52.25;0;52;53;231;231;231;2612;30;600
02598;2026-05-20;13:53;52.25;0;52;53;231;231;232;2768;30;600
02599;2026-05-20;13:22;52.23;0;53;55;231;232;231;2872;30;600
02600;2026-05-20;12:52;52.24;0;51;51;231;231;231;2717;29;600
02601;2026-05-20;12:21;52.24;0;52;52;231;231;232;2664;29;600
02602;2026-05-20;11:51;52.23;0;53;55;231;231;231;2820;28;600
02603;2026-05-20;11:20;52.25;0;53;55;231;231;232;2820;28;600
02604;2026-05-20;10:50;52.23;0;55;53;231;231;232;2716;28;599
02605;2026-05-20;10:20;52.24;0;51;54;231;231;231;2820;28;599
02606;2026-05-20;09:49;52.23;-1;53;52;231;231;232;2663;27;600
02607;2026-05-20;09:19;52.23;-1;52;52;231;231;231;2611;26;600
02608;2026-05-20;08:48;52.24;0;49;50;231;231;232;2559;24;600
02609;2026-05-20;08:18;52.23;0;50;51;232;231;232;2559;23;600
02610;2026-05-20;07:47;52.23;0;50;50;231;231;232;2559;23;600
02611;2026-05-20;07:17;52.25;1;47;48;231;231;232;2455;22;600
02612;2026-05-20;06:46;52.22;1;50;52;231;231;232;2455;22;599
02613;2026-05-20;06:16;52.23;0;48;48;231;232;231;2455;22;600
02614;2026-05-20;05:45;52.25;0;48;46;232;232;232;2455;22;600
02615;2026-05-20;05:15;52.25;0;42;44;232;232;231;2246;22;600
02616;2026-05-20;04:44;52.25;0;44;44;232;231;232;2246;22;600
02617;2026-05-20;04:14;52.25;0;43;43;231;232;232;2194;22;600
02618;2026-05-20;03:43;52.25;0;42;43;232;231;232;2194;22;600
02619;2026-05-20;03:13;52.26;0;42;43;232;232;232;2194;22;600
02620;2026-05-20;02:42;52.25;0;42;44;231;231;232;2246;22;600
02621;2026-05-20;02:12;52.25;0;42;43;232;231;232;2194;22;600
02622;2026-05-20;01:41;52.24;0;42;43;232;232;232;2246;22;600
02623;2026-05-20;01:11;52.26;0;42;43;232;232;232;2247;22;600
02624;2026-05-20;00:40;52.25;0;42;43;232;232;232;2194;22;600
02625;2026-05-20;00:10;52.24;0;43;43;231;231;232;2194;22;600
02626;2026-05-19;23:39;52.25;-1;48;46;232;231;232;2611;22;600
02627;2026-05-19;23:09;52.24;-1;49;49;232;231;231;2454;22;600
02628;2026-05-19;22:38;52.23;1;50;51;232;232;231;2715;22;600
02629;2026-05-19;22:08;52.23;1;53;54;231;231;232;2559;22;600
02630;2026-05-19;21:37;52.24;0;47;50;231;231;232;2507;22;600
02631;2026-05-19;21:07;52.23;0;49;52;231;231;231;2559;22;600
02632;2026-05-19;20:37;52.24;0;51;53;232;231;231;2663;22;600
02633;2026-05-19;20:06;52.23;0;49;50;232;231;231;2507;22;600
02634;2026-05-19;19:36;52.23;0;48;50;231;231;231;2611;22;600
02635;2026-05-19;19:05;52.23;0;50;51;232;232;232;2664;23;600
02636;2026-05-19;18:35;52.24;0;46;48;232;232;232;2559;22;600
02637;2026-05-19;18:04;52.24;0;51;52;231;231;232;2612;23;600
02638;2026-05-19;17:34;52.25;0;48;49;232;231;231;2508;25;600
02639;2026-05-19;17:03;52.25;1;49;49;232;231;231;2508;26;600
02640;2026-05-19;16:33;52.25;1;51;52;231;231;232;2664;27;600
02641;2026-05-19;16:02;52.24;-1;49;53;232;231;231;2663;28;600
02642;2026-05-19;15:32;52.25;0;52;53;231;231;231;2560;29;600
02643;2026-05-19;15:01;52.25;0;50;51;231;231;232;2612;29;600
02644;2026-05-19;14:31;52.25;0;51;50;231;231;232;2612;30;600
02645;2026-05-19;14:00;52.24;0;51;53;231;231;232;2716;29;600
02646;2026-05-19;13:30;52.24;0;52;54;231;231;231;2924;28;600
02647;2026-05-19;12:59;52.23;0;56;56;232;231;231;2872;28;600
02648;2026-05-19;12:29;52.23;0;52;54;231;231;231;2820;29;600
02649;2026-05-19;11:58;52.22;0;54;57;232;231;231;2768;29;600
02650;2026-05-19;11:28;52.23;0;54;52;231;231;232;2820;28;599
02651;2026-05-19;10:57;52.24;0;53;52;232;231;232;2663;28;600
02652;2026-05-19;10:27;52.25;0;49;52;231;231;231;2663;26;600
02653;2026-05-19;09:56;52.25;0;50;51;231;232;231;2559;26;600
02654;2026-05-19;09:26;52.23;0;52;54;232;231;231;2768;25;600
02655;2026-05-19;08:55;52.23;0;50;51;232;232;231;2663;24;600
02656;2026-05-19;08:25;52.22;0;50;51;231;231;232;2663;22;600
02657;2026-05-19;07:54;52.23;0;52;52;232;231;232;2455;22;600
02658;2026-05-19;07:24;52.24;0;47;47;232;232;232;2403;22;600
02659;2026-05-19;06:53;52.24;0;48;49;231;232;232;2507;21;600
02660;2026-05-19;06:23;52.23;0;47;49;232;232;232;2507;21;600
02661;2026-05-19;05:52;52.25;0;43;45;232;231;231;2247;21;600
02662;2026-05-19;05:22;52.26;0;43;44;231;231;231;2246;21;600
02663;2026-05-19;04:52;52.25;0;44;44;232;231;231;2299;21;600
02664;2026-05-19;04:21;52.25;0;43;46;232;231;232;2247;21;600
02665;2026-05-19;03:51;52.25;0;44;44;232;231;232;2299;21;600
02666;2026-05-19;03:20;52.26;0;42;43;231;232;232;2246;21;600
02667;2026-05-19;02:50;52.25;0;42;44;231;231;232;2194;22;600
02668;2026-05-19;02:19;52.24;0;44;43;231;232;232;2246;22;600
02669;2026-05-19;01:49;52.25;0;42;43;232;231;231;2246;22;600
02670;2026-05-19;01:18;52.25;0;43;44;231;231;232;2246;22;600
02671;2026-05-19;00:48;52.25;0;43;45;231;231;232;2350;22;600
02672;2026-05-19;00:17;52.25;0;44;45;232;231;231;2403;22;600
02673;2026-05-18;23:47;52.25;1;42;43;232;232;232;2299;22;600
02674;2026-05-18;23:16;52.24;1;44;46;232;231;232;2455;21;600
02675;2026-05-18;22:46;52.24;0;49;51;231;232;232;2454;21;600
02676;2026-05-18;22:15;52.25;0;48;49;231;231;232;2559;22;600
02677;2026-05-18;21:45;52.24;0;47;48;231;231;232;2508;22;600
02678;2026-05-18;21:14;52.23;-1;54;51;232;231;231;2559;22;600
02679;2026-05-18;20:44;52.23;-1;49;50;232;231;232;2611;22;600
02680;2026-05-18;20:13;52.22;0;50;52;231;231;232;2612;22;600
02681;2026-05-18;19:43;52.23;0;50;52;232;231;232;2611;22;600
02682;2026-05-18;19:12;52.23;0;49;50;231;231;231;2611;22;600
02683;2026-05-18;18:42;52.23;0;50;52;232;231;232;2611;22;600
02684;2026-05-18;18:11;52.25;0;48;49;232;231;231;2508;23;600
02685;2026-05-18;17:41;52.23;0;48;49;232;231;232;2559;24;600
02686;2026-05-18;17:10;52.23;0;50;52;231;231;231;2664;26;600
02687;2026-05-18;16:40;52.23;-1;52;53;231;231;231;2664;27;600
02688;2026-05-18;16:10;52.24;-1;53;53;231;231;232;2768;28;600
02689;2026-05-18;15:39;52.24;0;52;53;232;231;232;2716;29;600
02690;2026-05-18;15:09;52.25;0;53;54;231;231;231;2768;29;600
02691;2026-05-18;14:38;52.25;0;49;50;232;231;231;2560;30;600
02692;2026-05-18;14:08;52.23;0;56;55;231;231;231;2872;30;600
02693;2026-05-18;13:37;52.25;0;51;52;231;231;232;2715;30;600
02694;2026-05-18;13:07;52.23;0;50;53;231;231;231;2768;29;600
02695;2026-05-18;12:36;52.24;0;52;54;231;231;232;2872;29;600
02696;2026-05-18;12:06;52.23;0;53;56;231;231;231;2768;28;600
02697;2026-05-18;11:35;52.23;0;51;53;231;231;231;2715;28;600
02698;2026-05-18;11:05;52.23;0;51;53;231;231;231;2715;28;600
02699;2026-05-18;10:34;52.23;0;52;55;231;231;231;2715;27;600
02700;2026-05-18;10:04;52.23;0;51;53;231;231;232;2664;27;600
02701;2026-05-18;09:33;52.21;0;54;54;232;231;231;2977;26;600
02702;2026-05-18;09:03;52.24;0;48;49;231;231;231;2508;25;600
02703;2026-05-18;08:32;52.24;1;48;51;231;231;232;2559;23;600
02704;2026-05-18;08:02;52.24;1;47;49;232;231;232;2454;22;600
02705;2026-05-18;07:31;52.22;-1;50;53;232;231;232;2715;21;600
02706;2026-05-18;07:01;52.24;0;49;49;232;232;232;2507;21;600
02707;2026-05-18;06:30;52.24;0;45;47;232;231;232;2455;20;600
02708;2026-05-18;06:00;52.25;0;43;44;232;232;232;2246;20;600
02709;2026-05-18;05:29;52.25;0;42;43;232;232;232;2299;20;600
02710;2026-05-18;04:59;52.26;0;41;42;232;231;231;2246;20;600
02711;2026-05-18;04:28;52.25;0;42;44;231;232;231;2194;21;600
02712;2026-05-18;03:58;52.25;0;42;43;231;232;232;2194;21;600
02713;2026-05-18;03:27;52.25;0;42;42;232;231;232;2194;21;600
02714;2026-05-18;02:57;52.25;0;45;46;232;231;232;2246;21;600
02715;2026-05-18;02:26;52.25;0;41;45;231;232;231;2194;21;600
02716;2026-05-18;01:56;52.25;0;41;43;231;232;232;2194;21;600
02717;2026-05-18;01:26;52.25;0;42;44;232;231;232;2246;21;600
02718;2026-05-18;00:55;52.25;0;43;43;232;231;231;2194;21;600
02719;2026-05-18;00:25;52.24;0;45;44;231;231;232;2246;21;600
02720;2026-05-17;23:54;52.25;0;42;45;231;231;232;2299;21;600
02721;2026-05-17;23:24;52.24;0;43;46;231;232;231;2299;22;600
02722;2026-05-17;22:53;52.24;0;45;47;232;231;231;2403;22;600
02723;2026-05-17;22:23;52.24;0;49;50;231;231;232;2507;22;600
02724;2026-05-17;21:52;52.24;0;48;50;231;231;231;2508;22;600
02725;2026-05-17;21:22;52.21;0;51;54;231;231;232;2611;22;600
02726;2026-05-17;20:51;52.25;0;49;49;232;231;232;2507;22;600
02727;2026-05-17;20:21;52.23;0;50;53;231;231;232;2664;22;600
02728;2026-05-17;19:50;52.21;0;49;51;231;232;232;2611;23;600
02729;2026-05-17;19:20;52.24;0;48;50;231;231;231;2559;23;600
02730;2026-05-17;18:49;52.24;0;52;52;232;231;231;2611;23;600
02731;2026-05-17;18:19;52.23;0;54;53;232;231;231;2820;23;600
02732;2026-05-17;17:48;52.24;0;47;49;231;232;232;2507;24;600
02733;2026-05-17;17:18;52.25;0;48;48;231;232;232;2560;26;600
02734;2026-05-17;16:47;52.25;0;48;48;231;231;232;2560;26;600
02735;2026-05-17;16:17;52.23;0;51;53;231;231;231;2611;27;600
02736;2026-05-17;15:46;52.25;0;49;50;231;231;231;2560;29;600
02737;2026-05-17;15:16;52.24;0;49;51;231;231;231;2560;30;600
02738;2026-05-17;14:45;52.25;0;49;51;231;231;231;2508;29;600
02739;2026-05-17;14:15;52.24;0;49;51;230;231;232;2664;29;600
02740;2026-05-17;13:44;52.23;0;51;53;231;231;231;2769;28;600
02741;2026-05-17;13:14;52.24;0;50;50;231;231;231;2664;29;600
02742;2026-05-17;12:43;52.25;0;48;50;232;231;231;2559;27;600
02743;2026-05-17;12:13;52.24;0;51;52;231;231;232;2768;26;600
02744;2026-05-17;11:42;52.24;0;50;49;231;232;231;2455;26;600
02745;2026-05-17;11:12;52.24;0;50;52;231;231;232;2715;26;600
02746;2026-05-17;10:42;52.25;0;49;50;232;232;232;2507;25;600
02747;2026-05-17;10:11;52.24;0;48;49;232;231;232;2507;24;600
02748;2026-05-17;09:41;52.23;0;48;48;231;231;232;2715;23;600
02749;2026-05-17;09:10;52.22;0;48;49;231;231;231;2559;22;600
02750;2026-05-17;08:40;52.23;0;49;48;232;232;231;2455;22;600
02751;2026-05-17;08:09;52.23;0;50;49;231;232;232;2507;22;600
02752;2026-05-17;07:39;52.23;0;50;52;232;231;232;2455;22;600
02753;2026-05-17;07:08;52.23;0;52;53;232;231;232;2663;22;600
02754;2026-05-17;06:38;52.23;0;49;47;231;232;232;2507;21;600
02755;2026-05-17;06:07;52.25;0;44;44;231;231;232;2298;21;600
02756;2026-05-17;05:37;52.26;0;44;45;232;232;232;2246;21;600
02757;2026-05-17;05:06;52.25;0;42;44;232;231;232;2194;21;600
02758;2026-05-17;04:36;52.25;0;42;44;231;232;232;2194;21;600
02759;2026-05-17;04:05;52.26;0;42;43;232;231;232;2194;21;600
02760;2026-05-17;03:35;52.26;0;42;42;231;231;232;2194;21;600
02761;2026-05-17;03:04;52.25;0;42;43;232;231;232;2194;21;600
02762;2026-05-17;02:34;52.26;0;42;42;232;232;232;2142;21;600
02763;2026-05-17;02:03;52.26;0;42;43;232;232;232;2194;21;600
02764;2026-05-17;01:33;52.25;0;41;44;232;231;232;2246;21;600
02765;2026-05-17;01:02;52.25;0;42;43;231;232;232;2246;21;600
02766;2026-05-17;00:32;52.25;0;42;44;232;232;232;2194;21;600
02767;2026-05-17;00:01;52.25;-1;43;44;231;231;232;2246;21;600
02768;2026-05-16;23:31;52.25;-1;45;45;232;232;232;2246;21;600
02769;2026-05-16;23:00;52.24;0;47;48;231;231;232;2455;22;600
02770;2026-05-16;22:30;52.24;0;48;48;232;231;232;2454;22;600
02771;2026-05-16;21:59;52.23;0;49;49;231;231;232;2768;22;600
02772;2026-05-16;21:29;52.25;0;47;48;232;232;232;2507;22;600
02773;2026-05-16;20:58;52.23;0;52;51;232;231;232;2611;22;600
02774;2026-05-16;20:28;52.24;0;51;55;232;232;232;2819;22;600
02775;2026-05-16;19:58;52.22;0;50;52;231;231;232;2611;22;600
02776;2026-05-16;19:27;52.23;0;52;51;231;231;232;2559;22;600
02777;2026-05-16;18:57;52.23;0;50;52;231;232;232;2611;23;600
02778;2026-05-16;18:26;52.23;0;52;55;232;231;232;2715;23;600
02779;2026-05-16;17:56;52.24;0;50;49;231;231;232;2508;24;600
02780;2026-05-16;17:25;52.24;-1;50;51;231;231;231;2507;26;600
02781;2026-05-16;16:55;52.23;-1;52;52;231;231;231;2663;27;600
02782;2026-05-16;16:24;52.25;0;50;52;231;231;231;2612;27;600
02783;2026-05-16;15:54;52.23;0;56;56;231;231;231;2820;29;600
02784;2026-05-16;15:23;52.23;0;52;55;231;231;231;2664;30;600
02785;2026-05-16;14:53;52.24;1;52;53;231;231;231;2664;30;600
02786;2026-05-16;14:22;52.23;1;53;53;232;231;232;2768;30;600
02787;2026-05-16;13:52;52.24;0;51;53;231;231;231;2612;29;600
02788;2026-05-16;13:21;52.23;0;58;59;232;231;232;2975;29;599
02789;2026-05-16;12:51;52.22;0;54;54;231;231;232;2820;28;600
02790;2026-05-16;12:20;52.23;0;55;55;231;231;232;2768;28;600
02791;2026-05-16;11:50;52.22;0;50;51;232;231;232;2716;28;600
02792;2026-05-16;11:19;52.24;0;50;52;232;231;232;2560;27;600
02793;2026-05-16;10:49;52.24;0;51;52;231;232;232;2612;27;600
02794;2026-05-16;10:18;52.23;0;51;53;231;232;232;2663;27;600
02795;2026-05-16;09:48;52.23;0;49;51;231;231;232;2559;26;600
02796;2026-05-16;09:17;52.23;0;48;49;231;232;232;2559;25;600
02797;2026-05-16;08:47;52.23;0;53;53;232;231;232;2610;24;600
02798;2026-05-16;08:16;52.22;0;48;49;231;232;232;2507;23;600
02799;2026-05-16;07:46;52.22;0;52;51;232;231;232;2611;23;600
02800;2026-05-16;07:16;52.23;0;52;54;232;231;232;2715;23;600
02801;2026-05-16;06:45;52.23;0;46;48;232;232;231;2402;22;600
02802;2026-05-16;06:15;52.23;0;46;48;232;232;232;2715;22;600
02803;2026-05-16;05:44;52.24;0;45;48;232;232;232;2455;22;600
02804;2026-05-16;05:14;52.25;0;45;45;231;231;232;2298;22;600
02805;2026-05-16;04:43;52.25;0;43;45;232;232;232;2351;22;600
02806;2026-05-16;04:13;52.25;0;41;43;231;231;232;2194;22;600
02807;2026-05-16;03:42;52.25;0;42;43;232;232;232;2194;22;600
02808;2026-05-16;03:12;52.26;0;43;43;232;231;232;2194;22;600
02809;2026-05-16;02:41;52.25;0;41;43;231;232;232;2142;22;600
02810;2026-05-16;02:11;52.25;0;42;43;232;232;232;2194;22;600
02811;2026-05-16;01:40;52.25;0;43;44;232;231;232;2246;22;600
02812;2026-05-16;01:10;52.26;0;42;44;232;232;232;2246;22;600
02813;2026-05-16;00:39;52.25;0;44;44;232;231;232;2246;22;600
02814;2026-05-16;00:09;52.25;0;44;45;231;231;232;2299;23;600
02815;2026-05-15;23:38;52.25;0;46;47;231;232;232;2402;23;600
02816;2026-05-15;23:08;52.23;0;46;48;232;232;231;2559;23;600
02817;2026-05-15;22:37;52.23;0;49;53;232;232;232;2559;23;600
02818;2026-05-15;22:07;52.23;0;50;52;232;231;232;2612;23;600
02819;2026-05-15;21:36;52.24;0;51;50;231;231;232;2611;23;600
02820;2026-05-15;21:06;52.24;0;49;49;232;231;232;2455;23;600
02821;2026-05-15;20:35;52.23;0;48;51;232;232;232;2455;23;600
02822;2026-05-15;20:05;52.23;0;52;53;231;232;232;2663;23;600
02823;2026-05-15;19:34;52.24;0;49;48;231;232;232;2507;23;600
02824;2026-05-15;19:04;52.21;0;50;51;231;232;232;2768;23;599
02825;2026-05-15;18:34;52.24;0;49;49;232;232;231;2507;23;600
02826;2026-05-15;18:03;52.24;0;52;53;231;231;232;2507;23;600
02827;2026-05-15;17:33;52.25;1;46;46;231;231;231;2403;24;600
02828;2026-05-15;17:02;52.24;1;50;51;232;232;232;2716;26;600
02829;2026-05-15;16:32;52.23;0;50;53;231;231;232;2558;27;600
02830;2026-05-15;16:01;52.22;0;49;50;231;232;232;2560;27;600
02831;2026-05-15;15:31;52.23;0;53;54;231;231;231;2872;28;600
02832;2026-05-15;15:00;52.24;0;53;52;231;231;232;2768;29;600
02833;2026-05-15;14:30;52.23;0;51;52;231;231;232;2612;28;600
02834;2026-05-15;13:59;52.25;0;51;52;231;232;232;2768;28;600
02835;2026-05-15;13:29;52.23;0;52;54;231;231;232;2820;29;600
02836;2026-05-15;12:58;52.22;0;50;50;231;232;231;2768;27;600
02837;2026-05-15;12:28;52.23;0;53;54;231;231;231;2663;26;600
02838;2026-05-15;11:57;52.22;0;53;53;231;231;232;2663;26;600
02839;2026-05-15;11:27;52.23;0;54;53;231;231;232;2819;25;600
02840;2026-05-15;10:56;52.22;0;52;53;231;232;232;2872;25;600
02841;2026-05-15;10:26;52.23;0;50;51;232;232;232;2612;24;600
02842;2026-05-15;09:55;52.22;0;49;52;231;231;231;2715;23;600
02843;2026-05-15;09:25;52.23;0;49;49;231;232;232;2507;23;600
02844;2026-05-15;08:54;52.23;0;51;51;232;231;232;2611;23;600
02845;2026-05-15;08:24;52.23;0;55;52;232;231;232;2507;22;600
02846;2026-05-15;07:53;52.24;0;50;49;231;231;232;2507;22;600
02847;2026-05-15;07:23;52.23;0;49;49;232;231;232;2507;22;600
02848;2026-05-15;06:52;52.23;0;48;48;232;232;232;2454;22;600
02849;2026-05-15;06:22;52.24;0;50;50;231;232;232;2507;22;600
02850;2026-05-15;05:51;52.24;0;45;47;231;231;232;2455;22;600
02851;2026-05-15;05:21;52.25;0;44;45;232;231;232;2299;22;600
02852;2026-05-15;04:51;52.25;0;45;47;232;231;231;2299;22;600
02853;2026-05-15;04:20;52.25;0;43;44;232;231;231;2194;22;600
02854;2026-05-15;03:50;52.25;0;43;44;231;231;232;2246;22;600
02855;2026-05-15;03:19;52.25;0;42;43;232;232;232;2194;22;600
02856;2026-05-15;02:49;52.25;0;45;46;231;232;232;2455;22;600
02857;2026-05-15;02:18;52.26;0;41;43;232;231;231;2194;22;600
02858;2026-05-15;01:48;52.24;0;43;44;232;231;232;2246;22;600
02859;2026-05-15;01:17;52.25;0;43;44;232;231;232;2246;22;600
02860;2026-05-15;00:47;52.25;0;42;43;232;232;232;2194;22;600
02861;2026-05-15;00:16;52.25;0;44;45;232;231;232;2299;22;600
02862;2026-05-14;23:46;52.26;0;45;45;231;231;232;2299;22;600
02863;2026-05-14;23:15;52.26;0;47;47;231;231;232;2403;22;600
02864;2026-05-14;22:45;52.25;0;48;46;232;231;231;2508;22;600
02865;2026-05-14;22:14;52.25;0;48;49;232;231;231;2455;22;600
02866;2026-05-14;21:44;52.25;0;47;48;232;232;232;2560;22;600
02867;2026-05-14;21:13;52.24;1;50;48;231;232;232;2455;23;600
02868;2026-05-14;20:43;52.23;1;52;57;232;231;232;2612;23;600
02869;2026-05-14;20:12;52.25;0;50;51;232;232;232;2612;23;600
02870;2026-05-14;19:42;52.23;0;51;51;232;232;231;2664;23;600
02871;2026-05-14;19:11;52.23;0;49;50;231;231;231;2663;23;600
02872;2026-05-14;18:41;52.23;0;48;50;231;232;232;2559;23;600
02873;2026-05-14;18:10;52.25;0;51;50;231;231;232;2768;23;600
02874;2026-05-14;17:40;52.25;0;50;49;231;232;232;2768;23;600
02875;2026-05-14;17:10;52.23;8;52;52;231;231;232;2612;24;600
02876;2026-05-14;16:39;52.25;8;49;57;231;232;232;2664;24;600
02877;2026-05-14;16:09;49.62;-53;52;49;232;231;232;2480;24;591
02878;2026-05-14;15:58;52.25;0;48;49;232;231;232;2768;24;600
02879;2026-05-14;15:28;52.23;0;49;50;232;231;231;2663;24;600
02880;2026-05-14;14:57;52.24;0;47;49;231;231;232;2560;24;600
02881;2026-05-14;14:27;52.24;0;50;50;232;231;231;2612;25;600
02882;2026-05-14;13:56;52.23;0;51;51;231;231;231;2611;26;600
02883;2026-05-14;13:26;52.24;0;50;52;231;231;232;2559;27;600
02884;2026-05-14;12:56;52.23;0;51;51;231;232;231;2664;29;600
02885;2026-05-14;12:25;52.24;0;54;54;231;231;231;2924;28;600
02886;2026-05-14;11:55;52.23;0;52;51;231;231;231;2768;26;600
02887;2026-05-14;11:24;52.23;0;52;54;231;231;231;2768;25;600
02888;2026-05-14;10:54;52.24;0;48;49;231;231;232;2455;25;600
02889;2026-05-14;10:23;52.24;0;47;49;232;231;231;2611;25;600
02890;2026-05-14;09:53;52.24;1;47;48;232;231;231;2507;24;600
02891;2026-05-14;09:22;52.23;1;48;49;231;231;231;2508;24;600
02892;2026-05-14;08:52;52.21;1;50;50;231;231;232;2559;23;599
02893;2026-05-14;08:21;52.23;0;56;53;231;231;232;2507;23;599
02894;2026-05-14;07:51;52.24;0;51;48;231;231;232;2507;23;600
02895;2026-05-14;07:20;52.23;0;52;52;231;231;232;2663;22;599
02896;2026-05-14;06:50;52.23;0;49;50;231;231;232;2455;22;600
02897;2026-05-14;06:19;52.21;0;50;51;231;231;231;2559;22;600
02898;2026-05-14;05:49;52.25;1;44;45;232;232;232;2246;22;600
02899;2026-05-14;05:18;52.25;1;45;46;232;232;232;2299;22;600
02900;2026-05-14;04:48;52.25;-2;43;45;232;232;232;2351;22;600
02901;2026-05-14;04:17;52.24;0;46;48;232;231;231;2246;22;600
02902;2026-05-14;03:47;52.25;0;42;44;232;231;231;2194;22;600
02903;2026-05-14;03:16;52.25;0;42;42;231;232;232;2194;22;600
02904;2026-05-14;02:46;52.25;0;42;43;231;232;232;2194;22;600
02905;2026-05-14;02:15;52.26;0;42;44;231;231;232;2194;22;600
02906;2026-05-14;01:45;52.25;0;42;43;232;232;232;2194;22;600
02907;2026-05-14;01:14;52.25;0;44;45;232;231;232;2299;22;600
02908;2026-05-14;00:44;52.26;0;44;45;231;231;232;2246;22;600
02909;2026-05-14;00:13;52.25;0;45;46;232;231;232;2403;22;600
02910;2026-05-13;23:43;52.25;0;45;46;231;231;232;2299;22;600
02911;2026-05-13;23:13;52.25;0;45;47;232;231;232;2351;22;600
02912;2026-05-13;22:42;52.24;0;46;49;231;231;232;2351;22;600
02913;2026-05-13;22:12;52.24;0;51;52;231;231;232;2715;22;600
02914;2026-05-13;21:41;52.25;0;48;48;231;231;232;2455;23;600
02915;2026-05-13;21:11;52.23;0;52;53;231;231;231;2716;23;600
02916;2026-05-13;20:40;52.23;0;51;51;231;231;232;2559;23;600
02917;2026-05-13;20:10;52.23;0;53;54;231;231;231;2715;23;600
02918;2026-05-13;19:39;52.25;0;50;52;232;231;231;2717;24;600
02919;2026-05-13;19:09;52.24;0;50;51;231;231;232;2560;24;600
02920;2026-05-13;18:38;52.24;0;49;51;232;232;231;2612;24;600
02921;2026-05-13;18:08;52.24;0;50;51;232;231;231;2612;24;600
02922;2026-05-13;17:37;52.25;0;47;50;231;231;232;2455;25;600
02923;2026-05-13;17:07;52.24;0;53;55;231;231;232;2820;28;600
02924;2026-05-13;16:36;52.23;0;55;52;231;231;231;2977;28;600
02925;2026-05-13;16:06;52.24;0;53;53;231;231;231;2664;28;600
02926;2026-05-13;15:35;52.24;0;55;57;231;232;232;2873;30;600
02927;2026-05-13;15:05;52.25;-1;52;52;231;231;231;2924;30;599
02928;2026-05-13;14:34;52.25;-1;52;54;231;231;231;2664;30;600
02929;2026-05-13;14:04;52.24;1;52;53;231;231;231;2716;30;600
02930;2026-05-13;13:33;52.24;1;51;52;231;231;232;2612;30;600
02931;2026-05-13;13:03;52.23;0;55;53;231;231;231;2663;29;600
02932;2026-05-13;12:32;52.23;0;53;52;231;231;232;2820;29;600
02933;2026-05-13;12:02;52.23;0;55;57;231;231;231;2819;29;600
02934;2026-05-13;11:31;52.23;-1;55;55;231;231;231;2872;29;600
02935;2026-05-13;11:01;52.23;-1;52;54;231;231;232;2820;29;600
02936;2026-05-13;10:30;52.24;0;54;55;231;231;231;2873;29;600
02937;2026-05-13;10:00;52.23;0;53;56;231;231;231;2820;29;600
02938;2026-05-13;09:29;52.23;0;52;52;231;231;232;2716;28;600
02939;2026-05-13;08:59;52.25;0;50;51;232;231;231;2663;26;600
02940;2026-05-13;08:29;52.23;0;49;51;231;231;232;2507;23;600
02941;2026-05-13;07:58;52.23;0;49;51;232;231;231;2611;23;600
02942;2026-05-13;07:28;52.23;0;47;48;232;231;232;2507;22;600
02943;2026-05-13;06:57;52.23;1;51;52;231;232;232;2611;22;600
02944;2026-05-13;06:27;52.23;1;48;50;231;232;232;2611;22;600
02945;2026-05-13;05:56;52.25;0;44;45;231;232;232;2299;22;600
02946;2026-05-13;05:26;52.25;0;45;45;232;231;232;2299;22;600
02947;2026-05-13;04:55;52.25;0;43;44;231;232;232;2194;22;600
02948;2026-05-13;04:25;52.25;0;42;44;232;231;232;2194;22;600
02949;2026-05-13;03:54;52.25;0;44;45;232;231;232;2246;22;600
02950;2026-05-13;03:24;52.25;0;42;43;232;232;231;2195;22;600
02951;2026-05-13;02:53;52.25;0;43;44;232;231;232;2246;22;600
02952;2026-05-13;02:23;52.25;0;47;46;232;231;232;2351;22;600
02953;2026-05-13;01:52;52.25;0;43;44;231;232;232;2299;22;600
02954;2026-05-13;01:22;52.25;0;43;44;232;231;232;2194;22;600
02955;2026-05-13;00:51;52.26;0;44;45;231;232;232;2351;22;600
02956;2026-05-13;00:21;52.26;-1;46;46;231;232;232;2247;22;600
02957;2026-05-12;23:50;52.25;-1;42;45;231;232;232;2194;22;600
02958;2026-05-12;23:20;52.25;0;46;47;232;231;232;2299;22;600
02959;2026-05-12;22:49;52.25;0;46;47;232;232;232;2403;22;600
02960;2026-05-12;22:19;52.25;0;53;51;231;231;232;2664;22;600
02961;2026-05-12;21:48;52.23;0;47;49;231;231;232;2403;22;600
02962;2026-05-12;21:18;52.25;0;50;49;231;231;231;2508;23;600
02963;2026-05-12;20:47;52.25;0;51;52;232;231;231;2508;23;600
02964;2026-05-12;20:17;52.23;0;51;52;231;231;232;2768;22;600
02965;2026-05-12;19:46;52.23;0;54;56;231;231;232;2872;22;599
02966;2026-05-12;19:16;52.23;0;52;54;232;231;232;2820;22;600
02967;2026-05-12;18:46;52.23;0;49;52;232;231;231;2717;22;600
02968;2026-05-12;18:15;52.26;0;49;50;232;232;231;2612;23;599
02969;2026-05-12;17:45;52.26;0;49;50;231;231;232;2612;23;600
02970;2026-05-12;17:14;52.25;0;50;53;232;231;232;2612;24;600
02971;2026-05-12;16:44;52.25;0;53;53;231;231;231;2664;25;600
02972;2026-05-12;16:13;52.26;0;52;53;231;231;231;2612;27;600
02973;2026-05-12;15:43;52.26;0;51;55;231;231;232;2664;29;599
02974;2026-05-12;15:12;52.25;0;52;52;232;231;232;2663;29;600
02975;2026-05-12;14:42;52.23;0;50;51;231;231;231;2717;29;600
02976;2026-05-12;14:11;52.26;0;53;53;231;231;231;2664;30;600
02977;2026-05-12;13:41;52.25;0;54;54;231;231;231;2820;30;600
02978;2026-05-12;13:10;52.24;0;51;51;231;231;231;2715;29;600
02979;2026-05-12;12:40;52.24;0;53;54;231;231;231;2716;29;600
02980;2026-05-12;12:09;52.21;0;53;56;231;232;231;2873;28;600
02981;2026-05-12;11:39;52.23;0;54;54;231;231;231;2925;28;600
02982;2026-05-12;11:08;52.23;0;51;52;231;231;232;2664;27;600
02983;2026-05-12;10:38;52.22;0;59;59;232;231;231;2664;28;600
02984;2026-05-12;10:07;52.24;0;52;51;231;231;231;2716;26;600
02985;2026-05-12;09:37;52.22;0;51;51;232;231;231;2663;25;600
02986;2026-05-12;09:06;52.25;0;50;49;232;231;232;2663;24;600
02987;2026-05-12;08:36;52.23;0;50;53;231;231;231;2507;23;600
02988;2026-05-12;08:05;52.23;0;50;50;231;231;232;2507;22;600
02989;2026-05-12;07:35;52.24;0;49;51;232;231;231;2558;21;600
02990;2026-05-12;07:04;52.23;0;51;51;232;231;231;2559;21;600
02991;2026-05-12;06:34;52.24;0;49;49;231;232;231;2507;21;600
02992;2026-05-12;06:03;52.24;0;45;48;232;232;232;2351;21;600
02993;2026-05-12;05:33;52.25;0;43;45;231;232;232;2246;21;600
02994;2026-05-12;05:02;52.25;0;42;43;231;232;232;2194;21;600
02995;2026-05-12;04:32;52.27;0;41;43;231;231;232;2194;21;600
02996;2026-05-12;04:02;52.27;0;41;42;231;232;232;2246;21;600
02997;2026-05-12;03:31;52.26;0;41;43;231;231;232;2143;21;600
02998;2026-05-12;03:01;52.26;0;42;42;232;232;232;2142;22;600
02999;2026-05-12;02:30;52.25;0;41;42;232;231;232;2142;22;600
03000;2026-05-12;02:00;52.25;0;42;43;231;231;232;2351;22;600
03001;2026-05-12;01:29;52.25;0;44;46;232;231;232;2299;22;600
03002;2026-05-12;00:59;52.26;0;42;43;232;232;232;2194;22;600
03003;2026-05-12;00:28;52.27;0;43;44;231;231;232;2195;22;600
03004;2026-05-11;23:58;52.25;0;45;45;232;231;231;2351;22;600
03005;2026-05-11;23:27;52.25;0;46;48;232;231;232;2508;22;600
03006;2026-05-11;22:57;52.25;0;46;49;231;231;231;2560;22;600
03007;2026-05-11;22:26;52.25;0;47;49;232;231;232;2560;21;600
03008;2026-05-11;21:56;52.26;0;47;47;232;231;232;2455;22;600
03009;2026-05-11;21:25;52.25;0;47;51;232;231;232;2508;22;600
03010;2026-05-11;20:55;52.25;0;53;49;231;231;232;2403;22;600
03011;2026-05-11;20:24;52.25;0;49;49;231;232;232;2560;23;600
03012;2026-05-11;19:54;52.25;0;51;50;231;232;231;2717;23;600
03013;2026-05-11;19:23;52.25;0;51;52;231;232;231;2715;23;600
03014;2026-05-11;18:53;52.24;0;52;52;232;232;232;2612;23;600
03015;2026-05-11;18:22;52.25;0;49;52;232;231;231;2612;23;600
03016;2026-05-11;17:52;52.25;0;48;52;232;231;231;2560;24;600
03017;2026-05-11;17:21;52.26;0;50;51;231;231;232;2664;26;600
03018;2026-05-11;16:51;52.25;0;52;52;231;231;232;2664;27;600
03019;2026-05-11;16:20;52.25;0;51;53;232;231;232;2768;27;600
03020;2026-05-11;15:50;52.24;0;51;53;231;231;232;2717;28;600
03021;2026-05-11;15:20;52.25;0;51;53;231;231;231;2664;29;600
03022;2026-05-11;14:49;52.25;0;51;52;231;231;232;2664;29;600
03023;2026-05-11;14:19;52.25;0;51;56;231;231;231;2717;29;600
03024;2026-05-11;13:48;52.25;0;50;51;231;231;231;2612;29;600
03025;2026-05-11;13:18;52.24;0;54;54;231;231;231;2664;29;600
03026;2026-05-11;12:47;52.25;0;54;53;231;231;231;2612;29;600
03027;2026-05-11;12:17;52.25;0;52;56;231;231;232;2716;29;600
03028;2026-05-11;11:46;52.25;0;53;53;231;231;231;2768;28;600
03029;2026-05-11;11:16;52.25;0;50;51;231;231;231;2717;28;600
03030;2026-05-11;10:45;52.25;8;51;52;231;231;232;2613;28;600
03031;2026-05-11;10:15;52.25;8;52;61;230;231;231;2769;27;594
03032;2026-05-11;09:44;52.18;57;54;108;231;231;231;2715;26;569
03033;2026-05-11;09:14;52.24;57;49;109;231;231;231;2715;26;541
03034;2026-05-11;08:43;52.25;57;50;108;231;231;231;2613;25;513
03035;2026-05-11;08:13;49.36;-53;51;0;0;0;0;2517;23;504
03036;2026-05-11;08:03;49.37;-52;52;0;0;0;0;2518;22;513
03037;2026-05-11;07:52;49.40;-51;54;0;0;0;0;2567;22;521
03038;2026-05-11;07:42;49.39;-54;50;0;0;0;0;2469;22;530
03039;2026-05-11;07:32;49.40;-52;50;0;0;0;0;2568;21;539
03040;2026-05-11;07:22;49.35;-50;49;0;0;0;0;2420;21;547
03041;2026-05-11;07:12;49.40;-50;49;0;0;0;0;2370;21;556
03042;2026-05-11;07:02;49.39;-49;50;0;0;0;0;2518;21;564
03043;2026-05-11;06:52;49.36;-50;48;0;0;0;0;2419;20;573
03044;2026-05-11;06:41;49.33;-50;49;0;0;0;0;2467;20;581
03045;2026-05-11;06:31;49.50;-48;47;0;0;0;0;2375;20;590
03046;2026-05-11;06:21;50.92;-51;48;47;231;231;232;2491;20;598
03047;2026-05-11;05:53;52.25;0;45;47;231;231;232;2246;21;600
03048;2026-05-11;05:22;52.25;0;43;43;232;231;231;2299;21;600
03049;2026-05-11;04:52;52.24;0;43;44;232;232;232;2194;21;600
03050;2026-05-11;04:21;52.25;0;41;43;232;231;232;2194;21;600
03051;2026-05-11;03:51;52.26;0;41;42;231;232;232;2142;21;600
03052;2026-05-11;03:20;52.26;0;41;42;231;232;232;2142;21;600
03053;2026-05-11;02:50;52.25;-1;41;42;231;232;232;2142;21;600
03054;2026-05-11;02:19;52.26;-1;41;42;232;231;232;2142;21;600
03055;2026-05-11;01:49;52.25;0;42;43;232;232;232;2194;21;600
03056;2026-05-11;01:18;52.26;0;42;43;231;231;232;2194;21;600
03057;2026-05-11;00:48;52.25;0;42;42;232;231;232;2194;21;600
03058;2026-05-11;00:17;52.24;0;44;45;231;231;231;2351;21;600
03059;2026-05-10;23:47;52.25;0;44;45;231;231;231;2298;21;600
03060;2026-05-10;23:16;52.25;0;46;46;231;232;232;2403;21;600
03061;2026-05-10;22:46;52.25;1;45;46;232;232;232;2299;21;600
03062;2026-05-10;22:15;52.23;1;48;48;231;231;232;2350;21;600
03063;2026-05-10;21:45;52.24;0;50;52;232;231;232;2455;22;600
03064;2026-05-10;21:14;52.23;0;46;50;232;232;231;2559;22;600
03065;2026-05-10;20:44;52.23;0;51;53;232;231;232;2871;22;600
03066;2026-05-10;20:13;52.22;-1;51;51;231;231;231;2872;22;600
03067;2026-05-10;19:43;52.23;-1;49;52;232;231;232;2612;22;600
03068;2026-05-10;19:12;52.23;1;50;53;231;231;231;2714;22;600
03069;2026-05-10;18:42;52.23;1;52;52;231;232;232;2611;22;599
03070;2026-05-10;18:12;52.24;0;50;50;231;231;232;2507;22;600
03071;2026-05-10;17:41;52.24;0;48;49;232;232;232;2455;23;600
03072;2026-05-10;17:11;52.23;0;49;50;232;232;231;2507;23;600
03073;2026-05-10;16:40;52.24;0;49;50;231;232;232;2559;23;600
03074;2026-05-10;16:10;52.24;0;50;53;231;232;231;2507;24;599
03075;2026-05-10;15:39;52.23;0;49;50;231;231;232;2611;24;600
03076;2026-05-10;15:09;52.24;0;50;50;231;231;232;2507;24;599
03077;2026-05-10;14:38;52.24;0;48;49;232;231;232;2559;25;600
03078;2026-05-10;14:08;52.24;0;48;49;232;231;231;2717;25;600
03079;2026-05-10;13:37;52.25;0;50;50;231;231;231;2507;26;600
03080;2026-05-10;13:07;52.22;0;50;52;231;231;232;2559;25;600
03081;2026-05-10;12:36;52.25;0;48;48;231;231;231;2558;25;600
03082;2026-05-10;12:06;52.23;0;50;51;231;232;232;2663;25;600
03083;2026-05-10;11:35;52.23;0;51;53;231;231;231;2611;24;600
03084;2026-05-10;11:05;52.22;0;49;50;231;231;231;2507;24;600
03085;2026-05-10;10:34;52.25;0;48;48;231;232;231;2559;23;600
03086;2026-05-10;10:04;52.23;0;50;51;231;232;231;2611;22;600
03087;2026-05-10;09:33;52.23;0;48;52;232;231;232;2611;22;600
03088;2026-05-10;09:03;52.22;0;51;53;231;231;232;2715;22;600
03089;2026-05-10;08:32;52.24;0;47;46;231;231;232;2454;22;600
03090;2026-05-10;08:02;52.23;0;50;50;231;231;232;2611;22;600
03091;2026-05-10;07:31;52.24;0;47;48;232;231;232;2559;22;600
03092;2026-05-10;07:01;52.24;0;46;47;231;232;232;2455;21;600
03093;2026-05-10;06:30;52.23;0;46;47;232;232;231;2402;21;600
03094;2026-05-10;06:00;52.24;0;43;45;232;232;232;2246;21;600
03095;2026-05-10;05:29;52.24;0;43;44;231;232;231;2246;21;600
03096;2026-05-10;04:59;52.25;0;42;43;231;232;232;2246;21;600
03097;2026-05-10;04:29;52.25;0;42;42;232;231;232;2142;21;600
03098;2026-05-10;03:58;52.26;0;42;43;232;232;232;2194;21;600
03099;2026-05-10;03:28;52.25;0;43;44;232;231;232;2194;21;600
03100;2026-05-10;02:57;52.25;0;43;44;232;231;232;2246;21;600
03101;2026-05-10;02:27;52.25;0;44;44;232;231;232;2351;21;600
03102;2026-05-10;01:56;52.27;0;42;43;232;232;232;2247;21;600
03103;2026-05-10;01:26;52.26;0;42;45;232;231;232;2246;22;600
03104;2026-05-10;00:55;52.25;0;44;45;232;231;232;2247;22;600
03105;2026-05-10;00:25;52.27;0;46;46;232;232;232;2247;22;600
03106;2026-05-09;23:54;52.26;-1;45;44;231;231;232;2299;22;600
03107;2026-05-09;23:24;52.26;-1;45;47;231;231;232;2456;22;600
03108;2026-05-09;22:53;52.27;0;45;45;232;231;232;2299;22;600
03109;2026-05-09;22:23;52.25;0;49;49;231;231;232;2508;22;600
03110;2026-05-09;21:52;52.23;0;50;49;232;231;231;2612;22;600
03111;2026-05-09;21:22;52.25;0;48;49;231;232;232;2612;23;600
03112;2026-05-09;20:51;52.23;0;49;52;231;231;232;2664;23;600
03113;2026-05-09;20:21;52.23;0;47;51;231;231;231;2717;23;600
03114;2026-05-09;19:50;52.26;1;47;49;231;231;232;2508;23;600
03115;2026-05-09;19:20;52.23;1;51;53;231;231;232;2612;23;600
03116;2026-05-09;18:49;52.25;0;49;50;231;231;232;2716;23;600
03117;2026-05-09;18:19;52.25;0;53;52;231;231;232;2820;23;600
03118;2026-05-09;17:48;52.23;0;50;51;231;231;231;2612;24;600
03119;2026-05-09;17:18;52.25;0;49;50;231;231;231;2560;24;600
03120;2026-05-09;16:47;52.25;0;49;49;232;231;232;2559;24;600
03121;2026-05-09;16:17;52.25;0;48;50;231;231;231;2560;25;600
03122;2026-05-09;15:46;52.24;0;51;52;231;231;231;2560;26;600
03123;2026-05-09;15:16;52.25;0;50;52;232;231;230;2716;27;600
03124;2026-05-09;14:45;52.25;0;51;53;231;231;232;2717;29;600
03125;2026-05-09;14:15;52.25;0;52;51;231;231;231;2559;29;600
03126;2026-05-09;13:45;52.24;0;55;55;231;231;232;2873;30;600
03127;2026-05-09;13:14;52.25;0;52;53;231;231;231;2769;30;600
03128;2026-05-09;12:44;52.24;0;57;56;231;231;231;2768;29;600
03129;2026-05-09;12:13;52.24;0;53;52;231;231;231;2716;28;600
03130;2026-05-09;11:43;52.23;0;54;56;231;231;231;2872;28;600
03131;2026-05-09;11:12;52.25;0;51;51;231;231;231;2717;27;600
03132;2026-05-09;10:42;52.23;0;53;50;231;231;232;2612;27;600
03133;2026-05-09;10:11;52.25;0;49;50;231;231;232;2508;27;600
03134;2026-05-09;09:41;52.24;0;52;53;231;231;231;2664;26;600
03135;2026-05-09;09:10;52.23;0;55;56;231;232;231;2768;25;600
03136;2026-05-09;08:40;52.23;0;52;53;231;231;232;2716;23;600
03137;2026-05-09;08:09;52.24;0;47;51;231;231;231;2508;23;600
03138;2026-05-09;07:39;52.24;0;50;51;231;231;232;2664;22;600
03139;2026-05-09;07:08;52.24;-1;49;52;231;231;232;2612;22;600
03140;2026-05-09;06:38;52.25;-1;48;50;232;231;232;2403;22;600
03141;2026-05-09;06:07;52.25;0;46;48;231;232;232;2508;22;600
03142;2026-05-09;05:37;52.25;0;44;45;232;231;231;2351;22;600
03143;2026-05-09;05:06;52.27;0;43;46;231;232;232;2351;22;600
03144;2026-05-09;04:36;52.25;0;43;43;232;231;232;2247;22;600
03145;2026-05-09;04:05;52.26;0;42;44;232;231;232;2194;22;600
03146;2026-05-09;03:35;52.26;0;44;44;231;232;231;2299;22;600
03147;2026-05-09;03:04;52.27;0;42;43;231;232;232;2194;22;600
03148;2026-05-09;02:34;52.25;0;42;44;232;231;231;2194;22;600
03149;2026-05-09;02:03;52.27;0;42;43;232;232;231;2195;22;600
03150;2026-05-09;01:33;52.26;0;43;44;232;232;232;2247;23;600
03151;2026-05-09;01:03;52.26;0;45;45;232;232;232;2299;23;600
03152;2026-05-09;00:32;52.26;0;43;45;231;231;232;2247;23;600
03153;2026-05-09;00:02;52.25;0;46;48;232;231;231;2508;23;600
03154;2026-05-08;23:31;52.25;0;45;46;232;231;232;2560;23;600
03155;2026-05-08;23:01;52.25;0;47;48;232;231;232;2508;23;600
03156;2026-05-08;22:30;52.25;0;47;49;231;232;232;2508;23;600
03157;2026-05-08;22:00;52.25;0;50;50;231;231;232;2560;24;600
03158;2026-05-08;21:29;52.25;0;48;49;232;231;232;2612;24;600
03159;2026-05-08;20:59;52.24;0;52;53;231;231;231;2768;24;600
03160;2026-05-08;20:28;52.25;0;47;48;231;231;232;2507;24;600
03161;2026-05-08;19:58;52.25;0;49;51;231;231;231;2611;24;600
03162;2026-05-08;19:27;52.24;0;50;52;231;231;231;2612;24;600
03163;2026-05-08;18:57;52.24;0;52;53;231;232;231;2768;24;600
03164;2026-05-08;18:26;52.25;0;51;52;232;231;232;2611;24;600
03165;2026-05-08;17:56;52.25;0;50;52;231;231;231;2612;24;600
03166;2026-05-08;17:25;52.25;0;50;51;231;232;232;2612;24;600
03167;2026-05-08;16:55;52.25;0;49;50;231;231;231;2560;25;600
03168;2026-05-08;16:24;52.25;0;49;49;232;231;231;2560;26;600
03169;2026-05-08;15:54;52.25;-1;50;52;231;231;232;2717;28;600
03170;2026-05-08;15:23;52.25;-1;52;50;231;231;231;2612;30;600
03171;2026-05-08;14:53;52.25;0;49;50;231;231;231;2664;30;600
03172;2026-05-08;14:22;52.25;0;52;52;231;231;231;2717;30;600
03173;2026-05-08;13:52;52.23;0;52;54;231;231;231;2820;30;599
03174;2026-05-08;13:21;52.25;0;55;54;231;232;231;2769;30;600
03175;2026-05-08;12:51;52.25;0;53;55;231;231;231;2873;29;600
03176;2026-05-08;12:21;52.25;0;53;53;231;231;231;2768;29;600
03177;2026-05-08;11:50;52.23;0;56;56;231;231;232;2820;29;600
03178;2026-05-08;11:20;52.24;0;53;56;231;231;231;2820;28;600
03179;2026-05-08;10:49;52.24;0;54;54;231;231;231;2926;29;599
03180;2026-05-08;10:19;52.25;0;49;50;232;231;231;2612;28;600
03181;2026-05-08;09:48;52.25;0;52;55;231;231;231;2717;27;600
03182;2026-05-08;09:18;52.25;0;53;54;231;231;231;2716;26;600
03183;2026-05-08;08:47;52.24;0;51;51;231;231;232;2664;24;600
03184;2026-05-08;08:17;52.25;0;50;50;231;231;232;2507;23;600
03185;2026-05-08;07:46;52.25;0;48;49;232;231;231;2455;23;600
03186;2026-05-08;07:16;52.25;0;48;49;232;231;232;2508;23;600
03187;2026-05-08;06:45;52.25;0;47;50;231;231;231;2455;22;600
03188;2026-05-08;06:15;52.24;0;49;51;232;231;232;2455;22;600
03189;2026-05-08;05:44;52.26;0;43;45;232;231;232;2299;22;600
03190;2026-05-08;05:14;52.25;0;46;46;232;232;231;2299;23;600
03191;2026-05-08;04:43;52.26;0;42;45;232;231;232;2195;23;600
03192;2026-05-08;04:13;52.25;0;44;45;231;231;232;2351;23;600
03193;2026-05-08;03:42;52.27;0;43;43;232;231;232;2247;23;600
03194;2026-05-08;03:12;52.26;8;43;44;232;232;232;2195;23;600
03195;2026-05-08;02:41;52.23;8;43;52;232;232;232;2299;23;600
03196;2026-05-08;02:11;52.25;0;42;43;232;231;232;2246;23;600
03197;2026-05-08;01:40;52.25;0;43;43;231;232;232;2246;23;600
03198;2026-05-08;01:10;52.25;0;43;45;232;231;232;2246;23;600
03199;2026-05-08;00:40;52.25;0;43;45;231;231;232;2298;23;600
03200;2026-05-08;00:09;52.25;0;44;47;231;231;232;2299;23;600
03201;2026-05-07;23:39;52.22;0;48;50;231;231;232;2507;23;600
03202;2026-05-07;23:08;52.24;0;48;49;231;232;232;2559;23;600
03203;2026-05-07;22:38;52.24;0;53;52;232;231;232;2663;23;600
03204;2026-05-07;22:07;52.21;0;53;54;232;231;231;2820;23;600
03205;2026-05-07;21:37;52.21;0;50;49;231;231;232;2455;23;600
03206;2026-05-07;21:06;52.23;0;47;54;231;231;232;2715;23;600
03207;2026-05-07;20:36;52.23;0;51;53;231;231;232;2715;23;600
03208;2026-05-07;20:05;52.23;0;50;51;231;231;232;2768;23;600
03209;2026-05-07;19:35;52.23;0;48;50;232;231;231;2663;23;600
03210;2026-05-07;19:04;52.24;0;50;51;231;231;231;2611;23;600
03211;2026-05-07;18:34;52.23;0;50;50;231;231;231;2612;23;600
03212;2026-05-07;18:03;52.23;0;50;50;232;231;232;2403;23;600
03213;2026-05-07;17:33;52.23;0;49;50;232;231;231;2507;24;600
03214;2026-05-07;17:02;52.25;0;46;48;231;231;232;2507;24;600
03215;2026-05-07;16:32;52.24;0;48;48;231;231;231;2715;25;600
03216;2026-05-07;16:01;52.23;0;48;49;231;231;232;2559;25;600
03217;2026-05-07;15:31;52.24;0;51;49;232;231;232;2819;25;600
03218;2026-05-07;15:00;52.24;0;48;49;231;231;232;2508;26;600
03219;2026-05-07;14:30;52.25;0;50;52;231;231;231;2611;26;600
03220;2026-05-07;13:59;52.23;0;48;49;231;231;232;2560;26;600
03221;2026-05-07;13:29;52.23;0;49;52;231;231;232;2559;26;600
03222;2026-05-07;12:59;52.24;0;49;50;231;231;231;2612;26;600
03223;2026-05-07;12:28;52.23;0;54;54;231;231;231;2715;27;600
03224;2026-05-07;11:58;52.23;0;54;50;231;231;231;2715;26;600
03225;2026-05-07;11:27;52.23;0;52;50;231;231;232;2873;25;600
03226;2026-05-07;10:57;52.24;0;49;50;231;232;231;2559;25;600
03227;2026-05-07;10:26;52.22;0;54;54;231;231;231;2715;25;600
03228;2026-05-07;09:56;52.23;0;49;53;231;231;231;2715;25;600
03229;2026-05-07;09:25;52.23;0;50;52;231;231;231;2715;25;600
03230;2026-05-07;08:55;52.23;0;50;54;231;231;231;2611;24;600
03231;2026-05-07;08:24;52.23;0;50;50;231;231;231;2820;24;600
03232;2026-05-07;07:54;52.22;0;52;51;231;232;232;2611;23;600
03233;2026-05-07;07:23;52.22;0;51;49;232;231;232;2663;23;600
03234;2026-05-07;06:53;52.23;0;48;48;231;232;232;2507;23;600
03235;2026-05-07;06:22;52.24;0;50;51;231;231;231;2560;23;600
03236;2026-05-07;05:52;52.25;0;48;50;232;232;231;2351;23;600
03237;2026-05-07;05:21;52.25;0;44;44;231;232;232;2246;23;600
03238;2026-05-07;04:51;52.25;0;46;45;232;232;232;2246;23;600
03239;2026-05-07;04:20;52.26;0;42;43;231;231;232;2194;23;600
03240;2026-05-07;03:50;52.26;0;42;43;232;231;232;2194;23;600
03241;2026-05-07;03:19;52.25;0;42;43;231;231;232;2246;23;600
03242;2026-05-07;02:49;52.26;0;42;44;231;231;232;2194;23;600
03243;2026-05-07;02:18;52.25;0;45;43;231;232;232;2194;23;600
03244;2026-05-07;01:48;52.25;0;43;44;232;231;232;2247;23;600
03245;2026-05-07;01:17;52.25;0;44;44;232;231;231;2299;23;600
03246;2026-05-07;00:47;52.25;0;47;47;232;231;231;2403;23;600
03247;2026-05-07;00:17;52.25;0;47;49;231;231;231;2508;23;600
03248;2026-05-06;23:46;52.25;0;48;49;231;232;231;2455;23;600
03249;2026-05-06;23:16;52.25;0;48;48;231;231;232;2403;23;600
03250;2026-05-06;22:45;52.27;0;46;47;231;231;231;2352;23;600
03251;2026-05-06;22:15;52.26;0;53;54;232;231;232;2664;23;600
03252;2026-05-06;21:44;52.25;0;53;52;231;232;231;2821;23;600
03253;2026-05-06;21:14;52.26;6;50;51;231;231;231;2560;23;600
03254;2026-05-06;20:43;52.25;6;50;57;232;231;231;2770;24;600
03255;2026-05-06;20:13;52.27;38;51;90;231;231;232;2613;24;216
03256;2026-05-06;19:42;52.27;38;54;91;231;231;231;2769;24;197
03257;2026-05-06;19:12;52.25;57;57;113;231;230;231;3029;24;176
03258;2026-05-06;18:41;52.26;57;53;108;231;230;231;2873;24;147
03259;2026-05-06;18:11;52.25;57;53;112;230;231;231;2664;24;119
03260;2026-05-06;17:40;52.24;57;49;106;231;231;231;2508;25;91
03261;2026-05-06;17:10;52.25;57;53;110;230;231;231;2822;26;63
03262;2026-05-06;16:39;49.77;-63;59;109;231;230;231;2934;28;40
03263;2020-09-20;11:14;54.56;57;49;109;231;230;231;2836;28;28
03264;2020-09-20;10:54;48.58;-62;60;0;0;0;0;2962;29;0
Energylog
Hourly[Wh];Load            ;Rectifier       ;Generator       ;Battery         ;
2026-07-14 11:00;2486;2539;0;1;
2026-07-14 10:00;2480;2529;0;-2;
2026-07-14 09:00;2466;2508;0;-9;
2026-07-14 08:00;2470;2514;0;-8;
2026-07-14 07:00;2330;2376;0;-6;
2026-07-14 06:00;2144;2191;0;-5;
2026-07-14 05:00;2065;2113;0;-3;
2026-07-14 04:00;2081;2129;0;-4;
2026-07-14 03:00;2092;2139;0;-5;
2026-07-14 02:00;2115;2160;0;-6;
2026-07-14 01:00;2103;2150;0;-5;
2026-07-14 00:00;2181;2225;0;-7;
2026-07-13 23:00;2331;2373;0;-9;
2026-07-13 22:00;2345;2388;0;-9;
2026-07-13 21:00;2453;2496;0;-8;
2026-07-13 20:00;2435;2480;0;-7;
2026-07-13 19:00;2450;2499;0;-3;
2026-07-13 18:00;2426;2482;0;2;
2026-07-13 17:00;2443;2497;0;1;
2026-07-13 16:00;2493;2546;0;0;
2026-07-13 15:00;2495;2547;0;0;
2026-07-13 14:00;2492;2543;0;0;
2026-07-13 13:00;2554;2608;0;1;
2026-07-13 12:00;2557;2610;0;1;
2026-07-13 11:00;2515;2569;0;1;
2026-07-13 10:00;2554;2607;0;0;
2026-07-13 09:00;2492;2540;0;-3;
2026-07-13 08:00;2447;2492;0;-7;
2026-07-13 07:00;2348;2394;0;-6;
2026-07-13 06:00;2114;2161;0;-5;
2026-07-13 05:00;2071;2120;0;-3;
2026-07-13 04:00;2045;2093;0;-3;
2026-07-13 03:00;2054;2103;0;-4;
2026-07-13 02:00;2075;2122;0;-5;
2026-07-13 01:00;2102;2149;0;-5;
2026-07-13 00:00;2161;2207;0;-6;
2026-07-12 23:00;2287;2329;0;-9;
2026-07-12 22:00;2384;2427;0;-8;
2026-07-12 21:00;2482;2528;0;-6;
2026-07-12 20:00;2562;2609;0;-4;
2026-07-12 19:00;2472;2523;0;-1;
2026-07-12 18:00;2392;2446;0;1;
2026-07-12 17:00;2371;2424;0;1;
2026-07-12 16:00;2442;2496;0;1;
2026-07-12 15:00;2456;2508;0;0;
2026-07-12 14:00;2469;2521;0;0;
2026-07-12 13:00;2425;2476;0;0;
2026-07-12 12:00;2437;2489;0;0;
2026-07-12 11:00;2516;2568;0;0;
2026-07-12 10:00;2469;2521;0;0;
2026-07-12 09:00;2433;2483;0;-1;

 Daily[kWh];Load            ;Rectifier       ;Generator       ;Battery         ;
2026-07-13;56;58; 0; 0;
2026-07-12;56;57; 0; 0;
2026-07-11;57;58; 0; 0;
2026-07-10;57;58; 0; 0;
2026-07-09;57;58; 0; 0;
2026-07-08;58;59; 0; 0;
2026-07-07;57;58; 0; 0;
2026-07-06;57;58; 0; 0;
2026-07-05;56;57; 0; 0;
2026-07-04;57;58; 0; 0;
2026-07-03;57;58; 0; 0;
2026-07-02;57;58; 0; 0;
2026-07-01;57;58; 0; 0;
2026-06-30;59;60; 0; 0;
2026-06-29;59;60; 0; 0;
2026-06-28;59;60; 0; 0;
2026-06-27;60;61; 0; 0;
2026-06-26;59;60; 0; 0;
2026-06-25;59;60; 0; 0;
2026-06-24;59;60; 0; 0;
2026-06-23;59;60; 0; 0;
2026-06-22;59;60; 0; 0;
2026-06-21;58;60; 0; 0;
2026-06-20;59;60; 0; 0;
2026-06-19;59;60; 0; 0;
2026-06-18;59;60; 0; 0;
2026-06-17;59;60; 0; 0;
2026-06-16;59;60; 0; 0;
2026-06-15;60;61; 0; 0;
2026-06-14;59;60; 0; 0;
2026-06-13;60;61; 0; 0;
2026-06-12;60;61; 0; 0;
2026-06-11;60;61; 0; 0;
2026-06-10;60;61; 0; 0;
2026-06-09;60;61; 0; 0;
2026-06-08;60;61; 0; 0;
2026-06-07;60;61; 0; 0;
2026-06-06;60;62; 0; 0;
2026-06-05;60;61; 0; 0;
2026-06-04;61;62; 0; 0;
2026-06-03;60;62; 0; 0;
2026-06-02;61;62; 0; 0;
2026-06-01;60;61; 0; 0;
2026-05-31;61;62; 0; 0;
2026-05-30;61;63; 0; 0;
2026-05-29;61;62; 0; 0;
2026-05-28;61;63; 0; 0;
2026-05-27;61;62; 0; 0;
2026-05-26;61;62; 0; 0;
2026-05-25;60;61; 0; 0;
2026-05-24;60;61; 0; 0;

 Weekly[kWh];Load            ;Rectifier       ;Generator       ;Battery         ;
 w27 2026;398;406; 0; 0;
 w26 2026;404;412; 0;-1;
 w25 2026;412;421; 0; 0;
 w24 2026;415;423; 0; 0;
 w23 2026;419;428; 0; 0;
 w22 2026;423;432; 0; 0;
 w21 2026;425;433; 0; 0;
 w20 2026;421;430; 0; 0;
 w19 2026;423;432; 0; 0;
 w18 2026;207;226; 0;15;
 w17 2026; 0; 0; 0; 0;
 w16 2026; 0; 0; 0; 0;
 w15 2026; 0; 0; 0; 0;
 w14 2026; 0; 0; 0; 0;
 w13 2026; 0; 0; 0; 0;
 w12 2026; 0; 0; 0; 0;
 w11 2026; 0; 0; 0; 0;
 w10 2026; 0; 0; 0; 0;
 w09 2026; 0; 0; 0; 0;
 w08 2026; 0; 0; 0; 0;
 w07 2026; 0; 0; 0; 0;
 w06 2026; 0; 0; 0; 0;
 w05 2026; 0; 0; 0; 0;
 w04 2026; 0; 0; 0; 0;
 w03 2026; 0; 0; 0; 0;
 w02 2026; 0; 0; 0; 0;
 w01 2026; 0; 0; 0; 0;
 w52 2025; 0; 0; 0; 0;
 w51 2025; 0; 0; 0; 0;
 w50 2025; 0; 0; 0; 0;
 w49 2025; 0; 0; 0; 0;
 w48 2025; 0; 0; 0; 0;
 w47 2025; 0; 0; 0; 0;
 w46 2025; 0; 0; 0; 0;
 w45 2025; 0; 0; 0; 0;
 w44 2025; 0; 0; 0; 0;
 w43 2025; 0; 0; 0; 0;
 w42 2025; 0; 0; 0; 0;
 w41 2025; 0; 0; 0; 0;
 w40 2025; 0; 0; 0; 0;
 w39 2025; 0; 0; 0; 0;
 w38 2025; 0; 0; 0; 0;
 w37 2025; 0; 0; 0; 0;
 w36 2025; 0; 0; 0; 0;
 w35 2025; 0; 0; 0; 0;
 w34 2025; 0; 0; 0; 0;
 w33 2025; 0; 0; 0; 0;
 w32 2025; 0; 0; 0; 0;
 w31 2025; 0; 0; 0; 0;
 w30 2025; 0; 0; 0; 0;
 w29 2025; 0; 0; 0; 0;
Generatorlog
Accumulated run time[hours];Accumulated fuel consumption[liters]
0;0
Generator run time and fuel consumption:
 			Day;;;Week;;;Month
Time;Run[min];Fuel;Time;Run[hours];Fuel;Time;Run[hours];Fuel
13.7;0;0;w28-2026;0;0;'Jun 2026;0;0
12.7;0;0;w27-2026;0;0;'May 2026;0;0
11.7;0;0;w26-2026;0;0;'Apr 2026;0;0
10.7;0;0;w25-2026;0;0;'Mar 2026;0;0
9.7;0;0;w24-2026;0;0;'Feb 2026;0;0
8.7;0;0;w23-2026;0;0;'Jan 2026;0;0
7.7;0;0;w22-2026;0;0;'Dec 2025;0;0
6.7;0;0;w21-2026;0;0;'Nov 2025;0;0
5.7;0;0;w20-2026;0;0;'Oct 2025;0;0
4.7;0;0;w19-2026;0;0;'Sep 2025;0;0
3.7;0;0;w18-2026;0;0;'Aug 2025;0;0
2.7;0;0;w17-2026;0;0;'Jul 2025;0;0
1.7;0;0;w16-2026;0;0;'Jun 2025;0;0
30.6;0;0;w15-2026;0;0;'May 2025;0;0
29.6;0;0;w14-2026;0;0;'Apr 2025;0;0
28.6;0;0;w13-2026;0;0;'Mar 2025;0;0
27.6;0;0;w12-2026;0;0;'Feb 2025;0;0
26.6;0;0;w11-2026;0;0;'Jan 2025;0;0
25.6;0;0;w10-2026;0;0;'Dec 2024;0;0
24.6;0;0;w09-2026;0;0;'Nov 2024;0;0
23.6;0;0;w08-2026;0;0;'Oct 2024;0;0
22.6;0;0;w07-2026;0;0;'Sep 2024;0;0
21.6;0;0;w06-2026;0;0;'Aug 2024;0;0
20.6;0;0;w05-2026;0;0;'Jul 2024;0;0
19.6;0;0;w04-2026;0;0;'Jun 2024;0;0
18.6;0;0;w03-2026;0;0;'May 2024;0;0
17.6;0;0;w02-2026;0;0;'Apr 2024;0;0
16.6;0;0;w01-2025;0;0;'Mar 2024;0;0
15.6;0;0;w52-2025;0;0;'Feb 2024;0;0
14.6;0;0;w51-2025;0;0;'Jan 2024;0;0
13.6;0;0;w50-2025;0;0;'Dec 2023;0;0
12.6;0;0;w49-2025;0;0;'Nov 2023;0;0
11.6;0;0;w48-2025;0;0;'Oct 2023;0;0
10.6;0;0;w47-2025;0;0;'Sep 2023;0;0
9.6;0;0;w46-2025;0;0;'Aug 2023;0;0
8.6;0;0;w45-2025;0;0;'Jul 2023;0;0
7.6;0;0;w44-2025;0;0;'Jun 2023;0;0
6.6;0;0;w43-2025;0;0;'May 2023;0;0
5.6;0;0;w42-2025;0;0;'Apr 2023;0;0
4.6;0;0;w41-2025;0;0;'Mar 2023;0;0
3.6;0;0;w40-2025;0;0;'Feb 2023;0;0
2.6;0;0;w39-2025;0;0;'Jan 2023;0;0
1.6;0;0;w38-2025;0;0;'Dec 2022;0;0
31.5;0;0;w37-2025;0;0;'Nov 2022;0;0
30.5;0;0;w36-2025;0;0;'Oct 2022;0;0
29.5;0;0;w35-2025;0;0;'Sep 2022;0;0
28.5;0;0;w34-2025;0;0;'Aug 2022;0;0
27.5;0;0;w33-2025;0;0;'Jul 2022;0;0
26.5;0;0;w32-2025;0;0;'Jun 2022;0;0
25.5;0;0;w31-2025;0;0;'May 2022;0;0
24.5;0;0;w30-2025;0;0;'Apr 2022;0;0
Battery cycle log
Total number of battery cycles
5
Index;Day;Week;Month
1;0;1;1
2;0;0;3
3;0;0;0
4;1;0;0
5;0;1;0
6;0;0;0
7;0;0;0
8;0;0;0
9;0;2;0
10;0;1;0
11;0;0;0
12;0;0;0
13;0;0;0
14;0;0;0
15;0;0;0
16;0;0;0
17;0;0;0
18;0;0;0
19;0;0;0
20;0;0;0
21;0;0;0
22;0;0;0
23;0;0;0
24;0;0;0
25;0;0;0
26;0;0;0
27;0;0;0
28;0;0;0
29;0;0;0
30;0;0;0
31;0;0;0
32;1;0;0
33;0;0;0
34;0;0;0
35;0;0;0
36;0;0;0
37;0;0;0
38;0;0;0
39;0;0;0
40;0;0;0
41;0;0;0
42;0;0;0
43;0;0;0
44;0;0;0
45;0;0;0
46;0;0;0
47;0;0;0
48;0;0;0
49;0;0;0
50;0;0;0
51;0;0;0
Battery test log
Battery test overview;
#;Start time;Test duration [minutes];Test type;Average current [A];Disch. energy [Ah];Temp [degC];End voltage [V];Calc quality [%%];Temination criteria;Test result
Battery String Currents Log
The log is empty;
Battery String Resistance Log
The log is empty;

Changelog
#;Date/Time;System Part;Description;Change from-to;UserType;UserId
00001;2026-05-06 16:38:48 ;SmartPack 1 tcpip gateway  ; 01:06.01.01.11.75.02 16;' 192.168.10.1 : 192.168.208.65 ; WEB            ;1 admin         
00002;2026-05-06 16:38:48 ;SmartPack 1 tcpip subnet mask  ; 01:06.01.01.11.75.01 16;' 255.255.255.0 : 255.255.255.224 ; WEB            ;1 admin         
00003;2026-05-06 16:38:48 ;SmartPack 1 tcpip address  ; 01:06.01.01.11.75.00 16;' 192.168.10.20 : 192.168.208.69 ; WEB            ;1 admin         
00004;2026-05-06 16:37:18 ;Battery   float voltage at reference temperature   ; 01:02.255.255.255.01.49 02;' 5120 : 5220   ; WEB            ;1 admin         
00005;2026-05-06 16:36:58 ;DcPlant  Message 3  ; 01:01.255.255.02.01.59 80;' ?? : eço: support@mcsangola.com   ; WEB            ;1 admin         
00006;2026-05-06 16:36:58 ;DcPlant  Message 3  ; 01:01.255.255.01.01.59 80;'  : Em caso de dúvida por favor contactar o supporte da MCS Energy no seguinte ende ; WEB            ;1 admin         
00007;2026-05-06 16:30:58 ;SmartPack 11 max user for user# 6  ; 01:06.11.07.06.77.03 01;' 1 : 5         ; WEB            ;1               
00008;2026-05-06 16:30:58 ;SmartPack 11 level for user# 6  ; 01:06.11.07.06.77.02 01;' 0 : 3         ; WEB            ;1               
00009;2026-05-06 16:30:57 ;SmartPack 11 Password for user# 6  ; 01:06.11.07.06.77.01 32;' ******************************* : ******************* ; WEB            ;1               
00010;2026-05-06 16:30:57 ;SmartPack 11 Name for user# 6  ; 01:06.11.07.06.77.00 07;'   : ******    ; WEB            ;1               
00011;2026-05-06 16:29:44 ;SmartPack 11 timeout for user# 5  ; 01:06.11.07.05.77.04 01;' 5 : 25        ; WEB            ;1               
00012;2026-05-06 16:29:44 ;SmartPack 11 max user for user# 5  ; 01:06.11.07.05.77.03 01;' 1 : 10        ; WEB            ;1               
00013;2026-05-06 16:29:44 ;SmartPack 11 level for user# 5  ; 01:06.11.07.05.77.02 01;' 0 : 3         ; WEB            ;1               
00014;2026-05-06 16:29:43 ;SmartPack 11 Password for user# 5  ; 01:06.11.07.05.77.01 32;' ******************************* : ******************* ; WEB            ;1               
00015;2026-05-06 16:29:43 ;SmartPack 11 Name for user# 5  ; 01:06.11.07.05.77.00 04;' 32 : 276      ; WEB            ;1               
00016;2026-05-06 16:29:43 ;SmartPack 1  recovery link  ; 01:06.01.01.04.75.01 80;'  : support@mcsangola.com ; WEB            ;1               
00017;2026-05-06 16:29:02 ;SmartPack 1 clock date  ; 01:06.01.255.255.11.00 04;' 202 : 202     ; WEB            ;1               
00018;2020-09-20 16:29:00 ;SmartPack 1 clock time  ; 01:06.01.255.255.11.04 03;' 11 : 16       ; WEB            ;1               
00019;2020-09-20 10:59:28 ;Generator  voltage limit   ; 01:11.255.255.01.01.57 02;' 4855 : 4850   ; WEB            ;1               
00020;2020-09-20 10:58:13 ;Generator  voltage limit   ; 01:11.255.255.01.01.57 02;' 4860 : 4855   ; WEB            ;1               
00021;2020-09-20 10:57:37 ;Generator  enable voltage limit   ; 01:11.255.255.00.01.59 01;' 0 : 1         ; WEB            ;1               
00022;2020-09-20 10:57:00 ;Generator  stop delay  ; 01:11.255.255.00.01.47 01;' 0 : 5         ; WEB            ;1               
00023;2020-09-20 10:55:40 ;Generator  enable standard   ; 01:11.255.255.00.01.41 01;' 0 : 1         ; WEB            ;1               
00024;2020-09-20 10:54:40 ;Generator  voltage limit   ; 01:11.255.255.01.01.57 02;' 4865 : 4860   ; WEB            ;1               
00025;2020-09-20 10:53:47 ;Generator  alarm group number   ; 01:11.255.255.00.01.30 01;' 0 : 17        ; WEB            ;1               
00026;2020-09-20 10:53:19 ;SmartPack 11 Alarm Group 17 Description  ; 19:06.11.14.17.45.00 32;' Alarm Group 17   : GEN Control ; WEB            ;1               
00027;2020-09-20 10:52:17 ;Battery  LVBD  disconnect limit  ; 01:02.255.255.255.06.05 02;' 4400 : 4520   ; WEB            ;1               
00028;2020-09-20 10:52:17 ;Battery   technology  ; 01:02.255.255.05.01.00 01;' 0 : 1         ; WEB            ;1               
00029;2020-09-20 10:52:17 ;Battery   cell capacity   ; 01:02.255.255.255.01.27 02;' 100 : 200     ; WEB            ;1               
00030;2020-09-20 10:51:12 ;Generator  time limit   ; 01:11.255.255.01.01.58 01;' 12 : 6        ; WEB            ;1               
00031;2020-09-20 10:51:01 ;Generator  voltage limit   ; 01:11.255.255.01.01.57 02;' 4800 : 4865   ; WEB            ;1               

Accountlog
#;Description;IP ADDRESS;UserType;UserId;Date;Time
00001;Log out;172.21.2.184;  TIMEOUT;1 admin ;2026-07-14; 11:05:05
00002;Log in;172.21.1.106;  WEB;1 admin ;2026-07-14; 11:00:31
00003;Log out;172.21.2.117;  TIMEOUT;1 admin ;2026-07-02; 17:16:17
00004;Log in;172.21.2.184;  WEB;1 admin ;2026-07-02; 17:11:58
00005;Log in;172.21.2.117;  WEB;1 admin ;2026-06-09; 15:48:43
00006;Log out;10.10.0.4;  TIMEOUT;1 admin ;2026-05-06; 17:03:11
00007;Log in;10.10.0.4;  WEB;1  ;2020-09-20; 11:20:20
Merged logs
#;Type;Date/Time;Description;;;UserType;UserId
1;Log out;'2026-07-14 11:05:05;172.21.2.184; ; ; TIMEOUT;1 admin ; 
2;Log in;'2026-07-14 11:00:31;172.21.1.106; ; ; WEB;1 admin ; 
3;Event;'2026-07-14 08:57:53;OutDoorTemp82.1                 ;Event       :On 
4;Event;'2026-07-13 17:22:21;OutDoorTemp82.1                 ;Event       :Off
5;Event;'2026-07-13 08:07:32;OutDoorTemp82.1                 ;Event       :On 
6;Event;'2026-07-12 17:53:30;OutDoorTemp82.1                 ;Event       :Off
7;Event;'2026-07-12 07:53:55;OutDoorTemp82.1                 ;Event       :On 
8;Event;'2026-07-11 17:28:02;OutDoorTemp82.1                 ;Event       :Off
9;Event;'2026-07-11 08:34:29;OutDoorTemp82.1                 ;Event       :On 
10;Event;'2026-07-10 17:38:41;OutDoorTemp82.1                 ;Event       :Off
11;Event;'2026-07-10 10:50:59;BatteryUsedCap                  ;:5%             
12;Event;'2026-07-10 10:37:59;MainsLow                        ;Major Alarm :Off
13;Event;'2026-07-10 10:37:58;MainsLow                        ;Major Alarm :On 
14;Event;'2026-07-10 10:37:48;MainsLow 1                      ;Major Alarm :Off
15;Event;'2026-07-10 10:37:48;MainsLow                        ;Major Alarm :Off
16;Event;'2026-07-10 10:37:46;MainsVolt 1.1                   ;Minor Low   :Off
17;Event;'2026-07-10 10:37:45;MainsVolt 1.1                   ;Major Low   :Off
18;Event;'2026-07-10 10:08:41;MainsVolt 1.1                   ;Major Low   :On 
19;Event;'2026-07-10 10:08:37;MainsLow 1                      ;Major Alarm :On 
20;Event;'2026-07-10 10:08:33;MainsVolt 1.1                   ;Minor Low   :On 
21;Event;'2026-07-10 10:08:31;MainsLow                        ;Major Alarm :On 
22;Event;'2026-07-10 08:40:25;OutDoorTemp82.1                 ;Event       :On 
23;Event;'2026-07-09 18:03:54;OutDoorTemp82.1                 ;Event       :Off
24;Event;'2026-07-09 09:01:32;OutDoorTemp82.1                 ;Event       :On 
25;Event;'2026-07-08 19:45:43;OutDoorTemp82.1                 ;Event       :Off
26;Event;'2026-07-08 08:17:05;OutDoorTemp82.1                 ;Event       :On 
27;Event;'2026-07-07 17:41:44;OutDoorTemp82.1                 ;Event       :Off
28;Event;'2026-07-07 08:05:39;OutDoorTemp82.1                 ;Event       :On 
29;Event;'2026-07-06 17:58:23;OutDoorTemp82.1                 ;Event       :Off
30;Event;'2026-07-06 09:23:29;OutDoorTemp82.1                 ;Event       :On 
31;Event;'2026-07-05 17:46:58;OutDoorTemp82.1                 ;Event       :Off
32;Event;'2026-07-05 08:47:54;OutDoorTemp82.1                 ;Event       :On 
33;Event;'2026-07-04 17:36:23;OutDoorTemp82.1                 ;Event       :Off
34;Event;'2026-07-04 09:10:54;OutDoorTemp82.1                 ;Event       :On 
35;Event;'2026-07-03 17:46:26;OutDoorTemp82.1                 ;Event       :Off
36;Event;'2026-07-03 09:03:37;OutDoorTemp82.1                 ;Event       :On 
37;Event;'2026-07-02 17:17:11;OutDoorTemp82.1                 ;Event       :Off
38;Log out;'2026-07-02 17:16:17;172.21.2.117; ; ; TIMEOUT;1 admin ; 
39;Log in;'2026-07-02 17:11:58;172.21.2.184; ; ; WEB;1 admin ; 
40;Event;'2026-07-02 08:36:40;OutDoorTemp82.1                 ;Event       :On 
41;Event;'2026-07-01 16:56:28;OutDoorTemp82.1                 ;Event       :Off
42;Event;'2026-07-01 07:51:07;OutDoorTemp82.1                 ;Event       :On 
43;Event;'2026-06-30 17:45:29;OutDoorTemp82.1                 ;Event       :Off
44;Event;'2026-06-30 09:12:51;OutDoorTemp82.1                 ;Event       :On 
45;Event;'2026-06-29 16:45:51;OutDoorTemp82.1                 ;Event       :Off
46;Event;'2026-06-29 08:46:51;OutDoorTemp82.1                 ;Event       :On 
47;Event;'2026-06-28 17:13:18;OutDoorTemp82.1                 ;Event       :Off
48;Event;'2026-06-28 08:23:03;OutDoorTemp82.1                 ;Event       :On 
49;Event;'2026-06-27 17:45:29;OutDoorTemp82.1                 ;Event       :Off
50;Event;'2026-06-27 09:51:23;OutDoorTemp82.1                 ;Event       :On 
51;Event;'2026-06-26 18:02:52;OutDoorTemp82.1                 ;Event       :Off
52;Event;'2026-06-26 09:20:06;OutDoorTemp82.1                 ;Event       :On 
53;Event;'2026-06-25 17:46:49;OutDoorTemp82.1                 ;Event       :Off
54;Event;'2026-06-25 09:05:09;OutDoorTemp82.1                 ;Event       :On 
55;Event;'2026-06-24 17:52:02;OutDoorTemp82.1                 ;Event       :Off
56;Event;'2026-06-24 09:04:16;OutDoorTemp82.1                 ;Event       :On 
57;Event;'2026-06-23 18:06:09;OutDoorTemp82.1                 ;Event       :Off
58;Event;'2026-06-23 08:06:29;OutDoorTemp82.1                 ;Event       :On 
59;Event;'2026-06-22 18:23:32;OutDoorTemp82.1                 ;Event       :Off
60;Event;'2026-06-22 08:33:13;OutDoorTemp82.1                 ;Event       :On 
61;Event;'2026-06-21 20:15:30;OutDoorTemp82.1                 ;Event       :Off
62;Event;'2026-06-21 08:17:47;OutDoorTemp82.1                 ;Event       :On 
63;Event;'2026-06-20 19:22:01;OutDoorTemp82.1                 ;Event       :Off
64;Event;'2026-06-20 07:52:50;OutDoorTemp82.1                 ;Event       :On 
65;Event;'2026-06-19 19:33:43;OutDoorTemp82.1                 ;Event       :Off
66;Event;'2026-06-19 07:27:35;OutDoorTemp82.1                 ;Event       :On 
67;Event;'2026-06-19 03:23:03;OutDoorTemp82.1                 ;Event       :Off
68;Event;'2026-06-19 01:57:51;OutDoorTemp82.1                 ;Event       :On 
69;Event;'2026-06-19 00:39:05;OutDoorTemp82.1                 ;Event       :Off
70;Event;'2026-06-18 23:46:49;OutDoorTemp82.1                 ;Event       :On 
71;Event;'2026-06-18 19:30:24;OutDoorTemp82.1                 ;Event       :Off
72;Event;'2026-06-18 07:59:50;OutDoorTemp82.1                 ;Event       :On 
73;Event;'2026-06-17 20:04:57;OutDoorTemp82.1                 ;Event       :Off
74;Event;'2026-06-17 07:27:03;OutDoorTemp82.1                 ;Event       :On 
75;Event;'2026-06-16 21:27:24;OutDoorTemp82.1                 ;Event       :Off
76;Event;'2026-06-16 03:39:39;OutDoorTemp82.1                 ;Event       :On 
77;Event;'2026-06-16 01:45:49;OutDoorTemp82.1                 ;Event       :Off
78;Event;'2026-06-12 10:55:06;BatteryUsedCap                  ;:4%             
79;Event;'2026-06-12 10:42:20;MainsLow 1                      ;Major Alarm :Off
80;Event;'2026-06-12 10:42:19;MainsLow                        ;Major Alarm :Off
81;Event;'2026-06-12 10:42:18;MainsVolt 1.1                   ;Minor Low   :Off
82;Event;'2026-06-12 10:42:17;MainsVolt 1.1                   ;Major Low   :Off
83;Event;'2026-06-12 10:39:11;MainsVolt 1.1                   ;Major Low   :On 
84;Event;'2026-06-12 10:39:07;MainsLow 1                      ;Major Alarm :On 
85;Event;'2026-06-12 10:39:03;MainsVolt 1.1                   ;Minor Low   :On 
86;Event;'2026-06-12 10:39:00;MainsLow                        ;Major Alarm :On 
87;Event;'2026-06-12 10:38:54;MainsLow 1                      ;Major Alarm :Off
88;Event;'2026-06-12 10:38:52;MainsVolt 1.1                   ;Minor Low   :Off
89;Event;'2026-06-12 10:38:52;MainsLow                        ;Major Alarm :Off
90;Event;'2026-06-12 10:38:51;MainsVolt 1.1                   ;Major Low   :Off
91;Event;'2026-06-12 10:21:26;MainsVolt 1.1                   ;Major Low   :On 
92;Event;'2026-06-12 10:21:22;MainsLow 1                      ;Major Alarm :On 
93;Event;'2026-06-12 10:21:18;MainsVolt 1.1                   ;Minor Low   :On 
94;Event;'2026-06-12 10:21:15;MainsLow                        ;Major Alarm :On 
95;Event;'2026-06-12 10:15:57;MainsLow 1                      ;Major Alarm :Off
96;Event;'2026-06-12 10:15:55;MainsLow                        ;Major Alarm :Off
97;Event;'2026-06-12 10:15:55;MainsVolt 1.1                   ;Minor Low   :Off
98;Event;'2026-06-12 10:15:54;MainsVolt 1.1                   ;Major Low   :Off
99;Event;'2026-06-12 10:12:02;MainsVolt 1.1                   ;Major Low   :On 
100;Event;'2026-06-12 10:11:58;MainsLow 1                      ;Major Alarm :On 
101;Event;'2026-06-12 10:11:54;MainsVolt 1.1                   ;Minor Low   :On 
102;Event;'2026-06-12 10:11:50;MainsLow                        ;Major Alarm :On 
103;Event;'2026-06-12 10:01:58;MainsLow 1                      ;Major Alarm :Off
104;Event;'2026-06-12 10:01:57;MainsLow                        ;Major Alarm :Off
105;Event;'2026-06-12 10:01:56;MainsVolt 1.1                   ;Minor Low   :Off
106;Event;'2026-06-12 10:01:55;MainsVolt 1.1                   ;Major Low   :Off
107;Event;'2026-06-12 10:00:08;MainsVolt 1.1                   ;Major Low   :On 
108;Event;'2026-06-12 10:00:04;MainsLow 1                      ;Major Alarm :On 
109;Event;'2026-06-12 10:00:00;MainsVolt 1.1                   ;Minor Low   :On 
110;Event;'2026-06-12 09:59:57;MainsLow                        ;Major Alarm :On 
111;Log in;'2026-06-09 15:48:43;172.21.2.117; ; ; WEB;1 admin ; 
112;Event;'2026-06-06 04:59:33;OutDoorTemp82.1                 ;Event       :On 
113;Event;'2026-06-06 03:41:47;OutDoorTemp82.1                 ;Event       :Off
114;Event;'2026-06-03 14:56:52;BatteryTemp                     ;Minor High  :Off
115;Event;'2026-06-03 14:56:23;BatteryTemp1.1                  ;Minor High  :Off
116;Event;'2026-06-03 11:27:00;BatteryTemp                     ;Minor High  :On 
117;Event;'2026-06-03 11:26:51;BatteryTemp1.1                  ;Minor High  :On 
118;Event;'2026-06-02 13:10:37;Door open                       ;Major Alarm :Off
119;Event;'2026-06-02 13:10:33;Door open                       ;Major Alarm :On 
120;Event;'2026-06-02 13:06:53;Door open                       ;Major Alarm :Off
121;Event;'2026-06-02 12:39:53;Door open                       ;Major Alarm :On 
122;Event;'2026-06-01 06:59:37;OutDoorTemp82.1                 ;Event       :On 
123;Event;'2026-06-01 06:04:46;OutDoorTemp82.1                 ;Event       :Off
124;Event;'2026-05-31 16:28:42;BatteryTemp                     ;Minor High  :Off
125;Event;'2026-05-31 16:28:31;BatteryTemp1.1                  ;Minor High  :Off
126;Event;'2026-05-31 13:01:04;BatteryTemp                     ;Minor High  :On 
127;Event;'2026-05-31 13:00:57;BatteryTemp1.1                  ;Minor High  :On 
128;Event;'2026-05-30 16:12:03;BatteryTemp                     ;Minor High  :Off
129;Event;'2026-05-30 16:11:58;BatteryTemp1.1                  ;Minor High  :Off
130;Event;'2026-05-30 13:40:24;BatteryTemp                     ;Minor High  :On 
131;Event;'2026-05-30 13:40:15;BatteryTemp1.1                  ;Minor High  :On 
132;Event;'2026-05-29 15:56:07;BatteryTemp                     ;Minor High  :Off
133;Event;'2026-05-29 15:55:55;BatteryTemp1.1                  ;Minor High  :Off
134;Event;'2026-05-29 11:08:05;BatteryTemp                     ;Minor High  :On 
135;Event;'2026-05-29 11:07:57;BatteryTemp1.1                  ;Minor High  :On 
136;Event;'2026-05-28 15:52:52;BatteryTemp                     ;Minor High  :Off
137;Event;'2026-05-28 15:52:49;BatteryTemp1.1                  ;Minor High  :Off
138;Event;'2026-05-28 13:14:29;BatteryTemp1.1                  ;Minor High  :On 
139;Event;'2026-05-28 13:14:18;BatteryTemp                     ;Minor High  :On 
140;Event;'2026-05-27 19:52:52;MainsLow 1                      ;Major Alarm :Off
141;Event;'2026-05-27 19:52:50;MainsLow                        ;Major Alarm :Off
142;Event;'2026-05-27 19:52:50;MainsVolt 1.1                   ;Minor Low   :Off
143;Event;'2026-05-27 19:52:49;MainsVolt 1.1                   ;Major Low   :Off
144;Event;'2026-05-27 19:52:02;MainsVolt 1.1                   ;Major Low   :On 
145;Event;'2026-05-27 19:51:58;MainsLow 1                      ;Major Alarm :On 
146;Event;'2026-05-27 19:51:54;MainsVolt 1.1                   ;Minor Low   :On 
147;Event;'2026-05-27 19:51:51;MainsLow                        ;Major Alarm :On 
148;Event;'2026-05-27 19:46:22;MainsLow 1                      ;Major Alarm :Off
149;Event;'2026-05-27 19:46:21;MainsLow                        ;Major Alarm :Off
150;Event;'2026-05-27 19:46:20;MainsVolt 1.1                   ;Minor Low   :Off
151;Event;'2026-05-27 19:46:19;MainsVolt 1.1                   ;Major Low   :Off
152;Event;'2026-05-27 19:40:44;MainsVolt 1.1                   ;Major Low   :On 
153;Event;'2026-05-27 19:40:40;MainsLow 1                      ;Major Alarm :On 
154;Event;'2026-05-27 19:40:36;MainsVolt 1.1                   ;Minor Low   :On 
155;Event;'2026-05-27 19:40:32;MainsLow                        ;Major Alarm :On 
156;Event;'2026-05-27 19:40:29;MainsLow 1                      ;Major Alarm :Off
157;Event;'2026-05-27 19:40:28;MainsLow                        ;Major Alarm :Off
158;Event;'2026-05-27 19:40:27;MainsVolt 1.1                   ;Minor Low   :Off
159;Event;'2026-05-27 19:40:26;MainsVolt 1.1                   ;Major Low   :Off
160;Event;'2026-05-27 19:40:19;MainsVolt 1.1                   ;Major Low   :On 
161;Event;'2026-05-27 19:40:15;MainsLow 1                      ;Major Alarm :On 
162;Event;'2026-05-27 19:40:11;MainsVolt 1.1                   ;Minor Low   :On 
163;Event;'2026-05-27 19:40:07;MainsLow                        ;Major Alarm :On 
164;Event;'2026-05-26 16:18:38;BatteryTemp1.1                  ;Minor High  :Off
165;Event;'2026-05-26 16:18:34;BatteryTemp                     ;Minor High  :Off
166;Event;'2026-05-26 14:11:50;BatteryTemp                     ;Minor High  :On 
167;Event;'2026-05-26 14:11:50;BatteryTemp1.1                  ;Minor High  :On 
168;Event;'2026-05-26 06:57:54;OutDoorTemp82.1                 ;Event       :On 
169;Event;'2026-05-26 06:00:54;OutDoorTemp82.1                 ;Event       :Off
170;Event;'2026-05-26 05:18:46;OutDoorTemp82.1                 ;Event       :On 
171;Event;'2026-05-26 02:34:59;OutDoorTemp82.1                 ;Event       :Off
172;Event;'2026-05-25 16:11:18;BatteryTemp                     ;Minor High  :Off
173;Event;'2026-05-25 16:10:57;BatteryTemp1.1                  ;Minor High  :Off
174;Event;'2026-05-25 14:36:46;BatteryTemp                     ;Minor High  :On 
175;Event;'2026-05-25 14:36:44;BatteryTemp1.1                  ;Minor High  :On 
176;Event;'2026-05-25 07:01:12;OutDoorTemp82.1                 ;Event       :On 
177;Event;'2026-05-25 05:19:15;OutDoorTemp82.1                 ;Event       :Off
178;Event;'2026-05-24 16:11:24;BatteryTemp                     ;Minor High  :Off
179;Event;'2026-05-24 16:11:12;BatteryTemp1.1                  ;Minor High  :Off
180;Event;'2026-05-24 14:35:13;BatteryTemp                     ;Minor High  :On 
181;Event;'2026-05-24 14:35:08;BatteryTemp1.1                  ;Minor High  :On 
182;Event;'2026-05-24 04:38:42;OutDoorTemp82.1                 ;Event       :On 
183;Event;'2026-05-24 02:58:04;OutDoorTemp82.1                 ;Event       :Off
184;Event;'2026-05-23 16:11:46;BatteryTemp1.1                  ;Minor High  :Off
185;Event;'2026-05-23 16:11:27;BatteryTemp                     ;Minor High  :Off
186;Event;'2026-05-23 13:46:17;BatteryTemp                     ;Minor High  :On 
187;Event;'2026-05-23 13:46:15;BatteryTemp1.1                  ;Minor High  :On 
188;Event;'2026-05-21 15:56:41;BatteryTemp1.1                  ;Minor High  :Off
189;Event;'2026-05-21 15:56:34;BatteryTemp                     ;Minor High  :Off
190;Event;'2026-05-21 11:37:59;BatteryTemp1.1                  ;Minor High  :On 
191;Event;'2026-05-21 11:37:43;BatteryTemp                     ;Minor High  :On 
192;Event;'2026-05-20 15:49:35;BatteryTemp1.1                  ;Minor High  :Off
193;Event;'2026-05-20 15:49:28;BatteryTemp                     ;Minor High  :Off
194;Event;'2026-05-20 13:19:58;BatteryTemp                     ;Minor High  :On 
195;Event;'2026-05-20 13:19:54;BatteryTemp1.1                  ;Minor High  :On 
196;Event;'2026-05-19 15:53:43;BatteryTemp                     ;Minor High  :Off
197;Event;'2026-05-19 15:53:38;BatteryTemp1.1                  ;Minor High  :Off
198;Event;'2026-05-19 14:31:12;BatteryTemp                     ;Minor High  :On 
199;Event;'2026-05-19 14:31:05;BatteryTemp1.1                  ;Minor High  :On 
200;Event;'2026-05-19 12:52:05;BatteryTemp                     ;Minor High  :Off
201;Event;'2026-05-19 12:52:04;BatteryTemp1.1                  ;Minor High  :Off
202;Event;'2026-05-19 12:20:13;BatteryTemp1.1                  ;Minor High  :On 
203;Event;'2026-05-19 12:20:07;BatteryTemp                     ;Minor High  :On 
204;Event;'2026-05-18 16:02:28;BatteryTemp                     ;Minor High  :Off
205;Event;'2026-05-18 16:02:28;BatteryTemp1.1                  ;Minor High  :Off
206;Event;'2026-05-18 13:17:54;BatteryTemp1.1                  ;Minor High  :On 
207;Event;'2026-05-18 13:17:22;BatteryTemp                     ;Minor High  :On 
208;Event;'2026-05-17 15:52:19;BatteryTemp                     ;Minor High  :Off
209;Event;'2026-05-17 15:52:15;BatteryTemp1.1                  ;Minor High  :Off
210;Event;'2026-05-17 14:56:12;BatteryTemp1.1                  ;Minor High  :On 
211;Event;'2026-05-17 14:56:05;BatteryTemp                     ;Minor High  :On 
212;Event;'2026-05-16 16:08:12;BatteryTemp1.1                  ;Minor High  :Off
213;Event;'2026-05-16 16:08:06;BatteryTemp                     ;Minor High  :Off
214;Event;'2026-05-16 13:14:13;BatteryTemp                     ;Minor High  :On 
215;Event;'2026-05-16 13:14:07;BatteryTemp1.1                  ;Minor High  :On 
216;Event;'2026-05-15 15:25:34;BatteryTemp1.1                  ;Minor High  :Off
217;Event;'2026-05-15 15:25:34;BatteryTemp                     ;Minor High  :Off
218;Event;'2026-05-15 15:08:05;BatteryTemp1.1                  ;Minor High  :On 
219;Event;'2026-05-15 15:08:03;BatteryTemp                     ;Minor High  :On 
220;Event;'2026-05-15 14:23:52;BatteryTemp                     ;Minor High  :Off
221;Event;'2026-05-15 14:11:28;BatteryTemp                     ;Minor High  :On 
222;Event;'2026-05-14 16:31:24;BatteryUsedCap                  ;:3%             
223;Event;'2026-05-14 16:20:14;MainsLow                        ;Major Alarm :Off
224;Event;'2026-05-14 16:20:13;MainsLow                        ;Major Alarm :On 
225;Event;'2026-05-14 16:18:46;MainsLow 1                      ;Major Alarm :Off
226;Event;'2026-05-14 16:18:46;MainsLow                        ;Major Alarm :Off
227;Event;'2026-05-14 16:18:44;MainsVolt 1.1                   ;Minor Low   :Off
228;Event;'2026-05-14 16:18:43;MainsVolt 1.1                   ;Major Low   :Off
229;Event;'2026-05-14 16:00:10;MainsVolt 1.1                   ;Major Low   :On 
230;Event;'2026-05-14 16:00:06;MainsLow 1                      ;Major Alarm :On 
231;Event;'2026-05-14 16:00:02;MainsVolt 1.1                   ;Minor Low   :On 
232;Event;'2026-05-14 15:59:59;MainsLow                        ;Major Alarm :On 
233;Event;'2026-05-14 13:15:10;BatteryTemp1.1                  ;Minor High  :Off
234;Event;'2026-05-14 13:15:09;BatteryTemp                     ;Minor High  :Off
235;Event;'2026-05-14 12:56:48;BatteryTemp                     ;Minor High  :On 
236;Event;'2026-05-14 12:56:47;BatteryTemp1.1                  ;Minor High  :On 
237;Event;'2026-05-13 16:02:55;BatteryTemp                     ;Minor High  :Off
238;Event;'2026-05-13 16:02:50;BatteryTemp1.1                  ;Minor High  :Off
239;Event;'2026-05-13 13:10:03;BatteryTemp1.1                  ;Minor High  :On 
240;Event;'2026-05-13 13:09:55;BatteryTemp                     ;Minor High  :On 
241;Event;'2026-05-12 15:50:34;BatteryTemp1.1                  ;Minor High  :Off
242;Event;'2026-05-12 15:50:34;BatteryTemp                     ;Minor High  :Off
243;Event;'2026-05-12 13:04:27;BatteryTemp1.1                  ;Minor High  :On 
244;Event;'2026-05-12 13:04:24;BatteryTemp                     ;Minor High  :On 
245;Event;'2026-05-11 15:26:32;BatteryTemp                     ;Minor High  :Off
246;Event;'2026-05-11 15:26:01;BatteryTemp1.1                  ;Minor High  :Off
247;Event;'2026-05-11 14:14:36;BatteryTemp                     ;Minor High  :On 
248;Event;'2026-05-11 14:14:26;BatteryTemp1.1                  ;Minor High  :On 
249;Event;'2026-05-11 08:37:40;BatteryUsedCap                  ;:18%            
250;Event;'2026-05-11 08:24:51;MainsLow                        ;Major Alarm :Off
251;Event;'2026-05-11 08:24:49;MainsLow                        ;Major Alarm :On 
252;Event;'2026-05-11 08:23:59;MainsLow                        ;Major Alarm :Off
253;Event;'2026-05-11 08:23:57;MainsLow                        ;Major Alarm :On 
254;Event;'2026-05-11 08:23:27;MainsLow 1                      ;Major Alarm :Off
255;Event;'2026-05-11 08:23:25;MainsVolt 1.1                   ;Minor Low   :Off
256;Event;'2026-05-11 08:23:24;MainsLow                        ;Major Alarm :Off
257;Event;'2026-05-11 08:23:24;MainsLow 1                      ;Major Alarm :On 
258;Event;'2026-05-11 08:23:20;MainsVolt 1.1                   ;Minor Low   :On 
259;Event;'2026-05-11 08:23:17;MainsLow                        ;Major Alarm :On 
260;Event;'2026-05-11 08:23:13;MainsLow 1                      ;Major Alarm :Off
261;Event;'2026-05-11 08:23:11;MainsLow                        ;Major Alarm :Off
262;Event;'2026-05-11 08:23:11;MainsVolt 1.1                   ;Minor Low   :Off
263;Event;'2026-05-11 08:23:10;MainsVolt 1.1                   ;Major Low   :Off
264;Event;'2026-05-11 06:20:42;MainsVolt 1.1                   ;Major Low   :On 
265;Event;'2026-05-11 06:20:38;MainsLow 1                      ;Major Alarm :On 
266;Event;'2026-05-11 06:20:34;MainsVolt 1.1                   ;Minor Low   :On 
267;Event;'2026-05-11 06:20:31;MainsLow                        ;Major Alarm :On 
268;Event;'2026-05-09 14:47:40;BatteryTemp                     ;Minor High  :Off
269;Event;'2026-05-09 14:47:38;BatteryTemp1.1                  ;Minor High  :Off
270;Event;'2026-05-09 12:56:53;BatteryTemp                     ;Minor High  :On 
271;Event;'2026-05-09 12:56:21;BatteryTemp1.1                  ;Minor High  :On 
272;Event;'2026-05-08 15:51:26;BatteryTemp                     ;Minor High  :Off
273;Event;'2026-05-08 15:51:20;BatteryTemp1.1                  ;Minor High  :Off
274;Event;'2026-05-08 12:25:10;BatteryTemp                     ;Minor High  :On 
275;Event;'2026-05-08 12:25:09;BatteryTemp1.1                  ;Minor High  :On 
276;Log out;'2026-05-06 17:03:11;10.10.0.4; ; ; TIMEOUT;1 admin ; 
277;Event;'2026-05-06 16:59:56;Door open                       ;Major Alarm :Off
278;Event;'2026-05-06 16:57:04;BatteryUsedCap                  ;:94%            
279;Event;'2026-05-06 16:47:36;MainsLow 1                      ;Major Alarm :Off
280;Event;'2026-05-06 16:47:34;MainsVolt 1.1                   ;Minor Low   :Off
281;Event;'2026-05-06 16:47:33;MainsLow                        ;Major Alarm :Off
282;Event;'2026-05-06 16:47:33;MainsVolt 1.1                   ;Major Low   :Off
283;Event;'2026-05-06 16:46:34;MainsVolt 1.1                   ;Major Low   :On 
284;Event;'2026-05-06 16:46:30;MainsLow 1                      ;Major Alarm :On 
285;Event;'2026-05-06 16:46:26;MainsVolt 1.1                   ;Minor Low   :On 
286;Event;'2026-05-06 16:46:22;MainsLow                        ;Major Alarm :On 
287;Event;'2026-05-06 16:41:04;MainsLow 1                      ;Major Alarm :Off
288;Event;'2026-05-06 16:41:03;MainsLow                        ;Major Alarm :Off
289;Event;'2026-05-06 16:41:02;MainsVolt 1.1                   ;Minor Low   :Off
290;Event;'2026-05-06 16:41:01;MainsVolt 1.1                   ;Major Low   :Off
291;Event;'2026-05-06 16:40:53;Genstart                        ;Event       :On 
292;Event;'2026-05-06 16:39:02;MainsVolt 1.1                   ;Major Low   :On 
293;Event;'2026-05-06 16:38:58;MainsLow 1                      ;Major Alarm :On 
294;Event;'2026-05-06 16:38:54;MainsVolt 1.1                   ;Minor Low   :On 
295;Event;'2026-05-06 16:38:51;MainsLow                        ;Major Alarm :On 
296;Change;'2026-05-06 16:38:48;SmartPack 1 tcpip gateway  ; 01:06.01.01.11.75.02 16;' 192.168.10.1 : 192.168.208.65 ; WEB;1 admin
297;Change;'2026-05-06 16:38:48;SmartPack 1 tcpip subnet mask  ; 01:06.01.01.11.75.01 16;' 255.255.255.0 : 255.255.255.224 ; WEB;1 admin
298;Change;'2026-05-06 16:38:48;SmartPack 1 tcpip address  ; 01:06.01.01.11.75.00 16;' 192.168.10.20 : 192.168.208.69 ; WEB;1 admin
299;Change;'2026-05-06 16:37:18;Battery   float voltage at reference temperature   ; 01:02.255.255.255.01.49 02;' 5120 : 5220 ; WEB;1 admin
300;Change;'2026-05-06 16:36:58;DcPlant  Message 3  ; 01:01.255.255.02.01.59 80;' ?? : eço: support@mcsangola.com   ; WEB;1 admin
301;Change;'2026-05-06 16:36:58;DcPlant  Message 3  ; 01:01.255.255.01.01.59 80;'  : Em caso de dúvida por favor contactar o supporte da MCS Energy no seguinte ende ; WEB;1 admin
302;Change;'2026-05-06 16:30:58;SmartPack 11 max user for user# 6  ; 01:06.11.07.06.77.03 01;' 1 : 5 ; WEB;1  
303;Change;'2026-05-06 16:30:58;SmartPack 11 level for user# 6  ; 01:06.11.07.06.77.02 01;' 0 : 3 ; WEB;1  
304;Change;'2026-05-06 16:30:57;SmartPack 11 Password for user# 6  ; 01:06.11.07.06.77.01 32;' ******************************* : ******************* ; WEB;1  
305;Change;'2026-05-06 16:30:57;SmartPack 11 Name for user# 6  ; 01:06.11.07.06.77.00 07;'   : ****** ; WEB;1  
306;Change;'2026-05-06 16:29:44;SmartPack 11 timeout for user# 5  ; 01:06.11.07.05.77.04 01;' 5 : 25 ; WEB;1  
307;Change;'2026-05-06 16:29:44;SmartPack 11 max user for user# 5  ; 01:06.11.07.05.77.03 01;' 1 : 10 ; WEB;1  
308;Change;'2026-05-06 16:29:44;SmartPack 11 level for user# 5  ; 01:06.11.07.05.77.02 01;' 0 : 3 ; WEB;1  
309;Change;'2026-05-06 16:29:43;SmartPack 11 Password for user# 5  ; 01:06.11.07.05.77.01 32;' ******************************* : ******************* ; WEB;1  
310;Change;'2026-05-06 16:29:43;SmartPack 11 Name for user# 5  ; 01:06.11.07.05.77.00 04;' 32 : 276 ; WEB;1  
311;Change;'2026-05-06 16:29:43;SmartPack 1  recovery link  ; 01:06.01.01.04.75.01 80;'  : support@mcsangola.com ; WEB;1  
312;Change;'2026-05-06 16:29:02;SmartPack 1 clock date  ; 01:06.01.255.255.11.00 04;' 202 : 202 ; WEB;1  
313;Change;'2020-09-20 16:29:00;SmartPack 1 clock time  ; 01:06.01.255.255.11.04 03;' 11 : 16 ; WEB;1  
314;Log in;'2020-09-20 11:20:20;10.10.0.4; ; ; WEB;1  ; 
315;Change;'2020-09-20 10:59:28;Generator  voltage limit   ; 01:11.255.255.01.01.57 02;' 4855 : 4850 ; WEB;1  
316;Change;'2020-09-20 10:58:13;Generator  voltage limit   ; 01:11.255.255.01.01.57 02;' 4860 : 4855 ; WEB;1  
317;Change;'2020-09-20 10:57:37;Generator  enable voltage limit   ; 01:11.255.255.00.01.59 01;' 0 : 1 ; WEB;1  
318;Change;'2020-09-20 10:57:00;Generator  stop delay  ; 01:11.255.255.00.01.47 01;' 0 : 5 ; WEB;1  
319;Change;'2020-09-20 10:55:40;Generator  enable standard   ; 01:11.255.255.00.01.41 01;' 0 : 1 ; WEB;1  
320;Change;'2020-09-20 10:54:40;Generator  voltage limit   ; 01:11.255.255.01.01.57 02;' 4865 : 4860 ; WEB;1  
321;Change;'2020-09-20 10:53:47;Generator  alarm group number   ; 01:11.255.255.00.01.30 01;' 0 : 17 ; WEB;1  
322;Change;'2020-09-20 10:53:19;SmartPack 11 Alarm Group 17 Description  ; 19:06.11.14.17.45.00 32;' Alarm Group 17   : GEN Control ; WEB;1  
323;Change;'2020-09-20 10:52:17;Battery  LVBD  disconnect limit  ; 01:02.255.255.255.06.05 02;' 4400 : 4520 ; WEB;1  
324;Change;'2020-09-20 10:52:17;Battery   technology  ; 01:02.255.255.05.01.00 01;' 0 : 1 ; WEB;1  
325;Change;'2020-09-20 10:52:17;Battery   cell capacity   ; 01:02.255.255.255.01.27 02;' 100 : 200 ; WEB;1  
326;Change;'2020-09-20 10:51:12;Generator  time limit   ; 01:11.255.255.01.01.58 01;' 12 : 6 ; WEB;1  
327;Change;'2020-09-20 10:51:01;Generator  voltage limit   ; 01:11.255.255.01.01.57 02;' 4800 : 4865 ; WEB;1  
328;Event;'2020-09-20 10:45:40;OutDoorTemp82.1                 ;Event       :On 
329;Event;'2020-09-20 10:44:42;Door open                       ;Major Alarm :On 
330;Event;'2020-09-20 10:44:40;OutDoorTemp82.1                 ;Event       :Off
331;Event;'2020-09-20 10:44:40;Door open                       ;Major Alarm :Off
332;Command;'2020-09-20 10:44:39;SystemRst 11 8                  ;Info            
333;--;'1970-01-01 00:00:00;--; ; ;-;--; 
334;--;'1970-01-01 00:00:00;--; ; ;-;--; 
335;--;'1970-01-01 00:00:00;--; ; ;-;--; 
336;--;'1970-01-01 00:00:00;--; ; ;-;--; 
337;--;'1970-01-01 00:00:00;--; ; ;-;--; 
338;--;'1970-01-01 00:00:00;--; ; ;-;--; 
339;--;'1970-01-01 00:00:00;--; ; ;-;--; 
340;--;'1970-01-01 00:00:00;--; ; ;-;--; 
341;--;'1970-01-01 00:00:00;--; ; ;-;--; 
342;--;'1970-01-01 00:00:00;--; ; ;-;--; 
343;--;'1970-01-01 00:00:00;--; ; ;-;--; 
344;--;'1970-01-01 00:00:00;--; ; ;-;--; 
345;--;'1970-01-01 00:00:00;--; ; ;-;--; 
346;--;'1970-01-01 00:00:00;--; ; ;-;--; 
347;--;'1970-01-01 00:00:00;--; ; ;-;--; 
348;--;'1970-01-01 00:00:00;--; ; ;-;--; 
349;--;'1970-01-01 00:00:00;--; ; ;-;--; 
350;--;'1970-01-01 00:00:00;--; ; ;-;--; 
351;--;'1970-01-01 00:00:00;--; ; ;-;--; 
352;--;'1970-01-01 00:00:00;--; ; ;-;--; 
353;--;'1970-01-01 00:00:00;--; ; ;-;--; 
354;--;'1970-01-01 00:00:00;--; ; ;-;--; 
355;--;'1970-01-01 00:00:00;--; ; ;-;--; 
356;--;'1970-01-01 00:00:00;--; ; ;-;--; 
357;--;'1970-01-01 00:00:00;--; ; ;-;--; 
358;--;'1970-01-01 00:00:00;--; ; ;-;--; 
359;--;'1970-01-01 00:00:00;--; ; ;-;--; 
360;--;'1970-01-01 00:00:00;--; ; ;-;--; 
361;--;'1970-01-01 00:00:00;--; ; ;-;--; 
362;--;'1970-01-01 00:00:00;--; ; ;-;--; 
363;--;'1970-01-01 00:00:00;--; ; ;-;--; 
364;--;'1970-01-01 00:00:00;--; ; ;-;--; 
365;--;'1970-01-01 00:00:00;--; ; ;-;--; 
366;--;'1970-01-01 00:00:00;--; ; ;-;--; 
367;--;'1970-01-01 00:00:00;--; ; ;-;--; 
368;--;'1970-01-01 00:00:00;--; ; ;-;--; 
369;--;'1970-01-01 00:00:00;--; ; ;-;--; 
370;--;'1970-01-01 00:00:00;--; ; ;-;--; 
371;--;'1970-01-01 00:00:00;--; ; ;-;--; 
372;--;'1970-01-01 00:00:00;--; ; ;-;--; 
373;--;'1970-01-01 00:00:00;--; ; ;-;--; 
374;--;'1970-01-01 00:00:00;--; ; ;-;--; 
375;--;'1970-01-01 00:00:00;--; ; ;-;--; 
376;--;'1970-01-01 00:00:00;--; ; ;-;--; 
377;--;'1970-01-01 00:00:00;--; ; ;-;--; 
378;--;'1970-01-01 00:00:00;--; ; ;-;--; 
379;--;'1970-01-01 00:00:00;--; ; ;-;--; 
380;--;'1970-01-01 00:00:00;--; ; ;-;--; 
381;--;'1970-01-01 00:00:00;--; ; ;-;--; 
382;--;'1970-01-01 00:00:00;--; ; ;-;--; 
383;--;'1970-01-01 00:00:00;--; ; ;-;--; 
384;--;'1970-01-01 00:00:00;--; ; ;-;--; 
385;--;'1970-01-01 00:00:00;--; ; ;-;--; 
386;--;'1970-01-01 00:00:00;--; ; ;-;--; 
387;--;'1970-01-01 00:00:00;--; ; ;-;--; 
388;--;'1970-01-01 00:00:00;--; ; ;-;--; 
389;--;'1970-01-01 00:00:00;--; ; ;-;--; 
390;--;'1970-01-01 00:00:00;--; ; ;-;--; 
391;--;'1970-01-01 00:00:00;--; ; ;-;--; 
392;--;'1970-01-01 00:00:00;--; ; ;-;--; 
393;--;'1970-01-01 00:00:00;--; ; ;-;--; 
394;--;'1970-01-01 00:00:00;--; ; ;-;--; 
395;--;'1970-01-01 00:00:00;--; ; ;-;--; 
396;--;'1970-01-01 00:00:00;--; ; ;-;--; 
397;--;'1970-01-01 00:00:00;--; ; ;-;--; 
398;--;'1970-01-01 00:00:00;--; ; ;-;--; 
399;--;'1970-01-01 00:00:00;--; ; ;-;--; 
400;--;'1970-01-01 00:00:00;--; ; ;-;--; 
401;--;'1970-01-01 00:00:00;--; ; ;-;--; 
402;--;'1970-01-01 00:00:00;--; ; ;-;--; 
403;--;'1970-01-01 00:00:00;--; ; ;-;--; 
404;--;'1970-01-01 00:00:00;--; ; ;-;--; 
405;--;'1970-01-01 00:00:00;--; ; ;-;--; 
406;--;'1970-01-01 00:00:00;--; ; ;-;--; 
407;--;'1970-01-01 00:00:00;--; ; ;-;--; 
408;--;'1970-01-01 00:00:00;--; ; ;-;--; 
409;--;'1970-01-01 00:00:00;--; ; ;-;--; 
410;--;'1970-01-01 00:00:00;--; ; ;-;--; 
411;--;'1970-01-01 00:00:00;--; ; ;-;--; 
412;--;'1970-01-01 00:00:00;--; ; ;-;--; 
413;--;'1970-01-01 00:00:00;--; ; ;-;--; 
414;--;'1970-01-01 00:00:00;--; ; ;-;--; 
415;--;'1970-01-01 00:00:00;--; ; ;-;--; 
416;--;'1970-01-01 00:00:00;--; ; ;-;--; 
417;--;'1970-01-01 00:00:00;--; ; ;-;--; 
418;--;'1970-01-01 00:00:00;--; ; ;-;--; 
419;--;'1970-01-01 00:00:00;--; ; ;-;--; 
420;--;'1970-01-01 00:00:00;--; ; ;-;--; 
421;--;'1970-01-01 00:00:00;--; ; ;-;--; 
422;--;'1970-01-01 00:00:00;--; ; ;-;--; 
423;--;'1970-01-01 00:00:00;--; ; ;-;--; 
424;--;'1970-01-01 00:00:00;--; ; ;-;--; 
425;--;'1970-01-01 00:00:00;--; ; ;-;--; 
426;--;'1970-01-01 00:00:00;--; ; ;-;--; 
427;--;'1970-01-01 00:00:00;--; ; ;-;--; 
428;--;'1970-01-01 00:00:00;--; ; ;-;--; 
429;--;'1970-01-01 00:00:00;--; ; ;-;--; 
430;--;'1970-01-01 00:00:00;--; ; ;-;--; 
431;--;'1970-01-01 00:00:00;--; ; ;-;--; 
432;--;'1970-01-01 00:00:00;--; ; ;-;--; 
433;--;'1970-01-01 00:00:00;--; ; ;-;--; 
434;--;'1970-01-01 00:00:00;--; ; ;-;--; 
435;--;'1970-01-01 00:00:00;--; ; ;-;--; 
436;--;'1970-01-01 00:00:00;--; ; ;-;--; 
437;--;'1970-01-01 00:00:00;--; ; ;-;--; 
438;--;'1970-01-01 00:00:00;--; ; ;-;--; 
439;--;'1970-01-01 00:00:00;--; ; ;-;--; 
440;--;'1970-01-01 00:00:00;--; ; ;-;--; 
441;--;'1970-01-01 00:00:00;--; ; ;-;--; 
442;--;'1970-01-01 00:00:00;--; ; ;-;--; 
443;--;'1970-01-01 00:00:00;--; ; ;-;--; 
444;--;'1970-01-01 00:00:00;--; ; ;-;--; 
445;--;'1970-01-01 00:00:00;--; ; ;-;--; 
446;--;'1970-01-01 00:00:00;--; ; ;-;--; 
447;--;'1970-01-01 00:00:00;--; ; ;-;--; 
448;--;'1970-01-01 00:00:00;--; ; ;-;--; 
449;--;'1970-01-01 00:00:00;--; ; ;-;--; 
450;--;'1970-01-01 00:00:00;--; ; ;-;--; 
451;--;'1970-01-01 00:00:00;--; ; ;-;--; 
452;--;'1970-01-01 00:00:00;--; ; ;-;--; 
453;--;'1970-01-01 00:00:00;--; ; ;-;--; 
454;--;'1970-01-01 00:00:00;--; ; ;-;--; 
455;--;'1970-01-01 00:00:00;--; ; ;-;--; 
456;--;'1970-01-01 00:00:00;--; ; ;-;--; 
457;--;'1970-01-01 00:00:00;--; ; ;-;--; 
458;--;'1970-01-01 00:00:00;--; ; ;-;--; 
459;--;'1970-01-01 00:00:00;--; ; ;-;--; 
460;--;'1970-01-01 00:00:00;--; ; ;-;--; 
461;--;'1970-01-01 00:00:00;--; ; ;-;--; 
462;--;'1970-01-01 00:00:00;--; ; ;-;--; 
463;--;'1970-01-01 00:00:00;--; ; ;-;--; 
464;--;'1970-01-01 00:00:00;--; ; ;-;--; 
465;--;'1970-01-01 00:00:00;--; ; ;-;--; 
466;--;'1970-01-01 00:00:00;--; ; ;-;--; 
467;--;'1970-01-01 00:00:00;--; ; ;-;--; 
468;--;'1970-01-01 00:00:00;--; ; ;-;--; 
469;--;'1970-01-01 00:00:00;--; ; ;-;--; 
470;--;'1970-01-01 00:00:00;--; ; ;-;--; 
471;--;'1970-01-01 00:00:00;--; ; ;-;--; 
472;--;'1970-01-01 00:00:00;--; ; ;-;--; 
473;--;'1970-01-01 00:00:00;--; ; ;-;--; 
474;--;'1970-01-01 00:00:00;--; ; ;-;--; 
475;--;'1970-01-01 00:00:00;--; ; ;-;--; 
476;--;'1970-01-01 00:00:00;--; ; ;-;--; 
477;--;'1970-01-01 00:00:00;--; ; ;-;--; 
478;--;'1970-01-01 00:00:00;--; ; ;-;--; 
479;--;'1970-01-01 00:00:00;--; ; ;-;--; 
480;--;'1970-01-01 00:00:00;--; ; ;-;--; 
481;--;'1970-01-01 00:00:00;--; ; ;-;--; 
482;--;'1970-01-01 00:00:00;--; ; ;-;--; 
483;--;'1970-01-01 00:00:00;--; ; ;-;--; 
484;--;'1970-01-01 00:00:00;--; ; ;-;--; 
485;--;'1970-01-01 00:00:00;--; ; ;-;--; 
486;--;'1970-01-01 00:00:00;--; ; ;-;--; 
487;--;'1970-01-01 00:00:00;--; ; ;-;--; 
488;--;'1970-01-01 00:00:00;--; ; ;-;--; 
489;--;'1970-01-01 00:00:00;--; ; ;-;--; 
490;--;'1970-01-01 00:00:00;--; ; ;-;--; 
491;--;'1970-01-01 00:00:00;--; ; ;-;--; 
492;--;'1970-01-01 00:00:00;--; ; ;-;--; 
493;--;'1970-01-01 00:00:00;--; ; ;-;--; 
494;--;'1970-01-01 00:00:00;--; ; ;-;--; 
495;--;'1970-01-01 00:00:00;--; ; ;-;--; 
496;--;'1970-01-01 00:00:00;--; ; ;-;--; 
497;--;'1970-01-01 00:00:00;--; ; ;-;--; 
498;--;'1970-01-01 00:00:00;--; ; ;-;--; 
499;--;'1970-01-01 00:00:00;--; ; ;-;--; 
500;--;'1970-01-01 00:00:00;--; ; ;-;--; 
501;--;'1970-01-01 00:00:00;--; ; ;-;--; 
502;--;'1970-01-01 00:00:00;--; ; ;-;--; 
503;--;'1970-01-01 00:00:00;--; ; ;-;--; 
504;--;'1970-01-01 00:00:00;--; ; ;-;--; 
505;--;'1970-01-01 00:00:00;--; ; ;-;--; 
506;--;'1970-01-01 00:00:00;--; ; ;-;--; 
507;--;'1970-01-01 00:00:00;--; ; ;-;--; 
508;--;'1970-01-01 00:00:00;--; ; ;-;--; 
509;--;'1970-01-01 00:00:00;--; ; ;-;--; 
510;--;'1970-01-01 00:00:00;--; ; ;-;--; 
511;--;'1970-01-01 00:00:00;--; ; ;-;--; 
512;--;'1970-01-01 00:00:00;--; ; ;-;--; 
513;--;'1970-01-01 00:00:00;--; ; ;-;--; 
514;--;'1970-01-01 00:00:00;--; ; ;-;--; 
515;--;'1970-01-01 00:00:00;--; ; ;-;--; 
516;--;'1970-01-01 00:00:00;--; ; ;-;--; 
517;--;'1970-01-01 00:00:00;--; ; ;-;--; 
518;--;'1970-01-01 00:00:00;--; ; ;-;--; 
519;--;'1970-01-01 00:00:00;--; ; ;-;--; 
520;--;'1970-01-01 00:00:00;--; ; ;-;--; 
521;--;'1970-01-01 00:00:00;--; ; ;-;--; 
522;--;'1970-01-01 00:00:00;--; ; ;-;--; 
523;--;'1970-01-01 00:00:00;--; ; ;-;--; 
524;--;'1970-01-01 00:00:00;--; ; ;-;--; 
525;--;'1970-01-01 00:00:00;--; ; ;-;--; 
526;--;'1970-01-01 00:00:00;--; ; ;-;--; 
527;--;'1970-01-01 00:00:00;--; ; ;-;--; 
528;--;'1970-01-01 00:00:00;--; ; ;-;--; 
529;--;'1970-01-01 00:00:00;--; ; ;-;--; 
530;--;'1970-01-01 00:00:00;--; ; ;-;--; 
531;--;'1970-01-01 00:00:00;--; ; ;-;--; 
532;--;'1970-01-01 00:00:00;--; ; ;-;--; 
533;--;'1970-01-01 00:00:00;--; ; ;-;--; 
534;--;'1970-01-01 00:00:00;--; ; ;-;--; 
535;--;'1970-01-01 00:00:00;--; ; ;-;--; 
536;--;'1970-01-01 00:00:00;--; ; ;-;--; 
537;--;'1970-01-01 00:00:00;--; ; ;-;--; 
538;--;'1970-01-01 00:00:00;--; ; ;-;--; 
539;--;'1970-01-01 00:00:00;--; ; ;-;--; 
540;--;'1970-01-01 00:00:00;--; ; ;-;--; 
541;--;'1970-01-01 00:00:00;--; ; ;-;--; 
542;--;'1970-01-01 00:00:00;--; ; ;-;--; 
543;--;'1970-01-01 00:00:00;--; ; ;-;--; 
544;--;'1970-01-01 00:00:00;--; ; ;-;--; 
545;--;'1970-01-01 00:00:00;--; ; ;-;--; 
546;--;'1970-01-01 00:00:00;--; ; ;-;--; 
547;--;'1970-01-01 00:00:00;--; ; ;-;--; 
548;--;'1970-01-01 00:00:00;--; ; ;-;--; 
549;--;'1970-01-01 00:00:00;--; ; ;-;--; 
550;--;'1970-01-01 00:00:00;--; ; ;-;--; 
551;--;'1970-01-01 00:00:00;--; ; ;-;--; 
552;--;'1970-01-01 00:00:00;--; ; ;-;--; 
553;--;'1970-01-01 00:00:00;--; ; ;-;--; 
554;--;'1970-01-01 00:00:00;--; ; ;-;--; 
555;--;'1970-01-01 00:00:00;--; ; ;-;--; 
556;--;'1970-01-01 00:00:00;--; ; ;-;--; 
557;--;'1970-01-01 00:00:00;--; ; ;-;--; 
558;--;'1970-01-01 00:00:00;--; ; ;-;--; 
559;--;'1970-01-01 00:00:00;--; ; ;-;--; 
560;--;'1970-01-01 00:00:00;--; ; ;-;--; 
561;--;'1970-01-01 00:00:00;--; ; ;-;--; 
562;--;'1970-01-01 00:00:00;--; ; ;-;--; 
563;--;'1970-01-01 00:00:00;--; ; ;-;--; 
564;--;'1970-01-01 00:00:00;--; ; ;-;--; 
565;--;'1970-01-01 00:00:00;--; ; ;-;--; 
566;--;'1970-01-01 00:00:00;--; ; ;-;--; 
567;--;'1970-01-01 00:00:00;--; ; ;-;--; 
568;--;'1970-01-01 00:00:00;--; ; ;-;--; 
569;--;'1970-01-01 00:00:00;--; ; ;-;--; 
570;--;'1970-01-01 00:00:00;--; ; ;-;--; 
571;--;'1970-01-01 00:00:00;--; ; ;-;--; 
572;--;'1970-01-01 00:00:00;--; ; ;-;--; 
573;--;'1970-01-01 00:00:00;--; ; ;-;--; 
574;--;'1970-01-01 00:00:00;--; ; ;-;--; 
575;--;'1970-01-01 00:00:00;--; ; ;-;--; 
576;--;'1970-01-01 00:00:00;--; ; ;-;--; 
577;--;'1970-01-01 00:00:00;--; ; ;-;--; 
578;--;'1970-01-01 00:00:00;--; ; ;-;--; 
579;--;'1970-01-01 00:00:00;--; ; ;-;--; 
580;--;'1970-01-01 00:00:00;--; ; ;-;--; 
581;--;'1970-01-01 00:00:00;--; ; ;-;--; 
582;--;'1970-01-01 00:00:00;--; ; ;-;--; 
583;--;'1970-01-01 00:00:00;--; ; ;-;--; 
584;--;'1970-01-01 00:00:00;--; ; ;-;--; 
585;--;'1970-01-01 00:00:00;--; ; ;-;--; 
586;--;'1970-01-01 00:00:00;--; ; ;-;--; 
587;--;'1970-01-01 00:00:00;--; ; ;-;--; 
588;--;'1970-01-01 00:00:00;--; ; ;-;--; 
589;--;'1970-01-01 00:00:00;--; ; ;-;--; 
590;--;'1970-01-01 00:00:00;--; ; ;-;--; 
591;--;'1970-01-01 00:00:00;--; ; ;-;--; 
592;--;'1970-01-01 00:00:00;--; ; ;-;--; 
593;--;'1970-01-01 00:00:00;--; ; ;-;--; 
594;--;'1970-01-01 00:00:00;--; ; ;-;--; 
595;--;'1970-01-01 00:00:00;--; ; ;-;--; 
596;--;'1970-01-01 00:00:00;--; ; ;-;--; 
597;--;'1970-01-01 00:00:00;--; ; ;-;--; 
598;--;'1970-01-01 00:00:00;--; ; ;-;--; 
599;--;'1970-01-01 00:00:00;--; ; ;-;--; 
600;--;'1970-01-01 00:00:00;--; ; ;-;--; 
601;--;'1970-01-01 00:00:00;--; ; ;-;--; 
602;--;'1970-01-01 00:00:00;--; ; ;-;--; 
603;--;'1970-01-01 00:00:00;--; ; ;-;--; 
604;--;'1970-01-01 00:00:00;--; ; ;-;--; 
605;--;'1970-01-01 00:00:00;--; ; ;-;--; 
606;--;'1970-01-01 00:00:00;--; ; ;-;--; 
607;--;'1970-01-01 00:00:00;--; ; ;-;--; 
608;--;'1970-01-01 00:00:00;--; ; ;-;--; 
609;--;'1970-01-01 00:00:00;--; ; ;-;--; 
610;--;'1970-01-01 00:00:00;--; ; ;-;--; 
611;--;'1970-01-01 00:00:00;--; ; ;-;--; 
612;--;'1970-01-01 00:00:00;--; ; ;-;--; 
613;--;'1970-01-01 00:00:00;--; ; ;-;--; 
614;--;'1970-01-01 00:00:00;--; ; ;-;--; 
615;--;'1970-01-01 00:00:00;--; ; ;-;--; 
616;--;'1970-01-01 00:00:00;--; ; ;-;--; 
617;--;'1970-01-01 00:00:00;--; ; ;-;--; 
618;--;'1970-01-01 00:00:00;--; ; ;-;--; 
619;--;'1970-01-01 00:00:00;--; ; ;-;--; 
620;--;'1970-01-01 00:00:00;--; ; ;-;--; 
621;--;'1970-01-01 00:00:00;--; ; ;-;--; 
622;--;'1970-01-01 00:00:00;--; ; ;-;--; 
623;--;'1970-01-01 00:00:00;--; ; ;-;--; 
624;--;'1970-01-01 00:00:00;--; ; ;-;--; 
625;--;'1970-01-01 00:00:00;--; ; ;-;--; 
626;--;'1970-01-01 00:00:00;--; ; ;-;--; 
627;--;'1970-01-01 00:00:00;--; ; ;-;--; 
628;--;'1970-01-01 00:00:00;--; ; ;-;--; 
629;--;'1970-01-01 00:00:00;--; ; ;-;--; 
630;--;'1970-01-01 00:00:00;--; ; ;-;--; 
631;--;'1970-01-01 00:00:00;--; ; ;-;--; 
632;--;'1970-01-01 00:00:00;--; ; ;-;--; 
633;--;'1970-01-01 00:00:00;--; ; ;-;--; 
634;--;'1970-01-01 00:00:00;--; ; ;-;--; 
635;--;'1970-01-01 00:00:00;--; ; ;-;--; 
636;--;'1970-01-01 00:00:00;--; ; ;-;--; 
637;--;'1970-01-01 00:00:00;--; ; ;-;--; 
638;--;'1970-01-01 00:00:00;--; ; ;-;--; 
639;--;'1970-01-01 00:00:00;--; ; ;-;--; 
640;--;'1970-01-01 00:00:00;--; ; ;-;--; 
641;--;'1970-01-01 00:00:00;--; ; ;-;--; 
642;--;'1970-01-01 00:00:00;--; ; ;-;--; 
643;--;'1970-01-01 00:00:00;--; ; ;-;--; 
644;--;'1970-01-01 00:00:00;--; ; ;-;--; 
645;--;'1970-01-01 00:00:00;--; ; ;-;--; 
646;--;'1970-01-01 00:00:00;--; ; ;-;--; 
647;--;'1970-01-01 00:00:00;--; ; ;-;--; 
648;--;'1970-01-01 00:00:00;--; ; ;-;--; 
649;--;'1970-01-01 00:00:00;--; ; ;-;--; 
650;--;'1970-01-01 00:00:00;--; ; ;-;--; 
651;--;'1970-01-01 00:00:00;--; ; ;-;--; 
652;--;'1970-01-01 00:00:00;--; ; ;-;--; 
653;--;'1970-01-01 00:00:00;--; ; ;-;--; 
654;--;'1970-01-01 00:00:00;--; ; ;-;--; 
655;--;'1970-01-01 00:00:00;--; ; ;-;--; 
656;--;'1970-01-01 00:00:00;--; ; ;-;--; 
657;--;'1970-01-01 00:00:00;--; ; ;-;--; 
658;--;'1970-01-01 00:00:00;--; ; ;-;--; 
659;--;'1970-01-01 00:00:00;--; ; ;-;--; 
660;--;'1970-01-01 00:00:00;--; ; ;-;--; 
661;--;'1970-01-01 00:00:00;--; ; ;-;--; 
662;--;'1970-01-01 00:00:00;--; ; ;-;--; 
663;--;'1970-01-01 00:00:00;--; ; ;-;--; 
664;--;'1970-01-01 00:00:00;--; ; ;-;--; 
665;--;'1970-01-01 00:00:00;--; ; ;-;--; 
666;--;'1970-01-01 00:00:00;--; ; ;-;--; 
667;--;'1970-01-01 00:00:00;--; ; ;-;--; 
668;--;'1970-01-01 00:00:00;--; ; ;-;--; 
669;--;'1970-01-01 00:00:00;--; ; ;-;--; 
670;--;'1970-01-01 00:00:00;--; ; ;-;--; 
671;--;'1970-01-01 00:00:00;--; ; ;-;--; 
672;--;'1970-01-01 00:00:00;--; ; ;-;--; 
673;--;'1970-01-01 00:00:00;--; ; ;-;--; 
674;--;'1970-01-01 00:00:00;--; ; ;-;--; 
675;--;'1970-01-01 00:00:00;--; ; ;-;--; 
676;--;'1970-01-01 00:00:00;--; ; ;-;--; 
677;--;'1970-01-01 00:00:00;--; ; ;-;--; 
678;--;'1970-01-01 00:00:00;--; ; ;-;--; 
679;--;'1970-01-01 00:00:00;--; ; ;-;--; 
680;--;'1970-01-01 00:00:00;--; ; ;-;--; 
681;--;'1970-01-01 00:00:00;--; ; ;-;--; 
682;--;'1970-01-01 00:00:00;--; ; ;-;--; 
683;--;'1970-01-01 00:00:00;--; ; ;-;--; 
684;--;'1970-01-01 00:00:00;--; ; ;-;--; 
685;--;'1970-01-01 00:00:00;--; ; ;-;--; 
686;--;'1970-01-01 00:00:00;--; ; ;-;--; 
687;--;'1970-01-01 00:00:00;--; ; ;-;--; 
688;--;'1970-01-01 00:00:00;--; ; ;-;--; 
689;--;'1970-01-01 00:00:00;--; ; ;-;--; 
690;--;'1970-01-01 00:00:00;--; ; ;-;--; 
691;--;'1970-01-01 00:00:00;--; ; ;-;--; 
692;--;'1970-01-01 00:00:00;--; ; ;-;--; 
693;--;'1970-01-01 00:00:00;--; ; ;-;--; 
694;--;'1970-01-01 00:00:00;--; ; ;-;--; 
695;--;'1970-01-01 00:00:00;--; ; ;-;--; 
696;--;'1970-01-01 00:00:00;--; ; ;-;--; 
697;--;'1970-01-01 00:00:00;--; ; ;-;--; 
698;--;'1970-01-01 00:00:00;--; ; ;-;--; 
699;--;'1970-01-01 00:00:00;--; ; ;-;--; 
700;--;'1970-01-01 00:00:00;--; ; ;-;--; 
701;--;'1970-01-01 00:00:00;--; ; ;-;--; 
702;--;'1970-01-01 00:00:00;--; ; ;-;--; 
703;--;'1970-01-01 00:00:00;--; ; ;-;--; 
704;--;'1970-01-01 00:00:00;--; ; ;-;--; 
705;--;'1970-01-01 00:00:00;--; ; ;-;--; 
706;--;'1970-01-01 00:00:00;--; ; ;-;--; 
707;--;'1970-01-01 00:00:00;--; ; ;-;--; 
708;--;'1970-01-01 00:00:00;--; ; ;-;--; 
709;--;'1970-01-01 00:00:00;--; ; ;-;--; 
710;--;'1970-01-01 00:00:00;--; ; ;-;--; 
711;--;'1970-01-01 00:00:00;--; ; ;-;--; 
712;--;'1970-01-01 00:00:00;--; ; ;-;--; 
713;--;'1970-01-01 00:00:00;--; ; ;-;--; 
714;--;'1970-01-01 00:00:00;--; ; ;-;--; 
715;--;'1970-01-01 00:00:00;--; ; ;-;--; 
716;--;'1970-01-01 00:00:00;--; ; ;-;--; 
717;--;'1970-01-01 00:00:00;--; ; ;-;--; 
718;--;'1970-01-01 00:00:00;--; ; ;-;--; 
719;--;'1970-01-01 00:00:00;--; ; ;-;--; 
720;--;'1970-01-01 00:00:00;--; ; ;-;--; 
721;--;'1970-01-01 00:00:00;--; ; ;-;--; 
722;--;'1970-01-01 00:00:00;--; ; ;-;--; 
723;--;'1970-01-01 00:00:00;--; ; ;-;--; 
724;--;'1970-01-01 00:00:00;--; ; ;-;--; 
725;--;'1970-01-01 00:00:00;--; ; ;-;--; 
726;--;'1970-01-01 00:00:00;--; ; ;-;--; 
727;--;'1970-01-01 00:00:00;--; ; ;-;--; 
728;--;'1970-01-01 00:00:00;--; ; ;-;--; 
729;--;'1970-01-01 00:00:00;--; ; ;-;--; 
730;--;'1970-01-01 00:00:00;--; ; ;-;--; 
731;--;'1970-01-01 00:00:00;--; ; ;-;--; 
732;--;'1970-01-01 00:00:00;--; ; ;-;--; 
733;--;'1970-01-01 00:00:00;--; ; ;-;--; 
734;--;'1970-01-01 00:00:00;--; ; ;-;--; 
735;--;'1970-01-01 00:00:00;--; ; ;-;--; 
736;--;'1970-01-01 00:00:00;--; ; ;-;--; 
737;--;'1970-01-01 00:00:00;--; ; ;-;--; 
738;--;'1970-01-01 00:00:00;--; ; ;-;--; 
739;--;'1970-01-01 00:00:00;--; ; ;-;--; 
740;--;'1970-01-01 00:00:00;--; ; ;-;--; 
741;--;'1970-01-01 00:00:00;--; ; ;-;--; 
742;--;'1970-01-01 00:00:00;--; ; ;-;--; 
743;--;'1970-01-01 00:00:00;--; ; ;-;--; 
744;--;'1970-01-01 00:00:00;--; ; ;-;--; 
745;--;'1970-01-01 00:00:00;--; ; ;-;--; 
746;--;'1970-01-01 00:00:00;--; ; ;-;--; 
747;--;'1970-01-01 00:00:00;--; ; ;-;--; 
748;--;'1970-01-01 00:00:00;--; ; ;-;--; 
749;--;'1970-01-01 00:00:00;--; ; ;-;--; 
750;--;'1970-01-01 00:00:00;--; ; ;-;--; 
751;--;'1970-01-01 00:00:00;--; ; ;-;--; 
752;--;'1970-01-01 00:00:00;--; ; ;-;--; 
753;--;'1970-01-01 00:00:00;--; ; ;-;--; 
754;--;'1970-01-01 00:00:00;--; ; ;-;--; 
755;--;'1970-01-01 00:00:00;--; ; ;-;--; 
756;--;'1970-01-01 00:00:00;--; ; ;-;--; 
757;--;'1970-01-01 00:00:00;--; ; ;-;--; 
758;--;'1970-01-01 00:00:00;--; ; ;-;--; 
759;--;'1970-01-01 00:00:00;--; ; ;-;--; 
760;--;'1970-01-01 00:00:00;--; ; ;-;--; 
761;--;'1970-01-01 00:00:00;--; ; ;-;--; 
762;--;'1970-01-01 00:00:00;--; ; ;-;--; 
763;--;'1970-01-01 00:00:00;--; ; ;-;--; 
764;--;'1970-01-01 00:00:00;--; ; ;-;--; 
765;--;'1970-01-01 00:00:00;--; ; ;-;--; 
766;--;'1970-01-01 00:00:00;--; ; ;-;--; 
767;--;'1970-01-01 00:00:00;--; ; ;-;--; 
768;--;'1970-01-01 00:00:00;--; ; ;-;--; 
769;--;'1970-01-01 00:00:00;--; ; ;-;--; 
770;--;'1970-01-01 00:00:00;--; ; ;-;--; 
771;--;'1970-01-01 00:00:00;--; ; ;-;--; 
772;--;'1970-01-01 00:00:00;--; ; ;-;--; 
773;--;'1970-01-01 00:00:00;--; ; ;-;--; 
774;--;'1970-01-01 00:00:00;--; ; ;-;--; 
775;--;'1970-01-01 00:00:00;--; ; ;-;--; 
776;--;'1970-01-01 00:00:00;--; ; ;-;--; 
777;--;'1970-01-01 00:00:00;--; ; ;-;--; 
778;--;'1970-01-01 00:00:00;--; ; ;-;--; 
779;--;'1970-01-01 00:00:00;--; ; ;-;--; 
780;--;'1970-01-01 00:00:00;--; ; ;-;--; 
781;--;'1970-01-01 00:00:00;--; ; ;-;--; 
782;--;'1970-01-01 00:00:00;--; ; ;-;--; 
783;--;'1970-01-01 00:00:00;--; ; ;-;--; 
784;--;'1970-01-01 00:00:00;--; ; ;-;--; 
785;--;'1970-01-01 00:00:00;--; ; ;-;--; 
786;--;'1970-01-01 00:00:00;--; ; ;-;--; 
787;--;'1970-01-01 00:00:00;--; ; ;-;--; 
788;--;'1970-01-01 00:00:00;--; ; ;-;--; 
789;--;'1970-01-01 00:00:00;--; ; ;-;--; 
790;--;'1970-01-01 00:00:00;--; ; ;-;--; 
791;--;'1970-01-01 00:00:00;--; ; ;-;--; 
792;--;'1970-01-01 00:00:00;--; ; ;-;--; 
793;--;'1970-01-01 00:00:00;--; ; ;-;--; 
794;--;'1970-01-01 00:00:00;--; ; ;-;--; 
795;--;'1970-01-01 00:00:00;--; ; ;-;--; 
796;--;'1970-01-01 00:00:00;--; ; ;-;--; 
797;--;'1970-01-01 00:00:00;--; ; ;-;--; 
798;--;'1970-01-01 00:00:00;--; ; ;-;--; 
799;--;'1970-01-01 00:00:00;--; ; ;-;--; 
800;--;'1970-01-01 00:00:00;--; ; ;-;--; 
801;--;'1970-01-01 00:00:00;--; ; ;-;--; 
802;--;'1970-01-01 00:00:00;--; ; ;-;--; 
803;--;'1970-01-01 00:00:00;--; ; ;-;--; 
804;--;'1970-01-01 00:00:00;--; ; ;-;--; 
805;--;'1970-01-01 00:00:00;--; ; ;-;--; 
806;--;'1970-01-01 00:00:00;--; ; ;-;--; 
807;--;'1970-01-01 00:00:00;--; ; ;-;--; 
808;--;'1970-01-01 00:00:00;--; ; ;-;--; 
809;--;'1970-01-01 00:00:00;--; ; ;-;--; 
810;--;'1970-01-01 00:00:00;--; ; ;-;--; 
811;--;'1970-01-01 00:00:00;--; ; ;-;--; 
812;--;'1970-01-01 00:00:00;--; ; ;-;--; 
813;--;'1970-01-01 00:00:00;--; ; ;-;--; 
814;--;'1970-01-01 00:00:00;--; ; ;-;--; 
815;--;'1970-01-01 00:00:00;--; ; ;-;--; 
816;--;'1970-01-01 00:00:00;--; ; ;-;--; 
817;--;'1970-01-01 00:00:00;--; ; ;-;--; 
818;--;'1970-01-01 00:00:00;--; ; ;-;--; 
819;--;'1970-01-01 00:00:00;--; ; ;-;--; 
820;--;'1970-01-01 00:00:00;--; ; ;-;--; 
821;--;'1970-01-01 00:00:00;--; ; ;-;--; 
822;--;'1970-01-01 00:00:00;--; ; ;-;--; 
823;--;'1970-01-01 00:00:00;--; ; ;-;--; 
824;--;'1970-01-01 00:00:00;--; ; ;-;--; 
825;--;'1970-01-01 00:00:00;--; ; ;-;--; 
826;--;'1970-01-01 00:00:00;--; ; ;-;--; 
827;--;'1970-01-01 00:00:00;--; ; ;-;--; 
828;--;'1970-01-01 00:00:00;--; ; ;-;--; 
829;--;'1970-01-01 00:00:00;--; ; ;-;--; 
830;--;'1970-01-01 00:00:00;--; ; ;-;--; 
831;--;'1970-01-01 00:00:00;--; ; ;-;--; 
832;--;'1970-01-01 00:00:00;--; ; ;-;--; 
833;--;'1970-01-01 00:00:00;--; ; ;-;--; 
834;--;'1970-01-01 00:00:00;--; ; ;-;--; 
835;--;'1970-01-01 00:00:00;--; ; ;-;--; 
836;--;'1970-01-01 00:00:00;--; ; ;-;--; 
837;--;'1970-01-01 00:00:00;--; ; ;-;--; 
838;--;'1970-01-01 00:00:00;--; ; ;-;--; 
839;--;'1970-01-01 00:00:00;--; ; ;-;--; 
840;--;'1970-01-01 00:00:00;--; ; ;-;--; 
841;--;'1970-01-01 00:00:00;--; ; ;-;--; 
842;--;'1970-01-01 00:00:00;--; ; ;-;--; 
843;--;'1970-01-01 00:00:00;--; ; ;-;--; 
844;--;'1970-01-01 00:00:00;--; ; ;-;--; 
845;--;'1970-01-01 00:00:00;--; ; ;-;--; 
846;--;'1970-01-01 00:00:00;--; ; ;-;--; 
847;--;'1970-01-01 00:00:00;--; ; ;-;--; 
848;--;'1970-01-01 00:00:00;--; ; ;-;--; 
849;--;'1970-01-01 00:00:00;--; ; ;-;--; 
850;--;'1970-01-01 00:00:00;--; ; ;-;--; 
851;--;'1970-01-01 00:00:00;--; ; ;-;--; 
852;--;'1970-01-01 00:00:00;--; ; ;-;--; 
853;--;'1970-01-01 00:00:00;--; ; ;-;--; 
854;--;'1970-01-01 00:00:00;--; ; ;-;--; 
855;--;'1970-01-01 00:00:00;--; ; ;-;--; 
856;--;'1970-01-01 00:00:00;--; ; ;-;--; 
857;--;'1970-01-01 00:00:00;--; ; ;-;--; 
858;--;'1970-01-01 00:00:00;--; ; ;-;--; 
859;--;'1970-01-01 00:00:00;--; ; ;-;--; 
860;--;'1970-01-01 00:00:00;--; ; ;-;--; 
861;--;'1970-01-01 00:00:00;--; ; ;-;--; 
862;--;'1970-01-01 00:00:00;--; ; ;-;--; 
863;--;'1970-01-01 00:00:00;--; ; ;-;--; 
864;--;'1970-01-01 00:00:00;--; ; ;-;--; 
865;--;'1970-01-01 00:00:00;--; ; ;-;--; 
866;--;'1970-01-01 00:00:00;--; ; ;-;--; 
867;--;'1970-01-01 00:00:00;--; ; ;-;--; 
868;--;'1970-01-01 00:00:00;--; ; ;-;--; 
869;--;'1970-01-01 00:00:00;--; ; ;-;--; 
870;--;'1970-01-01 00:00:00;--; ; ;-;--; 
871;--;'1970-01-01 00:00:00;--; ; ;-;--; 
872;--;'1970-01-01 00:00:00;--; ; ;-;--; 
873;--;'1970-01-01 00:00:00;--; ; ;-;--; 
874;--;'1970-01-01 00:00:00;--; ; ;-;--; 
875;--;'1970-01-01 00:00:00;--; ; ;-;--; 
876;--;'1970-01-01 00:00:00;--; ; ;-;--; 
877;--;'1970-01-01 00:00:00;--; ; ;-;--; 
878;--;'1970-01-01 00:00:00;--; ; ;-;--; 
879;--;'1970-01-01 00:00:00;--; ; ;-;--; 
880;--;'1970-01-01 00:00:00;--; ; ;-;--; 
881;--;'1970-01-01 00:00:00;--; ; ;-;--; 
882;--;'1970-01-01 00:00:00;--; ; ;-;--; 
883;--;'1970-01-01 00:00:00;--; ; ;-;--; 
884;--;'1970-01-01 00:00:00;--; ; ;-;--; 
885;--;'1970-01-01 00:00:00;--; ; ;-;--; 
886;--;'1970-01-01 00:00:00;--; ; ;-;--; 
887;--;'1970-01-01 00:00:00;--; ; ;-;--; 
888;--;'1970-01-01 00:00:00;--; ; ;-;--; 
889;--;'1970-01-01 00:00:00;--; ; ;-;--; 
890;--;'1970-01-01 00:00:00;--; ; ;-;--; 
891;--;'1970-01-01 00:00:00;--; ; ;-;--; 
892;--;'1970-01-01 00:00:00;--; ; ;-;--; 
893;--;'1970-01-01 00:00:00;--; ; ;-;--; 
894;--;'1970-01-01 00:00:00;--; ; ;-;--; 
895;--;'1970-01-01 00:00:00;--; ; ;-;--; 
896;--;'1970-01-01 00:00:00;--; ; ;-;--; 
897;--;'1970-01-01 00:00:00;--; ; ;-;--; 
898;--;'1970-01-01 00:00:00;--; ; ;-;--; 
899;--;'1970-01-01 00:00:00;--; ; ;-;--; 
900;--;'1970-01-01 00:00:00;--; ; ;-;--; 
901;--;'1970-01-01 00:00:00;--; ; ;-;--; 
902;--;'1970-01-01 00:00:00;--; ; ;-;--; 
903;--;'1970-01-01 00:00:00;--; ; ;-;--; 
904;--;'1970-01-01 00:00:00;--; ; ;-;--; 
905;--;'1970-01-01 00:00:00;--; ; ;-;--; 
906;--;'1970-01-01 00:00:00;--; ; ;-;--; 
907;--;'1970-01-01 00:00:00;--; ; ;-;--; 
908;--;'1970-01-01 00:00:00;--; ; ;-;--; 
909;--;'1970-01-01 00:00:00;--; ; ;-;--; 
910;--;'1970-01-01 00:00:00;--; ; ;-;--; 
911;--;'1970-01-01 00:00:00;--; ; ;-;--; 
912;--;'1970-01-01 00:00:00;--; ; ;-;--; 
913;--;'1970-01-01 00:00:00;--; ; ;-;--; 
914;--;'1970-01-01 00:00:00;--; ; ;-;--; 
915;--;'1970-01-01 00:00:00;--; ; ;-;--; 
916;--;'1970-01-01 00:00:00;--; ; ;-;--; 
917;--;'1970-01-01 00:00:00;--; ; ;-;--; 
918;--;'1970-01-01 00:00:00;--; ; ;-;--; 
919;--;'1970-01-01 00:00:00;--; ; ;-;--; 
920;--;'1970-01-01 00:00:00;--; ; ;-;--; 
921;--;'1970-01-01 00:00:00;--; ; ;-;--; 
922;--;'1970-01-01 00:00:00;--; ; ;-;--; 
923;--;'1970-01-01 00:00:00;--; ; ;-;--; 
924;--;'1970-01-01 00:00:00;--; ; ;-;--; 
925;--;'1970-01-01 00:00:00;--; ; ;-;--; 
926;--;'1970-01-01 00:00:00;--; ; ;-;--; 
927;--;'1970-01-01 00:00:00;--; ; ;-;--; 
928;--;'1970-01-01 00:00:00;--; ; ;-;--; 
929;--;'1970-01-01 00:00:00;--; ; ;-;--; 
930;--;'1970-01-01 00:00:00;--; ; ;-;--; 
931;--;'1970-01-01 00:00:00;--; ; ;-;--; 
932;--;'1970-01-01 00:00:00;--; ; ;-;--; 
933;--;'1970-01-01 00:00:00;--; ; ;-;--; 
934;--;'1970-01-01 00:00:00;--; ; ;-;--; 
935;--;'1970-01-01 00:00:00;--; ; ;-;--; 
936;--;'1970-01-01 00:00:00;--; ; ;-;--; 
937;--;'1970-01-01 00:00:00;--; ; ;-;--; 
938;--;'1970-01-01 00:00:00;--; ; ;-;--; 
939;--;'1970-01-01 00:00:00;--; ; ;-;--; 
940;--;'1970-01-01 00:00:00;--; ; ;-;--; 
941;--;'1970-01-01 00:00:00;--; ; ;-;--; 
942;--;'1970-01-01 00:00:00;--; ; ;-;--; 
943;--;'1970-01-01 00:00:00;--; ; ;-;--; 
944;--;'1970-01-01 00:00:00;--; ; ;-;--; 
945;--;'1970-01-01 00:00:00;--; ; ;-;--; 
946;--;'1970-01-01 00:00:00;--; ; ;-;--; 
947;--;'1970-01-01 00:00:00;--; ; ;-;--; 
948;--;'1970-01-01 00:00:00;--; ; ;-;--; 
949;--;'1970-01-01 00:00:00;--; ; ;-;--; 
950;--;'1970-01-01 00:00:00;--; ; ;-;--; 
951;--;'1970-01-01 00:00:00;--; ; ;-;--; 
952;--;'1970-01-01 00:00:00;--; ; ;-;--; 
953;--;'1970-01-01 00:00:00;--; ; ;-;--; 
954;--;'1970-01-01 00:00:00;--; ; ;-;--; 
955;--;'1970-01-01 00:00:00;--; ; ;-;--; 
956;--;'1970-01-01 00:00:00;--; ; ;-;--; 
957;--;'1970-01-01 00:00:00;--; ; ;-;--; 
958;--;'1970-01-01 00:00:00;--; ; ;-;--; 
959;--;'1970-01-01 00:00:00;--; ; ;-;--; 
960;--;'1970-01-01 00:00:00;--; ; ;-;--; 
961;--;'1970-01-01 00:00:00;--; ; ;-;--; 
962;--;'1970-01-01 00:00:00;--; ; ;-;--; 
963;--;'1970-01-01 00:00:00;--; ; ;-;--; 
964;--;'1970-01-01 00:00:00;--; ; ;-;--; 
965;--;'1970-01-01 00:00:00;--; ; ;-;--; 
966;--;'1970-01-01 00:00:00;--; ; ;-;--; 
967;--;'1970-01-01 00:00:00;--; ; ;-;--; 
968;--;'1970-01-01 00:00:00;--; ; ;-;--; 
969;--;'1970-01-01 00:00:00;--; ; ;-;--; 
970;--;'1970-01-01 00:00:00;--; ; ;-;--; 
971;--;'1970-01-01 00:00:00;--; ; ;-;--; 
972;--;'1970-01-01 00:00:00;--; ; ;-;--; 
973;--;'1970-01-01 00:00:00;--; ; ;-;--; 
974;--;'1970-01-01 00:00:00;--; ; ;-;--; 
975;--;'1970-01-01 00:00:00;--; ; ;-;--; 
976;--;'1970-01-01 00:00:00;--; ; ;-;--; 
977;--;'1970-01-01 00:00:00;--; ; ;-;--; 
978;--;'1970-01-01 00:00:00;--; ; ;-;--; 
979;--;'1970-01-01 00:00:00;--; ; ;-;--; 
980;--;'1970-01-01 00:00:00;--; ; ;-;--; 
981;--;'1970-01-01 00:00:00;--; ; ;-;--; 
982;--;'1970-01-01 00:00:00;--; ; ;-;--; 
983;--;'1970-01-01 00:00:00;--; ; ;-;--; 
984;--;'1970-01-01 00:00:00;--; ; ;-;--; 
985;--;'1970-01-01 00:00:00;--; ; ;-;--; 
986;--;'1970-01-01 00:00:00;--; ; ;-;--; 
987;--;'1970-01-01 00:00:00;--; ; ;-;--; 
988;--;'1970-01-01 00:00:00;--; ; ;-;--; 
989;--;'1970-01-01 00:00:00;--; ; ;-;--; 
990;--;'1970-01-01 00:00:00;--; ; ;-;--; 
991;--;'1970-01-01 00:00:00;--; ; ;-;--; 
992;--;'1970-01-01 00:00:00;--; ; ;-;--; 
993;--;'1970-01-01 00:00:00;--; ; ;-;--; 
994;--;'1970-01-01 00:00:00;--; ; ;-;--; 
995;--;'1970-01-01 00:00:00;--; ; ;-;--; 
996;--;'1970-01-01 00:00:00;--; ; ;-;--; 
997;--;'1970-01-01 00:00:00;--; ; ;-;--; 
998;--;'1970-01-01 00:00:00;--; ; ;-;--; 
999;--;'1970-01-01 00:00:00;--; ; ;-;--; 
1000;--;'1970-01-01 00:00:00;--; ; ;-;--; 
1001;--;'1970-01-01 00:00:00;--; ; ;-;--; 
1002;--;'1970-01-01 00:00:00;--; ; ;-;--; 
1003;--;'1970-01-01 00:00:00;--; ; ;-;--; 
1004;--;'1970-01-01 00:00:00;--; ; ;-;--; 
1005;--;'1970-01-01 00:00:00;--; ; ;-;--; 
1006;--;'1970-01-01 00:00:00;--; ; ;-;--; 
1007;--;'1970-01-01 00:00:00;--; ; ;-;--; 
1008;--;'1970-01-01 00:00:00;--; ; ;-;--; 
1009;--;'1970-01-01 00:00:00;--; ; ;-;--; 
1010;--;'1970-01-01 00:00:00;--; ; ;-;--; 
1011;--;'1970-01-01 00:00:00;--; ; ;-;--; 
1012;--;'1970-01-01 00:00:00;--; ; ;-;--; 
1013;--;'1970-01-01 00:00:00;--; ; ;-;--; 
1014;--;'1970-01-01 00:00:00;--; ; ;-;--; 
1015;--;'1970-01-01 00:00:00;--; ; ;-;--; 
1016;--;'1970-01-01 00:00:00;--; ; ;-;--; 
1017;--;'1970-01-01 00:00:00;--; ; ;-;--; 
1018;--;'1970-01-01 00:00:00;--; ; ;-;--; 
1019;--;'1970-01-01 00:00:00;--; ; ;-;--; 
1020;--;'1970-01-01 00:00:00;--; ; ;-;--; 
1021;--;'1970-01-01 00:00:00;--; ; ;-;--; 
1022;--;'1970-01-01 00:00:00;--; ; ;-;--; 
1023;--;'1970-01-01 00:00:00;--; ; ;-;--; 
1024;--;'1970-01-01 00:00:00;--; ; ;-;--; 
1025;--;'1970-01-01 00:00:00;--; ; ;-;--; 
1026;--;'1970-01-01 00:00:00;--; ; ;-;--; 
1027;--;'1970-01-01 00:00:00;--; ; ;-;--; 
1028;--;'1970-01-01 00:00:00;--; ; ;-;--; 
1029;--;'1970-01-01 00:00:00;--; ; ;-;--; 
1030;--;'1970-01-01 00:00:00;--; ; ;-;--; 
1031;--;'1970-01-01 00:00:00;--; ; ;-;--; 
1032;--;'1970-01-01 00:00:00;--; ; ;-;--; 
1033;--;'1970-01-01 00:00:00;--; ; ;-;--; 
1034;--;'1970-01-01 00:00:00;--; ; ;-;--; 
1035;--;'1970-01-01 00:00:00;--; ; ;-;--; 
1036;--;'1970-01-01 00:00:00;--; ; ;-;--; 
1037;--;'1970-01-01 00:00:00;--; ; ;-;--; 
1038;--;'1970-01-01 00:00:00;--; ; ;-;--; 
1039;--;'1970-01-01 00:00:00;--; ; ;-;--; 
1040;--;'1970-01-01 00:00:00;--; ; ;-;--; 
1041;--;'1970-01-01 00:00:00;--; ; ;-;--; 
1042;--;'1970-01-01 00:00:00;--; ; ;-;--; 
1043;--;'1970-01-01 00:00:00;--; ; ;-;--; 
1044;--;'1970-01-01 00:00:00;--; ; ;-;--; 
1045;--;'1970-01-01 00:00:00;--; ; ;-;--; 
1046;--;'1970-01-01 00:00:00;--; ; ;-;--; 
1047;--;'1970-01-01 00:00:00;--; ; ;-;--; 
1048;--;'1970-01-01 00:00:00;--; ; ;-;--; 
1049;--;'1970-01-01 00:00:00;--; ; ;-;--; 
1050;--;'1970-01-01 00:00:00;--; ; ;-;--; 
1051;--;'1970-01-01 00:00:00;--; ; ;-;--; 
1052;--;'1970-01-01 00:00:00;--; ; ;-;--; 
1053;--;'1970-01-01 00:00:00;--; ; ;-;--; 
1054;--;'1970-01-01 00:00:00;--; ; ;-;--; 
1055;--;'1970-01-01 00:00:00;--; ; ;-;--; 
1056;--;'1970-01-01 00:00:00;--; ; ;-;--; 
1057;--;'1970-01-01 00:00:00;--; ; ;-;--; 
1058;--;'1970-01-01 00:00:00;--; ; ;-;--; 
1059;--;'1970-01-01 00:00:00;--; ; ;-;--; 
1060;--;'1970-01-01 00:00:00;--; ; ;-;--; 
1061;--;'1970-01-01 00:00:00;--; ; ;-;--; 
1062;--;'1970-01-01 00:00:00;--; ; ;-;--; 
1063;--;'1970-01-01 00:00:00;--; ; ;-;--; 
1064;--;'1970-01-01 00:00:00;--; ; ;-;--; 
1065;--;'1970-01-01 00:00:00;--; ; ;-;--; 
1066;--;'1970-01-01 00:00:00;--; ; ;-;--; 
1067;--;'1970-01-01 00:00:00;--; ; ;-;--; 
1068;--;'1970-01-01 00:00:00;--; ; ;-;--; 
1069;--;'1970-01-01 00:00:00;--; ; ;-;--; 
1070;--;'1970-01-01 00:00:00;--; ; ;-;--; 
1071;--;'1970-01-01 00:00:00;--; ; ;-;--; 
1072;--;'1970-01-01 00:00:00;--; ; ;-;--; 
1073;--;'1970-01-01 00:00:00;--; ; ;-;--; 
1074;--;'1970-01-01 00:00:00;--; ; ;-;--; 
1075;--;'1970-01-01 00:00:00;--; ; ;-;--; 
1076;--;'1970-01-01 00:00:00;--; ; ;-;--; 
1077;--;'1970-01-01 00:00:00;--; ; ;-;--; 
1078;--;'1970-01-01 00:00:00;--; ; ;-;--; 
1079;--;'1970-01-01 00:00:00;--; ; ;-;--; 
1080;--;'1970-01-01 00:00:00;--; ; ;-;--; 
1081;--;'1970-01-01 00:00:00;--; ; ;-;--; 
1082;--;'1970-01-01 00:00:00;--; ; ;-;--; 
1083;--;'1970-01-01 00:00:00;--; ; ;-;--; 
1084;--;'1970-01-01 00:00:00;--; ; ;-;--; 
1085;--;'1970-01-01 00:00:00;--; ; ;-;--; 
1086;--;'1970-01-01 00:00:00;--; ; ;-;--; 
1087;--;'1970-01-01 00:00:00;--; ; ;-;--; 
1088;--;'1970-01-01 00:00:00;--; ; ;-;--; 
1089;--;'1970-01-01 00:00:00;--; ; ;-;--; 
1090;--;'1970-01-01 00:00:00;--; ; ;-;--; 
1091;--;'1970-01-01 00:00:00;--; ; ;-;--; 
1092;--;'1970-01-01 00:00:00;--; ; ;-;--; 
1093;--;'1970-01-01 00:00:00;--; ; ;-;--; 
1094;--;'1970-01-01 00:00:00;--; ; ;-;--; 
1095;--;'1970-01-01 00:00:00;--; ; ;-;--; 
1096;--;'1970-01-01 00:00:00;--; ; ;-;--; 
1097;--;'1970-01-01 00:00:00;--; ; ;-;--; 
1098;--;'1970-01-01 00:00:00;--; ; ;-;--; 
1099;--;'1970-01-01 00:00:00;--; ; ;-;--; 
1100;--;'1970-01-01 00:00:00;--; ; ;-;--; 
1101;--;'1970-01-01 00:00:00;--; ; ;-;--; 
1102;--;'1970-01-01 00:00:00;--; ; ;-;--; 
1103;--;'1970-01-01 00:00:00;--; ; ;-;--; 
1104;--;'1970-01-01 00:00:00;--; ; ;-;--; 
1105;--;'1970-01-01 00:00:00;--; ; ;-;--; 
1106;--;'1970-01-01 00:00:00;--; ; ;-;--; 
1107;--;'1970-01-01 00:00:00;--; ; ;-;--; 
1108;--;'1970-01-01 00:00:00;--; ; ;-;--; 
1109;--;'1970-01-01 00:00:00;--; ; ;-;--; 
1110;--;'1970-01-01 00:00:00;--; ; ;-;--; 
1111;--;'1970-01-01 00:00:00;--; ; ;-;--; 
1112;--;'1970-01-01 00:00:00;--; ; ;-;--; 
1113;--;'1970-01-01 00:00:00;--; ; ;-;--; 
1114;--;'1970-01-01 00:00:00;--; ; ;-;--; 
1115;--;'1970-01-01 00:00:00;--; ; ;-;--; 
1116;--;'1970-01-01 00:00:00;--; ; ;-;--; 
1117;--;'1970-01-01 00:00:00;--; ; ;-;--; 
1118;--;'1970-01-01 00:00:00;--; ; ;-;--; 
1119;--;'1970-01-01 00:00:00;--; ; ;-;--; 
1120;--;'1970-01-01 00:00:00;--; ; ;-;--; 
1121;--;'1970-01-01 00:00:00;--; ; ;-;--; 
1122;--;'1970-01-01 00:00:00;--; ; ;-;--; 
1123;--;'1970-01-01 00:00:00;--; ; ;-;--; 
1124;--;'1970-01-01 00:00:00;--; ; ;-;--; 
1125;--;'1970-01-01 00:00:00;--; ; ;-;--; 
1126;--;'1970-01-01 00:00:00;--; ; ;-;--; 
1127;--;'1970-01-01 00:00:00;--; ; ;-;--; 
1128;--;'1970-01-01 00:00:00;--; ; ;-;--; 
1129;--;'1970-01-01 00:00:00;--; ; ;-;--; 
1130;--;'1970-01-01 00:00:00;--; ; ;-;--; 
1131;--;'1970-01-01 00:00:00;--; ; ;-;--; 
1132;--;'1970-01-01 00:00:00;--; ; ;-;--; 
1133;--;'1970-01-01 00:00:00;--; ; ;-;--; 
1134;--;'1970-01-01 00:00:00;--; ; ;-;--; 
1135;--;'1970-01-01 00:00:00;--; ; ;-;--; 
1136;--;'1970-01-01 00:00:00;--; ; ;-;--; 
1137;--;'1970-01-01 00:00:00;--; ; ;-;--; 
1138;--;'1970-01-01 00:00:00;--; ; ;-;--; 
1139;--;'1970-01-01 00:00:00;--; ; ;-;--; 
1140;--;'1970-01-01 00:00:00;--; ; ;-;--; 
1141;--;'1970-01-01 00:00:00;--; ; ;-;--; 
1142;--;'1970-01-01 00:00:00;--; ; ;-;--; 
1143;--;'1970-01-01 00:00:00;--; ; ;-;--; 
1144;--;'1970-01-01 00:00:00;--; ; ;-;--; 
1145;--;'1970-01-01 00:00:00;--; ; ;-;--; 
1146;--;'1970-01-01 00:00:00;--; ; ;-;--; 
1147;--;'1970-01-01 00:00:00;--; ; ;-;--; 
1148;--;'1970-01-01 00:00:00;--; ; ;-;--; 
1149;--;'1970-01-01 00:00:00;--; ; ;-;--; 
1150;--;'1970-01-01 00:00:00;--; ; ;-;--; 
1151;--;'1970-01-01 00:00:00;--; ; ;-;--; 
1152;--;'1970-01-01 00:00:00;--; ; ;-;--; 
1153;--;'1970-01-01 00:00:00;--; ; ;-;--; 
1154;--;'1970-01-01 00:00:00;--; ; ;-;--; 
1155;--;'1970-01-01 00:00:00;--; ; ;-;--; 
1156;--;'1970-01-01 00:00:00;--; ; ;-;--; 
1157;--;'1970-01-01 00:00:00;--; ; ;-;--; 
1158;--;'1970-01-01 00:00:00;--; ; ;-;--; 
1159;--;'1970-01-01 00:00:00;--; ; ;-;--; 
1160;--;'1970-01-01 00:00:00;--; ; ;-;--; 
1161;--;'1970-01-01 00:00:00;--; ; ;-;--; 
1162;--;'1970-01-01 00:00:00;--; ; ;-;--; 
1163;--;'1970-01-01 00:00:00;--; ; ;-;--; 
1164;--;'1970-01-01 00:00:00;--; ; ;-;--; 
1165;--;'1970-01-01 00:00:00;--; ; ;-;--; 
1166;--;'1970-01-01 00:00:00;--; ; ;-;--; 
1167;--;'1970-01-01 00:00:00;--; ; ;-;--; 
1168;--;'1970-01-01 00:00:00;--; ; ;-;--; 
1169;--;'1970-01-01 00:00:00;--; ; ;-;--; 
1170;--;'1970-01-01 00:00:00;--; ; ;-;--; 
1171;--;'1970-01-01 00:00:00;--; ; ;-;--; 
1172;--;'1970-01-01 00:00:00;--; ; ;-;--; 
1173;--;'1970-01-01 00:00:00;--; ; ;-;--; 
1174;--;'1970-01-01 00:00:00;--; ; ;-;--; 
1175;--;'1970-01-01 00:00:00;--; ; ;-;--; 
1176;--;'1970-01-01 00:00:00;--; ; ;-;--; 
1177;--;'1970-01-01 00:00:00;--; ; ;-;--; 
1178;--;'1970-01-01 00:00:00;--; ; ;-;--; 
1179;--;'1970-01-01 00:00:00;--; ; ;-;--; 
1180;--;'1970-01-01 00:00:00;--; ; ;-;--; 
1181;--;'1970-01-01 00:00:00;--; ; ;-;--; 
1182;--;'1970-01-01 00:00:00;--; ; ;-;--; 
1183;--;'1970-01-01 00:00:00;--; ; ;-;--; 
1184;--;'1970-01-01 00:00:00;--; ; ;-;--; 
1185;--;'1970-01-01 00:00:00;--; ; ;-;--; 
1186;--;'1970-01-01 00:00:00;--; ; ;-;--; 
1187;--;'1970-01-01 00:00:00;--; ; ;-;--; 
1188;--;'1970-01-01 00:00:00;--; ; ;-;--; 
1189;--;'1970-01-01 00:00:00;--; ; ;-;--; 
1190;--;'1970-01-01 00:00:00;--; ; ;-;--; 
1191;--;'1970-01-01 00:00:00;--; ; ;-;--; 
1192;--;'1970-01-01 00:00:00;--; ; ;-;--; 
1193;--;'1970-01-01 00:00:00;--; ; ;-;--; 
1194;--;'1970-01-01 00:00:00;--; ; ;-;--; 
1195;--;'1970-01-01 00:00:00;--; ; ;-;--; 
1196;--;'1970-01-01 00:00:00;--; ; ;-;--; 
1197;--;'1970-01-01 00:00:00;--; ; ;-;--; 
1198;--;'1970-01-01 00:00:00;--; ; ;-;--; 
1199;--;'1970-01-01 00:00:00;--; ; ;-;--; 
1200;--;'1970-01-01 00:00:00;--; ; ;-;--; 
1201;--;'1970-01-01 00:00:00;--; ; ;-;--; 
1202;--;'1970-01-01 00:00:00;--; ; ;-;--; 
1203;--;'1970-01-01 00:00:00;--; ; ;-;--; 
1204;--;'1970-01-01 00:00:00;--; ; ;-;--; 
1205;--;'1970-01-01 00:00:00;--; ; ;-;--; 
1206;--;'1970-01-01 00:00:00;--; ; ;-;--; 
1207;--;'1970-01-01 00:00:00;--; ; ;-;--; 
1208;--;'1970-01-01 00:00:00;--; ; ;-;--; 
1209;--;'1970-01-01 00:00:00;--; ; ;-;--; 
1210;--;'1970-01-01 00:00:00;--; ; ;-;--; 
1211;--;'1970-01-01 00:00:00;--; ; ;-;--; 
1212;--;'1970-01-01 00:00:00;--; ; ;-;--; 
1213;--;'1970-01-01 00:00:00;--; ; ;-;--; 
1214;--;'1970-01-01 00:00:00;--; ; ;-;--; 
1215;--;'1970-01-01 00:00:00;--; ; ;-;--; 
1216;--;'1970-01-01 00:00:00;--; ; ;-;--; 
1217;--;'1970-01-01 00:00:00;--; ; ;-;--; 
1218;--;'1970-01-01 00:00:00;--; ; ;-;--; 
1219;--;'1970-01-01 00:00:00;--; ; ;-;--; 
1220;--;'1970-01-01 00:00:00;--; ; ;-;--; 
1221;--;'1970-01-01 00:00:00;--; ; ;-;--; 
1222;--;'1970-01-01 00:00:00;--; ; ;-;--; 
1223;--;'1970-01-01 00:00:00;--; ; ;-;--; 
1224;--;'1970-01-01 00:00:00;--; ; ;-;--; 
1225;--;'1970-01-01 00:00:00;--; ; ;-;--; 
1226;--;'1970-01-01 00:00:00;--; ; ;-;--; 
1227;--;'1970-01-01 00:00:00;--; ; ;-;--; 
1228;--;'1970-01-01 00:00:00;--; ; ;-;--; 
1229;--;'1970-01-01 00:00:00;--; ; ;-;--; 
1230;--;'1970-01-01 00:00:00;--; ; ;-;--; 
1231;--;'1970-01-01 00:00:00;--; ; ;-;--; 
1232;--;'1970-01-01 00:00:00;--; ; ;-;--; 
1233;--;'1970-01-01 00:00:00;--; ; ;-;--; 
1234;--;'1970-01-01 00:00:00;--; ; ;-;--; 
1235;--;'1970-01-01 00:00:00;--; ; ;-;--; 
1236;--;'1970-01-01 00:00:00;--; ; ;-;--; 
1237;--;'1970-01-01 00:00:00;--; ; ;-;--; 
1238;--;'1970-01-01 00:00:00;--; ; ;-;--; 
1239;--;'1970-01-01 00:00:00;--; ; ;-;--; 
1240;--;'1970-01-01 00:00:00;--; ; ;-;--; 
1241;--;'1970-01-01 00:00:00;--; ; ;-;--; 
1242;--;'1970-01-01 00:00:00;--; ; ;-;--; 
1243;--;'1970-01-01 00:00:00;--; ; ;-;--; 
1244;--;'1970-01-01 00:00:00;--; ; ;-;--; 
1245;--;'1970-01-01 00:00:00;--; ; ;-;--; 
1246;--;'1970-01-01 00:00:00;--; ; ;-;--; 
1247;--;'1970-01-01 00:00:00;--; ; ;-;--; 
1248;--;'1970-01-01 00:00:00;--; ; ;-;--; 
1249;--;'1970-01-01 00:00:00;--; ; ;-;--; 
1250;--;'1970-01-01 00:00:00;--; ; ;-;--; 
1251;--;'1970-01-01 00:00:00;--; ; ;-;--; 
1252;--;'1970-01-01 00:00:00;--; ; ;-;--; 
1253;--;'1970-01-01 00:00:00;--; ; ;-;--; 
1254;--;'1970-01-01 00:00:00;--; ; ;-;--; 
1255;--;'1970-01-01 00:00:00;--; ; ;-;--; 
1256;--;'1970-01-01 00:00:00;--; ; ;-;--; 
1257;--;'1970-01-01 00:00:00;--; ; ;-;--; 
1258;--;'1970-01-01 00:00:00;--; ; ;-;--; 
1259;--;'1970-01-01 00:00:00;--; ; ;-;--; 
1260;--;'1970-01-01 00:00:00;--; ; ;-;--; 
1261;--;'1970-01-01 00:00:00;--; ; ;-;--; 
1262;--;'1970-01-01 00:00:00;--; ; ;-;--; 
1263;--;'1970-01-01 00:00:00;--; ; ;-;--; 
1264;--;'1970-01-01 00:00:00;--; ; ;-;--; 
1265;--;'1970-01-01 00:00:00;--; ; ;-;--; 
1266;--;'1970-01-01 00:00:00;--; ; ;-;--; 
1267;--;'1970-01-01 00:00:00;--; ; ;-;--; 
1268;--;'1970-01-01 00:00:00;--; ; ;-;--; 
1269;--;'1970-01-01 00:00:00;--; ; ;-;--; 
1270;--;'1970-01-01 00:00:00;--; ; ;-;--; 
1271;--;'1970-01-01 00:00:00;--; ; ;-;--; 
1272;--;'1970-01-01 00:00:00;--; ; ;-;--; 
1273;--;'1970-01-01 00:00:00;--; ; ;-;--; 
1274;--;'1970-01-01 00:00:00;--; ; ;-;--; 
1275;--;'1970-01-01 00:00:00;--; ; ;-;--; 
1276;--;'1970-01-01 00:00:00;--; ; ;-;--; 
1277;--;'1970-01-01 00:00:00;--; ; ;-;--; 
1278;--;'1970-01-01 00:00:00;--; ; ;-;--; 
1279;--;'1970-01-01 00:00:00;--; ; ;-;--; 
1280;--;'1970-01-01 00:00:00;--; ; ;-;--; 
1281;--;'1970-01-01 00:00:00;--; ; ;-;--; 
1282;--;'1970-01-01 00:00:00;--; ; ;-;--; 
1283;--;'1970-01-01 00:00:00;--; ; ;-;--; 
1284;--;'1970-01-01 00:00:00;--; ; ;-;--; 
1285;--;'1970-01-01 00:00:00;--; ; ;-;--; 
1286;--;'1970-01-01 00:00:00;--; ; ;-;--; 
1287;--;'1970-01-01 00:00:00;--; ; ;-;--; 
1288;--;'1970-01-01 00:00:00;--; ; ;-;--; 
1289;--;'1970-01-01 00:00:00;--; ; ;-;--; 
1290;--;'1970-01-01 00:00:00;--; ; ;-;--; 
1291;--;'1970-01-01 00:00:00;--; ; ;-;--; 
1292;--;'1970-01-01 00:00:00;--; ; ;-;--; 
1293;--;'1970-01-01 00:00:00;--; ; ;-;--; 
1294;--;'1970-01-01 00:00:00;--; ; ;-;--; 
1295;--;'1970-01-01 00:00:00;--; ; ;-;--; 
1296;--;'1970-01-01 00:00:00;--; ; ;-;--; 
1297;--;'1970-01-01 00:00:00;--; ; ;-;--; 
1298;--;'1970-01-01 00:00:00;--; ; ;-;--; 
1299;--;'1970-01-01 00:00:00;--; ; ;-;--; 
1300;--;'1970-01-01 00:00:00;--; ; ;-;--; 
1301;--;'1970-01-01 00:00:00;--; ; ;-;--; 
1302;--;'1970-01-01 00:00:00;--; ; ;-;--; 
1303;--;'1970-01-01 00:00:00;--; ; ;-;--; 
1304;--;'1970-01-01 00:00:00;--; ; ;-;--; 
1305;--;'1970-01-01 00:00:00;--; ; ;-;--; 
1306;--;'1970-01-01 00:00:00;--; ; ;-;--; 
1307;--;'1970-01-01 00:00:00;--; ; ;-;--; 
1308;--;'1970-01-01 00:00:00;--; ; ;-;--; 
1309;--;'1970-01-01 00:00:00;--; ; ;-;--; 
1310;--;'1970-01-01 00:00:00;--; ; ;-;--; 
1311;--;'1970-01-01 00:00:00;--; ; ;-;--; 
1312;--;'1970-01-01 00:00:00;--; ; ;-;--; 
1313;--;'1970-01-01 00:00:00;--; ; ;-;--; 
1314;--;'1970-01-01 00:00:00;--; ; ;-;--; 
1315;--;'1970-01-01 00:00:00;--; ; ;-;--; 
1316;--;'1970-01-01 00:00:00;--; ; ;-;--; 
1317;--;'1970-01-01 00:00:00;--; ; ;-;--; 
1318;--;'1970-01-01 00:00:00;--; ; ;-;--; 
1319;--;'1970-01-01 00:00:00;--; ; ;-;--; 
1320;--;'1970-01-01 00:00:00;--; ; ;-;--; 
1321;--;'1970-01-01 00:00:00;--; ; ;-;--; 
1322;--;'1970-01-01 00:00:00;--; ; ;-;--; 
1323;--;'1970-01-01 00:00:00;--; ; ;-;--; 
1324;--;'1970-01-01 00:00:00;--; ; ;-;--; 
1325;--;'1970-01-01 00:00:00;--; ; ;-;--; 
1326;--;'1970-01-01 00:00:00;--; ; ;-;--; 
1327;--;'1970-01-01 00:00:00;--; ; ;-;--; 
1328;--;'1970-01-01 00:00:00;--; ; ;-;--; 
1329;--;'1970-01-01 00:00:00;--; ; ;-;--; 
1330;--;'1970-01-01 00:00:00;--; ; ;-;--; 
1331;--;'1970-01-01 00:00:00;--; ; ;-;--; 
1332;--;'1970-01-01 00:00:00;--; ; ;-;--; 
1333;--;'1970-01-01 00:00:00;--; ; ;-;--; 
1334;--;'1970-01-01 00:00:00;--; ; ;-;--; 
1335;--;'1970-01-01 00:00:00;--; ; ;-;--; 
1336;--;'1970-01-01 00:00:00;--; ; ;-;--; 
1337;--;'1970-01-01 00:00:00;--; ; ;-;--; 
1338;--;'1970-01-01 00:00:00;--; ; ;-;--; 
1339;--;'1970-01-01 00:00:00;--; ; ;-;--; 
1340;--;'1970-01-01 00:00:00;--; ; ;-;--; 
1341;--;'1970-01-01 00:00:00;--; ; ;-;--; 
1342;--;'1970-01-01 00:00:00;--; ; ;-;--; 
1343;--;'1970-01-01 00:00:00;--; ; ;-;--; 
1344;--;'1970-01-01 00:00:00;--; ; ;-;--; 
1345;--;'1970-01-01 00:00:00;--; ; ;-;--; 
1346;--;'1970-01-01 00:00:00;--; ; ;-;--; 
1347;--;'1970-01-01 00:00:00;--; ; ;-;--; 
1348;--;'1970-01-01 00:00:00;--; ; ;-;--; 
1349;--;'1970-01-01 00:00:00;--; ; ;-;--; 
1350;--;'1970-01-01 00:00:00;--; ; ;-;--; 
1351;--;'1970-01-01 00:00:00;--; ; ;-;--; 
1352;--;'1970-01-01 00:00:00;--; ; ;-;--; 
1353;--;'1970-01-01 00:00:00;--; ; ;-;--; 
1354;--;'1970-01-01 00:00:00;--; ; ;-;--; 
1355;--;'1970-01-01 00:00:00;--; ; ;-;--; 
1356;--;'1970-01-01 00:00:00;--; ; ;-;--; 
1357;--;'1970-01-01 00:00:00;--; ; ;-;--; 
1358;--;'1970-01-01 00:00:00;--; ; ;-;--; 
1359;--;'1970-01-01 00:00:00;--; ; ;-;--; 
1360;--;'1970-01-01 00:00:00;--; ; ;-;--; 
1361;--;'1970-01-01 00:00:00;--; ; ;-;--; 
1362;--;'1970-01-01 00:00:00;--; ; ;-;--; 
1363;--;'1970-01-01 00:00:00;--; ; ;-;--; 
1364;--;'1970-01-01 00:00:00;--; ; ;-;--; 
1365;--;'1970-01-01 00:00:00;--; ; ;-;--; 
1366;--;'1970-01-01 00:00:00;--; ; ;-;--; 
1367;--;'1970-01-01 00:00:00;--; ; ;-;--; 
1368;--;'1970-01-01 00:00:00;--; ; ;-;--; 
1369;--;'1970-01-01 00:00:00;--; ; ;-;--; 
1370;--;'1970-01-01 00:00:00;--; ; ;-;--; 
1371;--;'1970-01-01 00:00:00;--; ; ;-;--; 
1372;--;'1970-01-01 00:00:00;--; ; ;-;--; 
1373;--;'1970-01-01 00:00:00;--; ; ;-;--; 
1374;--;'1970-01-01 00:00:00;--; ; ;-;--; 
1375;--;'1970-01-01 00:00:00;--; ; ;-;--; 
1376;--;'1970-01-01 00:00:00;--; ; ;-;--; 
1377;--;'1970-01-01 00:00:00;--; ; ;-;--; 
1378;--;'1970-01-01 00:00:00;--; ; ;-;--; 
1379;--;'1970-01-01 00:00:00;--; ; ;-;--; 
1380;--;'1970-01-01 00:00:00;--; ; ;-;--; 
1381;--;'1970-01-01 00:00:00;--; ; ;-;--; 
1382;--;'1970-01-01 00:00:00;--; ; ;-;--; 
1383;--;'1970-01-01 00:00:00;--; ; ;-;--; 
1384;--;'1970-01-01 00:00:00;--; ; ;-;--; 
1385;--;'1970-01-01 00:00:00;--; ; ;-;--; 
1386;--;'1970-01-01 00:00:00;--; ; ;-;--; 
1387;--;'1970-01-01 00:00:00;--; ; ;-;--; 
1388;--;'1970-01-01 00:00:00;--; ; ;-;--; 
1389;--;'1970-01-01 00:00:00;--; ; ;-;--; 
1390;--;'1970-01-01 00:00:00;--; ; ;-;--; 
1391;--;'1970-01-01 00:00:00;--; ; ;-;--; 
1392;--;'1970-01-01 00:00:00;--; ; ;-;--; 
1393;--;'1970-01-01 00:00:00;--; ; ;-;--; 
1394;--;'1970-01-01 00:00:00;--; ; ;-;--; 
1395;--;'1970-01-01 00:00:00;--; ; ;-;--; 
1396;--;'1970-01-01 00:00:00;--; ; ;-;--; 
1397;--;'1970-01-01 00:00:00;--; ; ;-;--; 
1398;--;'1970-01-01 00:00:00;--; ; ;-;--; 
1399;--;'1970-01-01 00:00:00;--; ; ;-;--; 
1400;--;'1970-01-01 00:00:00;--; ; ;-;--; 
1401;--;'1970-01-01 00:00:00;--; ; ;-;--; 
1402;--;'1970-01-01 00:00:00;--; ; ;-;--; 
1403;--;'1970-01-01 00:00:00;--; ; ;-;--; 
1404;--;'1970-01-01 00:00:00;--; ; ;-;--; 
1405;--;'1970-01-01 00:00:00;--; ; ;-;--; 
1406;--;'1970-01-01 00:00:00;--; ; ;-;--; 
1407;--;'1970-01-01 00:00:00;--; ; ;-;--; 
1408;--;'1970-01-01 00:00:00;--; ; ;-;--; 
1409;--;'1970-01-01 00:00:00;--; ; ;-;--; 
1410;--;'1970-01-01 00:00:00;--; ; ;-;--; 
1411;--;'1970-01-01 00:00:00;--; ; ;-;--; 
1412;--;'1970-01-01 00:00:00;--; ; ;-;--; 
1413;--;'1970-01-01 00:00:00;--; ; ;-;--; 
1414;--;'1970-01-01 00:00:00;--; ; ;-;--; 
1415;--;'1970-01-01 00:00:00;--; ; ;-;--; 
1416;--;'1970-01-01 00:00:00;--; ; ;-;--; 
1417;--;'1970-01-01 00:00:00;--; ; ;-;--; 
1418;--;'1970-01-01 00:00:00;--; ; ;-;--; 
1419;--;'1970-01-01 00:00:00;--; ; ;-;--; 
1420;--;'1970-01-01 00:00:00;--; ; ;-;--; 
1421;--;'1970-01-01 00:00:00;--; ; ;-;--; 
1422;--;'1970-01-01 00:00:00;--; ; ;-;--; 
1423;--;'1970-01-01 00:00:00;--; ; ;-;--; 
1424;--;'1970-01-01 00:00:00;--; ; ;-;--; 
1425;--;'1970-01-01 00:00:00;--; ; ;-;--; 
1426;--;'1970-01-01 00:00:00;--; ; ;-;--; 
1427;--;'1970-01-01 00:00:00;--; ; ;-;--; 
1428;--;'1970-01-01 00:00:00;--; ; ;-;--; 
1429;--;'1970-01-01 00:00:00;--; ; ;-;--; 
1430;--;'1970-01-01 00:00:00;--; ; ;-;--; 
1431;--;'1970-01-01 00:00:00;--; ; ;-;--; 
1432;--;'1970-01-01 00:00:00;--; ; ;-;--; 
1433;--;'1970-01-01 00:00:00;--; ; ;-;--; 
1434;--;'1970-01-01 00:00:00;--; ; ;-;--; 
1435;--;'1970-01-01 00:00:00;--; ; ;-;--; 
1436;--;'1970-01-01 00:00:00;--; ; ;-;--; 
1437;--;'1970-01-01 00:00:00;--; ; ;-;--; 
1438;--;'1970-01-01 00:00:00;--; ; ;-;--; 
1439;--;'1970-01-01 00:00:00;--; ; ;-;--; 
1440;--;'1970-01-01 00:00:00;--; ; ;-;--; 
1441;--;'1970-01-01 00:00:00;--; ; ;-;--; 
1442;--;'1970-01-01 00:00:00;--; ; ;-;--; 
1443;--;'1970-01-01 00:00:00;--; ; ;-;--; 
1444;--;'1970-01-01 00:00:00;--; ; ;-;--; 
1445;--;'1970-01-01 00:00:00;--; ; ;-;--; 
1446;--;'1970-01-01 00:00:00;--; ; ;-;--; 
1447;--;'1970-01-01 00:00:00;--; ; ;-;--; 
1448;--;'1970-01-01 00:00:00;--; ; ;-;--; 
1449;--;'1970-01-01 00:00:00;--; ; ;-;--; 
1450;--;'1970-01-01 00:00:00;--; ; ;-;--; 
1451;--;'1970-01-01 00:00:00;--; ; ;-;--; 
1452;--;'1970-01-01 00:00:00;--; ; ;-;--; 
1453;--;'1970-01-01 00:00:00;--; ; ;-;--; 
1454;--;'1970-01-01 00:00:00;--; ; ;-;--; 
1455;--;'1970-01-01 00:00:00;--; ; ;-;--; 
1456;--;'1970-01-01 00:00:00;--; ; ;-;--; 
1457;--;'1970-01-01 00:00:00;--; ; ;-;--; 
1458;--;'1970-01-01 00:00:00;--; ; ;-;--; 
1459;--;'1970-01-01 00:00:00;--; ; ;-;--; 
1460;--;'1970-01-01 00:00:00;--; ; ;-;--; 
1461;--;'1970-01-01 00:00:00;--; ; ;-;--; 
1462;--;'1970-01-01 00:00:00;--; ; ;-;--; 
1463;--;'1970-01-01 00:00:00;--; ; ;-;--; 
1464;--;'1970-01-01 00:00:00;--; ; ;-;--; 
1465;--;'1970-01-01 00:00:00;--; ; ;-;--; 
1466;--;'1970-01-01 00:00:00;--; ; ;-;--; 
1467;--;'1970-01-01 00:00:00;--; ; ;-;--; 
1468;--;'1970-01-01 00:00:00;--; ; ;-;--; 
1469;--;'1970-01-01 00:00:00;--; ; ;-;--; 
1470;--;'1970-01-01 00:00:00;--; ; ;-;--; 
1471;--;'1970-01-01 00:00:00;--; ; ;-;--; 
1472;--;'1970-01-01 00:00:00;--; ; ;-;--; 
1473;--;'1970-01-01 00:00:00;--; ; ;-;--; 
1474;--;'1970-01-01 00:00:00;--; ; ;-;--; 
1475;--;'1970-01-01 00:00:00;--; ; ;-;--; 
1476;--;'1970-01-01 00:00:00;--; ; ;-;--; 
1477;--;'1970-01-01 00:00:00;--; ; ;-;--; 
1478;--;'1970-01-01 00:00:00;--; ; ;-;--; 
1479;--;'1970-01-01 00:00:00;--; ; ;-;--; 
1480;--;'1970-01-01 00:00:00;--; ; ;-;--; 
1481;--;'1970-01-01 00:00:00;--; ; ;-;--; 
1482;--;'1970-01-01 00:00:00;--; ; ;-;--; 
1483;--;'1970-01-01 00:00:00;--; ; ;-;--; 
1484;--;'1970-01-01 00:00:00;--; ; ;-;--; 
1485;--;'1970-01-01 00:00:00;--; ; ;-;--; 
1486;--;'1970-01-01 00:00:00;--; ; ;-;--; 
1487;--;'1970-01-01 00:00:00;--; ; ;-;--; 
1488;--;'1970-01-01 00:00:00;--; ; ;-;--; 
1489;--;'1970-01-01 00:00:00;--; ; ;-;--; 
1490;--;'1970-01-01 00:00:00;--; ; ;-;--; 
1491;--;'1970-01-01 00:00:00;--; ; ;-;--; 
1492;--;'1970-01-01 00:00:00;--; ; ;-;--; 
1493;--;'1970-01-01 00:00:00;--; ; ;-;--; 
1494;--;'1970-01-01 00:00:00;--; ; ;-;--; 
1495;--;'1970-01-01 00:00:00;--; ; ;-;--; 
1496;--;'1970-01-01 00:00:00;--; ; ;-;--; 
1497;--;'1970-01-01 00:00:00;--; ; ;-;--; 
1498;--;'1970-01-01 00:00:00;--; ; ;-;--; 
1499;--;'1970-01-01 00:00:00;--; ; ;-;--; 
1500;--;'1970-01-01 00:00:00;--; ; ;-;--; 
1501;--;'1970-01-01 00:00:00;--; ; ;-;--; 
1502;--;'1970-01-01 00:00:00;--; ; ;-;--; 
1503;--;'1970-01-01 00:00:00;--; ; ;-;--; 
1504;--;'1970-01-01 00:00:00;--; ; ;-;--; 
1505;--;'1970-01-01 00:00:00;--; ; ;-;--; 
1506;--;'1970-01-01 00:00:00;--; ; ;-;--; 
1507;--;'1970-01-01 00:00:00;--; ; ;-;--; 
1508;--;'1970-01-01 00:00:00;--; ; ;-;--; 
1509;--;'1970-01-01 00:00:00;--; ; ;-;--; 
1510;--;'1970-01-01 00:00:00;--; ; ;-;--; 
1511;--;'1970-01-01 00:00:00;--; ; ;-;--; 
1512;--;'1970-01-01 00:00:00;--; ; ;-;--; 
1513;--;'1970-01-01 00:00:00;--; ; ;-;--; 
1514;--;'1970-01-01 00:00:00;--; ; ;-;--; 
1515;--;'1970-01-01 00:00:00;--; ; ;-;--; 
1516;--;'1970-01-01 00:00:00;--; ; ;-;--; 
1517;--;'1970-01-01 00:00:00;--; ; ;-;--; 
1518;--;'1970-01-01 00:00:00;--; ; ;-;--; 
1519;--;'1970-01-01 00:00:00;--; ; ;-;--; 
1520;--;'1970-01-01 00:00:00;--; ; ;-;--; 
1521;--;'1970-01-01 00:00:00;--; ; ;-;--; 
1522;--;'1970-01-01 00:00:00;--; ; ;-;--; 
1523;--;'1970-01-01 00:00:00;--; ; ;-;--; 
1524;--;'1970-01-01 00:00:00;--; ; ;-;--; 
1525;--;'1970-01-01 00:00:00;--; ; ;-;--; 
1526;--;'1970-01-01 00:00:00;--; ; ;-;--; 
1527;--;'1970-01-01 00:00:00;--; ; ;-;--; 
1528;--;'1970-01-01 00:00:00;--; ; ;-;--; 
1529;--;'1970-01-01 00:00:00;--; ; ;-;--; 
1530;--;'1970-01-01 00:00:00;--; ; ;-;--; 
1531;--;'1970-01-01 00:00:00;--; ; ;-;--; 
1532;--;'1970-01-01 00:00:00;--; ; ;-;--; 
1533;--;'1970-01-01 00:00:00;--; ; ;-;--; 
1534;--;'1970-01-01 00:00:00;--; ; ;-;--; 
1535;--;'1970-01-01 00:00:00;--; ; ;-;--; 
1536;--;'1970-01-01 00:00:00;--; ; ;-;--; 
1537;--;'1970-01-01 00:00:00;--; ; ;-;--; 
1538;--;'1970-01-01 00:00:00;--; ; ;-;--; 
1539;--;'1970-01-01 00:00:00;--; ; ;-;--; 
1540;--;'1970-01-01 00:00:00;--; ; ;-;--; 
1541;--;'1970-01-01 00:00:00;--; ; ;-;--; 
1542;--;'1970-01-01 00:00:00;--; ; ;-;--; 
1543;--;'1970-01-01 00:00:00;--; ; ;-;--; 
1544;--;'1970-01-01 00:00:00;--; ; ;-;--; 
1545;--;'1970-01-01 00:00:00;--; ; ;-;--; 
1546;--;'1970-01-01 00:00:00;--; ; ;-;--; 
1547;--;'1970-01-01 00:00:00;--; ; ;-;--; 
1548;--;'1970-01-01 00:00:00;--; ; ;-;--; 
1549;--;'1970-01-01 00:00:00;--; ; ;-;--; 
1550;--;'1970-01-01 00:00:00;--; ; ;-;--; 
1551;--;'1970-01-01 00:00:00;--; ; ;-;--; 
1552;--;'1970-01-01 00:00:00;--; ; ;-;--; 
1553;--;'1970-01-01 00:00:00;--; ; ;-;--; 
1554;--;'1970-01-01 00:00:00;--; ; ;-;--; 
1555;--;'1970-01-01 00:00:00;--; ; ;-;--; 
1556;--;'1970-01-01 00:00:00;--; ; ;-;--; 
1557;--;'1970-01-01 00:00:00;--; ; ;-;--; 
1558;--;'1970-01-01 00:00:00;--; ; ;-;--; 
1559;--;'1970-01-01 00:00:00;--; ; ;-;--; 
1560;--;'1970-01-01 00:00:00;--; ; ;-;--; 
1561;--;'1970-01-01 00:00:00;--; ; ;-;--; 
1562;--;'1970-01-01 00:00:00;--; ; ;-;--; 
1563;--;'1970-01-01 00:00:00;--; ; ;-;--; 
1564;--;'1970-01-01 00:00:00;--; ; ;-;--; 
1565;--;'1970-01-01 00:00:00;--; ; ;-;--; 
1566;--;'1970-01-01 00:00:00;--; ; ;-;--; 
1567;--;'1970-01-01 00:00:00;--; ; ;-;--; 
1568;--;'1970-01-01 00:00:00;--; ; ;-;--; 
1569;--;'1970-01-01 00:00:00;--; ; ;-;--; 
1570;--;'1970-01-01 00:00:00;--; ; ;-;--; 
1571;--;'1970-01-01 00:00:00;--; ; ;-;--; 
1572;--;'1970-01-01 00:00:00;--; ; ;-;--; 
1573;--;'1970-01-01 00:00:00;--; ; ;-;--; 
1574;--;'1970-01-01 00:00:00;--; ; ;-;--; 
1575;--;'1970-01-01 00:00:00;--; ; ;-;--; 
1576;--;'1970-01-01 00:00:00;--; ; ;-;--; 
1577;--;'1970-01-01 00:00:00;--; ; ;-;--; 
1578;--;'1970-01-01 00:00:00;--; ; ;-;--; 
1579;--;'1970-01-01 00:00:00;--; ; ;-;--; 
1580;--;'1970-01-01 00:00:00;--; ; ;-;--; 
1581;--;'1970-01-01 00:00:00;--; ; ;-;--; 
1582;--;'1970-01-01 00:00:00;--; ; ;-;--; 
1583;--;'1970-01-01 00:00:00;--; ; ;-;--; 
1584;--;'1970-01-01 00:00:00;--; ; ;-;--; 
1585;--;'1970-01-01 00:00:00;--; ; ;-;--; 
1586;--;'1970-01-01 00:00:00;--; ; ;-;--; 
1587;--;'1970-01-01 00:00:00;--; ; ;-;--; 
1588;--;'1970-01-01 00:00:00;--; ; ;-;--; 
1589;--;'1970-01-01 00:00:00;--; ; ;-;--; 
1590;--;'1970-01-01 00:00:00;--; ; ;-;--; 
1591;--;'1970-01-01 00:00:00;--; ; ;-;--; 
1592;--;'1970-01-01 00:00:00;--; ; ;-;--; 
1593;--;'1970-01-01 00:00:00;--; ; ;-;--; 
1594;--;'1970-01-01 00:00:00;--; ; ;-;--; 
1595;--;'1970-01-01 00:00:00;--; ; ;-;--; 
1596;--;'1970-01-01 00:00:00;--; ; ;-;--; 
1597;--;'1970-01-01 00:00:00;--; ; ;-;--; 
1598;--;'1970-01-01 00:00:00;--; ; ;-;--; 
1599;--;'1970-01-01 00:00:00;--; ; ;-;--; 
1600;--;'1970-01-01 00:00:00;--; ; ;-;--; 
1601;--;'1970-01-01 00:00:00;--; ; ;-;--; 
1602;--;'1970-01-01 00:00:00;--; ; ;-;--; 
1603;--;'1970-01-01 00:00:00;--; ; ;-;--; 
1604;--;'1970-01-01 00:00:00;--; ; ;-;--; 
1605;--;'1970-01-01 00:00:00;--; ; ;-;--; 
1606;--;'1970-01-01 00:00:00;--; ; ;-;--; 
1607;--;'1970-01-01 00:00:00;--; ; ;-;--; 
1608;--;'1970-01-01 00:00:00;--; ; ;-;--; 
1609;--;'1970-01-01 00:00:00;--; ; ;-;--; 
1610;--;'1970-01-01 00:00:00;--; ; ;-;--; 
1611;--;'1970-01-01 00:00:00;--; ; ;-;--; 
1612;--;'1970-01-01 00:00:00;--; ; ;-;--; 
1613;--;'1970-01-01 00:00:00;--; ; ;-;--; 
1614;--;'1970-01-01 00:00:00;--; ; ;-;--; 
1615;--;'1970-01-01 00:00:00;--; ; ;-;--; 
1616;--;'1970-01-01 00:00:00;--; ; ;-;--; 
1617;--;'1970-01-01 00:00:00;--; ; ;-;--; 
1618;--;'1970-01-01 00:00:00;--; ; ;-;--; 
1619;--;'1970-01-01 00:00:00;--; ; ;-;--; 
1620;--;'1970-01-01 00:00:00;--; ; ;-;--; 
1621;--;'1970-01-01 00:00:00;--; ; ;-;--; 
1622;--;'1970-01-01 00:00:00;--; ; ;-;--; 
1623;--;'1970-01-01 00:00:00;--; ; ;-;--; 
1624;--;'1970-01-01 00:00:00;--; ; ;-;--; 
1625;--;'1970-01-01 00:00:00;--; ; ;-;--; 
1626;--;'1970-01-01 00:00:00;--; ; ;-;--; 
1627;--;'1970-01-01 00:00:00;--; ; ;-;--; 
1628;--;'1970-01-01 00:00:00;--; ; ;-;--; 
1629;--;'1970-01-01 00:00:00;--; ; ;-;--; 
1630;--;'1970-01-01 00:00:00;--; ; ;-;--; 
1631;--;'1970-01-01 00:00:00;--; ; ;-;--; 
1632;--;'1970-01-01 00:00:00;--; ; ;-;--; 
1633;--;'1970-01-01 00:00:00;--; ; ;-;--; 
1634;--;'1970-01-01 00:00:00;--; ; ;-;--; 
1635;--;'1970-01-01 00:00:00;--; ; ;-;--; 
1636;--;'1970-01-01 00:00:00;--; ; ;-;--; 
1637;--;'1970-01-01 00:00:00;--; ; ;-;--; 
1638;--;'1970-01-01 00:00:00;--; ; ;-;--; 
1639;--;'1970-01-01 00:00:00;--; ; ;-;--; 
1640;--;'1970-01-01 00:00:00;--; ; ;-;--; 
1641;--;'1970-01-01 00:00:00;--; ; ;-;--; 
1642;--;'1970-01-01 00:00:00;--; ; ;-;--; 
1643;--;'1970-01-01 00:00:00;--; ; ;-;--; 
1644;--;'1970-01-01 00:00:00;--; ; ;-;--; 
1645;--;'1970-01-01 00:00:00;--; ; ;-;--; 
1646;--;'1970-01-01 00:00:00;--; ; ;-;--; 
1647;--;'1970-01-01 00:00:00;--; ; ;-;--; 
1648;--;'1970-01-01 00:00:00;--; ; ;-;--; 
1649;--;'1970-01-01 00:00:00;--; ; ;-;--; 
1650;--;'1970-01-01 00:00:00;--; ; ;-;--; 
1651;--;'1970-01-01 00:00:00;--; ; ;-;--; 
1652;--;'1970-01-01 00:00:00;--; ; ;-;--; 
1653;--;'1970-01-01 00:00:00;--; ; ;-;--; 
1654;--;'1970-01-01 00:00:00;--; ; ;-;--; 
1655;--;'1970-01-01 00:00:00;--; ; ;-;--; 
1656;--;'1970-01-01 00:00:00;--; ; ;-;--; 
1657;--;'1970-01-01 00:00:00;--; ; ;-;--; 
1658;--;'1970-01-01 00:00:00;--; ; ;-;--; 
1659;--;'1970-01-01 00:00:00;--; ; ;-;--; 
1660;--;'1970-01-01 00:00:00;--; ; ;-;--; 
1661;--;'1970-01-01 00:00:00;--; ; ;-;--; 
1662;--;'1970-01-01 00:00:00;--; ; ;-;--; 
1663;--;'1970-01-01 00:00:00;--; ; ;-;--; 
1664;--;'1970-01-01 00:00:00;--; ; ;-;--; 
1665;--;'1970-01-01 00:00:00;--; ; ;-;--; 
1666;--;'1970-01-01 00:00:00;--; ; ;-;--; 
1667;--;'1970-01-01 00:00:00;--; ; ;-;--; 
1668;--;'1970-01-01 00:00:00;--; ; ;-;--; 
1669;--;'1970-01-01 00:00:00;--; ; ;-;--; 
1670;--;'1970-01-01 00:00:00;--; ; ;-;--; 
1671;--;'1970-01-01 00:00:00;--; ; ;-;--; 
1672;--;'1970-01-01 00:00:00;--; ; ;-;--; 
1673;--;'1970-01-01 00:00:00;--; ; ;-;--; 
1674;--;'1970-01-01 00:00:00;--; ; ;-;--; 
1675;--;'1970-01-01 00:00:00;--; ; ;-;--; 
1676;--;'1970-01-01 00:00:00;--; ; ;-;--; 
1677;--;'1970-01-01 00:00:00;--; ; ;-;--; 
1678;--;'1970-01-01 00:00:00;--; ; ;-;--; 
1679;--;'1970-01-01 00:00:00;--; ; ;-;--; 
1680;--;'1970-01-01 00:00:00;--; ; ;-;--; 
1681;--;'1970-01-01 00:00:00;--; ; ;-;--; 
1682;--;'1970-01-01 00:00:00;--; ; ;-;--; 
1683;--;'1970-01-01 00:00:00;--; ; ;-;--; 
1684;--;'1970-01-01 00:00:00;--; ; ;-;--; 
1685;--;'1970-01-01 00:00:00;--; ; ;-;--; 
1686;--;'1970-01-01 00:00:00;--; ; ;-;--; 
1687;--;'1970-01-01 00:00:00;--; ; ;-;--; 
1688;--;'1970-01-01 00:00:00;--; ; ;-;--; 
1689;--;'1970-01-01 00:00:00;--; ; ;-;--; 
1690;--;'1970-01-01 00:00:00;--; ; ;-;--; 
1691;--;'1970-01-01 00:00:00;--; ; ;-;--; 
1692;--;'1970-01-01 00:00:00;--; ; ;-;--; 
1693;--;'1970-01-01 00:00:00;--; ; ;-;--; 
1694;--;'1970-01-01 00:00:00;--; ; ;-;--; 
1695;--;'1970-01-01 00:00:00;--; ; ;-;--; 
1696;--;'1970-01-01 00:00:00;--; ; ;-;--; 
1697;--;'1970-01-01 00:00:00;--; ; ;-;--; 
1698;--;'1970-01-01 00:00:00;--; ; ;-;--; 
1699;--;'1970-01-01 00:00:00;--; ; ;-;--; 
1700;--;'1970-01-01 00:00:00;--; ; ;-;--; 
1701;--;'1970-01-01 00:00:00;--; ; ;-;--; 
1702;--;'1970-01-01 00:00:00;--; ; ;-;--; 
1703;--;'1970-01-01 00:00:00;--; ; ;-;--; 
1704;--;'1970-01-01 00:00:00;--; ; ;-;--; 
1705;--;'1970-01-01 00:00:00;--; ; ;-;--; 
1706;--;'1970-01-01 00:00:00;--; ; ;-;--; 
1707;--;'1970-01-01 00:00:00;--; ; ;-;--; 
1708;--;'1970-01-01 00:00:00;--; ; ;-;--; 
1709;--;'1970-01-01 00:00:00;--; ; ;-;--; 
1710;--;'1970-01-01 00:00:00;--; ; ;-;--; 
1711;--;'1970-01-01 00:00:00;--; ; ;-;--; 
1712;--;'1970-01-01 00:00:00;--; ; ;-;--; 
1713;--;'1970-01-01 00:00:00;--; ; ;-;--; 
1714;--;'1970-01-01 00:00:00;--; ; ;-;--; 
1715;--;'1970-01-01 00:00:00;--; ; ;-;--; 
1716;--;'1970-01-01 00:00:00;--; ; ;-;--; 
1717;--;'1970-01-01 00:00:00;--; ; ;-;--; 
1718;--;'1970-01-01 00:00:00;--; ; ;-;--; 
1719;--;'1970-01-01 00:00:00;--; ; ;-;--; 
1720;--;'1970-01-01 00:00:00;--; ; ;-;--; 
1721;--;'1970-01-01 00:00:00;--; ; ;-;--; 
1722;--;'1970-01-01 00:00:00;--; ; ;-;--; 
1723;--;'1970-01-01 00:00:00;--; ; ;-;--; 
1724;--;'1970-01-01 00:00:00;--; ; ;-;--; 
1725;--;'1970-01-01 00:00:00;--; ; ;-;--; 
1726;--;'1970-01-01 00:00:00;--; ; ;-;--; 
1727;--;'1970-01-01 00:00:00;--; ; ;-;--; 
1728;--;'1970-01-01 00:00:00;--; ; ;-;--; 
1729;--;'1970-01-01 00:00:00;--; ; ;-;--; 
1730;--;'1970-01-01 00:00:00;--; ; ;-;--; 
1731;--;'1970-01-01 00:00:00;--; ; ;-;--; 
1732;--;'1970-01-01 00:00:00;--; ; ;-;--; 
1733;--;'1970-01-01 00:00:00;--; ; ;-;--; 
1734;--;'1970-01-01 00:00:00;--; ; ;-;--; 
1735;--;'1970-01-01 00:00:00;--; ; ;-;--; 
1736;--;'1970-01-01 00:00:00;--; ; ;-;--; 
1737;--;'1970-01-01 00:00:00;--; ; ;-;--; 
1738;--;'1970-01-01 00:00:00;--; ; ;-;--; 
1739;--;'1970-01-01 00:00:00;--; ; ;-;--; 
1740;--;'1970-01-01 00:00:00;--; ; ;-;--; 
1741;--;'1970-01-01 00:00:00;--; ; ;-;--; 
1742;--;'1970-01-01 00:00:00;--; ; ;-;--; 
1743;--;'1970-01-01 00:00:00;--; ; ;-;--; 
1744;--;'1970-01-01 00:00:00;--; ; ;-;--; 
1745;--;'1970-01-01 00:00:00;--; ; ;-;--; 
1746;--;'1970-01-01 00:00:00;--; ; ;-;--; 
1747;--;'1970-01-01 00:00:00;--; ; ;-;--; 
1748;--;'1970-01-01 00:00:00;--; ; ;-;--; 
1749;--;'1970-01-01 00:00:00;--; ; ;-;--; 
1750;--;'1970-01-01 00:00:00;--; ; ;-;--; 
1751;--;'1970-01-01 00:00:00;--; ; ;-;--; 
1752;--;'1970-01-01 00:00:00;--; ; ;-;--; 
1753;--;'1970-01-01 00:00:00;--; ; ;-;--; 
1754;--;'1970-01-01 00:00:00;--; ; ;-;--; 
1755;--;'1970-01-01 00:00:00;--; ; ;-;--; 
1756;--;'1970-01-01 00:00:00;--; ; ;-;--; 
1757;--;'1970-01-01 00:00:00;--; ; ;-;--; 
1758;--;'1970-01-01 00:00:00;--; ; ;-;--; 
1759;--;'1970-01-01 00:00:00;--; ; ;-;--; 
1760;--;'1970-01-01 00:00:00;--; ; ;-;--; 
1761;--;'1970-01-01 00:00:00;--; ; ;-;--; 
1762;--;'1970-01-01 00:00:00;--; ; ;-;--; 
1763;--;'1970-01-01 00:00:00;--; ; ;-;--; 
1764;--;'1970-01-01 00:00:00;--; ; ;-;--; 
1765;--;'1970-01-01 00:00:00;--; ; ;-;--; 
1766;--;'1970-01-01 00:00:00;--; ; ;-;--; 
1767;--;'1970-01-01 00:00:00;--; ; ;-;--; 
1768;--;'1970-01-01 00:00:00;--; ; ;-;--; 
1769;--;'1970-01-01 00:00:00;--; ; ;-;--; 
1770;--;'1970-01-01 00:00:00;--; ; ;-;--; 
1771;--;'1970-01-01 00:00:00;--; ; ;-;--; 
1772;--;'1970-01-01 00:00:00;--; ; ;-;--; 
1773;--;'1970-01-01 00:00:00;--; ; ;-;--; 
1774;--;'1970-01-01 00:00:00;--; ; ;-;--; 
1775;--;'1970-01-01 00:00:00;--; ; ;-;--; 
1776;--;'1970-01-01 00:00:00;--; ; ;-;--; 
1777;--;'1970-01-01 00:00:00;--; ; ;-;--; 
1778;--;'1970-01-01 00:00:00;--; ; ;-;--; 
1779;--;'1970-01-01 00:00:00;--; ; ;-;--; 
1780;--;'1970-01-01 00:00:00;--; ; ;-;--; 
1781;--;'1970-01-01 00:00:00;--; ; ;-;--; 
1782;--;'1970-01-01 00:00:00;--; ; ;-;--; 
1783;--;'1970-01-01 00:00:00;--; ; ;-;--; 
1784;--;'1970-01-01 00:00:00;--; ; ;-;--; 
1785;--;'1970-01-01 00:00:00;--; ; ;-;--; 
1786;--;'1970-01-01 00:00:00;--; ; ;-;--; 
1787;--;'1970-01-01 00:00:00;--; ; ;-;--; 
1788;--;'1970-01-01 00:00:00;--; ; ;-;--; 
1789;--;'1970-01-01 00:00:00;--; ; ;-;--; 
1790;--;'1970-01-01 00:00:00;--; ; ;-;--; 
1791;--;'1970-01-01 00:00:00;--; ; ;-;--; 
1792;--;'1970-01-01 00:00:00;--; ; ;-;--; 
1793;--;'1970-01-01 00:00:00;--; ; ;-;--; 
1794;--;'1970-01-01 00:00:00;--; ; ;-;--; 
1795;--;'1970-01-01 00:00:00;--; ; ;-;--; 
1796;--;'1970-01-01 00:00:00;--; ; ;-;--; 
1797;--;'1970-01-01 00:00:00;--; ; ;-;--; 
1798;--;'1970-01-01 00:00:00;--; ; ;-;--; 
1799;--;'1970-01-01 00:00:00;--; ; ;-;--; 
1800;--;'1970-01-01 00:00:00;--; ; ;-;--; 
1801;--;'1970-01-01 00:00:00;--; ; ;-;--; 
1802;--;'1970-01-01 00:00:00;--; ; ;-;--; 
1803;--;'1970-01-01 00:00:00;--; ; ;-;--; 
1804;--;'1970-01-01 00:00:00;--; ; ;-;--; 
1805;--;'1970-01-01 00:00:00;--; ; ;-;--; 
1806;--;'1970-01-01 00:00:00;--; ; ;-;--; 
1807;--;'1970-01-01 00:00:00;--; ; ;-;--; 
1808;--;'1970-01-01 00:00:00;--; ; ;-;--; 
1809;--;'1970-01-01 00:00:00;--; ; ;-;--; 
1810;--;'1970-01-01 00:00:00;--; ; ;-;--; 
1811;--;'1970-01-01 00:00:00;--; ; ;-;--; 
1812;--;'1970-01-01 00:00:00;--; ; ;-;--; 
1813;--;'1970-01-01 00:00:00;--; ; ;-;--; 
1814;--;'1970-01-01 00:00:00;--; ; ;-;--; 
1815;--;'1970-01-01 00:00:00;--; ; ;-;--; 
1816;--;'1970-01-01 00:00:00;--; ; ;-;--; 
1817;--;'1970-01-01 00:00:00;--; ; ;-;--; 
1818;--;'1970-01-01 00:00:00;--; ; ;-;--; 
1819;--;'1970-01-01 00:00:00;--; ; ;-;--; 
1820;--;'1970-01-01 00:00:00;--; ; ;-;--; 
1821;--;'1970-01-01 00:00:00;--; ; ;-;--; 
1822;--;'1970-01-01 00:00:00;--; ; ;-;--; 
1823;--;'1970-01-01 00:00:00;--; ; ;-;--; 
1824;--;'1970-01-01 00:00:00;--; ; ;-;--; 
1825;--;'1970-01-01 00:00:00;--; ; ;-;--; 
1826;--;'1970-01-01 00:00:00;--; ; ;-;--; 
1827;--;'1970-01-01 00:00:00;--; ; ;-;--; 
1828;--;'1970-01-01 00:00:00;--; ; ;-;--; 
1829;--;'1970-01-01 00:00:00;--; ; ;-;--; 
1830;--;'1970-01-01 00:00:00;--; ; ;-;--; 
1831;--;'1970-01-01 00:00:00;--; ; ;-;--; 
1832;--;'1970-01-01 00:00:00;--; ; ;-;--; 
1833;--;'1970-01-01 00:00:00;--; ; ;-;--; 
1834;--;'1970-01-01 00:00:00;--; ; ;-;--; 
1835;--;'1970-01-01 00:00:00;--; ; ;-;--; 
1836;--;'1970-01-01 00:00:00;--; ; ;-;--; 
1837;--;'1970-01-01 00:00:00;--; ; ;-;--; 
1838;--;'1970-01-01 00:00:00;--; ; ;-;--; 
1839;--;'1970-01-01 00:00:00;--; ; ;-;--; 
1840;--;'1970-01-01 00:00:00;--; ; ;-;--; 
1841;--;'1970-01-01 00:00:00;--; ; ;-;--; 
1842;--;'1970-01-01 00:00:00;--; ; ;-;--; 
1843;--;'1970-01-01 00:00:00;--; ; ;-;--; 
1844;--;'1970-01-01 00:00:00;--; ; ;-;--; 
1845;--;'1970-01-01 00:00:00;--; ; ;-;--; 
1846;--;'1970-01-01 00:00:00;--; ; ;-;--; 
1847;--;'1970-01-01 00:00:00;--; ; ;-;--; 
1848;--;'1970-01-01 00:00:00;--; ; ;-;--; 
1849;--;'1970-01-01 00:00:00;--; ; ;-;--; 
1850;--;'1970-01-01 00:00:00;--; ; ;-;--; 
1851;--;'1970-01-01 00:00:00;--; ; ;-;--; 
1852;--;'1970-01-01 00:00:00;--; ; ;-;--; 
1853;--;'1970-01-01 00:00:00;--; ; ;-;--; 
1854;--;'1970-01-01 00:00:00;--; ; ;-;--; 
1855;--;'1970-01-01 00:00:00;--; ; ;-;--; 
1856;--;'1970-01-01 00:00:00;--; ; ;-;--; 
1857;--;'1970-01-01 00:00:00;--; ; ;-;--; 
1858;--;'1970-01-01 00:00:00;--; ; ;-;--; 
1859;--;'1970-01-01 00:00:00;--; ; ;-;--; 
1860;--;'1970-01-01 00:00:00;--; ; ;-;--; 
1861;--;'1970-01-01 00:00:00;--; ; ;-;--; 
1862;--;'1970-01-01 00:00:00;--; ; ;-;--; 
1863;--;'1970-01-01 00:00:00;--; ; ;-;--; 
1864;--;'1970-01-01 00:00:00;--; ; ;-;--; 
1865;--;'1970-01-01 00:00:00;--; ; ;-;--; 
1866;--;'1970-01-01 00:00:00;--; ; ;-;--; 
1867;--;'1970-01-01 00:00:00;--; ; ;-;--; 
1868;--;'1970-01-01 00:00:00;--; ; ;-;--; 
1869;--;'1970-01-01 00:00:00;--; ; ;-;--; 
1870;--;'1970-01-01 00:00:00;--; ; ;-;--; 
1871;--;'1970-01-01 00:00:00;--; ; ;-;--; 
1872;--;'1970-01-01 00:00:00;--; ; ;-;--; 
1873;--;'1970-01-01 00:00:00;--; ; ;-;--; 
1874;--;'1970-01-01 00:00:00;--; ; ;-;--; 
1875;--;'1970-01-01 00:00:00;--; ; ;-;--; 
1876;--;'1970-01-01 00:00:00;--; ; ;-;--; 
1877;--;'1970-01-01 00:00:00;--; ; ;-;--; 
1878;--;'1970-01-01 00:00:00;--; ; ;-;--; 
1879;--;'1970-01-01 00:00:00;--; ; ;-;--; 
1880;--;'1970-01-01 00:00:00;--; ; ;-;--; 
1881;--;'1970-01-01 00:00:00;--; ; ;-;--; 
1882;--;'1970-01-01 00:00:00;--; ; ;-;--; 
1883;--;'1970-01-01 00:00:00;--; ; ;-;--; 
1884;--;'1970-01-01 00:00:00;--; ; ;-;--; 
1885;--;'1970-01-01 00:00:00;--; ; ;-;--; 
1886;--;'1970-01-01 00:00:00;--; ; ;-;--; 
1887;--;'1970-01-01 00:00:00;--; ; ;-;--; 
1888;--;'1970-01-01 00:00:00;--; ; ;-;--; 
1889;--;'1970-01-01 00:00:00;--; ; ;-;--; 
1890;--;'1970-01-01 00:00:00;--; ; ;-;--; 
1891;--;'1970-01-01 00:00:00;--; ; ;-;--; 
1892;--;'1970-01-01 00:00:00;--; ; ;-;--; 
1893;--;'1970-01-01 00:00:00;--; ; ;-;--; 
1894;--;'1970-01-01 00:00:00;--; ; ;-;--; 
1895;--;'1970-01-01 00:00:00;--; ; ;-;--; 
1896;--;'1970-01-01 00:00:00;--; ; ;-;--; 
1897;--;'1970-01-01 00:00:00;--; ; ;-;--; 
1898;--;'1970-01-01 00:00:00;--; ; ;-;--; 
1899;--;'1970-01-01 00:00:00;--; ; ;-;--; 
1900;--;'1970-01-01 00:00:00;--; ; ;-;--; 
1901;--;'1970-01-01 00:00:00;--; ; ;-;--; 
1902;--;'1970-01-01 00:00:00;--; ; ;-;--; 
1903;--;'1970-01-01 00:00:00;--; ; ;-;--; 
1904;--;'1970-01-01 00:00:00;--; ; ;-;--; 
1905;--;'1970-01-01 00:00:00;--; ; ;-;--; 
1906;--;'1970-01-01 00:00:00;--; ; ;-;--; 
1907;--;'1970-01-01 00:00:00;--; ; ;-;--; 
1908;--;'1970-01-01 00:00:00;--; ; ;-;--; 
1909;--;'1970-01-01 00:00:00;--; ; ;-;--; 
1910;--;'1970-01-01 00:00:00;--; ; ;-;--; 
1911;--;'1970-01-01 00:00:00;--; ; ;-;--; 
1912;--;'1970-01-01 00:00:00;--; ; ;-;--; 
1913;--;'1970-01-01 00:00:00;--; ; ;-;--; 
1914;--;'1970-01-01 00:00:00;--; ; ;-;--; 
1915;--;'1970-01-01 00:00:00;--; ; ;-;--; 
1916;--;'1970-01-01 00:00:00;--; ; ;-;--; 
1917;--;'1970-01-01 00:00:00;--; ; ;-;--; 
1918;--;'1970-01-01 00:00:00;--; ; ;-;--; 
1919;--;'1970-01-01 00:00:00;--; ; ;-;--; 
1920;--;'1970-01-01 00:00:00;--; ; ;-;--; 
1921;--;'1970-01-01 00:00:00;--; ; ;-;--; 
1922;--;'1970-01-01 00:00:00;--; ; ;-;--; 
1923;--;'1970-01-01 00:00:00;--; ; ;-;--; 
1924;--;'1970-01-01 00:00:00;--; ; ;-;--; 
1925;--;'1970-01-01 00:00:00;--; ; ;-;--; 
1926;--;'1970-01-01 00:00:00;--; ; ;-;--; 
1927;--;'1970-01-01 00:00:00;--; ; ;-;--; 
1928;--;'1970-01-01 00:00:00;--; ; ;-;--; 
1929;--;'1970-01-01 00:00:00;--; ; ;-;--; 
1930;--;'1970-01-01 00:00:00;--; ; ;-;--; 
1931;--;'1970-01-01 00:00:00;--; ; ;-;--; 
1932;--;'1970-01-01 00:00:00;--; ; ;-;--; 
1933;--;'1970-01-01 00:00:00;--; ; ;-;--; 
1934;--;'1970-01-01 00:00:00;--; ; ;-;--; 
1935;--;'1970-01-01 00:00:00;--; ; ;-;--; 
1936;--;'1970-01-01 00:00:00;--; ; ;-;--; 
1937;--;'1970-01-01 00:00:00;--; ; ;-;--; 
1938;--;'1970-01-01 00:00:00;--; ; ;-;--; 
1939;--;'1970-01-01 00:00:00;--; ; ;-;--; 
1940;--;'1970-01-01 00:00:00;--; ; ;-;--; 
1941;--;'1970-01-01 00:00:00;--; ; ;-;--; 
1942;--;'1970-01-01 00:00:00;--; ; ;-;--; 
1943;--;'1970-01-01 00:00:00;--; ; ;-;--; 
1944;--;'1970-01-01 00:00:00;--; ; ;-;--; 
1945;--;'1970-01-01 00:00:00;--; ; ;-;--; 
1946;--;'1970-01-01 00:00:00;--; ; ;-;--; 
1947;--;'1970-01-01 00:00:00;--; ; ;-;--; 
1948;--;'1970-01-01 00:00:00;--; ; ;-;--; 
1949;--;'1970-01-01 00:00:00;--; ; ;-;--; 
1950;--;'1970-01-01 00:00:00;--; ; ;-;--; 
1951;--;'1970-01-01 00:00:00;--; ; ;-;--; 
1952;--;'1970-01-01 00:00:00;--; ; ;-;--; 
1953;--;'1970-01-01 00:00:00;--; ; ;-;--; 
1954;--;'1970-01-01 00:00:00;--; ; ;-;--; 
1955;--;'1970-01-01 00:00:00;--; ; ;-;--; 
1956;--;'1970-01-01 00:00:00;--; ; ;-;--; 
1957;--;'1970-01-01 00:00:00;--; ; ;-;--; 
1958;--;'1970-01-01 00:00:00;--; ; ;-;--; 
1959;--;'1970-01-01 00:00:00;--; ; ;-;--; 
1960;--;'1970-01-01 00:00:00;--; ; ;-;--; 
1961;--;'1970-01-01 00:00:00;--; ; ;-;--; 
1962;--;'1970-01-01 00:00:00;--; ; ;-;--; 
1963;--;'1970-01-01 00:00:00;--; ; ;-;--; 
1964;--;'1970-01-01 00:00:00;--; ; ;-;--; 
1965;--;'1970-01-01 00:00:00;--; ; ;-;--; 
1966;--;'1970-01-01 00:00:00;--; ; ;-;--; 
1967;--;'1970-01-01 00:00:00;--; ; ;-;--; 
1968;--;'1970-01-01 00:00:00;--; ; ;-;--; 
1969;--;'1970-01-01 00:00:00;--; ; ;-;--; 
1970;--;'1970-01-01 00:00:00;--; ; ;-;--; 
1971;--;'1970-01-01 00:00:00;--; ; ;-;--; 
1972;--;'1970-01-01 00:00:00;--; ; ;-;--; 
1973;--;'1970-01-01 00:00:00;--; ; ;-;--; 
1974;--;'1970-01-01 00:00:00;--; ; ;-;--; 
1975;--;'1970-01-01 00:00:00;--; ; ;-;--; 
1976;--;'1970-01-01 00:00:00;--; ; ;-;--; 
1977;--;'1970-01-01 00:00:00;--; ; ;-;--; 
1978;--;'1970-01-01 00:00:00;--; ; ;-;--; 
1979;--;'1970-01-01 00:00:00;--; ; ;-;--; 
1980;--;'1970-01-01 00:00:00;--; ; ;-;--; 
1981;--;'1970-01-01 00:00:00;--; ; ;-;--; 
1982;--;'1970-01-01 00:00:00;--; ; ;-;--; 
1983;--;'1970-01-01 00:00:00;--; ; ;-;--; 
1984;--;'1970-01-01 00:00:00;--; ; ;-;--; 
1985;--;'1970-01-01 00:00:00;--; ; ;-;--; 
1986;--;'1970-01-01 00:00:00;--; ; ;-;--; 
1987;--;'1970-01-01 00:00:00;--; ; ;-;--; 
1988;--;'1970-01-01 00:00:00;--; ; ;-;--; 
1989;--;'1970-01-01 00:00:00;--; ; ;-;--; 
1990;--;'1970-01-01 00:00:00;--; ; ;-;--; 
1991;--;'1970-01-01 00:00:00;--; ; ;-;--; 
1992;--;'1970-01-01 00:00:00;--; ; ;-;--; 
1993;--;'1970-01-01 00:00:00;--; ; ;-;--; 
1994;--;'1970-01-01 00:00:00;--; ; ;-;--; 
1995;--;'1970-01-01 00:00:00;--; ; ;-;--; 
1996;--;'1970-01-01 00:00:00;--; ; ;-;--; 
1997;--;'1970-01-01 00:00:00;--; ; ;-;--; 
1998;--;'1970-01-01 00:00:00;--; ; ;-;--; 
1999;--;'1970-01-01 00:00:00;--; ; ;-;--; 
2000;--;'1970-01-01 00:00:00;--; ; ;-;--; 
2001;--;'1970-01-01 00:00:00;--; ; ;-;--; 
2002;--;'1970-01-01 00:00:00;--; ; ;-;--; 
2003;--;'1970-01-01 00:00:00;--; ; ;-;--; 
2004;--;'1970-01-01 00:00:00;--; ; ;-;--; 
2005;--;'1970-01-01 00:00:00;--; ; ;-;--; 
2006;--;'1970-01-01 00:00:00;--; ; ;-;--; 
2007;--;'1970-01-01 00:00:00;--; ; ;-;--; 
2008;--;'1970-01-01 00:00:00;--; ; ;-;--; 
2009;--;'1970-01-01 00:00:00;--; ; ;-;--; 
2010;--;'1970-01-01 00:00:00;--; ; ;-;--; 
2011;--;'1970-01-01 00:00:00;--; ; ;-;--; 
2012;--;'1970-01-01 00:00:00;--; ; ;-;--; 
2013;--;'1970-01-01 00:00:00;--; ; ;-;--; 
2014;--;'1970-01-01 00:00:00;--; ; ;-;--; 
2015;--;'1970-01-01 00:00:00;--; ; ;-;--; 
2016;--;'1970-01-01 00:00:00;--; ; ;-;--; 
2017;--;'1970-01-01 00:00:00;--; ; ;-;--; 
2018;--;'1970-01-01 00:00:00;--; ; ;-;--; 
2019;--;'1970-01-01 00:00:00;--; ; ;-;--; 
2020;--;'1970-01-01 00:00:00;--; ; ;-;--; 
2021;--;'1970-01-01 00:00:00;--; ; ;-;--; 
2022;--;'1970-01-01 00:00:00;--; ; ;-;--; 
2023;--;'1970-01-01 00:00:00;--; ; ;-;--; 
2024;--;'1970-01-01 00:00:00;--; ; ;-;--; 
2025;--;'1970-01-01 00:00:00;--; ; ;-;--; 
2026;--;'1970-01-01 00:00:00;--; ; ;-;--; 
2027;--;'1970-01-01 00:00:00;--; ; ;-;--; 
2028;--;'1970-01-01 00:00:00;--; ; ;-;--; 
2029;--;'1970-01-01 00:00:00;--; ; ;-;--; 
2030;--;'1970-01-01 00:00:00;--; ; ;-;--; 
2031;--;'1970-01-01 00:00:00;--; ; ;-;--; 
2032;--;'1970-01-01 00:00:00;--; ; ;-;--; 
2033;--;'1970-01-01 00:00:00;--; ; ;-;--; 
2034;--;'1970-01-01 00:00:00;--; ; ;-;--; 
2035;--;'1970-01-01 00:00:00;--; ; ;-;--; 
2036;--;'1970-01-01 00:00:00;--; ; ;-;--; 
2037;--;'1970-01-01 00:00:00;--; ; ;-;--; 
2038;--;'1970-01-01 00:00:00;--; ; ;-;--; 
2039;--;'1970-01-01 00:00:00;--; ; ;-;--; 
2040;--;'1970-01-01 00:00:00;--; ; ;-;--; 
2041;--;'1970-01-01 00:00:00;--; ; ;-;--; 
2042;--;'1970-01-01 00:00:00;--; ; ;-;--; 
2043;--;'1970-01-01 00:00:00;--; ; ;-;--; 
2044;--;'1970-01-01 00:00:00;--; ; ;-;--; 
2045;--;'1970-01-01 00:00:00;--; ; ;-;--; 
2046;--;'1970-01-01 00:00:00;--; ; ;-;--; 
2047;--;'1970-01-01 00:00:00;--; ; ;-;--; 
2048;--;'1970-01-01 00:00:00;--; ; ;-;--; 
2049;--;'1970-01-01 00:00:00;--; ; ;-;--; 
2050;--;'1970-01-01 00:00:00;--; ; ;-;--; 
2051;--;'1970-01-01 00:00:00;--; ; ;-;--; 
2052;--;'1970-01-01 00:00:00;--; ; ;-;--; 
2053;--;'1970-01-01 00:00:00;--; ; ;-;--; 
2054;--;'1970-01-01 00:00:00;--; ; ;-;--; 
2055;--;'1970-01-01 00:00:00;--; ; ;-;--; 
2056;--;'1970-01-01 00:00:00;--; ; ;-;--; 
2057;--;'1970-01-01 00:00:00;--; ; ;-;--; 
2058;--;'1970-01-01 00:00:00;--; ; ;-;--; 
2059;--;'1970-01-01 00:00:00;--; ; ;-;--; 
2060;--;'1970-01-01 00:00:00;--; ; ;-;--; 
2061;--;'1970-01-01 00:00:00;--; ; ;-;--; 
2062;--;'1970-01-01 00:00:00;--; ; ;-;--; 
2063;--;'1970-01-01 00:00:00;--; ; ;-;--; 
2064;--;'1970-01-01 00:00:00;--; ; ;-;--; 
2065;--;'1970-01-01 00:00:00;--; ; ;-;--; 
2066;--;'1970-01-01 00:00:00;--; ; ;-;--; 
2067;--;'1970-01-01 00:00:00;--; ; ;-;--; 
2068;--;'1970-01-01 00:00:00;--; ; ;-;--; 
2069;--;'1970-01-01 00:00:00;--; ; ;-;--; 
2070;--;'1970-01-01 00:00:00;--; ; ;-;--; 
2071;--;'1970-01-01 00:00:00;--; ; ;-;--; 
2072;--;'1970-01-01 00:00:00;--; ; ;-;--; 
2073;--;'1970-01-01 00:00:00;--; ; ;-;--; 
2074;--;'1970-01-01 00:00:00;--; ; ;-;--; 
2075;--;'1970-01-01 00:00:00;--; ; ;-;--; 
2076;--;'1970-01-01 00:00:00;--; ; ;-;--; 
2077;--;'1970-01-01 00:00:00;--; ; ;-;--; 
2078;--;'1970-01-01 00:00:00;--; ; ;-;--; 
2079;--;'1970-01-01 00:00:00;--; ; ;-;--; 
2080;--;'1970-01-01 00:00:00;--; ; ;-;--; 
2081;--;'1970-01-01 00:00:00;--; ; ;-;--; 
2082;--;'1970-01-01 00:00:00;--; ; ;-;--; 
2083;--;'1970-01-01 00:00:00;--; ; ;-;--; 
2084;--;'1970-01-01 00:00:00;--; ; ;-;--; 
2085;--;'1970-01-01 00:00:00;--; ; ;-;--; 
2086;--;'1970-01-01 00:00:00;--; ; ;-;--; 
2087;--;'1970-01-01 00:00:00;--; ; ;-;--; 
2088;--;'1970-01-01 00:00:00;--; ; ;-;--; 
2089;--;'1970-01-01 00:00:00;--; ; ;-;--; 
2090;--;'1970-01-01 00:00:00;--; ; ;-;--; 
2091;--;'1970-01-01 00:00:00;--; ; ;-;--; 
2092;--;'1970-01-01 00:00:00;--; ; ;-;--; 
2093;--;'1970-01-01 00:00:00;--; ; ;-;--; 
2094;--;'1970-01-01 00:00:00;--; ; ;-;--; 
2095;--;'1970-01-01 00:00:00;--; ; ;-;--; 
2096;--;'1970-01-01 00:00:00;--; ; ;-;--; 
2097;--;'1970-01-01 00:00:00;--; ; ;-;--; 
2098;--;'1970-01-01 00:00:00;--; ; ;-;--; 
2099;--;'1970-01-01 00:00:00;--; ; ;-;--; 
2100;--;'1970-01-01 00:00:00;--; ; ;-;--; 
2101;--;'1970-01-01 00:00:00;--; ; ;-;--; 
2102;--;'1970-01-01 00:00:00;--; ; ;-;--; 
2103;--;'1970-01-01 00:00:00;--; ; ;-;--; 
2104;--;'1970-01-01 00:00:00;--; ; ;-;--; 
2105;--;'1970-01-01 00:00:00;--; ; ;-;--; 
2106;--;'1970-01-01 00:00:00;--; ; ;-;--; 
2107;--;'1970-01-01 00:00:00;--; ; ;-;--; 
2108;--;'1970-01-01 00:00:00;--; ; ;-;--; 
2109;--;'1970-01-01 00:00:00;--; ; ;-;--; 
2110;--;'1970-01-01 00:00:00;--; ; ;-;--; 
2111;--;'1970-01-01 00:00:00;--; ; ;-;--; 
2112;--;'1970-01-01 00:00:00;--; ; ;-;--; 
2113;--;'1970-01-01 00:00:00;--; ; ;-;--; 
2114;--;'1970-01-01 00:00:00;--; ; ;-;--; 
2115;--;'1970-01-01 00:00:00;--; ; ;-;--; 
2116;--;'1970-01-01 00:00:00;--; ; ;-;--; 
2117;--;'1970-01-01 00:00:00;--; ; ;-;--; 
2118;--;'1970-01-01 00:00:00;--; ; ;-;--; 
2119;--;'1970-01-01 00:00:00;--; ; ;-;--; 
2120;--;'1970-01-01 00:00:00;--; ; ;-;--; 
2121;--;'1970-01-01 00:00:00;--; ; ;-;--; 
2122;--;'1970-01-01 00:00:00;--; ; ;-;--; 
2123;--;'1970-01-01 00:00:00;--; ; ;-;--; 
2124;--;'1970-01-01 00:00:00;--; ; ;-;--; 
2125;--;'1970-01-01 00:00:00;--; ; ;-;--; 
2126;--;'1970-01-01 00:00:00;--; ; ;-;--; 
2127;--;'1970-01-01 00:00:00;--; ; ;-;--; 
2128;--;'1970-01-01 00:00:00;--; ; ;-;--; 
2129;--;'1970-01-01 00:00:00;--; ; ;-;--; 
2130;--;'1970-01-01 00:00:00;--; ; ;-;--; 
2131;--;'1970-01-01 00:00:00;--; ; ;-;--; 
2132;--;'1970-01-01 00:00:00;--; ; ;-;--; 
2133;--;'1970-01-01 00:00:00;--; ; ;-;--; 
2134;--;'1970-01-01 00:00:00;--; ; ;-;--; 
2135;--;'1970-01-01 00:00:00;--; ; ;-;--; 
2136;--;'1970-01-01 00:00:00;--; ; ;-;--; 
2137;--;'1970-01-01 00:00:00;--; ; ;-;--; 
2138;--;'1970-01-01 00:00:00;--; ; ;-;--; 
2139;--;'1970-01-01 00:00:00;--; ; ;-;--; 
2140;--;'1970-01-01 00:00:00;--; ; ;-;--; 
2141;--;'1970-01-01 00:00:00;--; ; ;-;--; 
2142;--;'1970-01-01 00:00:00;--; ; ;-;--; 
2143;--;'1970-01-01 00:00:00;--; ; ;-;--; 
2144;--;'1970-01-01 00:00:00;--; ; ;-;--; 
2145;--;'1970-01-01 00:00:00;--; ; ;-;--; 
2146;--;'1970-01-01 00:00:00;--; ; ;-;--; 
2147;--;'1970-01-01 00:00:00;--; ; ;-;--; 
2148;--;'1970-01-01 00:00:00;--; ; ;-;--; 
2149;--;'1970-01-01 00:00:00;--; ; ;-;--; 
2150;--;'1970-01-01 00:00:00;--; ; ;-;--; 
2151;--;'1970-01-01 00:00:00;--; ; ;-;--; 
2152;--;'1970-01-01 00:00:00;--; ; ;-;--; 
2153;--;'1970-01-01 00:00:00;--; ; ;-;--; 
2154;--;'1970-01-01 00:00:00;--; ; ;-;--; 
2155;--;'1970-01-01 00:00:00;--; ; ;-;--; 
2156;--;'1970-01-01 00:00:00;--; ; ;-;--; 
2157;--;'1970-01-01 00:00:00;--; ; ;-;--; 
2158;--;'1970-01-01 00:00:00;--; ; ;-;--; 
2159;--;'1970-01-01 00:00:00;--; ; ;-;--; 
2160;--;'1970-01-01 00:00:00;--; ; ;-;--; 
2161;--;'1970-01-01 00:00:00;--; ; ;-;--; 
2162;--;'1970-01-01 00:00:00;--; ; ;-;--; 
2163;--;'1970-01-01 00:00:00;--; ; ;-;--; 
2164;--;'1970-01-01 00:00:00;--; ; ;-;--; 
2165;--;'1970-01-01 00:00:00;--; ; ;-;--; 
2166;--;'1970-01-01 00:00:00;--; ; ;-;--; 
2167;--;'1970-01-01 00:00:00;--; ; ;-;--; 
2168;--;'1970-01-01 00:00:00;--; ; ;-;--; 
2169;--;'1970-01-01 00:00:00;--; ; ;-;--; 
2170;--;'1970-01-01 00:00:00;--; ; ;-;--; 
2171;--;'1970-01-01 00:00:00;--; ; ;-;--; 
2172;--;'1970-01-01 00:00:00;--; ; ;-;--; 
2173;--;'1970-01-01 00:00:00;--; ; ;-;--; 
2174;--;'1970-01-01 00:00:00;--; ; ;-;--; 
2175;--;'1970-01-01 00:00:00;--; ; ;-;--; 
2176;--;'1970-01-01 00:00:00;--; ; ;-;--; 
2177;--;'1970-01-01 00:00:00;--; ; ;-;--; 
2178;--;'1970-01-01 00:00:00;--; ; ;-;--; 
2179;--;'1970-01-01 00:00:00;--; ; ;-;--; 
2180;--;'1970-01-01 00:00:00;--; ; ;-;--; 
2181;--;'1970-01-01 00:00:00;--; ; ;-;--; 
2182;--;'1970-01-01 00:00:00;--; ; ;-;--; 
2183;--;'1970-01-01 00:00:00;--; ; ;-;--; 
2184;--;'1970-01-01 00:00:00;--; ; ;-;--; 
2185;--;'1970-01-01 00:00:00;--; ; ;-;--; 
2186;--;'1970-01-01 00:00:00;--; ; ;-;--; 
2187;--;'1970-01-01 00:00:00;--; ; ;-;--; 
2188;--;'1970-01-01 00:00:00;--; ; ;-;--; 
2189;--;'1970-01-01 00:00:00;--; ; ;-;--; 
2190;--;'1970-01-01 00:00:00;--; ; ;-;--; 
2191;--;'1970-01-01 00:00:00;--; ; ;-;--; 
2192;--;'1970-01-01 00:00:00;--; ; ;-;--; 
2193;--;'1970-01-01 00:00:00;--; ; ;-;--; 
2194;--;'1970-01-01 00:00:00;--; ; ;-;--; 
2195;--;'1970-01-01 00:00:00;--; ; ;-;--; 
2196;--;'1970-01-01 00:00:00;--; ; ;-;--; 
2197;--;'1970-01-01 00:00:00;--; ; ;-;--; 
2198;--;'1970-01-01 00:00:00;--; ; ;-;--; 
2199;--;'1970-01-01 00:00:00;--; ; ;-;--; 
2200;--;'1970-01-01 00:00:00;--; ; ;-;--; 
2201;--;'1970-01-01 00:00:00;--; ; ;-;--; 
2202;--;'1970-01-01 00:00:00;--; ; ;-;--; 
2203;--;'1970-01-01 00:00:00;--; ; ;-;--; 
2204;--;'1970-01-01 00:00:00;--; ; ;-;--; 
2205;--;'1970-01-01 00:00:00;--; ; ;-;--; 
2206;--;'1970-01-01 00:00:00;--; ; ;-;--; 
2207;--;'1970-01-01 00:00:00;--; ; ;-;--; 
2208;--;'1970-01-01 00:00:00;--; ; ;-;--; 
2209;--;'1970-01-01 00:00:00;--; ; ;-;--; 
2210;--;'1970-01-01 00:00:00;--; ; ;-;--; 
2211;--;'1970-01-01 00:00:00;--; ; ;-;--; 
2212;--;'1970-01-01 00:00:00;--; ; ;-;--; 
2213;--;'1970-01-01 00:00:00;--; ; ;-;--; 
2214;--;'1970-01-01 00:00:00;--; ; ;-;--; 
2215;--;'1970-01-01 00:00:00;--; ; ;-;--; 
2216;--;'1970-01-01 00:00:00;--; ; ;-;--; 
2217;--;'1970-01-01 00:00:00;--; ; ;-;--; 
2218;--;'1970-01-01 00:00:00;--; ; ;-;--; 
2219;--;'1970-01-01 00:00:00;--; ; ;-;--; 
2220;--;'1970-01-01 00:00:00;--; ; ;-;--; 
2221;--;'1970-01-01 00:00:00;--; ; ;-;--; 
2222;--;'1970-01-01 00:00:00;--; ; ;-;--; 
2223;--;'1970-01-01 00:00:00;--; ; ;-;--; 
2224;--;'1970-01-01 00:00:00;--; ; ;-;--; 
2225;--;'1970-01-01 00:00:00;--; ; ;-;--; 
2226;--;'1970-01-01 00:00:00;--; ; ;-;--; 
2227;--;'1970-01-01 00:00:00;--; ; ;-;--; 
2228;--;'1970-01-01 00:00:00;--; ; ;-;--; 
2229;--;'1970-01-01 00:00:00;--; ; ;-;--; 
2230;--;'1970-01-01 00:00:00;--; ; ;-;--; 
2231;--;'1970-01-01 00:00:00;--; ; ;-;--; 
2232;--;'1970-01-01 00:00:00;--; ; ;-;--; 
2233;--;'1970-01-01 00:00:00;--; ; ;-;--; 
2234;--;'1970-01-01 00:00:00;--; ; ;-;--; 
2235;--;'1970-01-01 00:00:00;--; ; ;-;--; 
2236;--;'1970-01-01 00:00:00;--; ; ;-;--; 
2237;--;'1970-01-01 00:00:00;--; ; ;-;--; 
2238;--;'1970-01-01 00:00:00;--; ; ;-;--; 
2239;--;'1970-01-01 00:00:00;--; ; ;-;--; 
2240;--;'1970-01-01 00:00:00;--; ; ;-;--; 
2241;--;'1970-01-01 00:00:00;--; ; ;-;--; 
2242;--;'1970-01-01 00:00:00;--; ; ;-;--; 
2243;--;'1970-01-01 00:00:00;--; ; ;-;--; 
2244;--;'1970-01-01 00:00:00;--; ; ;-;--; 
2245;--;'1970-01-01 00:00:00;--; ; ;-;--; 
2246;--;'1970-01-01 00:00:00;--; ; ;-;--; 
2247;--;'1970-01-01 00:00:00;--; ; ;-;--; 
2248;--;'1970-01-01 00:00:00;--; ; ;-;--; 
2249;--;'1970-01-01 00:00:00;--; ; ;-;--; 
2250;--;'1970-01-01 00:00:00;--; ; ;-;--; 
2251;--;'1970-01-01 00:00:00;--; ; ;-;--; 
2252;--;'1970-01-01 00:00:00;--; ; ;-;--; 
2253;--;'1970-01-01 00:00:00;--; ; ;-;--; 
2254;--;'1970-01-01 00:00:00;--; ; ;-;--; 
2255;--;'1970-01-01 00:00:00;--; ; ;-;--; 
2256;--;'1970-01-01 00:00:00;--; ; ;-;--; 
2257;--;'1970-01-01 00:00:00;--; ; ;-;--; 
2258;--;'1970-01-01 00:00:00;--; ; ;-;--; 
2259;--;'1970-01-01 00:00:00;--; ; ;-;--; 
2260;--;'1970-01-01 00:00:00;--; ; ;-;--; 
2261;--;'1970-01-01 00:00:00;--; ; ;-;--; 
2262;--;'1970-01-01 00:00:00;--; ; ;-;--; 
2263;--;'1970-01-01 00:00:00;--; ; ;-;--; 
2264;--;'1970-01-01 00:00:00;--; ; ;-;--; 
2265;--;'1970-01-01 00:00:00;--; ; ;-;--; 
2266;--;'1970-01-01 00:00:00;--; ; ;-;--; 
2267;--;'1970-01-01 00:00:00;--; ; ;-;--; 
2268;--;'1970-01-01 00:00:00;--; ; ;-;--; 
2269;--;'1970-01-01 00:00:00;--; ; ;-;--; 
2270;--;'1970-01-01 00:00:00;--; ; ;-;--; 
2271;--;'1970-01-01 00:00:00;--; ; ;-;--; 
2272;--;'1970-01-01 00:00:00;--; ; ;-;--; 
2273;--;'1970-01-01 00:00:00;--; ; ;-;--; 
2274;--;'1970-01-01 00:00:00;--; ; ;-;--; 
2275;--;'1970-01-01 00:00:00;--; ; ;-;--; 
2276;--;'1970-01-01 00:00:00;--; ; ;-;--; 
2277;--;'1970-01-01 00:00:00;--; ; ;-;--; 
2278;--;'1970-01-01 00:00:00;--; ; ;-;--; 
2279;--;'1970-01-01 00:00:00;--; ; ;-;--; 
2280;--;'1970-01-01 00:00:00;--; ; ;-;--; 
2281;--;'1970-01-01 00:00:00;--; ; ;-;--; 
2282;--;'1970-01-01 00:00:00;--; ; ;-;--; 
2283;--;'1970-01-01 00:00:00;--; ; ;-;--; 
2284;--;'1970-01-01 00:00:00;--; ; ;-;--; 
2285;--;'1970-01-01 00:00:00;--; ; ;-;--; 
2286;--;'1970-01-01 00:00:00;--; ; ;-;--; 
2287;--;'1970-01-01 00:00:00;--; ; ;-;--; 
2288;--;'1970-01-01 00:00:00;--; ; ;-;--; 
2289;--;'1970-01-01 00:00:00;--; ; ;-;--; 
2290;--;'1970-01-01 00:00:00;--; ; ;-;--; 
2291;--;'1970-01-01 00:00:00;--; ; ;-;--; 
2292;--;'1970-01-01 00:00:00;--; ; ;-;--; 
2293;--;'1970-01-01 00:00:00;--; ; ;-;--; 
2294;--;'1970-01-01 00:00:00;--; ; ;-;--; 
2295;--;'1970-01-01 00:00:00;--; ; ;-;--; 
2296;--;'1970-01-01 00:00:00;--; ; ;-;--; 
2297;--;'1970-01-01 00:00:00;--; ; ;-;--; 
2298;--;'1970-01-01 00:00:00;--; ; ;-;--; 
2299;--;'1970-01-01 00:00:00;--; ; ;-;--; 
2300;--;'1970-01-01 00:00:00;--; ; ;-;--; 
2301;--;'1970-01-01 00:00:00;--; ; ;-;--; 
2302;--;'1970-01-01 00:00:00;--; ; ;-;--; 
2303;--;'1970-01-01 00:00:00;--; ; ;-;--; 
2304;--;'1970-01-01 00:00:00;--; ; ;-;--; 
2305;--;'1970-01-01 00:00:00;--; ; ;-;--; 
2306;--;'1970-01-01 00:00:00;--; ; ;-;--; 
2307;--;'1970-01-01 00:00:00;--; ; ;-;--; 
2308;--;'1970-01-01 00:00:00;--; ; ;-;--; 
2309;--;'1970-01-01 00:00:00;--; ; ;-;--; 
2310;--;'1970-01-01 00:00:00;--; ; ;-;--; 
2311;--;'1970-01-01 00:00:00;--; ; ;-;--; 
2312;--;'1970-01-01 00:00:00;--; ; ;-;--; 
2313;--;'1970-01-01 00:00:00;--; ; ;-;--; 
2314;--;'1970-01-01 00:00:00;--; ; ;-;--; 
2315;--;'1970-01-01 00:00:00;--; ; ;-;--; 
2316;--;'1970-01-01 00:00:00;--; ; ;-;--; 
2317;--;'1970-01-01 00:00:00;--; ; ;-;--; 
2318;--;'1970-01-01 00:00:00;--; ; ;-;--; 
2319;--;'1970-01-01 00:00:00;--; ; ;-;--; 
2320;--;'1970-01-01 00:00:00;--; ; ;-;--; 
2321;--;'1970-01-01 00:00:00;--; ; ;-;--; 
2322;--;'1970-01-01 00:00:00;--; ; ;-;--; 
2323;--;'1970-01-01 00:00:00;--; ; ;-;--; 
2324;--;'1970-01-01 00:00:00;--; ; ;-;--; 
2325;--;'1970-01-01 00:00:00;--; ; ;-;--; 
2326;--;'1970-01-01 00:00:00;--; ; ;-;--; 
2327;--;'1970-01-01 00:00:00;--; ; ;-;--; 
2328;--;'1970-01-01 00:00:00;--; ; ;-;--; 
2329;--;'1970-01-01 00:00:00;--; ; ;-;--; 
2330;--;'1970-01-01 00:00:00;--; ; ;-;--; 
2331;--;'1970-01-01 00:00:00;--; ; ;-;--; 
2332;--;'1970-01-01 00:00:00;--; ; ;-;--; 
2333;--;'1970-01-01 00:00:00;--; ; ;-;--; 
2334;--;'1970-01-01 00:00:00;--; ; ;-;--; 
2335;--;'1970-01-01 00:00:00;--; ; ;-;--; 
2336;--;'1970-01-01 00:00:00;--; ; ;-;--; 
2337;--;'1970-01-01 00:00:00;--; ; ;-;--; 
2338;--;'1970-01-01 00:00:00;--; ; ;-;--; 
2339;--;'1970-01-01 00:00:00;--; ; ;-;--; 
2340;--;'1970-01-01 00:00:00;--; ; ;-;--; 
2341;--;'1970-01-01 00:00:00;--; ; ;-;--; 
2342;--;'1970-01-01 00:00:00;--; ; ;-;--; 
2343;--;'1970-01-01 00:00:00;--; ; ;-;--; 
2344;--;'1970-01-01 00:00:00;--; ; ;-;--; 
2345;--;'1970-01-01 00:00:00;--; ; ;-;--; 
2346;--;'1970-01-01 00:00:00;--; ; ;-;--; 
2347;--;'1970-01-01 00:00:00;--; ; ;-;--; 
2348;--;'1970-01-01 00:00:00;--; ; ;-;--; 
2349;--;'1970-01-01 00:00:00;--; ; ;-;--; 
2350;--;'1970-01-01 00:00:00;--; ; ;-;--; 
2351;--;'1970-01-01 00:00:00;--; ; ;-;--; 
2352;--;'1970-01-01 00:00:00;--; ; ;-;--; 
2353;--;'1970-01-01 00:00:00;--; ; ;-;--; 
2354;--;'1970-01-01 00:00:00;--; ; ;-;--; 
2355;--;'1970-01-01 00:00:00;--; ; ;-;--; 
2356;--;'1970-01-01 00:00:00;--; ; ;-;--; 
2357;--;'1970-01-01 00:00:00;--; ; ;-;--; 
2358;--;'1970-01-01 00:00:00;--; ; ;-;--; 
2359;--;'1970-01-01 00:00:00;--; ; ;-;--; 
2360;--;'1970-01-01 00:00:00;--; ; ;-;--; 
2361;--;'1970-01-01 00:00:00;--; ; ;-;--; 
2362;--;'1970-01-01 00:00:00;--; ; ;-;--; 
2363;--;'1970-01-01 00:00:00;--; ; ;-;--; 
2364;--;'1970-01-01 00:00:00;--; ; ;-;--; 
2365;--;'1970-01-01 00:00:00;--; ; ;-;--; 
2366;--;'1970-01-01 00:00:00;--; ; ;-;--; 
2367;--;'1970-01-01 00:00:00;--; ; ;-;--; 
2368;--;'1970-01-01 00:00:00;--; ; ;-;--; 
2369;--;'1970-01-01 00:00:00;--; ; ;-;--; 
2370;--;'1970-01-01 00:00:00;--; ; ;-;--; 
2371;--;'1970-01-01 00:00:00;--; ; ;-;--; 
2372;--;'1970-01-01 00:00:00;--; ; ;-;--; 
2373;--;'1970-01-01 00:00:00;--; ; ;-;--; 
2374;--;'1970-01-01 00:00:00;--; ; ;-;--; 
2375;--;'1970-01-01 00:00:00;--; ; ;-;--; 
2376;--;'1970-01-01 00:00:00;--; ; ;-;--; 
2377;--;'1970-01-01 00:00:00;--; ; ;-;--; 
2378;--;'1970-01-01 00:00:00;--; ; ;-;--; 
2379;--;'1970-01-01 00:00:00;--; ; ;-;--; 
2380;--;'1970-01-01 00:00:00;--; ; ;-;--; 
2381;--;'1970-01-01 00:00:00;--; ; ;-;--; 
2382;--;'1970-01-01 00:00:00;--; ; ;-;--; 
2383;--;'1970-01-01 00:00:00;--; ; ;-;--; 
2384;--;'1970-01-01 00:00:00;--; ; ;-;--; 
2385;--;'1970-01-01 00:00:00;--; ; ;-;--; 
2386;--;'1970-01-01 00:00:00;--; ; ;-;--; 
2387;--;'1970-01-01 00:00:00;--; ; ;-;--; 
2388;--;'1970-01-01 00:00:00;--; ; ;-;--; 
2389;--;'1970-01-01 00:00:00;--; ; ;-;--; 
2390;--;'1970-01-01 00:00:00;--; ; ;-;--; 
2391;--;'1970-01-01 00:00:00;--; ; ;-;--; 
2392;--;'1970-01-01 00:00:00;--; ; ;-;--; 
2393;--;'1970-01-01 00:00:00;--; ; ;-;--; 
2394;--;'1970-01-01 00:00:00;--; ; ;-;--; 
2395;--;'1970-01-01 00:00:00;--; ; ;-;--; 
2396;--;'1970-01-01 00:00:00;--; ; ;-;--; 
2397;--;'1970-01-01 00:00:00;--; ; ;-;--; 
2398;--;'1970-01-01 00:00:00;--; ; ;-;--; 
2399;--;'1970-01-01 00:00:00;--; ; ;-;--; 
2400;--;'1970-01-01 00:00:00;--; ; ;-;--; 
2401;--;'1970-01-01 00:00:00;--; ; ;-;--; 
2402;--;'1970-01-01 00:00:00;--; ; ;-;--; 
2403;--;'1970-01-01 00:00:00;--; ; ;-;--; 
2404;--;'1970-01-01 00:00:00;--; ; ;-;--; 
2405;--;'1970-01-01 00:00:00;--; ; ;-;--; 
2406;--;'1970-01-01 00:00:00;--; ; ;-;--; 
2407;--;'1970-01-01 00:00:00;--; ; ;-;--; 
2408;--;'1970-01-01 00:00:00;--; ; ;-;--; 
2409;--;'1970-01-01 00:00:00;--; ; ;-;--; 
2410;--;'1970-01-01 00:00:00;--; ; ;-;--; 
2411;--;'1970-01-01 00:00:00;--; ; ;-;--; 
2412;--;'1970-01-01 00:00:00;--; ; ;-;--; 
2413;--;'1970-01-01 00:00:00;--; ; ;-;--; 
2414;--;'1970-01-01 00:00:00;--; ; ;-;--; 
2415;--;'1970-01-01 00:00:00;--; ; ;-;--; 
2416;--;'1970-01-01 00:00:00;--; ; ;-;--; 
2417;--;'1970-01-01 00:00:00;--; ; ;-;--; 
2418;--;'1970-01-01 00:00:00;--; ; ;-;--; 
2419;--;'1970-01-01 00:00:00;--; ; ;-;--; 
2420;--;'1970-01-01 00:00:00;--; ; ;-;--; 
2421;--;'1970-01-01 00:00:00;--; ; ;-;--; 
2422;--;'1970-01-01 00:00:00;--; ; ;-;--; 
2423;--;'1970-01-01 00:00:00;--; ; ;-;--; 
2424;--;'1970-01-01 00:00:00;--; ; ;-;--; 
2425;--;'1970-01-01 00:00:00;--; ; ;-;--; 
2426;--;'1970-01-01 00:00:00;--; ; ;-;--; 
2427;--;'1970-01-01 00:00:00;--; ; ;-;--; 
2428;--;'1970-01-01 00:00:00;--; ; ;-;--; 
2429;--;'1970-01-01 00:00:00;--; ; ;-;--; 
2430;--;'1970-01-01 00:00:00;--; ; ;-;--; 
2431;--;'1970-01-01 00:00:00;--; ; ;-;--; 
2432;--;'1970-01-01 00:00:00;--; ; ;-;--; 
2433;--;'1970-01-01 00:00:00;--; ; ;-;--; 
2434;--;'1970-01-01 00:00:00;--; ; ;-;--; 
2435;--;'1970-01-01 00:00:00;--; ; ;-;--; 
2436;--;'1970-01-01 00:00:00;--; ; ;-;--; 
2437;--;'1970-01-01 00:00:00;--; ; ;-;--; 
2438;--;'1970-01-01 00:00:00;--; ; ;-;--; 
2439;--;'1970-01-01 00:00:00;--; ; ;-;--; 
2440;--;'1970-01-01 00:00:00;--; ; ;-;--; 
2441;--;'1970-01-01 00:00:00;--; ; ;-;--; 
2442;--;'1970-01-01 00:00:00;--; ; ;-;--; 
2443;--;'1970-01-01 00:00:00;--; ; ;-;--; 
2444;--;'1970-01-01 00:00:00;--; ; ;-;--; 
2445;--;'1970-01-01 00:00:00;--; ; ;-;--; 
2446;--;'1970-01-01 00:00:00;--; ; ;-;--; 
2447;--;'1970-01-01 00:00:00;--; ; ;-;--; 
2448;--;'1970-01-01 00:00:00;--; ; ;-;--; 
2449;--;'1970-01-01 00:00:00;--; ; ;-;--; 
2450;--;'1970-01-01 00:00:00;--; ; ;-;--; 
2451;--;'1970-01-01 00:00:00;--; ; ;-;--; 
2452;--;'1970-01-01 00:00:00;--; ; ;-;--; 
2453;--;'1970-01-01 00:00:00;--; ; ;-;--; 
2454;--;'1970-01-01 00:00:00;--; ; ;-;--; 
2455;--;'1970-01-01 00:00:00;--; ; ;-;--; 
2456;--;'1970-01-01 00:00:00;--; ; ;-;--; 
2457;--;'1970-01-01 00:00:00;--; ; ;-;--; 
2458;--;'1970-01-01 00:00:00;--; ; ;-;--; 
2459;--;'1970-01-01 00:00:00;--; ; ;-;--; 
2460;--;'1970-01-01 00:00:00;--; ; ;-;--; 
2461;--;'1970-01-01 00:00:00;--; ; ;-;--; 
2462;--;'1970-01-01 00:00:00;--; ; ;-;--; 
2463;--;'1970-01-01 00:00:00;--; ; ;-;--; 
2464;--;'1970-01-01 00:00:00;--; ; ;-;--; 
2465;--;'1970-01-01 00:00:00;--; ; ;-;--; 
2466;--;'1970-01-01 00:00:00;--; ; ;-;--; 
2467;--;'1970-01-01 00:00:00;--; ; ;-;--; 
2468;--;'1970-01-01 00:00:00;--; ; ;-;--; 
2469;--;'1970-01-01 00:00:00;--; ; ;-;--; 
2470;--;'1970-01-01 00:00:00;--; ; ;-;--; 
2471;--;'1970-01-01 00:00:00;--; ; ;-;--; 
2472;--;'1970-01-01 00:00:00;--; ; ;-;--; 
2473;--;'1970-01-01 00:00:00;--; ; ;-;--; 
2474;--;'1970-01-01 00:00:00;--; ; ;-;--; 
2475;--;'1970-01-01 00:00:00;--; ; ;-;--; 
2476;--;'1970-01-01 00:00:00;--; ; ;-;--; 
2477;--;'1970-01-01 00:00:00;--; ; ;-;--; 
2478;--;'1970-01-01 00:00:00;--; ; ;-;--; 
2479;--;'1970-01-01 00:00:00;--; ; ;-;--; 
2480;--;'1970-01-01 00:00:00;--; ; ;-;--; 
2481;--;'1970-01-01 00:00:00;--; ; ;-;--; 
2482;--;'1970-01-01 00:00:00;--; ; ;-;--; 
2483;--;'1970-01-01 00:00:00;--; ; ;-;--; 
2484;--;'1970-01-01 00:00:00;--; ; ;-;--; 
2485;--;'1970-01-01 00:00:00;--; ; ;-;--; 
2486;--;'1970-01-01 00:00:00;--; ; ;-;--; 
2487;--;'1970-01-01 00:00:00;--; ; ;-;--; 
2488;--;'1970-01-01 00:00:00;--; ; ;-;--; 
2489;--;'1970-01-01 00:00:00;--; ; ;-;--; 
2490;--;'1970-01-01 00:00:00;--; ; ;-;--; 
2491;--;'1970-01-01 00:00:00;--; ; ;-;--; 
2492;--;'1970-01-01 00:00:00;--; ; ;-;--; 
2493;--;'1970-01-01 00:00:00;--; ; ;-;--; 
2494;--;'1970-01-01 00:00:00;--; ; ;-;--; 
2495;--;'1970-01-01 00:00:00;--; ; ;-;--; 
2496;--;'1970-01-01 00:00:00;--; ; ;-;--; 
2497;--;'1970-01-01 00:00:00;--; ; ;-;--; 
2498;--;'1970-01-01 00:00:00;--; ; ;-;--; 
2499;--;'1970-01-01 00:00:00;--; ; ;-;--; 
2500;--;'1970-01-01 00:00:00;--; ; ;-;--; 
2501;--;'1970-01-01 00:00:00;--; ; ;-;--; 
2502;--;'1970-01-01 00:00:00;--; ; ;-;--; 
2503;--;'1970-01-01 00:00:00;--; ; ;-;--; 
2504;--;'1970-01-01 00:00:00;--; ; ;-;--; 
2505;--;'1970-01-01 00:00:00;--; ; ;-;--; 
2506;--;'1970-01-01 00:00:00;--; ; ;-;--; 
2507;--;'1970-01-01 00:00:00;--; ; ;-;--; 
2508;--;'1970-01-01 00:00:00;--; ; ;-;--; 
2509;--;'1970-01-01 00:00:00;--; ; ;-;--; 
2510;--;'1970-01-01 00:00:00;--; ; ;-;--; 
2511;--;'1970-01-01 00:00:00;--; ; ;-;--; 
2512;--;'1970-01-01 00:00:00;--; ; ;-;--; 
2513;--;'1970-01-01 00:00:00;--; ; ;-;--; 
2514;--;'1970-01-01 00:00:00;--; ; ;-;--; 
2515;--;'1970-01-01 00:00:00;--; ; ;-;--; 
2516;--;'1970-01-01 00:00:00;--; ; ;-;--; 
2517;--;'1970-01-01 00:00:00;--; ; ;-;--; 
2518;--;'1970-01-01 00:00:00;--; ; ;-;--; 
2519;--;'1970-01-01 00:00:00;--; ; ;-;--; 
2520;--;'1970-01-01 00:00:00;--; ; ;-;--; 
2521;--;'1970-01-01 00:00:00;--; ; ;-;--; 
2522;--;'1970-01-01 00:00:00;--; ; ;-;--; 
2523;--;'1970-01-01 00:00:00;--; ; ;-;--; 
2524;--;'1970-01-01 00:00:00;--; ; ;-;--; 
2525;--;'1970-01-01 00:00:00;--; ; ;-;--; 
2526;--;'1970-01-01 00:00:00;--; ; ;-;--; 
2527;--;'1970-01-01 00:00:00;--; ; ;-;--; 
2528;--;'1970-01-01 00:00:00;--; ; ;-;--; 
2529;--;'1970-01-01 00:00:00;--; ; ;-;--; 
2530;--;'1970-01-01 00:00:00;--; ; ;-;--; 
2531;--;'1970-01-01 00:00:00;--; ; ;-;--; 
2532;--;'1970-01-01 00:00:00;--; ; ;-;--; 
2533;--;'1970-01-01 00:00:00;--; ; ;-;--; 
2534;--;'1970-01-01 00:00:00;--; ; ;-;--; 
2535;--;'1970-01-01 00:00:00;--; ; ;-;--; 
2536;--;'1970-01-01 00:00:00;--; ; ;-;--; 
2537;--;'1970-01-01 00:00:00;--; ; ;-;--; 
2538;--;'1970-01-01 00:00:00;--; ; ;-;--; 
2539;--;'1970-01-01 00:00:00;--; ; ;-;--; 
2540;--;'1970-01-01 00:00:00;--; ; ;-;--; 
2541;--;'1970-01-01 00:00:00;--; ; ;-;--; 
2542;--;'1970-01-01 00:00:00;--; ; ;-;--; 
2543;--;'1970-01-01 00:00:00;--; ; ;-;--; 
2544;--;'1970-01-01 00:00:00;--; ; ;-;--; 
2545;--;'1970-01-01 00:00:00;--; ; ;-;--; 
2546;--;'1970-01-01 00:00:00;--; ; ;-;--; 
2547;--;'1970-01-01 00:00:00;--; ; ;-;--; 
2548;--;'1970-01-01 00:00:00;--; ; ;-;--; 
2549;--;'1970-01-01 00:00:00;--; ; ;-;--; 
2550;--;'1970-01-01 00:00:00;--; ; ;-;--; 
2551;--;'1970-01-01 00:00:00;--; ; ;-;--; 
2552;--;'1970-01-01 00:00:00;--; ; ;-;--; 
2553;--;'1970-01-01 00:00:00;--; ; ;-;--; 
2554;--;'1970-01-01 00:00:00;--; ; ;-;--; 
2555;--;'1970-01-01 00:00:00;--; ; ;-;--; 
2556;--;'1970-01-01 00:00:00;--; ; ;-;--; 
2557;--;'1970-01-01 00:00:00;--; ; ;-;--; 
2558;--;'1970-01-01 00:00:00;--; ; ;-;--; 
2559;--;'1970-01-01 00:00:00;--; ; ;-;--; 
2560;--;'1970-01-01 00:00:00;--; ; ;-;--; 
2561;--;'1970-01-01 00:00:00;--; ; ;-;--; 
2562;--;'1970-01-01 00:00:00;--; ; ;-;--; 
2563;--;'1970-01-01 00:00:00;--; ; ;-;--; 
2564;--;'1970-01-01 00:00:00;--; ; ;-;--; 
2565;--;'1970-01-01 00:00:00;--; ; ;-;--; 
2566;--;'1970-01-01 00:00:00;--; ; ;-;--; 
2567;--;'1970-01-01 00:00:00;--; ; ;-;--; 
2568;--;'1970-01-01 00:00:00;--; ; ;-;--; 
2569;--;'1970-01-01 00:00:00;--; ; ;-;--; 
2570;--;'1970-01-01 00:00:00;--; ; ;-;--; 
2571;--;'1970-01-01 00:00:00;--; ; ;-;--; 
2572;--;'1970-01-01 00:00:00;--; ; ;-;--; 
2573;--;'1970-01-01 00:00:00;--; ; ;-;--; 
2574;--;'1970-01-01 00:00:00;--; ; ;-;--; 
2575;--;'1970-01-01 00:00:00;--; ; ;-;--; 
2576;--;'1970-01-01 00:00:00;--; ; ;-;--; 
2577;--;'1970-01-01 00:00:00;--; ; ;-;--; 
2578;--;'1970-01-01 00:00:00;--; ; ;-;--; 
2579;--;'1970-01-01 00:00:00;--; ; ;-;--; 
2580;--;'1970-01-01 00:00:00;--; ; ;-;--; 
2581;--;'1970-01-01 00:00:00;--; ; ;-;--; 
2582;--;'1970-01-01 00:00:00;--; ; ;-;--; 
2583;--;'1970-01-01 00:00:00;--; ; ;-;--; 
2584;--;'1970-01-01 00:00:00;--; ; ;-;--; 
2585;--;'1970-01-01 00:00:00;--; ; ;-;--; 
2586;--;'1970-01-01 00:00:00;--; ; ;-;--; 
2587;--;'1970-01-01 00:00:00;--; ; ;-;--; 
2588;--;'1970-01-01 00:00:00;--; ; ;-;--; 
2589;--;'1970-01-01 00:00:00;--; ; ;-;--; 
2590;--;'1970-01-01 00:00:00;--; ; ;-;--; 
2591;--;'1970-01-01 00:00:00;--; ; ;-;--; 
2592;--;'1970-01-01 00:00:00;--; ; ;-;--; 
2593;--;'1970-01-01 00:00:00;--; ; ;-;--; 
2594;--;'1970-01-01 00:00:00;--; ; ;-;--; 
2595;--;'1970-01-01 00:00:00;--; ; ;-;--; 
2596;--;'1970-01-01 00:00:00;--; ; ;-;--; 
2597;--;'1970-01-01 00:00:00;--; ; ;-;--; 
2598;--;'1970-01-01 00:00:00;--; ; ;-;--; 
2599;--;'1970-01-01 00:00:00;--; ; ;-;--; 
2600;--;'1970-01-01 00:00:00;--; ; ;-;--; 
2601;--;'1970-01-01 00:00:00;--; ; ;-;--; 
2602;--;'1970-01-01 00:00:00;--; ; ;-;--; 
2603;--;'1970-01-01 00:00:00;--; ; ;-;--; 
2604;--;'1970-01-01 00:00:00;--; ; ;-;--; 
2605;--;'1970-01-01 00:00:00;--; ; ;-;--; 
2606;--;'1970-01-01 00:00:00;--; ; ;-;--; 
2607;--;'1970-01-01 00:00:00;--; ; ;-;--; 
2608;--;'1970-01-01 00:00:00;--; ; ;-;--; 
2609;--;'1970-01-01 00:00:00;--; ; ;-;--; 
2610;--;'1970-01-01 00:00:00;--; ; ;-;--; 
2611;--;'1970-01-01 00:00:00;--; ; ;-;--; 
2612;--;'1970-01-01 00:00:00;--; ; ;-;--; 
2613;--;'1970-01-01 00:00:00;--; ; ;-;--; 
2614;--;'1970-01-01 00:00:00;--; ; ;-;--; 
2615;--;'1970-01-01 00:00:00;--; ; ;-;--; 
2616;--;'1970-01-01 00:00:00;--; ; ;-;--; 
2617;--;'1970-01-01 00:00:00;--; ; ;-;--; 
2618;--;'1970-01-01 00:00:00;--; ; ;-;--; 
2619;--;'1970-01-01 00:00:00;--; ; ;-;--; 
2620;--;'1970-01-01 00:00:00;--; ; ;-;--; 
2621;--;'1970-01-01 00:00:00;--; ; ;-;--; 
2622;--;'1970-01-01 00:00:00;--; ; ;-;--; 
2623;--;'1970-01-01 00:00:00;--; ; ;-;--; 
2624;--;'1970-01-01 00:00:00;--; ; ;-;--; 
2625;--;'1970-01-01 00:00:00;--; ; ;-;--; 
2626;--;'1970-01-01 00:00:00;--; ; ;-;--; 
2627;--;'1970-01-01 00:00:00;--; ; ;-;--; 
2628;--;'1970-01-01 00:00:00;--; ; ;-;--; 
2629;--;'1970-01-01 00:00:00;--; ; ;-;--; 
2630;--;'1970-01-01 00:00:00;--; ; ;-;--; 
2631;--;'1970-01-01 00:00:00;--; ; ;-;--; 
2632;--;'1970-01-01 00:00:00;--; ; ;-;--; 
2633;--;'1970-01-01 00:00:00;--; ; ;-;--; 
2634;--;'1970-01-01 00:00:00;--; ; ;-;--; 
2635;--;'1970-01-01 00:00:00;--; ; ;-;--; 
2636;--;'1970-01-01 00:00:00;--; ; ;-;--; 
2637;--;'1970-01-01 00:00:00;--; ; ;-;--; 
2638;--;'1970-01-01 00:00:00;--; ; ;-;--; 
2639;--;'1970-01-01 00:00:00;--; ; ;-;--; 
2640;--;'1970-01-01 00:00:00;--; ; ;-;--; 
2641;--;'1970-01-01 00:00:00;--; ; ;-;--; 
2642;--;'1970-01-01 00:00:00;--; ; ;-;--; 
2643;--;'1970-01-01 00:00:00;--; ; ;-;--; 
2644;--;'1970-01-01 00:00:00;--; ; ;-;--; 
2645;--;'1970-01-01 00:00:00;--; ; ;-;--; 
2646;--;'1970-01-01 00:00:00;--; ; ;-;--; 
2647;--;'1970-01-01 00:00:00;--; ; ;-;--; 
2648;--;'1970-01-01 00:00:00;--; ; ;-;--; 
2649;--;'1970-01-01 00:00:00;--; ; ;-;--; 
2650;--;'1970-01-01 00:00:00;--; ; ;-;--; 
2651;--;'1970-01-01 00:00:00;--; ; ;-;--; 
2652;--;'1970-01-01 00:00:00;--; ; ;-;--; 
2653;--;'1970-01-01 00:00:00;--; ; ;-;--; 
2654;--;'1970-01-01 00:00:00;--; ; ;-;--; 
2655;--;'1970-01-01 00:00:00;--; ; ;-;--; 
2656;--;'1970-01-01 00:00:00;--; ; ;-;--; 
2657;--;'1970-01-01 00:00:00;--; ; ;-;--; 
2658;--;'1970-01-01 00:00:00;--; ; ;-;--; 
2659;--;'1970-01-01 00:00:00;--; ; ;-;--; 
2660;--;'1970-01-01 00:00:00;--; ; ;-;--; 
2661;--;'1970-01-01 00:00:00;--; ; ;-;--; 
2662;--;'1970-01-01 00:00:00;--; ; ;-;--; 
2663;--;'1970-01-01 00:00:00;--; ; ;-;--; 
2664;--;'1970-01-01 00:00:00;--; ; ;-;--; 
2665;--;'1970-01-01 00:00:00;--; ; ;-;--; 
2666;--;'1970-01-01 00:00:00;--; ; ;-;--; 
2667;--;'1970-01-01 00:00:00;--; ; ;-;--; 
2668;--;'1970-01-01 00:00:00;--; ; ;-;--; 
2669;--;'1970-01-01 00:00:00;--; ; ;-;--; 
2670;--;'1970-01-01 00:00:00;--; ; ;-;--; 
2671;--;'1970-01-01 00:00:00;--; ; ;-;--; 
2672;--;'1970-01-01 00:00:00;--; ; ;-;--; 
2673;--;'1970-01-01 00:00:00;--; ; ;-;--; 
2674;--;'1970-01-01 00:00:00;--; ; ;-;--; 
2675;--;'1970-01-01 00:00:00;--; ; ;-;--; 
2676;--;'1970-01-01 00:00:00;--; ; ;-;--; 
2677;--;'1970-01-01 00:00:00;--; ; ;-;--; 
2678;--;'1970-01-01 00:00:00;--; ; ;-;--; 
2679;--;'1970-01-01 00:00:00;--; ; ;-;--; 
2680;--;'1970-01-01 00:00:00;--; ; ;-;--; 
2681;--;'1970-01-01 00:00:00;--; ; ;-;--; 
2682;--;'1970-01-01 00:00:00;--; ; ;-;--; 
2683;--;'1970-01-01 00:00:00;--; ; ;-;--; 
2684;--;'1970-01-01 00:00:00;--; ; ;-;--; 
2685;--;'1970-01-01 00:00:00;--; ; ;-;--; 
2686;--;'1970-01-01 00:00:00;--; ; ;-;--; 
2687;--;'1970-01-01 00:00:00;--; ; ;-;--; 
2688;--;'1970-01-01 00:00:00;--; ; ;-;--; 
2689;--;'1970-01-01 00:00:00;--; ; ;-;--; 
2690;--;'1970-01-01 00:00:00;--; ; ;-;--; 
2691;--;'1970-01-01 00:00:00;--; ; ;-;--; 
2692;--;'1970-01-01 00:00:00;--; ; ;-;--; 
2693;--;'1970-01-01 00:00:00;--; ; ;-;--; 
2694;--;'1970-01-01 00:00:00;--; ; ;-;--; 
2695;--;'1970-01-01 00:00:00;--; ; ;-;--; 
2696;--;'1970-01-01 00:00:00;--; ; ;-;--; 
2697;--;'1970-01-01 00:00:00;--; ; ;-;--; 
2698;--;'1970-01-01 00:00:00;--; ; ;-;--; 
2699;--;'1970-01-01 00:00:00;--; ; ;-;--; 
2700;--;'1970-01-01 00:00:00;--; ; ;-;--; 
2701;--;'1970-01-01 00:00:00;--; ; ;-;--; 
2702;--;'1970-01-01 00:00:00;--; ; ;-;--; 
2703;--;'1970-01-01 00:00:00;--; ; ;-;--; 
2704;--;'1970-01-01 00:00:00;--; ; ;-;--; 
2705;--;'1970-01-01 00:00:00;--; ; ;-;--; 
2706;--;'1970-01-01 00:00:00;--; ; ;-;--; 
2707;--;'1970-01-01 00:00:00;--; ; ;-;--; 
2708;--;'1970-01-01 00:00:00;--; ; ;-;--; 
2709;--;'1970-01-01 00:00:00;--; ; ;-;--; 
2710;--;'1970-01-01 00:00:00;--; ; ;-;--; 
2711;--;'1970-01-01 00:00:00;--; ; ;-;--; 
2712;--;'1970-01-01 00:00:00;--; ; ;-;--; 
2713;--;'1970-01-01 00:00:00;--; ; ;-;--; 
2714;--;'1970-01-01 00:00:00;--; ; ;-;--; 
2715;--;'1970-01-01 00:00:00;--; ; ;-;--; 
2716;--;'1970-01-01 00:00:00;--; ; ;-;--; 
2717;--;'1970-01-01 00:00:00;--; ; ;-;--; 
2718;--;'1970-01-01 00:00:00;--; ; ;-;--; 
2719;--;'1970-01-01 00:00:00;--; ; ;-;--; 
2720;--;'1970-01-01 00:00:00;--; ; ;-;--; 
2721;--;'1970-01-01 00:00:00;--; ; ;-;--; 
2722;--;'1970-01-01 00:00:00;--; ; ;-;--; 
2723;--;'1970-01-01 00:00:00;--; ; ;-;--; 
2724;--;'1970-01-01 00:00:00;--; ; ;-;--; 
2725;--;'1970-01-01 00:00:00;--; ; ;-;--; 
2726;--;'1970-01-01 00:00:00;--; ; ;-;--; 
2727;--;'1970-01-01 00:00:00;--; ; ;-;--; 
2728;--;'1970-01-01 00:00:00;--; ; ;-;--; 
2729;--;'1970-01-01 00:00:00;--; ; ;-;--; 
2730;--;'1970-01-01 00:00:00;--; ; ;-;--; 
2731;--;'1970-01-01 00:00:00;--; ; ;-;--; 
2732;--;'1970-01-01 00:00:00;--; ; ;-;--; 
2733;--;'1970-01-01 00:00:00;--; ; ;-;--; 
2734;--;'1970-01-01 00:00:00;--; ; ;-;--; 
2735;--;'1970-01-01 00:00:00;--; ; ;-;--; 
2736;--;'1970-01-01 00:00:00;--; ; ;-;--; 
2737;--;'1970-01-01 00:00:00;--; ; ;-;--; 
2738;--;'1970-01-01 00:00:00;--; ; ;-;--; 
2739;--;'1970-01-01 00:00:00;--; ; ;-;--; 
2740;--;'1970-01-01 00:00:00;--; ; ;-;--; 
2741;--;'1970-01-01 00:00:00;--; ; ;-;--; 
2742;--;'1970-01-01 00:00:00;--; ; ;-;--; 
2743;--;'1970-01-01 00:00:00;--; ; ;-;--; 
2744;--;'1970-01-01 00:00:00;--; ; ;-;--; 
2745;--;'1970-01-01 00:00:00;--; ; ;-;--; 
2746;--;'1970-01-01 00:00:00;--; ; ;-;--; 
2747;--;'1970-01-01 00:00:00;--; ; ;-;--; 
2748;--;'1970-01-01 00:00:00;--; ; ;-;--; 
2749;--;'1970-01-01 00:00:00;--; ; ;-;--; 
2750;--;'1970-01-01 00:00:00;--; ; ;-;--; 
2751;--;'1970-01-01 00:00:00;--; ; ;-;--; 
2752;--;'1970-01-01 00:00:00;--; ; ;-;--; 
2753;--;'1970-01-01 00:00:00;--; ; ;-;--; 
2754;--;'1970-01-01 00:00:00;--; ; ;-;--; 
2755;--;'1970-01-01 00:00:00;--; ; ;-;--; 
2756;--;'1970-01-01 00:00:00;--; ; ;-;--; 
2757;--;'1970-01-01 00:00:00;--; ; ;-;--; 
2758;--;'1970-01-01 00:00:00;--; ; ;-;--; 
2759;--;'1970-01-01 00:00:00;--; ; ;-;--; 
2760;--;'1970-01-01 00:00:00;--; ; ;-;--; 
2761;--;'1970-01-01 00:00:00;--; ; ;-;--; 
2762;--;'1970-01-01 00:00:00;--; ; ;-;--; 
2763;--;'1970-01-01 00:00:00;--; ; ;-;--; 
2764;--;'1970-01-01 00:00:00;--; ; ;-;--; 
2765;--;'1970-01-01 00:00:00;--; ; ;-;--; 
2766;--;'1970-01-01 00:00:00;--; ; ;-;--; 
2767;--;'1970-01-01 00:00:00;--; ; ;-;--; 
2768;--;'1970-01-01 00:00:00;--; ; ;-;--; 
2769;--;'1970-01-01 00:00:00;--; ; ;-;--; 
2770;--;'1970-01-01 00:00:00;--; ; ;-;--; 
2771;--;'1970-01-01 00:00:00;--; ; ;-;--; 
2772;--;'1970-01-01 00:00:00;--; ; ;-;--; 
2773;--;'1970-01-01 00:00:00;--; ; ;-;--; 
2774;--;'1970-01-01 00:00:00;--; ; ;-;--; 
2775;--;'1970-01-01 00:00:00;--; ; ;-;--; 
2776;--;'1970-01-01 00:00:00;--; ; ;-;--; 
2777;--;'1970-01-01 00:00:00;--; ; ;-;--; 
2778;--;'1970-01-01 00:00:00;--; ; ;-;--; 
2779;--;'1970-01-01 00:00:00;--; ; ;-;--; 
2780;--;'1970-01-01 00:00:00;--; ; ;-;--; 
2781;--;'1970-01-01 00:00:00;--; ; ;-;--; 
2782;--;'1970-01-01 00:00:00;--; ; ;-;--; 
2783;--;'1970-01-01 00:00:00;--; ; ;-;--; 
2784;--;'1970-01-01 00:00:00;--; ; ;-;--; 
2785;--;'1970-01-01 00:00:00;--; ; ;-;--; 
2786;--;'1970-01-01 00:00:00;--; ; ;-;--; 
2787;--;'1970-01-01 00:00:00;--; ; ;-;--; 
2788;--;'1970-01-01 00:00:00;--; ; ;-;--; 
2789;--;'1970-01-01 00:00:00;--; ; ;-;--; 
2790;--;'1970-01-01 00:00:00;--; ; ;-;--; 
2791;--;'1970-01-01 00:00:00;--; ; ;-;--; 
2792;--;'1970-01-01 00:00:00;--; ; ;-;--; 
2793;--;'1970-01-01 00:00:00;--; ; ;-;--; 
2794;--;'1970-01-01 00:00:00;--; ; ;-;--; 
2795;--;'1970-01-01 00:00:00;--; ; ;-;--; 
2796;--;'1970-01-01 00:00:00;--; ; ;-;--; 
2797;--;'1970-01-01 00:00:00;--; ; ;-;--; 
2798;--;'1970-01-01 00:00:00;--; ; ;-;--; 
2799;--;'1970-01-01 00:00:00;--; ; ;-;--; 
2800;--;'1970-01-01 00:00:00;--; ; ;-;--; 
2801;--;'1970-01-01 00:00:00;--; ; ;-;--; 
2802;--;'1970-01-01 00:00:00;--; ; ;-;--; 
2803;--;'1970-01-01 00:00:00;--; ; ;-;--; 
2804;--;'1970-01-01 00:00:00;--; ; ;-;--; 
2805;--;'1970-01-01 00:00:00;--; ; ;-;--; 
2806;--;'1970-01-01 00:00:00;--; ; ;-;--; 
2807;--;'1970-01-01 00:00:00;--; ; ;-;--; 
2808;--;'1970-01-01 00:00:00;--; ; ;-;--; 
2809;--;'1970-01-01 00:00:00;--; ; ;-;--; 
2810;--;'1970-01-01 00:00:00;--; ; ;-;--; 
2811;--;'1970-01-01 00:00:00;--; ; ;-;--; 
2812;--;'1970-01-01 00:00:00;--; ; ;-;--; 
2813;--;'1970-01-01 00:00:00;--; ; ;-;--; 
2814;--;'1970-01-01 00:00:00;--; ; ;-;--; 
2815;--;'1970-01-01 00:00:00;--; ; ;-;--; 
2816;--;'1970-01-01 00:00:00;--; ; ;-;--; 
2817;--;'1970-01-01 00:00:00;--; ; ;-;--; 
2818;--;'1970-01-01 00:00:00;--; ; ;-;--; 
2819;--;'1970-01-01 00:00:00;--; ; ;-;--; 
2820;--;'1970-01-01 00:00:00;--; ; ;-;--; 
2821;--;'1970-01-01 00:00:00;--; ; ;-;--; 
2822;--;'1970-01-01 00:00:00;--; ; ;-;--; 
2823;--;'1970-01-01 00:00:00;--; ; ;-;--; 
2824;--;'1970-01-01 00:00:00;--; ; ;-;--; 
2825;--;'1970-01-01 00:00:00;--; ; ;-;--; 
2826;--;'1970-01-01 00:00:00;--; ; ;-;--; 
2827;--;'1970-01-01 00:00:00;--; ; ;-;--; 
2828;--;'1970-01-01 00:00:00;--; ; ;-;--; 
2829;--;'1970-01-01 00:00:00;--; ; ;-;--; 
2830;--;'1970-01-01 00:00:00;--; ; ;-;--; 
2831;--;'1970-01-01 00:00:00;--; ; ;-;--; 
2832;--;'1970-01-01 00:00:00;--; ; ;-;--; 
2833;--;'1970-01-01 00:00:00;--; ; ;-;--; 
2834;--;'1970-01-01 00:00:00;--; ; ;-;--; 
2835;--;'1970-01-01 00:00:00;--; ; ;-;--; 
2836;--;'1970-01-01 00:00:00;--; ; ;-;--; 
2837;--;'1970-01-01 00:00:00;--; ; ;-;--; 
2838;--;'1970-01-01 00:00:00;--; ; ;-;--; 
2839;--;'1970-01-01 00:00:00;--; ; ;-;--; 
2840;--;'1970-01-01 00:00:00;--; ; ;-;--; 
2841;--;'1970-01-01 00:00:00;--; ; ;-;--; 
2842;--;'1970-01-01 00:00:00;--; ; ;-;--; 
2843;--;'1970-01-01 00:00:00;--; ; ;-;--; 
2844;--;'1970-01-01 00:00:00;--; ; ;-;--; 
2845;--;'1970-01-01 00:00:00;--; ; ;-;--; 
2846;--;'1970-01-01 00:00:00;--; ; ;-;--; 
2847;--;'1970-01-01 00:00:00;--; ; ;-;--; 
2848;--;'1970-01-01 00:00:00;--; ; ;-;--; 
2849;--;'1970-01-01 00:00:00;--; ; ;-;--; 
2850;--;'1970-01-01 00:00:00;--; ; ;-;--; 
2851;--;'1970-01-01 00:00:00;--; ; ;-;--; 
2852;--;'1970-01-01 00:00:00;--; ; ;-;--; 
2853;--;'1970-01-01 00:00:00;--; ; ;-;--; 
2854;--;'1970-01-01 00:00:00;--; ; ;-;--; 
2855;--;'1970-01-01 00:00:00;--; ; ;-;--; 
2856;--;'1970-01-01 00:00:00;--; ; ;-;--; 
2857;--;'1970-01-01 00:00:00;--; ; ;-;--; 
2858;--;'1970-01-01 00:00:00;--; ; ;-;--; 
2859;--;'1970-01-01 00:00:00;--; ; ;-;--; 
2860;--;'1970-01-01 00:00:00;--; ; ;-;--; 
2861;--;'1970-01-01 00:00:00;--; ; ;-;--; 
2862;--;'1970-01-01 00:00:00;--; ; ;-;--; 
2863;--;'1970-01-01 00:00:00;--; ; ;-;--; 
2864;--;'1970-01-01 00:00:00;--; ; ;-;--; 
2865;--;'1970-01-01 00:00:00;--; ; ;-;--; 
2866;--;'1970-01-01 00:00:00;--; ; ;-;--; 
2867;--;'1970-01-01 00:00:00;--; ; ;-;--; 
2868;--;'1970-01-01 00:00:00;--; ; ;-;--; 
2869;--;'1970-01-01 00:00:00;--; ; ;-;--; 
2870;--;'1970-01-01 00:00:00;--; ; ;-;--; 
2871;--;'1970-01-01 00:00:00;--; ; ;-;--; 
2872;--;'1970-01-01 00:00:00;--; ; ;-;--; 
2873;--;'1970-01-01 00:00:00;--; ; ;-;--; 
2874;--;'1970-01-01 00:00:00;--; ; ;-;--; 
2875;--;'1970-01-01 00:00:00;--; ; ;-;--; 
2876;--;'1970-01-01 00:00:00;--; ; ;-;--; 
2877;--;'1970-01-01 00:00:00;--; ; ;-;--; 
2878;--;'1970-01-01 00:00:00;--; ; ;-;--; 
2879;--;'1970-01-01 00:00:00;--; ; ;-;--; 
2880;--;'1970-01-01 00:00:00;--; ; ;-;--; 
2881;--;'1970-01-01 00:00:00;--; ; ;-;--; 
2882;--;'1970-01-01 00:00:00;--; ; ;-;--; 
2883;--;'1970-01-01 00:00:00;--; ; ;-;--; 
2884;--;'1970-01-01 00:00:00;--; ; ;-;--; 
2885;--;'1970-01-01 00:00:00;--; ; ;-;--; 
2886;--;'1970-01-01 00:00:00;--; ; ;-;--; 
2887;--;'1970-01-01 00:00:00;--; ; ;-;--; 
2888;--;'1970-01-01 00:00:00;--; ; ;-;--; 
2889;--;'1970-01-01 00:00:00;--; ; ;-;--; 
2890;--;'1970-01-01 00:00:00;--; ; ;-;--; 
2891;--;'1970-01-01 00:00:00;--; ; ;-;--; 
2892;--;'1970-01-01 00:00:00;--; ; ;-;--; 
2893;--;'1970-01-01 00:00:00;--; ; ;-;--; 
2894;--;'1970-01-01 00:00:00;--; ; ;-;--; 
2895;--;'1970-01-01 00:00:00;--; ; ;-;--; 
2896;--;'1970-01-01 00:00:00;--; ; ;-;--; 
2897;--;'1970-01-01 00:00:00;--; ; ;-;--; 
2898;--;'1970-01-01 00:00:00;--; ; ;-;--; 
2899;--;'1970-01-01 00:00:00;--; ; ;-;--; 
2900;--;'1970-01-01 00:00:00;--; ; ;-;--; 
2901;--;'1970-01-01 00:00:00;--; ; ;-;--; 
2902;--;'1970-01-01 00:00:00;--; ; ;-;--; 
2903;--;'1970-01-01 00:00:00;--; ; ;-;--; 
2904;--;'1970-01-01 00:00:00;--; ; ;-;--; 
2905;--;'1970-01-01 00:00:00;--; ; ;-;--; 
2906;--;'1970-01-01 00:00:00;--; ; ;-;--; 
2907;--;'1970-01-01 00:00:00;--; ; ;-;--; 
2908;--;'1970-01-01 00:00:00;--; ; ;-;--; 
2909;--;'1970-01-01 00:00:00;--; ; ;-;--; 
2910;--;'1970-01-01 00:00:00;--; ; ;-;--; 
2911;--;'1970-01-01 00:00:00;--; ; ;-;--; 
2912;--;'1970-01-01 00:00:00;--; ; ;-;--; 
2913;--;'1970-01-01 00:00:00;--; ; ;-;--; 
2914;--;'1970-01-01 00:00:00;--; ; ;-;--; 
2915;--;'1970-01-01 00:00:00;--; ; ;-;--; 
2916;--;'1970-01-01 00:00:00;--; ; ;-;--; 
2917;--;'1970-01-01 00:00:00;--; ; ;-;--; 
2918;--;'1970-01-01 00:00:00;--; ; ;-;--; 
2919;--;'1970-01-01 00:00:00;--; ; ;-;--; 
2920;--;'1970-01-01 00:00:00;--; ; ;-;--; 
2921;--;'1970-01-01 00:00:00;--; ; ;-;--; 
2922;--;'1970-01-01 00:00:00;--; ; ;-;--; 
2923;--;'1970-01-01 00:00:00;--; ; ;-;--; 
2924;--;'1970-01-01 00:00:00;--; ; ;-;--; 
2925;--;'1970-01-01 00:00:00;--; ; ;-;--; 
2926;--;'1970-01-01 00:00:00;--; ; ;-;--; 
2927;--;'1970-01-01 00:00:00;--; ; ;-;--; 
2928;--;'1970-01-01 00:00:00;--; ; ;-;--; 
2929;--;'1970-01-01 00:00:00;--; ; ;-;--; 
2930;--;'1970-01-01 00:00:00;--; ; ;-;--; 
2931;--;'1970-01-01 00:00:00;--; ; ;-;--; 
2932;--;'1970-01-01 00:00:00;--; ; ;-;--; 
2933;--;'1970-01-01 00:00:00;--; ; ;-;--; 
2934;--;'1970-01-01 00:00:00;--; ; ;-;--; 
2935;--;'1970-01-01 00:00:00;--; ; ;-;--; 
2936;--;'1970-01-01 00:00:00;--; ; ;-;--; 
2937;--;'1970-01-01 00:00:00;--; ; ;-;--; 
2938;--;'1970-01-01 00:00:00;--; ; ;-;--; 
2939;--;'1970-01-01 00:00:00;--; ; ;-;--; 
2940;--;'1970-01-01 00:00:00;--; ; ;-;--; 
2941;--;'1970-01-01 00:00:00;--; ; ;-;--; 
2942;--;'1970-01-01 00:00:00;--; ; ;-;--; 
2943;--;'1970-01-01 00:00:00;--; ; ;-;--; 
2944;--;'1970-01-01 00:00:00;--; ; ;-;--; 
2945;--;'1970-01-01 00:00:00;--; ; ;-;--; 
2946;--;'1970-01-01 00:00:00;--; ; ;-;--; 
2947;--;'1970-01-01 00:00:00;--; ; ;-;--; 
2948;--;'1970-01-01 00:00:00;--; ; ;-;--; 
2949;--;'1970-01-01 00:00:00;--; ; ;-;--; 
2950;--;'1970-01-01 00:00:00;--; ; ;-;--; 
2951;--;'1970-01-01 00:00:00;--; ; ;-;--; 
2952;--;'1970-01-01 00:00:00;--; ; ;-;--; 
2953;--;'1970-01-01 00:00:00;--; ; ;-;--; 
2954;--;'1970-01-01 00:00:00;--; ; ;-;--; 
2955;--;'1970-01-01 00:00:00;--; ; ;-;--; 
2956;--;'1970-01-01 00:00:00;--; ; ;-;--; 
2957;--;'1970-01-01 00:00:00;--; ; ;-;--; 
2958;--;'1970-01-01 00:00:00;--; ; ;-;--; 
2959;--;'1970-01-01 00:00:00;--; ; ;-;--; 
2960;--;'1970-01-01 00:00:00;--; ; ;-;--; 
2961;--;'1970-01-01 00:00:00;--; ; ;-;--; 
2962;--;'1970-01-01 00:00:00;--; ; ;-;--; 
2963;--;'1970-01-01 00:00:00;--; ; ;-;--; 
2964;--;'1970-01-01 00:00:00;--; ; ;-;--; 
2965;--;'1970-01-01 00:00:00;--; ; ;-;--; 
2966;--;'1970-01-01 00:00:00;--; ; ;-;--; 
2967;--;'1970-01-01 00:00:00;--; ; ;-;--; 
2968;--;'1970-01-01 00:00:00;--; ; ;-;--; 
2969;--;'1970-01-01 00:00:00;--; ; ;-;--; 
2970;--;'1970-01-01 00:00:00;--; ; ;-;--; 
2971;--;'1970-01-01 00:00:00;--; ; ;-;--; 
2972;--;'1970-01-01 00:00:00;--; ; ;-;--; 
2973;--;'1970-01-01 00:00:00;--; ; ;-;--; 
2974;--;'1970-01-01 00:00:00;--; ; ;-;--; 
2975;--;'1970-01-01 00:00:00;--; ; ;-;--; 
2976;--;'1970-01-01 00:00:00;--; ; ;-;--; 
2977;--;'1970-01-01 00:00:00;--; ; ;-;--; 
2978;--;'1970-01-01 00:00:00;--; ; ;-;--; 
2979;--;'1970-01-01 00:00:00;--; ; ;-;--; 
2980;--;'1970-01-01 00:00:00;--; ; ;-;--; 
2981;--;'1970-01-01 00:00:00;--; ; ;-;--; 
2982;--;'1970-01-01 00:00:00;--; ; ;-;--; 
2983;--;'1970-01-01 00:00:00;--; ; ;-;--; 
2984;--;'1970-01-01 00:00:00;--; ; ;-;--; 
2985;--;'1970-01-01 00:00:00;--; ; ;-;--; 
2986;--;'1970-01-01 00:00:00;--; ; ;-;--; 
2987;--;'1970-01-01 00:00:00;--; ; ;-;--; 
2988;--;'1970-01-01 00:00:00;--; ; ;-;--; 
2989;--;'1970-01-01 00:00:00;--; ; ;-;--; 
2990;--;'1970-01-01 00:00:00;--; ; ;-;--; 
2991;--;'1970-01-01 00:00:00;--; ; ;-;--; 
2992;--;'1970-01-01 00:00:00;--; ; ;-;--; 
2993;--;'1970-01-01 00:00:00;--; ; ;-;--; 
2994;--;'1970-01-01 00:00:00;--; ; ;-;--; 
2995;--;'1970-01-01 00:00:00;--; ; ;-;--; 
2996;--;'1970-01-01 00:00:00;--; ; ;-;--; 
2997;--;'1970-01-01 00:00:00;--; ; ;-;--; 
2998;--;'1970-01-01 00:00:00;--; ; ;-;--; 
2999;--;'1970-01-01 00:00:00;--; ; ;-;--; 
3000;--;'1970-01-01 00:00:00;--; ; ;-;--; 
3001;--;'1970-01-01 00:00:00;--; ; ;-;--; 
3002;--;'1970-01-01 00:00:00;--; ; ;-;--; 
3003;--;'1970-01-01 00:00:00;--; ; ;-;--; 
3004;--;'1970-01-01 00:00:00;--; ; ;-;--; 
3005;--;'1970-01-01 00:00:00;--; ; ;-;--; 
3006;--;'1970-01-01 00:00:00;--; ; ;-;--; 
3007;--;'1970-01-01 00:00:00;--; ; ;-;--; 
3008;--;'1970-01-01 00:00:00;--; ; ;-;--; 
3009;--;'1970-01-01 00:00:00;--; ; ;-;--; 
3010;--;'1970-01-01 00:00:00;--; ; ;-;--; 
3011;--;'1970-01-01 00:00:00;--; ; ;-;--; 
3012;--;'1970-01-01 00:00:00;--; ; ;-;--; 
3013;--;'1970-01-01 00:00:00;--; ; ;-;--; 
3014;--;'1970-01-01 00:00:00;--; ; ;-;--; 
3015;--;'1970-01-01 00:00:00;--; ; ;-;--; 
3016;--;'1970-01-01 00:00:00;--; ; ;-;--; 
3017;--;'1970-01-01 00:00:00;--; ; ;-;--; 
3018;--;'1970-01-01 00:00:00;--; ; ;-;--; 
3019;--;'1970-01-01 00:00:00;--; ; ;-;--; 
3020;--;'1970-01-01 00:00:00;--; ; ;-;--; 
3021;--;'1970-01-01 00:00:00;--; ; ;-;--; 
3022;--;'1970-01-01 00:00:00;--; ; ;-;--; 
3023;--;'1970-01-01 00:00:00;--; ; ;-;--; 
3024;--;'1970-01-01 00:00:00;--; ; ;-;--; 
3025;--;'1970-01-01 00:00:00;--; ; ;-;--; 
3026;--;'1970-01-01 00:00:00;--; ; ;-;--; 
3027;--;'1970-01-01 00:00:00;--; ; ;-;--; 
3028;--;'1970-01-01 00:00:00;--; ; ;-;--; 
3029;--;'1970-01-01 00:00:00;--; ; ;-;--; 
3030;--;'1970-01-01 00:00:00;--; ; ;-;--; 
3031;--;'1970-01-01 00:00:00;--; ; ;-;--; 
3032;--;'1970-01-01 00:00:00;--; ; ;-;--; 
3033;--;'1970-01-01 00:00:00;--; ; ;-;--; 
3034;--;'1970-01-01 00:00:00;--; ; ;-;--; 
3035;--;'1970-01-01 00:00:00;--; ; ;-;--; 
3036;--;'1970-01-01 00:00:00;--; ; ;-;--; 
3037;--;'1970-01-01 00:00:00;--; ; ;-;--; 
3038;--;'1970-01-01 00:00:00;--; ; ;-;--; 
3039;--;'1970-01-01 00:00:00;--; ; ;-;--; 
3040;--;'1970-01-01 00:00:00;--; ; ;-;--; 
3041;--;'1970-01-01 00:00:00;--; ; ;-;--; 
3042;--;'1970-01-01 00:00:00;--; ; ;-;--; 
3043;--;'1970-01-01 00:00:00;--; ; ;-;--; 
3044;--;'1970-01-01 00:00:00;--; ; ;-;--; 
3045;--;'1970-01-01 00:00:00;--; ; ;-;--; 
3046;--;'1970-01-01 00:00:00;--; ; ;-;--; 
3047;--;'1970-01-01 00:00:00;--; ; ;-;--; 
3048;--;'1970-01-01 00:00:00;--; ; ;-;--; 
3049;--;'1970-01-01 00:00:00;--; ; ;-;--; 
3050;--;'1970-01-01 00:00:00;--; ; ;-;--; 
3051;--;'1970-01-01 00:00:00;--; ; ;-;--; 
3052;--;'1970-01-01 00:00:00;--; ; ;-;--; 
3053;--;'1970-01-01 00:00:00;--; ; ;-;--; 
3054;--;'1970-01-01 00:00:00;--; ; ;-;--; 
3055;--;'1970-01-01 00:00:00;--; ; ;-;--; 
3056;--;'1970-01-01 00:00:00;--; ; ;-;--; 
3057;--;'1970-01-01 00:00:00;--; ; ;-;--; 
3058;--;'1970-01-01 00:00:00;--; ; ;-;--; 
3059;--;'1970-01-01 00:00:00;--; ; ;-;--; 
3060;--;'1970-01-01 00:00:00;--; ; ;-;--; 
3061;--;'1970-01-01 00:00:00;--; ; ;-;--; 
3062;--;'1970-01-01 00:00:00;--; ; ;-;--; 
3063;--;'1970-01-01 00:00:00;--; ; ;-;--; 
3064;--;'1970-01-01 00:00:00;--; ; ;-;--; 
3065;--;'1970-01-01 00:00:00;--; ; ;-;--; 
3066;--;'1970-01-01 00:00:00;--; ; ;-;--; 
3067;--;'1970-01-01 00:00:00;--; ; ;-;--; 
3068;--;'1970-01-01 00:00:00;--; ; ;-;--; 
3069;--;'1970-01-01 00:00:00;--; ; ;-;--; 
3070;--;'1970-01-01 00:00:00;--; ; ;-;--; 
3071;--;'1970-01-01 00:00:00;--; ; ;-;--; 
3072;--;'1970-01-01 00:00:00;--; ; ;-;--; 
3073;--;'1970-01-01 00:00:00;--; ; ;-;--; 
3074;--;'1970-01-01 00:00:00;--; ; ;-;--; 
3075;--;'1970-01-01 00:00:00;--; ; ;-;--; 
3076;--;'1970-01-01 00:00:00;--; ; ;-;--; 
3077;--;'1970-01-01 00:00:00;--; ; ;-;--; 
3078;--;'1970-01-01 00:00:00;--; ; ;-;--; 
3079;--;'1970-01-01 00:00:00;--; ; ;-;--; 
3080;--;'1970-01-01 00:00:00;--; ; ;-;--; 
3081;--;'1970-01-01 00:00:00;--; ; ;-;--; 
3082;--;'1970-01-01 00:00:00;--; ; ;-;--; 
3083;--;'1970-01-01 00:00:00;--; ; ;-;--; 
3084;--;'1970-01-01 00:00:00;--; ; ;-;--; 
3085;--;'1970-01-01 00:00:00;--; ; ;-;--; 
3086;--;'1970-01-01 00:00:00;--; ; ;-;--; 
3087;--;'1970-01-01 00:00:00;--; ; ;-;--; 
3088;--;'1970-01-01 00:00:00;--; ; ;-;--; 
3089;--;'1970-01-01 00:00:00;--; ; ;-;--; 
3090;--;'1970-01-01 00:00:00;--; ; ;-;--; 
3091;--;'1970-01-01 00:00:00;--; ; ;-;--; 
3092;--;'1970-01-01 00:00:00;--; ; ;-;--; 
3093;--;'1970-01-01 00:00:00;--; ; ;-;--; 
3094;--;'1970-01-01 00:00:00;--; ; ;-;--; 
3095;--;'1970-01-01 00:00:00;--; ; ;-;--; 
3096;--;'1970-01-01 00:00:00;--; ; ;-;--; 
3097;--;'1970-01-01 00:00:00;--; ; ;-;--; 
3098;--;'1970-01-01 00:00:00;--; ; ;-;--; 
3099;--;'1970-01-01 00:00:00;--; ; ;-;--; 
3100;--;'1970-01-01 00:00:00;--; ; ;-;--; 
3101;--;'1970-01-01 00:00:00;--; ; ;-;--; 
3102;--;'1970-01-01 00:00:00;--; ; ;-;--; 
3103;--;'1970-01-01 00:00:00;--; ; ;-;--; 
3104;--;'1970-01-01 00:00:00;--; ; ;-;--; 
3105;--;'1970-01-01 00:00:00;--; ; ;-;--; 
3106;--;'1970-01-01 00:00:00;--; ; ;-;--; 
3107;--;'1970-01-01 00:00:00;--; ; ;-;--; 
3108;--;'1970-01-01 00:00:00;--; ; ;-;--; 
3109;--;'1970-01-01 00:00:00;--; ; ;-;--; 
3110;--;'1970-01-01 00:00:00;--; ; ;-;--; 
3111;--;'1970-01-01 00:00:00;--; ; ;-;--; 
3112;--;'1970-01-01 00:00:00;--; ; ;-;--; 
3113;--;'1970-01-01 00:00:00;--; ; ;-;--; 
3114;--;'1970-01-01 00:00:00;--; ; ;-;--; 
3115;--;'1970-01-01 00:00:00;--; ; ;-;--; 
3116;--;'1970-01-01 00:00:00;--; ; ;-;--; 
3117;--;'1970-01-01 00:00:00;--; ; ;-;--; 
3118;--;'1970-01-01 00:00:00;--; ; ;-;--; 
3119;--;'1970-01-01 00:00:00;--; ; ;-;--; 
3120;--;'1970-01-01 00:00:00;--; ; ;-;--; 
3121;--;'1970-01-01 00:00:00;--; ; ;-;--; 
3122;--;'1970-01-01 00:00:00;--; ; ;-;--; 
3123;--;'1970-01-01 00:00:00;--; ; ;-;--; 
3124;--;'1970-01-01 00:00:00;--; ; ;-;--; 
3125;--;'1970-01-01 00:00:00;--; ; ;-;--; 
3126;--;'1970-01-01 00:00:00;--; ; ;-;--; 
3127;--;'1970-01-01 00:00:00;--; ; ;-;--; 
3128;--;'1970-01-01 00:00:00;--; ; ;-;--; 
3129;--;'1970-01-01 00:00:00;--; ; ;-;--; 
3130;--;'1970-01-01 00:00:00;--; ; ;-;--; 
3131;--;'1970-01-01 00:00:00;--; ; ;-;--; 
3132;--;'1970-01-01 00:00:00;--; ; ;-;--; 
3133;--;'1970-01-01 00:00:00;--; ; ;-;--; 
3134;--;'1970-01-01 00:00:00;--; ; ;-;--; 
3135;--;'1970-01-01 00:00:00;--; ; ;-;--; 
3136;--;'1970-01-01 00:00:00;--; ; ;-;--; 
3137;--;'1970-01-01 00:00:00;--; ; ;-;--; 
3138;--;'1970-01-01 00:00:00;--; ; ;-;--; 
3139;--;'1970-01-01 00:00:00;--; ; ;-;--; 
3140;--;'1970-01-01 00:00:00;--; ; ;-;--; 
3141;--;'1970-01-01 00:00:00;--; ; ;-;--; 
3142;--;'1970-01-01 00:00:00;--; ; ;-;--; 
3143;--;'1970-01-01 00:00:00;--; ; ;-;--; 
3144;--;'1970-01-01 00:00:00;--; ; ;-;--; 
3145;--;'1970-01-01 00:00:00;--; ; ;-;--; 
3146;--;'1970-01-01 00:00:00;--; ; ;-;--; 
3147;--;'1970-01-01 00:00:00;--; ; ;-;--; 
3148;--;'1970-01-01 00:00:00;--; ; ;-;--; 
3149;--;'1970-01-01 00:00:00;--; ; ;-;--; 
3150;--;'1970-01-01 00:00:00;--; ; ;-;--; 
3151;--;'1970-01-01 00:00:00;--; ; ;-;--; 
3152;--;'1970-01-01 00:00:00;--; ; ;-;--; 
3153;--;'1970-01-01 00:00:00;--; ; ;-;--; 
3154;--;'1970-01-01 00:00:00;--; ; ;-;--; 
3155;--;'1970-01-01 00:00:00;--; ; ;-;--; 
3156;--;'1970-01-01 00:00:00;--; ; ;-;--; 
3157;--;'1970-01-01 00:00:00;--; ; ;-;--; 
3158;--;'1970-01-01 00:00:00;--; ; ;-;--; 
3159;--;'1970-01-01 00:00:00;--; ; ;-;--; 
3160;--;'1970-01-01 00:00:00;--; ; ;-;--; 
3161;--;'1970-01-01 00:00:00;--; ; ;-;--; 
3162;--;'1970-01-01 00:00:00;--; ; ;-;--; 
3163;--;'1970-01-01 00:00:00;--; ; ;-;--; 
3164;--;'1970-01-01 00:00:00;--; ; ;-;--; 
3165;--;'1970-01-01 00:00:00;--; ; ;-;--; 
3166;--;'1970-01-01 00:00:00;--; ; ;-;--; 
3167;--;'1970-01-01 00:00:00;--; ; ;-;--; 
3168;--;'1970-01-01 00:00:00;--; ; ;-;--; 
3169;--;'1970-01-01 00:00:00;--; ; ;-;--; 
3170;--;'1970-01-01 00:00:00;--; ; ;-;--; 
3171;--;'1970-01-01 00:00:00;--; ; ;-;--; 
3172;--;'1970-01-01 00:00:00;--; ; ;-;--; 
3173;--;'1970-01-01 00:00:00;--; ; ;-;--; 
3174;--;'1970-01-01 00:00:00;--; ; ;-;--; 
3175;--;'1970-01-01 00:00:00;--; ; ;-;--; 
3176;--;'1970-01-01 00:00:00;--; ; ;-;--; 
3177;--;'1970-01-01 00:00:00;--; ; ;-;--; 
3178;--;'1970-01-01 00:00:00;--; ; ;-;--; 
3179;--;'1970-01-01 00:00:00;--; ; ;-;--; 
3180;--;'1970-01-01 00:00:00;--; ; ;-;--; 
3181;--;'1970-01-01 00:00:00;--; ; ;-;--; 
3182;--;'1970-01-01 00:00:00;--; ; ;-;--; 
3183;--;'1970-01-01 00:00:00;--; ; ;-;--; 
3184;--;'1970-01-01 00:00:00;--; ; ;-;--; 
3185;--;'1970-01-01 00:00:00;--; ; ;-;--; 
3186;--;'1970-01-01 00:00:00;--; ; ;-;--; 
3187;--;'1970-01-01 00:00:00;--; ; ;-;--; 
3188;--;'1970-01-01 00:00:00;--; ; ;-;--; 
3189;--;'1970-01-01 00:00:00;--; ; ;-;--; 
3190;--;'1970-01-01 00:00:00;--; ; ;-;--; 
3191;--;'1970-01-01 00:00:00;--; ; ;-;--; 
3192;--;'1970-01-01 00:00:00;--; ; ;-;--; 
3193;--;'1970-01-01 00:00:00;--; ; ;-;--; 
3194;--;'1970-01-01 00:00:00;--; ; ;-;--; 
3195;--;'1970-01-01 00:00:00;--; ; ;-;--; 
3196;--;'1970-01-01 00:00:00;--; ; ;-;--; 
3197;--;'1970-01-01 00:00:00;--; ; ;-;--; 
3198;--;'1970-01-01 00:00:00;--; ; ;-;--; 
3199;--;'1970-01-01 00:00:00;--; ; ;-;--; 
3200;--;'1970-01-01 00:00:00;--; ; ;-;--; 
3201;--;'1970-01-01 00:00:00;--; ; ;-;--; 
3202;--;'1970-01-01 00:00:00;--; ; ;-;--; 
3203;--;'1970-01-01 00:00:00;--; ; ;-;--; 
3204;--;'1970-01-01 00:00:00;--; ; ;-;--; 
3205;--;'1970-01-01 00:00:00;--; ; ;-;--; 
3206;--;'1970-01-01 00:00:00;--; ; ;-;--; 
3207;--;'1970-01-01 00:00:00;--; ; ;-;--; 
3208;--;'1970-01-01 00:00:00;--; ; ;-;--; 
3209;--;'1970-01-01 00:00:00;--; ; ;-;--; 
3210;--;'1970-01-01 00:00:00;--; ; ;-;--; 
3211;--;'1970-01-01 00:00:00;--; ; ;-;--; 
3212;--;'1970-01-01 00:00:00;--; ; ;-;--; 
3213;--;'1970-01-01 00:00:00;--; ; ;-;--; 
3214;--;'1970-01-01 00:00:00;--; ; ;-;--; 
3215;--;'1970-01-01 00:00:00;--; ; ;-;--; 
3216;--;'1970-01-01 00:00:00;--; ; ;-;--; 
3217;--;'1970-01-01 00:00:00;--; ; ;-;--; 
3218;--;'1970-01-01 00:00:00;--; ; ;-;--; 
3219;--;'1970-01-01 00:00:00;--; ; ;-;--; 
3220;--;'1970-01-01 00:00:00;--; ; ;-;--; 
3221;--;'1970-01-01 00:00:00;--; ; ;-;--; 
3222;--;'1970-01-01 00:00:00;--; ; ;-;--; 
3223;--;'1970-01-01 00:00:00;--; ; ;-;--; 
3224;--;'1970-01-01 00:00:00;--; ; ;-;--; 
3225;--;'1970-01-01 00:00:00;--; ; ;-;--; 
3226;--;'1970-01-01 00:00:00;--; ; ;-;--; 
3227;--;'1970-01-01 00:00:00;--; ; ;-;--; 
3228;--;'1970-01-01 00:00:00;--; ; ;-;--; 
3229;--;'1970-01-01 00:00:00;--; ; ;-;--; 
3230;--;'1970-01-01 00:00:00;--; ; ;-;--; 
3231;--;'1970-01-01 00:00:00;--; ; ;-;--; 
3232;--;'1970-01-01 00:00:00;--; ; ;-;--; 
3233;--;'1970-01-01 00:00:00;--; ; ;-;--; 
3234;--;'1970-01-01 00:00:00;--; ; ;-;--; 
3235;--;'1970-01-01 00:00:00;--; ; ;-;--; 
3236;--;'1970-01-01 00:00:00;--; ; ;-;--; 
3237;--;'1970-01-01 00:00:00;--; ; ;-;--; 
3238;--;'1970-01-01 00:00:00;--; ; ;-;--; 
3239;--;'1970-01-01 00:00:00;--; ; ;-;--; 
3240;--;'1970-01-01 00:00:00;--; ; ;-;--; 
3241;--;'1970-01-01 00:00:00;--; ; ;-;--; 
3242;--;'1970-01-01 00:00:00;--; ; ;-;--; 
3243;--;'1970-01-01 00:00:00;--; ; ;-;--; 
3244;--;'1970-01-01 00:00:00;--; ; ;-;--; 
3245;--;'1970-01-01 00:00:00;--; ; ;-;--; 
3246;--;'1970-01-01 00:00:00;--; ; ;-;--; 
3247;--;'1970-01-01 00:00:00;--; ; ;-;--; 
3248;--;'1970-01-01 00:00:00;--; ; ;-;--; 
3249;--;'1970-01-01 00:00:00;--; ; ;-;--; 
3250;--;'1970-01-01 00:00:00;--; ; ;-;--; 
3251;--;'1970-01-01 00:00:00;--; ; ;-;--; 
3252;--;'1970-01-01 00:00:00;--; ; ;-;--; 
3253;--;'1970-01-01 00:00:00;--; ; ;-;--; 
3254;--;'1970-01-01 00:00:00;--; ; ;-;--; 
3255;--;'1970-01-01 00:00:00;--; ; ;-;--; 
3256;--;'1970-01-01 00:00:00;--; ; ;-;--; 
3257;--;'1970-01-01 00:00:00;--; ; ;-;--; 
3258;--;'1970-01-01 00:00:00;--; ; ;-;--; 
3259;--;'1970-01-01 00:00:00;--; ; ;-;--; 
3260;--;'1970-01-01 00:00:00;--; ; ;-;--; 
3261;--;'1970-01-01 00:00:00;--; ; ;-;--; 
3262;--;'1970-01-01 00:00:00;--; ; ;-;--; 
3263;--;'1970-01-01 00:00:00;--; ; ;-;--; 
3264;--;'1970-01-01 00:00:00;--; ; ;-;--; 
3265;--;'1970-01-01 00:00:00;--; ; ;-;--; 
3266;--;'1970-01-01 00:00:00;--; ; ;-;--; 
3267;--;'1970-01-01 00:00:00;--; ; ;-;--; 
3268;--;'1970-01-01 00:00:00;--; ; ;-;--; 
3269;--;'1970-01-01 00:00:00;--; ; ;-;--; 
3270;--;'1970-01-01 00:00:00;--; ; ;-;--; 
3271;--;'1970-01-01 00:00:00;--; ; ;-;--; 
3272;--;'1970-01-01 00:00:00;--; ; ;-;--; 
3273;--;'1970-01-01 00:00:00;--; ; ;-;--; 
3274;--;'1970-01-01 00:00:00;--; ; ;-;--; 
3275;--;'1970-01-01 00:00:00;--; ; ;-;--; 
3276;--;'1970-01-01 00:00:00;--; ; ;-;--; 
3277;--;'1970-01-01 00:00:00;--; ; ;-;--; 
3278;--;'1970-01-01 00:00:00;--; ; ;-;--; 
3279;--;'1970-01-01 00:00:00;--; ; ;-;--; 
3280;--;'1970-01-01 00:00:00;--; ; ;-;--; 
3281;--;'1970-01-01 00:00:00;--; ; ;-;--; 
3282;--;'1970-01-01 00:00:00;--; ; ;-;--; 
3283;--;'1970-01-01 00:00:00;--; ; ;-;--; 
3284;--;'1970-01-01 00:00:00;--; ; ;-;--; 
3285;--;'1970-01-01 00:00:00;--; ; ;-;--; 
3286;--;'1970-01-01 00:00:00;--; ; ;-;--; 
3287;--;'1970-01-01 00:00:00;--; ; ;-;--; 
3288;--;'1970-01-01 00:00:00;--; ; ;-;--; 
3289;--;'1970-01-01 00:00:00;--; ; ;-;--; 
3290;--;'1970-01-01 00:00:00;--; ; ;-;--; 
3291;--;'1970-01-01 00:00:00;--; ; ;-;--; 
3292;--;'1970-01-01 00:00:00;--; ; ;-;--; 
3293;--;'1970-01-01 00:00:00;--; ; ;-;--; 
3294;--;'1970-01-01 00:00:00;--; ; ;-;--; 
3295;--;'1970-01-01 00:00:00;--; ; ;-;--; 
3296;--;'1970-01-01 00:00:00;--; ; ;-;--; 
3297;--;'1970-01-01 00:00:00;--; ; ;-;--; 
3298;--;'1970-01-01 00:00:00;--; ; ;-;--; 
3299;--;'1970-01-01 00:00:00;--; ; ;-;--; 
3300;--;'1970-01-01 00:00:00;--; ; ;-;--; 
3301;--;'1970-01-01 00:00:00;--; ; ;-;--; 
3302;--;'1970-01-01 00:00:00;--; ; ;-;--; 
3303;--;'1970-01-01 00:00:00;--; ; ;-;--; 
3304;--;'1970-01-01 00:00:00;--; ; ;-;--; 
3305;--;'1970-01-01 00:00:00;--; ; ;-;--; 
3306;--;'1970-01-01 00:00:00;--; ; ;-;--; 
3307;--;'1970-01-01 00:00:00;--; ; ;-;--; 
3308;--;'1970-01-01 00:00:00;--; ; ;-;--; 
3309;--;'1970-01-01 00:00:00;--; ; ;-;--; 
3310;--;'1970-01-01 00:00:00;--; ; ;-;--; 
3311;--;'1970-01-01 00:00:00;--; ; ;-;--; 
3312;--;'1970-01-01 00:00:00;--; ; ;-;--; 
3313;--;'1970-01-01 00:00:00;--; ; ;-;--; 
3314;--;'1970-01-01 00:00:00;--; ; ;-;--; 
3315;--;'1970-01-01 00:00:00;--; ; ;-;--; 
3316;--;'1970-01-01 00:00:00;--; ; ;-;--; 
3317;--;'1970-01-01 00:00:00;--; ; ;-;--; 
3318;--;'1970-01-01 00:00:00;--; ; ;-;--; 
3319;--;'1970-01-01 00:00:00;--; ; ;-;--; 
3320;--;'1970-01-01 00:00:00;--; ; ;-;--; 
3321;--;'1970-01-01 00:00:00;--; ; ;-;--; 
3322;--;'1970-01-01 00:00:00;--; ; ;-;--; 
3323;--;'1970-01-01 00:00:00;--; ; ;-;--; 
3324;--;'1970-01-01 00:00:00;--; ; ;-;--; 
3325;--;'1970-01-01 00:00:00;--; ; ;-;--; 
3326;--;'1970-01-01 00:00:00;--; ; ;-;--; 
3327;--;'1970-01-01 00:00:00;--; ; ;-;--; 
3328;--;'1970-01-01 00:00:00;--; ; ;-;--; 
3329;--;'1970-01-01 00:00:00;--; ; ;-;--; 
3330;--;'1970-01-01 00:00:00;--; ; ;-;--; 
3331;--;'1970-01-01 00:00:00;--; ; ;-;--; 
3332;--;'1970-01-01 00:00:00;--; ; ;-;--; 
3333;--;'1970-01-01 00:00:00;--; ; ;-;--; 
3334;--;'1970-01-01 00:00:00;--; ; ;-;--; 
3335;--;'1970-01-01 00:00:00;--; ; ;-;--; 
3336;--;'1970-01-01 00:00:00;--; ; ;-;--; 
3337;--;'1970-01-01 00:00:00;--; ; ;-;--; 
3338;--;'1970-01-01 00:00:00;--; ; ;-;--; 
3339;--;'1970-01-01 00:00:00;--; ; ;-;--; 
3340;--;'1970-01-01 00:00:00;--; ; ;-;--; 
3341;--;'1970-01-01 00:00:00;--; ; ;-;--; 
3342;--;'1970-01-01 00:00:00;--; ; ;-;--; 
3343;--;'1970-01-01 00:00:00;--; ; ;-;--; 
3344;--;'1970-01-01 00:00:00;--; ; ;-;--; 
3345;--;'1970-01-01 00:00:00;--; ; ;-;--; 
3346;--;'1970-01-01 00:00:00;--; ; ;-;--; 
3347;--;'1970-01-01 00:00:00;--; ; ;-;--; 
3348;--;'1970-01-01 00:00:00;--; ; ;-;--; 
3349;--;'1970-01-01 00:00:00;--; ; ;-;--; 
3350;--;'1970-01-01 00:00:00;--; ; ;-;--; 
3351;--;'1970-01-01 00:00:00;--; ; ;-;--; 
3352;--;'1970-01-01 00:00:00;--; ; ;-;--; 
3353;--;'1970-01-01 00:00:00;--; ; ;-;--; 
3354;--;'1970-01-01 00:00:00;--; ; ;-;--; 
3355;--;'1970-01-01 00:00:00;--; ; ;-;--; 
3356;--;'1970-01-01 00:00:00;--; ; ;-;--; 
3357;--;'1970-01-01 00:00:00;--; ; ;-;--; 
3358;--;'1970-01-01 00:00:00;--; ; ;-;--; 
3359;--;'1970-01-01 00:00:00;--; ; ;-;--; 
3360;--;'1970-01-01 00:00:00;--; ; ;-;--; 
3361;--;'1970-01-01 00:00:00;--; ; ;-;--; 
3362;--;'1970-01-01 00:00:00;--; ; ;-;--; 
3363;--;'1970-01-01 00:00:00;--; ; ;-;--; 
3364;--;'1970-01-01 00:00:00;--; ; ;-;--; 
3365;--;'1970-01-01 00:00:00;--; ; ;-;--; 
3366;--;'1970-01-01 00:00:00;--; ; ;-;--; 
3367;--;'1970-01-01 00:00:00;--; ; ;-;--; 
3368;--;'1970-01-01 00:00:00;--; ; ;-;--; 
3369;--;'1970-01-01 00:00:00;--; ; ;-;--; 
3370;--;'1970-01-01 00:00:00;--; ; ;-;--; 
3371;--;'1970-01-01 00:00:00;--; ; ;-;--; 
3372;--;'1970-01-01 00:00:00;--; ; ;-;--; 
3373;--;'1970-01-01 00:00:00;--; ; ;-;--; 
3374;--;'1970-01-01 00:00:00;--; ; ;-;--; 
3375;--;'1970-01-01 00:00:00;--; ; ;-;--; 
3376;--;'1970-01-01 00:00:00;--; ; ;-;--; 
3377;--;'1970-01-01 00:00:00;--; ; ;-;--; 
3378;--;'1970-01-01 00:00:00;--; ; ;-;--; 
3379;--;'1970-01-01 00:00:00;--; ; ;-;--; 
3380;--;'1970-01-01 00:00:00;--; ; ;-;--; 
3381;--;'1970-01-01 00:00:00;--; ; ;-;--; 
3382;--;'1970-01-01 00:00:00;--; ; ;-;--; 
3383;--;'1970-01-01 00:00:00;--; ; ;-;--; 
3384;--;'1970-01-01 00:00:00;--; ; ;-;--; 
3385;--;'1970-01-01 00:00:00;--; ; ;-;--; 
3386;--;'1970-01-01 00:00:00;--; ; ;-;--; 
3387;--;'1970-01-01 00:00:00;--; ; ;-;--; 
3388;--;'1970-01-01 00:00:00;--; ; ;-;--; 
3389;--;'1970-01-01 00:00:00;--; ; ;-;--; 
3390;--;'1970-01-01 00:00:00;--; ; ;-;--; 
3391;--;'1970-01-01 00:00:00;--; ; ;-;--; 
3392;--;'1970-01-01 00:00:00;--; ; ;-;--; 
3393;--;'1970-01-01 00:00:00;--; ; ;-;--; 
3394;--;'1970-01-01 00:00:00;--; ; ;-;--; 
3395;--;'1970-01-01 00:00:00;--; ; ;-;--; 
3396;--;'1970-01-01 00:00:00;--; ; ;-;--; 
3397;--;'1970-01-01 00:00:00;--; ; ;-;--; 
3398;--;'1970-01-01 00:00:00;--; ; ;-;--; 
3399;--;'1970-01-01 00:00:00;--; ; ;-;--; 
3400;--;'1970-01-01 00:00:00;--; ; ;-;--; 
3401;--;'1970-01-01 00:00:00;--; ; ;-;--; 
3402;--;'1970-01-01 00:00:00;--; ; ;-;--; 
3403;--;'1970-01-01 00:00:00;--; ; ;-;--; 
3404;--;'1970-01-01 00:00:00;--; ; ;-;--; 
3405;--;'1970-01-01 00:00:00;--; ; ;-;--; 
3406;--;'1970-01-01 00:00:00;--; ; ;-;--; 
3407;--;'1970-01-01 00:00:00;--; ; ;-;--; 
3408;--;'1970-01-01 00:00:00;--; ; ;-;--; 
3409;--;'1970-01-01 00:00:00;--; ; ;-;--; 
3410;--;'1970-01-01 00:00:00;--; ; ;-;--; 
3411;--;'1970-01-01 00:00:00;--; ; ;-;--; 
3412;--;'1970-01-01 00:00:00;--; ; ;-;--; 
3413;--;'1970-01-01 00:00:00;--; ; ;-;--; 
3414;--;'1970-01-01 00:00:00;--; ; ;-;--; 
3415;--;'1970-01-01 00:00:00;--; ; ;-;--; 
3416;--;'1970-01-01 00:00:00;--; ; ;-;--; 
3417;--;'1970-01-01 00:00:00;--; ; ;-;--; 
3418;--;'1970-01-01 00:00:00;--; ; ;-;--; 
3419;--;'1970-01-01 00:00:00;--; ; ;-;--; 
3420;--;'1970-01-01 00:00:00;--; ; ;-;--; 
3421;--;'1970-01-01 00:00:00;--; ; ;-;--; 
3422;--;'1970-01-01 00:00:00;--; ; ;-;--; 
3423;--;'1970-01-01 00:00:00;--; ; ;-;--; 
3424;--;'1970-01-01 00:00:00;--; ; ;-;--; 
3425;--;'1970-01-01 00:00:00;--; ; ;-;--; 
3426;--;'1970-01-01 00:00:00;--; ; ;-;--; 
3427;--;'1970-01-01 00:00:00;--; ; ;-;--; 
3428;--;'1970-01-01 00:00:00;--; ; ;-;--; 
3429;--;'1970-01-01 00:00:00;--; ; ;-;--; 
3430;--;'1970-01-01 00:00:00;--; ; ;-;--; 
3431;--;'1970-01-01 00:00:00;--; ; ;-;--; 
3432;--;'1970-01-01 00:00:00;--; ; ;-;--; 
3433;--;'1970-01-01 00:00:00;--; ; ;-;--; 
3434;--;'1970-01-01 00:00:00;--; ; ;-;--; 
3435;--;'1970-01-01 00:00:00;--; ; ;-;--; 
3436;--;'1970-01-01 00:00:00;--; ; ;-;--; 
3437;--;'1970-01-01 00:00:00;--; ; ;-;--; 
3438;--;'1970-01-01 00:00:00;--; ; ;-;--; 
3439;--;'1970-01-01 00:00:00;--; ; ;-;--; 
3440;--;'1970-01-01 00:00:00;--; ; ;-;--; 
3441;--;'1970-01-01 00:00:00;--; ; ;-;--; 
3442;--;'1970-01-01 00:00:00;--; ; ;-;--; 
3443;--;'1970-01-01 00:00:00;--; ; ;-;--; 
3444;--;'1970-01-01 00:00:00;--; ; ;-;--; 
3445;--;'1970-01-01 00:00:00;--; ; ;-;--; 
3446;--;'1970-01-01 00:00:00;--; ; ;-;--; 
3447;--;'1970-01-01 00:00:00;--; ; ;-;--; 
3448;--;'1970-01-01 00:00:00;--; ; ;-;--; 
3449;--;'1970-01-01 00:00:00;--; ; ;-;--; 
3450;--;'1970-01-01 00:00:00;--; ; ;-;--; 
3451;--;'1970-01-01 00:00:00;--; ; ;-;--; 
3452;--;'1970-01-01 00:00:00;--; ; ;-;--; 
3453;--;'1970-01-01 00:00:00;--; ; ;-;--; 
3454;--;'1970-01-01 00:00:00;--; ; ;-;--; 
3455;--;'1970-01-01 00:00:00;--; ; ;-;--; 
3456;--;'1970-01-01 00:00:00;--; ; ;-;--; 
3457;--;'1970-01-01 00:00:00;--; ; ;-;--; 
3458;--;'1970-01-01 00:00:00;--; ; ;-;--; 
3459;--;'1970-01-01 00:00:00;--; ; ;-;--; 
3460;--;'1970-01-01 00:00:00;--; ; ;-;--; 
3461;--;'1970-01-01 00:00:00;--; ; ;-;--; 
3462;--;'1970-01-01 00:00:00;--; ; ;-;--; 
3463;--;'1970-01-01 00:00:00;--; ; ;-;--; 
3464;--;'1970-01-01 00:00:00;--; ; ;-;--; 
3465;--;'1970-01-01 00:00:00;--; ; ;-;--; 
3466;--;'1970-01-01 00:00:00;--; ; ;-;--; 
3467;--;'1970-01-01 00:00:00;--; ; ;-;--; 
3468;--;'1970-01-01 00:00:00;--; ; ;-;--; 
3469;--;'1970-01-01 00:00:00;--; ; ;-;--; 
3470;--;'1970-01-01 00:00:00;--; ; ;-;--; 
3471;--;'1970-01-01 00:00:00;--; ; ;-;--; 
3472;--;'1970-01-01 00:00:00;--; ; ;-;--; 
3473;--;'1970-01-01 00:00:00;--; ; ;-;--; 
3474;--;'1970-01-01 00:00:00;--; ; ;-;--; 
3475;--;'1970-01-01 00:00:00;--; ; ;-;--; 
3476;--;'1970-01-01 00:00:00;--; ; ;-;--; 
3477;--;'1970-01-01 00:00:00;--; ; ;-;--; 
3478;--;'1970-01-01 00:00:00;--; ; ;-;--; 
3479;--;'1970-01-01 00:00:00;--; ; ;-;--; 
3480;--;'1970-01-01 00:00:00;--; ; ;-;--; 
3481;--;'1970-01-01 00:00:00;--; ; ;-;--; 
3482;--;'1970-01-01 00:00:00;--; ; ;-;--; 
3483;--;'1970-01-01 00:00:00;--; ; ;-;--; 
3484;--;'1970-01-01 00:00:00;--; ; ;-;--; 
3485;--;'1970-01-01 00:00:00;--; ; ;-;--; 
3486;--;'1970-01-01 00:00:00;--; ; ;-;--; 
3487;--;'1970-01-01 00:00:00;--; ; ;-;--; 
3488;--;'1970-01-01 00:00:00;--; ; ;-;--; 
3489;--;'1970-01-01 00:00:00;--; ; ;-;--; 
3490;--;'1970-01-01 00:00:00;--; ; ;-;--; 
3491;--;'1970-01-01 00:00:00;--; ; ;-;--; 
3492;--;'1970-01-01 00:00:00;--; ; ;-;--; 
3493;--;'1970-01-01 00:00:00;--; ; ;-;--; 
3494;--;'1970-01-01 00:00:00;--; ; ;-;--; 
3495;--;'1970-01-01 00:00:00;--; ; ;-;--; 
3496;--;'1970-01-01 00:00:00;--; ; ;-;--; 
3497;--;'1970-01-01 00:00:00;--; ; ;-;--; 
3498;--;'1970-01-01 00:00:00;--; ; ;-;--; 
3499;--;'1970-01-01 00:00:00;--; ; ;-;--; 
3500;--;'1970-01-01 00:00:00;--; ; ;-;--; 
3501;--;'1970-01-01 00:00:00;--; ; ;-;--; 
3502;--;'1970-01-01 00:00:00;--; ; ;-;--; 
3503;--;'1970-01-01 00:00:00;--; ; ;-;--; 
3504;--;'1970-01-01 00:00:00;--; ; ;-;--; 
3505;--;'1970-01-01 00:00:00;--; ; ;-;--; 
3506;--;'1970-01-01 00:00:00;--; ; ;-;--; 
3507;--;'1970-01-01 00:00:00;--; ; ;-;--; 
3508;--;'1970-01-01 00:00:00;--; ; ;-;--; 
3509;--;'1970-01-01 00:00:00;--; ; ;-;--; 
3510;--;'1970-01-01 00:00:00;--; ; ;-;--; 
3511;--;'1970-01-01 00:00:00;--; ; ;-;--; 
3512;--;'1970-01-01 00:00:00;--; ; ;-;--; 
3513;--;'1970-01-01 00:00:00;--; ; ;-;--; 
3514;--;'1970-01-01 00:00:00;--; ; ;-;--; 
3515;--;'1970-01-01 00:00:00;--; ; ;-;--; 
3516;--;'1970-01-01 00:00:00;--; ; ;-;--; 
3517;--;'1970-01-01 00:00:00;--; ; ;-;--; 
3518;--;'1970-01-01 00:00:00;--; ; ;-;--; 
3519;--;'1970-01-01 00:00:00;--; ; ;-;--; 
3520;--;'1970-01-01 00:00:00;--; ; ;-;--; 
3521;--;'1970-01-01 00:00:00;--; ; ;-;--; 
3522;--;'1970-01-01 00:00:00;--; ; ;-;--; 
3523;--;'1970-01-01 00:00:00;--; ; ;-;--; 
3524;--;'1970-01-01 00:00:00;--; ; ;-;--; 
3525;--;'1970-01-01 00:00:00;--; ; ;-;--; 
3526;--;'1970-01-01 00:00:00;--; ; ;-;--; 
3527;--;'1970-01-01 00:00:00;--; ; ;-;--; 
3528;--;'1970-01-01 00:00:00;--; ; ;-;--; 
3529;--;'1970-01-01 00:00:00;--; ; ;-;--; 
3530;--;'1970-01-01 00:00:00;--; ; ;-;--; 
3531;--;'1970-01-01 00:00:00;--; ; ;-;--; 
3532;--;'1970-01-01 00:00:00;--; ; ;-;--; 
3533;--;'1970-01-01 00:00:00;--; ; ;-;--; 
3534;--;'1970-01-01 00:00:00;--; ; ;-;--; 
3535;--;'1970-01-01 00:00:00;--; ; ;-;--; 
3536;--;'1970-01-01 00:00:00;--; ; ;-;--; 
3537;--;'1970-01-01 00:00:00;--; ; ;-;--; 
3538;--;'1970-01-01 00:00:00;--; ; ;-;--; 
3539;--;'1970-01-01 00:00:00;--; ; ;-;--; 
3540;--;'1970-01-01 00:00:00;--; ; ;-;--; 
3541;--;'1970-01-01 00:00:00;--; ; ;-;--; 
3542;--;'1970-01-01 00:00:00;--; ; ;-;--; 
3543;--;'1970-01-01 00:00:00;--; ; ;-;--; 
3544;--;'1970-01-01 00:00:00;--; ; ;-;--; 
3545;--;'1970-01-01 00:00:00;--; ; ;-;--; 
3546;--;'1970-01-01 00:00:00;--; ; ;-;--; 
3547;--;'1970-01-01 00:00:00;--; ; ;-;--; 
3548;--;'1970-01-01 00:00:00;--; ; ;-;--; 
3549;--;'1970-01-01 00:00:00;--; ; ;-;--; 
3550;--;'1970-01-01 00:00:00;--; ; ;-;--; 
3551;--;'1970-01-01 00:00:00;--; ; ;-;--; 
3552;--;'1970-01-01 00:00:00;--; ; ;-;--; 
3553;--;'1970-01-01 00:00:00;--; ; ;-;--; 
3554;--;'1970-01-01 00:00:00;--; ; ;-;--; 
3555;--;'1970-01-01 00:00:00;--; ; ;-;--; 
3556;--;'1970-01-01 00:00:00;--; ; ;-;--; 
3557;--;'1970-01-01 00:00:00;--; ; ;-;--; 
3558;--;'1970-01-01 00:00:00;--; ; ;-;--; 
3559;--;'1970-01-01 00:00:00;--; ; ;-;--; 
3560;--;'1970-01-01 00:00:00;--; ; ;-;--; 
3561;--;'1970-01-01 00:00:00;--; ; ;-;--; 
3562;--;'1970-01-01 00:00:00;--; ; ;-;--; 
3563;--;'1970-01-01 00:00:00;--; ; ;-;--; 
3564;--;'1970-01-01 00:00:00;--; ; ;-;--; 
3565;--;'1970-01-01 00:00:00;--; ; ;-;--; 
3566;--;'1970-01-01 00:00:00;--; ; ;-;--; 
3567;--;'1970-01-01 00:00:00;--; ; ;-;--; 
3568;--;'1970-01-01 00:00:00;--; ; ;-;--; 
3569;--;'1970-01-01 00:00:00;--; ; ;-;--; 
3570;--;'1970-01-01 00:00:00;--; ; ;-;--; 
3571;--;'1970-01-01 00:00:00;--; ; ;-;--; 
3572;--;'1970-01-01 00:00:00;--; ; ;-;--; 
3573;--;'1970-01-01 00:00:00;--; ; ;-;--; 
3574;--;'1970-01-01 00:00:00;--; ; ;-;--; 
3575;--;'1970-01-01 00:00:00;--; ; ;-;--; 
3576;--;'1970-01-01 00:00:00;--; ; ;-;--; 
3577;--;'1970-01-01 00:00:00;--; ; ;-;--; 
3578;--;'1970-01-01 00:00:00;--; ; ;-;--; 
3579;--;'1970-01-01 00:00:00;--; ; ;-;--; 
3580;--;'1970-01-01 00:00:00;--; ; ;-;--; 
3581;--;'1970-01-01 00:00:00;--; ; ;-;--; 
3582;--;'1970-01-01 00:00:00;--; ; ;-;--; 
3583;--;'1970-01-01 00:00:00;--; ; ;-;--; 
3584;--;'1970-01-01 00:00:00;--; ; ;-;--; 
3585;--;'1970-01-01 00:00:00;--; ; ;-;--; 
3586;--;'1970-01-01 00:00:00;--; ; ;-;--; 
3587;--;'1970-01-01 00:00:00;--; ; ;-;--; 
3588;--;'1970-01-01 00:00:00;--; ; ;-;--; 
3589;--;'1970-01-01 00:00:00;--; ; ;-;--; 
3590;--;'1970-01-01 00:00:00;--; ; ;-;--; 
3591;--;'1970-01-01 00:00:00;--; ; ;-;--; 
3592;--;'1970-01-01 00:00:00;--; ; ;-;--; 
3593;--;'1970-01-01 00:00:00;--; ; ;-;--; 
3594;--;'1970-01-01 00:00:00;--; ; ;-;--; 
3595;--;'1970-01-01 00:00:00;--; ; ;-;--; 
3596;--;'1970-01-01 00:00:00;--; ; ;-;--; 
3597;--;'1970-01-01 00:00:00;--; ; ;-;--; 
3598;--;'1970-01-01 00:00:00;--; ; ;-;--; 
3599;--;'1970-01-01 00:00:00;--; ; ;-;--; 
3600;--;'1970-01-01 00:00:00;--; ; ;-;--; 
3601;--;'1970-01-01 00:00:00;--; ; ;-;--; 
3602;--;'1970-01-01 00:00:00;--; ; ;-;--; 
3603;--;'1970-01-01 00:00:00;--; ; ;-;--; 
3604;--;'1970-01-01 00:00:00;--; ; ;-;--; 
3605;--;'1970-01-01 00:00:00;--; ; ;-;--; 
3606;--;'1970-01-01 00:00:00;--; ; ;-;--; 
3607;--;'1970-01-01 00:00:00;--; ; ;-;--; 
3608;--;'1970-01-01 00:00:00;--; ; ;-;--; 
3609;--;'1970-01-01 00:00:00;--; ; ;-;--; 
3610;--;'1970-01-01 00:00:00;--; ; ;-;--; 
3611;--;'1970-01-01 00:00:00;--; ; ;-;--; 
3612;--;'1970-01-01 00:00:00;--; ; ;-;--; 
3613;--;'1970-01-01 00:00:00;--; ; ;-;--; 
3614;--;'1970-01-01 00:00:00;--; ; ;-;--; 
3615;--;'1970-01-01 00:00:00;--; ; ;-;--; 
3616;--;'1970-01-01 00:00:00;--; ; ;-;--; 
3617;--;'1970-01-01 00:00:00;--; ; ;-;--; 
3618;--;'1970-01-01 00:00:00;--; ; ;-;--; 
3619;--;'1970-01-01 00:00:00;--; ; ;-;--; 
3620;--;'1970-01-01 00:00:00;--; ; ;-;--; 
3621;--;'1970-01-01 00:00:00;--; ; ;-;--; 
3622;--;'1970-01-01 00:00:00;--; ; ;-;--; 
3623;--;'1970-01-01 00:00:00;--; ; ;-;--; 
3624;--;'1970-01-01 00:00:00;--; ; ;-;--; 
3625;--;'1970-01-01 00:00:00;--; ; ;-;--; 
3626;--;'1970-01-01 00:00:00;--; ; ;-;--; 
3627;--;'1970-01-01 00:00:00;--; ; ;-;--; 
3628;--;'1970-01-01 00:00:00;--; ; ;-;--; 
3629;--;'1970-01-01 00:00:00;--; ; ;-;--; 
3630;--;'1970-01-01 00:00:00;--; ; ;-;--; 
3631;--;'1970-01-01 00:00:00;--; ; ;-;--; 
3632;--;'1970-01-01 00:00:00;--; ; ;-;--; 
3633;--;'1970-01-01 00:00:00;--; ; ;-;--; 
3634;--;'1970-01-01 00:00:00;--; ; ;-;--; 
3635;--;'1970-01-01 00:00:00;--; ; ;-;--; 
3636;--;'1970-01-01 00:00:00;--; ; ;-;--; 
3637;--;'1970-01-01 00:00:00;--; ; ;-;--; 
3638;--;'1970-01-01 00:00:00;--; ; ;-;--; 
3639;--;'1970-01-01 00:00:00;--; ; ;-;--; 
3640;--;'1970-01-01 00:00:00;--; ; ;-;--; 
3641;--;'1970-01-01 00:00:00;--; ; ;-;--; 
3642;--;'1970-01-01 00:00:00;--; ; ;-;--; 
3643;--;'1970-01-01 00:00:00;--; ; ;-;--; 
3644;--;'1970-01-01 00:00:00;--; ; ;-;--; 
3645;--;'1970-01-01 00:00:00;--; ; ;-;--; 
3646;--;'1970-01-01 00:00:00;--; ; ;-;--; 
3647;--;'1970-01-01 00:00:00;--; ; ;-;--; 
3648;--;'1970-01-01 00:00:00;--; ; ;-;--; 
3649;--;'1970-01-01 00:00:00;--; ; ;-;--; 
3650;--;'1970-01-01 00:00:00;--; ; ;-;--; 
3651;--;'1970-01-01 00:00:00;--; ; ;-;--; 
3652;--;'1970-01-01 00:00:00;--; ; ;-;--; 
3653;--;'1970-01-01 00:00:00;--; ; ;-;--; 
3654;--;'1970-01-01 00:00:00;--; ; ;-;--; 
3655;--;'1970-01-01 00:00:00;--; ; ;-;--; 
3656;--;'1970-01-01 00:00:00;--; ; ;-;--; 
3657;--;'1970-01-01 00:00:00;--; ; ;-;--; 
3658;--;'1970-01-01 00:00:00;--; ; ;-;--; 
3659;--;'1970-01-01 00:00:00;--; ; ;-;--; 
3660;--;'1970-01-01 00:00:00;--; ; ;-;--; 
3661;--;'1970-01-01 00:00:00;--; ; ;-;--; 
3662;--;'1970-01-01 00:00:00;--; ; ;-;--; 
3663;--;'1970-01-01 00:00:00;--; ; ;-;--; 
3664;--;'1970-01-01 00:00:00;--; ; ;-;--; 
3665;--;'1970-01-01 00:00:00;--; ; ;-;--; 
3666;--;'1970-01-01 00:00:00;--; ; ;-;--; 
3667;--;'1970-01-01 00:00:00;--; ; ;-;--; 
3668;--;'1970-01-01 00:00:00;--; ; ;-;--; 
3669;--;'1970-01-01 00:00:00;--; ; ;-;--; 
3670;--;'1970-01-01 00:00:00;--; ; ;-;--; 
3671;--;'1970-01-01 00:00:00;--; ; ;-;--; 
3672;--;'1970-01-01 00:00:00;--; ; ;-;--; 
3673;--;'1970-01-01 00:00:00;--; ; ;-;--; 
3674;--;'1970-01-01 00:00:00;--; ; ;-;--; 
3675;--;'1970-01-01 00:00:00;--; ; ;-;--; 
3676;--;'1970-01-01 00:00:00;--; ; ;-;--; 
3677;--;'1970-01-01 00:00:00;--; ; ;-;--; 
3678;--;'1970-01-01 00:00:00;--; ; ;-;--; 
3679;--;'1970-01-01 00:00:00;--; ; ;-;--; 
3680;--;'1970-01-01 00:00:00;--; ; ;-;--; 
3681;--;'1970-01-01 00:00:00;--; ; ;-;--; 
3682;--;'1970-01-01 00:00:00;--; ; ;-;--; 
3683;--;'1970-01-01 00:00:00;--; ; ;-;--; 
3684;--;'1970-01-01 00:00:00;--; ; ;-;--; 
3685;--;'1970-01-01 00:00:00;--; ; ;-;--; 
3686;--;'1970-01-01 00:00:00;--; ; ;-;--; 
3687;--;'1970-01-01 00:00:00;--; ; ;-;--; 
3688;--;'1970-01-01 00:00:00;--; ; ;-;--; 
3689;--;'1970-01-01 00:00:00;--; ; ;-;--; 
3690;--;'1970-01-01 00:00:00;--; ; ;-;--; 
3691;--;'1970-01-01 00:00:00;--; ; ;-;--; 
3692;--;'1970-01-01 00:00:00;--; ; ;-;--; 
3693;--;'1970-01-01 00:00:00;--; ; ;-;--; 
3694;--;'1970-01-01 00:00:00;--; ; ;-;--; 
3695;--;'1970-01-01 00:00:00;--; ; ;-;--; 
3696;--;'1970-01-01 00:00:00;--; ; ;-;--; 
3697;--;'1970-01-01 00:00:00;--; ; ;-;--; 
3698;--;'1970-01-01 00:00:00;--; ; ;-;--; 
3699;--;'1970-01-01 00:00:00;--; ; ;-;--; 
3700;--;'1970-01-01 00:00:00;--; ; ;-;--; 
3701;--;'1970-01-01 00:00:00;--; ; ;-;--; 
3702;--;'1970-01-01 00:00:00;--; ; ;-;--; 
3703;--;'1970-01-01 00:00:00;--; ; ;-;--; 
3704;--;'1970-01-01 00:00:00;--; ; ;-;--; 
3705;--;'1970-01-01 00:00:00;--; ; ;-;--; 
3706;--;'1970-01-01 00:00:00;--; ; ;-;--; 
3707;--;'1970-01-01 00:00:00;--; ; ;-;--; 
3708;--;'1970-01-01 00:00:00;--; ; ;-;--; 
3709;--;'1970-01-01 00:00:00;--; ; ;-;--; 
3710;--;'1970-01-01 00:00:00;--; ; ;-;--; 
3711;--;'1970-01-01 00:00:00;--; ; ;-;--; 
3712;--;'1970-01-01 00:00:00;--; ; ;-;--; 
3713;--;'1970-01-01 00:00:00;--; ; ;-;--; 
3714;--;'1970-01-01 00:00:00;--; ; ;-;--; 
3715;--;'1970-01-01 00:00:00;--; ; ;-;--; 
3716;--;'1970-01-01 00:00:00;--; ; ;-;--; 
3717;--;'1970-01-01 00:00:00;--; ; ;-;--; 
3718;--;'1970-01-01 00:00:00;--; ; ;-;--; 
3719;--;'1970-01-01 00:00:00;--; ; ;-;--; 
3720;--;'1970-01-01 00:00:00;--; ; ;-;--; 
3721;--;'1970-01-01 00:00:00;--; ; ;-;--; 
3722;--;'1970-01-01 00:00:00;--; ; ;-;--; 
3723;--;'1970-01-01 00:00:00;--; ; ;-;--; 
3724;--;'1970-01-01 00:00:00;--; ; ;-;--; 
3725;--;'1970-01-01 00:00:00;--; ; ;-;--; 
3726;--;'1970-01-01 00:00:00;--; ; ;-;--; 
3727;--;'1970-01-01 00:00:00;--; ; ;-;--; 
3728;--;'1970-01-01 00:00:00;--; ; ;-;--; 
3729;--;'1970-01-01 00:00:00;--; ; ;-;--; 
3730;--;'1970-01-01 00:00:00;--; ; ;-;--; 
3731;--;'1970-01-01 00:00:00;--; ; ;-;--; 
3732;--;'1970-01-01 00:00:00;--; ; ;-;--; 
3733;--;'1970-01-01 00:00:00;--; ; ;-;--; 
3734;--;'1970-01-01 00:00:00;--; ; ;-;--; 
3735;--;'1970-01-01 00:00:00;--; ; ;-;--; 
3736;--;'1970-01-01 00:00:00;--; ; ;-;--; 
3737;--;'1970-01-01 00:00:00;--; ; ;-;--; 
3738;--;'1970-01-01 00:00:00;--; ; ;-;--; 
3739;--;'1970-01-01 00:00:00;--; ; ;-;--; 
3740;--;'1970-01-01 00:00:00;--; ; ;-;--; 
3741;--;'1970-01-01 00:00:00;--; ; ;-;--; 
3742;--;'1970-01-01 00:00:00;--; ; ;-;--; 
3743;--;'1970-01-01 00:00:00;--; ; ;-;--; 
3744;--;'1970-01-01 00:00:00;--; ; ;-;--; 
3745;--;'1970-01-01 00:00:00;--; ; ;-;--; 
3746;--;'1970-01-01 00:00:00;--; ; ;-;--; 
3747;--;'1970-01-01 00:00:00;--; ; ;-;--; 
3748;--;'1970-01-01 00:00:00;--; ; ;-;--; 
3749;--;'1970-01-01 00:00:00;--; ; ;-;--; 
3750;--;'1970-01-01 00:00:00;--; ; ;-;--; 
3751;--;'1970-01-01 00:00:00;--; ; ;-;--; 
3752;--;'1970-01-01 00:00:00;--; ; ;-;--; 
3753;--;'1970-01-01 00:00:00;--; ; ;-;--; 
3754;--;'1970-01-01 00:00:00;--; ; ;-;--; 
3755;--;'1970-01-01 00:00:00;--; ; ;-;--; 
3756;--;'1970-01-01 00:00:00;--; ; ;-;--; 
3757;--;'1970-01-01 00:00:00;--; ; ;-;--; 
3758;--;'1970-01-01 00:00:00;--; ; ;-;--; 
3759;--;'1970-01-01 00:00:00;--; ; ;-;--; 
3760;--;'1970-01-01 00:00:00;--; ; ;-;--; 
3761;--;'1970-01-01 00:00:00;--; ; ;-;--; 
3762;--;'1970-01-01 00:00:00;--; ; ;-;--; 
3763;--;'1970-01-01 00:00:00;--; ; ;-;--; 
3764;--;'1970-01-01 00:00:00;--; ; ;-;--; 
3765;--;'1970-01-01 00:00:00;--; ; ;-;--; 
3766;--;'1970-01-01 00:00:00;--; ; ;-;--; 
3767;--;'1970-01-01 00:00:00;--; ; ;-;--; 
3768;--;'1970-01-01 00:00:00;--; ; ;-;--; 
3769;--;'1970-01-01 00:00:00;--; ; ;-;--; 
3770;--;'1970-01-01 00:00:00;--; ; ;-;--; 
3771;--;'1970-01-01 00:00:00;--; ; ;-;--; 
3772;--;'1970-01-01 00:00:00;--; ; ;-;--; 
3773;--;'1970-01-01 00:00:00;--; ; ;-;--; 
3774;--;'1970-01-01 00:00:00;--; ; ;-;--; 
3775;--;'1970-01-01 00:00:00;--; ; ;-;--; 
3776;--;'1970-01-01 00:00:00;--; ; ;-;--; 
3777;--;'1970-01-01 00:00:00;--; ; ;-;--; 
3778;--;'1970-01-01 00:00:00;--; ; ;-;--; 
3779;--;'1970-01-01 00:00:00;--; ; ;-;--; 
3780;--;'1970-01-01 00:00:00;--; ; ;-;--; 
3781;--;'1970-01-01 00:00:00;--; ; ;-;--; 
3782;--;'1970-01-01 00:00:00;--; ; ;-;--; 
3783;--;'1970-01-01 00:00:00;--; ; ;-;--; 
3784;--;'1970-01-01 00:00:00;--; ; ;-;--; 
3785;--;'1970-01-01 00:00:00;--; ; ;-;--; 
3786;--;'1970-01-01 00:00:00;--; ; ;-;--; 
3787;--;'1970-01-01 00:00:00;--; ; ;-;--; 
3788;--;'1970-01-01 00:00:00;--; ; ;-;--; 
3789;--;'1970-01-01 00:00:00;--; ; ;-;--; 
3790;--;'1970-01-01 00:00:00;--; ; ;-;--; 
3791;--;'1970-01-01 00:00:00;--; ; ;-;--; 
3792;--;'1970-01-01 00:00:00;--; ; ;-;--; 
3793;--;'1970-01-01 00:00:00;--; ; ;-;--; 
3794;--;'1970-01-01 00:00:00;--; ; ;-;--; 
3795;--;'1970-01-01 00:00:00;--; ; ;-;--; 
3796;--;'1970-01-01 00:00:00;--; ; ;-;--; 
3797;--;'1970-01-01 00:00:00;--; ; ;-;--; 
3798;--;'1970-01-01 00:00:00;--; ; ;-;--; 
3799;--;'1970-01-01 00:00:00;--; ; ;-;--; 
3800;--;'1970-01-01 00:00:00;--; ; ;-;--; 
3801;--;'1970-01-01 00:00:00;--; ; ;-;--; 
3802;--;'1970-01-01 00:00:00;--; ; ;-;--; 
3803;--;'1970-01-01 00:00:00;--; ; ;-;--; 
3804;--;'1970-01-01 00:00:00;--; ; ;-;--; 
3805;--;'1970-01-01 00:00:00;--; ; ;-;--; 
3806;--;'1970-01-01 00:00:00;--; ; ;-;--; 
3807;--;'1970-01-01 00:00:00;--; ; ;-;--; 
3808;--;'1970-01-01 00:00:00;--; ; ;-;--; 
3809;--;'1970-01-01 00:00:00;--; ; ;-;--; 
3810;--;'1970-01-01 00:00:00;--; ; ;-;--; 
3811;--;'1970-01-01 00:00:00;--; ; ;-;--; 
3812;--;'1970-01-01 00:00:00;--; ; ;-;--; 
3813;--;'1970-01-01 00:00:00;--; ; ;-;--; 
3814;--;'1970-01-01 00:00:00;--; ; ;-;--; 
3815;--;'1970-01-01 00:00:00;--; ; ;-;--; 
3816;--;'1970-01-01 00:00:00;--; ; ;-;--; 
3817;--;'1970-01-01 00:00:00;--; ; ;-;--; 
3818;--;'1970-01-01 00:00:00;--; ; ;-;--; 
3819;--;'1970-01-01 00:00:00;--; ; ;-;--; 
3820;--;'1970-01-01 00:00:00;--; ; ;-;--; 
3821;--;'1970-01-01 00:00:00;--; ; ;-;--; 
3822;--;'1970-01-01 00:00:00;--; ; ;-;--; 
3823;--;'1970-01-01 00:00:00;--; ; ;-;--; 
3824;--;'1970-01-01 00:00:00;--; ; ;-;--; 
3825;--;'1970-01-01 00:00:00;--; ; ;-;--; 
3826;--;'1970-01-01 00:00:00;--; ; ;-;--; 
3827;--;'1970-01-01 00:00:00;--; ; ;-;--; 
3828;--;'1970-01-01 00:00:00;--; ; ;-;--; 
3829;--;'1970-01-01 00:00:00;--; ; ;-;--; 
3830;--;'1970-01-01 00:00:00;--; ; ;-;--; 
3831;--;'1970-01-01 00:00:00;--; ; ;-;--; 
3832;--;'1970-01-01 00:00:00;--; ; ;-;--; 
3833;--;'1970-01-01 00:00:00;--; ; ;-;--; 
3834;--;'1970-01-01 00:00:00;--; ; ;-;--; 
3835;--;'1970-01-01 00:00:00;--; ; ;-;--; 
3836;--;'1970-01-01 00:00:00;--; ; ;-;--; 
3837;--;'1970-01-01 00:00:00;--; ; ;-;--; 
3838;--;'1970-01-01 00:00:00;--; ; ;-;--; 
3839;--;'1970-01-01 00:00:00;--; ; ;-;--; 
3840;--;'1970-01-01 00:00:00;--; ; ;-;--; 
3841;--;'1970-01-01 00:00:00;--; ; ;-;--; 
3842;--;'1970-01-01 00:00:00;--; ; ;-;--; 
3843;--;'1970-01-01 00:00:00;--; ; ;-;--; 
3844;--;'1970-01-01 00:00:00;--; ; ;-;--; 
3845;--;'1970-01-01 00:00:00;--; ; ;-;--; 
3846;--;'1970-01-01 00:00:00;--; ; ;-;--; 
3847;--;'1970-01-01 00:00:00;--; ; ;-;--; 
3848;--;'1970-01-01 00:00:00;--; ; ;-;--; 
3849;--;'1970-01-01 00:00:00;--; ; ;-;--; 
3850;--;'1970-01-01 00:00:00;--; ; ;-;--; 
3851;--;'1970-01-01 00:00:00;--; ; ;-;--; 
3852;--;'1970-01-01 00:00:00;--; ; ;-;--; 
3853;--;'1970-01-01 00:00:00;--; ; ;-;--; 
3854;--;'1970-01-01 00:00:00;--; ; ;-;--; 
3855;--;'1970-01-01 00:00:00;--; ; ;-;--; 
3856;--;'1970-01-01 00:00:00;--; ; ;-;--; 
3857;--;'1970-01-01 00:00:00;--; ; ;-;--; 
3858;--;'1970-01-01 00:00:00;--; ; ;-;--; 
3859;--;'1970-01-01 00:00:00;--; ; ;-;--; 
3860;--;'1970-01-01 00:00:00;--; ; ;-;--; 
3861;--;'1970-01-01 00:00:00;--; ; ;-;--; 
3862;--;'1970-01-01 00:00:00;--; ; ;-;--; 
3863;--;'1970-01-01 00:00:00;--; ; ;-;--; 
3864;--;'1970-01-01 00:00:00;--; ; ;-;--; 
3865;--;'1970-01-01 00:00:00;--; ; ;-;--; 
3866;--;'1970-01-01 00:00:00;--; ; ;-;--; 
3867;--;'1970-01-01 00:00:00;--; ; ;-;--; 
3868;--;'1970-01-01 00:00:00;--; ; ;-;--; 
3869;--;'1970-01-01 00:00:00;--; ; ;-;--; 
3870;--;'1970-01-01 00:00:00;--; ; ;-;--; 
3871;--;'1970-01-01 00:00:00;--; ; ;-;--; 
3872;--;'1970-01-01 00:00:00;--; ; ;-;--; 
3873;--;'1970-01-01 00:00:00;--; ; ;-;--; 
3874;--;'1970-01-01 00:00:00;--; ; ;-;--; 
3875;--;'1970-01-01 00:00:00;--; ; ;-;--; 
3876;--;'1970-01-01 00:00:00;--; ; ;-;--; 
3877;--;'1970-01-01 00:00:00;--; ; ;-;--; 
3878;--;'1970-01-01 00:00:00;--; ; ;-;--; 
3879;--;'1970-01-01 00:00:00;--; ; ;-;--; 
3880;--;'1970-01-01 00:00:00;--; ; ;-;--; 
3881;--;'1970-01-01 00:00:00;--; ; ;-;--; 
3882;--;'1970-01-01 00:00:00;--; ; ;-;--; 
3883;--;'1970-01-01 00:00:00;--; ; ;-;--; 
3884;--;'1970-01-01 00:00:00;--; ; ;-;--; 
3885;--;'1970-01-01 00:00:00;--; ; ;-;--; 
3886;--;'1970-01-01 00:00:00;--; ; ;-;--; 
3887;--;'1970-01-01 00:00:00;--; ; ;-;--; 
3888;--;'1970-01-01 00:00:00;--; ; ;-;--; 
3889;--;'1970-01-01 00:00:00;--; ; ;-;--; 
3890;--;'1970-01-01 00:00:00;--; ; ;-;--; 
3891;--;'1970-01-01 00:00:00;--; ; ;-;--; 
3892;--;'1970-01-01 00:00:00;--; ; ;-;--; 
3893;--;'1970-01-01 00:00:00;--; ; ;-;--; 
3894;--;'1970-01-01 00:00:00;--; ; ;-;--; 
3895;--;'1970-01-01 00:00:00;--; ; ;-;--; 
3896;--;'1970-01-01 00:00:00;--; ; ;-;--; 
3897;--;'1970-01-01 00:00:00;--; ; ;-;--; 
3898;--;'1970-01-01 00:00:00;--; ; ;-;--; 
3899;--;'1970-01-01 00:00:00;--; ; ;-;--; 
3900;--;'1970-01-01 00:00:00;--; ; ;-;--; 
3901;--;'1970-01-01 00:00:00;--; ; ;-;--; 
3902;--;'1970-01-01 00:00:00;--; ; ;-;--; 
3903;--;'1970-01-01 00:00:00;--; ; ;-;--; 
3904;--;'1970-01-01 00:00:00;--; ; ;-;--; 
3905;--;'1970-01-01 00:00:00;--; ; ;-;--; 
3906;--;'1970-01-01 00:00:00;--; ; ;-;--; 
3907;--;'1970-01-01 00:00:00;--; ; ;-;--; 
3908;--;'1970-01-01 00:00:00;--; ; ;-;--; 
3909;--;'1970-01-01 00:00:00;--; ; ;-;--; 
3910;--;'1970-01-01 00:00:00;--; ; ;-;--; 
3911;--;'1970-01-01 00:00:00;--; ; ;-;--; 
3912;--;'1970-01-01 00:00:00;--; ; ;-;--; 
3913;--;'1970-01-01 00:00:00;--; ; ;-;--; 
3914;--;'1970-01-01 00:00:00;--; ; ;-;--; 
3915;--;'1970-01-01 00:00:00;--; ; ;-;--; 
3916;--;'1970-01-01 00:00:00;--; ; ;-;--; 
3917;--;'1970-01-01 00:00:00;--; ; ;-;--; 
3918;--;'1970-01-01 00:00:00;--; ; ;-;--; 
3919;--;'1970-01-01 00:00:00;--; ; ;-;--; 
3920;--;'1970-01-01 00:00:00;--; ; ;-;--; 
3921;--;'1970-01-01 00:00:00;--; ; ;-;--; 
3922;--;'1970-01-01 00:00:00;--; ; ;-;--; 
3923;--;'1970-01-01 00:00:00;--; ; ;-;--; 
3924;--;'1970-01-01 00:00:00;--; ; ;-;--; 
3925;--;'1970-01-01 00:00:00;--; ; ;-;--; 
3926;--;'1970-01-01 00:00:00;--; ; ;-;--; 
3927;--;'1970-01-01 00:00:00;--; ; ;-;--; 
3928;--;'1970-01-01 00:00:00;--; ; ;-;--; 
3929;--;'1970-01-01 00:00:00;--; ; ;-;--; 
3930;--;'1970-01-01 00:00:00;--; ; ;-;--; 
3931;--;'1970-01-01 00:00:00;--; ; ;-;--; 
3932;--;'1970-01-01 00:00:00;--; ; ;-;--; 
3933;--;'1970-01-01 00:00:00;--; ; ;-;--; 
3934;--;'1970-01-01 00:00:00;--; ; ;-;--; 
3935;--;'1970-01-01 00:00:00;--; ; ;-;--; 
3936;--;'1970-01-01 00:00:00;--; ; ;-;--; 
3937;--;'1970-01-01 00:00:00;--; ; ;-;--; 
3938;--;'1970-01-01 00:00:00;--; ; ;-;--; 
3939;--;'1970-01-01 00:00:00;--; ; ;-;--; 
3940;--;'1970-01-01 00:00:00;--; ; ;-;--; 
3941;--;'1970-01-01 00:00:00;--; ; ;-;--; 
3942;--;'1970-01-01 00:00:00;--; ; ;-;--; 
3943;--;'1970-01-01 00:00:00;--; ; ;-;--; 
3944;--;'1970-01-01 00:00:00;--; ; ;-;--; 
3945;--;'1970-01-01 00:00:00;--; ; ;-;--; 
3946;--;'1970-01-01 00:00:00;--; ; ;-;--; 
3947;--;'1970-01-01 00:00:00;--; ; ;-;--; 
3948;--;'1970-01-01 00:00:00;--; ; ;-;--; 
3949;--;'1970-01-01 00:00:00;--; ; ;-;--; 
3950;--;'1970-01-01 00:00:00;--; ; ;-;--; 
3951;--;'1970-01-01 00:00:00;--; ; ;-;--; 
3952;--;'1970-01-01 00:00:00;--; ; ;-;--; 
3953;--;'1970-01-01 00:00:00;--; ; ;-;--; 
3954;--;'1970-01-01 00:00:00;--; ; ;-;--; 
3955;--;'1970-01-01 00:00:00;--; ; ;-;--; 
3956;--;'1970-01-01 00:00:00;--; ; ;-;--; 
3957;--;'1970-01-01 00:00:00;--; ; ;-;--; 
3958;--;'1970-01-01 00:00:00;--; ; ;-;--; 
3959;--;'1970-01-01 00:00:00;--; ; ;-;--; 
3960;--;'1970-01-01 00:00:00;--; ; ;-;--; 
3961;--;'1970-01-01 00:00:00;--; ; ;-;--; 
3962;--;'1970-01-01 00:00:00;--; ; ;-;--; 
3963;--;'1970-01-01 00:00:00;--; ; ;-;--; 
3964;--;'1970-01-01 00:00:00;--; ; ;-;--; 
3965;--;'1970-01-01 00:00:00;--; ; ;-;--; 
3966;--;'1970-01-01 00:00:00;--; ; ;-;--; 
3967;--;'1970-01-01 00:00:00;--; ; ;-;--; 
3968;--;'1970-01-01 00:00:00;--; ; ;-;--; 
3969;--;'1970-01-01 00:00:00;--; ; ;-;--; 
3970;--;'1970-01-01 00:00:00;--; ; ;-;--; 
3971;--;'1970-01-01 00:00:00;--; ; ;-;--; 
3972;--;'1970-01-01 00:00:00;--; ; ;-;--; 
3973;--;'1970-01-01 00:00:00;--; ; ;-;--; 
3974;--;'1970-01-01 00:00:00;--; ; ;-;--; 
3975;--;'1970-01-01 00:00:00;--; ; ;-;--; 
3976;--;'1970-01-01 00:00:00;--; ; ;-;--; 
3977;--;'1970-01-01 00:00:00;--; ; ;-;--; 
3978;--;'1970-01-01 00:00:00;--; ; ;-;--; 
3979;--;'1970-01-01 00:00:00;--; ; ;-;--; 
3980;--;'1970-01-01 00:00:00;--; ; ;-;--; 
3981;--;'1970-01-01 00:00:00;--; ; ;-;--; 
3982;--;'1970-01-01 00:00:00;--; ; ;-;--; 
3983;--;'1970-01-01 00:00:00;--; ; ;-;--; 
3984;--;'1970-01-01 00:00:00;--; ; ;-;--; 
3985;--;'1970-01-01 00:00:00;--; ; ;-;--; 
3986;--;'1970-01-01 00:00:00;--; ; ;-;--; 
3987;--;'1970-01-01 00:00:00;--; ; ;-;--; 
3988;--;'1970-01-01 00:00:00;--; ; ;-;--; 
3989;--;'1970-01-01 00:00:00;--; ; ;-;--; 
3990;--;'1970-01-01 00:00:00;--; ; ;-;--; 
3991;--;'1970-01-01 00:00:00;--; ; ;-;--; 
3992;--;'1970-01-01 00:00:00;--; ; ;-;--; 
3993;--;'1970-01-01 00:00:00;--; ; ;-;--; 
3994;--;'1970-01-01 00:00:00;--; ; ;-;--; 
3995;--;'1970-01-01 00:00:00;--; ; ;-;--; 
3996;--;'1970-01-01 00:00:00;--; ; ;-;--; 
3997;--;'1970-01-01 00:00:00;--; ; ;-;--; 
3998;--;'1970-01-01 00:00:00;--; ; ;-;--; 
3999;--;'1970-01-01 00:00:00;--; ; ;-;--; 
4000;--;'1970-01-01 00:00:00;--; ; ;-;--; 
4001;--;'1970-01-01 00:00:00;--; ; ;-;--; 
4002;--;'1970-01-01 00:00:00;--; ; ;-;--; 
4003;--;'1970-01-01 00:00:00;--; ; ;-;--; 
4004;--;'1970-01-01 00:00:00;--; ; ;-;--; 
4005;--;'1970-01-01 00:00:00;--; ; ;-;--; 
4006;--;'1970-01-01 00:00:00;--; ; ;-;--; 
4007;--;'1970-01-01 00:00:00;--; ; ;-;--; 
4008;--;'1970-01-01 00:00:00;--; ; ;-;--; 
4009;--;'1970-01-01 00:00:00;--; ; ;-;--; 
4010;--;'1970-01-01 00:00:00;--; ; ;-;--; 
4011;--;'1970-01-01 00:00:00;--; ; ;-;--; 
4012;--;'1970-01-01 00:00:00;--; ; ;-;--; 
4013;--;'1970-01-01 00:00:00;--; ; ;-;--; 
4014;--;'1970-01-01 00:00:00;--; ; ;-;--; 
4015;--;'1970-01-01 00:00:00;--; ; ;-;--; 
4016;--;'1970-01-01 00:00:00;--; ; ;-;--; 
4017;--;'1970-01-01 00:00:00;--; ; ;-;--; 
4018;--;'1970-01-01 00:00:00;--; ; ;-;--; 
4019;--;'1970-01-01 00:00:00;--; ; ;-;--; 
4020;--;'1970-01-01 00:00:00;--; ; ;-;--; 
4021;--;'1970-01-01 00:00:00;--; ; ;-;--; 
4022;--;'1970-01-01 00:00:00;--; ; ;-;--; 
4023;--;'1970-01-01 00:00:00;--; ; ;-;--; 
4024;--;'1970-01-01 00:00:00;--; ; ;-;--; 
4025;--;'1970-01-01 00:00:00;--; ; ;-;--; 
4026;--;'1970-01-01 00:00:00;--; ; ;-;--; 
4027;--;'1970-01-01 00:00:00;--; ; ;-;--; 
4028;--;'1970-01-01 00:00:00;--; ; ;-;--; 
4029;--;'1970-01-01 00:00:00;--; ; ;-;--; 
4030;--;'1970-01-01 00:00:00;--; ; ;-;--; 
4031;--;'1970-01-01 00:00:00;--; ; ;-;--; 
4032;--;'1970-01-01 00:00:00;--; ; ;-;--; 
4033;--;'1970-01-01 00:00:00;--; ; ;-;--; 
4034;--;'1970-01-01 00:00:00;--; ; ;-;--; 
4035;--;'1970-01-01 00:00:00;--; ; ;-;--; 
4036;--;'1970-01-01 00:00:00;--; ; ;-;--; 
4037;--;'1970-01-01 00:00:00;--; ; ;-;--; 
4038;--;'1970-01-01 00:00:00;--; ; ;-;--; 
4039;--;'1970-01-01 00:00:00;--; ; ;-;--; 
4040;--;'1970-01-01 00:00:00;--; ; ;-;--; 
4041;--;'1970-01-01 00:00:00;--; ; ;-;--; 
4042;--;'1970-01-01 00:00:00;--; ; ;-;--; 
4043;--;'1970-01-01 00:00:00;--; ; ;-;--; 
4044;--;'1970-01-01 00:00:00;--; ; ;-;--; 
4045;--;'1970-01-01 00:00:00;--; ; ;-;--; 
4046;--;'1970-01-01 00:00:00;--; ; ;-;--; 
4047;--;'1970-01-01 00:00:00;--; ; ;-;--; 
4048;--;'1970-01-01 00:00:00;--; ; ;-;--; 
4049;--;'1970-01-01 00:00:00;--; ; ;-;--; 
4050;--;'1970-01-01 00:00:00;--; ; ;-;--; 
4051;--;'1970-01-01 00:00:00;--; ; ;-;--; 
4052;--;'1970-01-01 00:00:00;--; ; ;-;--; 
4053;--;'1970-01-01 00:00:00;--; ; ;-;--; 
4054;--;'1970-01-01 00:00:00;--; ; ;-;--; 
4055;--;'1970-01-01 00:00:00;--; ; ;-;--; 
4056;--;'1970-01-01 00:00:00;--; ; ;-;--; 
4057;--;'1970-01-01 00:00:00;--; ; ;-;--; 
4058;--;'1970-01-01 00:00:00;--; ; ;-;--; 
4059;--;'1970-01-01 00:00:00;--; ; ;-;--; 
4060;--;'1970-01-01 00:00:00;--; ; ;-;--; 
4061;--;'1970-01-01 00:00:00;--; ; ;-;--; 
4062;--;'1970-01-01 00:00:00;--; ; ;-;--; 
4063;--;'1970-01-01 00:00:00;--; ; ;-;--; 
4064;--;'1970-01-01 00:00:00;--; ; ;-;--; 
4065;--;'1970-01-01 00:00:00;--; ; ;-;--; 
4066;--;'1970-01-01 00:00:00;--; ; ;-;--; 
4067;--;'1970-01-01 00:00:00;--; ; ;-;--; 
4068;--;'1970-01-01 00:00:00;--; ; ;-;--; 
4069;--;'1970-01-01 00:00:00;--; ; ;-;--; 
4070;--;'1970-01-01 00:00:00;--; ; ;-;--; 
4071;--;'1970-01-01 00:00:00;--; ; ;-;--; 
4072;--;'1970-01-01 00:00:00;--; ; ;-;--; 
4073;--;'1970-01-01 00:00:00;--; ; ;-;--; 
4074;--;'1970-01-01 00:00:00;--; ; ;-;--; 
4075;--;'1970-01-01 00:00:00;--; ; ;-;--; 
4076;--;'1970-01-01 00:00:00;--; ; ;-;--; 
4077;--;'1970-01-01 00:00:00;--; ; ;-;--; 
4078;--;'1970-01-01 00:00:00;--; ; ;-;--; 
4079;--;'1970-01-01 00:00:00;--; ; ;-;--; 
4080;--;'1970-01-01 00:00:00;--; ; ;-;--; 
4081;--;'1970-01-01 00:00:00;--; ; ;-;--; 
4082;--;'1970-01-01 00:00:00;--; ; ;-;--; 
4083;--;'1970-01-01 00:00:00;--; ; ;-;--; 
4084;--;'1970-01-01 00:00:00;--; ; ;-;--; 
4085;--;'1970-01-01 00:00:00;--; ; ;-;--; 
4086;--;'1970-01-01 00:00:00;--; ; ;-;--; 
4087;--;'1970-01-01 00:00:00;--; ; ;-;--; 
4088;--;'1970-01-01 00:00:00;--; ; ;-;--; 
4089;--;'1970-01-01 00:00:00;--; ; ;-;--; 
4090;--;'1970-01-01 00:00:00;--; ; ;-;--; 
4091;--;'1970-01-01 00:00:00;--; ; ;-;--; 
4092;--;'1970-01-01 00:00:00;--; ; ;-;--; 
4093;--;'1970-01-01 00:00:00;--; ; ;-;--; 
4094;--;'1970-01-01 00:00:00;--; ; ;-;--; 
4095;--;'1970-01-01 00:00:00;--; ; ;-;--; 
4096;--;'1970-01-01 00:00:00;--; ; ;-;--; 
4097;--;'1970-01-01 00:00:00;--; ; ;-;--; 
4098;--;'1970-01-01 00:00:00;--; ; ;-;--; 
4099;--;'1970-01-01 00:00:00;--; ; ;-;--; 
4100;--;'1970-01-01 00:00:00;--; ; ;-;--; 
4101;--;'1970-01-01 00:00:00;--; ; ;-;--; 
4102;--;'1970-01-01 00:00:00;--; ; ;-;--; 
4103;--;'1970-01-01 00:00:00;--; ; ;-;--; 
4104;--;'1970-01-01 00:00:00;--; ; ;-;--; 
4105;--;'1970-01-01 00:00:00;--; ; ;-;--; 
4106;--;'1970-01-01 00:00:00;--; ; ;-;--; 
4107;--;'1970-01-01 00:00:00;--; ; ;-;--; 
4108;--;'1970-01-01 00:00:00;--; ; ;-;--; 
4109;--;'1970-01-01 00:00:00;--; ; ;-;--; 
4110;--;'1970-01-01 00:00:00;--; ; ;-;--; 
4111;--;'1970-01-01 00:00:00;--; ; ;-;--; 
4112;--;'1970-01-01 00:00:00;--; ; ;-;--; 
4113;--;'1970-01-01 00:00:00;--; ; ;-;--; 
4114;--;'1970-01-01 00:00:00;--; ; ;-;--; 
4115;--;'1970-01-01 00:00:00;--; ; ;-;--; 
4116;--;'1970-01-01 00:00:00;--; ; ;-;--; 
4117;--;'1970-01-01 00:00:00;--; ; ;-;--; 
4118;--;'1970-01-01 00:00:00;--; ; ;-;--; 
4119;--;'1970-01-01 00:00:00;--; ; ;-;--; 
4120;--;'1970-01-01 00:00:00;--; ; ;-;--; 
4121;--;'1970-01-01 00:00:00;--; ; ;-;--; 
4122;--;'1970-01-01 00:00:00;--; ; ;-;--; 
4123;--;'1970-01-01 00:00:00;--; ; ;-;--; 
4124;--;'1970-01-01 00:00:00;--; ; ;-;--; 
4125;--;'1970-01-01 00:00:00;--; ; ;-;--; 
4126;--;'1970-01-01 00:00:00;--; ; ;-;--; 
4127;--;'1970-01-01 00:00:00;--; ; ;-;--; 
4128;--;'1970-01-01 00:00:00;--; ; ;-;--; 
4129;--;'1970-01-01 00:00:00;--; ; ;-;--; 
4130;--;'1970-01-01 00:00:00;--; ; ;-;--; 
4131;--;'1970-01-01 00:00:00;--; ; ;-;--; 
4132;--;'1970-01-01 00:00:00;--; ; ;-;--; 
4133;--;'1970-01-01 00:00:00;--; ; ;-;--; 
4134;--;'1970-01-01 00:00:00;--; ; ;-;--; 
4135;--;'1970-01-01 00:00:00;--; ; ;-;--; 
4136;--;'1970-01-01 00:00:00;--; ; ;-;--; 
4137;--;'1970-01-01 00:00:00;--; ; ;-;--; 
4138;--;'1970-01-01 00:00:00;--; ; ;-;--; 
4139;--;'1970-01-01 00:00:00;--; ; ;-;--; 
4140;--;'1970-01-01 00:00:00;--; ; ;-;--; 
4141;--;'1970-01-01 00:00:00;--; ; ;-;--; 
4142;--;'1970-01-01 00:00:00;--; ; ;-;--; 
4143;--;'1970-01-01 00:00:00;--; ; ;-;--; 
4144;--;'1970-01-01 00:00:00;--; ; ;-;--; 
4145;--;'1970-01-01 00:00:00;--; ; ;-;--; 
4146;--;'1970-01-01 00:00:00;--; ; ;-;--; 
4147;--;'1970-01-01 00:00:00;--; ; ;-;--; 
4148;--;'1970-01-01 00:00:00;--; ; ;-;--; 
4149;--;'1970-01-01 00:00:00;--; ; ;-;--; 
4150;--;'1970-01-01 00:00:00;--; ; ;-;--; 
4151;--;'1970-01-01 00:00:00;--; ; ;-;--; 
4152;--;'1970-01-01 00:00:00;--; ; ;-;--; 
4153;--;'1970-01-01 00:00:00;--; ; ;-;--; 
4154;--;'1970-01-01 00:00:00;--; ; ;-;--; 
4155;--;'1970-01-01 00:00:00;--; ; ;-;--; 
4156;--;'1970-01-01 00:00:00;--; ; ;-;--; 
4157;--;'1970-01-01 00:00:00;--; ; ;-;--; 
4158;--;'1970-01-01 00:00:00;--; ; ;-;--; 
4159;--;'1970-01-01 00:00:00;--; ; ;-;--; 
4160;--;'1970-01-01 00:00:00;--; ; ;-;--; 
4161;--;'1970-01-01 00:00:00;--; ; ;-;--; 
4162;--;'1970-01-01 00:00:00;--; ; ;-;--; 
4163;--;'1970-01-01 00:00:00;--; ; ;-;--; 
4164;--;'1970-01-01 00:00:00;--; ; ;-;--; 
4165;--;'1970-01-01 00:00:00;--; ; ;-;--; 
4166;--;'1970-01-01 00:00:00;--; ; ;-;--; 
4167;--;'1970-01-01 00:00:00;--; ; ;-;--; 
4168;--;'1970-01-01 00:00:00;--; ; ;-;--; 
4169;--;'1970-01-01 00:00:00;--; ; ;-;--; 
4170;--;'1970-01-01 00:00:00;--; ; ;-;--; 
4171;--;'1970-01-01 00:00:00;--; ; ;-;--; 
4172;--;'1970-01-01 00:00:00;--; ; ;-;--; 
4173;--;'1970-01-01 00:00:00;--; ; ;-;--; 
4174;--;'1970-01-01 00:00:00;--; ; ;-;--; 
4175;--;'1970-01-01 00:00:00;--; ; ;-;--; 
4176;--;'1970-01-01 00:00:00;--; ; ;-;--; 
4177;--;'1970-01-01 00:00:00;--; ; ;-;--; 
4178;--;'1970-01-01 00:00:00;--; ; ;-;--; 
4179;--;'1970-01-01 00:00:00;--; ; ;-;--; 
4180;--;'1970-01-01 00:00:00;--; ; ;-;--; 
4181;--;'1970-01-01 00:00:00;--; ; ;-;--; 
4182;--;'1970-01-01 00:00:00;--; ; ;-;--; 
4183;--;'1970-01-01 00:00:00;--; ; ;-;--; 
4184;--;'1970-01-01 00:00:00;--; ; ;-;--; 
4185;--;'1970-01-01 00:00:00;--; ; ;-;--; 
4186;--;'1970-01-01 00:00:00;--; ; ;-;--; 
4187;--;'1970-01-01 00:00:00;--; ; ;-;--; 
4188;--;'1970-01-01 00:00:00;--; ; ;-;--; 
4189;--;'1970-01-01 00:00:00;--; ; ;-;--; 
4190;--;'1970-01-01 00:00:00;--; ; ;-;--; 
4191;--;'1970-01-01 00:00:00;--; ; ;-;--; 
4192;--;'1970-01-01 00:00:00;--; ; ;-;--; 
4193;--;'1970-01-01 00:00:00;--; ; ;-;--; 
4194;--;'1970-01-01 00:00:00;--; ; ;-;--; 
4195;--;'1970-01-01 00:00:00;--; ; ;-;--; 
4196;--;'1970-01-01 00:00:00;--; ; ;-;--; 
4197;--;'1970-01-01 00:00:00;--; ; ;-;--; 
4198;--;'1970-01-01 00:00:00;--; ; ;-;--; 
4199;--;'1970-01-01 00:00:00;--; ; ;-;--; 
4200;--;'1970-01-01 00:00:00;--; ; ;-;--; 
4201;--;'1970-01-01 00:00:00;--; ; ;-;--; 
4202;--;'1970-01-01 00:00:00;--; ; ;-;--; 
4203;--;'1970-01-01 00:00:00;--; ; ;-;--; 
4204;--;'1970-01-01 00:00:00;--; ; ;-;--; 
4205;--;'1970-01-01 00:00:00;--; ; ;-;--; 
4206;--;'1970-01-01 00:00:00;--; ; ;-;--; 
4207;--;'1970-01-01 00:00:00;--; ; ;-;--; 
4208;--;'1970-01-01 00:00:00;--; ; ;-;--; 
4209;--;'1970-01-01 00:00:00;--; ; ;-;--; 
4210;--;'1970-01-01 00:00:00;--; ; ;-;--; 
4211;--;'1970-01-01 00:00:00;--; ; ;-;--; 
4212;--;'1970-01-01 00:00:00;--; ; ;-;--; 
4213;--;'1970-01-01 00:00:00;--; ; ;-;--; 
4214;--;'1970-01-01 00:00:00;--; ; ;-;--; 
4215;--;'1970-01-01 00:00:00;--; ; ;-;--; 
4216;--;'1970-01-01 00:00:00;--; ; ;-;--; 
4217;--;'1970-01-01 00:00:00;--; ; ;-;--; 
4218;--;'1970-01-01 00:00:00;--; ; ;-;--; 
4219;--;'1970-01-01 00:00:00;--; ; ;-;--; 
4220;--;'1970-01-01 00:00:00;--; ; ;-;--; 
4221;--;'1970-01-01 00:00:00;--; ; ;-;--; 
4222;--;'1970-01-01 00:00:00;--; ; ;-;--; 
4223;--;'1970-01-01 00:00:00;--; ; ;-;--; 
4224;--;'1970-01-01 00:00:00;--; ; ;-;--; 
4225;--;'1970-01-01 00:00:00;--; ; ;-;--; 
4226;--;'1970-01-01 00:00:00;--; ; ;-;--; 
4227;--;'1970-01-01 00:00:00;--; ; ;-;--; 
4228;--;'1970-01-01 00:00:00;--; ; ;-;--; 
4229;--;'1970-01-01 00:00:00;--; ; ;-;--; 
4230;--;'1970-01-01 00:00:00;--; ; ;-;--; 
4231;--;'1970-01-01 00:00:00;--; ; ;-;--; 
4232;--;'1970-01-01 00:00:00;--; ; ;-;--; 
4233;--;'1970-01-01 00:00:00;--; ; ;-;--; 
4234;--;'1970-01-01 00:00:00;--; ; ;-;--; 
4235;--;'1970-01-01 00:00:00;--; ; ;-;--; 
4236;--;'1970-01-01 00:00:00;--; ; ;-;--; 
4237;--;'1970-01-01 00:00:00;--; ; ;-;--; 
4238;--;'1970-01-01 00:00:00;--; ; ;-;--; 
4239;--;'1970-01-01 00:00:00;--; ; ;-;--; 
4240;--;'1970-01-01 00:00:00;--; ; ;-;--; 
4241;--;'1970-01-01 00:00:00;--; ; ;-;--; 
4242;--;'1970-01-01 00:00:00;--; ; ;-;--; 
4243;--;'1970-01-01 00:00:00;--; ; ;-;--; 
4244;--;'1970-01-01 00:00:00;--; ; ;-;--; 
4245;--;'1970-01-01 00:00:00;--; ; ;-;--; 
4246;--;'1970-01-01 00:00:00;--; ; ;-;--; 
4247;--;'1970-01-01 00:00:00;--; ; ;-;--; 
4248;--;'1970-01-01 00:00:00;--; ; ;-;--; 
4249;--;'1970-01-01 00:00:00;--; ; ;-;--; 
4250;--;'1970-01-01 00:00:00;--; ; ;-;--; 
4251;--;'1970-01-01 00:00:00;--; ; ;-;--; 
4252;--;'1970-01-01 00:00:00;--; ; ;-;--; 
4253;--;'1970-01-01 00:00:00;--; ; ;-;--; 
4254;--;'1970-01-01 00:00:00;--; ; ;-;--; 
4255;--;'1970-01-01 00:00:00;--; ; ;-;--; 
4256;--;'1970-01-01 00:00:00;--; ; ;-;--; 
4257;--;'1970-01-01 00:00:00;--; ; ;-;--; 
4258;--;'1970-01-01 00:00:00;--; ; ;-;--; 
4259;--;'1970-01-01 00:00:00;--; ; ;-;--; 
4260;--;'1970-01-01 00:00:00;--; ; ;-;--; 
4261;--;'1970-01-01 00:00:00;--; ; ;-;--; 
4262;--;'1970-01-01 00:00:00;--; ; ;-;--; 
4263;--;'1970-01-01 00:00:00;--; ; ;-;--; 
4264;--;'1970-01-01 00:00:00;--; ; ;-;--; 
4265;--;'1970-01-01 00:00:00;--; ; ;-;--; 
4266;--;'1970-01-01 00:00:00;--; ; ;-;--; 
4267;--;'1970-01-01 00:00:00;--; ; ;-;--; 
4268;--;'1970-01-01 00:00:00;--; ; ;-;--; 
4269;--;'1970-01-01 00:00:00;--; ; ;-;--; 
4270;--;'1970-01-01 00:00:00;--; ; ;-;--; 
4271;--;'1970-01-01 00:00:00;--; ; ;-;--; 
4272;--;'1970-01-01 00:00:00;--; ; ;-;--; 
4273;--;'1970-01-01 00:00:00;--; ; ;-;--; 
4274;--;'1970-01-01 00:00:00;--; ; ;-;--; 
4275;--;'1970-01-01 00:00:00;--; ; ;-;--; 
4276;--;'1970-01-01 00:00:00;--; ; ;-;--; 
4277;--;'1970-01-01 00:00:00;--; ; ;-;--; 
4278;--;'1970-01-01 00:00:00;--; ; ;-;--; 
4279;--;'1970-01-01 00:00:00;--; ; ;-;--; 
4280;--;'1970-01-01 00:00:00;--; ; ;-;--; 
4281;--;'1970-01-01 00:00:00;--; ; ;-;--; 
4282;--;'1970-01-01 00:00:00;--; ; ;-;--; 
4283;--;'1970-01-01 00:00:00;--; ; ;-;--; 
4284;--;'1970-01-01 00:00:00;--; ; ;-;--; 
4285;--;'1970-01-01 00:00:00;--; ; ;-;--; 
4286;--;'1970-01-01 00:00:00;--; ; ;-;--; 
4287;--;'1970-01-01 00:00:00;--; ; ;-;--; 
4288;--;'1970-01-01 00:00:00;--; ; ;-;--; 
4289;--;'1970-01-01 00:00:00;--; ; ;-;--; 
4290;--;'1970-01-01 00:00:00;--; ; ;-;--; 
4291;--;'1970-01-01 00:00:00;--; ; ;-;--; 
4292;--;'1970-01-01 00:00:00;--; ; ;-;--; 
4293;--;'1970-01-01 00:00:00;--; ; ;-;--; 
4294;--;'1970-01-01 00:00:00;--; ; ;-;--; 
4295;--;'1970-01-01 00:00:00;--; ; ;-;--; 
4296;--;'1970-01-01 00:00:00;--; ; ;-;--; 
4297;--;'1970-01-01 00:00:00;--; ; ;-;--; 
4298;--;'1970-01-01 00:00:00;--; ; ;-;--; 
4299;--;'1970-01-01 00:00:00;--; ; ;-;--; 
4300;--;'1970-01-01 00:00:00;--; ; ;-;--; 
4301;--;'1970-01-01 00:00:00;--; ; ;-;--; 
4302;--;'1970-01-01 00:00:00;--; ; ;-;--; 
4303;--;'1970-01-01 00:00:00;--; ; ;-;--; 
4304;--;'1970-01-01 00:00:00;--; ; ;-;--; 
4305;--;'1970-01-01 00:00:00;--; ; ;-;--; 
4306;--;'1970-01-01 00:00:00;--; ; ;-;--; 
4307;--;'1970-01-01 00:00:00;--; ; ;-;--; 
4308;--;'1970-01-01 00:00:00;--; ; ;-;--; 
4309;--;'1970-01-01 00:00:00;--; ; ;-;--; 
4310;--;'1970-01-01 00:00:00;--; ; ;-;--; 
4311;--;'1970-01-01 00:00:00;--; ; ;-;--; 
4312;--;'1970-01-01 00:00:00;--; ; ;-;--; 
4313;--;'1970-01-01 00:00:00;--; ; ;-;--; 
4314;--;'1970-01-01 00:00:00;--; ; ;-;--; 
4315;--;'1970-01-01 00:00:00;--; ; ;-;--; 
4316;--;'1970-01-01 00:00:00;--; ; ;-;--; 
4317;--;'1970-01-01 00:00:00;--; ; ;-;--; 
4318;--;'1970-01-01 00:00:00;--; ; ;-;--; 
4319;--;'1970-01-01 00:00:00;--; ; ;-;--; 
4320;--;'1970-01-01 00:00:00;--; ; ;-;--; 
4321;--;'1970-01-01 00:00:00;--; ; ;-;--; 
4322;--;'1970-01-01 00:00:00;--; ; ;-;--; 
4323;--;'1970-01-01 00:00:00;--; ; ;-;--; 
4324;--;'1970-01-01 00:00:00;--; ; ;-;--; 
4325;--;'1970-01-01 00:00:00;--; ; ;-;--; 
4326;--;'1970-01-01 00:00:00;--; ; ;-;--; 
4327;--;'1970-01-01 00:00:00;--; ; ;-;--; 
4328;--;'1970-01-01 00:00:00;--; ; ;-;--; 
4329;--;'1970-01-01 00:00:00;--; ; ;-;--; 
4330;--;'1970-01-01 00:00:00;--; ; ;-;--; 
4331;--;'1970-01-01 00:00:00;--; ; ;-;--; 
4332;--;'1970-01-01 00:00:00;--; ; ;-;--; 
4333;--;'1970-01-01 00:00:00;--; ; ;-;--; 
4334;--;'1970-01-01 00:00:00;--; ; ;-;--; 
4335;--;'1970-01-01 00:00:00;--; ; ;-;--; 
4336;--;'1970-01-01 00:00:00;--; ; ;-;--; 
4337;--;'1970-01-01 00:00:00;--; ; ;-;--; 
4338;--;'1970-01-01 00:00:00;--; ; ;-;--; 
4339;--;'1970-01-01 00:00:00;--; ; ;-;--; 
4340;--;'1970-01-01 00:00:00;--; ; ;-;--; 
4341;--;'1970-01-01 00:00:00;--; ; ;-;--; 
4342;--;'1970-01-01 00:00:00;--; ; ;-;--; 
4343;--;'1970-01-01 00:00:00;--; ; ;-;--; 
4344;--;'1970-01-01 00:00:00;--; ; ;-;--; 
4345;--;'1970-01-01 00:00:00;--; ; ;-;--; 
4346;--;'1970-01-01 00:00:00;--; ; ;-;--; 
4347;--;'1970-01-01 00:00:00;--; ; ;-;--; 
4348;--;'1970-01-01 00:00:00;--; ; ;-;--; 
4349;--;'1970-01-01 00:00:00;--; ; ;-;--; 
4350;--;'1970-01-01 00:00:00;--; ; ;-;--; 
4351;--;'1970-01-01 00:00:00;--; ; ;-;--; 
4352;--;'1970-01-01 00:00:00;--; ; ;-;--; 
4353;--;'1970-01-01 00:00:00;--; ; ;-;--; 
4354;--;'1970-01-01 00:00:00;--; ; ;-;--; 
4355;--;'1970-01-01 00:00:00;--; ; ;-;--; 
4356;--;'1970-01-01 00:00:00;--; ; ;-;--; 
4357;--;'1970-01-01 00:00:00;--; ; ;-;--; 
4358;--;'1970-01-01 00:00:00;--; ; ;-;--; 
4359;--;'1970-01-01 00:00:00;--; ; ;-;--; 
4360;--;'1970-01-01 00:00:00;--; ; ;-;--; 
4361;--;'1970-01-01 00:00:00;--; ; ;-;--; 
4362;--;'1970-01-01 00:00:00;--; ; ;-;--; 
4363;--;'1970-01-01 00:00:00;--; ; ;-;--; 
4364;--;'1970-01-01 00:00:00;--; ; ;-;--; 
4365;--;'1970-01-01 00:00:00;--; ; ;-;--; 
4366;--;'1970-01-01 00:00:00;--; ; ;-;--; 
4367;--;'1970-01-01 00:00:00;--; ; ;-;--; 
4368;--;'1970-01-01 00:00:00;--; ; ;-;--; 
4369;--;'1970-01-01 00:00:00;--; ; ;-;--; 
4370;--;'1970-01-01 00:00:00;--; ; ;-;--; 
4371;--;'1970-01-01 00:00:00;--; ; ;-;--; 
4372;--;'1970-01-01 00:00:00;--; ; ;-;--; 
4373;--;'1970-01-01 00:00:00;--; ; ;-;--; 
4374;--;'1970-01-01 00:00:00;--; ; ;-;--; 
4375;--;'1970-01-01 00:00:00;--; ; ;-;--; 
4376;--;'1970-01-01 00:00:00;--; ; ;-;--; 
4377;--;'1970-01-01 00:00:00;--; ; ;-;--; 
4378;--;'1970-01-01 00:00:00;--; ; ;-;--; 
4379;--;'1970-01-01 00:00:00;--; ; ;-;--; 
4380;--;'1970-01-01 00:00:00;--; ; ;-;--; 
4381;--;'1970-01-01 00:00:00;--; ; ;-;--; 
4382;--;'1970-01-01 00:00:00;--; ; ;-;--; 
4383;--;'1970-01-01 00:00:00;--; ; ;-;--; 
4384;--;'1970-01-01 00:00:00;--; ; ;-;--; 
4385;--;'1970-01-01 00:00:00;--; ; ;-;--; 
4386;--;'1970-01-01 00:00:00;--; ; ;-;--; 
4387;--;'1970-01-01 00:00:00;--; ; ;-;--; 
4388;--;'1970-01-01 00:00:00;--; ; ;-;--; 
4389;--;'1970-01-01 00:00:00;--; ; ;-;--; 
4390;--;'1970-01-01 00:00:00;--; ; ;-;--; 
4391;--;'1970-01-01 00:00:00;--; ; ;-;--; 
4392;--;'1970-01-01 00:00:00;--; ; ;-;--; 
4393;--;'1970-01-01 00:00:00;--; ; ;-;--; 
4394;--;'1970-01-01 00:00:00;--; ; ;-;--; 
4395;--;'1970-01-01 00:00:00;--; ; ;-;--; 
4396;--;'1970-01-01 00:00:00;--; ; ;-;--; 
4397;--;'1970-01-01 00:00:00;--; ; ;-;--; 
4398;--;'1970-01-01 00:00:00;--; ; ;-;--; 
4399;--;'1970-01-01 00:00:00;--; ; ;-;--; 
4400;--;'1970-01-01 00:00:00;--; ; ;-;--; 
4401;--;'1970-01-01 00:00:00;--; ; ;-;--; 
4402;--;'1970-01-01 00:00:00;--; ; ;-;--; 
4403;--;'1970-01-01 00:00:00;--; ; ;-;--; 
4404;--;'1970-01-01 00:00:00;--; ; ;-;--; 
4405;--;'1970-01-01 00:00:00;--; ; ;-;--; 
4406;--;'1970-01-01 00:00:00;--; ; ;-;--; 
4407;--;'1970-01-01 00:00:00;--; ; ;-;--; 
4408;--;'1970-01-01 00:00:00;--; ; ;-;--; 
4409;--;'1970-01-01 00:00:00;--; ; ;-;--; 
4410;--;'1970-01-01 00:00:00;--; ; ;-;--; 
4411;--;'1970-01-01 00:00:00;--; ; ;-;--; 
4412;--;'1970-01-01 00:00:00;--; ; ;-;--; 
4413;--;'1970-01-01 00:00:00;--; ; ;-;--; 
4414;--;'1970-01-01 00:00:00;--; ; ;-;--; 
4415;--;'1970-01-01 00:00:00;--; ; ;-;--; 
4416;--;'1970-01-01 00:00:00;--; ; ;-;--; 
4417;--;'1970-01-01 00:00:00;--; ; ;-;--; 
4418;--;'1970-01-01 00:00:00;--; ; ;-;--; 
4419;--;'1970-01-01 00:00:00;--; ; ;-;--; 
4420;--;'1970-01-01 00:00:00;--; ; ;-;--; 
4421;--;'1970-01-01 00:00:00;--; ; ;-;--; 
4422;--;'1970-01-01 00:00:00;--; ; ;-;--; 
4423;--;'1970-01-01 00:00:00;--; ; ;-;--; 
4424;--;'1970-01-01 00:00:00;--; ; ;-;--; 
4425;--;'1970-01-01 00:00:00;--; ; ;-;--; 
4426;--;'1970-01-01 00:00:00;--; ; ;-;--; 
4427;--;'1970-01-01 00:00:00;--; ; ;-;--; 
4428;--;'1970-01-01 00:00:00;--; ; ;-;--; 
4429;--;'1970-01-01 00:00:00;--; ; ;-;--; 
4430;--;'1970-01-01 00:00:00;--; ; ;-;--; 
4431;--;'1970-01-01 00:00:00;--; ; ;-;--; 
4432;--;'1970-01-01 00:00:00;--; ; ;-;--; 
4433;--;'1970-01-01 00:00:00;--; ; ;-;--; 
4434;--;'1970-01-01 00:00:00;--; ; ;-;--; 
4435;--;'1970-01-01 00:00:00;--; ; ;-;--; 
4436;--;'1970-01-01 00:00:00;--; ; ;-;--; 
4437;--;'1970-01-01 00:00:00;--; ; ;-;--; 
4438;--;'1970-01-01 00:00:00;--; ; ;-;--; 
4439;--;'1970-01-01 00:00:00;--; ; ;-;--; 
4440;--;'1970-01-01 00:00:00;--; ; ;-;--; 
4441;--;'1970-01-01 00:00:00;--; ; ;-;--; 
4442;--;'1970-01-01 00:00:00;--; ; ;-;--; 
4443;--;'1970-01-01 00:00:00;--; ; ;-;--; 
4444;--;'1970-01-01 00:00:00;--; ; ;-;--; 
4445;--;'1970-01-01 00:00:00;--; ; ;-;--; 
4446;--;'1970-01-01 00:00:00;--; ; ;-;--; 
4447;--;'1970-01-01 00:00:00;--; ; ;-;--; 
4448;--;'1970-01-01 00:00:00;--; ; ;-;--; 
4449;--;'1970-01-01 00:00:00;--; ; ;-;--; 
4450;--;'1970-01-01 00:00:00;--; ; ;-;--; 
4451;--;'1970-01-01 00:00:00;--; ; ;-;--; 
4452;--;'1970-01-01 00:00:00;--; ; ;-;--; 
4453;--;'1970-01-01 00:00:00;--; ; ;-;--; 
4454;--;'1970-01-01 00:00:00;--; ; ;-;--; 
4455;--;'1970-01-01 00:00:00;--; ; ;-;--; 
4456;--;'1970-01-01 00:00:00;--; ; ;-;--; 
4457;--;'1970-01-01 00:00:00;--; ; ;-;--; 
4458;--;'1970-01-01 00:00:00;--; ; ;-;--; 
4459;--;'1970-01-01 00:00:00;--; ; ;-;--; 
4460;--;'1970-01-01 00:00:00;--; ; ;-;--; 
4461;--;'1970-01-01 00:00:00;--; ; ;-;--; 
4462;--;'1970-01-01 00:00:00;--; ; ;-;--; 
4463;--;'1970-01-01 00:00:00;--; ; ;-;--; 
4464;--;'1970-01-01 00:00:00;--; ; ;-;--; 
4465;--;'1970-01-01 00:00:00;--; ; ;-;--; 
4466;--;'1970-01-01 00:00:00;--; ; ;-;--; 
4467;--;'1970-01-01 00:00:00;--; ; ;-;--; 
4468;--;'1970-01-01 00:00:00;--; ; ;-;--; 
4469;--;'1970-01-01 00:00:00;--; ; ;-;--; 
4470;--;'1970-01-01 00:00:00;--; ; ;-;--; 
4471;--;'1970-01-01 00:00:00;--; ; ;-;--; 
4472;--;'1970-01-01 00:00:00;--; ; ;-;--; 
4473;--;'1970-01-01 00:00:00;--; ; ;-;--; 
4474;--;'1970-01-01 00:00:00;--; ; ;-;--; 
4475;--;'1970-01-01 00:00:00;--; ; ;-;--; 
4476;--;'1970-01-01 00:00:00;--; ; ;-;--; 
4477;--;'1970-01-01 00:00:00;--; ; ;-;--; 
4478;--;'1970-01-01 00:00:00;--; ; ;-;--; 
4479;--;'1970-01-01 00:00:00;--; ; ;-;--; 
4480;--;'1970-01-01 00:00:00;--; ; ;-;--; 
4481;--;'1970-01-01 00:00:00;--; ; ;-;--; 
4482;--;'1970-01-01 00:00:00;--; ; ;-;--; 
4483;--;'1970-01-01 00:00:00;--; ; ;-;--; 
4484;--;'1970-01-01 00:00:00;--; ; ;-;--; 
4485;--;'1970-01-01 00:00:00;--; ; ;-;--; 
4486;--;'1970-01-01 00:00:00;--; ; ;-;--; 
4487;--;'1970-01-01 00:00:00;--; ; ;-;--; 
4488;--;'1970-01-01 00:00:00;--; ; ;-;--; 
4489;--;'1970-01-01 00:00:00;--; ; ;-;--; 
4490;--;'1970-01-01 00:00:00;--; ; ;-;--; 
4491;--;'1970-01-01 00:00:00;--; ; ;-;--; 
4492;--;'1970-01-01 00:00:00;--; ; ;-;--; 
4493;--;'1970-01-01 00:00:00;--; ; ;-;--; 
4494;--;'1970-01-01 00:00:00;--; ; ;-;--; 
4495;--;'1970-01-01 00:00:00;--; ; ;-;--; 
4496;--;'1970-01-01 00:00:00;--; ; ;-;--; 
4497;--;'1970-01-01 00:00:00;--; ; ;-;--; 
4498;--;'1970-01-01 00:00:00;--; ; ;-;--; 
4499;--;'1970-01-01 00:00:00;--; ; ;-;--; 
4500;--;'1970-01-01 00:00:00;--; ; ;-;--; 
4501;--;'1970-01-01 00:00:00;--; ; ;-;--; 
4502;--;'1970-01-01 00:00:00;--; ; ;-;--; 
4503;--;'1970-01-01 00:00:00;--; ; ;-;--; 
4504;--;'1970-01-01 00:00:00;--; ; ;-;--; 
4505;--;'1970-01-01 00:00:00;--; ; ;-;--; 
4506;--;'1970-01-01 00:00:00;--; ; ;-;--; 
4507;--;'1970-01-01 00:00:00;--; ; ;-;--; 
4508;--;'1970-01-01 00:00:00;--; ; ;-;--; 
4509;--;'1970-01-01 00:00:00;--; ; ;-;--; 
4510;--;'1970-01-01 00:00:00;--; ; ;-;--; 
4511;--;'1970-01-01 00:00:00;--; ; ;-;--; 
4512;--;'1970-01-01 00:00:00;--; ; ;-;--; 
4513;--;'1970-01-01 00:00:00;--; ; ;-;--; 
4514;--;'1970-01-01 00:00:00;--; ; ;-;--; 
4515;--;'1970-01-01 00:00:00;--; ; ;-;--; 
4516;--;'1970-01-01 00:00:00;--; ; ;-;--; 
4517;--;'1970-01-01 00:00:00;--; ; ;-;--; 
4518;--;'1970-01-01 00:00:00;--; ; ;-;--; 
4519;--;'1970-01-01 00:00:00;--; ; ;-;--; 
4520;--;'1970-01-01 00:00:00;--; ; ;-;--; 
4521;--;'1970-01-01 00:00:00;--; ; ;-;--; 
4522;--;'1970-01-01 00:00:00;--; ; ;-;--; 
4523;--;'1970-01-01 00:00:00;--; ; ;-;--; 
4524;--;'1970-01-01 00:00:00;--; ; ;-;--; 
4525;--;'1970-01-01 00:00:00;--; ; ;-;--; 
4526;--;'1970-01-01 00:00:00;--; ; ;-;--; 
4527;--;'1970-01-01 00:00:00;--; ; ;-;--; 
4528;--;'1970-01-01 00:00:00;--; ; ;-;--; 
4529;--;'1970-01-01 00:00:00;--; ; ;-;--; 
4530;--;'1970-01-01 00:00:00;--; ; ;-;--; 
4531;--;'1970-01-01 00:00:00;--; ; ;-;--; 
4532;--;'1970-01-01 00:00:00;--; ; ;-;--; 
4533;--;'1970-01-01 00:00:00;--; ; ;-;--; 
4534;--;'1970-01-01 00:00:00;--; ; ;-;--; 
4535;--;'1970-01-01 00:00:00;--; ; ;-;--; 
4536;--;'1970-01-01 00:00:00;--; ; ;-;--; 
4537;--;'1970-01-01 00:00:00;--; ; ;-;--; 
4538;--;'1970-01-01 00:00:00;--; ; ;-;--; 
4539;--;'1970-01-01 00:00:00;--; ; ;-;--; 
4540;--;'1970-01-01 00:00:00;--; ; ;-;--; 
4541;--;'1970-01-01 00:00:00;--; ; ;-;--; 
4542;--;'1970-01-01 00:00:00;--; ; ;-;--; 
4543;--;'1970-01-01 00:00:00;--; ; ;-;--; 
4544;--;'1970-01-01 00:00:00;--; ; ;-;--; 
4545;--;'1970-01-01 00:00:00;--; ; ;-;--; 
4546;--;'1970-01-01 00:00:00;--; ; ;-;--; 
4547;--;'1970-01-01 00:00:00;--; ; ;-;--; 
4548;--;'1970-01-01 00:00:00;--; ; ;-;--; 
4549;--;'1970-01-01 00:00:00;--; ; ;-;--; 
4550;--;'1970-01-01 00:00:00;--; ; ;-;--; 
4551;--;'1970-01-01 00:00:00;--; ; ;-;--; 
4552;--;'1970-01-01 00:00:00;--; ; ;-;--; 
4553;--;'1970-01-01 00:00:00;--; ; ;-;--; 
4554;--;'1970-01-01 00:00:00;--; ; ;-;--; 
4555;--;'1970-01-01 00:00:00;--; ; ;-;--; 
4556;--;'1970-01-01 00:00:00;--; ; ;-;--; 
4557;--;'1970-01-01 00:00:00;--; ; ;-;--; 
4558;--;'1970-01-01 00:00:00;--; ; ;-;--; 
4559;--;'1970-01-01 00:00:00;--; ; ;-;--; 
4560;--;'1970-01-01 00:00:00;--; ; ;-;--; 
4561;--;'1970-01-01 00:00:00;--; ; ;-;--; 
4562;--;'1970-01-01 00:00:00;--; ; ;-;--; 
4563;--;'1970-01-01 00:00:00;--; ; ;-;--; 
4564;--;'1970-01-01 00:00:00;--; ; ;-;--; 
4565;--;'1970-01-01 00:00:00;--; ; ;-;--; 
4566;--;'1970-01-01 00:00:00;--; ; ;-;--; 
4567;--;'1970-01-01 00:00:00;--; ; ;-;--; 
4568;--;'1970-01-01 00:00:00;--; ; ;-;--; 
4569;--;'1970-01-01 00:00:00;--; ; ;-;--; 
4570;--;'1970-01-01 00:00:00;--; ; ;-;--; 
4571;--;'1970-01-01 00:00:00;--; ; ;-;--; 
4572;--;'1970-01-01 00:00:00;--; ; ;-;--; 
4573;--;'1970-01-01 00:00:00;--; ; ;-;--; 
4574;--;'1970-01-01 00:00:00;--; ; ;-;--; 
4575;--;'1970-01-01 00:00:00;--; ; ;-;--; 
4576;--;'1970-01-01 00:00:00;--; ; ;-;--; 
4577;--;'1970-01-01 00:00:00;--; ; ;-;--; 
4578;--;'1970-01-01 00:00:00;--; ; ;-;--; 
4579;--;'1970-01-01 00:00:00;--; ; ;-;--; 
4580;--;'1970-01-01 00:00:00;--; ; ;-;--; 
4581;--;'1970-01-01 00:00:00;--; ; ;-;--; 
4582;--;'1970-01-01 00:00:00;--; ; ;-;--; 
4583;--;'1970-01-01 00:00:00;--; ; ;-;--; 
4584;--;'1970-01-01 00:00:00;--; ; ;-;--; 
4585;--;'1970-01-01 00:00:00;--; ; ;-;--; 
4586;--;'1970-01-01 00:00:00;--; ; ;-;--; 
4587;--;'1970-01-01 00:00:00;--; ; ;-;--; 
4588;--;'1970-01-01 00:00:00;--; ; ;-;--; 
4589;--;'1970-01-01 00:00:00;--; ; ;-;--; 
4590;--;'1970-01-01 00:00:00;--; ; ;-;--; 
4591;--;'1970-01-01 00:00:00;--; ; ;-;--; 
4592;--;'1970-01-01 00:00:00;--; ; ;-;--; 
4593;--;'1970-01-01 00:00:00;--; ; ;-;--; 
4594;--;'1970-01-01 00:00:00;--; ; ;-;--; 
4595;--;'1970-01-01 00:00:00;--; ; ;-;--; 
4596;--;'1970-01-01 00:00:00;--; ; ;-;--; 
4597;--;'1970-01-01 00:00:00;--; ; ;-;--; 
4598;--;'1970-01-01 00:00:00;--; ; ;-;--; 
4599;--;'1970-01-01 00:00:00;--; ; ;-;--; 
4600;--;'1970-01-01 00:00:00;--; ; ;-;--; 
4601;--;'1970-01-01 00:00:00;--; ; ;-;--; 
4602;--;'1970-01-01 00:00:00;--; ; ;-;--; 
4603;--;'1970-01-01 00:00:00;--; ; ;-;--; 
4604;--;'1970-01-01 00:00:00;--; ; ;-;--; 
4605;--;'1970-01-01 00:00:00;--; ; ;-;--; 
4606;--;'1970-01-01 00:00:00;--; ; ;-;--; 
4607;--;'1970-01-01 00:00:00;--; ; ;-;--; 
4608;--;'1970-01-01 00:00:00;--; ; ;-;--; 
4609;--;'1970-01-01 00:00:00;--; ; ;-;--; 
4610;--;'1970-01-01 00:00:00;--; ; ;-;--; 
4611;--;'1970-01-01 00:00:00;--; ; ;-;--; 
4612;--;'1970-01-01 00:00:00;--; ; ;-;--; 
4613;--;'1970-01-01 00:00:00;--; ; ;-;--; 
4614;--;'1970-01-01 00:00:00;--; ; ;-;--; 
4615;--;'1970-01-01 00:00:00;--; ; ;-;--; 
4616;--;'1970-01-01 00:00:00;--; ; ;-;--; 
4617;--;'1970-01-01 00:00:00;--; ; ;-;--; 
4618;--;'1970-01-01 00:00:00;--; ; ;-;--; 
4619;--;'1970-01-01 00:00:00;--; ; ;-;--; 
4620;--;'1970-01-01 00:00:00;--; ; ;-;--; 
4621;--;'1970-01-01 00:00:00;--; ; ;-;--; 
4622;--;'1970-01-01 00:00:00;--; ; ;-;--; 
4623;--;'1970-01-01 00:00:00;--; ; ;-;--; 
4624;--;'1970-01-01 00:00:00;--; ; ;-;--; 
4625;--;'1970-01-01 00:00:00;--; ; ;-;--; 
4626;--;'1970-01-01 00:00:00;--; ; ;-;--; 
4627;--;'1970-01-01 00:00:00;--; ; ;-;--; 
4628;--;'1970-01-01 00:00:00;--; ; ;-;--; 
4629;--;'1970-01-01 00:00:00;--; ; ;-;--; 
4630;--;'1970-01-01 00:00:00;--; ; ;-;--; 
4631;--;'1970-01-01 00:00:00;--; ; ;-;--; 
4632;--;'1970-01-01 00:00:00;--; ; ;-;--; 
4633;--;'1970-01-01 00:00:00;--; ; ;-;--; 
4634;--;'1970-01-01 00:00:00;--; ; ;-;--; 
4635;--;'1970-01-01 00:00:00;--; ; ;-;--; 
4636;--;'1970-01-01 00:00:00;--; ; ;-;--; 
4637;--;'1970-01-01 00:00:00;--; ; ;-;--; 
4638;--;'1970-01-01 00:00:00;--; ; ;-;--; 
4639;--;'1970-01-01 00:00:00;--; ; ;-;--; 
4640;--;'1970-01-01 00:00:00;--; ; ;-;--; 
4641;--;'1970-01-01 00:00:00;--; ; ;-;--; 
4642;--;'1970-01-01 00:00:00;--; ; ;-;--; 
4643;--;'1970-01-01 00:00:00;--; ; ;-;--; 
4644;--;'1970-01-01 00:00:00;--; ; ;-;--; 
4645;--;'1970-01-01 00:00:00;--; ; ;-;--; 
4646;--;'1970-01-01 00:00:00;--; ; ;-;--; 
4647;--;'1970-01-01 00:00:00;--; ; ;-;--; 
4648;--;'1970-01-01 00:00:00;--; ; ;-;--; 
4649;--;'1970-01-01 00:00:00;--; ; ;-;--; 
4650;--;'1970-01-01 00:00:00;--; ; ;-;--; 
4651;--;'1970-01-01 00:00:00;--; ; ;-;--; 
4652;--;'1970-01-01 00:00:00;--; ; ;-;--; 
4653;--;'1970-01-01 00:00:00;--; ; ;-;--; 
4654;--;'1970-01-01 00:00:00;--; ; ;-;--; 
4655;--;'1970-01-01 00:00:00;--; ; ;-;--; 
4656;--;'1970-01-01 00:00:00;--; ; ;-;--; 
4657;--;'1970-01-01 00:00:00;--; ; ;-;--; 
4658;--;'1970-01-01 00:00:00;--; ; ;-;--; 
4659;--;'1970-01-01 00:00:00;--; ; ;-;--; 
4660;--;'1970-01-01 00:00:00;--; ; ;-;--; 
4661;--;'1970-01-01 00:00:00;--; ; ;-;--; 
4662;--;'1970-01-01 00:00:00;--; ; ;-;--; 
4663;--;'1970-01-01 00:00:00;--; ; ;-;--; 
4664;--;'1970-01-01 00:00:00;--; ; ;-;--; 
4665;--;'1970-01-01 00:00:00;--; ; ;-;--; 
4666;--;'1970-01-01 00:00:00;--; ; ;-;--; 
4667;--;'1970-01-01 00:00:00;--; ; ;-;--; 
4668;--;'1970-01-01 00:00:00;--; ; ;-;--; 
4669;--;'1970-01-01 00:00:00;--; ; ;-;--; 
4670;--;'1970-01-01 00:00:00;--; ; ;-;--; 
4671;--;'1970-01-01 00:00:00;--; ; ;-;--; 
4672;--;'1970-01-01 00:00:00;--; ; ;-;--; 
4673;--;'1970-01-01 00:00:00;--; ; ;-;--; 
4674;--;'1970-01-01 00:00:00;--; ; ;-;--; 
4675;--;'1970-01-01 00:00:00;--; ; ;-;--; 
4676;--;'1970-01-01 00:00:00;--; ; ;-;--; 
4677;--;'1970-01-01 00:00:00;--; ; ;-;--; 
4678;--;'1970-01-01 00:00:00;--; ; ;-;--; 
4679;--;'1970-01-01 00:00:00;--; ; ;-;--; 
4680;--;'1970-01-01 00:00:00;--; ; ;-;--; 
4681;--;'1970-01-01 00:00:00;--; ; ;-;--; 
4682;--;'1970-01-01 00:00:00;--; ; ;-;--; 
4683;--;'1970-01-01 00:00:00;--; ; ;-;--; 
4684;--;'1970-01-01 00:00:00;--; ; ;-;--; 
4685;--;'1970-01-01 00:00:00;--; ; ;-;--; 
4686;--;'1970-01-01 00:00:00;--; ; ;-;--; 
4687;--;'1970-01-01 00:00:00;--; ; ;-;--; 
4688;--;'1970-01-01 00:00:00;--; ; ;-;--; 
4689;--;'1970-01-01 00:00:00;--; ; ;-;--; 
4690;--;'1970-01-01 00:00:00;--; ; ;-;--; 
4691;--;'1970-01-01 00:00:00;--; ; ;-;--; 
4692;--;'1970-01-01 00:00:00;--; ; ;-;--; 
4693;--;'1970-01-01 00:00:00;--; ; ;-;--; 
4694;--;'1970-01-01 00:00:00;--; ; ;-;--; 
4695;--;'1970-01-01 00:00:00;--; ; ;-;--; 
4696;--;'1970-01-01 00:00:00;--; ; ;-;--; 
4697;--;'1970-01-01 00:00:00;--; ; ;-;--; 
4698;--;'1970-01-01 00:00:00;--; ; ;-;--; 
4699;--;'1970-01-01 00:00:00;--; ; ;-;--; 
4700;--;'1970-01-01 00:00:00;--; ; ;-;--; 
4701;--;'1970-01-01 00:00:00;--; ; ;-;--; 
4702;--;'1970-01-01 00:00:00;--; ; ;-;--; 
4703;--;'1970-01-01 00:00:00;--; ; ;-;--; 
4704;--;'1970-01-01 00:00:00;--; ; ;-;--; 
4705;--;'1970-01-01 00:00:00;--; ; ;-;--; 
4706;--;'1970-01-01 00:00:00;--; ; ;-;--; 
4707;--;'1970-01-01 00:00:00;--; ; ;-;--; 
4708;--;'1970-01-01 00:00:00;--; ; ;-;--; 
4709;--;'1970-01-01 00:00:00;--; ; ;-;--; 
4710;--;'1970-01-01 00:00:00;--; ; ;-;--; 
4711;--;'1970-01-01 00:00:00;--; ; ;-;--; 
4712;--;'1970-01-01 00:00:00;--; ; ;-;--; 
4713;--;'1970-01-01 00:00:00;--; ; ;-;--; 
4714;--;'1970-01-01 00:00:00;--; ; ;-;--; 
4715;--;'1970-01-01 00:00:00;--; ; ;-;--; 
4716;--;'1970-01-01 00:00:00;--; ; ;-;--; 
4717;--;'1970-01-01 00:00:00;--; ; ;-;--; 
4718;--;'1970-01-01 00:00:00;--; ; ;-;--; 
4719;--;'1970-01-01 00:00:00;--; ; ;-;--; 
4720;--;'1970-01-01 00:00:00;--; ; ;-;--; 
4721;--;'1970-01-01 00:00:00;--; ; ;-;--; 
4722;--;'1970-01-01 00:00:00;--; ; ;-;--; 
4723;--;'1970-01-01 00:00:00;--; ; ;-;--; 
4724;--;'1970-01-01 00:00:00;--; ; ;-;--; 
4725;--;'1970-01-01 00:00:00;--; ; ;-;--; 
4726;--;'1970-01-01 00:00:00;--; ; ;-;--; 
4727;--;'1970-01-01 00:00:00;--; ; ;-;--; 
4728;--;'1970-01-01 00:00:00;--; ; ;-;--; 
4729;--;'1970-01-01 00:00:00;--; ; ;-;--; 
4730;--;'1970-01-01 00:00:00;--; ; ;-;--; 
4731;--;'1970-01-01 00:00:00;--; ; ;-;--; 
4732;--;'1970-01-01 00:00:00;--; ; ;-;--; 
4733;--;'1970-01-01 00:00:00;--; ; ;-;--; 
4734;--;'1970-01-01 00:00:00;--; ; ;-;--; 
4735;--;'1970-01-01 00:00:00;--; ; ;-;--; 
4736;--;'1970-01-01 00:00:00;--; ; ;-;--; 
4737;--;'1970-01-01 00:00:00;--; ; ;-;--; 
4738;--;'1970-01-01 00:00:00;--; ; ;-;--; 
4739;--;'1970-01-01 00:00:00;--; ; ;-;--; 
4740;--;'1970-01-01 00:00:00;--; ; ;-;--; 
4741;--;'1970-01-01 00:00:00;--; ; ;-;--; 
4742;--;'1970-01-01 00:00:00;--; ; ;-;--; 
4743;--;'1970-01-01 00:00:00;--; ; ;-;--; 
4744;--;'1970-01-01 00:00:00;--; ; ;-;--; 
4745;--;'1970-01-01 00:00:00;--; ; ;-;--; 
4746;--;'1970-01-01 00:00:00;--; ; ;-;--; 
4747;--;'1970-01-01 00:00:00;--; ; ;-;--; 
4748;--;'1970-01-01 00:00:00;--; ; ;-;--; 
4749;--;'1970-01-01 00:00:00;--; ; ;-;--; 
4750;--;'1970-01-01 00:00:00;--; ; ;-;--; 
4751;--;'1970-01-01 00:00:00;--; ; ;-;--; 
4752;--;'1970-01-01 00:00:00;--; ; ;-;--; 
4753;--;'1970-01-01 00:00:00;--; ; ;-;--; 
4754;--;'1970-01-01 00:00:00;--; ; ;-;--; 
4755;--;'1970-01-01 00:00:00;--; ; ;-;--; 
4756;--;'1970-01-01 00:00:00;--; ; ;-;--; 
4757;--;'1970-01-01 00:00:00;--; ; ;-;--; 
4758;--;'1970-01-01 00:00:00;--; ; ;-;--; 
4759;--;'1970-01-01 00:00:00;--; ; ;-;--; 
4760;--;'1970-01-01 00:00:00;--; ; ;-;--; 
4761;--;'1970-01-01 00:00:00;--; ; ;-;--; 
4762;--;'1970-01-01 00:00:00;--; ; ;-;--; 
4763;--;'1970-01-01 00:00:00;--; ; ;-;--; 
4764;--;'1970-01-01 00:00:00;--; ; ;-;--; 
4765;--;'1970-01-01 00:00:00;--; ; ;-;--; 
4766;--;'1970-01-01 00:00:00;--; ; ;-;--; 
4767;--;'1970-01-01 00:00:00;--; ; ;-;--; 
4768;--;'1970-01-01 00:00:00;--; ; ;-;--; 
4769;--;'1970-01-01 00:00:00;--; ; ;-;--; 
4770;--;'1970-01-01 00:00:00;--; ; ;-;--; 
4771;--;'1970-01-01 00:00:00;--; ; ;-;--; 
4772;--;'1970-01-01 00:00:00;--; ; ;-;--; 
4773;--;'1970-01-01 00:00:00;--; ; ;-;--; 
4774;--;'1970-01-01 00:00:00;--; ; ;-;--; 
4775;--;'1970-01-01 00:00:00;--; ; ;-;--; 
4776;--;'1970-01-01 00:00:00;--; ; ;-;--; 
4777;--;'1970-01-01 00:00:00;--; ; ;-;--; 
4778;--;'1970-01-01 00:00:00;--; ; ;-;--; 
4779;--;'1970-01-01 00:00:00;--; ; ;-;--; 
4780;--;'1970-01-01 00:00:00;--; ; ;-;--; 
4781;--;'1970-01-01 00:00:00;--; ; ;-;--; 
4782;--;'1970-01-01 00:00:00;--; ; ;-;--; 
4783;--;'1970-01-01 00:00:00;--; ; ;-;--; 
4784;--;'1970-01-01 00:00:00;--; ; ;-;--; 
4785;--;'1970-01-01 00:00:00;--; ; ;-;--; 
4786;--;'1970-01-01 00:00:00;--; ; ;-;--; 
4787;--;'1970-01-01 00:00:00;--; ; ;-;--; 
4788;--;'1970-01-01 00:00:00;--; ; ;-;--; 
4789;--;'1970-01-01 00:00:00;--; ; ;-;--; 
4790;--;'1970-01-01 00:00:00;--; ; ;-;--; 
4791;--;'1970-01-01 00:00:00;--; ; ;-;--; 
4792;--;'1970-01-01 00:00:00;--; ; ;-;--; 
4793;--;'1970-01-01 00:00:00;--; ; ;-;--; 
4794;--;'1970-01-01 00:00:00;--; ; ;-;--; 
4795;--;'1970-01-01 00:00:00;--; ; ;-;--; 
4796;--;'1970-01-01 00:00:00;--; ; ;-;--; 
4797;--;'1970-01-01 00:00:00;--; ; ;-;--; 
4798;--;'1970-01-01 00:00:00;--; ; ;-;--; 
4799;--;'1970-01-01 00:00:00;--; ; ;-;--; 
4800;--;'1970-01-01 00:00:00;--; ; ;-;--; 
4801;--;'1970-01-01 00:00:00;--; ; ;-;--; 
4802;--;'1970-01-01 00:00:00;--; ; ;-;--; 
4803;--;'1970-01-01 00:00:00;--; ; ;-;--; 
4804;--;'1970-01-01 00:00:00;--; ; ;-;--; 
4805;--;'1970-01-01 00:00:00;--; ; ;-;--; 
4806;--;'1970-01-01 00:00:00;--; ; ;-;--; 
4807;--;'1970-01-01 00:00:00;--; ; ;-;--; 
4808;--;'1970-01-01 00:00:00;--; ; ;-;--; 
4809;--;'1970-01-01 00:00:00;--; ; ;-;--; 
4810;--;'1970-01-01 00:00:00;--; ; ;-;--; 
4811;--;'1970-01-01 00:00:00;--; ; ;-;--; 
4812;--;'1970-01-01 00:00:00;--; ; ;-;--; 
4813;--;'1970-01-01 00:00:00;--; ; ;-;--; 
4814;--;'1970-01-01 00:00:00;--; ; ;-;--; 
4815;--;'1970-01-01 00:00:00;--; ; ;-;--; 
4816;--;'1970-01-01 00:00:00;--; ; ;-;--; 
4817;--;'1970-01-01 00:00:00;--; ; ;-;--; 
4818;--;'1970-01-01 00:00:00;--; ; ;-;--; 
4819;--;'1970-01-01 00:00:00;--; ; ;-;--; 
4820;--;'1970-01-01 00:00:00;--; ; ;-;--; 
4821;--;'1970-01-01 00:00:00;--; ; ;-;--; 
4822;--;'1970-01-01 00:00:00;--; ; ;-;--; 
4823;--;'1970-01-01 00:00:00;--; ; ;-;--; 
4824;--;'1970-01-01 00:00:00;--; ; ;-;--; 
4825;--;'1970-01-01 00:00:00;--; ; ;-;--; 
4826;--;'1970-01-01 00:00:00;--; ; ;-;--; 
4827;--;'1970-01-01 00:00:00;--; ; ;-;--; 
4828;--;'1970-01-01 00:00:00;--; ; ;-;--; 
4829;--;'1970-01-01 00:00:00;--; ; ;-;--; 
4830;--;'1970-01-01 00:00:00;--; ; ;-;--; 
4831;--;'1970-01-01 00:00:00;--; ; ;-;--; 
4832;--;'1970-01-01 00:00:00;--; ; ;-;--; 
4833;--;'1970-01-01 00:00:00;--; ; ;-;--; 
4834;--;'1970-01-01 00:00:00;--; ; ;-;--; 
4835;--;'1970-01-01 00:00:00;--; ; ;-;--; 
4836;--;'1970-01-01 00:00:00;--; ; ;-;--; 
4837;--;'1970-01-01 00:00:00;--; ; ;-;--; 
4838;--;'1970-01-01 00:00:00;--; ; ;-;--; 
4839;--;'1970-01-01 00:00:00;--; ; ;-;--; 
4840;--;'1970-01-01 00:00:00;--; ; ;-;--; 
4841;--;'1970-01-01 00:00:00;--; ; ;-;--; 
4842;--;'1970-01-01 00:00:00;--; ; ;-;--; 
4843;--;'1970-01-01 00:00:00;--; ; ;-;--; 
4844;--;'1970-01-01 00:00:00;--; ; ;-;--; 
4845;--;'1970-01-01 00:00:00;--; ; ;-;--; 
4846;--;'1970-01-01 00:00:00;--; ; ;-;--; 
4847;--;'1970-01-01 00:00:00;--; ; ;-;--; 
4848;--;'1970-01-01 00:00:00;--; ; ;-;--; 
4849;--;'1970-01-01 00:00:00;--; ; ;-;--; 
4850;--;'1970-01-01 00:00:00;--; ; ;-;--; 
4851;--;'1970-01-01 00:00:00;--; ; ;-;--; 
4852;--;'1970-01-01 00:00:00;--; ; ;-;--; 
4853;--;'1970-01-01 00:00:00;--; ; ;-;--; 
4854;--;'1970-01-01 00:00:00;--; ; ;-;--; 
4855;--;'1970-01-01 00:00:00;--; ; ;-;--; 
4856;--;'1970-01-01 00:00:00;--; ; ;-;--; 
4857;--;'1970-01-01 00:00:00;--; ; ;-;--; 
4858;--;'1970-01-01 00:00:00;--; ; ;-;--; 
4859;--;'1970-01-01 00:00:00;--; ; ;-;--; 
4860;--;'1970-01-01 00:00:00;--; ; ;-;--; 
4861;--;'1970-01-01 00:00:00;--; ; ;-;--; 
4862;--;'1970-01-01 00:00:00;--; ; ;-;--; 
4863;--;'1970-01-01 00:00:00;--; ; ;-;--; 
4864;--;'1970-01-01 00:00:00;--; ; ;-;--; 
4865;--;'1970-01-01 00:00:00;--; ; ;-;--; 
4866;--;'1970-01-01 00:00:00;--; ; ;-;--; 
4867;--;'1970-01-01 00:00:00;--; ; ;-;--; 
4868;--;'1970-01-01 00:00:00;--; ; ;-;--; 
4869;--;'1970-01-01 00:00:00;--; ; ;-;--; 
4870;--;'1970-01-01 00:00:00;--; ; ;-;--; 
4871;--;'1970-01-01 00:00:00;--; ; ;-;--; 
4872;--;'1970-01-01 00:00:00;--; ; ;-;--; 
4873;--;'1970-01-01 00:00:00;--; ; ;-;--; 
4874;--;'1970-01-01 00:00:00;--; ; ;-;--; 
4875;--;'1970-01-01 00:00:00;--; ; ;-;--; 
4876;--;'1970-01-01 00:00:00;--; ; ;-;--; 
4877;--;'1970-01-01 00:00:00;--; ; ;-;--; 
4878;--;'1970-01-01 00:00:00;--; ; ;-;--; 
4879;--;'1970-01-01 00:00:00;--; ; ;-;--; 
4880;--;'1970-01-01 00:00:00;--; ; ;-;--; 
4881;--;'1970-01-01 00:00:00;--; ; ;-;--; 
4882;--;'1970-01-01 00:00:00;--; ; ;-;--; 
4883;--;'1970-01-01 00:00:00;--; ; ;-;--; 
4884;--;'1970-01-01 00:00:00;--; ; ;-;--; 
4885;--;'1970-01-01 00:00:00;--; ; ;-;--; 
4886;--;'1970-01-01 00:00:00;--; ; ;-;--; 
4887;--;'1970-01-01 00:00:00;--; ; ;-;--; 
4888;--;'1970-01-01 00:00:00;--; ; ;-;--; 
4889;--;'1970-01-01 00:00:00;--; ; ;-;--; 
4890;--;'1970-01-01 00:00:00;--; ; ;-;--; 
4891;--;'1970-01-01 00:00:00;--; ; ;-;--; 
4892;--;'1970-01-01 00:00:00;--; ; ;-;--; 
4893;--;'1970-01-01 00:00:00;--; ; ;-;--; 
4894;--;'1970-01-01 00:00:00;--; ; ;-;--; 
4895;--;'1970-01-01 00:00:00;--; ; ;-;--; 
4896;--;'1970-01-01 00:00:00;--; ; ;-;--; 
4897;--;'1970-01-01 00:00:00;--; ; ;-;--; 
4898;--;'1970-01-01 00:00:00;--; ; ;-;--; 
4899;--;'1970-01-01 00:00:00;--; ; ;-;--; 
4900;--;'1970-01-01 00:00:00;--; ; ;-;--; 
4901;--;'1970-01-01 00:00:00;--; ; ;-;--; 
4902;--;'1970-01-01 00:00:00;--; ; ;-;--; 
4903;--;'1970-01-01 00:00:00;--; ; ;-;--; 
4904;--;'1970-01-01 00:00:00;--; ; ;-;--; 
4905;--;'1970-01-01 00:00:00;--; ; ;-;--; 
4906;--;'1970-01-01 00:00:00;--; ; ;-;--; 
4907;--;'1970-01-01 00:00:00;--; ; ;-;--; 
4908;--;'1970-01-01 00:00:00;--; ; ;-;--; 
4909;--;'1970-01-01 00:00:00;--; ; ;-;--; 
4910;--;'1970-01-01 00:00:00;--; ; ;-;--; 
4911;--;'1970-01-01 00:00:00;--; ; ;-;--; 
4912;--;'1970-01-01 00:00:00;--; ; ;-;--; 
4913;--;'1970-01-01 00:00:00;--; ; ;-;--; 
4914;--;'1970-01-01 00:00:00;--; ; ;-;--; 
4915;--;'1970-01-01 00:00:00;--; ; ;-;--; 
4916;--;'1970-01-01 00:00:00;--; ; ;-;--; 
4917;--;'1970-01-01 00:00:00;--; ; ;-;--; 
4918;--;'1970-01-01 00:00:00;--; ; ;-;--; 
4919;--;'1970-01-01 00:00:00;--; ; ;-;--; 
4920;--;'1970-01-01 00:00:00;--; ; ;-;--; 
4921;--;'1970-01-01 00:00:00;--; ; ;-;--; 
4922;--;'1970-01-01 00:00:00;--; ; ;-;--; 
4923;--;'1970-01-01 00:00:00;--; ; ;-;--; 
4924;--;'1970-01-01 00:00:00;--; ; ;-;--; 
4925;--;'1970-01-01 00:00:00;--; ; ;-;--; 
4926;--;'1970-01-01 00:00:00;--; ; ;-;--; 
4927;--;'1970-01-01 00:00:00;--; ; ;-;--; 
4928;--;'1970-01-01 00:00:00;--; ; ;-;--; 
4929;--;'1970-01-01 00:00:00;--; ; ;-;--; 
4930;--;'1970-01-01 00:00:00;--; ; ;-;--; 
4931;--;'1970-01-01 00:00:00;--; ; ;-;--; 
4932;--;'1970-01-01 00:00:00;--; ; ;-;--; 
4933;--;'1970-01-01 00:00:00;--; ; ;-;--; 
4934;--;'1970-01-01 00:00:00;--; ; ;-;--; 
4935;--;'1970-01-01 00:00:00;--; ; ;-;--; 
4936;--;'1970-01-01 00:00:00;--; ; ;-;--; 
4937;--;'1970-01-01 00:00:00;--; ; ;-;--; 
4938;--;'1970-01-01 00:00:00;--; ; ;-;--; 
4939;--;'1970-01-01 00:00:00;--; ; ;-;--; 
4940;--;'1970-01-01 00:00:00;--; ; ;-;--; 
4941;--;'1970-01-01 00:00:00;--; ; ;-;--; 
4942;--;'1970-01-01 00:00:00;--; ; ;-;--; 
4943;--;'1970-01-01 00:00:00;--; ; ;-;--; 
4944;--;'1970-01-01 00:00:00;--; ; ;-;--; 
4945;--;'1970-01-01 00:00:00;--; ; ;-;--; 
4946;--;'1970-01-01 00:00:00;--; ; ;-;--; 
4947;--;'1970-01-01 00:00:00;--; ; ;-;--; 
4948;--;'1970-01-01 00:00:00;--; ; ;-;--; 
4949;--;'1970-01-01 00:00:00;--; ; ;-;--; 
4950;--;'1970-01-01 00:00:00;--; ; ;-;--; 
4951;--;'1970-01-01 00:00:00;--; ; ;-;--; 
4952;--;'1970-01-01 00:00:00;--; ; ;-;--; 
4953;--;'1970-01-01 00:00:00;--; ; ;-;--; 
4954;--;'1970-01-01 00:00:00;--; ; ;-;--; 
4955;--;'1970-01-01 00:00:00;--; ; ;-;--; 
4956;--;'1970-01-01 00:00:00;--; ; ;-;--; 
4957;--;'1970-01-01 00:00:00;--; ; ;-;--; 
4958;--;'1970-01-01 00:00:00;--; ; ;-;--; 
4959;--;'1970-01-01 00:00:00;--; ; ;-;--; 
4960;--;'1970-01-01 00:00:00;--; ; ;-;--; 
4961;--;'1970-01-01 00:00:00;--; ; ;-;--; 
4962;--;'1970-01-01 00:00:00;--; ; ;-;--; 
4963;--;'1970-01-01 00:00:00;--; ; ;-;--; 
4964;--;'1970-01-01 00:00:00;--; ; ;-;--; 
4965;--;'1970-01-01 00:00:00;--; ; ;-;--; 
4966;--;'1970-01-01 00:00:00;--; ; ;-;--; 
4967;--;'1970-01-01 00:00:00;--; ; ;-;--; 
4968;--;'1970-01-01 00:00:00;--; ; ;-;--; 
4969;--;'1970-01-01 00:00:00;--; ; ;-;--; 
4970;--;'1970-01-01 00:00:00;--; ; ;-;--; 
4971;--;'1970-01-01 00:00:00;--; ; ;-;--; 
4972;--;'1970-01-01 00:00:00;--; ; ;-;--; 
4973;--;'1970-01-01 00:00:00;--; ; ;-;--; 
4974;--;'1970-01-01 00:00:00;--; ; ;-;--; 
4975;--;'1970-01-01 00:00:00;--; ; ;-;--; 
4976;--;'1970-01-01 00:00:00;--; ; ;-;--; 
4977;--;'1970-01-01 00:00:00;--; ; ;-;--; 
4978;--;'1970-01-01 00:00:00;--; ; ;-;--; 
4979;--;'1970-01-01 00:00:00;--; ; ;-;--; 
4980;--;'1970-01-01 00:00:00;--; ; ;-;--; 
4981;--;'1970-01-01 00:00:00;--; ; ;-;--; 
4982;--;'1970-01-01 00:00:00;--; ; ;-;--; 
4983;--;'1970-01-01 00:00:00;--; ; ;-;--; 
4984;--;'1970-01-01 00:00:00;--; ; ;-;--; 
4985;--;'1970-01-01 00:00:00;--; ; ;-;--; 
4986;--;'1970-01-01 00:00:00;--; ; ;-;--; 
4987;--;'1970-01-01 00:00:00;--; ; ;-;--; 
4988;--;'1970-01-01 00:00:00;--; ; ;-;--; 
4989;--;'1970-01-01 00:00:00;--; ; ;-;--; 
4990;--;'1970-01-01 00:00:00;--; ; ;-;--; 
4991;--;'1970-01-01 00:00:00;--; ; ;-;--; 
4992;--;'1970-01-01 00:00:00;--; ; ;-;--; 
4993;--;'1970-01-01 00:00:00;--; ; ;-;--; 
4994;--;'1970-01-01 00:00:00;--; ; ;-;--; 
4995;--;'1970-01-01 00:00:00;--; ; ;-;--; 
4996;--;'1970-01-01 00:00:00;--; ; ;-;--; 
4997;--;'1970-01-01 00:00:00;--; ; ;-;--; 
4998;--;'1970-01-01 00:00:00;--; ; ;-;--; 
4999;--;'1970-01-01 00:00:00;--; ; ;-;--; 
5000;--;'1970-01-01 00:00:00;--; ; ;-;--; 
5001;--;'1970-01-01 00:00:00;--; ; ;-;--; 
5002;--;'1970-01-01 00:00:00;--; ; ;-;--; 
5003;--;'1970-01-01 00:00:00;--; ; ;-;--; 
5004;--;'1970-01-01 00:00:00;--; ; ;-;--; 
5005;--;'1970-01-01 00:00:00;--; ; ;-;--; 
5006;--;'1970-01-01 00:00:00;--; ; ;-;--; 
5007;--;'1970-01-01 00:00:00;--; ; ;-;--; 
5008;--;'1970-01-01 00:00:00;--; ; ;-;--; 
5009;--;'1970-01-01 00:00:00;--; ; ;-;--; 
5010;--;'1970-01-01 00:00:00;--; ; ;-;--; 
5011;--;'1970-01-01 00:00:00;--; ; ;-;--; 
5012;--;'1970-01-01 00:00:00;--; ; ;-;--; 
5013;--;'1970-01-01 00:00:00;--; ; ;-;--; 
5014;--;'1970-01-01 00:00:00;--; ; ;-;--; 
5015;--;'1970-01-01 00:00:00;--; ; ;-;--; 
5016;--;'1970-01-01 00:00:00;--; ; ;-;--; 
5017;--;'1970-01-01 00:00:00;--; ; ;-;--; 
5018;--;'1970-01-01 00:00:00;--; ; ;-;--; 
5019;--;'1970-01-01 00:00:00;--; ; ;-;--; 
5020;--;'1970-01-01 00:00:00;--; ; ;-;--; 
5021;--;'1970-01-01 00:00:00;--; ; ;-;--; 
5022;--;'1970-01-01 00:00:00;--; ; ;-;--; 
5023;--;'1970-01-01 00:00:00;--; ; ;-;--; 
5024;--;'1970-01-01 00:00:00;--; ; ;-;--; 
5025;--;'1970-01-01 00:00:00;--; ; ;-;--; 
5026;--;'1970-01-01 00:00:00;--; ; ;-;--; 
5027;--;'1970-01-01 00:00:00;--; ; ;-;--; 
5028;--;'1970-01-01 00:00:00;--; ; ;-;--; 
5029;--;'1970-01-01 00:00:00;--; ; ;-;--; 
5030;--;'1970-01-01 00:00:00;--; ; ;-;--; 
5031;--;'1970-01-01 00:00:00;--; ; ;-;--; 
5032;--;'1970-01-01 00:00:00;--; ; ;-;--; 
5033;--;'1970-01-01 00:00:00;--; ; ;-;--; 
5034;--;'1970-01-01 00:00:00;--; ; ;-;--; 
5035;--;'1970-01-01 00:00:00;--; ; ;-;--; 
5036;--;'1970-01-01 00:00:00;--; ; ;-;--; 
5037;--;'1970-01-01 00:00:00;--; ; ;-;--; 
5038;--;'1970-01-01 00:00:00;--; ; ;-;--; 
5039;--;'1970-01-01 00:00:00;--; ; ;-;--; 
5040;--;'1970-01-01 00:00:00;--; ; ;-;--; 
5041;--;'1970-01-01 00:00:00;--; ; ;-;--; 
5042;--;'1970-01-01 00:00:00;--; ; ;-;--; 
5043;--;'1970-01-01 00:00:00;--; ; ;-;--; 
5044;--;'1970-01-01 00:00:00;--; ; ;-;--; 
5045;--;'1970-01-01 00:00:00;--; ; ;-;--; 
5046;--;'1970-01-01 00:00:00;--; ; ;-;--; 
5047;--;'1970-01-01 00:00:00;--; ; ;-;--; 
5048;--;'1970-01-01 00:00:00;--; ; ;-;--; 
5049;--;'1970-01-01 00:00:00;--; ; ;-;--; 
5050;--;'1970-01-01 00:00:00;--; ; ;-;--; 
5051;--;'1970-01-01 00:00:00;--; ; ;-;--; 
5052;--;'1970-01-01 00:00:00;--; ; ;-;--; 
5053;--;'1970-01-01 00:00:00;--; ; ;-;--; 
5054;--;'1970-01-01 00:00:00;--; ; ;-;--; 
5055;--;'1970-01-01 00:00:00;--; ; ;-;--; 
5056;--;'1970-01-01 00:00:00;--; ; ;-;--; 
5057;--;'1970-01-01 00:00:00;--; ; ;-;--; 
5058;--;'1970-01-01 00:00:00;--; ; ;-;--; 
5059;--;'1970-01-01 00:00:00;--; ; ;-;--; 
5060;--;'1970-01-01 00:00:00;--; ; ;-;--; 
5061;--;'1970-01-01 00:00:00;--; ; ;-;--; 
5062;--;'1970-01-01 00:00:00;--; ; ;-;--; 
5063;--;'1970-01-01 00:00:00;--; ; ;-;--; 
5064;--;'1970-01-01 00:00:00;--; ; ;-;--; 
5065;--;'1970-01-01 00:00:00;--; ; ;-;--; 
5066;--;'1970-01-01 00:00:00;--; ; ;-;--; 
5067;--;'1970-01-01 00:00:00;--; ; ;-;--; 
5068;--;'1970-01-01 00:00:00;--; ; ;-;--; 
5069;--;'1970-01-01 00:00:00;--; ; ;-;--; 
5070;--;'1970-01-01 00:00:00;--; ; ;-;--; 
5071;--;'1970-01-01 00:00:00;--; ; ;-;--; 
5072;--;'1970-01-01 00:00:00;--; ; ;-;--; 
5073;--;'1970-01-01 00:00:00;--; ; ;-;--; 
5074;--;'1970-01-01 00:00:00;--; ; ;-;--; 
5075;--;'1970-01-01 00:00:00;--; ; ;-;--; 
5076;--;'1970-01-01 00:00:00;--; ; ;-;--; 
5077;--;'1970-01-01 00:00:00;--; ; ;-;--; 
5078;--;'1970-01-01 00:00:00;--; ; ;-;--; 
5079;--;'1970-01-01 00:00:00;--; ; ;-;--; 
5080;--;'1970-01-01 00:00:00;--; ; ;-;--; 
5081;--;'1970-01-01 00:00:00;--; ; ;-;--; 
5082;--;'1970-01-01 00:00:00;--; ; ;-;--; 
5083;--;'1970-01-01 00:00:00;--; ; ;-;--; 
5084;--;'1970-01-01 00:00:00;--; ; ;-;--; 
5085;--;'1970-01-01 00:00:00;--; ; ;-;--; 
5086;--;'1970-01-01 00:00:00;--; ; ;-;--; 
5087;--;'1970-01-01 00:00:00;--; ; ;-;--; 
5088;--;'1970-01-01 00:00:00;--; ; ;-;--; 
5089;--;'1970-01-01 00:00:00;--; ; ;-;--; 
5090;--;'1970-01-01 00:00:00;--; ; ;-;--; 
5091;--;'1970-01-01 00:00:00;--; ; ;-;--; 
5092;--;'1970-01-01 00:00:00;--; ; ;-;--; 
5093;--;'1970-01-01 00:00:00;--; ; ;-;--; 
5094;--;'1970-01-01 00:00:00;--; ; ;-;--; 
5095;--;'1970-01-01 00:00:00;--; ; ;-;--; 
5096;--;'1970-01-01 00:00:00;--; ; ;-;--; 
5097;--;'1970-01-01 00:00:00;--; ; ;-;--; 
5098;--;'1970-01-01 00:00:00;--; ; ;-;--; 
5099;--;'1970-01-01 00:00:00;--; ; ;-;--; 
5100;--;'1970-01-01 00:00:00;--; ; ;-;--; 
5101;--;'1970-01-01 00:00:00;--; ; ;-;--; 
5102;--;'1970-01-01 00:00:00;--; ; ;-;--; 
5103;--;'1970-01-01 00:00:00;--; ; ;-;--; 
5104;--;'1970-01-01 00:00:00;--; ; ;-;--; 
5105;--;'1970-01-01 00:00:00;--; ; ;-;--; 
5106;--;'1970-01-01 00:00:00;--; ; ;-;--; 
5107;--;'1970-01-01 00:00:00;--; ; ;-;--; 
5108;--;'1970-01-01 00:00:00;--; ; ;-;--; 
5109;--;'1970-01-01 00:00:00;--; ; ;-;--; 
5110;--;'1970-01-01 00:00:00;--; ; ;-;--; 
5111;--;'1970-01-01 00:00:00;--; ; ;-;--; 
5112;--;'1970-01-01 00:00:00;--; ; ;-;--; 
5113;--;'1970-01-01 00:00:00;--; ; ;-;--; 
5114;--;'1970-01-01 00:00:00;--; ; ;-;--; 
5115;--;'1970-01-01 00:00:00;--; ; ;-;--; 
5116;--;'1970-01-01 00:00:00;--; ; ;-;--; 
5117;--;'1970-01-01 00:00:00;--; ; ;-;--; 
5118;--;'1970-01-01 00:00:00;--; ; ;-;--; 
5119;--;'1970-01-01 00:00:00;--; ; ;-;--; 
5120;--;'1970-01-01 00:00:00;--; ; ;-;--; 
5121;--;'1970-01-01 00:00:00;--; ; ;-;--; 
5122;--;'1970-01-01 00:00:00;--; ; ;-;--; 
5123;--;'1970-01-01 00:00:00;--; ; ;-;--; 
5124;--;'1970-01-01 00:00:00;--; ; ;-;--; 
5125;--;'1970-01-01 00:00:00;--; ; ;-;--; 
5126;--;'1970-01-01 00:00:00;--; ; ;-;--; 
5127;--;'1970-01-01 00:00:00;--; ; ;-;--; 
5128;--;'1970-01-01 00:00:00;--; ; ;-;--; 
5129;--;'1970-01-01 00:00:00;--; ; ;-;--; 
5130;--;'1970-01-01 00:00:00;--; ; ;-;--; 
5131;--;'1970-01-01 00:00:00;--; ; ;-;--; 
5132;--;'1970-01-01 00:00:00;--; ; ;-;--; 
5133;--;'1970-01-01 00:00:00;--; ; ;-;--; 
5134;--;'1970-01-01 00:00:00;--; ; ;-;--; 
5135;--;'1970-01-01 00:00:00;--; ; ;-;--; 
5136;--;'1970-01-01 00:00:00;--; ; ;-;--; 
5137;--;'1970-01-01 00:00:00;--; ; ;-;--; 
5138;--;'1970-01-01 00:00:00;--; ; ;-;--; 
5139;--;'1970-01-01 00:00:00;--; ; ;-;--; 
5140;--;'1970-01-01 00:00:00;--; ; ;-;--; 
5141;--;'1970-01-01 00:00:00;--; ; ;-;--; 
5142;--;'1970-01-01 00:00:00;--; ; ;-;--; 
5143;--;'1970-01-01 00:00:00;--; ; ;-;--; 
5144;--;'1970-01-01 00:00:00;--; ; ;-;--; 
5145;--;'1970-01-01 00:00:00;--; ; ;-;--; 
5146;--;'1970-01-01 00:00:00;--; ; ;-;--; 
5147;--;'1970-01-01 00:00:00;--; ; ;-;--; 
5148;--;'1970-01-01 00:00:00;--; ; ;-;--; 
5149;--;'1970-01-01 00:00:00;--; ; ;-;--; 
5150;--;'1970-01-01 00:00:00;--; ; ;-;--; 
5151;--;'1970-01-01 00:00:00;--; ; ;-;--; 
5152;--;'1970-01-01 00:00:00;--; ; ;-;--; 
5153;--;'1970-01-01 00:00:00;--; ; ;-;--; 
5154;--;'1970-01-01 00:00:00;--; ; ;-;--; 
5155;--;'1970-01-01 00:00:00;--; ; ;-;--; 
5156;--;'1970-01-01 00:00:00;--; ; ;-;--; 
5157;--;'1970-01-01 00:00:00;--; ; ;-;--; 
5158;--;'1970-01-01 00:00:00;--; ; ;-;--; 
5159;--;'1970-01-01 00:00:00;--; ; ;-;--; 
5160;--;'1970-01-01 00:00:00;--; ; ;-;--; 
5161;--;'1970-01-01 00:00:00;--; ; ;-;--; 
5162;--;'1970-01-01 00:00:00;--; ; ;-;--; 
5163;--;'1970-01-01 00:00:00;--; ; ;-;--; 
5164;--;'1970-01-01 00:00:00;--; ; ;-;--; 
5165;--;'1970-01-01 00:00:00;--; ; ;-;--; 
5166;--;'1970-01-01 00:00:00;--; ; ;-;--; 
5167;--;'1970-01-01 00:00:00;--; ; ;-;--; 
5168;--;'1970-01-01 00:00:00;--; ; ;-;--; 
5169;--;'1970-01-01 00:00:00;--; ; ;-;--; 
5170;--;'1970-01-01 00:00:00;--; ; ;-;--; 
5171;--;'1970-01-01 00:00:00;--; ; ;-;--; 
5172;--;'1970-01-01 00:00:00;--; ; ;-;--; 
5173;--;'1970-01-01 00:00:00;--; ; ;-;--; 
5174;--;'1970-01-01 00:00:00;--; ; ;-;--; 
5175;--;'1970-01-01 00:00:00;--; ; ;-;--; 
5176;--;'1970-01-01 00:00:00;--; ; ;-;--; 
5177;--;'1970-01-01 00:00:00;--; ; ;-;--; 
5178;--;'1970-01-01 00:00:00;--; ; ;-;--; 
5179;--;'1970-01-01 00:00:00;--; ; ;-;--; 
5180;--;'1970-01-01 00:00:00;--; ; ;-;--; 
5181;--;'1970-01-01 00:00:00;--; ; ;-;--; 
5182;--;'1970-01-01 00:00:00;--; ; ;-;--; 
5183;--;'1970-01-01 00:00:00;--; ; ;-;--; 
5184;--;'1970-01-01 00:00:00;--; ; ;-;--; 
5185;--;'1970-01-01 00:00:00;--; ; ;-;--; 
5186;--;'1970-01-01 00:00:00;--; ; ;-;--; 
5187;--;'1970-01-01 00:00:00;--; ; ;-;--; 
5188;--;'1970-01-01 00:00:00;--; ; ;-;--; 
5189;--;'1970-01-01 00:00:00;--; ; ;-;--; 
5190;--;'1970-01-01 00:00:00;--; ; ;-;--; 
5191;--;'1970-01-01 00:00:00;--; ; ;-;--; 
5192;--;'1970-01-01 00:00:00;--; ; ;-;--; 
5193;--;'1970-01-01 00:00:00;--; ; ;-;--; 
5194;--;'1970-01-01 00:00:00;--; ; ;-;--; 
5195;--;'1970-01-01 00:00:00;--; ; ;-;--; 
5196;--;'1970-01-01 00:00:00;--; ; ;-;--; 
5197;--;'1970-01-01 00:00:00;--; ; ;-;--; 
5198;--;'1970-01-01 00:00:00;--; ; ;-;--; 
5199;--;'1970-01-01 00:00:00;--; ; ;-;--; 
5200;--;'1970-01-01 00:00:00;--; ; ;-;--; 
5201;--;'1970-01-01 00:00:00;--; ; ;-;--; 
5202;--;'1970-01-01 00:00:00;--; ; ;-;--; 
5203;--;'1970-01-01 00:00:00;--; ; ;-;--; 
5204;--;'1970-01-01 00:00:00;--; ; ;-;--; 
5205;--;'1970-01-01 00:00:00;--; ; ;-;--; 
5206;--;'1970-01-01 00:00:00;--; ; ;-;--; 
5207;--;'1970-01-01 00:00:00;--; ; ;-;--; 
5208;--;'1970-01-01 00:00:00;--; ; ;-;--; 
5209;--;'1970-01-01 00:00:00;--; ; ;-;--; 
5210;--;'1970-01-01 00:00:00;--; ; ;-;--; 
5211;--;'1970-01-01 00:00:00;--; ; ;-;--; 
5212;--;'1970-01-01 00:00:00;--; ; ;-;--; 
5213;--;'1970-01-01 00:00:00;--; ; ;-;--; 
5214;--;'1970-01-01 00:00:00;--; ; ;-;--; 
5215;--;'1970-01-01 00:00:00;--; ; ;-;--; 
5216;--;'1970-01-01 00:00:00;--; ; ;-;--; 
5217;--;'1970-01-01 00:00:00;--; ; ;-;--; 
5218;--;'1970-01-01 00:00:00;--; ; ;-;--; 
5219;--;'1970-01-01 00:00:00;--; ; ;-;--; 
5220;--;'1970-01-01 00:00:00;--; ; ;-;--; 
5221;--;'1970-01-01 00:00:00;--; ; ;-;--; 
5222;--;'1970-01-01 00:00:00;--; ; ;-;--; 
5223;--;'1970-01-01 00:00:00;--; ; ;-;--; 
5224;--;'1970-01-01 00:00:00;--; ; ;-;--; 
5225;--;'1970-01-01 00:00:00;--; ; ;-;--; 
5226;--;'1970-01-01 00:00:00;--; ; ;-;--; 
5227;--;'1970-01-01 00:00:00;--; ; ;-;--; 
5228;--;'1970-01-01 00:00:00;--; ; ;-;--; 
5229;--;'1970-01-01 00:00:00;--; ; ;-;--; 
5230;--;'1970-01-01 00:00:00;--; ; ;-;--; 
5231;--;'1970-01-01 00:00:00;--; ; ;-;--; 
5232;--;'1970-01-01 00:00:00;--; ; ;-;--; 
5233;--;'1970-01-01 00:00:00;--; ; ;-;--; 
5234;--;'1970-01-01 00:00:00;--; ; ;-;--; 
5235;--;'1970-01-01 00:00:00;--; ; ;-;--; 
5236;--;'1970-01-01 00:00:00;--; ; ;-;--; 
5237;--;'1970-01-01 00:00:00;--; ; ;-;--; 
5238;--;'1970-01-01 00:00:00;--; ; ;-;--; 
5239;--;'1970-01-01 00:00:00;--; ; ;-;--; 
5240;--;'1970-01-01 00:00:00;--; ; ;-;--; 
5241;--;'1970-01-01 00:00:00;--; ; ;-;--; 
5242;--;'1970-01-01 00:00:00;--; ; ;-;--; 
5243;--;'1970-01-01 00:00:00;--; ; ;-;--; 
5244;--;'1970-01-01 00:00:00;--; ; ;-;--; 
5245;--;'1970-01-01 00:00:00;--; ; ;-;--; 
5246;--;'1970-01-01 00:00:00;--; ; ;-;--; 
5247;--;'1970-01-01 00:00:00;--; ; ;-;--; 
5248;--;'1970-01-01 00:00:00;--; ; ;-;--; 
5249;--;'1970-01-01 00:00:00;--; ; ;-;--; 
5250;--;'1970-01-01 00:00:00;--; ; ;-;--; 
5251;--;'1970-01-01 00:00:00;--; ; ;-;--; 
5252;--;'1970-01-01 00:00:00;--; ; ;-;--; 
5253;--;'1970-01-01 00:00:00;--; ; ;-;--; 
5254;--;'1970-01-01 00:00:00;--; ; ;-;--; 
5255;--;'1970-01-01 00:00:00;--; ; ;-;--; 
5256;--;'1970-01-01 00:00:00;--; ; ;-;--; 
5257;--;'1970-01-01 00:00:00;--; ; ;-;--; 
5258;--;'1970-01-01 00:00:00;--; ; ;-;--; 
5259;--;'1970-01-01 00:00:00;--; ; ;-;--; 
5260;--;'1970-01-01 00:00:00;--; ; ;-;--; 
5261;--;'1970-01-01 00:00:00;--; ; ;-;--; 
5262;--;'1970-01-01 00:00:00;--; ; ;-;--; 
5263;--;'1970-01-01 00:00:00;--; ; ;-;--; 
5264;--;'1970-01-01 00:00:00;--; ; ;-;--; 
5265;--;'1970-01-01 00:00:00;--; ; ;-;--; 
5266;--;'1970-01-01 00:00:00;--; ; ;-;--; 
5267;--;'1970-01-01 00:00:00;--; ; ;-;--; 
5268;--;'1970-01-01 00:00:00;--; ; ;-;--; 
5269;--;'1970-01-01 00:00:00;--; ; ;-;--; 
5270;--;'1970-01-01 00:00:00;--; ; ;-;--; 
5271;--;'1970-01-01 00:00:00;--; ; ;-;--; 
5272;--;'1970-01-01 00:00:00;--; ; ;-;--; 
5273;--;'1970-01-01 00:00:00;--; ; ;-;--; 
5274;--;'1970-01-01 00:00:00;--; ; ;-;--; 
5275;--;'1970-01-01 00:00:00;--; ; ;-;--; 
5276;--;'1970-01-01 00:00:00;--; ; ;-;--; 
5277;--;'1970-01-01 00:00:00;--; ; ;-;--; 
5278;--;'1970-01-01 00:00:00;--; ; ;-;--; 
5279;--;'1970-01-01 00:00:00;--; ; ;-;--; 
5280;--;'1970-01-01 00:00:00;--; ; ;-;--; 
5281;--;'1970-01-01 00:00:00;--; ; ;-;--; 
5282;--;'1970-01-01 00:00:00;--; ; ;-;--; 
5283;--;'1970-01-01 00:00:00;--; ; ;-;--; 
5284;--;'1970-01-01 00:00:00;--; ; ;-;--; 
5285;--;'1970-01-01 00:00:00;--; ; ;-;--; 
5286;--;'1970-01-01 00:00:00;--; ; ;-;--; 
5287;--;'1970-01-01 00:00:00;--; ; ;-;--; 
5288;--;'1970-01-01 00:00:00;--; ; ;-;--; 
5289;--;'1970-01-01 00:00:00;--; ; ;-;--; 
5290;--;'1970-01-01 00:00:00;--; ; ;-;--; 
5291;--;'1970-01-01 00:00:00;--; ; ;-;--; 
5292;--;'1970-01-01 00:00:00;--; ; ;-;--; 
5293;--;'1970-01-01 00:00:00;--; ; ;-;--; 
5294;--;'1970-01-01 00:00:00;--; ; ;-;--; 
5295;--;'1970-01-01 00:00:00;--; ; ;-;--; 
5296;--;'1970-01-01 00:00:00;--; ; ;-;--; 
5297;--;'1970-01-01 00:00:00;--; ; ;-;--; 
5298;--;'1970-01-01 00:00:00;--; ; ;-;--; 
5299;--;'1970-01-01 00:00:00;--; ; ;-;--; 
5300;--;'1970-01-01 00:00:00;--; ; ;-;--; 
5301;--;'1970-01-01 00:00:00;--; ; ;-;--; 
5302;--;'1970-01-01 00:00:00;--; ; ;-;--; 
5303;--;'1970-01-01 00:00:00;--; ; ;-;--; 
5304;--;'1970-01-01 00:00:00;--; ; ;-;--; 
5305;--;'1970-01-01 00:00:00;--; ; ;-;--; 
5306;--;'1970-01-01 00:00:00;--; ; ;-;--; 
5307;--;'1970-01-01 00:00:00;--; ; ;-;--; 
5308;--;'1970-01-01 00:00:00;--; ; ;-;--; 
5309;--;'1970-01-01 00:00:00;--; ; ;-;--; 
5310;--;'1970-01-01 00:00:00;--; ; ;-;--; 
5311;--;'1970-01-01 00:00:00;--; ; ;-;--; 
5312;--;'1970-01-01 00:00:00;--; ; ;-;--; 
5313;--;'1970-01-01 00:00:00;--; ; ;-;--; 
5314;--;'1970-01-01 00:00:00;--; ; ;-;--; 
5315;--;'1970-01-01 00:00:00;--; ; ;-;--; 
5316;--;'1970-01-01 00:00:00;--; ; ;-;--; 
5317;--;'1970-01-01 00:00:00;--; ; ;-;--; 
5318;--;'1970-01-01 00:00:00;--; ; ;-;--; 
5319;--;'1970-01-01 00:00:00;--; ; ;-;--; 
5320;--;'1970-01-01 00:00:00;--; ; ;-;--; 
5321;--;'1970-01-01 00:00:00;--; ; ;-;--; 
5322;--;'1970-01-01 00:00:00;--; ; ;-;--; 
5323;--;'1970-01-01 00:00:00;--; ; ;-;--; 
5324;--;'1970-01-01 00:00:00;--; ; ;-;--; 
5325;--;'1970-01-01 00:00:00;--; ; ;-;--; 
5326;--;'1970-01-01 00:00:00;--; ; ;-;--; 
5327;--;'1970-01-01 00:00:00;--; ; ;-;--; 
5328;--;'1970-01-01 00:00:00;--; ; ;-;--; 
5329;--;'1970-01-01 00:00:00;--; ; ;-;--; 
5330;--;'1970-01-01 00:00:00;--; ; ;-;--; 
5331;--;'1970-01-01 00:00:00;--; ; ;-;--; 
5332;--;'1970-01-01 00:00:00;--; ; ;-;--; 
5333;--;'1970-01-01 00:00:00;--; ; ;-;--; 
5334;--;'1970-01-01 00:00:00;--; ; ;-;--; 
5335;--;'1970-01-01 00:00:00;--; ; ;-;--; 
5336;--;'1970-01-01 00:00:00;--; ; ;-;--; 
5337;--;'1970-01-01 00:00:00;--; ; ;-;--; 
5338;--;'1970-01-01 00:00:00;--; ; ;-;--; 
5339;--;'1970-01-01 00:00:00;--; ; ;-;--; 
5340;--;'1970-01-01 00:00:00;--; ; ;-;--; 
5341;--;'1970-01-01 00:00:00;--; ; ;-;--; 
5342;--;'1970-01-01 00:00:00;--; ; ;-;--; 
5343;--;'1970-01-01 00:00:00;--; ; ;-;--; 
5344;--;'1970-01-01 00:00:00;--; ; ;-;--; 
5345;--;'1970-01-01 00:00:00;--; ; ;-;--; 
5346;--;'1970-01-01 00:00:00;--; ; ;-;--; 
5347;--;'1970-01-01 00:00:00;--; ; ;-;--; 
5348;--;'1970-01-01 00:00:00;--; ; ;-;--; 
5349;--;'1970-01-01 00:00:00;--; ; ;-;--; 
5350;--;'1970-01-01 00:00:00;--; ; ;-;--; 
5351;--;'1970-01-01 00:00:00;--; ; ;-;--; 
5352;--;'1970-01-01 00:00:00;--; ; ;-;--; 
5353;--;'1970-01-01 00:00:00;--; ; ;-;--; 
5354;--;'1970-01-01 00:00:00;--; ; ;-;--; 
5355;--;'1970-01-01 00:00:00;--; ; ;-;--; 
5356;--;'1970-01-01 00:00:00;--; ; ;-;--; 
5357;--;'1970-01-01 00:00:00;--; ; ;-;--; 
5358;--;'1970-01-01 00:00:00;--; ; ;-;--; 
5359;--;'1970-01-01 00:00:00;--; ; ;-;--; 
5360;--;'1970-01-01 00:00:00;--; ; ;-;--; 
5361;--;'1970-01-01 00:00:00;--; ; ;-;--; 
5362;--;'1970-01-01 00:00:00;--; ; ;-;--; 
5363;--;'1970-01-01 00:00:00;--; ; ;-;--; 
5364;--;'1970-01-01 00:00:00;--; ; ;-;--; 
5365;--;'1970-01-01 00:00:00;--; ; ;-;--; 
5366;--;'1970-01-01 00:00:00;--; ; ;-;--; 
5367;--;'1970-01-01 00:00:00;--; ; ;-;--; 
5368;--;'1970-01-01 00:00:00;--; ; ;-;--; 
5369;--;'1970-01-01 00:00:00;--; ; ;-;--; 
5370;--;'1970-01-01 00:00:00;--; ; ;-;--; 
5371;--;'1970-01-01 00:00:00;--; ; ;-;--; 
5372;--;'1970-01-01 00:00:00;--; ; ;-;--; 
5373;--;'1970-01-01 00:00:00;--; ; ;-;--; 
5374;--;'1970-01-01 00:00:00;--; ; ;-;--; 
5375;--;'1970-01-01 00:00:00;--; ; ;-;--; 
5376;--;'1970-01-01 00:00:00;--; ; ;-;--; 
5377;--;'1970-01-01 00:00:00;--; ; ;-;--; 
5378;--;'1970-01-01 00:00:00;--; ; ;-;--; 
5379;--;'1970-01-01 00:00:00;--; ; ;-;--; 
5380;--;'1970-01-01 00:00:00;--; ; ;-;--; 
5381;--;'1970-01-01 00:00:00;--; ; ;-;--; 
5382;--;'1970-01-01 00:00:00;--; ; ;-;--; 
5383;--;'1970-01-01 00:00:00;--; ; ;-;--; 
5384;--;'1970-01-01 00:00:00;--; ; ;-;--; 
5385;--;'1970-01-01 00:00:00;--; ; ;-;--; 
5386;--;'1970-01-01 00:00:00;--; ; ;-;--; 
5387;--;'1970-01-01 00:00:00;--; ; ;-;--; 
5388;--;'1970-01-01 00:00:00;--; ; ;-;--; 
5389;--;'1970-01-01 00:00:00;--; ; ;-;--; 
5390;--;'1970-01-01 00:00:00;--; ; ;-;--; 
5391;--;'1970-01-01 00:00:00;--; ; ;-;--; 
5392;--;'1970-01-01 00:00:00;--; ; ;-;--; 
5393;--;'1970-01-01 00:00:00;--; ; ;-;--; 
5394;--;'1970-01-01 00:00:00;--; ; ;-;--; 
5395;--;'1970-01-01 00:00:00;--; ; ;-;--; 
5396;--;'1970-01-01 00:00:00;--; ; ;-;--; 
5397;--;'1970-01-01 00:00:00;--; ; ;-;--; 
5398;--;'1970-01-01 00:00:00;--; ; ;-;--; 
5399;--;'1970-01-01 00:00:00;--; ; ;-;--; 
5400;--;'1970-01-01 00:00:00;--; ; ;-;--; 
5401;--;'1970-01-01 00:00:00;--; ; ;-;--; 
5402;--;'1970-01-01 00:00:00;--; ; ;-;--; 
5403;--;'1970-01-01 00:00:00;--; ; ;-;--; 
5404;--;'1970-01-01 00:00:00;--; ; ;-;--; 
5405;--;'1970-01-01 00:00:00;--; ; ;-;--; 
5406;--;'1970-01-01 00:00:00;--; ; ;-;--; 
5407;--;'1970-01-01 00:00:00;--; ; ;-;--; 
5408;--;'1970-01-01 00:00:00;--; ; ;-;--; 
5409;--;'1970-01-01 00:00:00;--; ; ;-;--; 
5410;--;'1970-01-01 00:00:00;--; ; ;-;--; 
5411;--;'1970-01-01 00:00:00;--; ; ;-;--; 
5412;--;'1970-01-01 00:00:00;--; ; ;-;--; 
5413;--;'1970-01-01 00:00:00;--; ; ;-;--; 
5414;--;'1970-01-01 00:00:00;--; ; ;-;--; 
5415;--;'1970-01-01 00:00:00;--; ; ;-;--; 
5416;--;'1970-01-01 00:00:00;--; ; ;-;--; 
5417;--;'1970-01-01 00:00:00;--; ; ;-;--; 
5418;--;'1970-01-01 00:00:00;--; ; ;-;--; 
5419;--;'1970-01-01 00:00:00;--; ; ;-;--; 
5420;--;'1970-01-01 00:00:00;--; ; ;-;--; 
5421;--;'1970-01-01 00:00:00;--; ; ;-;--; 
5422;--;'1970-01-01 00:00:00;--; ; ;-;--; 
5423;--;'1970-01-01 00:00:00;--; ; ;-;--; 
5424;--;'1970-01-01 00:00:00;--; ; ;-;--; 
5425;--;'1970-01-01 00:00:00;--; ; ;-;--; 
5426;--;'1970-01-01 00:00:00;--; ; ;-;--; 
5427;--;'1970-01-01 00:00:00;--; ; ;-;--; 
5428;--;'1970-01-01 00:00:00;--; ; ;-;--; 
5429;--;'1970-01-01 00:00:00;--; ; ;-;--; 
5430;--;'1970-01-01 00:00:00;--; ; ;-;--; 
5431;--;'1970-01-01 00:00:00;--; ; ;-;--; 
5432;--;'1970-01-01 00:00:00;--; ; ;-;--; 
5433;--;'1970-01-01 00:00:00;--; ; ;-;--; 
5434;--;'1970-01-01 00:00:00;--; ; ;-;--; 
5435;--;'1970-01-01 00:00:00;--; ; ;-;--; 
5436;--;'1970-01-01 00:00:00;--; ; ;-;--; 
5437;--;'1970-01-01 00:00:00;--; ; ;-;--; 
5438;--;'1970-01-01 00:00:00;--; ; ;-;--; 
5439;--;'1970-01-01 00:00:00;--; ; ;-;--; 
5440;--;'1970-01-01 00:00:00;--; ; ;-;--; 
5441;--;'1970-01-01 00:00:00;--; ; ;-;--; 
5442;--;'1970-01-01 00:00:00;--; ; ;-;--; 
5443;--;'1970-01-01 00:00:00;--; ; ;-;--; 
5444;--;'1970-01-01 00:00:00;--; ; ;-;--; 
5445;--;'1970-01-01 00:00:00;--; ; ;-;--; 
5446;--;'1970-01-01 00:00:00;--; ; ;-;--; 
5447;--;'1970-01-01 00:00:00;--; ; ;-;--; 
5448;--;'1970-01-01 00:00:00;--; ; ;-;--; 
5449;--;'1970-01-01 00:00:00;--; ; ;-;--; 
5450;--;'1970-01-01 00:00:00;--; ; ;-;--; 
5451;--;'1970-01-01 00:00:00;--; ; ;-;--; 
5452;--;'1970-01-01 00:00:00;--; ; ;-;--; 
5453;--;'1970-01-01 00:00:00;--; ; ;-;--; 
5454;--;'1970-01-01 00:00:00;--; ; ;-;--; 
5455;--;'1970-01-01 00:00:00;--; ; ;-;--; 
5456;--;'1970-01-01 00:00:00;--; ; ;-;--; 
5457;--;'1970-01-01 00:00:00;--; ; ;-;--; 
5458;--;'1970-01-01 00:00:00;--; ; ;-;--; 
5459;--;'1970-01-01 00:00:00;--; ; ;-;--; 
5460;--;'1970-01-01 00:00:00;--; ; ;-;--; 
5461;--;'1970-01-01 00:00:00;--; ; ;-;--; 
5462;--;'1970-01-01 00:00:00;--; ; ;-;--; 
5463;--;'1970-01-01 00:00:00;--; ; ;-;--; 
5464;--;'1970-01-01 00:00:00;--; ; ;-;--; 
5465;--;'1970-01-01 00:00:00;--; ; ;-;--; 
5466;--;'1970-01-01 00:00:00;--; ; ;-;--; 
5467;--;'1970-01-01 00:00:00;--; ; ;-;--; 
5468;--;'1970-01-01 00:00:00;--; ; ;-;--; 
5469;--;'1970-01-01 00:00:00;--; ; ;-;--; 
5470;--;'1970-01-01 00:00:00;--; ; ;-;--; 
5471;--;'1970-01-01 00:00:00;--; ; ;-;--; 
5472;--;'1970-01-01 00:00:00;--; ; ;-;--; 
5473;--;'1970-01-01 00:00:00;--; ; ;-;--; 
5474;--;'1970-01-01 00:00:00;--; ; ;-;--; 
5475;--;'1970-01-01 00:00:00;--; ; ;-;--; 
5476;--;'1970-01-01 00:00:00;--; ; ;-;--; 
5477;--;'1970-01-01 00:00:00;--; ; ;-;--; 
5478;--;'1970-01-01 00:00:00;--; ; ;-;--; 
5479;--;'1970-01-01 00:00:00;--; ; ;-;--; 
5480;--;'1970-01-01 00:00:00;--; ; ;-;--; 
5481;--;'1970-01-01 00:00:00;--; ; ;-;--; 
5482;--;'1970-01-01 00:00:00;--; ; ;-;--; 
5483;--;'1970-01-01 00:00:00;--; ; ;-;--; 
5484;--;'1970-01-01 00:00:00;--; ; ;-;--; 
5485;--;'1970-01-01 00:00:00;--; ; ;-;--; 
5486;--;'1970-01-01 00:00:00;--; ; ;-;--; 
5487;--;'1970-01-01 00:00:00;--; ; ;-;--; 
5488;--;'1970-01-01 00:00:00;--; ; ;-;--; 
5489;--;'1970-01-01 00:00:00;--; ; ;-;--; 
5490;--;'1970-01-01 00:00:00;--; ; ;-;--; 
5491;--;'1970-01-01 00:00:00;--; ; ;-;--; 
5492;--;'1970-01-01 00:00:00;--; ; ;-;--; 
5493;--;'1970-01-01 00:00:00;--; ; ;-;--; 
5494;--;'1970-01-01 00:00:00;--; ; ;-;--; 
5495;--;'1970-01-01 00:00:00;--; ; ;-;--; 
5496;--;'1970-01-01 00:00:00;--; ; ;-;--; 
5497;--;'1970-01-01 00:00:00;--; ; ;-;--; 
5498;--;'1970-01-01 00:00:00;--; ; ;-;--; 
5499;--;'1970-01-01 00:00:00;--; ; ;-;--; 
5500;--;'1970-01-01 00:00:00;--; ; ;-;--; 
5501;--;'1970-01-01 00:00:00;--; ; ;-;--; 
5502;--;'1970-01-01 00:00:00;--; ; ;-;--; 
5503;--;'1970-01-01 00:00:00;--; ; ;-;--; 
5504;--;'1970-01-01 00:00:00;--; ; ;-;--; 
5505;--;'1970-01-01 00:00:00;--; ; ;-;--; 
5506;--;'1970-01-01 00:00:00;--; ; ;-;--; 
5507;--;'1970-01-01 00:00:00;--; ; ;-;--; 
5508;--;'1970-01-01 00:00:00;--; ; ;-;--; 
5509;--;'1970-01-01 00:00:00;--; ; ;-;--; 
5510;--;'1970-01-01 00:00:00;--; ; ;-;--; 
5511;--;'1970-01-01 00:00:00;--; ; ;-;--; 
5512;--;'1970-01-01 00:00:00;--; ; ;-;--; 
5513;--;'1970-01-01 00:00:00;--; ; ;-;--; 
5514;--;'1970-01-01 00:00:00;--; ; ;-;--; 
5515;--;'1970-01-01 00:00:00;--; ; ;-;--; 
5516;--;'1970-01-01 00:00:00;--; ; ;-;--; 
5517;--;'1970-01-01 00:00:00;--; ; ;-;--; 
5518;--;'1970-01-01 00:00:00;--; ; ;-;--; 
5519;--;'1970-01-01 00:00:00;--; ; ;-;--; 
5520;--;'1970-01-01 00:00:00;--; ; ;-;--; 
5521;--;'1970-01-01 00:00:00;--; ; ;-;--; 
5522;--;'1970-01-01 00:00:00;--; ; ;-;--; 
5523;--;'1970-01-01 00:00:00;--; ; ;-;--; 
5524;--;'1970-01-01 00:00:00;--; ; ;-;--; 
5525;--;'1970-01-01 00:00:00;--; ; ;-;--; 
5526;--;'1970-01-01 00:00:00;--; ; ;-;--; 
5527;--;'1970-01-01 00:00:00;--; ; ;-;--; 
5528;--;'1970-01-01 00:00:00;--; ; ;-;--; 
5529;--;'1970-01-01 00:00:00;--; ; ;-;--; 
5530;--;'1970-01-01 00:00:00;--; ; ;-;--; 
5531;--;'1970-01-01 00:00:00;--; ; ;-;--; 
5532;--;'1970-01-01 00:00:00;--; ; ;-;--; 
5533;--;'1970-01-01 00:00:00;--; ; ;-;--; 
5534;--;'1970-01-01 00:00:00;--; ; ;-;--; 
5535;--;'1970-01-01 00:00:00;--; ; ;-;--; 
5536;--;'1970-01-01 00:00:00;--; ; ;-;--; 
5537;--;'1970-01-01 00:00:00;--; ; ;-;--; 
5538;--;'1970-01-01 00:00:00;--; ; ;-;--; 
5539;--;'1970-01-01 00:00:00;--; ; ;-;--; 
5540;--;'1970-01-01 00:00:00;--; ; ;-;--; 
5541;--;'1970-01-01 00:00:00;--; ; ;-;--; 
5542;--;'1970-01-01 00:00:00;--; ; ;-;--; 
5543;--;'1970-01-01 00:00:00;--; ; ;-;--; 
5544;--;'1970-01-01 00:00:00;--; ; ;-;--; 
5545;--;'1970-01-01 00:00:00;--; ; ;-;--; 
5546;--;'1970-01-01 00:00:00;--; ; ;-;--; 
5547;--;'1970-01-01 00:00:00;--; ; ;-;--; 
5548;--;'1970-01-01 00:00:00;--; ; ;-;--; 
5549;--;'1970-01-01 00:00:00;--; ; ;-;--; 
5550;--;'1970-01-01 00:00:00;--; ; ;-;--; 
5551;--;'1970-01-01 00:00:00;--; ; ;-;--; 
5552;--;'1970-01-01 00:00:00;--; ; ;-;--; 
5553;--;'1970-01-01 00:00:00;--; ; ;-;--; 
5554;--;'1970-01-01 00:00:00;--; ; ;-;--; 
5555;--;'1970-01-01 00:00:00;--; ; ;-;--; 
5556;--;'1970-01-01 00:00:00;--; ; ;-;--; 
5557;--;'1970-01-01 00:00:00;--; ; ;-;--; 
5558;--;'1970-01-01 00:00:00;--; ; ;-;--; 
5559;--;'1970-01-01 00:00:00;--; ; ;-;--; 
5560;--;'1970-01-01 00:00:00;--; ; ;-;--; 
5561;--;'1970-01-01 00:00:00;--; ; ;-;--; 
5562;--;'1970-01-01 00:00:00;--; ; ;-;--; 
5563;--;'1970-01-01 00:00:00;--; ; ;-;--; 
5564;--;'1970-01-01 00:00:00;--; ; ;-;--; 
5565;--;'1970-01-01 00:00:00;--; ; ;-;--; 
5566;--;'1970-01-01 00:00:00;--; ; ;-;--; 
5567;--;'1970-01-01 00:00:00;--; ; ;-;--; 
5568;--;'1970-01-01 00:00:00;--; ; ;-;--; 
5569;--;'1970-01-01 00:00:00;--; ; ;-;--; 
5570;--;'1970-01-01 00:00:00;--; ; ;-;--; 
5571;--;'1970-01-01 00:00:00;--; ; ;-;--; 
5572;--;'1970-01-01 00:00:00;--; ; ;-;--; 
5573;--;'1970-01-01 00:00:00;--; ; ;-;--; 
5574;--;'1970-01-01 00:00:00;--; ; ;-;--; 
5575;--;'1970-01-01 00:00:00;--; ; ;-;--; 
5576;--;'1970-01-01 00:00:00;--; ; ;-;--; 
5577;--;'1970-01-01 00:00:00;--; ; ;-;--; 
5578;--;'1970-01-01 00:00:00;--; ; ;-;--; 
5579;--;'1970-01-01 00:00:00;--; ; ;-;--; 
5580;--;'1970-01-01 00:00:00;--; ; ;-;--; 
5581;--;'1970-01-01 00:00:00;--; ; ;-;--; 
5582;--;'1970-01-01 00:00:00;--; ; ;-;--; 
5583;--;'1970-01-01 00:00:00;--; ; ;-;--; 
5584;--;'1970-01-01 00:00:00;--; ; ;-;--; 
5585;--;'1970-01-01 00:00:00;--; ; ;-;--; 
5586;--;'1970-01-01 00:00:00;--; ; ;-;--; 
5587;--;'1970-01-01 00:00:00;--; ; ;-;--; 
5588;--;'1970-01-01 00:00:00;--; ; ;-;--; 
5589;--;'1970-01-01 00:00:00;--; ; ;-;--; 
5590;--;'1970-01-01 00:00:00;--; ; ;-;--; 
5591;--;'1970-01-01 00:00:00;--; ; ;-;--; 
5592;--;'1970-01-01 00:00:00;--; ; ;-;--; 
5593;--;'1970-01-01 00:00:00;--; ; ;-;--; 
5594;--;'1970-01-01 00:00:00;--; ; ;-;--; 
5595;--;'1970-01-01 00:00:00;--; ; ;-;--; 
5596;--;'1970-01-01 00:00:00;--; ; ;-;--; 
5597;--;'1970-01-01 00:00:00;--; ; ;-;--; 
5598;--;'1970-01-01 00:00:00;--; ; ;-;--; 
5599;--;'1970-01-01 00:00:00;--; ; ;-;--; 
5600;--;'1970-01-01 00:00:00;--; ; ;-;--; 
5601;--;'1970-01-01 00:00:00;--; ; ;-;--; 
5602;--;'1970-01-01 00:00:00;--; ; ;-;--; 
5603;--;'1970-01-01 00:00:00;--; ; ;-;--; 
5604;--;'1970-01-01 00:00:00;--; ; ;-;--; 
5605;--;'1970-01-01 00:00:00;--; ; ;-;--; 
5606;--;'1970-01-01 00:00:00;--; ; ;-;--; 
5607;--;'1970-01-01 00:00:00;--; ; ;-;--; 
5608;--;'1970-01-01 00:00:00;--; ; ;-;--; 
5609;--;'1970-01-01 00:00:00;--; ; ;-;--; 
5610;--;'1970-01-01 00:00:00;--; ; ;-;--; 
5611;--;'1970-01-01 00:00:00;--; ; ;-;--; 
5612;--;'1970-01-01 00:00:00;--; ; ;-;--; 
5613;--;'1970-01-01 00:00:00;--; ; ;-;--; 
5614;--;'1970-01-01 00:00:00;--; ; ;-;--; 
5615;--;'1970-01-01 00:00:00;--; ; ;-;--; 
5616;--;'1970-01-01 00:00:00;--; ; ;-;--; 
5617;--;'1970-01-01 00:00:00;--; ; ;-;--; 
5618;--;'1970-01-01 00:00:00;--; ; ;-;--; 
5619;--;'1970-01-01 00:00:00;--; ; ;-;--; 
5620;--;'1970-01-01 00:00:00;--; ; ;-;--; 
5621;--;'1970-01-01 00:00:00;--; ; ;-;--; 
5622;--;'1970-01-01 00:00:00;--; ; ;-;--; 
5623;--;'1970-01-01 00:00:00;--; ; ;-;--; 
5624;--;'1970-01-01 00:00:00;--; ; ;-;--; 
5625;--;'1970-01-01 00:00:00;--; ; ;-;--; 
5626;--;'1970-01-01 00:00:00;--; ; ;-;--; 
5627;--;'1970-01-01 00:00:00;--; ; ;-;--; 
5628;--;'1970-01-01 00:00:00;--; ; ;-;--; 
5629;--;'1970-01-01 00:00:00;--; ; ;-;--; 
5630;--;'1970-01-01 00:00:00;--; ; ;-;--; 
5631;--;'1970-01-01 00:00:00;--; ; ;-;--; 
5632;--;'1970-01-01 00:00:00;--; ; ;-;--; 
5633;--;'1970-01-01 00:00:00;--; ; ;-;--; 
5634;--;'1970-01-01 00:00:00;--; ; ;-;--; 
5635;--;'1970-01-01 00:00:00;--; ; ;-;--; 
5636;--;'1970-01-01 00:00:00;--; ; ;-;--; 
5637;--;'1970-01-01 00:00:00;--; ; ;-;--; 
5638;--;'1970-01-01 00:00:00;--; ; ;-;--; 
5639;--;'1970-01-01 00:00:00;--; ; ;-;--; 
5640;--;'1970-01-01 00:00:00;--; ; ;-;--; 
5641;--;'1970-01-01 00:00:00;--; ; ;-;--; 
5642;--;'1970-01-01 00:00:00;--; ; ;-;--; 
5643;--;'1970-01-01 00:00:00;--; ; ;-;--; 
5644;--;'1970-01-01 00:00:00;--; ; ;-;--; 
5645;--;'1970-01-01 00:00:00;--; ; ;-;--; 
5646;--;'1970-01-01 00:00:00;--; ; ;-;--; 
5647;--;'1970-01-01 00:00:00;--; ; ;-;--; 
5648;--;'1970-01-01 00:00:00;--; ; ;-;--; 
5649;--;'1970-01-01 00:00:00;--; ; ;-;--; 
5650;--;'1970-01-01 00:00:00;--; ; ;-;--; 
5651;--;'1970-01-01 00:00:00;--; ; ;-;--; 
5652;--;'1970-01-01 00:00:00;--; ; ;-;--; 
5653;--;'1970-01-01 00:00:00;--; ; ;-;--; 
5654;--;'1970-01-01 00:00:00;--; ; ;-;--; 
5655;--;'1970-01-01 00:00:00;--; ; ;-;--; 
5656;--;'1970-01-01 00:00:00;--; ; ;-;--; 
5657;--;'1970-01-01 00:00:00;--; ; ;-;--; 
5658;--;'1970-01-01 00:00:00;--; ; ;-;--; 
5659;--;'1970-01-01 00:00:00;--; ; ;-;--; 
5660;--;'1970-01-01 00:00:00;--; ; ;-;--; 
5661;--;'1970-01-01 00:00:00;--; ; ;-;--; 
5662;--;'1970-01-01 00:00:00;--; ; ;-;--; 
5663;--;'1970-01-01 00:00:00;--; ; ;-;--; 
5664;--;'1970-01-01 00:00:00;--; ; ;-;--; 
5665;--;'1970-01-01 00:00:00;--; ; ;-;--; 
5666;--;'1970-01-01 00:00:00;--; ; ;-;--; 
5667;--;'1970-01-01 00:00:00;--; ; ;-;--; 
5668;--;'1970-01-01 00:00:00;--; ; ;-;--; 
5669;--;'1970-01-01 00:00:00;--; ; ;-;--; 
5670;--;'1970-01-01 00:00:00;--; ; ;-;--; 
5671;--;'1970-01-01 00:00:00;--; ; ;-;--; 
5672;--;'1970-01-01 00:00:00;--; ; ;-;--; 
5673;--;'1970-01-01 00:00:00;--; ; ;-;--; 
5674;--;'1970-01-01 00:00:00;--; ; ;-;--; 
5675;--;'1970-01-01 00:00:00;--; ; ;-;--; 
5676;--;'1970-01-01 00:00:00;--; ; ;-;--; 
5677;--;'1970-01-01 00:00:00;--; ; ;-;--; 
5678;--;'1970-01-01 00:00:00;--; ; ;-;--; 
5679;--;'1970-01-01 00:00:00;--; ; ;-;--; 
5680;--;'1970-01-01 00:00:00;--; ; ;-;--; 
5681;--;'1970-01-01 00:00:00;--; ; ;-;--; 
5682;--;'1970-01-01 00:00:00;--; ; ;-;--; 
5683;--;'1970-01-01 00:00:00;--; ; ;-;--; 
5684;--;'1970-01-01 00:00:00;--; ; ;-;--; 
5685;--;'1970-01-01 00:00:00;--; ; ;-;--; 
5686;--;'1970-01-01 00:00:00;--; ; ;-;--; 
5687;--;'1970-01-01 00:00:00;--; ; ;-;--; 
5688;--;'1970-01-01 00:00:00;--; ; ;-;--; 
5689;--;'1970-01-01 00:00:00;--; ; ;-;--; 
5690;--;'1970-01-01 00:00:00;--; ; ;-;--; 
5691;--;'1970-01-01 00:00:00;--; ; ;-;--; 
5692;--;'1970-01-01 00:00:00;--; ; ;-;--; 
5693;--;'1970-01-01 00:00:00;--; ; ;-;--; 
5694;--;'1970-01-01 00:00:00;--; ; ;-;--; 
5695;--;'1970-01-01 00:00:00;--; ; ;-;--; 
5696;--;'1970-01-01 00:00:00;--; ; ;-;--; 
5697;--;'1970-01-01 00:00:00;--; ; ;-;--; 
5698;--;'1970-01-01 00:00:00;--; ; ;-;--; 
5699;--;'1970-01-01 00:00:00;--; ; ;-;--; 
5700;--;'1970-01-01 00:00:00;--; ; ;-;--; 
5701;--;'1970-01-01 00:00:00;--; ; ;-;--; 
5702;--;'1970-01-01 00:00:00;--; ; ;-;--; 
5703;--;'1970-01-01 00:00:00;--; ; ;-;--; 
5704;--;'1970-01-01 00:00:00;--; ; ;-;--; 
5705;--;'1970-01-01 00:00:00;--; ; ;-;--; 
5706;--;'1970-01-01 00:00:00;--; ; ;-;--; 
5707;--;'1970-01-01 00:00:00;--; ; ;-;--; 
5708;--;'1970-01-01 00:00:00;--; ; ;-;--; 
5709;--;'1970-01-01 00:00:00;--; ; ;-;--; 
5710;--;'1970-01-01 00:00:00;--; ; ;-;--; 
5711;--;'1970-01-01 00:00:00;--; ; ;-;--; 
5712;--;'1970-01-01 00:00:00;--; ; ;-;--; 
5713;--;'1970-01-01 00:00:00;--; ; ;-;--; 
5714;--;'1970-01-01 00:00:00;--; ; ;-;--; 
5715;--;'1970-01-01 00:00:00;--; ; ;-;--; 
5716;--;'1970-01-01 00:00:00;--; ; ;-;--; 
5717;--;'1970-01-01 00:00:00;--; ; ;-;--; 
5718;--;'1970-01-01 00:00:00;--; ; ;-;--; 
5719;--;'1970-01-01 00:00:00;--; ; ;-;--; 
5720;--;'1970-01-01 00:00:00;--; ; ;-;--; 
5721;--;'1970-01-01 00:00:00;--; ; ;-;--; 
5722;--;'1970-01-01 00:00:00;--; ; ;-;--; 
5723;--;'1970-01-01 00:00:00;--; ; ;-;--; 
5724;--;'1970-01-01 00:00:00;--; ; ;-;--; 
5725;--;'1970-01-01 00:00:00;--; ; ;-;--; 
5726;--;'1970-01-01 00:00:00;--; ; ;-;--; 
5727;--;'1970-01-01 00:00:00;--; ; ;-;--; 
5728;--;'1970-01-01 00:00:00;--; ; ;-;--; 
5729;--;'1970-01-01 00:00:00;--; ; ;-;--; 
5730;--;'1970-01-01 00:00:00;--; ; ;-;--; 
5731;--;'1970-01-01 00:00:00;--; ; ;-;--; 
5732;--;'1970-01-01 00:00:00;--; ; ;-;--; 
5733;--;'1970-01-01 00:00:00;--; ; ;-;--; 
5734;--;'1970-01-01 00:00:00;--; ; ;-;--; 
5735;--;'1970-01-01 00:00:00;--; ; ;-;--; 
5736;--;'1970-01-01 00:00:00;--; ; ;-;--; 
5737;--;'1970-01-01 00:00:00;--; ; ;-;--; 
5738;--;'1970-01-01 00:00:00;--; ; ;-;--; 
5739;--;'1970-01-01 00:00:00;--; ; ;-;--; 
5740;--;'1970-01-01 00:00:00;--; ; ;-;--; 
5741;--;'1970-01-01 00:00:00;--; ; ;-;--; 
5742;--;'1970-01-01 00:00:00;--; ; ;-;--; 
5743;--;'1970-01-01 00:00:00;--; ; ;-;--; 
5744;--;'1970-01-01 00:00:00;--; ; ;-;--; 
5745;--;'1970-01-01 00:00:00;--; ; ;-;--; 
5746;--;'1970-01-01 00:00:00;--; ; ;-;--; 
5747;--;'1970-01-01 00:00:00;--; ; ;-;--; 
5748;--;'1970-01-01 00:00:00;--; ; ;-;--; 
5749;--;'1970-01-01 00:00:00;--; ; ;-;--; 
5750;--;'1970-01-01 00:00:00;--; ; ;-;--; 
5751;--;'1970-01-01 00:00:00;--; ; ;-;--; 
5752;--;'1970-01-01 00:00:00;--; ; ;-;--; 
5753;--;'1970-01-01 00:00:00;--; ; ;-;--; 
5754;--;'1970-01-01 00:00:00;--; ; ;-;--; 
5755;--;'1970-01-01 00:00:00;--; ; ;-;--; 
5756;--;'1970-01-01 00:00:00;--; ; ;-;--; 
5757;--;'1970-01-01 00:00:00;--; ; ;-;--; 
5758;--;'1970-01-01 00:00:00;--; ; ;-;--; 
5759;--;'1970-01-01 00:00:00;--; ; ;-;--; 
5760;--;'1970-01-01 00:00:00;--; ; ;-;--; 
5761;--;'1970-01-01 00:00:00;--; ; ;-;--; 
5762;--;'1970-01-01 00:00:00;--; ; ;-;--; 
5763;--;'1970-01-01 00:00:00;--; ; ;-;--; 
5764;--;'1970-01-01 00:00:00;--; ; ;-;--; 
5765;--;'1970-01-01 00:00:00;--; ; ;-;--; 
5766;--;'1970-01-01 00:00:00;--; ; ;-;--; 
5767;--;'1970-01-01 00:00:00;--; ; ;-;--; 
5768;--;'1970-01-01 00:00:00;--; ; ;-;--; 
5769;--;'1970-01-01 00:00:00;--; ; ;-;--; 
5770;--;'1970-01-01 00:00:00;--; ; ;-;--; 
5771;--;'1970-01-01 00:00:00;--; ; ;-;--; 
5772;--;'1970-01-01 00:00:00;--; ; ;-;--; 
5773;--;'1970-01-01 00:00:00;--; ; ;-;--; 
5774;--;'1970-01-01 00:00:00;--; ; ;-;--; 
5775;--;'1970-01-01 00:00:00;--; ; ;-;--; 
5776;--;'1970-01-01 00:00:00;--; ; ;-;--; 
5777;--;'1970-01-01 00:00:00;--; ; ;-;--; 
5778;--;'1970-01-01 00:00:00;--; ; ;-;--; 
5779;--;'1970-01-01 00:00:00;--; ; ;-;--; 
5780;--;'1970-01-01 00:00:00;--; ; ;-;--; 
5781;--;'1970-01-01 00:00:00;--; ; ;-;--; 
5782;--;'1970-01-01 00:00:00;--; ; ;-;--; 
5783;--;'1970-01-01 00:00:00;--; ; ;-;--; 
5784;--;'1970-01-01 00:00:00;--; ; ;-;--; 
5785;--;'1970-01-01 00:00:00;--; ; ;-;--; 
5786;--;'1970-01-01 00:00:00;--; ; ;-;--; 
5787;--;'1970-01-01 00:00:00;--; ; ;-;--; 
5788;--;'1970-01-01 00:00:00;--; ; ;-;--; 
5789;--;'1970-01-01 00:00:00;--; ; ;-;--; 
5790;--;'1970-01-01 00:00:00;--; ; ;-;--; 
5791;--;'1970-01-01 00:00:00;--; ; ;-;--; 
5792;--;'1970-01-01 00:00:00;--; ; ;-;--; 
5793;--;'1970-01-01 00:00:00;--; ; ;-;--; 
5794;--;'1970-01-01 00:00:00;--; ; ;-;--; 
5795;--;'1970-01-01 00:00:00;--; ; ;-;--; 
5796;--;'1970-01-01 00:00:00;--; ; ;-;--; 
5797;--;'1970-01-01 00:00:00;--; ; ;-;--; 
5798;--;'1970-01-01 00:00:00;--; ; ;-;--; 
5799;--;'1970-01-01 00:00:00;--; ; ;-;--; 
5800;--;'1970-01-01 00:00:00;--; ; ;-;--; 
5801;--;'1970-01-01 00:00:00;--; ; ;-;--; 
5802;--;'1970-01-01 00:00:00;--; ; ;-;--; 
5803;--;'1970-01-01 00:00:00;--; ; ;-;--; 
5804;--;'1970-01-01 00:00:00;--; ; ;-;--; 
5805;--;'1970-01-01 00:00:00;--; ; ;-;--; 
5806;--;'1970-01-01 00:00:00;--; ; ;-;--; 
5807;--;'1970-01-01 00:00:00;--; ; ;-;--; 
5808;--;'1970-01-01 00:00:00;--; ; ;-;--; 
5809;--;'1970-01-01 00:00:00;--; ; ;-;--; 
5810;--;'1970-01-01 00:00:00;--; ; ;-;--; 
5811;--;'1970-01-01 00:00:00;--; ; ;-;--; 
5812;--;'1970-01-01 00:00:00;--; ; ;-;--; 
5813;--;'1970-01-01 00:00:00;--; ; ;-;--; 
5814;--;'1970-01-01 00:00:00;--; ; ;-;--; 
5815;--;'1970-01-01 00:00:00;--; ; ;-;--; 
5816;--;'1970-01-01 00:00:00;--; ; ;-;--; 
5817;--;'1970-01-01 00:00:00;--; ; ;-;--; 
5818;--;'1970-01-01 00:00:00;--; ; ;-;--; 
5819;--;'1970-01-01 00:00:00;--; ; ;-;--; 
5820;--;'1970-01-01 00:00:00;--; ; ;-;--; 
5821;--;'1970-01-01 00:00:00;--; ; ;-;--; 
5822;--;'1970-01-01 00:00:00;--; ; ;-;--; 
5823;--;'1970-01-01 00:00:00;--; ; ;-;--; 
5824;--;'1970-01-01 00:00:00;--; ; ;-;--; 
5825;--;'1970-01-01 00:00:00;--; ; ;-;--; 
5826;--;'1970-01-01 00:00:00;--; ; ;-;--; 
5827;--;'1970-01-01 00:00:00;--; ; ;-;--; 
5828;--;'1970-01-01 00:00:00;--; ; ;-;--; 
5829;--;'1970-01-01 00:00:00;--; ; ;-;--; 
5830;--;'1970-01-01 00:00:00;--; ; ;-;--; 
5831;--;'1970-01-01 00:00:00;--; ; ;-;--; 
5832;--;'1970-01-01 00:00:00;--; ; ;-;--; 
5833;--;'1970-01-01 00:00:00;--; ; ;-;--; 
5834;--;'1970-01-01 00:00:00;--; ; ;-;--; 
5835;--;'1970-01-01 00:00:00;--; ; ;-;--; 
5836;--;'1970-01-01 00:00:00;--; ; ;-;--; 
5837;--;'1970-01-01 00:00:00;--; ; ;-;--; 
5838;--;'1970-01-01 00:00:00;--; ; ;-;--; 
5839;--;'1970-01-01 00:00:00;--; ; ;-;--; 
5840;--;'1970-01-01 00:00:00;--; ; ;-;--; 
5841;--;'1970-01-01 00:00:00;--; ; ;-;--; 
5842;--;'1970-01-01 00:00:00;--; ; ;-;--; 
5843;--;'1970-01-01 00:00:00;--; ; ;-;--; 
5844;--;'1970-01-01 00:00:00;--; ; ;-;--; 
5845;--;'1970-01-01 00:00:00;--; ; ;-;--; 
5846;--;'1970-01-01 00:00:00;--; ; ;-;--; 
5847;--;'1970-01-01 00:00:00;--; ; ;-;--; 
5848;--;'1970-01-01 00:00:00;--; ; ;-;--; 
5849;--;'1970-01-01 00:00:00;--; ; ;-;--; 
5850;--;'1970-01-01 00:00:00;--; ; ;-;--; 
5851;--;'1970-01-01 00:00:00;--; ; ;-;--; 
5852;--;'1970-01-01 00:00:00;--; ; ;-;--; 
5853;--;'1970-01-01 00:00:00;--; ; ;-;--; 
5854;--;'1970-01-01 00:00:00;--; ; ;-;--; 
5855;--;'1970-01-01 00:00:00;--; ; ;-;--; 
5856;--;'1970-01-01 00:00:00;--; ; ;-;--; 
5857;--;'1970-01-01 00:00:00;--; ; ;-;--; 
5858;--;'1970-01-01 00:00:00;--; ; ;-;--; 
5859;--;'1970-01-01 00:00:00;--; ; ;-;--; 
5860;--;'1970-01-01 00:00:00;--; ; ;-;--; 
5861;--;'1970-01-01 00:00:00;--; ; ;-;--; 
5862;--;'1970-01-01 00:00:00;--; ; ;-;--; 
5863;--;'1970-01-01 00:00:00;--; ; ;-;--; 
5864;--;'1970-01-01 00:00:00;--; ; ;-;--; 
5865;--;'1970-01-01 00:00:00;--; ; ;-;--; 
5866;--;'1970-01-01 00:00:00;--; ; ;-;--; 
5867;--;'1970-01-01 00:00:00;--; ; ;-;--; 
5868;--;'1970-01-01 00:00:00;--; ; ;-;--; 
5869;--;'1970-01-01 00:00:00;--; ; ;-;--; 
5870;--;'1970-01-01 00:00:00;--; ; ;-;--; 
5871;--;'1970-01-01 00:00:00;--; ; ;-;--; 
5872;--;'1970-01-01 00:00:00;--; ; ;-;--; 
5873;--;'1970-01-01 00:00:00;--; ; ;-;--; 
5874;--;'1970-01-01 00:00:00;--; ; ;-;--; 
5875;--;'1970-01-01 00:00:00;--; ; ;-;--; 
5876;--;'1970-01-01 00:00:00;--; ; ;-;--; 
5877;--;'1970-01-01 00:00:00;--; ; ;-;--; 
5878;--;'1970-01-01 00:00:00;--; ; ;-;--; 
5879;--;'1970-01-01 00:00:00;--; ; ;-;--; 
5880;--;'1970-01-01 00:00:00;--; ; ;-;--; 
5881;--;'1970-01-01 00:00:00;--; ; ;-;--; 
5882;--;'1970-01-01 00:00:00;--; ; ;-;--; 
5883;--;'1970-01-01 00:00:00;--; ; ;-;--; 
5884;--;'1970-01-01 00:00:00;--; ; ;-;--; 
5885;--;'1970-01-01 00:00:00;--; ; ;-;--; 
5886;--;'1970-01-01 00:00:00;--; ; ;-;--; 
5887;--;'1970-01-01 00:00:00;--; ; ;-;--; 
5888;--;'1970-01-01 00:00:00;--; ; ;-;--; 
5889;--;'1970-01-01 00:00:00;--; ; ;-;--; 
5890;--;'1970-01-01 00:00:00;--; ; ;-;--; 
5891;--;'1970-01-01 00:00:00;--; ; ;-;--; 
5892;--;'1970-01-01 00:00:00;--; ; ;-;--; 
5893;--;'1970-01-01 00:00:00;--; ; ;-;--; 
5894;--;'1970-01-01 00:00:00;--; ; ;-;--; 
5895;--;'1970-01-01 00:00:00;--; ; ;-;--; 
5896;--;'1970-01-01 00:00:00;--; ; ;-;--; 
5897;--;'1970-01-01 00:00:00;--; ; ;-;--; 
5898;--;'1970-01-01 00:00:00;--; ; ;-;--; 
5899;--;'1970-01-01 00:00:00;--; ; ;-;--; 
5900;--;'1970-01-01 00:00:00;--; ; ;-;--; 
5901;--;'1970-01-01 00:00:00;--; ; ;-;--; 
5902;--;'1970-01-01 00:00:00;--; ; ;-;--; 
5903;--;'1970-01-01 00:00:00;--; ; ;-;--; 
5904;--;'1970-01-01 00:00:00;--; ; ;-;--; 
5905;--;'1970-01-01 00:00:00;--; ; ;-;--; 
5906;--;'1970-01-01 00:00:00;--; ; ;-;--; 
5907;--;'1970-01-01 00:00:00;--; ; ;-;--; 
5908;--;'1970-01-01 00:00:00;--; ; ;-;--; 
5909;--;'1970-01-01 00:00:00;--; ; ;-;--; 
5910;--;'1970-01-01 00:00:00;--; ; ;-;--; 
5911;--;'1970-01-01 00:00:00;--; ; ;-;--; 
5912;--;'1970-01-01 00:00:00;--; ; ;-;--; 
5913;--;'1970-01-01 00:00:00;--; ; ;-;--; 
5914;--;'1970-01-01 00:00:00;--; ; ;-;--; 
5915;--;'1970-01-01 00:00:00;--; ; ;-;--; 
5916;--;'1970-01-01 00:00:00;--; ; ;-;--; 
5917;--;'1970-01-01 00:00:00;--; ; ;-;--; 
5918;--;'1970-01-01 00:00:00;--; ; ;-;--; 
5919;--;'1970-01-01 00:00:00;--; ; ;-;--; 
5920;--;'1970-01-01 00:00:00;--; ; ;-;--; 
5921;--;'1970-01-01 00:00:00;--; ; ;-;--; 
5922;--;'1970-01-01 00:00:00;--; ; ;-;--; 
5923;--;'1970-01-01 00:00:00;--; ; ;-;--; 
5924;--;'1970-01-01 00:00:00;--; ; ;-;--; 
5925;--;'1970-01-01 00:00:00;--; ; ;-;--; 
5926;--;'1970-01-01 00:00:00;--; ; ;-;--; 
5927;--;'1970-01-01 00:00:00;--; ; ;-;--; 
5928;--;'1970-01-01 00:00:00;--; ; ;-;--; 
5929;--;'1970-01-01 00:00:00;--; ; ;-;--; 
5930;--;'1970-01-01 00:00:00;--; ; ;-;--; 
5931;--;'1970-01-01 00:00:00;--; ; ;-;--; 
5932;--;'1970-01-01 00:00:00;--; ; ;-;--; 
5933;--;'1970-01-01 00:00:00;--; ; ;-;--; 
5934;--;'1970-01-01 00:00:00;--; ; ;-;--; 
5935;--;'1970-01-01 00:00:00;--; ; ;-;--; 
5936;--;'1970-01-01 00:00:00;--; ; ;-;--; 
5937;--;'1970-01-01 00:00:00;--; ; ;-;--; 
5938;--;'1970-01-01 00:00:00;--; ; ;-;--; 
5939;--;'1970-01-01 00:00:00;--; ; ;-;--; 
5940;--;'1970-01-01 00:00:00;--; ; ;-;--; 
5941;--;'1970-01-01 00:00:00;--; ; ;-;--; 
5942;--;'1970-01-01 00:00:00;--; ; ;-;--; 
5943;--;'1970-01-01 00:00:00;--; ; ;-;--; 
5944;--;'1970-01-01 00:00:00;--; ; ;-;--; 
5945;--;'1970-01-01 00:00:00;--; ; ;-;--; 
5946;--;'1970-01-01 00:00:00;--; ; ;-;--; 
5947;--;'1970-01-01 00:00:00;--; ; ;-;--; 
5948;--;'1970-01-01 00:00:00;--; ; ;-;--; 
5949;--;'1970-01-01 00:00:00;--; ; ;-;--; 
5950;--;'1970-01-01 00:00:00;--; ; ;-;--; 
5951;--;'1970-01-01 00:00:00;--; ; ;-;--; 
5952;--;'1970-01-01 00:00:00;--; ; ;-;--; 
5953;--;'1970-01-01 00:00:00;--; ; ;-;--; 
5954;--;'1970-01-01 00:00:00;--; ; ;-;--; 
5955;--;'1970-01-01 00:00:00;--; ; ;-;--; 
5956;--;'1970-01-01 00:00:00;--; ; ;-;--; 
5957;--;'1970-01-01 00:00:00;--; ; ;-;--; 
5958;--;'1970-01-01 00:00:00;--; ; ;-;--; 
5959;--;'1970-01-01 00:00:00;--; ; ;-;--; 
5960;--;'1970-01-01 00:00:00;--; ; ;-;--; 
5961;--;'1970-01-01 00:00:00;--; ; ;-;--; 
5962;--;'1970-01-01 00:00:00;--; ; ;-;--; 
5963;--;'1970-01-01 00:00:00;--; ; ;-;--; 
5964;--;'1970-01-01 00:00:00;--; ; ;-;--; 
5965;--;'1970-01-01 00:00:00;--; ; ;-;--; 
5966;--;'1970-01-01 00:00:00;--; ; ;-;--; 
5967;--;'1970-01-01 00:00:00;--; ; ;-;--; 
5968;--;'1970-01-01 00:00:00;--; ; ;-;--; 
5969;--;'1970-01-01 00:00:00;--; ; ;-;--; 
5970;--;'1970-01-01 00:00:00;--; ; ;-;--; 
5971;--;'1970-01-01 00:00:00;--; ; ;-;--; 
5972;--;'1970-01-01 00:00:00;--; ; ;-;--; 
5973;--;'1970-01-01 00:00:00;--; ; ;-;--; 
5974;--;'1970-01-01 00:00:00;--; ; ;-;--; 
5975;--;'1970-01-01 00:00:00;--; ; ;-;--; 
5976;--;'1970-01-01 00:00:00;--; ; ;-;--; 
5977;--;'1970-01-01 00:00:00;--; ; ;-;--; 
5978;--;'1970-01-01 00:00:00;--; ; ;-;--; 
5979;--;'1970-01-01 00:00:00;--; ; ;-;--; 
5980;--;'1970-01-01 00:00:00;--; ; ;-;--; 
5981;--;'1970-01-01 00:00:00;--; ; ;-;--; 
5982;--;'1970-01-01 00:00:00;--; ; ;-;--; 
5983;--;'1970-01-01 00:00:00;--; ; ;-;--; 
5984;--;'1970-01-01 00:00:00;--; ; ;-;--; 
5985;--;'1970-01-01 00:00:00;--; ; ;-;--; 
5986;--;'1970-01-01 00:00:00;--; ; ;-;--; 
5987;--;'1970-01-01 00:00:00;--; ; ;-;--; 
5988;--;'1970-01-01 00:00:00;--; ; ;-;--; 
5989;--;'1970-01-01 00:00:00;--; ; ;-;--; 
5990;--;'1970-01-01 00:00:00;--; ; ;-;--; 
5991;--;'1970-01-01 00:00:00;--; ; ;-;--; 
5992;--;'1970-01-01 00:00:00;--; ; ;-;--; 
5993;--;'1970-01-01 00:00:00;--; ; ;-;--; 
5994;--;'1970-01-01 00:00:00;--; ; ;-;--; 
5995;--;'1970-01-01 00:00:00;--; ; ;-;--; 
5996;--;'1970-01-01 00:00:00;--; ; ;-;--; 
5997;--;'1970-01-01 00:00:00;--; ; ;-;--; 
5998;--;'1970-01-01 00:00:00;--; ; ;-;--; 
5999;--;'1970-01-01 00:00:00;--; ; ;-;--; 
6000;--;'1970-01-01 00:00:00;--; ; ;-;--; 
6001;--;'1970-01-01 00:00:00;--; ; ;-;--; 
6002;--;'1970-01-01 00:00:00;--; ; ;-;--; 
6003;--;'1970-01-01 00:00:00;--; ; ;-;--; 
6004;--;'1970-01-01 00:00:00;--; ; ;-;--; 
6005;--;'1970-01-01 00:00:00;--; ; ;-;--; 
6006;--;'1970-01-01 00:00:00;--; ; ;-;--; 
6007;--;'1970-01-01 00:00:00;--; ; ;-;--; 
6008;--;'1970-01-01 00:00:00;--; ; ;-;--; 
6009;--;'1970-01-01 00:00:00;--; ; ;-;--; 
6010;--;'1970-01-01 00:00:00;--; ; ;-;--; 
6011;--;'1970-01-01 00:00:00;--; ; ;-;--; 
6012;--;'1970-01-01 00:00:00;--; ; ;-;--; 
6013;--;'1970-01-01 00:00:00;--; ; ;-;--; 
6014;--;'1970-01-01 00:00:00;--; ; ;-;--; 
6015;--;'1970-01-01 00:00:00;--; ; ;-;--; 
6016;--;'1970-01-01 00:00:00;--; ; ;-;--; 
6017;--;'1970-01-01 00:00:00;--; ; ;-;--; 
6018;--;'1970-01-01 00:00:00;--; ; ;-;--; 
6019;--;'1970-01-01 00:00:00;--; ; ;-;--; 
6020;--;'1970-01-01 00:00:00;--; ; ;-;--; 
6021;--;'1970-01-01 00:00:00;--; ; ;-;--; 
6022;--;'1970-01-01 00:00:00;--; ; ;-;--; 
6023;--;'1970-01-01 00:00:00;--; ; ;-;--; 
6024;--;'1970-01-01 00:00:00;--; ; ;-;--; 
6025;--;'1970-01-01 00:00:00;--; ; ;-;--; 
6026;--;'1970-01-01 00:00:00;--; ; ;-;--; 
6027;--;'1970-01-01 00:00:00;--; ; ;-;--; 
6028;--;'1970-01-01 00:00:00;--; ; ;-;--; 
6029;--;'1970-01-01 00:00:00;--; ; ;-;--; 
6030;--;'1970-01-01 00:00:00;--; ; ;-;--; 
6031;--;'1970-01-01 00:00:00;--; ; ;-;--; 
6032;--;'1970-01-01 00:00:00;--; ; ;-;--; 
6033;--;'1970-01-01 00:00:00;--; ; ;-;--; 
6034;--;'1970-01-01 00:00:00;--; ; ;-;--; 
6035;--;'1970-01-01 00:00:00;--; ; ;-;--; 
6036;--;'1970-01-01 00:00:00;--; ; ;-;--; 
6037;--;'1970-01-01 00:00:00;--; ; ;-;--; 
6038;--;'1970-01-01 00:00:00;--; ; ;-;--; 
6039;--;'1970-01-01 00:00:00;--; ; ;-;--; 
6040;--;'1970-01-01 00:00:00;--; ; ;-;--; 
6041;--;'1970-01-01 00:00:00;--; ; ;-;--; 
6042;--;'1970-01-01 00:00:00;--; ; ;-;--; 
6043;--;'1970-01-01 00:00:00;--; ; ;-;--; 
6044;--;'1970-01-01 00:00:00;--; ; ;-;--; 
6045;--;'1970-01-01 00:00:00;--; ; ;-;--; 
6046;--;'1970-01-01 00:00:00;--; ; ;-;--; 
6047;--;'1970-01-01 00:00:00;--; ; ;-;--; 
6048;--;'1970-01-01 00:00:00;--; ; ;-;--; 
6049;--;'1970-01-01 00:00:00;--; ; ;-;--; 
6050;--;'1970-01-01 00:00:00;--; ; ;-;--; 
6051;--;'1970-01-01 00:00:00;--; ; ;-;--; 
6052;--;'1970-01-01 00:00:00;--; ; ;-;--; 
6053;--;'1970-01-01 00:00:00;--; ; ;-;--; 
6054;--;'1970-01-01 00:00:00;--; ; ;-;--; 
6055;--;'1970-01-01 00:00:00;--; ; ;-;--; 
6056;--;'1970-01-01 00:00:00;--; ; ;-;--; 
6057;--;'1970-01-01 00:00:00;--; ; ;-;--; 
6058;--;'1970-01-01 00:00:00;--; ; ;-;--; 
6059;--;'1970-01-01 00:00:00;--; ; ;-;--; 
6060;--;'1970-01-01 00:00:00;--; ; ;-;--; 
6061;--;'1970-01-01 00:00:00;--; ; ;-;--; 
6062;--;'1970-01-01 00:00:00;--; ; ;-;--; 
6063;--;'1970-01-01 00:00:00;--; ; ;-;--; 
6064;--;'1970-01-01 00:00:00;--; ; ;-;--; 
6065;--;'1970-01-01 00:00:00;--; ; ;-;--; 
6066;--;'1970-01-01 00:00:00;--; ; ;-;--; 
6067;--;'1970-01-01 00:00:00;--; ; ;-;--; 
6068;--;'1970-01-01 00:00:00;--; ; ;-;--; 
6069;--;'1970-01-01 00:00:00;--; ; ;-;--; 
6070;--;'1970-01-01 00:00:00;--; ; ;-;--; 
6071;--;'1970-01-01 00:00:00;--; ; ;-;--; 
6072;--;'1970-01-01 00:00:00;--; ; ;-;--; 
6073;--;'1970-01-01 00:00:00;--; ; ;-;--; 
6074;--;'1970-01-01 00:00:00;--; ; ;-;--; 
6075;--;'1970-01-01 00:00:00;--; ; ;-;--; 
6076;--;'1970-01-01 00:00:00;--; ; ;-;--; 
6077;--;'1970-01-01 00:00:00;--; ; ;-;--; 
6078;--;'1970-01-01 00:00:00;--; ; ;-;--; 
6079;--;'1970-01-01 00:00:00;--; ; ;-;--; 
6080;--;'1970-01-01 00:00:00;--; ; ;-;--; 
6081;--;'1970-01-01 00:00:00;--; ; ;-;--; 
6082;--;'1970-01-01 00:00:00;--; ; ;-;--; 
6083;--;'1970-01-01 00:00:00;--; ; ;-;--; 
6084;--;'1970-01-01 00:00:00;--; ; ;-;--; 
6085;--;'1970-01-01 00:00:00;--; ; ;-;--; 
6086;--;'1970-01-01 00:00:00;--; ; ;-;--; 
6087;--;'1970-01-01 00:00:00;--; ; ;-;--; 
6088;--;'1970-01-01 00:00:00;--; ; ;-;--; 
6089;--;'1970-01-01 00:00:00;--; ; ;-;--; 
6090;--;'1970-01-01 00:00:00;--; ; ;-;--; 
6091;--;'1970-01-01 00:00:00;--; ; ;-;--; 
6092;--;'1970-01-01 00:00:00;--; ; ;-;--; 
6093;--;'1970-01-01 00:00:00;--; ; ;-;--; 
6094;--;'1970-01-01 00:00:00;--; ; ;-;--; 
6095;--;'1970-01-01 00:00:00;--; ; ;-;--; 
6096;--;'1970-01-01 00:00:00;--; ; ;-;--; 
6097;--;'1970-01-01 00:00:00;--; ; ;-;--; 
6098;--;'1970-01-01 00:00:00;--; ; ;-;--; 
6099;--;'1970-01-01 00:00:00;--; ; ;-;--; 
6100;--;'1970-01-01 00:00:00;--; ; ;-;--; 
6101;--;'1970-01-01 00:00:00;--; ; ;-;--; 
6102;--;'1970-01-01 00:00:00;--; ; ;-;--; 
6103;--;'1970-01-01 00:00:00;--; ; ;-;--; 
6104;--;'1970-01-01 00:00:00;--; ; ;-;--; 
6105;--;'1970-01-01 00:00:00;--; ; ;-;--; 
6106;--;'1970-01-01 00:00:00;--; ; ;-;--; 
6107;--;'1970-01-01 00:00:00;--; ; ;-;--; 
6108;--;'1970-01-01 00:00:00;--; ; ;-;--; 
6109;--;'1970-01-01 00:00:00;--; ; ;-;--; 
6110;--;'1970-01-01 00:00:00;--; ; ;-;--; 
6111;--;'1970-01-01 00:00:00;--; ; ;-;--; 
6112;--;'1970-01-01 00:00:00;--; ; ;-;--; 
6113;--;'1970-01-01 00:00:00;--; ; ;-;--; 
6114;--;'1970-01-01 00:00:00;--; ; ;-;--; 
6115;--;'1970-01-01 00:00:00;--; ; ;-;--; 
6116;--;'1970-01-01 00:00:00;--; ; ;-;--; 
6117;--;'1970-01-01 00:00:00;--; ; ;-;--; 
6118;--;'1970-01-01 00:00:00;--; ; ;-;--; 
6119;--;'1970-01-01 00:00:00;--; ; ;-;--; 
6120;--;'1970-01-01 00:00:00;--; ; ;-;--; 
6121;--;'1970-01-01 00:00:00;--; ; ;-;--; 
6122;--;'1970-01-01 00:00:00;--; ; ;-;--; 
6123;--;'1970-01-01 00:00:00;--; ; ;-;--; 
6124;--;'1970-01-01 00:00:00;--; ; ;-;--; 
6125;--;'1970-01-01 00:00:00;--; ; ;-;--; 
6126;--;'1970-01-01 00:00:00;--; ; ;-;--; 
6127;--;'1970-01-01 00:00:00;--; ; ;-;--; 
6128;--;'1970-01-01 00:00:00;--; ; ;-;--; 
6129;--;'1970-01-01 00:00:00;--; ; ;-;--; 
6130;--;'1970-01-01 00:00:00;--; ; ;-;--; 
6131;--;'1970-01-01 00:00:00;--; ; ;-;--; 
6132;--;'1970-01-01 00:00:00;--; ; ;-;--; 
6133;--;'1970-01-01 00:00:00;--; ; ;-;--; 
6134;--;'1970-01-01 00:00:00;--; ; ;-;--; 
6135;--;'1970-01-01 00:00:00;--; ; ;-;--; 
6136;--;'1970-01-01 00:00:00;--; ; ;-;--; 
6137;--;'1970-01-01 00:00:00;--; ; ;-;--; 
6138;--;'1970-01-01 00:00:00;--; ; ;-;--; 
6139;--;'1970-01-01 00:00:00;--; ; ;-;--; 
6140;--;'1970-01-01 00:00:00;--; ; ;-;--; 
6141;--;'1970-01-01 00:00:00;--; ; ;-;--; 
6142;--;'1970-01-01 00:00:00;--; ; ;-;--; 
6143;--;'1970-01-01 00:00:00;--; ; ;-;--; 
6144;--;'1970-01-01 00:00:00;--; ; ;-;--; 
6145;--;'1970-01-01 00:00:00;--; ; ;-;--; 
6146;--;'1970-01-01 00:00:00;--; ; ;-;--; 
6147;--;'1970-01-01 00:00:00;--; ; ;-;--; 
6148;--;'1970-01-01 00:00:00;--; ; ;-;--; 
6149;--;'1970-01-01 00:00:00;--; ; ;-;--; 
6150;--;'1970-01-01 00:00:00;--; ; ;-;--; 
6151;--;'1970-01-01 00:00:00;--; ; ;-;--; 
6152;--;'1970-01-01 00:00:00;--; ; ;-;--; 
6153;--;'1970-01-01 00:00:00;--; ; ;-;--; 
6154;--;'1970-01-01 00:00:00;--; ; ;-;--; 
6155;--;'1970-01-01 00:00:00;--; ; ;-;--; 
6156;--;'1970-01-01 00:00:00;--; ; ;-;--; 
6157;--;'1970-01-01 00:00:00;--; ; ;-;--; 
6158;--;'1970-01-01 00:00:00;--; ; ;-;--; 
6159;--;'1970-01-01 00:00:00;--; ; ;-;--; 
6160;--;'1970-01-01 00:00:00;--; ; ;-;--; 
6161;--;'1970-01-01 00:00:00;--; ; ;-;--; 
6162;--;'1970-01-01 00:00:00;--; ; ;-;--; 
6163;--;'1970-01-01 00:00:00;--; ; ;-;--; 
6164;--;'1970-01-01 00:00:00;--; ; ;-;--; 
6165;--;'1970-01-01 00:00:00;--; ; ;-;--; 
6166;--;'1970-01-01 00:00:00;--; ; ;-;--; 
6167;--;'1970-01-01 00:00:00;--; ; ;-;--; 
6168;--;'1970-01-01 00:00:00;--; ; ;-;--; 
6169;--;'1970-01-01 00:00:00;--; ; ;-;--; 
6170;--;'1970-01-01 00:00:00;--; ; ;-;--; 
6171;--;'1970-01-01 00:00:00;--; ; ;-;--; 
6172;--;'1970-01-01 00:00:00;--; ; ;-;--; 
6173;--;'1970-01-01 00:00:00;--; ; ;-;--; 
6174;--;'1970-01-01 00:00:00;--; ; ;-;--; 
6175;--;'1970-01-01 00:00:00;--; ; ;-;--; 
6176;--;'1970-01-01 00:00:00;--; ; ;-;--; 
6177;--;'1970-01-01 00:00:00;--; ; ;-;--; 
6178;--;'1970-01-01 00:00:00;--; ; ;-;--; 
6179;--;'1970-01-01 00:00:00;--; ; ;-;--; 
6180;--;'1970-01-01 00:00:00;--; ; ;-;--; 
6181;--;'1970-01-01 00:00:00;--; ; ;-;--; 
6182;--;'1970-01-01 00:00:00;--; ; ;-;--; 
6183;--;'1970-01-01 00:00:00;--; ; ;-;--; 
6184;--;'1970-01-01 00:00:00;--; ; ;-;--; 
6185;--;'1970-01-01 00:00:00;--; ; ;-;--; 
6186;--;'1970-01-01 00:00:00;--; ; ;-;--; 
6187;--;'1970-01-01 00:00:00;--; ; ;-;--; 
6188;--;'1970-01-01 00:00:00;--; ; ;-;--; 
6189;--;'1970-01-01 00:00:00;--; ; ;-;--; 
6190;--;'1970-01-01 00:00:00;--; ; ;-;--; 
6191;--;'1970-01-01 00:00:00;--; ; ;-;--; 
6192;--;'1970-01-01 00:00:00;--; ; ;-;--; 
6193;--;'1970-01-01 00:00:00;--; ; ;-;--; 
6194;--;'1970-01-01 00:00:00;--; ; ;-;--; 
6195;--;'1970-01-01 00:00:00;--; ; ;-;--; 
6196;--;'1970-01-01 00:00:00;--; ; ;-;--; 
6197;--;'1970-01-01 00:00:00;--; ; ;-;--; 
6198;--;'1970-01-01 00:00:00;--; ; ;-;--; 
6199;--;'1970-01-01 00:00:00;--; ; ;-;--; 
6200;--;'1970-01-01 00:00:00;--; ; ;-;--; 
6201;--;'1970-01-01 00:00:00;--; ; ;-;--; 
6202;--;'1970-01-01 00:00:00;--; ; ;-;--; 
6203;--;'1970-01-01 00:00:00;--; ; ;-;--; 
6204;--;'1970-01-01 00:00:00;--; ; ;-;--; 
6205;--;'1970-01-01 00:00:00;--; ; ;-;--; 
6206;--;'1970-01-01 00:00:00;--; ; ;-;--; 
6207;--;'1970-01-01 00:00:00;--; ; ;-;--; 
6208;--;'1970-01-01 00:00:00;--; ; ;-;--; 
6209;--;'1970-01-01 00:00:00;--; ; ;-;--; 
6210;--;'1970-01-01 00:00:00;--; ; ;-;--; 
6211;--;'1970-01-01 00:00:00;--; ; ;-;--; 
6212;--;'1970-01-01 00:00:00;--; ; ;-;--; 
6213;--;'1970-01-01 00:00:00;--; ; ;-;--; 
6214;--;'1970-01-01 00:00:00;--; ; ;-;--; 
6215;--;'1970-01-01 00:00:00;--; ; ;-;--; 
6216;--;'1970-01-01 00:00:00;--; ; ;-;--; 
6217;--;'1970-01-01 00:00:00;--; ; ;-;--; 
6218;--;'1970-01-01 00:00:00;--; ; ;-;--; 
6219;--;'1970-01-01 00:00:00;--; ; ;-;--; 
6220;--;'1970-01-01 00:00:00;--; ; ;-;--; 
6221;--;'1970-01-01 00:00:00;--; ; ;-;--; 
6222;--;'1970-01-01 00:00:00;--; ; ;-;--; 
6223;--;'1970-01-01 00:00:00;--; ; ;-;--; 
6224;--;'1970-01-01 00:00:00;--; ; ;-;--; 
6225;--;'1970-01-01 00:00:00;--; ; ;-;--; 
6226;--;'1970-01-01 00:00:00;--; ; ;-;--; 
6227;--;'1970-01-01 00:00:00;--; ; ;-;--; 
6228;--;'1970-01-01 00:00:00;--; ; ;-;--; 
6229;--;'1970-01-01 00:00:00;--; ; ;-;--; 
6230;--;'1970-01-01 00:00:00;--; ; ;-;--; 
6231;--;'1970-01-01 00:00:00;--; ; ;-;--; 
6232;--;'1970-01-01 00:00:00;--; ; ;-;--; 
6233;--;'1970-01-01 00:00:00;--; ; ;-;--; 
6234;--;'1970-01-01 00:00:00;--; ; ;-;--; 
6235;--;'1970-01-01 00:00:00;--; ; ;-;--; 
6236;--;'1970-01-01 00:00:00;--; ; ;-;--; 
6237;--;'1970-01-01 00:00:00;--; ; ;-;--; 
6238;--;'1970-01-01 00:00:00;--; ; ;-;--; 
6239;--;'1970-01-01 00:00:00;--; ; ;-;--; 
6240;--;'1970-01-01 00:00:00;--; ; ;-;--; 
6241;--;'1970-01-01 00:00:00;--; ; ;-;--; 
6242;--;'1970-01-01 00:00:00;--; ; ;-;--; 
6243;--;'1970-01-01 00:00:00;--; ; ;-;--; 
6244;--;'1970-01-01 00:00:00;--; ; ;-;--; 
6245;--;'1970-01-01 00:00:00;--; ; ;-;--; 
6246;--;'1970-01-01 00:00:00;--; ; ;-;--; 
6247;--;'1970-01-01 00:00:00;--; ; ;-;--; 
6248;--;'1970-01-01 00:00:00;--; ; ;-;--; 
6249;--;'1970-01-01 00:00:00;--; ; ;-;--; 
6250;--;'1970-01-01 00:00:00;--; ; ;-;--; 
6251;--;'1970-01-01 00:00:00;--; ; ;-;--; 
6252;--;'1970-01-01 00:00:00;--; ; ;-;--; 
6253;--;'1970-01-01 00:00:00;--; ; ;-;--; 
6254;--;'1970-01-01 00:00:00;--; ; ;-;--; 
6255;--;'1970-01-01 00:00:00;--; ; ;-;--; 
6256;--;'1970-01-01 00:00:00;--; ; ;-;--; 
6257;--;'1970-01-01 00:00:00;--; ; ;-;--; 
6258;--;'1970-01-01 00:00:00;--; ; ;-;--; 
6259;--;'1970-01-01 00:00:00;--; ; ;-;--; 
6260;--;'1970-01-01 00:00:00;--; ; ;-;--; 
6261;--;'1970-01-01 00:00:00;--; ; ;-;--; 
6262;--;'1970-01-01 00:00:00;--; ; ;-;--; 
6263;--;'1970-01-01 00:00:00;--; ; ;-;--; 
6264;--;'1970-01-01 00:00:00;--; ; ;-;--; 
6265;--;'1970-01-01 00:00:00;--; ; ;-;--; 
6266;--;'1970-01-01 00:00:00;--; ; ;-;--; 
6267;--;'1970-01-01 00:00:00;--; ; ;-;--; 
6268;--;'1970-01-01 00:00:00;--; ; ;-;--; 
6269;--;'1970-01-01 00:00:00;--; ; ;-;--; 
6270;--;'1970-01-01 00:00:00;--; ; ;-;--; 
6271;--;'1970-01-01 00:00:00;--; ; ;-;--; 
6272;--;'1970-01-01 00:00:00;--; ; ;-;--; 
6273;--;'1970-01-01 00:00:00;--; ; ;-;--; 
6274;--;'1970-01-01 00:00:00;--; ; ;-;--; 
6275;--;'1970-01-01 00:00:00;--; ; ;-;--; 
6276;--;'1970-01-01 00:00:00;--; ; ;-;--; 
6277;--;'1970-01-01 00:00:00;--; ; ;-;--; 
6278;--;'1970-01-01 00:00:00;--; ; ;-;--; 
6279;--;'1970-01-01 00:00:00;--; ; ;-;--; 
6280;--;'1970-01-01 00:00:00;--; ; ;-;--; 
6281;--;'1970-01-01 00:00:00;--; ; ;-;--; 
6282;--;'1970-01-01 00:00:00;--; ; ;-;--; 
6283;--;'1970-01-01 00:00:00;--; ; ;-;--; 
6284;--;'1970-01-01 00:00:00;--; ; ;-;--; 
6285;--;'1970-01-01 00:00:00;--; ; ;-;--; 
6286;--;'1970-01-01 00:00:00;--; ; ;-;--; 
6287;--;'1970-01-01 00:00:00;--; ; ;-;--; 
6288;--;'1970-01-01 00:00:00;--; ; ;-;--; 
6289;--;'1970-01-01 00:00:00;--; ; ;-;--; 
6290;--;'1970-01-01 00:00:00;--; ; ;-;--; 
6291;--;'1970-01-01 00:00:00;--; ; ;-;--; 
6292;--;'1970-01-01 00:00:00;--; ; ;-;--; 
6293;--;'1970-01-01 00:00:00;--; ; ;-;--; 
6294;--;'1970-01-01 00:00:00;--; ; ;-;--; 
6295;--;'1970-01-01 00:00:00;--; ; ;-;--; 
6296;--;'1970-01-01 00:00:00;--; ; ;-;--; 
6297;--;'1970-01-01 00:00:00;--; ; ;-;--; 
6298;--;'1970-01-01 00:00:00;--; ; ;-;--; 
6299;--;'1970-01-01 00:00:00;--; ; ;-;--; 
6300;--;'1970-01-01 00:00:00;--; ; ;-;--; 
6301;--;'1970-01-01 00:00:00;--; ; ;-;--; 
6302;--;'1970-01-01 00:00:00;--; ; ;-;--; 
6303;--;'1970-01-01 00:00:00;--; ; ;-;--; 
6304;--;'1970-01-01 00:00:00;--; ; ;-;--; 
6305;--;'1970-01-01 00:00:00;--; ; ;-;--; 
6306;--;'1970-01-01 00:00:00;--; ; ;-;--; 
6307;--;'1970-01-01 00:00:00;--; ; ;-;--; 
6308;--;'1970-01-01 00:00:00;--; ; ;-;--; 
6309;--;'1970-01-01 00:00:00;--; ; ;-;--; 
6310;--;'1970-01-01 00:00:00;--; ; ;-;--; 
6311;--;'1970-01-01 00:00:00;--; ; ;-;--; 
6312;--;'1970-01-01 00:00:00;--; ; ;-;--; 
6313;--;'1970-01-01 00:00:00;--; ; ;-;--; 
6314;--;'1970-01-01 00:00:00;--; ; ;-;--; 
6315;--;'1970-01-01 00:00:00;--; ; ;-;--; 
6316;--;'1970-01-01 00:00:00;--; ; ;-;--; 
6317;--;'1970-01-01 00:00:00;--; ; ;-;--; 
6318;--;'1970-01-01 00:00:00;--; ; ;-;--; 
6319;--;'1970-01-01 00:00:00;--; ; ;-;--; 
6320;--;'1970-01-01 00:00:00;--; ; ;-;--; 
6321;--;'1970-01-01 00:00:00;--; ; ;-;--; 
6322;--;'1970-01-01 00:00:00;--; ; ;-;--; 
6323;--;'1970-01-01 00:00:00;--; ; ;-;--; 
6324;--;'1970-01-01 00:00:00;--; ; ;-;--; 
6325;--;'1970-01-01 00:00:00;--; ; ;-;--; 
6326;--;'1970-01-01 00:00:00;--; ; ;-;--; 
6327;--;'1970-01-01 00:00:00;--; ; ;-;--; 
6328;--;'1970-01-01 00:00:00;--; ; ;-;--; 
6329;--;'1970-01-01 00:00:00;--; ; ;-;--; 
6330;--;'1970-01-01 00:00:00;--; ; ;-;--; 
6331;--;'1970-01-01 00:00:00;--; ; ;-;--; 
6332;--;'1970-01-01 00:00:00;--; ; ;-;--; 
6333;--;'1970-01-01 00:00:00;--; ; ;-;--; 
6334;--;'1970-01-01 00:00:00;--; ; ;-;--; 
6335;--;'1970-01-01 00:00:00;--; ; ;-;--; 
6336;--;'1970-01-01 00:00:00;--; ; ;-;--; 
6337;--;'1970-01-01 00:00:00;--; ; ;-;--; 
6338;--;'1970-01-01 00:00:00;--; ; ;-;--; 
6339;--;'1970-01-01 00:00:00;--; ; ;-;--; 
6340;--;'1970-01-01 00:00:00;--; ; ;-;--; 
6341;--;'1970-01-01 00:00:00;--; ; ;-;--; 
6342;--;'1970-01-01 00:00:00;--; ; ;-;--; 
6343;--;'1970-01-01 00:00:00;--; ; ;-;--; 
6344;--;'1970-01-01 00:00:00;--; ; ;-;--; 
6345;--;'1970-01-01 00:00:00;--; ; ;-;--; 
6346;--;'1970-01-01 00:00:00;--; ; ;-;--; 
6347;--;'1970-01-01 00:00:00;--; ; ;-;--; 
6348;--;'1970-01-01 00:00:00;--; ; ;-;--; 
6349;--;'1970-01-01 00:00:00;--; ; ;-;--; 
6350;--;'1970-01-01 00:00:00;--; ; ;-;--; 
6351;--;'1970-01-01 00:00:00;--; ; ;-;--; 
6352;--;'1970-01-01 00:00:00;--; ; ;-;--; 
6353;--;'1970-01-01 00:00:00;--; ; ;-;--; 
6354;--;'1970-01-01 00:00:00;--; ; ;-;--; 
6355;--;'1970-01-01 00:00:00;--; ; ;-;--; 
6356;--;'1970-01-01 00:00:00;--; ; ;-;--; 
6357;--;'1970-01-01 00:00:00;--; ; ;-;--; 
6358;--;'1970-01-01 00:00:00;--; ; ;-;--; 
6359;--;'1970-01-01 00:00:00;--; ; ;-;--; 
6360;--;'1970-01-01 00:00:00;--; ; ;-;--; 
6361;--;'1970-01-01 00:00:00;--; ; ;-;--; 
6362;--;'1970-01-01 00:00:00;--; ; ;-;--; 
6363;--;'1970-01-01 00:00:00;--; ; ;-;--; 
6364;--;'1970-01-01 00:00:00;--; ; ;-;--; 
6365;--;'1970-01-01 00:00:00;--; ; ;-;--; 
6366;--;'1970-01-01 00:00:00;--; ; ;-;--; 
6367;--;'1970-01-01 00:00:00;--; ; ;-;--; 
6368;--;'1970-01-01 00:00:00;--; ; ;-;--; 
6369;--;'1970-01-01 00:00:00;--; ; ;-;--; 
6370;--;'1970-01-01 00:00:00;--; ; ;-;--; 
6371;--;'1970-01-01 00:00:00;--; ; ;-;--; 
6372;--;'1970-01-01 00:00:00;--; ; ;-;--; 
6373;--;'1970-01-01 00:00:00;--; ; ;-;--; 
6374;--;'1970-01-01 00:00:00;--; ; ;-;--; 
6375;--;'1970-01-01 00:00:00;--; ; ;-;--; 
6376;--;'1970-01-01 00:00:00;--; ; ;-;--; 
6377;--;'1970-01-01 00:00:00;--; ; ;-;--; 
6378;--;'1970-01-01 00:00:00;--; ; ;-;--; 
6379;--;'1970-01-01 00:00:00;--; ; ;-;--; 
6380;--;'1970-01-01 00:00:00;--; ; ;-;--; 
6381;--;'1970-01-01 00:00:00;--; ; ;-;--; 
6382;--;'1970-01-01 00:00:00;--; ; ;-;--; 
6383;--;'1970-01-01 00:00:00;--; ; ;-;--; 
6384;--;'1970-01-01 00:00:00;--; ; ;-;--; 
6385;--;'1970-01-01 00:00:00;--; ; ;-;--; 
6386;--;'1970-01-01 00:00:00;--; ; ;-;--; 
6387;--;'1970-01-01 00:00:00;--; ; ;-;--; 
6388;--;'1970-01-01 00:00:00;--; ; ;-;--; 
6389;--;'1970-01-01 00:00:00;--; ; ;-;--; 
6390;--;'1970-01-01 00:00:00;--; ; ;-;--; 
6391;--;'1970-01-01 00:00:00;--; ; ;-;--; 
6392;--;'1970-01-01 00:00:00;--; ; ;-;--; 
6393;--;'1970-01-01 00:00:00;--; ; ;-;--; 
6394;--;'1970-01-01 00:00:00;--; ; ;-;--; 
6395;--;'1970-01-01 00:00:00;--; ; ;-;--; 
6396;--;'1970-01-01 00:00:00;--; ; ;-;--; 
6397;--;'1970-01-01 00:00:00;--; ; ;-;--; 
6398;--;'1970-01-01 00:00:00;--; ; ;-;--; 
6399;--;'1970-01-01 00:00:00;--; ; ;-;--; 
6400;--;'1970-01-01 00:00:00;--; ; ;-;--; 
6401;--;'1970-01-01 00:00:00;--; ; ;-;--; 
6402;--;'1970-01-01 00:00:00;--; ; ;-;--; 
6403;--;'1970-01-01 00:00:00;--; ; ;-;--; 
6404;--;'1970-01-01 00:00:00;--; ; ;-;--; 
6405;--;'1970-01-01 00:00:00;--; ; ;-;--; 
6406;--;'1970-01-01 00:00:00;--; ; ;-;--; 
6407;--;'1970-01-01 00:00:00;--; ; ;-;--; 
6408;--;'1970-01-01 00:00:00;--; ; ;-;--; 
6409;--;'1970-01-01 00:00:00;--; ; ;-;--; 
6410;--;'1970-01-01 00:00:00;--; ; ;-;--; 
6411;--;'1970-01-01 00:00:00;--; ; ;-;--; 
6412;--;'1970-01-01 00:00:00;--; ; ;-;--; 
6413;--;'1970-01-01 00:00:00;--; ; ;-;--; 
6414;--;'1970-01-01 00:00:00;--; ; ;-;--; 
6415;--;'1970-01-01 00:00:00;--; ; ;-;--; 
6416;--;'1970-01-01 00:00:00;--; ; ;-;--; 
6417;--;'1970-01-01 00:00:00;--; ; ;-;--; 
6418;--;'1970-01-01 00:00:00;--; ; ;-;--; 
6419;--;'1970-01-01 00:00:00;--; ; ;-;--; 
6420;--;'1970-01-01 00:00:00;--; ; ;-;--; 
6421;--;'1970-01-01 00:00:00;--; ; ;-;--; 
6422;--;'1970-01-01 00:00:00;--; ; ;-;--; 
6423;--;'1970-01-01 00:00:00;--; ; ;-;--; 
6424;--;'1970-01-01 00:00:00;--; ; ;-;--; 
6425;--;'1970-01-01 00:00:00;--; ; ;-;--; 
6426;--;'1970-01-01 00:00:00;--; ; ;-;--; 
6427;--;'1970-01-01 00:00:00;--; ; ;-;--; 
6428;--;'1970-01-01 00:00:00;--; ; ;-;--; 
6429;--;'1970-01-01 00:00:00;--; ; ;-;--; 
6430;--;'1970-01-01 00:00:00;--; ; ;-;--; 
6431;--;'1970-01-01 00:00:00;--; ; ;-;--; 
6432;--;'1970-01-01 00:00:00;--; ; ;-;--; 
6433;--;'1970-01-01 00:00:00;--; ; ;-;--; 
6434;--;'1970-01-01 00:00:00;--; ; ;-;--; 
6435;--;'1970-01-01 00:00:00;--; ; ;-;--; 
6436;--;'1970-01-01 00:00:00;--; ; ;-;--; 
6437;--;'1970-01-01 00:00:00;--; ; ;-;--; 
6438;--;'1970-01-01 00:00:00;--; ; ;-;--; 
6439;--;'1970-01-01 00:00:00;--; ; ;-;--; 
6440;--;'1970-01-01 00:00:00;--; ; ;-;--; 
6441;--;'1970-01-01 00:00:00;--; ; ;-;--; 
6442;--;'1970-01-01 00:00:00;--; ; ;-;--; 
6443;--;'1970-01-01 00:00:00;--; ; ;-;--; 
6444;--;'1970-01-01 00:00:00;--; ; ;-;--; 
6445;--;'1970-01-01 00:00:00;--; ; ;-;--; 
6446;--;'1970-01-01 00:00:00;--; ; ;-;--; 
6447;--;'1970-01-01 00:00:00;--; ; ;-;--; 
6448;--;'1970-01-01 00:00:00;--; ; ;-;--; 
6449;--;'1970-01-01 00:00:00;--; ; ;-;--; 
6450;--;'1970-01-01 00:00:00;--; ; ;-;--; 
6451;--;'1970-01-01 00:00:00;--; ; ;-;--; 
6452;--;'1970-01-01 00:00:00;--; ; ;-;--; 
6453;--;'1970-01-01 00:00:00;--; ; ;-;--; 
6454;--;'1970-01-01 00:00:00;--; ; ;-;--; 
6455;--;'1970-01-01 00:00:00;--; ; ;-;--; 
6456;--;'1970-01-01 00:00:00;--; ; ;-;--; 
6457;--;'1970-01-01 00:00:00;--; ; ;-;--; 
6458;--;'1970-01-01 00:00:00;--; ; ;-;--; 
6459;--;'1970-01-01 00:00:00;--; ; ;-;--; 
6460;--;'1970-01-01 00:00:00;--; ; ;-;--; 
6461;--;'1970-01-01 00:00:00;--; ; ;-;--; 
6462;--;'1970-01-01 00:00:00;--; ; ;-;--; 
6463;--;'1970-01-01 00:00:00;--; ; ;-;--; 
6464;--;'1970-01-01 00:00:00;--; ; ;-;--; 
6465;--;'1970-01-01 00:00:00;--; ; ;-;--; 
6466;--;'1970-01-01 00:00:00;--; ; ;-;--; 
6467;--;'1970-01-01 00:00:00;--; ; ;-;--; 
6468;--;'1970-01-01 00:00:00;--; ; ;-;--; 
6469;--;'1970-01-01 00:00:00;--; ; ;-;--; 
6470;--;'1970-01-01 00:00:00;--; ; ;-;--; 
6471;--;'1970-01-01 00:00:00;--; ; ;-;--; 
6472;--;'1970-01-01 00:00:00;--; ; ;-;--; 
6473;--;'1970-01-01 00:00:00;--; ; ;-;--; 
6474;--;'1970-01-01 00:00:00;--; ; ;-;--; 
6475;--;'1970-01-01 00:00:00;--; ; ;-;--; 
6476;--;'1970-01-01 00:00:00;--; ; ;-;--; 
6477;--;'1970-01-01 00:00:00;--; ; ;-;--; 
6478;--;'1970-01-01 00:00:00;--; ; ;-;--; 
6479;--;'1970-01-01 00:00:00;--; ; ;-;--; 
6480;--;'1970-01-01 00:00:00;--; ; ;-;--; 
6481;--;'1970-01-01 00:00:00;--; ; ;-;--; 
6482;--;'1970-01-01 00:00:00;--; ; ;-;--; 
6483;--;'1970-01-01 00:00:00;--; ; ;-;--; 
6484;--;'1970-01-01 00:00:00;--; ; ;-;--; 
6485;--;'1970-01-01 00:00:00;--; ; ;-;--; 
6486;--;'1970-01-01 00:00:00;--; ; ;-;--; 
6487;--;'1970-01-01 00:00:00;--; ; ;-;--; 
6488;--;'1970-01-01 00:00:00;--; ; ;-;--; 
6489;--;'1970-01-01 00:00:00;--; ; ;-;--; 
6490;--;'1970-01-01 00:00:00;--; ; ;-;--; 
6491;--;'1970-01-01 00:00:00;--; ; ;-;--; 
6492;--;'1970-01-01 00:00:00;--; ; ;-;--; 
6493;--;'1970-01-01 00:00:00;--; ; ;-;--; 
6494;--;'1970-01-01 00:00:00;--; ; ;-;--; 
6495;--;'1970-01-01 00:00:00;--; ; ;-;--; 
6496;--;'1970-01-01 00:00:00;--; ; ;-;--; 
6497;--;'1970-01-01 00:00:00;--; ; ;-;--; 
6498;--;'1970-01-01 00:00:00;--; ; ;-;--; 
6499;--;'1970-01-01 00:00:00;--; ; ;-;--; 
6500;--;'1970-01-01 00:00:00;--; ; ;-;--; 
6501;--;'1970-01-01 00:00:00;--; ; ;-;--; 
6502;--;'1970-01-01 00:00:00;--; ; ;-;--; 
6503;--;'1970-01-01 00:00:00;--; ; ;-;--; 
6504;--;'1970-01-01 00:00:00;--; ; ;-;--; 
6505;--;'1970-01-01 00:00:00;--; ; ;-;--; 
6506;--;'1970-01-01 00:00:00;--; ; ;-;--; 
6507;--;'1970-01-01 00:00:00;--; ; ;-;--; 
6508;--;'1970-01-01 00:00:00;--; ; ;-;--; 
6509;--;'1970-01-01 00:00:00;--; ; ;-;--; 
6510;--;'1970-01-01 00:00:00;--; ; ;-;--; 
6511;--;'1970-01-01 00:00:00;--; ; ;-;--; 
6512;--;'1970-01-01 00:00:00;--; ; ;-;--; 
6513;--;'1970-01-01 00:00:00;--; ; ;-;--; 
6514;--;'1970-01-01 00:00:00;--; ; ;-;--; 
6515;--;'1970-01-01 00:00:00;--; ; ;-;--; 
6516;--;'1970-01-01 00:00:00;--; ; ;-;--; 
6517;--;'1970-01-01 00:00:00;--; ; ;-;--; 
6518;--;'1970-01-01 00:00:00;--; ; ;-;--; 
6519;--;'1970-01-01 00:00:00;--; ; ;-;--; 
6520;--;'1970-01-01 00:00:00;--; ; ;-;--; 
6521;--;'1970-01-01 00:00:00;--; ; ;-;--; 
6522;--;'1970-01-01 00:00:00;--; ; ;-;--; 
6523;--;'1970-01-01 00:00:00;--; ; ;-;--; 
6524;--;'1970-01-01 00:00:00;--; ; ;-;--; 
6525;--;'1970-01-01 00:00:00;--; ; ;-;--; 
6526;--;'1970-01-01 00:00:00;--; ; ;-;--; 
6527;--;'1970-01-01 00:00:00;--; ; ;-;--; 
6528;--;'1970-01-01 00:00:00;--; ; ;-;--; 
6529;--;'1970-01-01 00:00:00;--; ; ;-;--; 
6530;--;'1970-01-01 00:00:00;--; ; ;-;--; 
6531;--;'1970-01-01 00:00:00;--; ; ;-;--; 
6532;--;'1970-01-01 00:00:00;--; ; ;-;--; 
6533;--;'1970-01-01 00:00:00;--; ; ;-;--; 
6534;--;'1970-01-01 00:00:00;--; ; ;-;--; 
6535;--;'1970-01-01 00:00:00;--; ; ;-;--; 
6536;--;'1970-01-01 00:00:00;--; ; ;-;--; 
6537;--;'1970-01-01 00:00:00;--; ; ;-;--; 
6538;--;'1970-01-01 00:00:00;--; ; ;-;--; 
6539;--;'1970-01-01 00:00:00;--; ; ;-;--; 
6540;--;'1970-01-01 00:00:00;--; ; ;-;--; 
6541;--;'1970-01-01 00:00:00;--; ; ;-;--; 
6542;--;'1970-01-01 00:00:00;--; ; ;-;--; 
6543;--;'1970-01-01 00:00:00;--; ; ;-;--; 
6544;--;'1970-01-01 00:00:00;--; ; ;-;--; 
6545;--;'1970-01-01 00:00:00;--; ; ;-;--; 
6546;--;'1970-01-01 00:00:00;--; ; ;-;--; 
6547;--;'1970-01-01 00:00:00;--; ; ;-;--; 
6548;--;'1970-01-01 00:00:00;--; ; ;-;--; 
6549;--;'1970-01-01 00:00:00;--; ; ;-;--; 
6550;--;'1970-01-01 00:00:00;--; ; ;-;--; 
6551;--;'1970-01-01 00:00:00;--; ; ;-;--; 
6552;--;'1970-01-01 00:00:00;--; ; ;-;--; 
6553;--;'1970-01-01 00:00:00;--; ; ;-;--; 
6554;--;'1970-01-01 00:00:00;--; ; ;-;--; 
6555;--;'1970-01-01 00:00:00;--; ; ;-;--; 
6556;--;'1970-01-01 00:00:00;--; ; ;-;--; 
6557;--;'1970-01-01 00:00:00;--; ; ;-;--; 
6558;--;'1970-01-01 00:00:00;--; ; ;-;--; 
6559;--;'1970-01-01 00:00:00;--; ; ;-;--; 
6560;--;'1970-01-01 00:00:00;--; ; ;-;--; 
6561;--;'1970-01-01 00:00:00;--; ; ;-;--; 
6562;--;'1970-01-01 00:00:00;--; ; ;-;--; 
6563;--;'1970-01-01 00:00:00;--; ; ;-;--; 
6564;--;'1970-01-01 00:00:00;--; ; ;-;--; 
6565;--;'1970-01-01 00:00:00;--; ; ;-;--; 
6566;--;'1970-01-01 00:00:00;--; ; ;-;--; 
6567;--;'1970-01-01 00:00:00;--; ; ;-;--; 
6568;--;'1970-01-01 00:00:00;--; ; ;-;--; 
6569;--;'1970-01-01 00:00:00;--; ; ;-;--; 
6570;--;'1970-01-01 00:00:00;--; ; ;-;--; 
6571;--;'1970-01-01 00:00:00;--; ; ;-;--; 
6572;--;'1970-01-01 00:00:00;--; ; ;-;--; 
6573;--;'1970-01-01 00:00:00;--; ; ;-;--; 
6574;--;'1970-01-01 00:00:00;--; ; ;-;--; 
6575;--;'1970-01-01 00:00:00;--; ; ;-;--; 
6576;--;'1970-01-01 00:00:00;--; ; ;-;--; 
6577;--;'1970-01-01 00:00:00;--; ; ;-;--; 
6578;--;'1970-01-01 00:00:00;--; ; ;-;--; 
6579;--;'1970-01-01 00:00:00;--; ; ;-;--; 
6580;--;'1970-01-01 00:00:00;--; ; ;-;--; 
6581;--;'1970-01-01 00:00:00;--; ; ;-;--; 
6582;--;'1970-01-01 00:00:00;--; ; ;-;--; 
6583;--;'1970-01-01 00:00:00;--; ; ;-;--; 
6584;--;'1970-01-01 00:00:00;--; ; ;-;--; 
6585;--;'1970-01-01 00:00:00;--; ; ;-;--; 
6586;--;'1970-01-01 00:00:00;--; ; ;-;--; 
6587;--;'1970-01-01 00:00:00;--; ; ;-;--; 
6588;--;'1970-01-01 00:00:00;--; ; ;-;--; 
6589;--;'1970-01-01 00:00:00;--; ; ;-;--; 
6590;--;'1970-01-01 00:00:00;--; ; ;-;--; 
6591;--;'1970-01-01 00:00:00;--; ; ;-;--; 
6592;--;'1970-01-01 00:00:00;--; ; ;-;--; 
6593;--;'1970-01-01 00:00:00;--; ; ;-;--; 
6594;--;'1970-01-01 00:00:00;--; ; ;-;--; 
6595;--;'1970-01-01 00:00:00;--; ; ;-;--; 
6596;--;'1970-01-01 00:00:00;--; ; ;-;--; 
6597;--;'1970-01-01 00:00:00;--; ; ;-;--; 
6598;--;'1970-01-01 00:00:00;--; ; ;-;--; 
6599;--;'1970-01-01 00:00:00;--; ; ;-;--; 
6600;--;'1970-01-01 00:00:00;--; ; ;-;--; 
6601;--;'1970-01-01 00:00:00;--; ; ;-;--; 
6602;--;'1970-01-01 00:00:00;--; ; ;-;--; 
6603;--;'1970-01-01 00:00:00;--; ; ;-;--; 
6604;--;'1970-01-01 00:00:00;--; ; ;-;--; 
6605;--;'1970-01-01 00:00:00;--; ; ;-;--; 
6606;--;'1970-01-01 00:00:00;--; ; ;-;--; 
6607;--;'1970-01-01 00:00:00;--; ; ;-;--; 
6608;--;'1970-01-01 00:00:00;--; ; ;-;--; 
6609;--;'1970-01-01 00:00:00;--; ; ;-;--; 
6610;--;'1970-01-01 00:00:00;--; ; ;-;--; 
6611;--;'1970-01-01 00:00:00;--; ; ;-;--; 
6612;--;'1970-01-01 00:00:00;--; ; ;-;--; 
6613;--;'1970-01-01 00:00:00;--; ; ;-;--; 
6614;--;'1970-01-01 00:00:00;--; ; ;-;--; 
6615;--;'1970-01-01 00:00:00;--; ; ;-;--; 
6616;--;'1970-01-01 00:00:00;--; ; ;-;--; 
6617;--;'1970-01-01 00:00:00;--; ; ;-;--; 
6618;--;'1970-01-01 00:00:00;--; ; ;-;--; 
6619;--;'1970-01-01 00:00:00;--; ; ;-;--; 
6620;--;'1970-01-01 00:00:00;--; ; ;-;--; 
6621;--;'1970-01-01 00:00:00;--; ; ;-;--; 
6622;--;'1970-01-01 00:00:00;--; ; ;-;--; 
6623;--;'1970-01-01 00:00:00;--; ; ;-;--; 
6624;--;'1970-01-01 00:00:00;--; ; ;-;--; 
6625;--;'1970-01-01 00:00:00;--; ; ;-;--; 
6626;--;'1970-01-01 00:00:00;--; ; ;-;--; 
6627;--;'1970-01-01 00:00:00;--; ; ;-;--; 
6628;--;'1970-01-01 00:00:00;--; ; ;-;--; 
6629;--;'1970-01-01 00:00:00;--; ; ;-;--; 
6630;--;'1970-01-01 00:00:00;--; ; ;-;--; 
6631;--;'1970-01-01 00:00:00;--; ; ;-;--; 
6632;--;'1970-01-01 00:00:00;--; ; ;-;--; 
6633;--;'1970-01-01 00:00:00;--; ; ;-;--; 
6634;--;'1970-01-01 00:00:00;--; ; ;-;--; 
6635;--;'1970-01-01 00:00:00;--; ; ;-;--; 
6636;--;'1970-01-01 00:00:00;--; ; ;-;--; 
6637;--;'1970-01-01 00:00:00;--; ; ;-;--; 
6638;--;'1970-01-01 00:00:00;--; ; ;-;--; 
6639;--;'1970-01-01 00:00:00;--; ; ;-;--; 
6640;--;'1970-01-01 00:00:00;--; ; ;-;--; 
6641;--;'1970-01-01 00:00:00;--; ; ;-;--; 
6642;--;'1970-01-01 00:00:00;--; ; ;-;--; 
6643;--;'1970-01-01 00:00:00;--; ; ;-;--; 
6644;--;'1970-01-01 00:00:00;--; ; ;-;--; 
6645;--;'1970-01-01 00:00:00;--; ; ;-;--; 
6646;--;'1970-01-01 00:00:00;--; ; ;-;--; 
6647;--;'1970-01-01 00:00:00;--; ; ;-;--; 
6648;--;'1970-01-01 00:00:00;--; ; ;-;--; 
6649;--;'1970-01-01 00:00:00;--; ; ;-;--; 
6650;--;'1970-01-01 00:00:00;--; ; ;-;--; 
6651;--;'1970-01-01 00:00:00;--; ; ;-;--; 
6652;--;'1970-01-01 00:00:00;--; ; ;-;--; 
6653;--;'1970-01-01 00:00:00;--; ; ;-;--; 
6654;--;'1970-01-01 00:00:00;--; ; ;-;--; 
6655;--;'1970-01-01 00:00:00;--; ; ;-;--; 
6656;--;'1970-01-01 00:00:00;--; ; ;-;--; 
6657;--;'1970-01-01 00:00:00;--; ; ;-;--; 
6658;--;'1970-01-01 00:00:00;--; ; ;-;--; 
6659;--;'1970-01-01 00:00:00;--; ; ;-;--; 
6660;--;'1970-01-01 00:00:00;--; ; ;-;--; 
6661;--;'1970-01-01 00:00:00;--; ; ;-;--; 
6662;--;'1970-01-01 00:00:00;--; ; ;-;--; 
6663;--;'1970-01-01 00:00:00;--; ; ;-;--; 
6664;--;'1970-01-01 00:00:00;--; ; ;-;--; 
6665;--;'1970-01-01 00:00:00;--; ; ;-;--; 
6666;--;'1970-01-01 00:00:00;--; ; ;-;--; 
6667;--;'1970-01-01 00:00:00;--; ; ;-;--; 
6668;--;'1970-01-01 00:00:00;--; ; ;-;--; 
6669;--;'1970-01-01 00:00:00;--; ; ;-;--; 
6670;--;'1970-01-01 00:00:00;--; ; ;-;--; 
6671;--;'1970-01-01 00:00:00;--; ; ;-;--; 
6672;--;'1970-01-01 00:00:00;--; ; ;-;--; 
6673;--;'1970-01-01 00:00:00;--; ; ;-;--; 
6674;--;'1970-01-01 00:00:00;--; ; ;-;--; 
6675;--;'1970-01-01 00:00:00;--; ; ;-;--; 
6676;--;'1970-01-01 00:00:00;--; ; ;-;--; 
6677;--;'1970-01-01 00:00:00;--; ; ;-;--; 
6678;--;'1970-01-01 00:00:00;--; ; ;-;--; 
6679;--;'1970-01-01 00:00:00;--; ; ;-;--; 
6680;--;'1970-01-01 00:00:00;--; ; ;-;--; 
6681;--;'1970-01-01 00:00:00;--; ; ;-;--; 
6682;--;'1970-01-01 00:00:00;--; ; ;-;--; 
6683;--;'1970-01-01 00:00:00;--; ; ;-;--; 
6684;--;'1970-01-01 00:00:00;--; ; ;-;--; 
6685;--;'1970-01-01 00:00:00;--; ; ;-;--; 
6686;--;'1970-01-01 00:00:00;--; ; ;-;--; 
6687;--;'1970-01-01 00:00:00;--; ; ;-;--; 
6688;--;'1970-01-01 00:00:00;--; ; ;-;--; 
6689;--;'1970-01-01 00:00:00;--; ; ;-;--; 
6690;--;'1970-01-01 00:00:00;--; ; ;-;--; 
6691;--;'1970-01-01 00:00:00;--; ; ;-;--; 
6692;--;'1970-01-01 00:00:00;--; ; ;-;--; 
6693;--;'1970-01-01 00:00:00;--; ; ;-;--; 
6694;--;'1970-01-01 00:00:00;--; ; ;-;--; 
6695;--;'1970-01-01 00:00:00;--; ; ;-;--; 
6696;--;'1970-01-01 00:00:00;--; ; ;-;--; 
6697;--;'1970-01-01 00:00:00;--; ; ;-;--; 
6698;--;'1970-01-01 00:00:00;--; ; ;-;--; 
6699;--;'1970-01-01 00:00:00;--; ; ;-;--; 
6700;--;'1970-01-01 00:00:00;--; ; ;-;--; 
6701;--;'1970-01-01 00:00:00;--; ; ;-;--; 
6702;--;'1970-01-01 00:00:00;--; ; ;-;--; 
6703;--;'1970-01-01 00:00:00;--; ; ;-;--; 
6704;--;'1970-01-01 00:00:00;--; ; ;-;--; 
6705;--;'1970-01-01 00:00:00;--; ; ;-;--; 
6706;--;'1970-01-01 00:00:00;--; ; ;-;--; 
6707;--;'1970-01-01 00:00:00;--; ; ;-;--; 
6708;--;'1970-01-01 00:00:00;--; ; ;-;--; 
6709;--;'1970-01-01 00:00:00;--; ; ;-;--; 
6710;--;'1970-01-01 00:00:00;--; ; ;-;--; 
6711;--;'1970-01-01 00:00:00;--; ; ;-;--; 
6712;--;'1970-01-01 00:00:00;--; ; ;-;--; 
6713;--;'1970-01-01 00:00:00;--; ; ;-;--; 
6714;--;'1970-01-01 00:00:00;--; ; ;-;--; 
6715;--;'1970-01-01 00:00:00;--; ; ;-;--; 
6716;--;'1970-01-01 00:00:00;--; ; ;-;--; 
6717;--;'1970-01-01 00:00:00;--; ; ;-;--; 
6718;--;'1970-01-01 00:00:00;--; ; ;-;--; 
6719;--;'1970-01-01 00:00:00;--; ; ;-;--; 
6720;--;'1970-01-01 00:00:00;--; ; ;-;--; 
6721;--;'1970-01-01 00:00:00;--; ; ;-;--; 
6722;--;'1970-01-01 00:00:00;--; ; ;-;--; 
6723;--;'1970-01-01 00:00:00;--; ; ;-;--; 
6724;--;'1970-01-01 00:00:00;--; ; ;-;--; 
6725;--;'1970-01-01 00:00:00;--; ; ;-;--; 
6726;--;'1970-01-01 00:00:00;--; ; ;-;--; 
6727;--;'1970-01-01 00:00:00;--; ; ;-;--; 
6728;--;'1970-01-01 00:00:00;--; ; ;-;--; 
6729;--;'1970-01-01 00:00:00;--; ; ;-;--; 
6730;--;'1970-01-01 00:00:00;--; ; ;-;--; 
6731;--;'1970-01-01 00:00:00;--; ; ;-;--; 
6732;--;'1970-01-01 00:00:00;--; ; ;-;--; 
6733;--;'1970-01-01 00:00:00;--; ; ;-;--; 
6734;--;'1970-01-01 00:00:00;--; ; ;-;--; 
6735;--;'1970-01-01 00:00:00;--; ; ;-;--; 
6736;--;'1970-01-01 00:00:00;--; ; ;-;--; 
6737;--;'1970-01-01 00:00:00;--; ; ;-;--; 
6738;--;'1970-01-01 00:00:00;--; ; ;-;--; 
6739;--;'1970-01-01 00:00:00;--; ; ;-;--; 
6740;--;'1970-01-01 00:00:00;--; ; ;-;--; 
6741;--;'1970-01-01 00:00:00;--; ; ;-;--; 
6742;--;'1970-01-01 00:00:00;--; ; ;-;--; 
6743;--;'1970-01-01 00:00:00;--; ; ;-;--; 
6744;--;'1970-01-01 00:00:00;--; ; ;-;--; 
6745;--;'1970-01-01 00:00:00;--; ; ;-;--; 
6746;--;'1970-01-01 00:00:00;--; ; ;-;--; 
6747;--;'1970-01-01 00:00:00;--; ; ;-;--; 
6748;--;'1970-01-01 00:00:00;--; ; ;-;--; 
6749;--;'1970-01-01 00:00:00;--; ; ;-;--; 
6750;--;'1970-01-01 00:00:00;--; ; ;-;--; 
6751;--;'1970-01-01 00:00:00;--; ; ;-;--; 
6752;--;'1970-01-01 00:00:00;--; ; ;-;--; 
6753;--;'1970-01-01 00:00:00;--; ; ;-;--; 
6754;--;'1970-01-01 00:00:00;--; ; ;-;--; 
6755;--;'1970-01-01 00:00:00;--; ; ;-;--; 
6756;--;'1970-01-01 00:00:00;--; ; ;-;--; 
6757;--;'1970-01-01 00:00:00;--; ; ;-;--; 
6758;--;'1970-01-01 00:00:00;--; ; ;-;--; 
6759;--;'1970-01-01 00:00:00;--; ; ;-;--; 
6760;--;'1970-01-01 00:00:00;--; ; ;-;--; 
6761;--;'1970-01-01 00:00:00;--; ; ;-;--; 
6762;--;'1970-01-01 00:00:00;--; ; ;-;--; 
6763;--;'1970-01-01 00:00:00;--; ; ;-;--; 
6764;--;'1970-01-01 00:00:00;--; ; ;-;--; 
6765;--;'1970-01-01 00:00:00;--; ; ;-;--; 
6766;--;'1970-01-01 00:00:00;--; ; ;-;--; 
6767;--;'1970-01-01 00:00:00;--; ; ;-;--; 
6768;--;'1970-01-01 00:00:00;--; ; ;-;--; 
6769;--;'1970-01-01 00:00:00;--; ; ;-;--; 
6770;--;'1970-01-01 00:00:00;--; ; ;-;--; 
6771;--;'1970-01-01 00:00:00;--; ; ;-;--; 
6772;--;'1970-01-01 00:00:00;--; ; ;-;--; 
6773;--;'1970-01-01 00:00:00;--; ; ;-;--; 
6774;--;'1970-01-01 00:00:00;--; ; ;-;--; 
6775;--;'1970-01-01 00:00:00;--; ; ;-;--; 
6776;--;'1970-01-01 00:00:00;--; ; ;-;--; 
6777;--;'1970-01-01 00:00:00;--; ; ;-;--; 
6778;--;'1970-01-01 00:00:00;--; ; ;-;--; 
6779;--;'1970-01-01 00:00:00;--; ; ;-;--; 
6780;--;'1970-01-01 00:00:00;--; ; ;-;--; 
6781;--;'1970-01-01 00:00:00;--; ; ;-;--; 
6782;--;'1970-01-01 00:00:00;--; ; ;-;--; 
6783;--;'1970-01-01 00:00:00;--; ; ;-;--; 
6784;--;'1970-01-01 00:00:00;--; ; ;-;--; 
6785;--;'1970-01-01 00:00:00;--; ; ;-;--; 
6786;--;'1970-01-01 00:00:00;--; ; ;-;--; 
6787;--;'1970-01-01 00:00:00;--; ; ;-;--; 
6788;--;'1970-01-01 00:00:00;--; ; ;-;--; 
6789;--;'1970-01-01 00:00:00;--; ; ;-;--; 
6790;--;'1970-01-01 00:00:00;--; ; ;-;--; 
6791;--;'1970-01-01 00:00:00;--; ; ;-;--; 
6792;--;'1970-01-01 00:00:00;--; ; ;-;--; 
6793;--;'1970-01-01 00:00:00;--; ; ;-;--; 
6794;--;'1970-01-01 00:00:00;--; ; ;-;--; 
6795;--;'1970-01-01 00:00:00;--; ; ;-;--; 
6796;--;'1970-01-01 00:00:00;--; ; ;-;--; 
6797;--;'1970-01-01 00:00:00;--; ; ;-;--; 
6798;--;'1970-01-01 00:00:00;--; ; ;-;--; 
6799;--;'1970-01-01 00:00:00;--; ; ;-;--; 
6800;--;'1970-01-01 00:00:00;--; ; ;-;--; 
6801;--;'1970-01-01 00:00:00;--; ; ;-;--; 
6802;--;'1970-01-01 00:00:00;--; ; ;-;--; 
6803;--;'1970-01-01 00:00:00;--; ; ;-;--; 
6804;--;'1970-01-01 00:00:00;--; ; ;-;--; 
6805;--;'1970-01-01 00:00:00;--; ; ;-;--; 
6806;--;'1970-01-01 00:00:00;--; ; ;-;--; 
6807;--;'1970-01-01 00:00:00;--; ; ;-;--; 
6808;--;'1970-01-01 00:00:00;--; ; ;-;--; 
6809;--;'1970-01-01 00:00:00;--; ; ;-;--; 
6810;--;'1970-01-01 00:00:00;--; ; ;-;--; 
6811;--;'1970-01-01 00:00:00;--; ; ;-;--; 
6812;--;'1970-01-01 00:00:00;--; ; ;-;--; 
6813;--;'1970-01-01 00:00:00;--; ; ;-;--; 
6814;--;'1970-01-01 00:00:00;--; ; ;-;--; 
6815;--;'1970-01-01 00:00:00;--; ; ;-;--; 
6816;--;'1970-01-01 00:00:00;--; ; ;-;--; 
6817;--;'1970-01-01 00:00:00;--; ; ;-;--; 
6818;--;'1970-01-01 00:00:00;--; ; ;-;--; 
6819;--;'1970-01-01 00:00:00;--; ; ;-;--; 
6820;--;'1970-01-01 00:00:00;--; ; ;-;--; 
6821;--;'1970-01-01 00:00:00;--; ; ;-;--; 
6822;--;'1970-01-01 00:00:00;--; ; ;-;--; 
6823;--;'1970-01-01 00:00:00;--; ; ;-;--; 
6824;--;'1970-01-01 00:00:00;--; ; ;-;--; 
6825;--;'1970-01-01 00:00:00;--; ; ;-;--; 
6826;--;'1970-01-01 00:00:00;--; ; ;-;--; 
6827;--;'1970-01-01 00:00:00;--; ; ;-;--; 
6828;--;'1970-01-01 00:00:00;--; ; ;-;--; 
6829;--;'1970-01-01 00:00:00;--; ; ;-;--; 
6830;--;'1970-01-01 00:00:00;--; ; ;-;--; 
6831;--;'1970-01-01 00:00:00;--; ; ;-;--; 
6832;--;'1970-01-01 00:00:00;--; ; ;-;--; 
6833;--;'1970-01-01 00:00:00;--; ; ;-;--; 
6834;--;'1970-01-01 00:00:00;--; ; ;-;--; 
6835;--;'1970-01-01 00:00:00;--; ; ;-;--; 
6836;--;'1970-01-01 00:00:00;--; ; ;-;--; 
6837;--;'1970-01-01 00:00:00;--; ; ;-;--; 
6838;--;'1970-01-01 00:00:00;--; ; ;-;--; 
6839;--;'1970-01-01 00:00:00;--; ; ;-;--; 
6840;--;'1970-01-01 00:00:00;--; ; ;-;--; 
6841;--;'1970-01-01 00:00:00;--; ; ;-;--; 
6842;--;'1970-01-01 00:00:00;--; ; ;-;--; 
6843;--;'1970-01-01 00:00:00;--; ; ;-;--; 
6844;--;'1970-01-01 00:00:00;--; ; ;-;--; 
6845;--;'1970-01-01 00:00:00;--; ; ;-;--; 
6846;--;'1970-01-01 00:00:00;--; ; ;-;--; 
6847;--;'1970-01-01 00:00:00;--; ; ;-;--; 
6848;--;'1970-01-01 00:00:00;--; ; ;-;--; 
6849;--;'1970-01-01 00:00:00;--; ; ;-;--; 
6850;--;'1970-01-01 00:00:00;--; ; ;-;--; 
6851;--;'1970-01-01 00:00:00;--; ; ;-;--; 
6852;--;'1970-01-01 00:00:00;--; ; ;-;--; 
6853;--;'1970-01-01 00:00:00;--; ; ;-;--; 
6854;--;'1970-01-01 00:00:00;--; ; ;-;--; 
6855;--;'1970-01-01 00:00:00;--; ; ;-;--; 
6856;--;'1970-01-01 00:00:00;--; ; ;-;--; 
6857;--;'1970-01-01 00:00:00;--; ; ;-;--; 
6858;--;'1970-01-01 00:00:00;--; ; ;-;--; 
6859;--;'1970-01-01 00:00:00;--; ; ;-;--; 
6860;--;'1970-01-01 00:00:00;--; ; ;-;--; 
6861;--;'1970-01-01 00:00:00;--; ; ;-;--; 
6862;--;'1970-01-01 00:00:00;--; ; ;-;--; 
6863;--;'1970-01-01 00:00:00;--; ; ;-;--; 
6864;--;'1970-01-01 00:00:00;--; ; ;-;--; 
6865;--;'1970-01-01 00:00:00;--; ; ;-;--; 
6866;--;'1970-01-01 00:00:00;--; ; ;-;--; 
6867;--;'1970-01-01 00:00:00;--; ; ;-;--; 
6868;--;'1970-01-01 00:00:00;--; ; ;-;--; 
6869;--;'1970-01-01 00:00:00;--; ; ;-;--; 
6870;--;'1970-01-01 00:00:00;--; ; ;-;--; 
6871;--;'1970-01-01 00:00:00;--; ; ;-;--; 
6872;--;'1970-01-01 00:00:00;--; ; ;-;--; 
6873;--;'1970-01-01 00:00:00;--; ; ;-;--; 
6874;--;'1970-01-01 00:00:00;--; ; ;-;--; 
6875;--;'1970-01-01 00:00:00;--; ; ;-;--; 
6876;--;'1970-01-01 00:00:00;--; ; ;-;--; 
6877;--;'1970-01-01 00:00:00;--; ; ;-;--; 
6878;--;'1970-01-01 00:00:00;--; ; ;-;--; 
6879;--;'1970-01-01 00:00:00;--; ; ;-;--; 
6880;--;'1970-01-01 00:00:00;--; ; ;-;--; 
6881;--;'1970-01-01 00:00:00;--; ; ;-;--; 
6882;--;'1970-01-01 00:00:00;--; ; ;-;--; 
6883;--;'1970-01-01 00:00:00;--; ; ;-;--; 
6884;--;'1970-01-01 00:00:00;--; ; ;-;--; 
6885;--;'1970-01-01 00:00:00;--; ; ;-;--; 
6886;--;'1970-01-01 00:00:00;--; ; ;-;--; 
6887;--;'1970-01-01 00:00:00;--; ; ;-;--; 
6888;--;'1970-01-01 00:00:00;--; ; ;-;--; 
6889;--;'1970-01-01 00:00:00;--; ; ;-;--; 
6890;--;'1970-01-01 00:00:00;--; ; ;-;--; 
6891;--;'1970-01-01 00:00:00;--; ; ;-;--; 
6892;--;'1970-01-01 00:00:00;--; ; ;-;--; 
6893;--;'1970-01-01 00:00:00;--; ; ;-;--; 
6894;--;'1970-01-01 00:00:00;--; ; ;-;--; 
6895;--;'1970-01-01 00:00:00;--; ; ;-;--; 
6896;--;'1970-01-01 00:00:00;--; ; ;-;--; 
6897;--;'1970-01-01 00:00:00;--; ; ;-;--; 
6898;--;'1970-01-01 00:00:00;--; ; ;-;--; 
6899;--;'1970-01-01 00:00:00;--; ; ;-;--; 
6900;--;'1970-01-01 00:00:00;--; ; ;-;--; 
6901;--;'1970-01-01 00:00:00;--; ; ;-;--; 
6902;--;'1970-01-01 00:00:00;--; ; ;-;--; 
6903;--;'1970-01-01 00:00:00;--; ; ;-;--; 
6904;--;'1970-01-01 00:00:00;--; ; ;-;--; 
6905;--;'1970-01-01 00:00:00;--; ; ;-;--; 
6906;--;'1970-01-01 00:00:00;--; ; ;-;--; 
6907;--;'1970-01-01 00:00:00;--; ; ;-;--; 
6908;--;'1970-01-01 00:00:00;--; ; ;-;--; 
6909;--;'1970-01-01 00:00:00;--; ; ;-;--; 
6910;--;'1970-01-01 00:00:00;--; ; ;-;--; 
6911;--;'1970-01-01 00:00:00;--; ; ;-;--; 
6912;--;'1970-01-01 00:00:00;--; ; ;-;--; 
6913;--;'1970-01-01 00:00:00;--; ; ;-;--; 
6914;--;'1970-01-01 00:00:00;--; ; ;-;--; 
6915;--;'1970-01-01 00:00:00;--; ; ;-;--; 
6916;--;'1970-01-01 00:00:00;--; ; ;-;--; 
6917;--;'1970-01-01 00:00:00;--; ; ;-;--; 
6918;--;'1970-01-01 00:00:00;--; ; ;-;--; 
6919;--;'1970-01-01 00:00:00;--; ; ;-;--; 
6920;--;'1970-01-01 00:00:00;--; ; ;-;--; 
6921;--;'1970-01-01 00:00:00;--; ; ;-;--; 
6922;--;'1970-01-01 00:00:00;--; ; ;-;--; 
6923;--;'1970-01-01 00:00:00;--; ; ;-;--; 
6924;--;'1970-01-01 00:00:00;--; ; ;-;--; 
6925;--;'1970-01-01 00:00:00;--; ; ;-;--; 
6926;--;'1970-01-01 00:00:00;--; ; ;-;--; 
6927;--;'1970-01-01 00:00:00;--; ; ;-;--; 
6928;--;'1970-01-01 00:00:00;--; ; ;-;--; 
6929;--;'1970-01-01 00:00:00;--; ; ;-;--; 
6930;--;'1970-01-01 00:00:00;--; ; ;-;--; 
6931;--;'1970-01-01 00:00:00;--; ; ;-;--; 
6932;--;'1970-01-01 00:00:00;--; ; ;-;--; 
6933;--;'1970-01-01 00:00:00;--; ; ;-;--; 
6934;--;'1970-01-01 00:00:00;--; ; ;-;--; 
6935;--;'1970-01-01 00:00:00;--; ; ;-;--; 
6936;--;'1970-01-01 00:00:00;--; ; ;-;--; 
6937;--;'1970-01-01 00:00:00;--; ; ;-;--; 
6938;--;'1970-01-01 00:00:00;--; ; ;-;--; 
6939;--;'1970-01-01 00:00:00;--; ; ;-;--; 
6940;--;'1970-01-01 00:00:00;--; ; ;-;--; 
6941;--;'1970-01-01 00:00:00;--; ; ;-;--; 
6942;--;'1970-01-01 00:00:00;--; ; ;-;--; 
6943;--;'1970-01-01 00:00:00;--; ; ;-;--; 
6944;--;'1970-01-01 00:00:00;--; ; ;-;--; 
6945;--;'1970-01-01 00:00:00;--; ; ;-;--; 
6946;--;'1970-01-01 00:00:00;--; ; ;-;--; 
6947;--;'1970-01-01 00:00:00;--; ; ;-;--; 
6948;--;'1970-01-01 00:00:00;--; ; ;-;--; 
6949;--;'1970-01-01 00:00:00;--; ; ;-;--; 
6950;--;'1970-01-01 00:00:00;--; ; ;-;--; 
6951;--;'1970-01-01 00:00:00;--; ; ;-;--; 
6952;--;'1970-01-01 00:00:00;--; ; ;-;--; 
6953;--;'1970-01-01 00:00:00;--; ; ;-;--; 
6954;--;'1970-01-01 00:00:00;--; ; ;-;--; 
6955;--;'1970-01-01 00:00:00;--; ; ;-;--; 
6956;--;'1970-01-01 00:00:00;--; ; ;-;--; 
6957;--;'1970-01-01 00:00:00;--; ; ;-;--; 
6958;--;'1970-01-01 00:00:00;--; ; ;-;--; 
6959;--;'1970-01-01 00:00:00;--; ; ;-;--; 
6960;--;'1970-01-01 00:00:00;--; ; ;-;--; 
6961;--;'1970-01-01 00:00:00;--; ; ;-;--; 
6962;--;'1970-01-01 00:00:00;--; ; ;-;--; 
6963;--;'1970-01-01 00:00:00;--; ; ;-;--; 
6964;--;'1970-01-01 00:00:00;--; ; ;-;--; 
6965;--;'1970-01-01 00:00:00;--; ; ;-;--; 
6966;--;'1970-01-01 00:00:00;--; ; ;-;--; 
6967;--;'1970-01-01 00:00:00;--; ; ;-;--; 
6968;--;'1970-01-01 00:00:00;--; ; ;-;--; 
6969;--;'1970-01-01 00:00:00;--; ; ;-;--; 
6970;--;'1970-01-01 00:00:00;--; ; ;-;--; 
6971;--;'1970-01-01 00:00:00;--; ; ;-;--; 
6972;--;'1970-01-01 00:00:00;--; ; ;-;--; 
6973;--;'1970-01-01 00:00:00;--; ; ;-;--; 
6974;--;'1970-01-01 00:00:00;--; ; ;-;--; 
6975;--;'1970-01-01 00:00:00;--; ; ;-;--; 
6976;--;'1970-01-01 00:00:00;--; ; ;-;--; 
6977;--;'1970-01-01 00:00:00;--; ; ;-;--; 
6978;--;'1970-01-01 00:00:00;--; ; ;-;--; 
6979;--;'1970-01-01 00:00:00;--; ; ;-;--; 
6980;--;'1970-01-01 00:00:00;--; ; ;-;--; 
6981;--;'1970-01-01 00:00:00;--; ; ;-;--; 
6982;--;'1970-01-01 00:00:00;--; ; ;-;--; 
6983;--;'1970-01-01 00:00:00;--; ; ;-;--; 
6984;--;'1970-01-01 00:00:00;--; ; ;-;--; 
6985;--;'1970-01-01 00:00:00;--; ; ;-;--; 
6986;--;'1970-01-01 00:00:00;--; ; ;-;--; 
6987;--;'1970-01-01 00:00:00;--; ; ;-;--; 
6988;--;'1970-01-01 00:00:00;--; ; ;-;--; 
6989;--;'1970-01-01 00:00:00;--; ; ;-;--; 
6990;--;'1970-01-01 00:00:00;--; ; ;-;--; 
6991;--;'1970-01-01 00:00:00;--; ; ;-;--; 
6992;--;'1970-01-01 00:00:00;--; ; ;-;--; 
6993;--;'1970-01-01 00:00:00;--; ; ;-;--; 
6994;--;'1970-01-01 00:00:00;--; ; ;-;--; 
6995;--;'1970-01-01 00:00:00;--; ; ;-;--; 
6996;--;'1970-01-01 00:00:00;--; ; ;-;--; 
6997;--;'1970-01-01 00:00:00;--; ; ;-;--; 
6998;--;'1970-01-01 00:00:00;--; ; ;-;--; 
6999;--;'1970-01-01 00:00:00;--; ; ;-;--; 
7000;--;'1970-01-01 00:00:00;--; ; ;-;--; 
7001;--;'1970-01-01 00:00:00;--; ; ;-;--; 
7002;--;'1970-01-01 00:00:00;--; ; ;-;--; 
7003;--;'1970-01-01 00:00:00;--; ; ;-;--; 
7004;--;'1970-01-01 00:00:00;--; ; ;-;--; 
7005;--;'1970-01-01 00:00:00;--; ; ;-;--; 
7006;--;'1970-01-01 00:00:00;--; ; ;-;--; 
7007;--;'1970-01-01 00:00:00;--; ; ;-;--; 
7008;--;'1970-01-01 00:00:00;--; ; ;-;--; 
7009;--;'1970-01-01 00:00:00;--; ; ;-;--; 
7010;--;'1970-01-01 00:00:00;--; ; ;-;--; 
7011;--;'1970-01-01 00:00:00;--; ; ;-;--; 
7012;--;'1970-01-01 00:00:00;--; ; ;-;--; 
7013;--;'1970-01-01 00:00:00;--; ; ;-;--; 
7014;--;'1970-01-01 00:00:00;--; ; ;-;--; 
7015;--;'1970-01-01 00:00:00;--; ; ;-;--; 
7016;--;'1970-01-01 00:00:00;--; ; ;-;--; 
7017;--;'1970-01-01 00:00:00;--; ; ;-;--; 
7018;--;'1970-01-01 00:00:00;--; ; ;-;--; 
7019;--;'1970-01-01 00:00:00;--; ; ;-;--; 
7020;--;'1970-01-01 00:00:00;--; ; ;-;--; 
7021;--;'1970-01-01 00:00:00;--; ; ;-;--; 
7022;--;'1970-01-01 00:00:00;--; ; ;-;--; 
7023;--;'1970-01-01 00:00:00;--; ; ;-;--; 
7024;--;'1970-01-01 00:00:00;--; ; ;-;--; 
7025;--;'1970-01-01 00:00:00;--; ; ;-;--; 
7026;--;'1970-01-01 00:00:00;--; ; ;-;--; 
7027;--;'1970-01-01 00:00:00;--; ; ;-;--; 
7028;--;'1970-01-01 00:00:00;--; ; ;-;--; 
7029;--;'1970-01-01 00:00:00;--; ; ;-;--; 
7030;--;'1970-01-01 00:00:00;--; ; ;-;--; 
7031;--;'1970-01-01 00:00:00;--; ; ;-;--; 
7032;--;'1970-01-01 00:00:00;--; ; ;-;--; 
7033;--;'1970-01-01 00:00:00;--; ; ;-;--; 
7034;--;'1970-01-01 00:00:00;--; ; ;-;--; 
7035;--;'1970-01-01 00:00:00;--; ; ;-;--; 
7036;--;'1970-01-01 00:00:00;--; ; ;-;--; 
7037;--;'1970-01-01 00:00:00;--; ; ;-;--; 
7038;--;'1970-01-01 00:00:00;--; ; ;-;--; 
7039;--;'1970-01-01 00:00:00;--; ; ;-;--; 
7040;--;'1970-01-01 00:00:00;--; ; ;-;--; 
7041;--;'1970-01-01 00:00:00;--; ; ;-;--; 
7042;--;'1970-01-01 00:00:00;--; ; ;-;--; 
7043;--;'1970-01-01 00:00:00;--; ; ;-;--; 
7044;--;'1970-01-01 00:00:00;--; ; ;-;--; 
7045;--;'1970-01-01 00:00:00;--; ; ;-;--; 
7046;--;'1970-01-01 00:00:00;--; ; ;-;--; 
7047;--;'1970-01-01 00:00:00;--; ; ;-;--; 
7048;--;'1970-01-01 00:00:00;--; ; ;-;--; 
7049;--;'1970-01-01 00:00:00;--; ; ;-;--; 
7050;--;'1970-01-01 00:00:00;--; ; ;-;--; 
7051;--;'1970-01-01 00:00:00;--; ; ;-;--; 
7052;--;'1970-01-01 00:00:00;--; ; ;-;--; 
7053;--;'1970-01-01 00:00:00;--; ; ;-;--; 
7054;--;'1970-01-01 00:00:00;--; ; ;-;--; 
7055;--;'1970-01-01 00:00:00;--; ; ;-;--; 
7056;--;'1970-01-01 00:00:00;--; ; ;-;--; 
7057;--;'1970-01-01 00:00:00;--; ; ;-;--; 
7058;--;'1970-01-01 00:00:00;--; ; ;-;--; 
7059;--;'1970-01-01 00:00:00;--; ; ;-;--; 
7060;--;'1970-01-01 00:00:00;--; ; ;-;--; 
7061;--;'1970-01-01 00:00:00;--; ; ;-;--; 
7062;--;'1970-01-01 00:00:00;--; ; ;-;--; 
7063;--;'1970-01-01 00:00:00;--; ; ;-;--; 
7064;--;'1970-01-01 00:00:00;--; ; ;-;--; 
7065;--;'1970-01-01 00:00:00;--; ; ;-;--; 
7066;--;'1970-01-01 00:00:00;--; ; ;-;--; 
7067;--;'1970-01-01 00:00:00;--; ; ;-;--; 
7068;--;'1970-01-01 00:00:00;--; ; ;-;--; 
7069;--;'1970-01-01 00:00:00;--; ; ;-;--; 
7070;--;'1970-01-01 00:00:00;--; ; ;-;--; 
7071;--;'1970-01-01 00:00:00;--; ; ;-;--; 
7072;--;'1970-01-01 00:00:00;--; ; ;-;--; 
7073;--;'1970-01-01 00:00:00;--; ; ;-;--; 
7074;--;'1970-01-01 00:00:00;--; ; ;-;--; 
7075;--;'1970-01-01 00:00:00;--; ; ;-;--; 
7076;--;'1970-01-01 00:00:00;--; ; ;-;--; 
7077;--;'1970-01-01 00:00:00;--; ; ;-;--; 
7078;--;'1970-01-01 00:00:00;--; ; ;-;--; 
7079;--;'1970-01-01 00:00:00;--; ; ;-;--; 
7080;--;'1970-01-01 00:00:00;--; ; ;-;--; 
7081;--;'1970-01-01 00:00:00;--; ; ;-;--; 
7082;--;'1970-01-01 00:00:00;--; ; ;-;--; 
7083;--;'1970-01-01 00:00:00;--; ; ;-;--; 
7084;--;'1970-01-01 00:00:00;--; ; ;-;--; 
7085;--;'1970-01-01 00:00:00;--; ; ;-;--; 
7086;--;'1970-01-01 00:00:00;--; ; ;-;--; 
7087;--;'1970-01-01 00:00:00;--; ; ;-;--; 
7088;--;'1970-01-01 00:00:00;--; ; ;-;--; 
7089;--;'1970-01-01 00:00:00;--; ; ;-;--; 
7090;--;'1970-01-01 00:00:00;--; ; ;-;--; 
7091;--;'1970-01-01 00:00:00;--; ; ;-;--; 
7092;--;'1970-01-01 00:00:00;--; ; ;-;--; 
7093;--;'1970-01-01 00:00:00;--; ; ;-;--; 
7094;--;'1970-01-01 00:00:00;--; ; ;-;--; 
7095;--;'1970-01-01 00:00:00;--; ; ;-;--; 
7096;--;'1970-01-01 00:00:00;--; ; ;-;--; 
7097;--;'1970-01-01 00:00:00;--; ; ;-;--; 
7098;--;'1970-01-01 00:00:00;--; ; ;-;--; 
7099;--;'1970-01-01 00:00:00;--; ; ;-;--; 
7100;--;'1970-01-01 00:00:00;--; ; ;-;--; 
7101;--;'1970-01-01 00:00:00;--; ; ;-;--; 
7102;--;'1970-01-01 00:00:00;--; ; ;-;--; 
7103;--;'1970-01-01 00:00:00;--; ; ;-;--; 
7104;--;'1970-01-01 00:00:00;--; ; ;-;--; 
7105;--;'1970-01-01 00:00:00;--; ; ;-;--; 
7106;--;'1970-01-01 00:00:00;--; ; ;-;--; 
7107;--;'1970-01-01 00:00:00;--; ; ;-;--; 
7108;--;'1970-01-01 00:00:00;--; ; ;-;--; 
7109;--;'1970-01-01 00:00:00;--; ; ;-;--; 
7110;--;'1970-01-01 00:00:00;--; ; ;-;--; 
7111;--;'1970-01-01 00:00:00;--; ; ;-;--; 
7112;--;'1970-01-01 00:00:00;--; ; ;-;--; 
7113;--;'1970-01-01 00:00:00;--; ; ;-;--; 
7114;--;'1970-01-01 00:00:00;--; ; ;-;--; 
7115;--;'1970-01-01 00:00:00;--; ; ;-;--; 
7116;--;'1970-01-01 00:00:00;--; ; ;-;--; 
7117;--;'1970-01-01 00:00:00;--; ; ;-;--; 
7118;--;'1970-01-01 00:00:00;--; ; ;-;--; 
7119;--;'1970-01-01 00:00:00;--; ; ;-;--; 
7120;--;'1970-01-01 00:00:00;--; ; ;-;--; 
7121;--;'1970-01-01 00:00:00;--; ; ;-;--; 
7122;--;'1970-01-01 00:00:00;--; ; ;-;--; 
7123;--;'1970-01-01 00:00:00;--; ; ;-;--; 
7124;--;'1970-01-01 00:00:00;--; ; ;-;--; 
7125;--;'1970-01-01 00:00:00;--; ; ;-;--; 
7126;--;'1970-01-01 00:00:00;--; ; ;-;--; 
7127;--;'1970-01-01 00:00:00;--; ; ;-;--; 
7128;--;'1970-01-01 00:00:00;--; ; ;-;--; 
7129;--;'1970-01-01 00:00:00;--; ; ;-;--; 
7130;--;'1970-01-01 00:00:00;--; ; ;-;--; 
7131;--;'1970-01-01 00:00:00;--; ; ;-;--; 
7132;--;'1970-01-01 00:00:00;--; ; ;-;--; 
7133;--;'1970-01-01 00:00:00;--; ; ;-;--; 
7134;--;'1970-01-01 00:00:00;--; ; ;-;--; 
7135;--;'1970-01-01 00:00:00;--; ; ;-;--; 
7136;--;'1970-01-01 00:00:00;--; ; ;-;--; 
7137;--;'1970-01-01 00:00:00;--; ; ;-;--; 
7138;--;'1970-01-01 00:00:00;--; ; ;-;--; 
7139;--;'1970-01-01 00:00:00;--; ; ;-;--; 
7140;--;'1970-01-01 00:00:00;--; ; ;-;--; 
7141;--;'1970-01-01 00:00:00;--; ; ;-;--; 
7142;--;'1970-01-01 00:00:00;--; ; ;-;--; 
7143;--;'1970-01-01 00:00:00;--; ; ;-;--; 
7144;--;'1970-01-01 00:00:00;--; ; ;-;--; 
7145;--;'1970-01-01 00:00:00;--; ; ;-;--; 
7146;--;'1970-01-01 00:00:00;--; ; ;-;--; 
7147;--;'1970-01-01 00:00:00;--; ; ;-;--; 
7148;--;'1970-01-01 00:00:00;--; ; ;-;--; 
7149;--;'1970-01-01 00:00:00;--; ; ;-;--; 
7150;--;'1970-01-01 00:00:00;--; ; ;-;--; 
7151;--;'1970-01-01 00:00:00;--; ; ;-;--; 
7152;--;'1970-01-01 00:00:00;--; ; ;-;--; 
7153;--;'1970-01-01 00:00:00;--; ; ;-;--; 
7154;--;'1970-01-01 00:00:00;--; ; ;-;--; 
7155;--;'1970-01-01 00:00:00;--; ; ;-;--; 
7156;--;'1970-01-01 00:00:00;--; ; ;-;--; 
7157;--;'1970-01-01 00:00:00;--; ; ;-;--; 
7158;--;'1970-01-01 00:00:00;--; ; ;-;--; 
7159;--;'1970-01-01 00:00:00;--; ; ;-;--; 
7160;--;'1970-01-01 00:00:00;--; ; ;-;--; 
7161;--;'1970-01-01 00:00:00;--; ; ;-;--; 
7162;--;'1970-01-01 00:00:00;--; ; ;-;--; 
7163;--;'1970-01-01 00:00:00;--; ; ;-;--; 
7164;--;'1970-01-01 00:00:00;--; ; ;-;--; 
7165;--;'1970-01-01 00:00:00;--; ; ;-;--; 
7166;--;'1970-01-01 00:00:00;--; ; ;-;--; 
7167;--;'1970-01-01 00:00:00;--; ; ;-;--; 
7168;--;'1970-01-01 00:00:00;--; ; ;-;--; 
7169;--;'1970-01-01 00:00:00;--; ; ;-;--; 
7170;--;'1970-01-01 00:00:00;--; ; ;-;--; 
7171;--;'1970-01-01 00:00:00;--; ; ;-;--; 
7172;--;'1970-01-01 00:00:00;--; ; ;-;--; 
7173;--;'1970-01-01 00:00:00;--; ; ;-;--; 
7174;--;'1970-01-01 00:00:00;--; ; ;-;--; 
7175;--;'1970-01-01 00:00:00;--; ; ;-;--; 
7176;--;'1970-01-01 00:00:00;--; ; ;-;--; 
7177;--;'1970-01-01 00:00:00;--; ; ;-;--; 
7178;--;'1970-01-01 00:00:00;--; ; ;-;--; 
7179;--;'1970-01-01 00:00:00;--; ; ;-;--; 
7180;--;'1970-01-01 00:00:00;--; ; ;-;--; 
7181;--;'1970-01-01 00:00:00;--; ; ;-;--; 
7182;--;'1970-01-01 00:00:00;--; ; ;-;--; 
7183;--;'1970-01-01 00:00:00;--; ; ;-;--; 
7184;--;'1970-01-01 00:00:00;--; ; ;-;--; 
7185;--;'1970-01-01 00:00:00;--; ; ;-;--; 
7186;--;'1970-01-01 00:00:00;--; ; ;-;--; 
7187;--;'1970-01-01 00:00:00;--; ; ;-;--; 
7188;--;'1970-01-01 00:00:00;--; ; ;-;--; 
7189;--;'1970-01-01 00:00:00;--; ; ;-;--; 
7190;--;'1970-01-01 00:00:00;--; ; ;-;--; 
7191;--;'1970-01-01 00:00:00;--; ; ;-;--; 
7192;--;'1970-01-01 00:00:00;--; ; ;-;--; 
7193;--;'1970-01-01 00:00:00;--; ; ;-;--; 
7194;--;'1970-01-01 00:00:00;--; ; ;-;--; 
7195;--;'1970-01-01 00:00:00;--; ; ;-;--; 
7196;--;'1970-01-01 00:00:00;--; ; ;-;--; 
7197;--;'1970-01-01 00:00:00;--; ; ;-;--; 
7198;--;'1970-01-01 00:00:00;--; ; ;-;--; 
7199;--;'1970-01-01 00:00:00;--; ; ;-;--; 
7200;--;'1970-01-01 00:00:00;--; ; ;-;--; 
7201;--;'1970-01-01 00:00:00;--; ; ;-;--; 
7202;--;'1970-01-01 00:00:00;--; ; ;-;--; 
7203;--;'1970-01-01 00:00:00;--; ; ;-;--; 
7204;--;'1970-01-01 00:00:00;--; ; ;-;--; 
7205;--;'1970-01-01 00:00:00;--; ; ;-;--; 
7206;--;'1970-01-01 00:00:00;--; ; ;-;--; 
7207;--;'1970-01-01 00:00:00;--; ; ;-;--; 
7208;--;'1970-01-01 00:00:00;--; ; ;-;--; 
7209;--;'1970-01-01 00:00:00;--; ; ;-;--; 
7210;--;'1970-01-01 00:00:00;--; ; ;-;--; 
7211;--;'1970-01-01 00:00:00;--; ; ;-;--; 
7212;--;'1970-01-01 00:00:00;--; ; ;-;--; 
7213;--;'1970-01-01 00:00:00;--; ; ;-;--; 
7214;--;'1970-01-01 00:00:00;--; ; ;-;--; 
7215;--;'1970-01-01 00:00:00;--; ; ;-;--; 
7216;--;'1970-01-01 00:00:00;--; ; ;-;--; 
7217;--;'1970-01-01 00:00:00;--; ; ;-;--; 
7218;--;'1970-01-01 00:00:00;--; ; ;-;--; 
7219;--;'1970-01-01 00:00:00;--; ; ;-;--; 
7220;--;'1970-01-01 00:00:00;--; ; ;-;--; 
7221;--;'1970-01-01 00:00:00;--; ; ;-;--; 
7222;--;'1970-01-01 00:00:00;--; ; ;-;--; 
7223;--;'1970-01-01 00:00:00;--; ; ;-;--; 
7224;--;'1970-01-01 00:00:00;--; ; ;-;--; 
7225;--;'1970-01-01 00:00:00;--; ; ;-;--; 
7226;--;'1970-01-01 00:00:00;--; ; ;-;--; 
7227;--;'1970-01-01 00:00:00;--; ; ;-;--; 
7228;--;'1970-01-01 00:00:00;--; ; ;-;--; 
7229;--;'1970-01-01 00:00:00;--; ; ;-;--; 
7230;--;'1970-01-01 00:00:00;--; ; ;-;--; 
7231;--;'1970-01-01 00:00:00;--; ; ;-;--; 
7232;--;'1970-01-01 00:00:00;--; ; ;-;--; 
7233;--;'1970-01-01 00:00:00;--; ; ;-;--; 
7234;--;'1970-01-01 00:00:00;--; ; ;-;--; 
7235;--;'1970-01-01 00:00:00;--; ; ;-;--; 
7236;--;'1970-01-01 00:00:00;--; ; ;-;--; 
7237;--;'1970-01-01 00:00:00;--; ; ;-;--; 
7238;--;'1970-01-01 00:00:00;--; ; ;-;--; 
7239;--;'1970-01-01 00:00:00;--; ; ;-;--; 
7240;--;'1970-01-01 00:00:00;--; ; ;-;--; 
7241;--;'1970-01-01 00:00:00;--; ; ;-;--; 
7242;--;'1970-01-01 00:00:00;--; ; ;-;--; 
7243;--;'1970-01-01 00:00:00;--; ; ;-;--; 
7244;--;'1970-01-01 00:00:00;--; ; ;-;--; 
7245;--;'1970-01-01 00:00:00;--; ; ;-;--; 
7246;--;'1970-01-01 00:00:00;--; ; ;-;--; 
7247;--;'1970-01-01 00:00:00;--; ; ;-;--; 
7248;--;'1970-01-01 00:00:00;--; ; ;-;--; 
7249;--;'1970-01-01 00:00:00;--; ; ;-;--; 
7250;--;'1970-01-01 00:00:00;--; ; ;-;--; 
7251;--;'1970-01-01 00:00:00;--; ; ;-;--; 
7252;--;'1970-01-01 00:00:00;--; ; ;-;--; 
7253;--;'1970-01-01 00:00:00;--; ; ;-;--; 
7254;--;'1970-01-01 00:00:00;--; ; ;-;--; 
7255;--;'1970-01-01 00:00:00;--; ; ;-;--; 
7256;--;'1970-01-01 00:00:00;--; ; ;-;--; 
7257;--;'1970-01-01 00:00:00;--; ; ;-;--; 
7258;--;'1970-01-01 00:00:00;--; ; ;-;--; 
7259;--;'1970-01-01 00:00:00;--; ; ;-;--; 
7260;--;'1970-01-01 00:00:00;--; ; ;-;--; 
7261;--;'1970-01-01 00:00:00;--; ; ;-;--; 
7262;--;'1970-01-01 00:00:00;--; ; ;-;--; 
7263;--;'1970-01-01 00:00:00;--; ; ;-;--; 
7264;--;'1970-01-01 00:00:00;--; ; ;-;--; 
7265;--;'1970-01-01 00:00:00;--; ; ;-;--; 
7266;--;'1970-01-01 00:00:00;--; ; ;-;--; 
7267;--;'1970-01-01 00:00:00;--; ; ;-;--; 
7268;--;'1970-01-01 00:00:00;--; ; ;-;--; 
7269;--;'1970-01-01 00:00:00;--; ; ;-;--; 
7270;--;'1970-01-01 00:00:00;--; ; ;-;--; 
7271;--;'1970-01-01 00:00:00;--; ; ;-;--; 
7272;--;'1970-01-01 00:00:00;--; ; ;-;--; 
7273;--;'1970-01-01 00:00:00;--; ; ;-;--; 
7274;--;'1970-01-01 00:00:00;--; ; ;-;--; 
7275;--;'1970-01-01 00:00:00;--; ; ;-;--; 
7276;--;'1970-01-01 00:00:00;--; ; ;-;--; 
7277;--;'1970-01-01 00:00:00;--; ; ;-;--; 
7278;--;'1970-01-01 00:00:00;--; ; ;-;--; 
7279;--;'1970-01-01 00:00:00;--; ; ;-;--; 
7280;--;'1970-01-01 00:00:00;--; ; ;-;--; 
7281;--;'1970-01-01 00:00:00;--; ; ;-;--; 
7282;--;'1970-01-01 00:00:00;--; ; ;-;--; 
7283;--;'1970-01-01 00:00:00;--; ; ;-;--; 
7284;--;'1970-01-01 00:00:00;--; ; ;-;--; 
7285;--;'1970-01-01 00:00:00;--; ; ;-;--; 
7286;--;'1970-01-01 00:00:00;--; ; ;-;--; 
7287;--;'1970-01-01 00:00:00;--; ; ;-;--; 
7288;--;'1970-01-01 00:00:00;--; ; ;-;--; 
7289;--;'1970-01-01 00:00:00;--; ; ;-;--; 
7290;--;'1970-01-01 00:00:00;--; ; ;-;--; 
7291;--;'1970-01-01 00:00:00;--; ; ;-;--; 
7292;--;'1970-01-01 00:00:00;--; ; ;-;--; 
7293;--;'1970-01-01 00:00:00;--; ; ;-;--; 
7294;--;'1970-01-01 00:00:00;--; ; ;-;--; 
7295;--;'1970-01-01 00:00:00;--; ; ;-;--; 
7296;--;'1970-01-01 00:00:00;--; ; ;-;--; 
7297;--;'1970-01-01 00:00:00;--; ; ;-;--; 
7298;--;'1970-01-01 00:00:00;--; ; ;-;--; 
7299;--;'1970-01-01 00:00:00;--; ; ;-;--; 
7300;--;'1970-01-01 00:00:00;--; ; ;-;--; 
7301;--;'1970-01-01 00:00:00;--; ; ;-;--; 
7302;--;'1970-01-01 00:00:00;--; ; ;-;--; 
7303;--;'1970-01-01 00:00:00;--; ; ;-;--; 
7304;--;'1970-01-01 00:00:00;--; ; ;-;--; 
7305;--;'1970-01-01 00:00:00;--; ; ;-;--; 
7306;--;'1970-01-01 00:00:00;--; ; ;-;--; 
7307;--;'1970-01-01 00:00:00;--; ; ;-;--; 
7308;--;'1970-01-01 00:00:00;--; ; ;-;--; 
7309;--;'1970-01-01 00:00:00;--; ; ;-;--; 
7310;--;'1970-01-01 00:00:00;--; ; ;-;--; 
7311;--;'1970-01-01 00:00:00;--; ; ;-;--; 
7312;--;'1970-01-01 00:00:00;--; ; ;-;--; 
7313;--;'1970-01-01 00:00:00;--; ; ;-;--; 
7314;--;'1970-01-01 00:00:00;--; ; ;-;--; 
7315;--;'1970-01-01 00:00:00;--; ; ;-;--; 
7316;--;'1970-01-01 00:00:00;--; ; ;-;--; 
7317;--;'1970-01-01 00:00:00;--; ; ;-;--; 
7318;--;'1970-01-01 00:00:00;--; ; ;-;--; 
7319;--;'1970-01-01 00:00:00;--; ; ;-;--; 
7320;--;'1970-01-01 00:00:00;--; ; ;-;--; 
7321;--;'1970-01-01 00:00:00;--; ; ;-;--; 
7322;--;'1970-01-01 00:00:00;--; ; ;-;--; 
7323;--;'1970-01-01 00:00:00;--; ; ;-;--; 
7324;--;'1970-01-01 00:00:00;--; ; ;-;--; 
7325;--;'1970-01-01 00:00:00;--; ; ;-;--; 
7326;--;'1970-01-01 00:00:00;--; ; ;-;--; 
7327;--;'1970-01-01 00:00:00;--; ; ;-;--; 
7328;--;'1970-01-01 00:00:00;--; ; ;-;--; 
7329;--;'1970-01-01 00:00:00;--; ; ;-;--; 
7330;--;'1970-01-01 00:00:00;--; ; ;-;--; 
7331;--;'1970-01-01 00:00:00;--; ; ;-;--; 
7332;--;'1970-01-01 00:00:00;--; ; ;-;--; 
7333;--;'1970-01-01 00:00:00;--; ; ;-;--; 
7334;--;'1970-01-01 00:00:00;--; ; ;-;--; 
7335;--;'1970-01-01 00:00:00;--; ; ;-;--; 
7336;--;'1970-01-01 00:00:00;--; ; ;-;--; 
7337;--;'1970-01-01 00:00:00;--; ; ;-;--; 
7338;--;'1970-01-01 00:00:00;--; ; ;-;--; 
7339;--;'1970-01-01 00:00:00;--; ; ;-;--; 
7340;--;'1970-01-01 00:00:00;--; ; ;-;--; 
7341;--;'1970-01-01 00:00:00;--; ; ;-;--; 
7342;--;'1970-01-01 00:00:00;--; ; ;-;--; 
7343;--;'1970-01-01 00:00:00;--; ; ;-;--; 
7344;--;'1970-01-01 00:00:00;--; ; ;-;--; 
7345;--;'1970-01-01 00:00:00;--; ; ;-;--; 
7346;--;'1970-01-01 00:00:00;--; ; ;-;--; 
7347;--;'1970-01-01 00:00:00;--; ; ;-;--; 
7348;--;'1970-01-01 00:00:00;--; ; ;-;--; 
7349;--;'1970-01-01 00:00:00;--; ; ;-;--; 
7350;--;'1970-01-01 00:00:00;--; ; ;-;--; 
7351;--;'1970-01-01 00:00:00;--; ; ;-;--; 
7352;--;'1970-01-01 00:00:00;--; ; ;-;--; 
7353;--;'1970-01-01 00:00:00;--; ; ;-;--; 
7354;--;'1970-01-01 00:00:00;--; ; ;-;--; 
7355;--;'1970-01-01 00:00:00;--; ; ;-;--; 
7356;--;'1970-01-01 00:00:00;--; ; ;-;--; 
7357;--;'1970-01-01 00:00:00;--; ; ;-;--; 
7358;--;'1970-01-01 00:00:00;--; ; ;-;--; 
7359;--;'1970-01-01 00:00:00;--; ; ;-;--; 
7360;--;'1970-01-01 00:00:00;--; ; ;-;--; 
7361;--;'1970-01-01 00:00:00;--; ; ;-;--; 
7362;--;'1970-01-01 00:00:00;--; ; ;-;--; 
7363;--;'1970-01-01 00:00:00;--; ; ;-;--; 
7364;--;'1970-01-01 00:00:00;--; ; ;-;--; 
7365;--;'1970-01-01 00:00:00;--; ; ;-;--; 
7366;--;'1970-01-01 00:00:00;--; ; ;-;--; 
7367;--;'1970-01-01 00:00:00;--; ; ;-;--; 
7368;--;'1970-01-01 00:00:00;--; ; ;-;--; 
7369;--;'1970-01-01 00:00:00;--; ; ;-;--; 
7370;--;'1970-01-01 00:00:00;--; ; ;-;--; 
7371;--;'1970-01-01 00:00:00;--; ; ;-;--; 
7372;--;'1970-01-01 00:00:00;--; ; ;-;--; 
7373;--;'1970-01-01 00:00:00;--; ; ;-;--; 
7374;--;'1970-01-01 00:00:00;--; ; ;-;--; 
7375;--;'1970-01-01 00:00:00;--; ; ;-;--; 
7376;--;'1970-01-01 00:00:00;--; ; ;-;--; 
7377;--;'1970-01-01 00:00:00;--; ; ;-;--; 
7378;--;'1970-01-01 00:00:00;--; ; ;-;--; 
7379;--;'1970-01-01 00:00:00;--; ; ;-;--; 
7380;--;'1970-01-01 00:00:00;--; ; ;-;--; 
7381;--;'1970-01-01 00:00:00;--; ; ;-;--; 
7382;--;'1970-01-01 00:00:00;--; ; ;-;--; 
7383;--;'1970-01-01 00:00:00;--; ; ;-;--; 
7384;--;'1970-01-01 00:00:00;--; ; ;-;--; 
7385;--;'1970-01-01 00:00:00;--; ; ;-;--; 
7386;--;'1970-01-01 00:00:00;--; ; ;-;--; 
7387;--;'1970-01-01 00:00:00;--; ; ;-;--; 
7388;--;'1970-01-01 00:00:00;--; ; ;-;--; 
7389;--;'1970-01-01 00:00:00;--; ; ;-;--; 
7390;--;'1970-01-01 00:00:00;--; ; ;-;--; 
7391;--;'1970-01-01 00:00:00;--; ; ;-;--; 
7392;--;'1970-01-01 00:00:00;--; ; ;-;--; 
7393;--;'1970-01-01 00:00:00;--; ; ;-;--; 
7394;--;'1970-01-01 00:00:00;--; ; ;-;--; 
7395;--;'1970-01-01 00:00:00;--; ; ;-;--; 
7396;--;'1970-01-01 00:00:00;--; ; ;-;--; 
7397;--;'1970-01-01 00:00:00;--; ; ;-;--; 
7398;--;'1970-01-01 00:00:00;--; ; ;-;--; 
7399;--;'1970-01-01 00:00:00;--; ; ;-;--; 
7400;--;'1970-01-01 00:00:00;--; ; ;-;--; 
7401;--;'1970-01-01 00:00:00;--; ; ;-;--; 
7402;--;'1970-01-01 00:00:00;--; ; ;-;--; 
7403;--;'1970-01-01 00:00:00;--; ; ;-;--; 
7404;--;'1970-01-01 00:00:00;--; ; ;-;--; 
7405;--;'1970-01-01 00:00:00;--; ; ;-;--; 
7406;--;'1970-01-01 00:00:00;--; ; ;-;--; 
7407;--;'1970-01-01 00:00:00;--; ; ;-;--; 
7408;--;'1970-01-01 00:00:00;--; ; ;-;--; 
7409;--;'1970-01-01 00:00:00;--; ; ;-;--; 
7410;--;'1970-01-01 00:00:00;--; ; ;-;--; 
7411;--;'1970-01-01 00:00:00;--; ; ;-;--; 
7412;--;'1970-01-01 00:00:00;--; ; ;-;--; 
7413;--;'1970-01-01 00:00:00;--; ; ;-;--; 
7414;--;'1970-01-01 00:00:00;--; ; ;-;--; 
7415;--;'1970-01-01 00:00:00;--; ; ;-;--; 
7416;--;'1970-01-01 00:00:00;--; ; ;-;--; 
7417;--;'1970-01-01 00:00:00;--; ; ;-;--; 
7418;--;'1970-01-01 00:00:00;--; ; ;-;--; 
7419;--;'1970-01-01 00:00:00;--; ; ;-;--; 
7420;--;'1970-01-01 00:00:00;--; ; ;-;--; 
7421;--;'1970-01-01 00:00:00;--; ; ;-;--; 
7422;--;'1970-01-01 00:00:00;--; ; ;-;--; 
7423;--;'1970-01-01 00:00:00;--; ; ;-;--; 
7424;--;'1970-01-01 00:00:00;--; ; ;-;--; 
7425;--;'1970-01-01 00:00:00;--; ; ;-;--; 
7426;--;'1970-01-01 00:00:00;--; ; ;-;--; 
7427;--;'1970-01-01 00:00:00;--; ; ;-;--; 
7428;--;'1970-01-01 00:00:00;--; ; ;-;--; 
7429;--;'1970-01-01 00:00:00;--; ; ;-;--; 
7430;--;'1970-01-01 00:00:00;--; ; ;-;--; 
7431;--;'1970-01-01 00:00:00;--; ; ;-;--; 
7432;--;'1970-01-01 00:00:00;--; ; ;-;--; 
7433;--;'1970-01-01 00:00:00;--; ; ;-;--; 
7434;--;'1970-01-01 00:00:00;--; ; ;-;--; 
7435;--;'1970-01-01 00:00:00;--; ; ;-;--; 
7436;--;'1970-01-01 00:00:00;--; ; ;-;--; 
7437;--;'1970-01-01 00:00:00;--; ; ;-;--; 
7438;--;'1970-01-01 00:00:00;--; ; ;-;--; 
7439;--;'1970-01-01 00:00:00;--; ; ;-;--; 
7440;--;'1970-01-01 00:00:00;--; ; ;-;--; 
7441;--;'1970-01-01 00:00:00;--; ; ;-;--; 
7442;--;'1970-01-01 00:00:00;--; ; ;-;--; 
7443;--;'1970-01-01 00:00:00;--; ; ;-;--; 
7444;--;'1970-01-01 00:00:00;--; ; ;-;--; 
7445;--;'1970-01-01 00:00:00;--; ; ;-;--; 
7446;--;'1970-01-01 00:00:00;--; ; ;-;--; 
7447;--;'1970-01-01 00:00:00;--; ; ;-;--; 
7448;--;'1970-01-01 00:00:00;--; ; ;-;--; 
7449;--;'1970-01-01 00:00:00;--; ; ;-;--; 
7450;--;'1970-01-01 00:00:00;--; ; ;-;--; 
7451;--;'1970-01-01 00:00:00;--; ; ;-;--; 
7452;--;'1970-01-01 00:00:00;--; ; ;-;--; 
7453;--;'1970-01-01 00:00:00;--; ; ;-;--; 
7454;--;'1970-01-01 00:00:00;--; ; ;-;--; 
7455;--;'1970-01-01 00:00:00;--; ; ;-;--; 
7456;--;'1970-01-01 00:00:00;--; ; ;-;--; 
7457;--;'1970-01-01 00:00:00;--; ; ;-;--; 
7458;--;'1970-01-01 00:00:00;--; ; ;-;--; 
7459;--;'1970-01-01 00:00:00;--; ; ;-;--; 
7460;--;'1970-01-01 00:00:00;--; ; ;-;--; 
7461;--;'1970-01-01 00:00:00;--; ; ;-;--; 
7462;--;'1970-01-01 00:00:00;--; ; ;-;--; 
7463;--;'1970-01-01 00:00:00;--; ; ;-;--; 
7464;--;'1970-01-01 00:00:00;--; ; ;-;--; 
7465;--;'1970-01-01 00:00:00;--; ; ;-;--; 
7466;--;'1970-01-01 00:00:00;--; ; ;-;--; 
7467;--;'1970-01-01 00:00:00;--; ; ;-;--; 
7468;--;'1970-01-01 00:00:00;--; ; ;-;--; 
7469;--;'1970-01-01 00:00:00;--; ; ;-;--; 
7470;--;'1970-01-01 00:00:00;--; ; ;-;--; 
7471;--;'1970-01-01 00:00:00;--; ; ;-;--; 
7472;--;'1970-01-01 00:00:00;--; ; ;-;--; 
7473;--;'1970-01-01 00:00:00;--; ; ;-;--; 
7474;--;'1970-01-01 00:00:00;--; ; ;-;--; 
7475;--;'1970-01-01 00:00:00;--; ; ;-;--; 
7476;--;'1970-01-01 00:00:00;--; ; ;-;--; 
7477;--;'1970-01-01 00:00:00;--; ; ;-;--; 
7478;--;'1970-01-01 00:00:00;--; ; ;-;--; 
7479;--;'1970-01-01 00:00:00;--; ; ;-;--; 
7480;--;'1970-01-01 00:00:00;--; ; ;-;--; 
7481;--;'1970-01-01 00:00:00;--; ; ;-;--; 
7482;--;'1970-01-01 00:00:00;--; ; ;-;--; 
7483;--;'1970-01-01 00:00:00;--; ; ;-;--; 
7484;--;'1970-01-01 00:00:00;--; ; ;-;--; 
7485;--;'1970-01-01 00:00:00;--; ; ;-;--; 
7486;--;'1970-01-01 00:00:00;--; ; ;-;--; 
7487;--;'1970-01-01 00:00:00;--; ; ;-;--; 
7488;--;'1970-01-01 00:00:00;--; ; ;-;--; 
7489;--;'1970-01-01 00:00:00;--; ; ;-;--; 
7490;--;'1970-01-01 00:00:00;--; ; ;-;--; 
7491;--;'1970-01-01 00:00:00;--; ; ;-;--; 
7492;--;'1970-01-01 00:00:00;--; ; ;-;--; 
7493;--;'1970-01-01 00:00:00;--; ; ;-;--; 
7494;--;'1970-01-01 00:00:00;--; ; ;-;--; 
7495;--;'1970-01-01 00:00:00;--; ; ;-;--; 
7496;--;'1970-01-01 00:00:00;--; ; ;-;--; 
7497;--;'1970-01-01 00:00:00;--; ; ;-;--; 
7498;--;'1970-01-01 00:00:00;--; ; ;-;--; 
7499;--;'1970-01-01 00:00:00;--; ; ;-;--; 
7500;--;'1970-01-01 00:00:00;--; ; ;-;--; 
7501;--;'1970-01-01 00:00:00;--; ; ;-;--; 
7502;--;'1970-01-01 00:00:00;--; ; ;-;--; 
7503;--;'1970-01-01 00:00:00;--; ; ;-;--; 
7504;--;'1970-01-01 00:00:00;--; ; ;-;--; 
7505;--;'1970-01-01 00:00:00;--; ; ;-;--; 
7506;--;'1970-01-01 00:00:00;--; ; ;-;--; 
7507;--;'1970-01-01 00:00:00;--; ; ;-;--; 
7508;--;'1970-01-01 00:00:00;--; ; ;-;--; 
7509;--;'1970-01-01 00:00:00;--; ; ;-;--; 
7510;--;'1970-01-01 00:00:00;--; ; ;-;--; 
7511;--;'1970-01-01 00:00:00;--; ; ;-;--; 
7512;--;'1970-01-01 00:00:00;--; ; ;-;--; 
7513;--;'1970-01-01 00:00:00;--; ; ;-;--; 
7514;--;'1970-01-01 00:00:00;--; ; ;-;--; 
7515;--;'1970-01-01 00:00:00;--; ; ;-;--; 
7516;--;'1970-01-01 00:00:00;--; ; ;-;--; 
7517;--;'1970-01-01 00:00:00;--; ; ;-;--; 
7518;--;'1970-01-01 00:00:00;--; ; ;-;--; 
7519;--;'1970-01-01 00:00:00;--; ; ;-;--; 
7520;--;'1970-01-01 00:00:00;--; ; ;-;--; 
7521;--;'1970-01-01 00:00:00;--; ; ;-;--; 
7522;--;'1970-01-01 00:00:00;--; ; ;-;--; 
7523;--;'1970-01-01 00:00:00;--; ; ;-;--; 
7524;--;'1970-01-01 00:00:00;--; ; ;-;--; 
7525;--;'1970-01-01 00:00:00;--; ; ;-;--; 
7526;--;'1970-01-01 00:00:00;--; ; ;-;--; 
7527;--;'1970-01-01 00:00:00;--; ; ;-;--; 
7528;--;'1970-01-01 00:00:00;--; ; ;-;--; 
7529;--;'1970-01-01 00:00:00;--; ; ;-;--; 
7530;--;'1970-01-01 00:00:00;--; ; ;-;--; 
7531;--;'1970-01-01 00:00:00;--; ; ;-;--; 
7532;--;'1970-01-01 00:00:00;--; ; ;-;--; 
7533;--;'1970-01-01 00:00:00;--; ; ;-;--; 
7534;--;'1970-01-01 00:00:00;--; ; ;-;--; 
7535;--;'1970-01-01 00:00:00;--; ; ;-;--; 
7536;--;'1970-01-01 00:00:00;--; ; ;-;--; 
7537;--;'1970-01-01 00:00:00;--; ; ;-;--; 
7538;--;'1970-01-01 00:00:00;--; ; ;-;--; 
7539;--;'1970-01-01 00:00:00;--; ; ;-;--; 
7540;--;'1970-01-01 00:00:00;--; ; ;-;--; 
7541;--;'1970-01-01 00:00:00;--; ; ;-;--; 
7542;--;'1970-01-01 00:00:00;--; ; ;-;--; 
7543;--;'1970-01-01 00:00:00;--; ; ;-;--; 
7544;--;'1970-01-01 00:00:00;--; ; ;-;--; 
7545;--;'1970-01-01 00:00:00;--; ; ;-;--; 
7546;--;'1970-01-01 00:00:00;--; ; ;-;--; 
7547;--;'1970-01-01 00:00:00;--; ; ;-;--; 
7548;--;'1970-01-01 00:00:00;--; ; ;-;--; 
7549;--;'1970-01-01 00:00:00;--; ; ;-;--; 
7550;--;'1970-01-01 00:00:00;--; ; ;-;--; 
7551;--;'1970-01-01 00:00:00;--; ; ;-;--; 
7552;--;'1970-01-01 00:00:00;--; ; ;-;--; 
7553;--;'1970-01-01 00:00:00;--; ; ;-;--; 
7554;--;'1970-01-01 00:00:00;--; ; ;-;--; 
7555;--;'1970-01-01 00:00:00;--; ; ;-;--; 
7556;--;'1970-01-01 00:00:00;--; ; ;-;--; 
7557;--;'1970-01-01 00:00:00;--; ; ;-;--; 
7558;--;'1970-01-01 00:00:00;--; ; ;-;--; 
7559;--;'1970-01-01 00:00:00;--; ; ;-;--; 
7560;--;'1970-01-01 00:00:00;--; ; ;-;--; 
7561;--;'1970-01-01 00:00:00;--; ; ;-;--; 
7562;--;'1970-01-01 00:00:00;--; ; ;-;--; 
7563;--;'1970-01-01 00:00:00;--; ; ;-;--; 
7564;--;'1970-01-01 00:00:00;--; ; ;-;--; 
7565;--;'1970-01-01 00:00:00;--; ; ;-;--; 
7566;--;'1970-01-01 00:00:00;--; ; ;-;--; 
7567;--;'1970-01-01 00:00:00;--; ; ;-;--; 
7568;--;'1970-01-01 00:00:00;--; ; ;-;--; 
7569;--;'1970-01-01 00:00:00;--; ; ;-;--; 
7570;--;'1970-01-01 00:00:00;--; ; ;-;--; 
7571;--;'1970-01-01 00:00:00;--; ; ;-;--; 
7572;--;'1970-01-01 00:00:00;--; ; ;-;--; 
7573;--;'1970-01-01 00:00:00;--; ; ;-;--; 
7574;--;'1970-01-01 00:00:00;--; ; ;-;--; 
7575;--;'1970-01-01 00:00:00;--; ; ;-;--; 
7576;--;'1970-01-01 00:00:00;--; ; ;-;--; 
7577;--;'1970-01-01 00:00:00;--; ; ;-;--; 
7578;--;'1970-01-01 00:00:00;--; ; ;-;--; 
7579;--;'1970-01-01 00:00:00;--; ; ;-;--; 
7580;--;'1970-01-01 00:00:00;--; ; ;-;--; 
7581;--;'1970-01-01 00:00:00;--; ; ;-;--; 
7582;--;'1970-01-01 00:00:00;--; ; ;-;--; 
7583;--;'1970-01-01 00:00:00;--; ; ;-;--; 
7584;--;'1970-01-01 00:00:00;--; ; ;-;--; 
7585;--;'1970-01-01 00:00:00;--; ; ;-;--; 
7586;--;'1970-01-01 00:00:00;--; ; ;-;--; 
7587;--;'1970-01-01 00:00:00;--; ; ;-;--; 
7588;--;'1970-01-01 00:00:00;--; ; ;-;--; 
7589;--;'1970-01-01 00:00:00;--; ; ;-;--; 
7590;--;'1970-01-01 00:00:00;--; ; ;-;--; 
7591;--;'1970-01-01 00:00:00;--; ; ;-;--; 
7592;--;'1970-01-01 00:00:00;--; ; ;-;--; 
7593;--;'1970-01-01 00:00:00;--; ; ;-;--; 
7594;--;'1970-01-01 00:00:00;--; ; ;-;--; 
7595;--;'1970-01-01 00:00:00;--; ; ;-;--; 
7596;--;'1970-01-01 00:00:00;--; ; ;-;--; 
7597;--;'1970-01-01 00:00:00;--; ; ;-;--; 
7598;--;'1970-01-01 00:00:00;--; ; ;-;--; 
7599;--;'1970-01-01 00:00:00;--; ; ;-;--; 
7600;--;'1970-01-01 00:00:00;--; ; ;-;--; 
7601;--;'1970-01-01 00:00:00;--; ; ;-;--; 
7602;--;'1970-01-01 00:00:00;--; ; ;-;--; 
7603;--;'1970-01-01 00:00:00;--; ; ;-;--; 
7604;--;'1970-01-01 00:00:00;--; ; ;-;--; 
7605;--;'1970-01-01 00:00:00;--; ; ;-;--; 
7606;--;'1970-01-01 00:00:00;--; ; ;-;--; 
7607;--;'1970-01-01 00:00:00;--; ; ;-;--; 
7608;--;'1970-01-01 00:00:00;--; ; ;-;--; 
7609;--;'1970-01-01 00:00:00;--; ; ;-;--; 
7610;--;'1970-01-01 00:00:00;--; ; ;-;--; 
7611;--;'1970-01-01 00:00:00;--; ; ;-;--; 
7612;--;'1970-01-01 00:00:00;--; ; ;-;--; 
7613;--;'1970-01-01 00:00:00;--; ; ;-;--; 
7614;--;'1970-01-01 00:00:00;--; ; ;-;--; 
7615;--;'1970-01-01 00:00:00;--; ; ;-;--; 
7616;--;'1970-01-01 00:00:00;--; ; ;-;--; 
7617;--;'1970-01-01 00:00:00;--; ; ;-;--; 
7618;--;'1970-01-01 00:00:00;--; ; ;-;--; 
7619;--;'1970-01-01 00:00:00;--; ; ;-;--; 
7620;--;'1970-01-01 00:00:00;--; ; ;-;--; 
7621;--;'1970-01-01 00:00:00;--; ; ;-;--; 
7622;--;'1970-01-01 00:00:00;--; ; ;-;--; 
7623;--;'1970-01-01 00:00:00;--; ; ;-;--; 
7624;--;'1970-01-01 00:00:00;--; ; ;-;--; 
7625;--;'1970-01-01 00:00:00;--; ; ;-;--; 
7626;--;'1970-01-01 00:00:00;--; ; ;-;--; 
7627;--;'1970-01-01 00:00:00;--; ; ;-;--; 
7628;--;'1970-01-01 00:00:00;--; ; ;-;--; 
7629;--;'1970-01-01 00:00:00;--; ; ;-;--; 
7630;--;'1970-01-01 00:00:00;--; ; ;-;--; 
7631;--;'1970-01-01 00:00:00;--; ; ;-;--; 
7632;--;'1970-01-01 00:00:00;--; ; ;-;--; 
7633;--;'1970-01-01 00:00:00;--; ; ;-;--; 
7634;--;'1970-01-01 00:00:00;--; ; ;-;--; 
7635;--;'1970-01-01 00:00:00;--; ; ;-;--; 
7636;--;'1970-01-01 00:00:00;--; ; ;-;--; 
7637;--;'1970-01-01 00:00:00;--; ; ;-;--; 
7638;--;'1970-01-01 00:00:00;--; ; ;-;--; 
7639;--;'1970-01-01 00:00:00;--; ; ;-;--; 
7640;--;'1970-01-01 00:00:00;--; ; ;-;--; 
7641;--;'1970-01-01 00:00:00;--; ; ;-;--; 
7642;--;'1970-01-01 00:00:00;--; ; ;-;--; 
7643;--;'1970-01-01 00:00:00;--; ; ;-;--; 
7644;--;'1970-01-01 00:00:00;--; ; ;-;--; 
7645;--;'1970-01-01 00:00:00;--; ; ;-;--; 
7646;--;'1970-01-01 00:00:00;--; ; ;-;--; 
7647;--;'1970-01-01 00:00:00;--; ; ;-;--; 
7648;--;'1970-01-01 00:00:00;--; ; ;-;--; 
7649;--;'1970-01-01 00:00:00;--; ; ;-;--; 
7650;--;'1970-01-01 00:00:00;--; ; ;-;--; 
7651;--;'1970-01-01 00:00:00;--; ; ;-;--; 
7652;--;'1970-01-01 00:00:00;--; ; ;-;--; 
7653;--;'1970-01-01 00:00:00;--; ; ;-;--; 
7654;--;'1970-01-01 00:00:00;--; ; ;-;--; 
7655;--;'1970-01-01 00:00:00;--; ; ;-;--; 
7656;--;'1970-01-01 00:00:00;--; ; ;-;--; 
7657;--;'1970-01-01 00:00:00;--; ; ;-;--; 
7658;--;'1970-01-01 00:00:00;--; ; ;-;--; 
7659;--;'1970-01-01 00:00:00;--; ; ;-;--; 
7660;--;'1970-01-01 00:00:00;--; ; ;-;--; 
7661;--;'1970-01-01 00:00:00;--; ; ;-;--; 
7662;--;'1970-01-01 00:00:00;--; ; ;-;--; 
7663;--;'1970-01-01 00:00:00;--; ; ;-;--; 
7664;--;'1970-01-01 00:00:00;--; ; ;-;--; 
7665;--;'1970-01-01 00:00:00;--; ; ;-;--; 
7666;--;'1970-01-01 00:00:00;--; ; ;-;--; 
7667;--;'1970-01-01 00:00:00;--; ; ;-;--; 
7668;--;'1970-01-01 00:00:00;--; ; ;-;--; 
7669;--;'1970-01-01 00:00:00;--; ; ;-;--; 
7670;--;'1970-01-01 00:00:00;--; ; ;-;--; 
7671;--;'1970-01-01 00:00:00;--; ; ;-;--; 
7672;--;'1970-01-01 00:00:00;--; ; ;-;--; 
7673;--;'1970-01-01 00:00:00;--; ; ;-;--; 
7674;--;'1970-01-01 00:00:00;--; ; ;-;--; 
7675;--;'1970-01-01 00:00:00;--; ; ;-;--; 
7676;--;'1970-01-01 00:00:00;--; ; ;-;--; 
7677;--;'1970-01-01 00:00:00;--; ; ;-;--; 
7678;--;'1970-01-01 00:00:00;--; ; ;-;--; 
7679;--;'1970-01-01 00:00:00;--; ; ;-;--; 
7680;--;'1970-01-01 00:00:00;--; ; ;-;--; 
7681;--;'1970-01-01 00:00:00;--; ; ;-;--; 
7682;--;'1970-01-01 00:00:00;--; ; ;-;--; 
7683;--;'1970-01-01 00:00:00;--; ; ;-;--; 
7684;--;'1970-01-01 00:00:00;--; ; ;-;--; 
7685;--;'1970-01-01 00:00:00;--; ; ;-;--; 
7686;--;'1970-01-01 00:00:00;--; ; ;-;--; 
7687;--;'1970-01-01 00:00:00;--; ; ;-;--; 
7688;--;'1970-01-01 00:00:00;--; ; ;-;--; 
7689;--;'1970-01-01 00:00:00;--; ; ;-;--; 
7690;--;'1970-01-01 00:00:00;--; ; ;-;--; 
7691;--;'1970-01-01 00:00:00;--; ; ;-;--; 
7692;--;'1970-01-01 00:00:00;--; ; ;-;--; 
7693;--;'1970-01-01 00:00:00;--; ; ;-;--; 
7694;--;'1970-01-01 00:00:00;--; ; ;-;--; 
7695;--;'1970-01-01 00:00:00;--; ; ;-;--; 
7696;--;'1970-01-01 00:00:00;--; ; ;-;--; 
7697;--;'1970-01-01 00:00:00;--; ; ;-;--; 
7698;--;'1970-01-01 00:00:00;--; ; ;-;--; 
7699;--;'1970-01-01 00:00:00;--; ; ;-;--; 
7700;--;'1970-01-01 00:00:00;--; ; ;-;--; 
7701;--;'1970-01-01 00:00:00;--; ; ;-;--; 
7702;--;'1970-01-01 00:00:00;--; ; ;-;--; 
7703;--;'1970-01-01 00:00:00;--; ; ;-;--; 
7704;--;'1970-01-01 00:00:00;--; ; ;-;--; 
7705;--;'1970-01-01 00:00:00;--; ; ;-;--; 
7706;--;'1970-01-01 00:00:00;--; ; ;-;--; 
7707;--;'1970-01-01 00:00:00;--; ; ;-;--; 
7708;--;'1970-01-01 00:00:00;--; ; ;-;--; 
7709;--;'1970-01-01 00:00:00;--; ; ;-;--; 
7710;--;'1970-01-01 00:00:00;--; ; ;-;--; 
7711;--;'1970-01-01 00:00:00;--; ; ;-;--; 
7712;--;'1970-01-01 00:00:00;--; ; ;-;--; 
7713;--;'1970-01-01 00:00:00;--; ; ;-;--; 
7714;--;'1970-01-01 00:00:00;--; ; ;-;--; 
7715;--;'1970-01-01 00:00:00;--; ; ;-;--; 
7716;--;'1970-01-01 00:00:00;--; ; ;-;--; 
7717;--;'1970-01-01 00:00:00;--; ; ;-;--; 
7718;--;'1970-01-01 00:00:00;--; ; ;-;--; 
7719;--;'1970-01-01 00:00:00;--; ; ;-;--; 
7720;--;'1970-01-01 00:00:00;--; ; ;-;--; 
7721;--;'1970-01-01 00:00:00;--; ; ;-;--; 
7722;--;'1970-01-01 00:00:00;--; ; ;-;--; 
7723;--;'1970-01-01 00:00:00;--; ; ;-;--; 
7724;--;'1970-01-01 00:00:00;--; ; ;-;--; 
7725;--;'1970-01-01 00:00:00;--; ; ;-;--; 
7726;--;'1970-01-01 00:00:00;--; ; ;-;--; 
7727;--;'1970-01-01 00:00:00;--; ; ;-;--; 
7728;--;'1970-01-01 00:00:00;--; ; ;-;--; 
7729;--;'1970-01-01 00:00:00;--; ; ;-;--; 
7730;--;'1970-01-01 00:00:00;--; ; ;-;--; 
7731;--;'1970-01-01 00:00:00;--; ; ;-;--; 
7732;--;'1970-01-01 00:00:00;--; ; ;-;--; 
7733;--;'1970-01-01 00:00:00;--; ; ;-;--; 
7734;--;'1970-01-01 00:00:00;--; ; ;-;--; 
7735;--;'1970-01-01 00:00:00;--; ; ;-;--; 
7736;--;'1970-01-01 00:00:00;--; ; ;-;--; 
7737;--;'1970-01-01 00:00:00;--; ; ;-;--; 
7738;--;'1970-01-01 00:00:00;--; ; ;-;--; 
7739;--;'1970-01-01 00:00:00;--; ; ;-;--; 
7740;--;'1970-01-01 00:00:00;--; ; ;-;--; 
7741;--;'1970-01-01 00:00:00;--; ; ;-;--; 
7742;--;'1970-01-01 00:00:00;--; ; ;-;--; 
7743;--;'1970-01-01 00:00:00;--; ; ;-;--; 
7744;--;'1970-01-01 00:00:00;--; ; ;-;--; 
7745;--;'1970-01-01 00:00:00;--; ; ;-;--; 
7746;--;'1970-01-01 00:00:00;--; ; ;-;--; 
7747;--;'1970-01-01 00:00:00;--; ; ;-;--; 
7748;--;'1970-01-01 00:00:00;--; ; ;-;--; 
7749;--;'1970-01-01 00:00:00;--; ; ;-;--; 
7750;--;'1970-01-01 00:00:00;--; ; ;-;--; 
7751;--;'1970-01-01 00:00:00;--; ; ;-;--; 
7752;--;'1970-01-01 00:00:00;--; ; ;-;--; 
7753;--;'1970-01-01 00:00:00;--; ; ;-;--; 
7754;--;'1970-01-01 00:00:00;--; ; ;-;--; 
7755;--;'1970-01-01 00:00:00;--; ; ;-;--; 
7756;--;'1970-01-01 00:00:00;--; ; ;-;--; 
7757;--;'1970-01-01 00:00:00;--; ; ;-;--; 
7758;--;'1970-01-01 00:00:00;--; ; ;-;--; 
7759;--;'1970-01-01 00:00:00;--; ; ;-;--; 
7760;--;'1970-01-01 00:00:00;--; ; ;-;--; 
7761;--;'1970-01-01 00:00:00;--; ; ;-;--; 
7762;--;'1970-01-01 00:00:00;--; ; ;-;--; 
7763;--;'1970-01-01 00:00:00;--; ; ;-;--; 
7764;--;'1970-01-01 00:00:00;--; ; ;-;--; 
7765;--;'1970-01-01 00:00:00;--; ; ;-;--; 
7766;--;'1970-01-01 00:00:00;--; ; ;-;--; 
7767;--;'1970-01-01 00:00:00;--; ; ;-;--; 
7768;--;'1970-01-01 00:00:00;--; ; ;-;--; 
7769;--;'1970-01-01 00:00:00;--; ; ;-;--; 
7770;--;'1970-01-01 00:00:00;--; ; ;-;--; 
7771;--;'1970-01-01 00:00:00;--; ; ;-;--; 
7772;--;'1970-01-01 00:00:00;--; ; ;-;--; 
7773;--;'1970-01-01 00:00:00;--; ; ;-;--; 
7774;--;'1970-01-01 00:00:00;--; ; ;-;--; 
7775;--;'1970-01-01 00:00:00;--; ; ;-;--; 
7776;--;'1970-01-01 00:00:00;--; ; ;-;--; 
7777;--;'1970-01-01 00:00:00;--; ; ;-;--; 
7778;--;'1970-01-01 00:00:00;--; ; ;-;--; 
7779;--;'1970-01-01 00:00:00;--; ; ;-;--; 
7780;--;'1970-01-01 00:00:00;--; ; ;-;--; 
7781;--;'1970-01-01 00:00:00;--; ; ;-;--; 
7782;--;'1970-01-01 00:00:00;--; ; ;-;--; 
7783;--;'1970-01-01 00:00:00;--; ; ;-;--; 
7784;--;'1970-01-01 00:00:00;--; ; ;-;--; 
7785;--;'1970-01-01 00:00:00;--; ; ;-;--; 
7786;--;'1970-01-01 00:00:00;--; ; ;-;--; 
7787;--;'1970-01-01 00:00:00;--; ; ;-;--; 
7788;--;'1970-01-01 00:00:00;--; ; ;-;--; 
7789;--;'1970-01-01 00:00:00;--; ; ;-;--; 
7790;--;'1970-01-01 00:00:00;--; ; ;-;--; 
7791;--;'1970-01-01 00:00:00;--; ; ;-;--; 
7792;--;'1970-01-01 00:00:00;--; ; ;-;--; 
7793;--;'1970-01-01 00:00:00;--; ; ;-;--; 
7794;--;'1970-01-01 00:00:00;--; ; ;-;--; 
7795;--;'1970-01-01 00:00:00;--; ; ;-;--; 
7796;--;'1970-01-01 00:00:00;--; ; ;-;--; 
7797;--;'1970-01-01 00:00:00;--; ; ;-;--; 
7798;--;'1970-01-01 00:00:00;--; ; ;-;--; 
7799;--;'1970-01-01 00:00:00;--; ; ;-;--; 
7800;--;'1970-01-01 00:00:00;--; ; ;-;--; 
7801;--;'1970-01-01 00:00:00;--; ; ;-;--; 
7802;--;'1970-01-01 00:00:00;--; ; ;-;--; 
7803;--;'1970-01-01 00:00:00;--; ; ;-;--; 
7804;--;'1970-01-01 00:00:00;--; ; ;-;--; 
7805;--;'1970-01-01 00:00:00;--; ; ;-;--; 
7806;--;'1970-01-01 00:00:00;--; ; ;-;--; 
7807;--;'1970-01-01 00:00:00;--; ; ;-;--; 
7808;--;'1970-01-01 00:00:00;--; ; ;-;--; 
7809;--;'1970-01-01 00:00:00;--; ; ;-;--; 
7810;--;'1970-01-01 00:00:00;--; ; ;-;--; 
7811;--;'1970-01-01 00:00:00;--; ; ;-;--; 
7812;--;'1970-01-01 00:00:00;--; ; ;-;--; 
7813;--;'1970-01-01 00:00:00;--; ; ;-;--; 
7814;--;'1970-01-01 00:00:00;--; ; ;-;--; 
7815;--;'1970-01-01 00:00:00;--; ; ;-;--; 
7816;--;'1970-01-01 00:00:00;--; ; ;-;--; 
7817;--;'1970-01-01 00:00:00;--; ; ;-;--; 
7818;--;'1970-01-01 00:00:00;--; ; ;-;--; 
7819;--;'1970-01-01 00:00:00;--; ; ;-;--; 
7820;--;'1970-01-01 00:00:00;--; ; ;-;--; 
7821;--;'1970-01-01 00:00:00;--; ; ;-;--; 
7822;--;'1970-01-01 00:00:00;--; ; ;-;--; 
7823;--;'1970-01-01 00:00:00;--; ; ;-;--; 
7824;--;'1970-01-01 00:00:00;--; ; ;-;--; 
7825;--;'1970-01-01 00:00:00;--; ; ;-;--; 
7826;--;'1970-01-01 00:00:00;--; ; ;-;--; 
7827;--;'1970-01-01 00:00:00;--; ; ;-;--; 
7828;--;'1970-01-01 00:00:00;--; ; ;-;--; 
7829;--;'1970-01-01 00:00:00;--; ; ;-;--; 
7830;--;'1970-01-01 00:00:00;--; ; ;-;--; 
7831;--;'1970-01-01 00:00:00;--; ; ;-;--; 
7832;--;'1970-01-01 00:00:00;--; ; ;-;--; 
7833;--;'1970-01-01 00:00:00;--; ; ;-;--; 
7834;--;'1970-01-01 00:00:00;--; ; ;-;--; 
7835;--;'1970-01-01 00:00:00;--; ; ;-;--; 
7836;--;'1970-01-01 00:00:00;--; ; ;-;--; 
7837;--;'1970-01-01 00:00:00;--; ; ;-;--; 
7838;--;'1970-01-01 00:00:00;--; ; ;-;--; 
7839;--;'1970-01-01 00:00:00;--; ; ;-;--; 
7840;--;'1970-01-01 00:00:00;--; ; ;-;--; 
7841;--;'1970-01-01 00:00:00;--; ; ;-;--; 
7842;--;'1970-01-01 00:00:00;--; ; ;-;--; 
7843;--;'1970-01-01 00:00:00;--; ; ;-;--; 
7844;--;'1970-01-01 00:00:00;--; ; ;-;--; 
7845;--;'1970-01-01 00:00:00;--; ; ;-;--; 
7846;--;'1970-01-01 00:00:00;--; ; ;-;--; 
7847;--;'1970-01-01 00:00:00;--; ; ;-;--; 
7848;--;'1970-01-01 00:00:00;--; ; ;-;--; 
7849;--;'1970-01-01 00:00:00;--; ; ;-;--; 
7850;--;'1970-01-01 00:00:00;--; ; ;-;--; 
7851;--;'1970-01-01 00:00:00;--; ; ;-;--; 
7852;--;'1970-01-01 00:00:00;--; ; ;-;--; 
7853;--;'1970-01-01 00:00:00;--; ; ;-;--; 
7854;--;'1970-01-01 00:00:00;--; ; ;-;--; 
7855;--;'1970-01-01 00:00:00;--; ; ;-;--; 
7856;--;'1970-01-01 00:00:00;--; ; ;-;--; 
7857;--;'1970-01-01 00:00:00;--; ; ;-;--; 
7858;--;'1970-01-01 00:00:00;--; ; ;-;--; 
7859;--;'1970-01-01 00:00:00;--; ; ;-;--; 
7860;--;'1970-01-01 00:00:00;--; ; ;-;--; 
7861;--;'1970-01-01 00:00:00;--; ; ;-;--; 
7862;--;'1970-01-01 00:00:00;--; ; ;-;--; 
7863;--;'1970-01-01 00:00:00;--; ; ;-;--; 
7864;--;'1970-01-01 00:00:00;--; ; ;-;--; 
7865;--;'1970-01-01 00:00:00;--; ; ;-;--; 
7866;--;'1970-01-01 00:00:00;--; ; ;-;--; 
7867;--;'1970-01-01 00:00:00;--; ; ;-;--; 
7868;--;'1970-01-01 00:00:00;--; ; ;-;--; 
7869;--;'1970-01-01 00:00:00;--; ; ;-;--; 
7870;--;'1970-01-01 00:00:00;--; ; ;-;--; 
7871;--;'1970-01-01 00:00:00;--; ; ;-;--; 
7872;--;'1970-01-01 00:00:00;--; ; ;-;--; 
7873;--;'1970-01-01 00:00:00;--; ; ;-;--; 
7874;--;'1970-01-01 00:00:00;--; ; ;-;--; 
7875;--;'1970-01-01 00:00:00;--; ; ;-;--; 
7876;--;'1970-01-01 00:00:00;--; ; ;-;--; 
7877;--;'1970-01-01 00:00:00;--; ; ;-;--; 
7878;--;'1970-01-01 00:00:00;--; ; ;-;--; 
7879;--;'1970-01-01 00:00:00;--; ; ;-;--; 
7880;--;'1970-01-01 00:00:00;--; ; ;-;--; 
7881;--;'1970-01-01 00:00:00;--; ; ;-;--; 
7882;--;'1970-01-01 00:00:00;--; ; ;-;--; 
7883;--;'1970-01-01 00:00:00;--; ; ;-;--; 
7884;--;'1970-01-01 00:00:00;--; ; ;-;--; 
7885;--;'1970-01-01 00:00:00;--; ; ;-;--; 
7886;--;'1970-01-01 00:00:00;--; ; ;-;--; 
7887;--;'1970-01-01 00:00:00;--; ; ;-;--; 
7888;--;'1970-01-01 00:00:00;--; ; ;-;--; 
7889;--;'1970-01-01 00:00:00;--; ; ;-;--; 
7890;--;'1970-01-01 00:00:00;--; ; ;-;--; 
7891;--;'1970-01-01 00:00:00;--; ; ;-;--; 
7892;--;'1970-01-01 00:00:00;--; ; ;-;--; 
7893;--;'1970-01-01 00:00:00;--; ; ;-;--; 
7894;--;'1970-01-01 00:00:00;--; ; ;-;--; 
7895;--;'1970-01-01 00:00:00;--; ; ;-;--; 
7896;--;'1970-01-01 00:00:00;--; ; ;-;--; 
7897;--;'1970-01-01 00:00:00;--; ; ;-;--; 
7898;--;'1970-01-01 00:00:00;--; ; ;-;--; 
7899;--;'1970-01-01 00:00:00;--; ; ;-;--; 
7900;--;'1970-01-01 00:00:00;--; ; ;-;--; 
7901;--;'1970-01-01 00:00:00;--; ; ;-;--; 
7902;--;'1970-01-01 00:00:00;--; ; ;-;--; 
7903;--;'1970-01-01 00:00:00;--; ; ;-;--; 
7904;--;'1970-01-01 00:00:00;--; ; ;-;--; 
7905;--;'1970-01-01 00:00:00;--; ; ;-;--; 
7906;--;'1970-01-01 00:00:00;--; ; ;-;--; 
7907;--;'1970-01-01 00:00:00;--; ; ;-;--; 
7908;--;'1970-01-01 00:00:00;--; ; ;-;--; 
7909;--;'1970-01-01 00:00:00;--; ; ;-;--; 
7910;--;'1970-01-01 00:00:00;--; ; ;-;--; 
7911;--;'1970-01-01 00:00:00;--; ; ;-;--; 
7912;--;'1970-01-01 00:00:00;--; ; ;-;--; 
7913;--;'1970-01-01 00:00:00;--; ; ;-;--; 
7914;--;'1970-01-01 00:00:00;--; ; ;-;--; 
7915;--;'1970-01-01 00:00:00;--; ; ;-;--; 
7916;--;'1970-01-01 00:00:00;--; ; ;-;--; 
7917;--;'1970-01-01 00:00:00;--; ; ;-;--; 
7918;--;'1970-01-01 00:00:00;--; ; ;-;--; 
7919;--;'1970-01-01 00:00:00;--; ; ;-;--; 
7920;--;'1970-01-01 00:00:00;--; ; ;-;--; 
7921;--;'1970-01-01 00:00:00;--; ; ;-;--; 
7922;--;'1970-01-01 00:00:00;--; ; ;-;--; 
7923;--;'1970-01-01 00:00:00;--; ; ;-;--; 
7924;--;'1970-01-01 00:00:00;--; ; ;-;--; 
7925;--;'1970-01-01 00:00:00;--; ; ;-;--; 
7926;--;'1970-01-01 00:00:00;--; ; ;-;--; 
7927;--;'1970-01-01 00:00:00;--; ; ;-;--; 
7928;--;'1970-01-01 00:00:00;--; ; ;-;--; 
7929;--;'1970-01-01 00:00:00;--; ; ;-;--; 
7930;--;'1970-01-01 00:00:00;--; ; ;-;--; 
7931;--;'1970-01-01 00:00:00;--; ; ;-;--; 
7932;--;'1970-01-01 00:00:00;--; ; ;-;--; 
7933;--;'1970-01-01 00:00:00;--; ; ;-;--; 
7934;--;'1970-01-01 00:00:00;--; ; ;-;--; 
7935;--;'1970-01-01 00:00:00;--; ; ;-;--; 
7936;--;'1970-01-01 00:00:00;--; ; ;-;--; 
7937;--;'1970-01-01 00:00:00;--; ; ;-;--; 
7938;--;'1970-01-01 00:00:00;--; ; ;-;--; 
7939;--;'1970-01-01 00:00:00;--; ; ;-;--; 
7940;--;'1970-01-01 00:00:00;--; ; ;-;--; 
7941;--;'1970-01-01 00:00:00;--; ; ;-;--; 
7942;--;'1970-01-01 00:00:00;--; ; ;-;--; 
7943;--;'1970-01-01 00:00:00;--; ; ;-;--; 
7944;--;'1970-01-01 00:00:00;--; ; ;-;--; 
7945;--;'1970-01-01 00:00:00;--; ; ;-;--; 
7946;--;'1970-01-01 00:00:00;--; ; ;-;--; 
7947;--;'1970-01-01 00:00:00;--; ; ;-;--; 
7948;--;'1970-01-01 00:00:00;--; ; ;-;--; 
7949;--;'1970-01-01 00:00:00;--; ; ;-;--; 
7950;--;'1970-01-01 00:00:00;--; ; ;-;--; 
7951;--;'1970-01-01 00:00:00;--; ; ;-;--; 
7952;--;'1970-01-01 00:00:00;--; ; ;-;--; 
7953;--;'1970-01-01 00:00:00;--; ; ;-;--; 
7954;--;'1970-01-01 00:00:00;--; ; ;-;--; 
7955;--;'1970-01-01 00:00:00;--; ; ;-;--; 
7956;--;'1970-01-01 00:00:00;--; ; ;-;--; 
7957;--;'1970-01-01 00:00:00;--; ; ;-;--; 
7958;--;'1970-01-01 00:00:00;--; ; ;-;--; 
7959;--;'1970-01-01 00:00:00;--; ; ;-;--; 
7960;--;'1970-01-01 00:00:00;--; ; ;-;--; 
7961;--;'1970-01-01 00:00:00;--; ; ;-;--; 
7962;--;'1970-01-01 00:00:00;--; ; ;-;--; 
7963;--;'1970-01-01 00:00:00;--; ; ;-;--; 
7964;--;'1970-01-01 00:00:00;--; ; ;-;--; 
7965;--;'1970-01-01 00:00:00;--; ; ;-;--; 
7966;--;'1970-01-01 00:00:00;--; ; ;-;--; 
7967;--;'1970-01-01 00:00:00;--; ; ;-;--; 
7968;--;'1970-01-01 00:00:00;--; ; ;-;--; 
7969;--;'1970-01-01 00:00:00;--; ; ;-;--; 
7970;--;'1970-01-01 00:00:00;--; ; ;-;--; 
7971;--;'1970-01-01 00:00:00;--; ; ;-;--; 
7972;--;'1970-01-01 00:00:00;--; ; ;-;--; 
7973;--;'1970-01-01 00:00:00;--; ; ;-;--; 
7974;--;'1970-01-01 00:00:00;--; ; ;-;--; 
7975;--;'1970-01-01 00:00:00;--; ; ;-;--; 
7976;--;'1970-01-01 00:00:00;--; ; ;-;--; 
7977;--;'1970-01-01 00:00:00;--; ; ;-;--; 
7978;--;'1970-01-01 00:00:00;--; ; ;-;--; 
7979;--;'1970-01-01 00:00:00;--; ; ;-;--; 
7980;--;'1970-01-01 00:00:00;--; ; ;-;--; 
7981;--;'1970-01-01 00:00:00;--; ; ;-;--; 
7982;--;'1970-01-01 00:00:00;--; ; ;-;--; 
7983;--;'1970-01-01 00:00:00;--; ; ;-;--; 
7984;--;'1970-01-01 00:00:00;--; ; ;-;--; 
7985;--;'1970-01-01 00:00:00;--; ; ;-;--; 
7986;--;'1970-01-01 00:00:00;--; ; ;-;--; 
7987;--;'1970-01-01 00:00:00;--; ; ;-;--; 
7988;--;'1970-01-01 00:00:00;--; ; ;-;--; 
7989;--;'1970-01-01 00:00:00;--; ; ;-;--; 
7990;--;'1970-01-01 00:00:00;--; ; ;-;--; 
7991;--;'1970-01-01 00:00:00;--; ; ;-;--; 
7992;--;'1970-01-01 00:00:00;--; ; ;-;--; 
7993;--;'1970-01-01 00:00:00;--; ; ;-;--; 
7994;--;'1970-01-01 00:00:00;--; ; ;-;--; 
7995;--;'1970-01-01 00:00:00;--; ; ;-;--; 
7996;--;'1970-01-01 00:00:00;--; ; ;-;--; 
7997;--;'1970-01-01 00:00:00;--; ; ;-;--; 
7998;--;'1970-01-01 00:00:00;--; ; ;-;--; 
7999;--;'1970-01-01 00:00:00;--; ; ;-;--; 
8000;--;'1970-01-01 00:00:00;--; ; ;-;--; 
8001;--;'1970-01-01 00:00:00;--; ; ;-;--; 
8002;--;'1970-01-01 00:00:00;--; ; ;-;--; 
8003;--;'1970-01-01 00:00:00;--; ; ;-;--; 
8004;--;'1970-01-01 00:00:00;--; ; ;-;--; 
8005;--;'1970-01-01 00:00:00;--; ; ;-;--; 
8006;--;'1970-01-01 00:00:00;--; ; ;-;--; 
8007;--;'1970-01-01 00:00:00;--; ; ;-;--; 
8008;--;'1970-01-01 00:00:00;--; ; ;-;--; 
8009;--;'1970-01-01 00:00:00;--; ; ;-;--; 
8010;--;'1970-01-01 00:00:00;--; ; ;-;--; 
8011;--;'1970-01-01 00:00:00;--; ; ;-;--; 
8012;--;'1970-01-01 00:00:00;--; ; ;-;--; 
8013;--;'1970-01-01 00:00:00;--; ; ;-;--; 
8014;--;'1970-01-01 00:00:00;--; ; ;-;--; 
8015;--;'1970-01-01 00:00:00;--; ; ;-;--; 
8016;--;'1970-01-01 00:00:00;--; ; ;-;--; 
8017;--;'1970-01-01 00:00:00;--; ; ;-;--; 
8018;--;'1970-01-01 00:00:00;--; ; ;-;--; 
8019;--;'1970-01-01 00:00:00;--; ; ;-;--; 
8020;--;'1970-01-01 00:00:00;--; ; ;-;--; 
8021;--;'1970-01-01 00:00:00;--; ; ;-;--; 
8022;--;'1970-01-01 00:00:00;--; ; ;-;--; 
8023;--;'1970-01-01 00:00:00;--; ; ;-;--; 
8024;--;'1970-01-01 00:00:00;--; ; ;-;--; 
8025;--;'1970-01-01 00:00:00;--; ; ;-;--; 
8026;--;'1970-01-01 00:00:00;--; ; ;-;--; 
8027;--;'1970-01-01 00:00:00;--; ; ;-;--; 
8028;--;'1970-01-01 00:00:00;--; ; ;-;--; 
8029;--;'1970-01-01 00:00:00;--; ; ;-;--; 
8030;--;'1970-01-01 00:00:00;--; ; ;-;--; 
8031;--;'1970-01-01 00:00:00;--; ; ;-;--; 
8032;--;'1970-01-01 00:00:00;--; ; ;-;--; 
8033;--;'1970-01-01 00:00:00;--; ; ;-;--; 
8034;--;'1970-01-01 00:00:00;--; ; ;-;--; 
8035;--;'1970-01-01 00:00:00;--; ; ;-;--; 
8036;--;'1970-01-01 00:00:00;--; ; ;-;--; 
8037;--;'1970-01-01 00:00:00;--; ; ;-;--; 
8038;--;'1970-01-01 00:00:00;--; ; ;-;--; 
8039;--;'1970-01-01 00:00:00;--; ; ;-;--; 
8040;--;'1970-01-01 00:00:00;--; ; ;-;--; 
8041;--;'1970-01-01 00:00:00;--; ; ;-;--; 
8042;--;'1970-01-01 00:00:00;--; ; ;-;--; 
8043;--;'1970-01-01 00:00:00;--; ; ;-;--; 
8044;--;'1970-01-01 00:00:00;--; ; ;-;--; 
8045;--;'1970-01-01 00:00:00;--; ; ;-;--; 
8046;--;'1970-01-01 00:00:00;--; ; ;-;--; 
8047;--;'1970-01-01 00:00:00;--; ; ;-;--; 
8048;--;'1970-01-01 00:00:00;--; ; ;-;--; 
8049;--;'1970-01-01 00:00:00;--; ; ;-;--; 
8050;--;'1970-01-01 00:00:00;--; ; ;-;--; 
8051;--;'1970-01-01 00:00:00;--; ; ;-;--; 
8052;--;'1970-01-01 00:00:00;--; ; ;-;--; 
8053;--;'1970-01-01 00:00:00;--; ; ;-;--; 
8054;--;'1970-01-01 00:00:00;--; ; ;-;--; 
8055;--;'1970-01-01 00:00:00;--; ; ;-;--; 
8056;--;'1970-01-01 00:00:00;--; ; ;-;--; 
8057;--;'1970-01-01 00:00:00;--; ; ;-;--; 
8058;--;'1970-01-01 00:00:00;--; ; ;-;--; 
8059;--;'1970-01-01 00:00:00;--; ; ;-;--; 
8060;--;'1970-01-01 00:00:00;--; ; ;-;--; 
8061;--;'1970-01-01 00:00:00;--; ; ;-;--; 
8062;--;'1970-01-01 00:00:00;--; ; ;-;--; 
8063;--;'1970-01-01 00:00:00;--; ; ;-;--; 
8064;--;'1970-01-01 00:00:00;--; ; ;-;--; 
8065;--;'1970-01-01 00:00:00;--; ; ;-;--; 
8066;--;'1970-01-01 00:00:00;--; ; ;-;--; 
8067;--;'1970-01-01 00:00:00;--; ; ;-;--; 
8068;--;'1970-01-01 00:00:00;--; ; ;-;--; 
8069;--;'1970-01-01 00:00:00;--; ; ;-;--; 
8070;--;'1970-01-01 00:00:00;--; ; ;-;--; 
8071;--;'1970-01-01 00:00:00;--; ; ;-;--; 
8072;--;'1970-01-01 00:00:00;--; ; ;-;--; 
8073;--;'1970-01-01 00:00:00;--; ; ;-;--; 
8074;--;'1970-01-01 00:00:00;--; ; ;-;--; 
8075;--;'1970-01-01 00:00:00;--; ; ;-;--; 
8076;--;'1970-01-01 00:00:00;--; ; ;-;--; 
8077;--;'1970-01-01 00:00:00;--; ; ;-;--; 
8078;--;'1970-01-01 00:00:00;--; ; ;-;--; 
8079;--;'1970-01-01 00:00:00;--; ; ;-;--; 
8080;--;'1970-01-01 00:00:00;--; ; ;-;--; 
8081;--;'1970-01-01 00:00:00;--; ; ;-;--; 
8082;--;'1970-01-01 00:00:00;--; ; ;-;--; 
8083;--;'1970-01-01 00:00:00;--; ; ;-;--; 
8084;--;'1970-01-01 00:00:00;--; ; ;-;--; 
8085;--;'1970-01-01 00:00:00;--; ; ;-;--; 
8086;--;'1970-01-01 00:00:00;--; ; ;-;--; 
8087;--;'1970-01-01 00:00:00;--; ; ;-;--; 
8088;--;'1970-01-01 00:00:00;--; ; ;-;--; 
8089;--;'1970-01-01 00:00:00;--; ; ;-;--; 
8090;--;'1970-01-01 00:00:00;--; ; ;-;--; 
8091;--;'1970-01-01 00:00:00;--; ; ;-;--; 
8092;--;'1970-01-01 00:00:00;--; ; ;-;--; 
8093;--;'1970-01-01 00:00:00;--; ; ;-;--; 
8094;--;'1970-01-01 00:00:00;--; ; ;-;--; 
8095;--;'1970-01-01 00:00:00;--; ; ;-;--; 
8096;--;'1970-01-01 00:00:00;--; ; ;-;--; 
8097;--;'1970-01-01 00:00:00;--; ; ;-;--; 
8098;--;'1970-01-01 00:00:00;--; ; ;-;--; 
8099;--;'1970-01-01 00:00:00;--; ; ;-;--; 
8100;--;'1970-01-01 00:00:00;--; ; ;-;--; 
8101;--;'1970-01-01 00:00:00;--; ; ;-;--; 
8102;--;'1970-01-01 00:00:00;--; ; ;-;--; 
8103;--;'1970-01-01 00:00:00;--; ; ;-;--; 
8104;--;'1970-01-01 00:00:00;--; ; ;-;--; 
8105;--;'1970-01-01 00:00:00;--; ; ;-;--; 
8106;--;'1970-01-01 00:00:00;--; ; ;-;--; 
8107;--;'1970-01-01 00:00:00;--; ; ;-;--; 
8108;--;'1970-01-01 00:00:00;--; ; ;-;--; 
8109;--;'1970-01-01 00:00:00;--; ; ;-;--; 
8110;--;'1970-01-01 00:00:00;--; ; ;-;--; 
8111;--;'1970-01-01 00:00:00;--; ; ;-;--; 
8112;--;'1970-01-01 00:00:00;--; ; ;-;--; 
8113;--;'1970-01-01 00:00:00;--; ; ;-;--; 
8114;--;'1970-01-01 00:00:00;--; ; ;-;--; 
8115;--;'1970-01-01 00:00:00;--; ; ;-;--; 
8116;--;'1970-01-01 00:00:00;--; ; ;-;--; 
8117;--;'1970-01-01 00:00:00;--; ; ;-;--; 
8118;--;'1970-01-01 00:00:00;--; ; ;-;--; 
8119;--;'1970-01-01 00:00:00;--; ; ;-;--; 
8120;--;'1970-01-01 00:00:00;--; ; ;-;--; 
8121;--;'1970-01-01 00:00:00;--; ; ;-;--; 
8122;--;'1970-01-01 00:00:00;--; ; ;-;--; 
8123;--;'1970-01-01 00:00:00;--; ; ;-;--; 
8124;--;'1970-01-01 00:00:00;--; ; ;-;--; 
8125;--;'1970-01-01 00:00:00;--; ; ;-;--; 
8126;--;'1970-01-01 00:00:00;--; ; ;-;--; 
8127;--;'1970-01-01 00:00:00;--; ; ;-;--; 
8128;--;'1970-01-01 00:00:00;--; ; ;-;--; 
8129;--;'1970-01-01 00:00:00;--; ; ;-;--; 
8130;--;'1970-01-01 00:00:00;--; ; ;-;--; 
8131;--;'1970-01-01 00:00:00;--; ; ;-;--; 
8132;--;'1970-01-01 00:00:00;--; ; ;-;--; 
8133;--;'1970-01-01 00:00:00;--; ; ;-;--; 
8134;--;'1970-01-01 00:00:00;--; ; ;-;--; 
8135;--;'1970-01-01 00:00:00;--; ; ;-;--; 
8136;--;'1970-01-01 00:00:00;--; ; ;-;--; 
8137;--;'1970-01-01 00:00:00;--; ; ;-;--; 
8138;--;'1970-01-01 00:00:00;--; ; ;-;--; 
8139;--;'1970-01-01 00:00:00;--; ; ;-;--; 
8140;--;'1970-01-01 00:00:00;--; ; ;-;--; 
8141;--;'1970-01-01 00:00:00;--; ; ;-;--; 
8142;--;'1970-01-01 00:00:00;--; ; ;-;--; 
8143;--;'1970-01-01 00:00:00;--; ; ;-;--; 
8144;--;'1970-01-01 00:00:00;--; ; ;-;--; 
8145;--;'1970-01-01 00:00:00;--; ; ;-;--; 
8146;--;'1970-01-01 00:00:00;--; ; ;-;--; 
8147;--;'1970-01-01 00:00:00;--; ; ;-;--; 
8148;--;'1970-01-01 00:00:00;--; ; ;-;--; 
8149;--;'1970-01-01 00:00:00;--; ; ;-;--; 
8150;--;'1970-01-01 00:00:00;--; ; ;-;--; 
8151;--;'1970-01-01 00:00:00;--; ; ;-;--; 
8152;--;'1970-01-01 00:00:00;--; ; ;-;--; 
8153;--;'1970-01-01 00:00:00;--; ; ;-;--; 
8154;--;'1970-01-01 00:00:00;--; ; ;-;--; 
8155;--;'1970-01-01 00:00:00;--; ; ;-;--; 
8156;--;'1970-01-01 00:00:00;--; ; ;-;--; 
8157;--;'1970-01-01 00:00:00;--; ; ;-;--; 
8158;--;'1970-01-01 00:00:00;--; ; ;-;--; 
8159;--;'1970-01-01 00:00:00;--; ; ;-;--; 
8160;--;'1970-01-01 00:00:00;--; ; ;-;--; 
8161;--;'1970-01-01 00:00:00;--; ; ;-;--; 
8162;--;'1970-01-01 00:00:00;--; ; ;-;--; 
8163;--;'1970-01-01 00:00:00;--; ; ;-;--; 
8164;--;'1970-01-01 00:00:00;--; ; ;-;--; 
8165;--;'1970-01-01 00:00:00;--; ; ;-;--; 
8166;--;'1970-01-01 00:00:00;--; ; ;-;--; 
8167;--;'1970-01-01 00:00:00;--; ; ;-;--; 
8168;--;'1970-01-01 00:00:00;--; ; ;-;--; 
8169;--;'1970-01-01 00:00:00;--; ; ;-;--; 
8170;--;'1970-01-01 00:00:00;--; ; ;-;--; 
8171;--;'1970-01-01 00:00:00;--; ; ;-;--; 
8172;--;'1970-01-01 00:00:00;--; ; ;-;--; 
8173;--;'1970-01-01 00:00:00;--; ; ;-;--; 
8174;--;'1970-01-01 00:00:00;--; ; ;-;--; 
8175;--;'1970-01-01 00:00:00;--; ; ;-;--; 
8176;--;'1970-01-01 00:00:00;--; ; ;-;--; 
8177;--;'1970-01-01 00:00:00;--; ; ;-;--; 
8178;--;'1970-01-01 00:00:00;--; ; ;-;--; 
8179;--;'1970-01-01 00:00:00;--; ; ;-;--; 
8180;--;'1970-01-01 00:00:00;--; ; ;-;--; 
8181;--;'1970-01-01 00:00:00;--; ; ;-;--; 
8182;--;'1970-01-01 00:00:00;--; ; ;-;--; 
8183;--;'1970-01-01 00:00:00;--; ; ;-;--; 
8184;--;'1970-01-01 00:00:00;--; ; ;-;--; 
8185;--;'1970-01-01 00:00:00;--; ; ;-;--; 
8186;--;'1970-01-01 00:00:00;--; ; ;-;--; 
8187;--;'1970-01-01 00:00:00;--; ; ;-;--; 
8188;--;'1970-01-01 00:00:00;--; ; ;-;--; 
8189;--;'1970-01-01 00:00:00;--; ; ;-;--; 
8190;--;'1970-01-01 00:00:00;--; ; ;-;--; 
8191;--;'1970-01-01 00:00:00;--; ; ;-;--; 
8192;--;'1970-01-01 00:00:00;--; ; ;-;--; 
8193;--;'1970-01-01 00:00:00;--; ; ;-;--; 
8194;--;'1970-01-01 00:00:00;--; ; ;-;--; 
8195;--;'1970-01-01 00:00:00;--; ; ;-;--; 
8196;--;'1970-01-01 00:00:00;--; ; ;-;--; 
8197;--;'1970-01-01 00:00:00;--; ; ;-;--; 
8198;--;'1970-01-01 00:00:00;--; ; ;-;--; 
8199;--;'1970-01-01 00:00:00;--; ; ;-;--; 
8200;--;'1970-01-01 00:00:00;--; ; ;-;--; 
8201;--;'1970-01-01 00:00:00;--; ; ;-;--; 
8202;--;'1970-01-01 00:00:00;--; ; ;-;--; 
8203;--;'1970-01-01 00:00:00;--; ; ;-;--; 
8204;--;'1970-01-01 00:00:00;--; ; ;-;--; 
8205;--;'1970-01-01 00:00:00;--; ; ;-;--; 
8206;--;'1970-01-01 00:00:00;--; ; ;-;--; 
8207;--;'1970-01-01 00:00:00;--; ; ;-;--; 
8208;--;'1970-01-01 00:00:00;--; ; ;-;--; 
8209;--;'1970-01-01 00:00:00;--; ; ;-;--; 
8210;--;'1970-01-01 00:00:00;--; ; ;-;--; 
8211;--;'1970-01-01 00:00:00;--; ; ;-;--; 
8212;--;'1970-01-01 00:00:00;--; ; ;-;--; 
8213;--;'1970-01-01 00:00:00;--; ; ;-;--; 
8214;--;'1970-01-01 00:00:00;--; ; ;-;--; 
8215;--;'1970-01-01 00:00:00;--; ; ;-;--; 
8216;--;'1970-01-01 00:00:00;--; ; ;-;--; 
8217;--;'1970-01-01 00:00:00;--; ; ;-;--; 
8218;--;'1970-01-01 00:00:00;--; ; ;-;--; 
8219;--;'1970-01-01 00:00:00;--; ; ;-;--; 
8220;--;'1970-01-01 00:00:00;--; ; ;-;--; 
8221;--;'1970-01-01 00:00:00;--; ; ;-;--; 
8222;--;'1970-01-01 00:00:00;--; ; ;-;--; 
8223;--;'1970-01-01 00:00:00;--; ; ;-;--; 
8224;--;'1970-01-01 00:00:00;--; ; ;-;--; 
8225;--;'1970-01-01 00:00:00;--; ; ;-;--; 
8226;--;'1970-01-01 00:00:00;--; ; ;-;--; 
8227;--;'1970-01-01 00:00:00;--; ; ;-;--; 
8228;--;'1970-01-01 00:00:00;--; ; ;-;--; 
8229;--;'1970-01-01 00:00:00;--; ; ;-;--; 
8230;--;'1970-01-01 00:00:00;--; ; ;-;--; 
8231;--;'1970-01-01 00:00:00;--; ; ;-;--; 
8232;--;'1970-01-01 00:00:00;--; ; ;-;--; 
8233;--;'1970-01-01 00:00:00;--; ; ;-;--; 
8234;--;'1970-01-01 00:00:00;--; ; ;-;--; 
8235;--;'1970-01-01 00:00:00;--; ; ;-;--; 
8236;--;'1970-01-01 00:00:00;--; ; ;-;--; 
8237;--;'1970-01-01 00:00:00;--; ; ;-;--; 
8238;--;'1970-01-01 00:00:00;--; ; ;-;--; 
8239;--;'1970-01-01 00:00:00;--; ; ;-;--; 
8240;--;'1970-01-01 00:00:00;--; ; ;-;--; 
8241;--;'1970-01-01 00:00:00;--; ; ;-;--; 
8242;--;'1970-01-01 00:00:00;--; ; ;-;--; 
8243;--;'1970-01-01 00:00:00;--; ; ;-;--; 
8244;--;'1970-01-01 00:00:00;--; ; ;-;--; 
8245;--;'1970-01-01 00:00:00;--; ; ;-;--; 
8246;--;'1970-01-01 00:00:00;--; ; ;-;--; 
8247;--;'1970-01-01 00:00:00;--; ; ;-;--; 
8248;--;'1970-01-01 00:00:00;--; ; ;-;--; 
8249;--;'1970-01-01 00:00:00;--; ; ;-;--; 
8250;--;'1970-01-01 00:00:00;--; ; ;-;--; 
8251;--;'1970-01-01 00:00:00;--; ; ;-;--; 
8252;--;'1970-01-01 00:00:00;--; ; ;-;--; 
8253;--;'1970-01-01 00:00:00;--; ; ;-;--; 
8254;--;'1970-01-01 00:00:00;--; ; ;-;--; 
8255;--;'1970-01-01 00:00:00;--; ; ;-;--; 
8256;--;'1970-01-01 00:00:00;--; ; ;-;--; 
8257;--;'1970-01-01 00:00:00;--; ; ;-;--; 
8258;--;'1970-01-01 00:00:00;--; ; ;-;--; 
8259;--;'1970-01-01 00:00:00;--; ; ;-;--; 
8260;--;'1970-01-01 00:00:00;--; ; ;-;--; 
8261;--;'1970-01-01 00:00:00;--; ; ;-;--; 
8262;--;'1970-01-01 00:00:00;--; ; ;-;--; 
8263;--;'1970-01-01 00:00:00;--; ; ;-;--; 
8264;--;'1970-01-01 00:00:00;--; ; ;-;--; 
8265;--;'1970-01-01 00:00:00;--; ; ;-;--; 
8266;--;'1970-01-01 00:00:00;--; ; ;-;--; 
8267;--;'1970-01-01 00:00:00;--; ; ;-;--; 
8268;--;'1970-01-01 00:00:00;--; ; ;-;--; 
8269;--;'1970-01-01 00:00:00;--; ; ;-;--; 
8270;--;'1970-01-01 00:00:00;--; ; ;-;--; 
8271;--;'1970-01-01 00:00:00;--; ; ;-;--; 
8272;--;'1970-01-01 00:00:00;--; ; ;-;--; 
8273;--;'1970-01-01 00:00:00;--; ; ;-;--; 
8274;--;'1970-01-01 00:00:00;--; ; ;-;--; 
8275;--;'1970-01-01 00:00:00;--; ; ;-;--; 
8276;--;'1970-01-01 00:00:00;--; ; ;-;--; 
8277;--;'1970-01-01 00:00:00;--; ; ;-;--; 
8278;--;'1970-01-01 00:00:00;--; ; ;-;--; 
8279;--;'1970-01-01 00:00:00;--; ; ;-;--; 
8280;--;'1970-01-01 00:00:00;--; ; ;-;--; 
8281;--;'1970-01-01 00:00:00;--; ; ;-;--; 
8282;--;'1970-01-01 00:00:00;--; ; ;-;--; 
8283;--;'1970-01-01 00:00:00;--; ; ;-;--; 
8284;--;'1970-01-01 00:00:00;--; ; ;-;--; 
8285;--;'1970-01-01 00:00:00;--; ; ;-;--; 
8286;--;'1970-01-01 00:00:00;--; ; ;-;--; 
8287;--;'1970-01-01 00:00:00;--; ; ;-;--; 
8288;--;'1970-01-01 00:00:00;--; ; ;-;--; 
8289;--;'1970-01-01 00:00:00;--; ; ;-;--; 
8290;--;'1970-01-01 00:00:00;--; ; ;-;--; 
8291;--;'1970-01-01 00:00:00;--; ; ;-;--; 
8292;--;'1970-01-01 00:00:00;--; ; ;-;--; 
8293;--;'1970-01-01 00:00:00;--; ; ;-;--; 
8294;--;'1970-01-01 00:00:00;--; ; ;-;--; 
8295;--;'1970-01-01 00:00:00;--; ; ;-;--; 
8296;--;'1970-01-01 00:00:00;--; ; ;-;--; 
8297;--;'1970-01-01 00:00:00;--; ; ;-;--; 
8298;--;'1970-01-01 00:00:00;--; ; ;-;--; 
8299;--;'1970-01-01 00:00:00;--; ; ;-;--; 
8300;--;'1970-01-01 00:00:00;--; ; ;-;--; 
8301;--;'1970-01-01 00:00:00;--; ; ;-;--; 
8302;--;'1970-01-01 00:00:00;--; ; ;-;--; 
8303;--;'1970-01-01 00:00:00;--; ; ;-;--; 
8304;--;'1970-01-01 00:00:00;--; ; ;-;--; 
8305;--;'1970-01-01 00:00:00;--; ; ;-;--; 
8306;--;'1970-01-01 00:00:00;--; ; ;-;--; 
8307;--;'1970-01-01 00:00:00;--; ; ;-;--; 
8308;--;'1970-01-01 00:00:00;--; ; ;-;--; 
8309;--;'1970-01-01 00:00:00;--; ; ;-;--; 
8310;--;'1970-01-01 00:00:00;--; ; ;-;--; 
8311;--;'1970-01-01 00:00:00;--; ; ;-;--; 
8312;--;'1970-01-01 00:00:00;--; ; ;-;--; 
8313;--;'1970-01-01 00:00:00;--; ; ;-;--; 
8314;--;'1970-01-01 00:00:00;--; ; ;-;--; 
8315;--;'1970-01-01 00:00:00;--; ; ;-;--; 
8316;--;'1970-01-01 00:00:00;--; ; ;-;--; 
8317;--;'1970-01-01 00:00:00;--; ; ;-;--; 
8318;--;'1970-01-01 00:00:00;--; ; ;-;--; 
8319;--;'1970-01-01 00:00:00;--; ; ;-;--; 
8320;--;'1970-01-01 00:00:00;--; ; ;-;--; 
8321;--;'1970-01-01 00:00:00;--; ; ;-;--; 
8322;--;'1970-01-01 00:00:00;--; ; ;-;--; 
8323;--;'1970-01-01 00:00:00;--; ; ;-;--; 
8324;--;'1970-01-01 00:00:00;--; ; ;-;--; 
8325;--;'1970-01-01 00:00:00;--; ; ;-;--; 
8326;--;'1970-01-01 00:00:00;--; ; ;-;--; 
8327;--;'1970-01-01 00:00:00;--; ; ;-;--; 
8328;--;'1970-01-01 00:00:00;--; ; ;-;--; 
8329;--;'1970-01-01 00:00:00;--; ; ;-;--; 
8330;--;'1970-01-01 00:00:00;--; ; ;-;--; 
8331;--;'1970-01-01 00:00:00;--; ; ;-;--; 
8332;--;'1970-01-01 00:00:00;--; ; ;-;--; 
8333;--;'1970-01-01 00:00:00;--; ; ;-;--; 
8334;--;'1970-01-01 00:00:00;--; ; ;-;--; 
8335;--;'1970-01-01 00:00:00;--; ; ;-;--; 
8336;--;'1970-01-01 00:00:00;--; ; ;-;--; 
8337;--;'1970-01-01 00:00:00;--; ; ;-;--; 
8338;--;'1970-01-01 00:00:00;--; ; ;-;--; 
8339;--;'1970-01-01 00:00:00;--; ; ;-;--; 
8340;--;'1970-01-01 00:00:00;--; ; ;-;--; 
8341;--;'1970-01-01 00:00:00;--; ; ;-;--; 
8342;--;'1970-01-01 00:00:00;--; ; ;-;--; 
8343;--;'1970-01-01 00:00:00;--; ; ;-;--; 
8344;--;'1970-01-01 00:00:00;--; ; ;-;--; 
8345;--;'1970-01-01 00:00:00;--; ; ;-;--; 
8346;--;'1970-01-01 00:00:00;--; ; ;-;--; 
8347;--;'1970-01-01 00:00:00;--; ; ;-;--; 
8348;--;'1970-01-01 00:00:00;--; ; ;-;--; 
8349;--;'1970-01-01 00:00:00;--; ; ;-;--; 
8350;--;'1970-01-01 00:00:00;--; ; ;-;--; 
8351;--;'1970-01-01 00:00:00;--; ; ;-;--; 
8352;--;'1970-01-01 00:00:00;--; ; ;-;--; 
8353;--;'1970-01-01 00:00:00;--; ; ;-;--; 
8354;--;'1970-01-01 00:00:00;--; ; ;-;--; 
8355;--;'1970-01-01 00:00:00;--; ; ;-;--; 
8356;--;'1970-01-01 00:00:00;--; ; ;-;--; 
8357;--;'1970-01-01 00:00:00;--; ; ;-;--; 
8358;--;'1970-01-01 00:00:00;--; ; ;-;--; 
8359;--;'1970-01-01 00:00:00;--; ; ;-;--; 
8360;--;'1970-01-01 00:00:00;--; ; ;-;--; 
8361;--;'1970-01-01 00:00:00;--; ; ;-;--; 
8362;--;'1970-01-01 00:00:00;--; ; ;-;--; 
8363;--;'1970-01-01 00:00:00;--; ; ;-;--; 
8364;--;'1970-01-01 00:00:00;--; ; ;-;--; 
8365;--;'1970-01-01 00:00:00;--; ; ;-;--; 
8366;--;'1970-01-01 00:00:00;--; ; ;-;--; 
8367;--;'1970-01-01 00:00:00;--; ; ;-;--; 
8368;--;'1970-01-01 00:00:00;--; ; ;-;--; 
8369;--;'1970-01-01 00:00:00;--; ; ;-;--; 
8370;--;'1970-01-01 00:00:00;--; ; ;-;--; 
8371;--;'1970-01-01 00:00:00;--; ; ;-;--; 
8372;--;'1970-01-01 00:00:00;--; ; ;-;--; 
8373;--;'1970-01-01 00:00:00;--; ; ;-;--; 
8374;--;'1970-01-01 00:00:00;--; ; ;-;--; 
8375;--;'1970-01-01 00:00:00;--; ; ;-;--; 
8376;--;'1970-01-01 00:00:00;--; ; ;-;--; 
8377;--;'1970-01-01 00:00:00;--; ; ;-;--; 
8378;--;'1970-01-01 00:00:00;--; ; ;-;--; 
8379;--;'1970-01-01 00:00:00;--; ; ;-;--; 
8380;--;'1970-01-01 00:00:00;--; ; ;-;--; 
8381;--;'1970-01-01 00:00:00;--; ; ;-;--; 
8382;--;'1970-01-01 00:00:00;--; ; ;-;--; 
8383;--;'1970-01-01 00:00:00;--; ; ;-;--; 
8384;--;'1970-01-01 00:00:00;--; ; ;-;--; 
8385;--;'1970-01-01 00:00:00;--; ; ;-;--; 
8386;--;'1970-01-01 00:00:00;--; ; ;-;--; 
8387;--;'1970-01-01 00:00:00;--; ; ;-;--; 
8388;--;'1970-01-01 00:00:00;--; ; ;-;--; 
8389;--;'1970-01-01 00:00:00;--; ; ;-;--; 
8390;--;'1970-01-01 00:00:00;--; ; ;-;--; 
8391;--;'1970-01-01 00:00:00;--; ; ;-;--; 
8392;--;'1970-01-01 00:00:00;--; ; ;-;--; 
8393;--;'1970-01-01 00:00:00;--; ; ;-;--; 
8394;--;'1970-01-01 00:00:00;--; ; ;-;--; 
8395;--;'1970-01-01 00:00:00;--; ; ;-;--; 
8396;--;'1970-01-01 00:00:00;--; ; ;-;--; 
8397;--;'1970-01-01 00:00:00;--; ; ;-;--; 
8398;--;'1970-01-01 00:00:00;--; ; ;-;--; 
8399;--;'1970-01-01 00:00:00;--; ; ;-;--; 
8400;--;'1970-01-01 00:00:00;--; ; ;-;--; 
8401;--;'1970-01-01 00:00:00;--; ; ;-;--; 
8402;--;'1970-01-01 00:00:00;--; ; ;-;--; 
8403;--;'1970-01-01 00:00:00;--; ; ;-;--; 
8404;--;'1970-01-01 00:00:00;--; ; ;-;--; 
8405;--;'1970-01-01 00:00:00;--; ; ;-;--; 
8406;--;'1970-01-01 00:00:00;--; ; ;-;--; 
8407;--;'1970-01-01 00:00:00;--; ; ;-;--; 
8408;--;'1970-01-01 00:00:00;--; ; ;-;--; 
8409;--;'1970-01-01 00:00:00;--; ; ;-;--; 
8410;--;'1970-01-01 00:00:00;--; ; ;-;--; 
8411;--;'1970-01-01 00:00:00;--; ; ;-;--; 
8412;--;'1970-01-01 00:00:00;--; ; ;-;--; 
8413;--;'1970-01-01 00:00:00;--; ; ;-;--; 
8414;--;'1970-01-01 00:00:00;--; ; ;-;--; 
8415;--;'1970-01-01 00:00:00;--; ; ;-;--; 
8416;--;'1970-01-01 00:00:00;--; ; ;-;--; 
8417;--;'1970-01-01 00:00:00;--; ; ;-;--; 
8418;--;'1970-01-01 00:00:00;--; ; ;-;--; 
8419;--;'1970-01-01 00:00:00;--; ; ;-;--; 
8420;--;'1970-01-01 00:00:00;--; ; ;-;--; 
8421;--;'1970-01-01 00:00:00;--; ; ;-;--; 
8422;--;'1970-01-01 00:00:00;--; ; ;-;--; 
8423;--;'1970-01-01 00:00:00;--; ; ;-;--; 
8424;--;'1970-01-01 00:00:00;--; ; ;-;--; 
8425;--;'1970-01-01 00:00:00;--; ; ;-;--; 
8426;--;'1970-01-01 00:00:00;--; ; ;-;--; 
8427;--;'1970-01-01 00:00:00;--; ; ;-;--; 
8428;--;'1970-01-01 00:00:00;--; ; ;-;--; 
8429;--;'1970-01-01 00:00:00;--; ; ;-;--; 
8430;--;'1970-01-01 00:00:00;--; ; ;-;--; 
8431;--;'1970-01-01 00:00:00;--; ; ;-;--; 
8432;--;'1970-01-01 00:00:00;--; ; ;-;--; 
8433;--;'1970-01-01 00:00:00;--; ; ;-;--; 
8434;--;'1970-01-01 00:00:00;--; ; ;-;--; 
8435;--;'1970-01-01 00:00:00;--; ; ;-;--; 
8436;--;'1970-01-01 00:00:00;--; ; ;-;--; 
8437;--;'1970-01-01 00:00:00;--; ; ;-;--; 
8438;--;'1970-01-01 00:00:00;--; ; ;-;--; 
8439;--;'1970-01-01 00:00:00;--; ; ;-;--; 
8440;--;'1970-01-01 00:00:00;--; ; ;-;--; 
8441;--;'1970-01-01 00:00:00;--; ; ;-;--; 
8442;--;'1970-01-01 00:00:00;--; ; ;-;--; 
8443;--;'1970-01-01 00:00:00;--; ; ;-;--; 
8444;--;'1970-01-01 00:00:00;--; ; ;-;--; 
8445;--;'1970-01-01 00:00:00;--; ; ;-;--; 
8446;--;'1970-01-01 00:00:00;--; ; ;-;--; 
8447;--;'1970-01-01 00:00:00;--; ; ;-;--; 
8448;--;'1970-01-01 00:00:00;--; ; ;-;--; 
8449;--;'1970-01-01 00:00:00;--; ; ;-;--; 
8450;--;'1970-01-01 00:00:00;--; ; ;-;--; 
8451;--;'1970-01-01 00:00:00;--; ; ;-;--; 
8452;--;'1970-01-01 00:00:00;--; ; ;-;--; 
8453;--;'1970-01-01 00:00:00;--; ; ;-;--; 
8454;--;'1970-01-01 00:00:00;--; ; ;-;--; 
8455;--;'1970-01-01 00:00:00;--; ; ;-;--; 
8456;--;'1970-01-01 00:00:00;--; ; ;-;--; 
8457;--;'1970-01-01 00:00:00;--; ; ;-;--; 
8458;--;'1970-01-01 00:00:00;--; ; ;-;--; 
8459;--;'1970-01-01 00:00:00;--; ; ;-;--; 
8460;--;'1970-01-01 00:00:00;--; ; ;-;--; 
8461;--;'1970-01-01 00:00:00;--; ; ;-;--; 
8462;--;'1970-01-01 00:00:00;--; ; ;-;--; 
8463;--;'1970-01-01 00:00:00;--; ; ;-;--; 
8464;--;'1970-01-01 00:00:00;--; ; ;-;--; 
8465;--;'1970-01-01 00:00:00;--; ; ;-;--; 
8466;--;'1970-01-01 00:00:00;--; ; ;-;--; 
8467;--;'1970-01-01 00:00:00;--; ; ;-;--; 
8468;--;'1970-01-01 00:00:00;--; ; ;-;--; 
8469;--;'1970-01-01 00:00:00;--; ; ;-;--; 
8470;--;'1970-01-01 00:00:00;--; ; ;-;--; 
8471;--;'1970-01-01 00:00:00;--; ; ;-;--; 
8472;--;'1970-01-01 00:00:00;--; ; ;-;--; 
8473;--;'1970-01-01 00:00:00;--; ; ;-;--; 
8474;--;'1970-01-01 00:00:00;--; ; ;-;--; 
8475;--;'1970-01-01 00:00:00;--; ; ;-;--; 
8476;--;'1970-01-01 00:00:00;--; ; ;-;--; 
8477;--;'1970-01-01 00:00:00;--; ; ;-;--; 
8478;--;'1970-01-01 00:00:00;--; ; ;-;--; 
8479;--;'1970-01-01 00:00:00;--; ; ;-;--; 
8480;--;'1970-01-01 00:00:00;--; ; ;-;--; 
8481;--;'1970-01-01 00:00:00;--; ; ;-;--; 
8482;--;'1970-01-01 00:00:00;--; ; ;-;--; 
8483;--;'1970-01-01 00:00:00;--; ; ;-;--; 
8484;--;'1970-01-01 00:00:00;--; ; ;-;--; 
8485;--;'1970-01-01 00:00:00;--; ; ;-;--; 
8486;--;'1970-01-01 00:00:00;--; ; ;-;--; 
8487;--;'1970-01-01 00:00:00;--; ; ;-;--; 
8488;--;'1970-01-01 00:00:00;--; ; ;-;--; 
8489;--;'1970-01-01 00:00:00;--; ; ;-;--; 
8490;--;'1970-01-01 00:00:00;--; ; ;-;--; 
8491;--;'1970-01-01 00:00:00;--; ; ;-;--; 
8492;--;'1970-01-01 00:00:00;--; ; ;-;--; 
8493;--;'1970-01-01 00:00:00;--; ; ;-;--; 
8494;--;'1970-01-01 00:00:00;--; ; ;-;--; 
8495;--;'1970-01-01 00:00:00;--; ; ;-;--; 
8496;--;'1970-01-01 00:00:00;--; ; ;-;--; 
8497;--;'1970-01-01 00:00:00;--; ; ;-;--; 
8498;--;'1970-01-01 00:00:00;--; ; ;-;--; 
8499;--;'1970-01-01 00:00:00;--; ; ;-;--; 
8500;--;'1970-01-01 00:00:00;--; ; ;-;--; 
8501;--;'1970-01-01 00:00:00;--; ; ;-;--; 
8502;--;'1970-01-01 00:00:00;--; ; ;-;--; 
8503;--;'1970-01-01 00:00:00;--; ; ;-;--; 
8504;--;'1970-01-01 00:00:00;--; ; ;-;--; 
8505;--;'1970-01-01 00:00:00;--; ; ;-;--; 
8506;--;'1970-01-01 00:00:00;--; ; ;-;--; 
8507;--;'1970-01-01 00:00:00;--; ; ;-;--; 
8508;--;'1970-01-01 00:00:00;--; ; ;-;--; 
8509;--;'1970-01-01 00:00:00;--; ; ;-;--; 
8510;--;'1970-01-01 00:00:00;--; ; ;-;--; 
8511;--;'1970-01-01 00:00:00;--; ; ;-;--; 
8512;--;'1970-01-01 00:00:00;--; ; ;-;--; 
8513;--;'1970-01-01 00:00:00;--; ; ;-;--; 
8514;--;'1970-01-01 00:00:00;--; ; ;-;--; 
8515;--;'1970-01-01 00:00:00;--; ; ;-;--; 
8516;--;'1970-01-01 00:00:00;--; ; ;-;--; 
8517;--;'1970-01-01 00:00:00;--; ; ;-;--; 
8518;--;'1970-01-01 00:00:00;--; ; ;-;--; 
8519;--;'1970-01-01 00:00:00;--; ; ;-;--; 
8520;--;'1970-01-01 00:00:00;--; ; ;-;--; 
8521;--;'1970-01-01 00:00:00;--; ; ;-;--; 
8522;--;'1970-01-01 00:00:00;--; ; ;-;--; 
8523;--;'1970-01-01 00:00:00;--; ; ;-;--; 
8524;--;'1970-01-01 00:00:00;--; ; ;-;--; 
8525;--;'1970-01-01 00:00:00;--; ; ;-;--; 
8526;--;'1970-01-01 00:00:00;--; ; ;-;--; 
8527;--;'1970-01-01 00:00:00;--; ; ;-;--; 
8528;--;'1970-01-01 00:00:00;--; ; ;-;--; 
8529;--;'1970-01-01 00:00:00;--; ; ;-;--; 
8530;--;'1970-01-01 00:00:00;--; ; ;-;--; 
8531;--;'1970-01-01 00:00:00;--; ; ;-;--; 
8532;--;'1970-01-01 00:00:00;--; ; ;-;--; 
8533;--;'1970-01-01 00:00:00;--; ; ;-;--; 
8534;--;'1970-01-01 00:00:00;--; ; ;-;--; 
8535;--;'1970-01-01 00:00:00;--; ; ;-;--; 
8536;--;'1970-01-01 00:00:00;--; ; ;-;--; 
8537;--;'1970-01-01 00:00:00;--; ; ;-;--; 
8538;--;'1970-01-01 00:00:00;--; ; ;-;--; 
8539;--;'1970-01-01 00:00:00;--; ; ;-;--; 
8540;--;'1970-01-01 00:00:00;--; ; ;-;--; 
8541;--;'1970-01-01 00:00:00;--; ; ;-;--; 
8542;--;'1970-01-01 00:00:00;--; ; ;-;--; 
8543;--;'1970-01-01 00:00:00;--; ; ;-;--; 
8544;--;'1970-01-01 00:00:00;--; ; ;-;--; 
8545;--;'1970-01-01 00:00:00;--; ; ;-;--; 
8546;--;'1970-01-01 00:00:00;--; ; ;-;--; 
8547;--;'1970-01-01 00:00:00;--; ; ;-;--; 
8548;--;'1970-01-01 00:00:00;--; ; ;-;--; 
8549;--;'1970-01-01 00:00:00;--; ; ;-;--; 
8550;--;'1970-01-01 00:00:00;--; ; ;-;--; 
8551;--;'1970-01-01 00:00:00;--; ; ;-;--; 
8552;--;'1970-01-01 00:00:00;--; ; ;-;--; 
8553;--;'1970-01-01 00:00:00;--; ; ;-;--; 
8554;--;'1970-01-01 00:00:00;--; ; ;-;--; 
8555;--;'1970-01-01 00:00:00;--; ; ;-;--; 
8556;--;'1970-01-01 00:00:00;--; ; ;-;--; 
8557;--;'1970-01-01 00:00:00;--; ; ;-;--; 
8558;--;'1970-01-01 00:00:00;--; ; ;-;--; 
8559;--;'1970-01-01 00:00:00;--; ; ;-;--; 
8560;--;'1970-01-01 00:00:00;--; ; ;-;--; 
8561;--;'1970-01-01 00:00:00;--; ; ;-;--; 
8562;--;'1970-01-01 00:00:00;--; ; ;-;--; 
8563;--;'1970-01-01 00:00:00;--; ; ;-;--; 
8564;--;'1970-01-01 00:00:00;--; ; ;-;--; 
8565;--;'1970-01-01 00:00:00;--; ; ;-;--; 
8566;--;'1970-01-01 00:00:00;--; ; ;-;--; 
8567;--;'1970-01-01 00:00:00;--; ; ;-;--; 
8568;--;'1970-01-01 00:00:00;--; ; ;-;--; 
8569;--;'1970-01-01 00:00:00;--; ; ;-;--; 
8570;--;'1970-01-01 00:00:00;--; ; ;-;--; 
8571;--;'1970-01-01 00:00:00;--; ; ;-;--; 
8572;--;'1970-01-01 00:00:00;--; ; ;-;--; 
8573;--;'1970-01-01 00:00:00;--; ; ;-;--; 
8574;--;'1970-01-01 00:00:00;--; ; ;-;--; 
8575;--;'1970-01-01 00:00:00;--; ; ;-;--; 
8576;--;'1970-01-01 00:00:00;--; ; ;-;--; 
8577;--;'1970-01-01 00:00:00;--; ; ;-;--; 
8578;--;'1970-01-01 00:00:00;--; ; ;-;--; 
8579;--;'1970-01-01 00:00:00;--; ; ;-;--; 
8580;--;'1970-01-01 00:00:00;--; ; ;-;--; 
8581;--;'1970-01-01 00:00:00;--; ; ;-;--; 
8582;--;'1970-01-01 00:00:00;--; ; ;-;--; 
8583;--;'1970-01-01 00:00:00;--; ; ;-;--; 
8584;--;'1970-01-01 00:00:00;--; ; ;-;--; 
8585;--;'1970-01-01 00:00:00;--; ; ;-;--; 
8586;--;'1970-01-01 00:00:00;--; ; ;-;--; 
8587;--;'1970-01-01 00:00:00;--; ; ;-;--; 
8588;--;'1970-01-01 00:00:00;--; ; ;-;--; 
8589;--;'1970-01-01 00:00:00;--; ; ;-;--; 
8590;--;'1970-01-01 00:00:00;--; ; ;-;--; 
8591;--;'1970-01-01 00:00:00;--; ; ;-;--; 
8592;--;'1970-01-01 00:00:00;--; ; ;-;--; 
8593;--;'1970-01-01 00:00:00;--; ; ;-;--; 
8594;--;'1970-01-01 00:00:00;--; ; ;-;--; 
8595;--;'1970-01-01 00:00:00;--; ; ;-;--; 
8596;--;'1970-01-01 00:00:00;--; ; ;-;--; 
8597;--;'1970-01-01 00:00:00;--; ; ;-;--; 
8598;--;'1970-01-01 00:00:00;--; ; ;-;--; 
8599;--;'1970-01-01 00:00:00;--; ; ;-;--; 
8600;--;'1970-01-01 00:00:00;--; ; ;-;--; 
8601;--;'1970-01-01 00:00:00;--; ; ;-;--; 
8602;--;'1970-01-01 00:00:00;--; ; ;-;--; 
8603;--;'1970-01-01 00:00:00;--; ; ;-;--; 
8604;--;'1970-01-01 00:00:00;--; ; ;-;--; 
8605;--;'1970-01-01 00:00:00;--; ; ;-;--; 
8606;--;'1970-01-01 00:00:00;--; ; ;-;--; 
8607;--;'1970-01-01 00:00:00;--; ; ;-;--; 
8608;--;'1970-01-01 00:00:00;--; ; ;-;--; 
8609;--;'1970-01-01 00:00:00;--; ; ;-;--; 
8610;--;'1970-01-01 00:00:00;--; ; ;-;--; 
8611;--;'1970-01-01 00:00:00;--; ; ;-;--; 
8612;--;'1970-01-01 00:00:00;--; ; ;-;--; 
8613;--;'1970-01-01 00:00:00;--; ; ;-;--; 
8614;--;'1970-01-01 00:00:00;--; ; ;-;--; 
8615;--;'1970-01-01 00:00:00;--; ; ;-;--; 
8616;--;'1970-01-01 00:00:00;--; ; ;-;--; 
8617;--;'1970-01-01 00:00:00;--; ; ;-;--; 
8618;--;'1970-01-01 00:00:00;--; ; ;-;--; 
8619;--;'1970-01-01 00:00:00;--; ; ;-;--; 
8620;--;'1970-01-01 00:00:00;--; ; ;-;--; 
8621;--;'1970-01-01 00:00:00;--; ; ;-;--; 
8622;--;'1970-01-01 00:00:00;--; ; ;-;--; 
8623;--;'1970-01-01 00:00:00;--; ; ;-;--; 
8624;--;'1970-01-01 00:00:00;--; ; ;-;--; 
8625;--;'1970-01-01 00:00:00;--; ; ;-;--; 
8626;--;'1970-01-01 00:00:00;--; ; ;-;--; 
8627;--;'1970-01-01 00:00:00;--; ; ;-;--; 
8628;--;'1970-01-01 00:00:00;--; ; ;-;--; 
8629;--;'1970-01-01 00:00:00;--; ; ;-;--; 
8630;--;'1970-01-01 00:00:00;--; ; ;-;--; 
8631;--;'1970-01-01 00:00:00;--; ; ;-;--; 
8632;--;'1970-01-01 00:00:00;--; ; ;-;--; 
8633;--;'1970-01-01 00:00:00;--; ; ;-;--; 
8634;--;'1970-01-01 00:00:00;--; ; ;-;--; 
8635;--;'1970-01-01 00:00:00;--; ; ;-;--; 
8636;--;'1970-01-01 00:00:00;--; ; ;-;--; 
8637;--;'1970-01-01 00:00:00;--; ; ;-;--; 
8638;--;'1970-01-01 00:00:00;--; ; ;-;--; 
8639;--;'1970-01-01 00:00:00;--; ; ;-;--; 
8640;--;'1970-01-01 00:00:00;--; ; ;-;--; 
8641;--;'1970-01-01 00:00:00;--; ; ;-;--; 
8642;--;'1970-01-01 00:00:00;--; ; ;-;--; 
8643;--;'1970-01-01 00:00:00;--; ; ;-;--; 
8644;--;'1970-01-01 00:00:00;--; ; ;-;--; 
8645;--;'1970-01-01 00:00:00;--; ; ;-;--; 
8646;--;'1970-01-01 00:00:00;--; ; ;-;--; 
8647;--;'1970-01-01 00:00:00;--; ; ;-;--; 
8648;--;'1970-01-01 00:00:00;--; ; ;-;--; 
8649;--;'1970-01-01 00:00:00;--; ; ;-;--; 
8650;--;'1970-01-01 00:00:00;--; ; ;-;--; 
8651;--;'1970-01-01 00:00:00;--; ; ;-;--; 
8652;--;'1970-01-01 00:00:00;--; ; ;-;--; 
8653;--;'1970-01-01 00:00:00;--; ; ;-;--; 
8654;--;'1970-01-01 00:00:00;--; ; ;-;--; 
8655;--;'1970-01-01 00:00:00;--; ; ;-;--; 
8656;--;'1970-01-01 00:00:00;--; ; ;-;--; 
8657;--;'1970-01-01 00:00:00;--; ; ;-;--; 
8658;--;'1970-01-01 00:00:00;--; ; ;-;--; 
8659;--;'1970-01-01 00:00:00;--; ; ;-;--; 
8660;--;'1970-01-01 00:00:00;--; ; ;-;--; 
8661;--;'1970-01-01 00:00:00;--; ; ;-;--; 
8662;--;'1970-01-01 00:00:00;--; ; ;-;--; 
8663;--;'1970-01-01 00:00:00;--; ; ;-;--; 
8664;--;'1970-01-01 00:00:00;--; ; ;-;--; 
8665;--;'1970-01-01 00:00:00;--; ; ;-;--; 
8666;--;'1970-01-01 00:00:00;--; ; ;-;--; 
8667;--;'1970-01-01 00:00:00;--; ; ;-;--; 
8668;--;'1970-01-01 00:00:00;--; ; ;-;--; 
8669;--;'1970-01-01 00:00:00;--; ; ;-;--; 
8670;--;'1970-01-01 00:00:00;--; ; ;-;--; 
8671;--;'1970-01-01 00:00:00;--; ; ;-;--; 
8672;--;'1970-01-01 00:00:00;--; ; ;-;--; 
8673;--;'1970-01-01 00:00:00;--; ; ;-;--; 
8674;--;'1970-01-01 00:00:00;--; ; ;-;--; 
8675;--;'1970-01-01 00:00:00;--; ; ;-;--; 
8676;--;'1970-01-01 00:00:00;--; ; ;-;--; 
8677;--;'1970-01-01 00:00:00;--; ; ;-;--; 
8678;--;'1970-01-01 00:00:00;--; ; ;-;--; 
8679;--;'1970-01-01 00:00:00;--; ; ;-;--; 
8680;--;'1970-01-01 00:00:00;--; ; ;-;--; 
8681;--;'1970-01-01 00:00:00;--; ; ;-;--; 
8682;--;'1970-01-01 00:00:00;--; ; ;-;--; 
8683;--;'1970-01-01 00:00:00;--; ; ;-;--; 
8684;--;'1970-01-01 00:00:00;--; ; ;-;--; 
8685;--;'1970-01-01 00:00:00;--; ; ;-;--; 
8686;--;'1970-01-01 00:00:00;--; ; ;-;--; 
8687;--;'1970-01-01 00:00:00;--; ; ;-;--; 
8688;--;'1970-01-01 00:00:00;--; ; ;-;--; 
8689;--;'1970-01-01 00:00:00;--; ; ;-;--; 
8690;--;'1970-01-01 00:00:00;--; ; ;-;--; 
8691;--;'1970-01-01 00:00:00;--; ; ;-;--; 
8692;--;'1970-01-01 00:00:00;--; ; ;-;--; 
8693;--;'1970-01-01 00:00:00;--; ; ;-;--; 
8694;--;'1970-01-01 00:00:00;--; ; ;-;--; 
8695;--;'1970-01-01 00:00:00;--; ; ;-;--; 
8696;--;'1970-01-01 00:00:00;--; ; ;-;--; 
8697;--;'1970-01-01 00:00:00;--; ; ;-;--; 
8698;--;'1970-01-01 00:00:00;--; ; ;-;--; 
8699;--;'1970-01-01 00:00:00;--; ; ;-;--; 
8700;--;'1970-01-01 00:00:00;--; ; ;-;--; 
8701;--;'1970-01-01 00:00:00;--; ; ;-;--; 
8702;--;'1970-01-01 00:00:00;--; ; ;-;--; 
8703;--;'1970-01-01 00:00:00;--; ; ;-;--; 
8704;--;'1970-01-01 00:00:00;--; ; ;-;--; 
8705;--;'1970-01-01 00:00:00;--; ; ;-;--; 
8706;--;'1970-01-01 00:00:00;--; ; ;-;--; 
8707;--;'1970-01-01 00:00:00;--; ; ;-;--; 
8708;--;'1970-01-01 00:00:00;--; ; ;-;--; 
8709;--;'1970-01-01 00:00:00;--; ; ;-;--; 
8710;--;'1970-01-01 00:00:00;--; ; ;-;--; 
8711;--;'1970-01-01 00:00:00;--; ; ;-;--; 
8712;--;'1970-01-01 00:00:00;--; ; ;-;--; 
8713;--;'1970-01-01 00:00:00;--; ; ;-;--; 
8714;--;'1970-01-01 00:00:00;--; ; ;-;--; 
8715;--;'1970-01-01 00:00:00;--; ; ;-;--; 
8716;--;'1970-01-01 00:00:00;--; ; ;-;--; 
8717;--;'1970-01-01 00:00:00;--; ; ;-;--; 
8718;--;'1970-01-01 00:00:00;--; ; ;-;--; 
8719;--;'1970-01-01 00:00:00;--; ; ;-;--; 
8720;--;'1970-01-01 00:00:00;--; ; ;-;--; 
8721;--;'1970-01-01 00:00:00;--; ; ;-;--; 
8722;--;'1970-01-01 00:00:00;--; ; ;-;--; 
8723;--;'1970-01-01 00:00:00;--; ; ;-;--; 
8724;--;'1970-01-01 00:00:00;--; ; ;-;--; 
8725;--;'1970-01-01 00:00:00;--; ; ;-;--; 
8726;--;'1970-01-01 00:00:00;--; ; ;-;--; 
8727;--;'1970-01-01 00:00:00;--; ; ;-;--; 
8728;--;'1970-01-01 00:00:00;--; ; ;-;--; 
8729;--;'1970-01-01 00:00:00;--; ; ;-;--; 
8730;--;'1970-01-01 00:00:00;--; ; ;-;--; 
8731;--;'1970-01-01 00:00:00;--; ; ;-;--; 
8732;--;'1970-01-01 00:00:00;--; ; ;-;--; 
8733;--;'1970-01-01 00:00:00;--; ; ;-;--; 
8734;--;'1970-01-01 00:00:00;--; ; ;-;--; 
8735;--;'1970-01-01 00:00:00;--; ; ;-;--; 
8736;--;'1970-01-01 00:00:00;--; ; ;-;--; 
8737;--;'1970-01-01 00:00:00;--; ; ;-;--; 
8738;--;'1970-01-01 00:00:00;--; ; ;-;--; 
8739;--;'1970-01-01 00:00:00;--; ; ;-;--; 
8740;--;'1970-01-01 00:00:00;--; ; ;-;--; 
8741;--;'1970-01-01 00:00:00;--; ; ;-;--; 
8742;--;'1970-01-01 00:00:00;--; ; ;-;--; 
8743;--;'1970-01-01 00:00:00;--; ; ;-;--; 
8744;--;'1970-01-01 00:00:00;--; ; ;-;--; 
8745;--;'1970-01-01 00:00:00;--; ; ;-;--; 
8746;--;'1970-01-01 00:00:00;--; ; ;-;--; 
8747;--;'1970-01-01 00:00:00;--; ; ;-;--; 
8748;--;'1970-01-01 00:00:00;--; ; ;-;--; 
8749;--;'1970-01-01 00:00:00;--; ; ;-;--; 
8750;--;'1970-01-01 00:00:00;--; ; ;-;--; 
8751;--;'1970-01-01 00:00:00;--; ; ;-;--; 
8752;--;'1970-01-01 00:00:00;--; ; ;-;--; 
8753;--;'1970-01-01 00:00:00;--; ; ;-;--; 
8754;--;'1970-01-01 00:00:00;--; ; ;-;--; 
8755;--;'1970-01-01 00:00:00;--; ; ;-;--; 
8756;--;'1970-01-01 00:00:00;--; ; ;-;--; 
8757;--;'1970-01-01 00:00:00;--; ; ;-;--; 
8758;--;'1970-01-01 00:00:00;--; ; ;-;--; 
8759;--;'1970-01-01 00:00:00;--; ; ;-;--; 
8760;--;'1970-01-01 00:00:00;--; ; ;-;--; 
8761;--;'1970-01-01 00:00:00;--; ; ;-;--; 
8762;--;'1970-01-01 00:00:00;--; ; ;-;--; 
8763;--;'1970-01-01 00:00:00;--; ; ;-;--; 
8764;--;'1970-01-01 00:00:00;--; ; ;-;--; 
8765;--;'1970-01-01 00:00:00;--; ; ;-;--; 
8766;--;'1970-01-01 00:00:00;--; ; ;-;--; 
8767;--;'1970-01-01 00:00:00;--; ; ;-;--; 
8768;--;'1970-01-01 00:00:00;--; ; ;-;--; 
8769;--;'1970-01-01 00:00:00;--; ; ;-;--; 
8770;--;'1970-01-01 00:00:00;--; ; ;-;--; 
8771;--;'1970-01-01 00:00:00;--; ; ;-;--; 
8772;--;'1970-01-01 00:00:00;--; ; ;-;--; 
8773;--;'1970-01-01 00:00:00;--; ; ;-;--; 
8774;--;'1970-01-01 00:00:00;--; ; ;-;--; 
8775;--;'1970-01-01 00:00:00;--; ; ;-;--; 
8776;--;'1970-01-01 00:00:00;--; ; ;-;--; 
8777;--;'1970-01-01 00:00:00;--; ; ;-;--; 
8778;--;'1970-01-01 00:00:00;--; ; ;-;--; 
8779;--;'1970-01-01 00:00:00;--; ; ;-;--; 
8780;--;'1970-01-01 00:00:00;--; ; ;-;--; 
8781;--;'1970-01-01 00:00:00;--; ; ;-;--; 
8782;--;'1970-01-01 00:00:00;--; ; ;-;--; 
8783;--;'1970-01-01 00:00:00;--; ; ;-;--; 
8784;--;'1970-01-01 00:00:00;--; ; ;-;--; 
8785;--;'1970-01-01 00:00:00;--; ; ;-;--; 
8786;--;'1970-01-01 00:00:00;--; ; ;-;--; 
8787;--;'1970-01-01 00:00:00;--; ; ;-;--; 
8788;--;'1970-01-01 00:00:00;--; ; ;-;--; 
8789;--;'1970-01-01 00:00:00;--; ; ;-;--; 
8790;--;'1970-01-01 00:00:00;--; ; ;-;--; 
8791;--;'1970-01-01 00:00:00;--; ; ;-;--; 
8792;--;'1970-01-01 00:00:00;--; ; ;-;--; 
8793;--;'1970-01-01 00:00:00;--; ; ;-;--; 
8794;--;'1970-01-01 00:00:00;--; ; ;-;--; 
8795;--;'1970-01-01 00:00:00;--; ; ;-;--; 
8796;--;'1970-01-01 00:00:00;--; ; ;-;--; 
8797;--;'1970-01-01 00:00:00;--; ; ;-;--; 
8798;--;'1970-01-01 00:00:00;--; ; ;-;--; 
8799;--;'1970-01-01 00:00:00;--; ; ;-;--; 
8800;--;'1970-01-01 00:00:00;--; ; ;-;--; 
8801;--;'1970-01-01 00:00:00;--; ; ;-;--; 
8802;--;'1970-01-01 00:00:00;--; ; ;-;--; 
8803;--;'1970-01-01 00:00:00;--; ; ;-;--; 
8804;--;'1970-01-01 00:00:00;--; ; ;-;--; 
8805;--;'1970-01-01 00:00:00;--; ; ;-;--; 
8806;--;'1970-01-01 00:00:00;--; ; ;-;--; 
8807;--;'1970-01-01 00:00:00;--; ; ;-;--; 
8808;--;'1970-01-01 00:00:00;--; ; ;-;--; 
8809;--;'1970-01-01 00:00:00;--; ; ;-;--; 
8810;--;'1970-01-01 00:00:00;--; ; ;-;--; 
8811;--;'1970-01-01 00:00:00;--; ; ;-;--; 
8812;--;'1970-01-01 00:00:00;--; ; ;-;--; 
8813;--;'1970-01-01 00:00:00;--; ; ;-;--; 
8814;--;'1970-01-01 00:00:00;--; ; ;-;--; 
8815;--;'1970-01-01 00:00:00;--; ; ;-;--; 
8816;--;'1970-01-01 00:00:00;--; ; ;-;--; 
8817;--;'1970-01-01 00:00:00;--; ; ;-;--; 
8818;--;'1970-01-01 00:00:00;--; ; ;-;--; 
8819;--;'1970-01-01 00:00:00;--; ; ;-;--; 
8820;--;'1970-01-01 00:00:00;--; ; ;-;--; 
8821;--;'1970-01-01 00:00:00;--; ; ;-;--; 
8822;--;'1970-01-01 00:00:00;--; ; ;-;--; 
8823;--;'1970-01-01 00:00:00;--; ; ;-;--; 
8824;--;'1970-01-01 00:00:00;--; ; ;-;--; 
8825;--;'1970-01-01 00:00:00;--; ; ;-;--; 
8826;--;'1970-01-01 00:00:00;--; ; ;-;--; 
8827;--;'1970-01-01 00:00:00;--; ; ;-;--; 
8828;--;'1970-01-01 00:00:00;--; ; ;-;--; 
8829;--;'1970-01-01 00:00:00;--; ; ;-;--; 
8830;--;'1970-01-01 00:00:00;--; ; ;-;--; 
8831;--;'1970-01-01 00:00:00;--; ; ;-;--; 
8832;--;'1970-01-01 00:00:00;--; ; ;-;--; 
8833;--;'1970-01-01 00:00:00;--; ; ;-;--; 
8834;--;'1970-01-01 00:00:00;--; ; ;-;--; 
8835;--;'1970-01-01 00:00:00;--; ; ;-;--; 
8836;--;'1970-01-01 00:00:00;--; ; ;-;--; 
8837;--;'1970-01-01 00:00:00;--; ; ;-;--; 
8838;--;'1970-01-01 00:00:00;--; ; ;-;--; 
8839;--;'1970-01-01 00:00:00;--; ; ;-;--; 
8840;--;'1970-01-01 00:00:00;--; ; ;-;--; 
8841;--;'1970-01-01 00:00:00;--; ; ;-;--; 
8842;--;'1970-01-01 00:00:00;--; ; ;-;--; 
8843;--;'1970-01-01 00:00:00;--; ; ;-;--; 
8844;--;'1970-01-01 00:00:00;--; ; ;-;--; 
8845;--;'1970-01-01 00:00:00;--; ; ;-;--; 
8846;--;'1970-01-01 00:00:00;--; ; ;-;--; 
8847;--;'1970-01-01 00:00:00;--; ; ;-;--; 
8848;--;'1970-01-01 00:00:00;--; ; ;-;--; 
8849;--;'1970-01-01 00:00:00;--; ; ;-;--; 
8850;--;'1970-01-01 00:00:00;--; ; ;-;--; 
8851;--;'1970-01-01 00:00:00;--; ; ;-;--; 
8852;--;'1970-01-01 00:00:00;--; ; ;-;--; 
8853;--;'1970-01-01 00:00:00;--; ; ;-;--; 
8854;--;'1970-01-01 00:00:00;--; ; ;-;--; 
8855;--;'1970-01-01 00:00:00;--; ; ;-;--; 
8856;--;'1970-01-01 00:00:00;--; ; ;-;--; 
8857;--;'1970-01-01 00:00:00;--; ; ;-;--; 
8858;--;'1970-01-01 00:00:00;--; ; ;-;--; 
8859;--;'1970-01-01 00:00:00;--; ; ;-;--; 
8860;--;'1970-01-01 00:00:00;--; ; ;-;--; 
8861;--;'1970-01-01 00:00:00;--; ; ;-;--; 
8862;--;'1970-01-01 00:00:00;--; ; ;-;--; 
8863;--;'1970-01-01 00:00:00;--; ; ;-;--; 
8864;--;'1970-01-01 00:00:00;--; ; ;-;--; 
8865;--;'1970-01-01 00:00:00;--; ; ;-;--; 
8866;--;'1970-01-01 00:00:00;--; ; ;-;--; 
8867;--;'1970-01-01 00:00:00;--; ; ;-;--; 
8868;--;'1970-01-01 00:00:00;--; ; ;-;--; 
8869;--;'1970-01-01 00:00:00;--; ; ;-;--; 
8870;--;'1970-01-01 00:00:00;--; ; ;-;--; 
8871;--;'1970-01-01 00:00:00;--; ; ;-;--; 
8872;--;'1970-01-01 00:00:00;--; ; ;-;--; 
8873;--;'1970-01-01 00:00:00;--; ; ;-;--; 
8874;--;'1970-01-01 00:00:00;--; ; ;-;--; 
8875;--;'1970-01-01 00:00:00;--; ; ;-;--; 
8876;--;'1970-01-01 00:00:00;--; ; ;-;--; 
8877;--;'1970-01-01 00:00:00;--; ; ;-;--; 
8878;--;'1970-01-01 00:00:00;--; ; ;-;--; 
8879;--;'1970-01-01 00:00:00;--; ; ;-;--; 
8880;--;'1970-01-01 00:00:00;--; ; ;-;--; 
8881;--;'1970-01-01 00:00:00;--; ; ;-;--; 
8882;--;'1970-01-01 00:00:00;--; ; ;-;--; 
8883;--;'1970-01-01 00:00:00;--; ; ;-;--; 
8884;--;'1970-01-01 00:00:00;--; ; ;-;--; 
8885;--;'1970-01-01 00:00:00;--; ; ;-;--; 
8886;--;'1970-01-01 00:00:00;--; ; ;-;--; 
8887;--;'1970-01-01 00:00:00;--; ; ;-;--; 
8888;--;'1970-01-01 00:00:00;--; ; ;-;--; 
8889;--;'1970-01-01 00:00:00;--; ; ;-;--; 
8890;--;'1970-01-01 00:00:00;--; ; ;-;--; 
8891;--;'1970-01-01 00:00:00;--; ; ;-;--; 
8892;--;'1970-01-01 00:00:00;--; ; ;-;--; 
8893;--;'1970-01-01 00:00:00;--; ; ;-;--; 
8894;--;'1970-01-01 00:00:00;--; ; ;-;--; 
8895;--;'1970-01-01 00:00:00;--; ; ;-;--; 
8896;--;'1970-01-01 00:00:00;--; ; ;-;--; 
8897;--;'1970-01-01 00:00:00;--; ; ;-;--; 
8898;--;'1970-01-01 00:00:00;--; ; ;-;--; 
8899;--;'1970-01-01 00:00:00;--; ; ;-;--; 
8900;--;'1970-01-01 00:00:00;--; ; ;-;--; 
8901;--;'1970-01-01 00:00:00;--; ; ;-;--; 
8902;--;'1970-01-01 00:00:00;--; ; ;-;--; 
8903;--;'1970-01-01 00:00:00;--; ; ;-;--; 
8904;--;'1970-01-01 00:00:00;--; ; ;-;--; 
8905;--;'1970-01-01 00:00:00;--; ; ;-;--; 
8906;--;'1970-01-01 00:00:00;--; ; ;-;--; 
8907;--;'1970-01-01 00:00:00;--; ; ;-;--; 
8908;--;'1970-01-01 00:00:00;--; ; ;-;--; 
8909;--;'1970-01-01 00:00:00;--; ; ;-;--; 
8910;--;'1970-01-01 00:00:00;--; ; ;-;--; 
8911;--;'1970-01-01 00:00:00;--; ; ;-;--; 
8912;--;'1970-01-01 00:00:00;--; ; ;-;--; 
8913;--;'1970-01-01 00:00:00;--; ; ;-;--; 
8914;--;'1970-01-01 00:00:00;--; ; ;-;--; 
8915;--;'1970-01-01 00:00:00;--; ; ;-;--; 
8916;--;'1970-01-01 00:00:00;--; ; ;-;--; 
8917;--;'1970-01-01 00:00:00;--; ; ;-;--; 
8918;--;'1970-01-01 00:00:00;--; ; ;-;--; 
8919;--;'1970-01-01 00:00:00;--; ; ;-;--; 
8920;--;'1970-01-01 00:00:00;--; ; ;-;--; 
8921;--;'1970-01-01 00:00:00;--; ; ;-;--; 
8922;--;'1970-01-01 00:00:00;--; ; ;-;--; 
8923;--;'1970-01-01 00:00:00;--; ; ;-;--; 
8924;--;'1970-01-01 00:00:00;--; ; ;-;--; 
8925;--;'1970-01-01 00:00:00;--; ; ;-;--; 
8926;--;'1970-01-01 00:00:00;--; ; ;-;--; 
8927;--;'1970-01-01 00:00:00;--; ; ;-;--; 
8928;--;'1970-01-01 00:00:00;--; ; ;-;--; 
8929;--;'1970-01-01 00:00:00;--; ; ;-;--; 
8930;--;'1970-01-01 00:00:00;--; ; ;-;--; 
8931;--;'1970-01-01 00:00:00;--; ; ;-;--; 
8932;--;'1970-01-01 00:00:00;--; ; ;-;--; 
8933;--;'1970-01-01 00:00:00;--; ; ;-;--; 
8934;--;'1970-01-01 00:00:00;--; ; ;-;--; 
8935;--;'1970-01-01 00:00:00;--; ; ;-;--; 
8936;--;'1970-01-01 00:00:00;--; ; ;-;--; 
8937;--;'1970-01-01 00:00:00;--; ; ;-;--; 
8938;--;'1970-01-01 00:00:00;--; ; ;-;--; 
8939;--;'1970-01-01 00:00:00;--; ; ;-;--; 
8940;--;'1970-01-01 00:00:00;--; ; ;-;--; 
8941;--;'1970-01-01 00:00:00;--; ; ;-;--; 
8942;--;'1970-01-01 00:00:00;--; ; ;-;--; 
8943;--;'1970-01-01 00:00:00;--; ; ;-;--; 
8944;--;'1970-01-01 00:00:00;--; ; ;-;--; 
8945;--;'1970-01-01 00:00:00;--; ; ;-;--; 
8946;--;'1970-01-01 00:00:00;--; ; ;-;--; 
8947;--;'1970-01-01 00:00:00;--; ; ;-;--; 
8948;--;'1970-01-01 00:00:00;--; ; ;-;--; 
8949;--;'1970-01-01 00:00:00;--; ; ;-;--; 
8950;--;'1970-01-01 00:00:00;--; ; ;-;--; 
8951;--;'1970-01-01 00:00:00;--; ; ;-;--; 
8952;--;'1970-01-01 00:00:00;--; ; ;-;--; 
8953;--;'1970-01-01 00:00:00;--; ; ;-;--; 
8954;--;'1970-01-01 00:00:00;--; ; ;-;--; 
8955;--;'1970-01-01 00:00:00;--; ; ;-;--; 
8956;--;'1970-01-01 00:00:00;--; ; ;-;--; 
8957;--;'1970-01-01 00:00:00;--; ; ;-;--; 
8958;--;'1970-01-01 00:00:00;--; ; ;-;--; 
8959;--;'1970-01-01 00:00:00;--; ; ;-;--; 
8960;--;'1970-01-01 00:00:00;--; ; ;-;--; 
8961;--;'1970-01-01 00:00:00;--; ; ;-;--; 
8962;--;'1970-01-01 00:00:00;--; ; ;-;--; 
8963;--;'1970-01-01 00:00:00;--; ; ;-;--; 
8964;--;'1970-01-01 00:00:00;--; ; ;-;--; 
8965;--;'1970-01-01 00:00:00;--; ; ;-;--; 
8966;--;'1970-01-01 00:00:00;--; ; ;-;--; 
8967;--;'1970-01-01 00:00:00;--; ; ;-;--; 
8968;--;'1970-01-01 00:00:00;--; ; ;-;--; 
8969;--;'1970-01-01 00:00:00;--; ; ;-;--; 
8970;--;'1970-01-01 00:00:00;--; ; ;-;--; 
8971;--;'1970-01-01 00:00:00;--; ; ;-;--; 
8972;--;'1970-01-01 00:00:00;--; ; ;-;--; 
8973;--;'1970-01-01 00:00:00;--; ; ;-;--; 
8974;--;'1970-01-01 00:00:00;--; ; ;-;--; 
8975;--;'1970-01-01 00:00:00;--; ; ;-;--; 
8976;--;'1970-01-01 00:00:00;--; ; ;-;--; 
8977;--;'1970-01-01 00:00:00;--; ; ;-;--; 
8978;--;'1970-01-01 00:00:00;--; ; ;-;--; 
8979;--;'1970-01-01 00:00:00;--; ; ;-;--; 
8980;--;'1970-01-01 00:00:00;--; ; ;-;--; 
8981;--;'1970-01-01 00:00:00;--; ; ;-;--; 
8982;--;'1970-01-01 00:00:00;--; ; ;-;--; 
8983;--;'1970-01-01 00:00:00;--; ; ;-;--; 
8984;--;'1970-01-01 00:00:00;--; ; ;-;--; 
8985;--;'1970-01-01 00:00:00;--; ; ;-;--; 
8986;--;'1970-01-01 00:00:00;--; ; ;-;--; 
8987;--;'1970-01-01 00:00:00;--; ; ;-;--; 
8988;--;'1970-01-01 00:00:00;--; ; ;-;--; 
8989;--;'1970-01-01 00:00:00;--; ; ;-;--; 
8990;--;'1970-01-01 00:00:00;--; ; ;-;--; 
8991;--;'1970-01-01 00:00:00;--; ; ;-;--; 
8992;--;'1970-01-01 00:00:00;--; ; ;-;--; 
8993;--;'1970-01-01 00:00:00;--; ; ;-;--; 
8994;--;'1970-01-01 00:00:00;--; ; ;-;--; 
8995;--;'1970-01-01 00:00:00;--; ; ;-;--; 
8996;--;'1970-01-01 00:00:00;--; ; ;-;--; 
8997;--;'1970-01-01 00:00:00;--; ; ;-;--; 
8998;--;'1970-01-01 00:00:00;--; ; ;-;--; 
8999;--;'1970-01-01 00:00:00;--; ; ;-;--; 
9000;--;'1970-01-01 00:00:00;--; ; ;-;--; 
9001;--;'1970-01-01 00:00:00;--; ; ;-;--; 
9002;--;'1970-01-01 00:00:00;--; ; ;-;--; 
9003;--;'1970-01-01 00:00:00;--; ; ;-;--; 
9004;--;'1970-01-01 00:00:00;--; ; ;-;--; 
9005;--;'1970-01-01 00:00:00;--; ; ;-;--; 
9006;--;'1970-01-01 00:00:00;--; ; ;-;--; 
9007;--;'1970-01-01 00:00:00;--; ; ;-;--; 
9008;--;'1970-01-01 00:00:00;--; ; ;-;--; 
9009;--;'1970-01-01 00:00:00;--; ; ;-;--; 
9010;--;'1970-01-01 00:00:00;--; ; ;-;--; 
9011;--;'1970-01-01 00:00:00;--; ; ;-;--; 
9012;--;'1970-01-01 00:00:00;--; ; ;-;--; 
9013;--;'1970-01-01 00:00:00;--; ; ;-;--; 
9014;--;'1970-01-01 00:00:00;--; ; ;-;--; 
9015;--;'1970-01-01 00:00:00;--; ; ;-;--; 
9016;--;'1970-01-01 00:00:00;--; ; ;-;--; 
9017;--;'1970-01-01 00:00:00;--; ; ;-;--; 
9018;--;'1970-01-01 00:00:00;--; ; ;-;--; 
9019;--;'1970-01-01 00:00:00;--; ; ;-;--; 
9020;--;'1970-01-01 00:00:00;--; ; ;-;--; 
9021;--;'1970-01-01 00:00:00;--; ; ;-;--; 
9022;--;'1970-01-01 00:00:00;--; ; ;-;--; 
9023;--;'1970-01-01 00:00:00;--; ; ;-;--; 
9024;--;'1970-01-01 00:00:00;--; ; ;-;--; 
9025;--;'1970-01-01 00:00:00;--; ; ;-;--; 
9026;--;'1970-01-01 00:00:00;--; ; ;-;--; 
9027;--;'1970-01-01 00:00:00;--; ; ;-;--; 
9028;--;'1970-01-01 00:00:00;--; ; ;-;--; 
9029;--;'1970-01-01 00:00:00;--; ; ;-;--; 
9030;--;'1970-01-01 00:00:00;--; ; ;-;--; 
9031;--;'1970-01-01 00:00:00;--; ; ;-;--; 
9032;--;'1970-01-01 00:00:00;--; ; ;-;--; 
9033;--;'1970-01-01 00:00:00;--; ; ;-;--; 
9034;--;'1970-01-01 00:00:00;--; ; ;-;--; 
9035;--;'1970-01-01 00:00:00;--; ; ;-;--; 
9036;--;'1970-01-01 00:00:00;--; ; ;-;--; 
9037;--;'1970-01-01 00:00:00;--; ; ;-;--; 
9038;--;'1970-01-01 00:00:00;--; ; ;-;--; 
9039;--;'1970-01-01 00:00:00;--; ; ;-;--; 
9040;--;'1970-01-01 00:00:00;--; ; ;-;--; 
9041;--;'1970-01-01 00:00:00;--; ; ;-;--; 
9042;--;'1970-01-01 00:00:00;--; ; ;-;--; 
9043;--;'1970-01-01 00:00:00;--; ; ;-;--; 
9044;--;'1970-01-01 00:00:00;--; ; ;-;--; 
9045;--;'1970-01-01 00:00:00;--; ; ;-;--; 
9046;--;'1970-01-01 00:00:00;--; ; ;-;--; 
9047;--;'1970-01-01 00:00:00;--; ; ;-;--; 
9048;--;'1970-01-01 00:00:00;--; ; ;-;--; 
9049;--;'1970-01-01 00:00:00;--; ; ;-;--; 
9050;--;'1970-01-01 00:00:00;--; ; ;-;--; 
9051;--;'1970-01-01 00:00:00;--; ; ;-;--; 
9052;--;'1970-01-01 00:00:00;--; ; ;-;--; 
9053;--;'1970-01-01 00:00:00;--; ; ;-;--; 
9054;--;'1970-01-01 00:00:00;--; ; ;-;--; 
9055;--;'1970-01-01 00:00:00;--; ; ;-;--; 
9056;--;'1970-01-01 00:00:00;--; ; ;-;--; 
9057;--;'1970-01-01 00:00:00;--; ; ;-;--; 
9058;--;'1970-01-01 00:00:00;--; ; ;-;--; 
9059;--;'1970-01-01 00:00:00;--; ; ;-;--; 
9060;--;'1970-01-01 00:00:00;--; ; ;-;--; 
9061;--;'1970-01-01 00:00:00;--; ; ;-;--; 
9062;--;'1970-01-01 00:00:00;--; ; ;-;--; 
9063;--;'1970-01-01 00:00:00;--; ; ;-;--; 
9064;--;'1970-01-01 00:00:00;--; ; ;-;--; 
9065;--;'1970-01-01 00:00:00;--; ; ;-;--; 
9066;--;'1970-01-01 00:00:00;--; ; ;-;--; 
9067;--;'1970-01-01 00:00:00;--; ; ;-;--; 
9068;--;'1970-01-01 00:00:00;--; ; ;-;--; 
9069;--;'1970-01-01 00:00:00;--; ; ;-;--; 
9070;--;'1970-01-01 00:00:00;--; ; ;-;--; 
9071;--;'1970-01-01 00:00:00;--; ; ;-;--; 
9072;--;'1970-01-01 00:00:00;--; ; ;-;--; 
9073;--;'1970-01-01 00:00:00;--; ; ;-;--; 
9074;--;'1970-01-01 00:00:00;--; ; ;-;--; 
9075;--;'1970-01-01 00:00:00;--; ; ;-;--; 
9076;--;'1970-01-01 00:00:00;--; ; ;-;--; 
9077;--;'1970-01-01 00:00:00;--; ; ;-;--; 
9078;--;'1970-01-01 00:00:00;--; ; ;-;--; 
9079;--;'1970-01-01 00:00:00;--; ; ;-;--; 
9080;--;'1970-01-01 00:00:00;--; ; ;-;--; 
9081;--;'1970-01-01 00:00:00;--; ; ;-;--; 
9082;--;'1970-01-01 00:00:00;--; ; ;-;--; 
9083;--;'1970-01-01 00:00:00;--; ; ;-;--; 
9084;--;'1970-01-01 00:00:00;--; ; ;-;--; 
9085;--;'1970-01-01 00:00:00;--; ; ;-;--; 
9086;--;'1970-01-01 00:00:00;--; ; ;-;--; 
9087;--;'1970-01-01 00:00:00;--; ; ;-;--; 
9088;--;'1970-01-01 00:00:00;--; ; ;-;--; 
9089;--;'1970-01-01 00:00:00;--; ; ;-;--; 
9090;--;'1970-01-01 00:00:00;--; ; ;-;--; 
9091;--;'1970-01-01 00:00:00;--; ; ;-;--; 
9092;--;'1970-01-01 00:00:00;--; ; ;-;--; 
9093;--;'1970-01-01 00:00:00;--; ; ;-;--; 
9094;--;'1970-01-01 00:00:00;--; ; ;-;--; 
9095;--;'1970-01-01 00:00:00;--; ; ;-;--; 
9096;--;'1970-01-01 00:00:00;--; ; ;-;--; 
9097;--;'1970-01-01 00:00:00;--; ; ;-;--; 
9098;--;'1970-01-01 00:00:00;--; ; ;-;--; 
9099;--;'1970-01-01 00:00:00;--; ; ;-;--; 
9100;--;'1970-01-01 00:00:00;--; ; ;-;--; 
9101;--;'1970-01-01 00:00:00;--; ; ;-;--; 
9102;--;'1970-01-01 00:00:00;--; ; ;-;--; 
9103;--;'1970-01-01 00:00:00;--; ; ;-;--; 
9104;--;'1970-01-01 00:00:00;--; ; ;-;--; 
9105;--;'1970-01-01 00:00:00;--; ; ;-;--; 
9106;--;'1970-01-01 00:00:00;--; ; ;-;--; 
9107;--;'1970-01-01 00:00:00;--; ; ;-;--; 
9108;--;'1970-01-01 00:00:00;--; ; ;-;--; 
9109;--;'1970-01-01 00:00:00;--; ; ;-;--; 
9110;--;'1970-01-01 00:00:00;--; ; ;-;--; 
9111;--;'1970-01-01 00:00:00;--; ; ;-;--; 
9112;--;'1970-01-01 00:00:00;--; ; ;-;--; 
9113;--;'1970-01-01 00:00:00;--; ; ;-;--; 
9114;--;'1970-01-01 00:00:00;--; ; ;-;--; 
9115;--;'1970-01-01 00:00:00;--; ; ;-;--; 
9116;--;'1970-01-01 00:00:00;--; ; ;-;--; 
9117;--;'1970-01-01 00:00:00;--; ; ;-;--; 
9118;--;'1970-01-01 00:00:00;--; ; ;-;--; 
9119;--;'1970-01-01 00:00:00;--; ; ;-;--; 
9120;--;'1970-01-01 00:00:00;--; ; ;-;--; 
9121;--;'1970-01-01 00:00:00;--; ; ;-;--; 
9122;--;'1970-01-01 00:00:00;--; ; ;-;--; 
9123;--;'1970-01-01 00:00:00;--; ; ;-;--; 
9124;--;'1970-01-01 00:00:00;--; ; ;-;--; 
9125;--;'1970-01-01 00:00:00;--; ; ;-;--; 
9126;--;'1970-01-01 00:00:00;--; ; ;-;--; 
9127;--;'1970-01-01 00:00:00;--; ; ;-;--; 
9128;--;'1970-01-01 00:00:00;--; ; ;-;--; 
9129;--;'1970-01-01 00:00:00;--; ; ;-;--; 
9130;--;'1970-01-01 00:00:00;--; ; ;-;--; 
9131;--;'1970-01-01 00:00:00;--; ; ;-;--; 
9132;--;'1970-01-01 00:00:00;--; ; ;-;--; 
9133;--;'1970-01-01 00:00:00;--; ; ;-;--; 
9134;--;'1970-01-01 00:00:00;--; ; ;-;--; 
9135;--;'1970-01-01 00:00:00;--; ; ;-;--; 
9136;--;'1970-01-01 00:00:00;--; ; ;-;--; 
9137;--;'1970-01-01 00:00:00;--; ; ;-;--; 
9138;--;'1970-01-01 00:00:00;--; ; ;-;--; 
9139;--;'1970-01-01 00:00:00;--; ; ;-;--; 
9140;--;'1970-01-01 00:00:00;--; ; ;-;--; 
9141;--;'1970-01-01 00:00:00;--; ; ;-;--; 
9142;--;'1970-01-01 00:00:00;--; ; ;-;--; 
9143;--;'1970-01-01 00:00:00;--; ; ;-;--; 
9144;--;'1970-01-01 00:00:00;--; ; ;-;--; 
9145;--;'1970-01-01 00:00:00;--; ; ;-;--; 
9146;--;'1970-01-01 00:00:00;--; ; ;-;--; 
9147;--;'1970-01-01 00:00:00;--; ; ;-;--; 
9148;--;'1970-01-01 00:00:00;--; ; ;-;--; 
9149;--;'1970-01-01 00:00:00;--; ; ;-;--; 
9150;--;'1970-01-01 00:00:00;--; ; ;-;--; 
9151;--;'1970-01-01 00:00:00;--; ; ;-;--; 
9152;--;'1970-01-01 00:00:00;--; ; ;-;--; 
9153;--;'1970-01-01 00:00:00;--; ; ;-;--; 
9154;--;'1970-01-01 00:00:00;--; ; ;-;--; 
9155;--;'1970-01-01 00:00:00;--; ; ;-;--; 
9156;--;'1970-01-01 00:00:00;--; ; ;-;--; 
9157;--;'1970-01-01 00:00:00;--; ; ;-;--; 
9158;--;'1970-01-01 00:00:00;--; ; ;-;--; 
9159;--;'1970-01-01 00:00:00;--; ; ;-;--; 
9160;--;'1970-01-01 00:00:00;--; ; ;-;--; 
9161;--;'1970-01-01 00:00:00;--; ; ;-;--; 
9162;--;'1970-01-01 00:00:00;--; ; ;-;--; 
9163;--;'1970-01-01 00:00:00;--; ; ;-;--; 
9164;--;'1970-01-01 00:00:00;--; ; ;-;--; 
9165;--;'1970-01-01 00:00:00;--; ; ;-;--; 
9166;--;'1970-01-01 00:00:00;--; ; ;-;--; 
9167;--;'1970-01-01 00:00:00;--; ; ;-;--; 
9168;--;'1970-01-01 00:00:00;--; ; ;-;--; 
9169;--;'1970-01-01 00:00:00;--; ; ;-;--; 
9170;--;'1970-01-01 00:00:00;--; ; ;-;--; 
9171;--;'1970-01-01 00:00:00;--; ; ;-;--; 
9172;--;'1970-01-01 00:00:00;--; ; ;-;--; 
9173;--;'1970-01-01 00:00:00;--; ; ;-;--; 
9174;--;'1970-01-01 00:00:00;--; ; ;-;--; 
9175;--;'1970-01-01 00:00:00;--; ; ;-;--; 
9176;--;'1970-01-01 00:00:00;--; ; ;-;--; 
9177;--;'1970-01-01 00:00:00;--; ; ;-;--; 
9178;--;'1970-01-01 00:00:00;--; ; ;-;--; 
9179;--;'1970-01-01 00:00:00;--; ; ;-;--; 
9180;--;'1970-01-01 00:00:00;--; ; ;-;--; 
9181;--;'1970-01-01 00:00:00;--; ; ;-;--; 
9182;--;'1970-01-01 00:00:00;--; ; ;-;--; 
9183;--;'1970-01-01 00:00:00;--; ; ;-;--; 
9184;--;'1970-01-01 00:00:00;--; ; ;-;--; 
9185;--;'1970-01-01 00:00:00;--; ; ;-;--; 
9186;--;'1970-01-01 00:00:00;--; ; ;-;--; 
9187;--;'1970-01-01 00:00:00;--; ; ;-;--; 
9188;--;'1970-01-01 00:00:00;--; ; ;-;--; 
9189;--;'1970-01-01 00:00:00;--; ; ;-;--; 
9190;--;'1970-01-01 00:00:00;--; ; ;-;--; 
9191;--;'1970-01-01 00:00:00;--; ; ;-;--; 
9192;--;'1970-01-01 00:00:00;--; ; ;-;--; 
9193;--;'1970-01-01 00:00:00;--; ; ;-;--; 
9194;--;'1970-01-01 00:00:00;--; ; ;-;--; 
9195;--;'1970-01-01 00:00:00;--; ; ;-;--; 
9196;--;'1970-01-01 00:00:00;--; ; ;-;--; 
9197;--;'1970-01-01 00:00:00;--; ; ;-;--; 
9198;--;'1970-01-01 00:00:00;--; ; ;-;--; 
9199;--;'1970-01-01 00:00:00;--; ; ;-;--; 
9200;--;'1970-01-01 00:00:00;--; ; ;-;--; 
9201;--;'1970-01-01 00:00:00;--; ; ;-;--; 
9202;--;'1970-01-01 00:00:00;--; ; ;-;--; 
9203;--;'1970-01-01 00:00:00;--; ; ;-;--; 
9204;--;'1970-01-01 00:00:00;--; ; ;-;--; 
9205;--;'1970-01-01 00:00:00;--; ; ;-;--; 
9206;--;'1970-01-01 00:00:00;--; ; ;-;--; 
9207;--;'1970-01-01 00:00:00;--; ; ;-;--; 
9208;--;'1970-01-01 00:00:00;--; ; ;-;--; 
9209;--;'1970-01-01 00:00:00;--; ; ;-;--; 
9210;--;'1970-01-01 00:00:00;--; ; ;-;--; 
9211;--;'1970-01-01 00:00:00;--; ; ;-;--; 
9212;--;'1970-01-01 00:00:00;--; ; ;-;--; 
9213;--;'1970-01-01 00:00:00;--; ; ;-;--; 
9214;--;'1970-01-01 00:00:00;--; ; ;-;--; 
9215;--;'1970-01-01 00:00:00;--; ; ;-;--; 
9216;--;'1970-01-01 00:00:00;--; ; ;-;--; 
9217;--;'1970-01-01 00:00:00;--; ; ;-;--; 
9218;--;'1970-01-01 00:00:00;--; ; ;-;--; 
9219;--;'1970-01-01 00:00:00;--; ; ;-;--; 
9220;--;'1970-01-01 00:00:00;--; ; ;-;--; 
9221;--;'1970-01-01 00:00:00;--; ; ;-;--; 
9222;--;'1970-01-01 00:00:00;--; ; ;-;--; 
9223;--;'1970-01-01 00:00:00;--; ; ;-;--; 
9224;--;'1970-01-01 00:00:00;--; ; ;-;--; 
9225;--;'1970-01-01 00:00:00;--; ; ;-;--; 
9226;--;'1970-01-01 00:00:00;--; ; ;-;--; 
9227;--;'1970-01-01 00:00:00;--; ; ;-;--; 
9228;--;'1970-01-01 00:00:00;--; ; ;-;--; 
9229;--;'1970-01-01 00:00:00;--; ; ;-;--; 
9230;--;'1970-01-01 00:00:00;--; ; ;-;--; 
9231;--;'1970-01-01 00:00:00;--; ; ;-;--; 
9232;--;'1970-01-01 00:00:00;--; ; ;-;--; 
9233;--;'1970-01-01 00:00:00;--; ; ;-;--; 
9234;--;'1970-01-01 00:00:00;--; ; ;-;--; 
9235;--;'1970-01-01 00:00:00;--; ; ;-;--; 
9236;--;'1970-01-01 00:00:00;--; ; ;-;--; 
9237;--;'1970-01-01 00:00:00;--; ; ;-;--; 
9238;--;'1970-01-01 00:00:00;--; ; ;-;--; 
9239;--;'1970-01-01 00:00:00;--; ; ;-;--; 
9240;--;'1970-01-01 00:00:00;--; ; ;-;--; 
9241;--;'1970-01-01 00:00:00;--; ; ;-;--; 
9242;--;'1970-01-01 00:00:00;--; ; ;-;--; 
9243;--;'1970-01-01 00:00:00;--; ; ;-;--; 
9244;--;'1970-01-01 00:00:00;--; ; ;-;--; 
9245;--;'1970-01-01 00:00:00;--; ; ;-;--; 
9246;--;'1970-01-01 00:00:00;--; ; ;-;--; 
9247;--;'1970-01-01 00:00:00;--; ; ;-;--; 
9248;--;'1970-01-01 00:00:00;--; ; ;-;--; 
9249;--;'1970-01-01 00:00:00;--; ; ;-;--; 
9250;--;'1970-01-01 00:00:00;--; ; ;-;--; 
9251;--;'1970-01-01 00:00:00;--; ; ;-;--; 
9252;--;'1970-01-01 00:00:00;--; ; ;-;--; 
9253;--;'1970-01-01 00:00:00;--; ; ;-;--; 
9254;--;'1970-01-01 00:00:00;--; ; ;-;--; 
9255;--;'1970-01-01 00:00:00;--; ; ;-;--; 
9256;--;'1970-01-01 00:00:00;--; ; ;-;--; 
9257;--;'1970-01-01 00:00:00;--; ; ;-;--; 
9258;--;'1970-01-01 00:00:00;--; ; ;-;--; 
9259;--;'1970-01-01 00:00:00;--; ; ;-;--; 
9260;--;'1970-01-01 00:00:00;--; ; ;-;--; 
9261;--;'1970-01-01 00:00:00;--; ; ;-;--; 
9262;--;'1970-01-01 00:00:00;--; ; ;-;--; 
9263;--;'1970-01-01 00:00:00;--; ; ;-;--; 
9264;--;'1970-01-01 00:00:00;--; ; ;-;--; 
9265;--;'1970-01-01 00:00:00;--; ; ;-;--; 
9266;--;'1970-01-01 00:00:00;--; ; ;-;--; 
9267;--;'1970-01-01 00:00:00;--; ; ;-;--; 
9268;--;'1970-01-01 00:00:00;--; ; ;-;--; 
9269;--;'1970-01-01 00:00:00;--; ; ;-;--; 
9270;--;'1970-01-01 00:00:00;--; ; ;-;--; 
9271;--;'1970-01-01 00:00:00;--; ; ;-;--; 
9272;--;'1970-01-01 00:00:00;--; ; ;-;--; 
9273;--;'1970-01-01 00:00:00;--; ; ;-;--; 
9274;--;'1970-01-01 00:00:00;--; ; ;-;--; 
9275;--;'1970-01-01 00:00:00;--; ; ;-;--; 
9276;--;'1970-01-01 00:00:00;--; ; ;-;--; 
9277;--;'1970-01-01 00:00:00;--; ; ;-;--; 
9278;--;'1970-01-01 00:00:00;--; ; ;-;--; 
9279;--;'1970-01-01 00:00:00;--; ; ;-;--; 
9280;--;'1970-01-01 00:00:00;--; ; ;-;--; 
9281;--;'1970-01-01 00:00:00;--; ; ;-;--; 
9282;--;'1970-01-01 00:00:00;--; ; ;-;--; 
9283;--;'1970-01-01 00:00:00;--; ; ;-;--; 
9284;--;'1970-01-01 00:00:00;--; ; ;-;--; 
9285;--;'1970-01-01 00:00:00;--; ; ;-;--; 
9286;--;'1970-01-01 00:00:00;--; ; ;-;--; 
9287;--;'1970-01-01 00:00:00;--; ; ;-;--; 
9288;--;'1970-01-01 00:00:00;--; ; ;-;--; 
9289;--;'1970-01-01 00:00:00;--; ; ;-;--; 
9290;--;'1970-01-01 00:00:00;--; ; ;-;--; 
9291;--;'1970-01-01 00:00:00;--; ; ;-;--; 
9292;--;'1970-01-01 00:00:00;--; ; ;-;--; 
9293;--;'1970-01-01 00:00:00;--; ; ;-;--; 
9294;--;'1970-01-01 00:00:00;--; ; ;-;--; 
9295;--;'1970-01-01 00:00:00;--; ; ;-;--; 
9296;--;'1970-01-01 00:00:00;--; ; ;-;--; 
9297;--;'1970-01-01 00:00:00;--; ; ;-;--; 
9298;--;'1970-01-01 00:00:00;--; ; ;-;--; 
9299;--;'1970-01-01 00:00:00;--; ; ;-;--; 
9300;--;'1970-01-01 00:00:00;--; ; ;-;--; 
9301;--;'1970-01-01 00:00:00;--; ; ;-;--; 
9302;--;'1970-01-01 00:00:00;--; ; ;-;--; 
9303;--;'1970-01-01 00:00:00;--; ; ;-;--; 
9304;--;'1970-01-01 00:00:00;--; ; ;-;--; 
9305;--;'1970-01-01 00:00:00;--; ; ;-;--; 
9306;--;'1970-01-01 00:00:00;--; ; ;-;--; 
9307;--;'1970-01-01 00:00:00;--; ; ;-;--; 
9308;--;'1970-01-01 00:00:00;--; ; ;-;--; 
9309;--;'1970-01-01 00:00:00;--; ; ;-;--; 
9310;--;'1970-01-01 00:00:00;--; ; ;-;--; 
9311;--;'1970-01-01 00:00:00;--; ; ;-;--; 
9312;--;'1970-01-01 00:00:00;--; ; ;-;--; 
9313;--;'1970-01-01 00:00:00;--; ; ;-;--; 
9314;--;'1970-01-01 00:00:00;--; ; ;-;--; 
9315;--;'1970-01-01 00:00:00;--; ; ;-;--; 
9316;--;'1970-01-01 00:00:00;--; ; ;-;--; 
9317;--;'1970-01-01 00:00:00;--; ; ;-;--; 
9318;--;'1970-01-01 00:00:00;--; ; ;-;--; 
9319;--;'1970-01-01 00:00:00;--; ; ;-;--; 
9320;--;'1970-01-01 00:00:00;--; ; ;-;--; 
9321;--;'1970-01-01 00:00:00;--; ; ;-;--; 
9322;--;'1970-01-01 00:00:00;--; ; ;-;--; 
9323;--;'1970-01-01 00:00:00;--; ; ;-;--; 
9324;--;'1970-01-01 00:00:00;--; ; ;-;--; 
9325;--;'1970-01-01 00:00:00;--; ; ;-;--; 
9326;--;'1970-01-01 00:00:00;--; ; ;-;--; 
9327;--;'1970-01-01 00:00:00;--; ; ;-;--; 
9328;--;'1970-01-01 00:00:00;--; ; ;-;--; 
9329;--;'1970-01-01 00:00:00;--; ; ;-;--; 
9330;--;'1970-01-01 00:00:00;--; ; ;-;--; 
9331;--;'1970-01-01 00:00:00;--; ; ;-;--; 
9332;--;'1970-01-01 00:00:00;--; ; ;-;--; 
9333;--;'1970-01-01 00:00:00;--; ; ;-;--; 
9334;--;'1970-01-01 00:00:00;--; ; ;-;--; 
9335;--;'1970-01-01 00:00:00;--; ; ;-;--; 
9336;--;'1970-01-01 00:00:00;--; ; ;-;--; 
9337;--;'1970-01-01 00:00:00;--; ; ;-;--; 
9338;--;'1970-01-01 00:00:00;--; ; ;-;--; 
9339;--;'1970-01-01 00:00:00;--; ; ;-;--; 
9340;--;'1970-01-01 00:00:00;--; ; ;-;--; 
9341;--;'1970-01-01 00:00:00;--; ; ;-;--; 
9342;--;'1970-01-01 00:00:00;--; ; ;-;--; 
9343;--;'1970-01-01 00:00:00;--; ; ;-;--; 
9344;--;'1970-01-01 00:00:00;--; ; ;-;--; 
9345;--;'1970-01-01 00:00:00;--; ; ;-;--; 
9346;--;'1970-01-01 00:00:00;--; ; ;-;--; 
9347;--;'1970-01-01 00:00:00;--; ; ;-;--; 
9348;--;'1970-01-01 00:00:00;--; ; ;-;--; 
9349;--;'1970-01-01 00:00:00;--; ; ;-;--; 
9350;--;'1970-01-01 00:00:00;--; ; ;-;--; 
9351;--;'1970-01-01 00:00:00;--; ; ;-;--; 
9352;--;'1970-01-01 00:00:00;--; ; ;-;--; 
9353;--;'1970-01-01 00:00:00;--; ; ;-;--; 
9354;--;'1970-01-01 00:00:00;--; ; ;-;--; 
9355;--;'1970-01-01 00:00:00;--; ; ;-;--; 
9356;--;'1970-01-01 00:00:00;--; ; ;-;--; 
9357;--;'1970-01-01 00:00:00;--; ; ;-;--; 
9358;--;'1970-01-01 00:00:00;--; ; ;-;--; 
9359;--;'1970-01-01 00:00:00;--; ; ;-;--; 
9360;--;'1970-01-01 00:00:00;--; ; ;-;--; 
9361;--;'1970-01-01 00:00:00;--; ; ;-;--; 
9362;--;'1970-01-01 00:00:00;--; ; ;-;--; 
9363;--;'1970-01-01 00:00:00;--; ; ;-;--; 
9364;--;'1970-01-01 00:00:00;--; ; ;-;--; 
9365;--;'1970-01-01 00:00:00;--; ; ;-;--; 
9366;--;'1970-01-01 00:00:00;--; ; ;-;--; 
9367;--;'1970-01-01 00:00:00;--; ; ;-;--; 
9368;--;'1970-01-01 00:00:00;--; ; ;-;--; 
9369;--;'1970-01-01 00:00:00;--; ; ;-;--; 
9370;--;'1970-01-01 00:00:00;--; ; ;-;--; 
9371;--;'1970-01-01 00:00:00;--; ; ;-;--; 
9372;--;'1970-01-01 00:00:00;--; ; ;-;--; 
9373;--;'1970-01-01 00:00:00;--; ; ;-;--; 
9374;--;'1970-01-01 00:00:00;--; ; ;-;--; 
9375;--;'1970-01-01 00:00:00;--; ; ;-;--; 
9376;--;'1970-01-01 00:00:00;--; ; ;-;--; 
9377;--;'1970-01-01 00:00:00;--; ; ;-;--; 
9378;--;'1970-01-01 00:00:00;--; ; ;-;--; 
9379;--;'1970-01-01 00:00:00;--; ; ;-;--; 
9380;--;'1970-01-01 00:00:00;--; ; ;-;--; 
9381;--;'1970-01-01 00:00:00;--; ; ;-;--; 
9382;--;'1970-01-01 00:00:00;--; ; ;-;--; 
9383;--;'1970-01-01 00:00:00;--; ; ;-;--; 
9384;--;'1970-01-01 00:00:00;--; ; ;-;--; 
9385;--;'1970-01-01 00:00:00;--; ; ;-;--; 
9386;--;'1970-01-01 00:00:00;--; ; ;-;--; 
9387;--;'1970-01-01 00:00:00;--; ; ;-;--; 
9388;--;'1970-01-01 00:00:00;--; ; ;-;--; 
9389;--;'1970-01-01 00:00:00;--; ; ;-;--; 
9390;--;'1970-01-01 00:00:00;--; ; ;-;--; 
9391;--;'1970-01-01 00:00:00;--; ; ;-;--; 
9392;--;'1970-01-01 00:00:00;--; ; ;-;--; 
9393;--;'1970-01-01 00:00:00;--; ; ;-;--; 
9394;--;'1970-01-01 00:00:00;--; ; ;-;--; 
9395;--;'1970-01-01 00:00:00;--; ; ;-;--; 
9396;--;'1970-01-01 00:00:00;--; ; ;-;--; 
9397;--;'1970-01-01 00:00:00;--; ; ;-;--; 
9398;--;'1970-01-01 00:00:00;--; ; ;-;--; 
9399;--;'1970-01-01 00:00:00;--; ; ;-;--; 
9400;--;'1970-01-01 00:00:00;--; ; ;-;--; 
9401;--;'1970-01-01 00:00:00;--; ; ;-;--; 
9402;--;'1970-01-01 00:00:00;--; ; ;-;--; 
9403;--;'1970-01-01 00:00:00;--; ; ;-;--; 
9404;--;'1970-01-01 00:00:00;--; ; ;-;--; 
9405;--;'1970-01-01 00:00:00;--; ; ;-;--; 
9406;--;'1970-01-01 00:00:00;--; ; ;-;--; 
9407;--;'1970-01-01 00:00:00;--; ; ;-;--; 
9408;--;'1970-01-01 00:00:00;--; ; ;-;--; 
9409;--;'1970-01-01 00:00:00;--; ; ;-;--; 
9410;--;'1970-01-01 00:00:00;--; ; ;-;--; 
9411;--;'1970-01-01 00:00:00;--; ; ;-;--; 
9412;--;'1970-01-01 00:00:00;--; ; ;-;--; 
9413;--;'1970-01-01 00:00:00;--; ; ;-;--; 
9414;--;'1970-01-01 00:00:00;--; ; ;-;--; 
9415;--;'1970-01-01 00:00:00;--; ; ;-;--; 
9416;--;'1970-01-01 00:00:00;--; ; ;-;--; 
9417;--;'1970-01-01 00:00:00;--; ; ;-;--; 
9418;--;'1970-01-01 00:00:00;--; ; ;-;--; 
9419;--;'1970-01-01 00:00:00;--; ; ;-;--; 
9420;--;'1970-01-01 00:00:00;--; ; ;-;--; 
9421;--;'1970-01-01 00:00:00;--; ; ;-;--; 
9422;--;'1970-01-01 00:00:00;--; ; ;-;--; 
9423;--;'1970-01-01 00:00:00;--; ; ;-;--; 
9424;--;'1970-01-01 00:00:00;--; ; ;-;--; 
9425;--;'1970-01-01 00:00:00;--; ; ;-;--; 
9426;--;'1970-01-01 00:00:00;--; ; ;-;--; 
9427;--;'1970-01-01 00:00:00;--; ; ;-;--; 
9428;--;'1970-01-01 00:00:00;--; ; ;-;--; 
9429;--;'1970-01-01 00:00:00;--; ; ;-;--; 
9430;--;'1970-01-01 00:00:00;--; ; ;-;--; 
9431;--;'1970-01-01 00:00:00;--; ; ;-;--; 
9432;--;'1970-01-01 00:00:00;--; ; ;-;--; 
9433;--;'1970-01-01 00:00:00;--; ; ;-;--; 
9434;--;'1970-01-01 00:00:00;--; ; ;-;--; 
9435;--;'1970-01-01 00:00:00;--; ; ;-;--; 
9436;--;'1970-01-01 00:00:00;--; ; ;-;--; 
9437;--;'1970-01-01 00:00:00;--; ; ;-;--; 
9438;--;'1970-01-01 00:00:00;--; ; ;-;--; 
9439;--;'1970-01-01 00:00:00;--; ; ;-;--; 
9440;--;'1970-01-01 00:00:00;--; ; ;-;--; 
9441;--;'1970-01-01 00:00:00;--; ; ;-;--; 
9442;--;'1970-01-01 00:00:00;--; ; ;-;--; 
9443;--;'1970-01-01 00:00:00;--; ; ;-;--; 
9444;--;'1970-01-01 00:00:00;--; ; ;-;--; 
9445;--;'1970-01-01 00:00:00;--; ; ;-;--; 
9446;--;'1970-01-01 00:00:00;--; ; ;-;--; 
9447;--;'1970-01-01 00:00:00;--; ; ;-;--; 
9448;--;'1970-01-01 00:00:00;--; ; ;-;--; 
9449;--;'1970-01-01 00:00:00;--; ; ;-;--; 
9450;--;'1970-01-01 00:00:00;--; ; ;-;--; 
9451;--;'1970-01-01 00:00:00;--; ; ;-;--; 
9452;--;'1970-01-01 00:00:00;--; ; ;-;--; 
9453;--;'1970-01-01 00:00:00;--; ; ;-;--; 
9454;--;'1970-01-01 00:00:00;--; ; ;-;--; 
9455;--;'1970-01-01 00:00:00;--; ; ;-;--; 
9456;--;'1970-01-01 00:00:00;--; ; ;-;--; 
9457;--;'1970-01-01 00:00:00;--; ; ;-;--; 
9458;--;'1970-01-01 00:00:00;--; ; ;-;--; 
9459;--;'1970-01-01 00:00:00;--; ; ;-;--; 
9460;--;'1970-01-01 00:00:00;--; ; ;-;--; 
9461;--;'1970-01-01 00:00:00;--; ; ;-;--; 
9462;--;'1970-01-01 00:00:00;--; ; ;-;--; 
9463;--;'1970-01-01 00:00:00;--; ; ;-;--; 
9464;--;'1970-01-01 00:00:00;--; ; ;-;--; 
9465;--;'1970-01-01 00:00:00;--; ; ;-;--; 
9466;--;'1970-01-01 00:00:00;--; ; ;-;--; 
9467;--;'1970-01-01 00:00:00;--; ; ;-;--; 
9468;--;'1970-01-01 00:00:00;--; ; ;-;--; 
9469;--;'1970-01-01 00:00:00;--; ; ;-;--; 
9470;--;'1970-01-01 00:00:00;--; ; ;-;--; 
9471;--;'1970-01-01 00:00:00;--; ; ;-;--; 
9472;--;'1970-01-01 00:00:00;--; ; ;-;--; 
9473;--;'1970-01-01 00:00:00;--; ; ;-;--; 
9474;--;'1970-01-01 00:00:00;--; ; ;-;--; 
9475;--;'1970-01-01 00:00:00;--; ; ;-;--; 
9476;--;'1970-01-01 00:00:00;--; ; ;-;--; 
9477;--;'1970-01-01 00:00:00;--; ; ;-;--; 
9478;--;'1970-01-01 00:00:00;--; ; ;-;--; 
9479;--;'1970-01-01 00:00:00;--; ; ;-;--; 
9480;--;'1970-01-01 00:00:00;--; ; ;-;--; 
9481;--;'1970-01-01 00:00:00;--; ; ;-;--; 
9482;--;'1970-01-01 00:00:00;--; ; ;-;--; 
9483;--;'1970-01-01 00:00:00;--; ; ;-;--; 
9484;--;'1970-01-01 00:00:00;--; ; ;-;--; 
9485;--;'1970-01-01 00:00:00;--; ; ;-;--; 
9486;--;'1970-01-01 00:00:00;--; ; ;-;--; 
9487;--;'1970-01-01 00:00:00;--; ; ;-;--; 
9488;--;'1970-01-01 00:00:00;--; ; ;-;--; 
9489;--;'1970-01-01 00:00:00;--; ; ;-;--; 
9490;--;'1970-01-01 00:00:00;--; ; ;-;--; 
9491;--;'1970-01-01 00:00:00;--; ; ;-;--; 
9492;--;'1970-01-01 00:00:00;--; ; ;-;--; 
9493;--;'1970-01-01 00:00:00;--; ; ;-;--; 
9494;--;'1970-01-01 00:00:00;--; ; ;-;--; 
9495;--;'1970-01-01 00:00:00;--; ; ;-;--; 
9496;--;'1970-01-01 00:00:00;--; ; ;-;--; 
9497;--;'1970-01-01 00:00:00;--; ; ;-;--; 
9498;--;'1970-01-01 00:00:00;--; ; ;-;--; 
9499;--;'1970-01-01 00:00:00;--; ; ;-;--; 
9500;--;'1970-01-01 00:00:00;--; ; ;-;--; 
9501;--;'1970-01-01 00:00:00;--; ; ;-;--; 
9502;--;'1970-01-01 00:00:00;--; ; ;-;--; 
9503;--;'1970-01-01 00:00:00;--; ; ;-;--; 
9504;--;'1970-01-01 00:00:00;--; ; ;-;--; 
9505;--;'1970-01-01 00:00:00;--; ; ;-;--; 
9506;--;'1970-01-01 00:00:00;--; ; ;-;--; 
9507;--;'1970-01-01 00:00:00;--; ; ;-;--; 
9508;--;'1970-01-01 00:00:00;--; ; ;-;--; 
9509;--;'1970-01-01 00:00:00;--; ; ;-;--; 
9510;--;'1970-01-01 00:00:00;--; ; ;-;--; 
9511;--;'1970-01-01 00:00:00;--; ; ;-;--; 
9512;--;'1970-01-01 00:00:00;--; ; ;-;--; 
9513;--;'1970-01-01 00:00:00;--; ; ;-;--; 
9514;--;'1970-01-01 00:00:00;--; ; ;-;--; 
9515;--;'1970-01-01 00:00:00;--; ; ;-;--; 
9516;--;'1970-01-01 00:00:00;--; ; ;-;--; 
9517;--;'1970-01-01 00:00:00;--; ; ;-;--; 
9518;--;'1970-01-01 00:00:00;--; ; ;-;--; 
9519;--;'1970-01-01 00:00:00;--; ; ;-;--; 
9520;--;'1970-01-01 00:00:00;--; ; ;-;--; 
9521;--;'1970-01-01 00:00:00;--; ; ;-;--; 
9522;--;'1970-01-01 00:00:00;--; ; ;-;--; 
9523;--;'1970-01-01 00:00:00;--; ; ;-;--; 
9524;--;'1970-01-01 00:00:00;--; ; ;-;--; 
9525;--;'1970-01-01 00:00:00;--; ; ;-;--; 
9526;--;'1970-01-01 00:00:00;--; ; ;-;--; 
9527;--;'1970-01-01 00:00:00;--; ; ;-;--; 
9528;--;'1970-01-01 00:00:00;--; ; ;-;--; 
9529;--;'1970-01-01 00:00:00;--; ; ;-;--; 
9530;--;'1970-01-01 00:00:00;--; ; ;-;--; 
9531;--;'1970-01-01 00:00:00;--; ; ;-;--; 
9532;--;'1970-01-01 00:00:00;--; ; ;-;--; 
9533;--;'1970-01-01 00:00:00;--; ; ;-;--; 
9534;--;'1970-01-01 00:00:00;--; ; ;-;--; 
9535;--;'1970-01-01 00:00:00;--; ; ;-;--; 
9536;--;'1970-01-01 00:00:00;--; ; ;-;--; 
9537;--;'1970-01-01 00:00:00;--; ; ;-;--; 
9538;--;'1970-01-01 00:00:00;--; ; ;-;--; 
9539;--;'1970-01-01 00:00:00;--; ; ;-;--; 
9540;--;'1970-01-01 00:00:00;--; ; ;-;--; 
9541;--;'1970-01-01 00:00:00;--; ; ;-;--; 
9542;--;'1970-01-01 00:00:00;--; ; ;-;--; 
9543;--;'1970-01-01 00:00:00;--; ; ;-;--; 
9544;--;'1970-01-01 00:00:00;--; ; ;-;--; 
9545;--;'1970-01-01 00:00:00;--; ; ;-;--; 
9546;--;'1970-01-01 00:00:00;--; ; ;-;--; 
9547;--;'1970-01-01 00:00:00;--; ; ;-;--; 
9548;--;'1970-01-01 00:00:00;--; ; ;-;--; 
9549;--;'1970-01-01 00:00:00;--; ; ;-;--; 
9550;--;'1970-01-01 00:00:00;--; ; ;-;--; 
9551;--;'1970-01-01 00:00:00;--; ; ;-;--; 
9552;--;'1970-01-01 00:00:00;--; ; ;-;--; 
9553;--;'1970-01-01 00:00:00;--; ; ;-;--; 
9554;--;'1970-01-01 00:00:00;--; ; ;-;--; 
9555;--;'1970-01-01 00:00:00;--; ; ;-;--; 
9556;--;'1970-01-01 00:00:00;--; ; ;-;--; 
9557;--;'1970-01-01 00:00:00;--; ; ;-;--; 
9558;--;'1970-01-01 00:00:00;--; ; ;-;--; 
9559;--;'1970-01-01 00:00:00;--; ; ;-;--; 
9560;--;'1970-01-01 00:00:00;--; ; ;-;--; 
9561;--;'1970-01-01 00:00:00;--; ; ;-;--; 
9562;--;'1970-01-01 00:00:00;--; ; ;-;--; 
9563;--;'1970-01-01 00:00:00;--; ; ;-;--; 
9564;--;'1970-01-01 00:00:00;--; ; ;-;--; 
9565;--;'1970-01-01 00:00:00;--; ; ;-;--; 
9566;--;'1970-01-01 00:00:00;--; ; ;-;--; 
9567;--;'1970-01-01 00:00:00;--; ; ;-;--; 
9568;--;'1970-01-01 00:00:00;--; ; ;-;--; 
9569;--;'1970-01-01 00:00:00;--; ; ;-;--; 
9570;--;'1970-01-01 00:00:00;--; ; ;-;--; 
9571;--;'1970-01-01 00:00:00;--; ; ;-;--; 
9572;--;'1970-01-01 00:00:00;--; ; ;-;--; 
9573;--;'1970-01-01 00:00:00;--; ; ;-;--; 
9574;--;'1970-01-01 00:00:00;--; ; ;-;--; 
9575;--;'1970-01-01 00:00:00;--; ; ;-;--; 
9576;--;'1970-01-01 00:00:00;--; ; ;-;--; 
9577;--;'1970-01-01 00:00:00;--; ; ;-;--; 
9578;--;'1970-01-01 00:00:00;--; ; ;-;--; 
9579;--;'1970-01-01 00:00:00;--; ; ;-;--; 
9580;--;'1970-01-01 00:00:00;--; ; ;-;--; 
9581;--;'1970-01-01 00:00:00;--; ; ;-;--; 
9582;--;'1970-01-01 00:00:00;--; ; ;-;--; 
9583;--;'1970-01-01 00:00:00;--; ; ;-;--; 
9584;--;'1970-01-01 00:00:00;--; ; ;-;--; 
9585;--;'1970-01-01 00:00:00;--; ; ;-;--; 
9586;--;'1970-01-01 00:00:00;--; ; ;-;--; 
9587;--;'1970-01-01 00:00:00;--; ; ;-;--; 
9588;--;'1970-01-01 00:00:00;--; ; ;-;--; 
9589;--;'1970-01-01 00:00:00;--; ; ;-;--; 
9590;--;'1970-01-01 00:00:00;--; ; ;-;--; 
9591;--;'1970-01-01 00:00:00;--; ; ;-;--; 
9592;--;'1970-01-01 00:00:00;--; ; ;-;--; 
9593;--;'1970-01-01 00:00:00;--; ; ;-;--; 
9594;--;'1970-01-01 00:00:00;--; ; ;-;--; 
9595;--;'1970-01-01 00:00:00;--; ; ;-;--; 
9596;--;'1970-01-01 00:00:00;--; ; ;-;--; 
9597;--;'1970-01-01 00:00:00;--; ; ;-;--; 
9598;--;'1970-01-01 00:00:00;--; ; ;-;--; 
9599;--;'1970-01-01 00:00:00;--; ; ;-;--; 
9600;--;'1970-01-01 00:00:00;--; ; ;-;--; 
9601;--;'1970-01-01 00:00:00;--; ; ;-;--; 
9602;--;'1970-01-01 00:00:00;--; ; ;-;--; 
9603;--;'1970-01-01 00:00:00;--; ; ;-;--; 
9604;--;'1970-01-01 00:00:00;--; ; ;-;--; 
9605;--;'1970-01-01 00:00:00;--; ; ;-;--; 
9606;--;'1970-01-01 00:00:00;--; ; ;-;--; 
9607;--;'1970-01-01 00:00:00;--; ; ;-;--; 
9608;--;'1970-01-01 00:00:00;--; ; ;-;--; 
9609;--;'1970-01-01 00:00:00;--; ; ;-;--; 
9610;--;'1970-01-01 00:00:00;--; ; ;-;--; 
9611;--;'1970-01-01 00:00:00;--; ; ;-;--; 
9612;--;'1970-01-01 00:00:00;--; ; ;-;--; 
9613;--;'1970-01-01 00:00:00;--; ; ;-;--; 
9614;--;'1970-01-01 00:00:00;--; ; ;-;--; 
9615;--;'1970-01-01 00:00:00;--; ; ;-;--; 
9616;--;'1970-01-01 00:00:00;--; ; ;-;--; 
9617;--;'1970-01-01 00:00:00;--; ; ;-;--; 
9618;--;'1970-01-01 00:00:00;--; ; ;-;--; 
9619;--;'1970-01-01 00:00:00;--; ; ;-;--; 
9620;--;'1970-01-01 00:00:00;--; ; ;-;--; 
9621;--;'1970-01-01 00:00:00;--; ; ;-;--; 
9622;--;'1970-01-01 00:00:00;--; ; ;-;--; 
9623;--;'1970-01-01 00:00:00;--; ; ;-;--; 
9624;--;'1970-01-01 00:00:00;--; ; ;-;--; 
9625;--;'1970-01-01 00:00:00;--; ; ;-;--; 
9626;--;'1970-01-01 00:00:00;--; ; ;-;--; 
9627;--;'1970-01-01 00:00:00;--; ; ;-;--; 
9628;--;'1970-01-01 00:00:00;--; ; ;-;--; 
9629;--;'1970-01-01 00:00:00;--; ; ;-;--; 
9630;--;'1970-01-01 00:00:00;--; ; ;-;--; 
9631;--;'1970-01-01 00:00:00;--; ; ;-;--; 
9632;--;'1970-01-01 00:00:00;--; ; ;-;--; 
9633;--;'1970-01-01 00:00:00;--; ; ;-;--; 
9634;--;'1970-01-01 00:00:00;--; ; ;-;--; 
9635;--;'1970-01-01 00:00:00;--; ; ;-;--; 
9636;--;'1970-01-01 00:00:00;--; ; ;-;--; 
9637;--;'1970-01-01 00:00:00;--; ; ;-;--; 
9638;--;'1970-01-01 00:00:00;--; ; ;-;--; 
9639;--;'1970-01-01 00:00:00;--; ; ;-;--; 
9640;--;'1970-01-01 00:00:00;--; ; ;-;--; 
9641;--;'1970-01-01 00:00:00;--; ; ;-;--; 
9642;--;'1970-01-01 00:00:00;--; ; ;-;--; 
9643;--;'1970-01-01 00:00:00;--; ; ;-;--; 
9644;--;'1970-01-01 00:00:00;--; ; ;-;--; 
9645;--;'1970-01-01 00:00:00;--; ; ;-;--; 
9646;--;'1970-01-01 00:00:00;--; ; ;-;--; 
9647;--;'1970-01-01 00:00:00;--; ; ;-;--; 
9648;--;'1970-01-01 00:00:00;--; ; ;-;--; 
9649;--;'1970-01-01 00:00:00;--; ; ;-;--; 
9650;--;'1970-01-01 00:00:00;--; ; ;-;--; 
9651;--;'1970-01-01 00:00:00;--; ; ;-;--; 
9652;--;'1970-01-01 00:00:00;--; ; ;-;--; 
9653;--;'1970-01-01 00:00:00;--; ; ;-;--; 
9654;--;'1970-01-01 00:00:00;--; ; ;-;--; 
9655;--;'1970-01-01 00:00:00;--; ; ;-;--; 
9656;--;'1970-01-01 00:00:00;--; ; ;-;--; 
9657;--;'1970-01-01 00:00:00;--; ; ;-;--; 
9658;--;'1970-01-01 00:00:00;--; ; ;-;--; 
9659;--;'1970-01-01 00:00:00;--; ; ;-;--; 
9660;--;'1970-01-01 00:00:00;--; ; ;-;--; 
9661;--;'1970-01-01 00:00:00;--; ; ;-;--; 
9662;--;'1970-01-01 00:00:00;--; ; ;-;--; 
9663;--;'1970-01-01 00:00:00;--; ; ;-;--; 
9664;--;'1970-01-01 00:00:00;--; ; ;-;--; 
9665;--;'1970-01-01 00:00:00;--; ; ;-;--; 
9666;--;'1970-01-01 00:00:00;--; ; ;-;--; 
9667;--;'1970-01-01 00:00:00;--; ; ;-;--; 
9668;--;'1970-01-01 00:00:00;--; ; ;-;--; 
9669;--;'1970-01-01 00:00:00;--; ; ;-;--; 
9670;--;'1970-01-01 00:00:00;--; ; ;-;--; 
9671;--;'1970-01-01 00:00:00;--; ; ;-;--; 
9672;--;'1970-01-01 00:00:00;--; ; ;-;--; 
9673;--;'1970-01-01 00:00:00;--; ; ;-;--; 
9674;--;'1970-01-01 00:00:00;--; ; ;-;--; 
9675;--;'1970-01-01 00:00:00;--; ; ;-;--; 
9676;--;'1970-01-01 00:00:00;--; ; ;-;--; 
9677;--;'1970-01-01 00:00:00;--; ; ;-;--; 
9678;--;'1970-01-01 00:00:00;--; ; ;-;--; 
9679;--;'1970-01-01 00:00:00;--; ; ;-;--; 
9680;--;'1970-01-01 00:00:00;--; ; ;-;--; 
9681;--;'1970-01-01 00:00:00;--; ; ;-;--; 
9682;--;'1970-01-01 00:00:00;--; ; ;-;--; 
9683;--;'1970-01-01 00:00:00;--; ; ;-;--; 
9684;--;'1970-01-01 00:00:00;--; ; ;-;--; 
9685;--;'1970-01-01 00:00:00;--; ; ;-;--; 
9686;--;'1970-01-01 00:00:00;--; ; ;-;--; 
9687;--;'1970-01-01 00:00:00;--; ; ;-;--; 
9688;--;'1970-01-01 00:00:00;--; ; ;-;--; 
9689;--;'1970-01-01 00:00:00;--; ; ;-;--; 
9690;--;'1970-01-01 00:00:00;--; ; ;-;--; 
9691;--;'1970-01-01 00:00:00;--; ; ;-;--; 
9692;--;'1970-01-01 00:00:00;--; ; ;-;--; 
9693;--;'1970-01-01 00:00:00;--; ; ;-;--; 
9694;--;'1970-01-01 00:00:00;--; ; ;-;--; 
9695;--;'1970-01-01 00:00:00;--; ; ;-;--; 
9696;--;'1970-01-01 00:00:00;--; ; ;-;--; 
9697;--;'1970-01-01 00:00:00;--; ; ;-;--; 
9698;--;'1970-01-01 00:00:00;--; ; ;-;--; 
9699;--;'1970-01-01 00:00:00;--; ; ;-;--; 
9700;--;'1970-01-01 00:00:00;--; ; ;-;--; 
9701;--;'1970-01-01 00:00:00;--; ; ;-;--; 
9702;--;'1970-01-01 00:00:00;--; ; ;-;--; 
9703;--;'1970-01-01 00:00:00;--; ; ;-;--; 
9704;--;'1970-01-01 00:00:00;--; ; ;-;--; 
9705;--;'1970-01-01 00:00:00;--; ; ;-;--; 
9706;--;'1970-01-01 00:00:00;--; ; ;-;--; 
9707;--;'1970-01-01 00:00:00;--; ; ;-;--; 
9708;--;'1970-01-01 00:00:00;--; ; ;-;--; 
9709;--;'1970-01-01 00:00:00;--; ; ;-;--; 
9710;--;'1970-01-01 00:00:00;--; ; ;-;--; 
9711;--;'1970-01-01 00:00:00;--; ; ;-;--; 
9712;--;'1970-01-01 00:00:00;--; ; ;-;--; 
9713;--;'1970-01-01 00:00:00;--; ; ;-;--; 
9714;--;'1970-01-01 00:00:00;--; ; ;-;--; 
9715;--;'1970-01-01 00:00:00;--; ; ;-;--; 
9716;--;'1970-01-01 00:00:00;--; ; ;-;--; 
9717;--;'1970-01-01 00:00:00;--; ; ;-;--; 
9718;--;'1970-01-01 00:00:00;--; ; ;-;--; 
9719;--;'1970-01-01 00:00:00;--; ; ;-;--; 
9720;--;'1970-01-01 00:00:00;--; ; ;-;--; 
9721;--;'1970-01-01 00:00:00;--; ; ;-;--; 
9722;--;'1970-01-01 00:00:00;--; ; ;-;--; 
9723;--;'1970-01-01 00:00:00;--; ; ;-;--; 
9724;--;'1970-01-01 00:00:00;--; ; ;-;--; 
9725;--;'1970-01-01 00:00:00;--; ; ;-;--; 
9726;--;'1970-01-01 00:00:00;--; ; ;-;--; 
9727;--;'1970-01-01 00:00:00;--; ; ;-;--; 
9728;--;'1970-01-01 00:00:00;--; ; ;-;--; 
9729;--;'1970-01-01 00:00:00;--; ; ;-;--; 
9730;--;'1970-01-01 00:00:00;--; ; ;-;--; 
9731;--;'1970-01-01 00:00:00;--; ; ;-;--; 
9732;--;'1970-01-01 00:00:00;--; ; ;-;--; 
9733;--;'1970-01-01 00:00:00;--; ; ;-;--; 
9734;--;'1970-01-01 00:00:00;--; ; ;-;--; 
9735;--;'1970-01-01 00:00:00;--; ; ;-;--; 
9736;--;'1970-01-01 00:00:00;--; ; ;-;--; 
9737;--;'1970-01-01 00:00:00;--; ; ;-;--; 
9738;--;'1970-01-01 00:00:00;--; ; ;-;--; 
9739;--;'1970-01-01 00:00:00;--; ; ;-;--; 
9740;--;'1970-01-01 00:00:00;--; ; ;-;--; 
9741;--;'1970-01-01 00:00:00;--; ; ;-;--; 
9742;--;'1970-01-01 00:00:00;--; ; ;-;--; 
9743;--;'1970-01-01 00:00:00;--; ; ;-;--; 
9744;--;'1970-01-01 00:00:00;--; ; ;-;--; 
9745;--;'1970-01-01 00:00:00;--; ; ;-;--; 
9746;--;'1970-01-01 00:00:00;--; ; ;-;--; 
9747;--;'1970-01-01 00:00:00;--; ; ;-;--; 
9748;--;'1970-01-01 00:00:00;--; ; ;-;--; 
9749;--;'1970-01-01 00:00:00;--; ; ;-;--; 
9750;--;'1970-01-01 00:00:00;--; ; ;-;--; 
9751;--;'1970-01-01 00:00:00;--; ; ;-;--; 
9752;--;'1970-01-01 00:00:00;--; ; ;-;--; 
9753;--;'1970-01-01 00:00:00;--; ; ;-;--; 
9754;--;'1970-01-01 00:00:00;--; ; ;-;--; 
9755;--;'1970-01-01 00:00:00;--; ; ;-;--; 
9756;--;'1970-01-01 00:00:00;--; ; ;-;--; 
9757;--;'1970-01-01 00:00:00;--; ; ;-;--; 
9758;--;'1970-01-01 00:00:00;--; ; ;-;--; 
9759;--;'1970-01-01 00:00:00;--; ; ;-;--; 
9760;--;'1970-01-01 00:00:00;--; ; ;-;--; 
9761;--;'1970-01-01 00:00:00;--; ; ;-;--; 
9762;--;'1970-01-01 00:00:00;--; ; ;-;--; 
9763;--;'1970-01-01 00:00:00;--; ; ;-;--; 
9764;--;'1970-01-01 00:00:00;--; ; ;-;--; 
9765;--;'1970-01-01 00:00:00;--; ; ;-;--; 
9766;--;'1970-01-01 00:00:00;--; ; ;-;--; 
9767;--;'1970-01-01 00:00:00;--; ; ;-;--; 
9768;--;'1970-01-01 00:00:00;--; ; ;-;--; 
9769;--;'1970-01-01 00:00:00;--; ; ;-;--; 
9770;--;'1970-01-01 00:00:00;--; ; ;-;--; 
9771;--;'1970-01-01 00:00:00;--; ; ;-;--; 
9772;--;'1970-01-01 00:00:00;--; ; ;-;--; 
9773;--;'1970-01-01 00:00:00;--; ; ;-;--; 
9774;--;'1970-01-01 00:00:00;--; ; ;-;--; 
9775;--;'1970-01-01 00:00:00;--; ; ;-;--; 
9776;--;'1970-01-01 00:00:00;--; ; ;-;--; 
9777;--;'1970-01-01 00:00:00;--; ; ;-;--; 
9778;--;'1970-01-01 00:00:00;--; ; ;-;--; 
9779;--;'1970-01-01 00:00:00;--; ; ;-;--; 
9780;--;'1970-01-01 00:00:00;--; ; ;-;--; 
9781;--;'1970-01-01 00:00:00;--; ; ;-;--; 
9782;--;'1970-01-01 00:00:00;--; ; ;-;--; 
9783;--;'1970-01-01 00:00:00;--; ; ;-;--; 
9784;--;'1970-01-01 00:00:00;--; ; ;-;--; 
9785;--;'1970-01-01 00:00:00;--; ; ;-;--; 
9786;--;'1970-01-01 00:00:00;--; ; ;-;--; 
9787;--;'1970-01-01 00:00:00;--; ; ;-;--; 
9788;--;'1970-01-01 00:00:00;--; ; ;-;--; 
9789;--;'1970-01-01 00:00:00;--; ; ;-;--; 
9790;--;'1970-01-01 00:00:00;--; ; ;-;--; 
9791;--;'1970-01-01 00:00:00;--; ; ;-;--; 
9792;--;'1970-01-01 00:00:00;--; ; ;-;--; 
9793;--;'1970-01-01 00:00:00;--; ; ;-;--; 
9794;--;'1970-01-01 00:00:00;--; ; ;-;--; 
9795;--;'1970-01-01 00:00:00;--; ; ;-;--; 
9796;--;'1970-01-01 00:00:00;--; ; ;-;--; 
9797;--;'1970-01-01 00:00:00;--; ; ;-;--; 
9798;--;'1970-01-01 00:00:00;--; ; ;-;--; 
9799;--;'1970-01-01 00:00:00;--; ; ;-;--; 
9800;--;'1970-01-01 00:00:00;--; ; ;-;--; 
9801;--;'1970-01-01 00:00:00;--; ; ;-;--; 
9802;--;'1970-01-01 00:00:00;--; ; ;-;--; 
9803;--;'1970-01-01 00:00:00;--; ; ;-;--; 
9804;--;'1970-01-01 00:00:00;--; ; ;-;--; 
9805;--;'1970-01-01 00:00:00;--; ; ;-;--; 
9806;--;'1970-01-01 00:00:00;--; ; ;-;--; 
9807;--;'1970-01-01 00:00:00;--; ; ;-;--; 
9808;--;'1970-01-01 00:00:00;--; ; ;-;--; 
9809;--;'1970-01-01 00:00:00;--; ; ;-;--; 
9810;--;'1970-01-01 00:00:00;--; ; ;-;--; 
9811;--;'1970-01-01 00:00:00;--; ; ;-;--; 
9812;--;'1970-01-01 00:00:00;--; ; ;-;--; 
9813;--;'1970-01-01 00:00:00;--; ; ;-;--; 
9814;--;'1970-01-01 00:00:00;--; ; ;-;--; 
9815;--;'1970-01-01 00:00:00;--; ; ;-;--; 
9816;--;'1970-01-01 00:00:00;--; ; ;-;--; 
9817;--;'1970-01-01 00:00:00;--; ; ;-;--; 
9818;--;'1970-01-01 00:00:00;--; ; ;-;--; 
9819;--;'1970-01-01 00:00:00;--; ; ;-;--; 
9820;--;'1970-01-01 00:00:00;--; ; ;-;--; 
9821;--;'1970-01-01 00:00:00;--; ; ;-;--; 
9822;--;'1970-01-01 00:00:00;--; ; ;-;--; 
9823;--;'1970-01-01 00:00:00;--; ; ;-;--; 
9824;--;'1970-01-01 00:00:00;--; ; ;-;--; 
9825;--;'1970-01-01 00:00:00;--; ; ;-;--; 
9826;--;'1970-01-01 00:00:00;--; ; ;-;--; 
9827;--;'1970-01-01 00:00:00;--; ; ;-;--; 
9828;--;'1970-01-01 00:00:00;--; ; ;-;--; 
9829;--;'1970-01-01 00:00:00;--; ; ;-;--; 
9830;--;'1970-01-01 00:00:00;--; ; ;-;--; 
9831;--;'1970-01-01 00:00:00;--; ; ;-;--; 
9832;--;'1970-01-01 00:00:00;--; ; ;-;--; 
9833;--;'1970-01-01 00:00:00;--; ; ;-;--; 
9834;--;'1970-01-01 00:00:00;--; ; ;-;--; 
9835;--;'1970-01-01 00:00:00;--; ; ;-;--; 
9836;--;'1970-01-01 00:00:00;--; ; ;-;--; 
9837;--;'1970-01-01 00:00:00;--; ; ;-;--; 
9838;--;'1970-01-01 00:00:00;--; ; ;-;--; 
9839;--;'1970-01-01 00:00:00;--; ; ;-;--; 
9840;--;'1970-01-01 00:00:00;--; ; ;-;--; 
9841;--;'1970-01-01 00:00:00;--; ; ;-;--; 
9842;--;'1970-01-01 00:00:00;--; ; ;-;--; 
9843;--;'1970-01-01 00:00:00;--; ; ;-;--; 
9844;--;'1970-01-01 00:00:00;--; ; ;-;--; 
9845;--;'1970-01-01 00:00:00;--; ; ;-;--; 
9846;--;'1970-01-01 00:00:00;--; ; ;-;--; 
9847;--;'1970-01-01 00:00:00;--; ; ;-;--; 
9848;--;'1970-01-01 00:00:00;--; ; ;-;--; 
9849;--;'1970-01-01 00:00:00;--; ; ;-;--; 
9850;--;'1970-01-01 00:00:00;--; ; ;-;--; 
9851;--;'1970-01-01 00:00:00;--; ; ;-;--; 
9852;--;'1970-01-01 00:00:00;--; ; ;-;--; 
9853;--;'1970-01-01 00:00:00;--; ; ;-;--; 
9854;--;'1970-01-01 00:00:00;--; ; ;-;--; 
9855;--;'1970-01-01 00:00:00;--; ; ;-;--; 
9856;--;'1970-01-01 00:00:00;--; ; ;-;--; 
9857;--;'1970-01-01 00:00:00;--; ; ;-;--; 
9858;--;'1970-01-01 00:00:00;--; ; ;-;--; 
9859;--;'1970-01-01 00:00:00;--; ; ;-;--; 
9860;--;'1970-01-01 00:00:00;--; ; ;-;--; 
9861;--;'1970-01-01 00:00:00;--; ; ;-;--; 
9862;--;'1970-01-01 00:00:00;--; ; ;-;--; 
9863;--;'1970-01-01 00:00:00;--; ; ;-;--; 
9864;--;'1970-01-01 00:00:00;--; ; ;-;--; 
9865;--;'1970-01-01 00:00:00;--; ; ;-;--; 
9866;--;'1970-01-01 00:00:00;--; ; ;-;--; 
9867;--;'1970-01-01 00:00:00;--; ; ;-;--; 
9868;--;'1970-01-01 00:00:00;--; ; ;-;--; 
9869;--;'1970-01-01 00:00:00;--; ; ;-;--; 
9870;--;'1970-01-01 00:00:00;--; ; ;-;--; 
9871;--;'1970-01-01 00:00:00;--; ; ;-;--; 
9872;--;'1970-01-01 00:00:00;--; ; ;-;--; 
9873;--;'1970-01-01 00:00:00;--; ; ;-;--; 
9874;--;'1970-01-01 00:00:00;--; ; ;-;--; 
9875;--;'1970-01-01 00:00:00;--; ; ;-;--; 
9876;--;'1970-01-01 00:00:00;--; ; ;-;--; 
9877;--;'1970-01-01 00:00:00;--; ; ;-;--; 
9878;--;'1970-01-01 00:00:00;--; ; ;-;--; 
9879;--;'1970-01-01 00:00:00;--; ; ;-;--; 
9880;--;'1970-01-01 00:00:00;--; ; ;-;--; 
9881;--;'1970-01-01 00:00:00;--; ; ;-;--; 
9882;--;'1970-01-01 00:00:00;--; ; ;-;--; 
9883;--;'1970-01-01 00:00:00;--; ; ;-;--; 
9884;--;'1970-01-01 00:00:00;--; ; ;-;--; 
9885;--;'1970-01-01 00:00:00;--; ; ;-;--; 
9886;--;'1970-01-01 00:00:00;--; ; ;-;--; 
9887;--;'1970-01-01 00:00:00;--; ; ;-;--; 
9888;--;'1970-01-01 00:00:00;--; ; ;-;--; 
9889;--;'1970-01-01 00:00:00;--; ; ;-;--; 
9890;--;'1970-01-01 00:00:00;--; ; ;-;--; 
9891;--;'1970-01-01 00:00:00;--; ; ;-;--; 
9892;--;'1970-01-01 00:00:00;--; ; ;-;--; 
9893;--;'1970-01-01 00:00:00;--; ; ;-;--; 
9894;--;'1970-01-01 00:00:00;--; ; ;-;--; 
9895;--;'1970-01-01 00:00:00;--; ; ;-;--; 
9896;--;'1970-01-01 00:00:00;--; ; ;-;--; 
9897;--;'1970-01-01 00:00:00;--; ; ;-;--; 
9898;--;'1970-01-01 00:00:00;--; ; ;-;--; 
9899;--;'1970-01-01 00:00:00;--; ; ;-;--; 
9900;--;'1970-01-01 00:00:00;--; ; ;-;--; 
9901;--;'1970-01-01 00:00:00;--; ; ;-;--; 
9902;--;'1970-01-01 00:00:00;--; ; ;-;--; 
9903;--;'1970-01-01 00:00:00;--; ; ;-;--; 
9904;--;'1970-01-01 00:00:00;--; ; ;-;--; 
9905;--;'1970-01-01 00:00:00;--; ; ;-;--; 
9906;--;'1970-01-01 00:00:00;--; ; ;-;--; 
9907;--;'1970-01-01 00:00:00;--; ; ;-;--; 
9908;--;'1970-01-01 00:00:00;--; ; ;-;--; 
9909;--;'1970-01-01 00:00:00;--; ; ;-;--; 
9910;--;'1970-01-01 00:00:00;--; ; ;-;--; 
9911;--;'1970-01-01 00:00:00;--; ; ;-;--; 
9912;--;'1970-01-01 00:00:00;--; ; ;-;--; 
9913;--;'1970-01-01 00:00:00;--; ; ;-;--; 
9914;--;'1970-01-01 00:00:00;--; ; ;-;--; 
9915;--;'1970-01-01 00:00:00;--; ; ;-;--; 
9916;--;'1970-01-01 00:00:00;--; ; ;-;--; 
9917;--;'1970-01-01 00:00:00;--; ; ;-;--; 
9918;--;'1970-01-01 00:00:00;--; ; ;-;--; 
9919;--;'1970-01-01 00:00:00;--; ; ;-;--; 
9920;--;'1970-01-01 00:00:00;--; ; ;-;--; 
9921;--;'1970-01-01 00:00:00;--; ; ;-;--; 
9922;--;'1970-01-01 00:00:00;--; ; ;-;--; 
9923;--;'1970-01-01 00:00:00;--; ; ;-;--; 
9924;--;'1970-01-01 00:00:00;--; ; ;-;--; 
9925;--;'1970-01-01 00:00:00;--; ; ;-;--; 
9926;--;'1970-01-01 00:00:00;--; ; ;-;--; 
9927;--;'1970-01-01 00:00:00;--; ; ;-;--; 
9928;--;'1970-01-01 00:00:00;--; ; ;-;--; 
9929;--;'1970-01-01 00:00:00;--; ; ;-;--; 
9930;--;'1970-01-01 00:00:00;--; ; ;-;--; 
9931;--;'1970-01-01 00:00:00;--; ; ;-;--; 
9932;--;'1970-01-01 00:00:00;--; ; ;-;--; 
9933;--;'1970-01-01 00:00:00;--; ; ;-;--; 
9934;--;'1970-01-01 00:00:00;--; ; ;-;--; 
9935;--;'1970-01-01 00:00:00;--; ; ;-;--; 
9936;--;'1970-01-01 00:00:00;--; ; ;-;--; 
9937;--;'1970-01-01 00:00:00;--; ; ;-;--; 
9938;--;'1970-01-01 00:00:00;--; ; ;-;--; 
9939;--;'1970-01-01 00:00:00;--; ; ;-;--; 
9940;--;'1970-01-01 00:00:00;--; ; ;-;--; 
9941;--;'1970-01-01 00:00:00;--; ; ;-;--; 
9942;--;'1970-01-01 00:00:00;--; ; ;-;--; 
9943;--;'1970-01-01 00:00:00;--; ; ;-;--; 
9944;--;'1970-01-01 00:00:00;--; ; ;-;--; 
9945;--;'1970-01-01 00:00:00;--; ; ;-;--; 
9946;--;'1970-01-01 00:00:00;--; ; ;-;--; 
9947;--;'1970-01-01 00:00:00;--; ; ;-;--; 
9948;--;'1970-01-01 00:00:00;--; ; ;-;--; 
9949;--;'1970-01-01 00:00:00;--; ; ;-;--; 
9950;--;'1970-01-01 00:00:00;--; ; ;-;--; 
9951;--;'1970-01-01 00:00:00;--; ; ;-;--; 
9952;--;'1970-01-01 00:00:00;--; ; ;-;--; 
9953;--;'1970-01-01 00:00:00;--; ; ;-;--; 
9954;--;'1970-01-01 00:00:00;--; ; ;-;--; 
9955;--;'1970-01-01 00:00:00;--; ; ;-;--; 
9956;--;'1970-01-01 00:00:00;--; ; ;-;--; 
9957;--;'1970-01-01 00:00:00;--; ; ;-;--; 
9958;--;'1970-01-01 00:00:00;--; ; ;-;--; 
9959;--;'1970-01-01 00:00:00;--; ; ;-;--; 
9960;--;'1970-01-01 00:00:00;--; ; ;-;--; 
9961;--;'1970-01-01 00:00:00;--; ; ;-;--; 
9962;--;'1970-01-01 00:00:00;--; ; ;-;--; 
9963;--;'1970-01-01 00:00:00;--; ; ;-;--; 
9964;--;'1970-01-01 00:00:00;--; ; ;-;--; 
9965;--;'1970-01-01 00:00:00;--; ; ;-;--; 
9966;--;'1970-01-01 00:00:00;--; ; ;-;--; 
9967;--;'1970-01-01 00:00:00;--; ; ;-;--; 
9968;--;'1970-01-01 00:00:00;--; ; ;-;--; 
9969;--;'1970-01-01 00:00:00;--; ; ;-;--; 
9970;--;'1970-01-01 00:00:00;--; ; ;-;--; 
9971;--;'1970-01-01 00:00:00;--; ; ;-;--; 
9972;--;'1970-01-01 00:00:00;--; ; ;-;--; 
9973;--;'1970-01-01 00:00:00;--; ; ;-;--; 
9974;--;'1970-01-01 00:00:00;--; ; ;-;--; 
9975;--;'1970-01-01 00:00:00;--; ; ;-;--; 
9976;--;'1970-01-01 00:00:00;--; ; ;-;--; 
9977;--;'1970-01-01 00:00:00;--; ; ;-;--; 
9978;--;'1970-01-01 00:00:00;--; ; ;-;--; 
9979;--;'1970-01-01 00:00:00;--; ; ;-;--; 
9980;--;'1970-01-01 00:00:00;--; ; ;-;--; 
9981;--;'1970-01-01 00:00:00;--; ; ;-;--; 
9982;--;'1970-01-01 00:00:00;--; ; ;-;--; 
9983;--;'1970-01-01 00:00:00;--; ; ;-;--; 
9984;--;'1970-01-01 00:00:00;--; ; ;-;--; 
9985;--;'1970-01-01 00:00:00;--; ; ;-;--; 
9986;--;'1970-01-01 00:00:00;--; ; ;-;--; 
9987;--;'1970-01-01 00:00:00;--; ; ;-;--; 
9988;--;'1970-01-01 00:00:00;--; ; ;-;--; 
9989;--;'1970-01-01 00:00:00;--; ; ;-;--; 
9990;--;'1970-01-01 00:00:00;--; ; ;-;--; 
9991;--;'1970-01-01 00:00:00;--; ; ;-;--; 
9992;--;'1970-01-01 00:00:00;--; ; ;-;--; 
9993;--;'1970-01-01 00:00:00;--; ; ;-;--; 
9994;--;'1970-01-01 00:00:00;--; ; ;-;--; 
9995;--;'1970-01-01 00:00:00;--; ; ;-;--; 
9996;--;'1970-01-01 00:00:00;--; ; ;-;--; 
9997;--;'1970-01-01 00:00:00;--; ; ;-;--; 
9998;--;'1970-01-01 00:00:00;--; ; ;-;--; 
9999;--;'1970-01-01 00:00:00;--; ; ;-;--; 
10000;--;'1970-01-01 00:00:00;--; ; ;-;--; 
Mainslog
Accumulated fail time[hours];3
Mains fail time:
Day;;Week;;Month
Time;Run[min];Time;Run[hours];Time;Run[hours]
13.7;0;w28-2026;0;'Jun 2026;0
12.7;0;w27-2026;0;'May 2026;2
11.7;0;w26-2026;0;'Apr 2026;0
10.7;29;w25-2026;0;'Mar 2026;0
9.7;0;w24-2026;0;'Feb 2026;0
8.7;0;w23-2026;0;'Jan 2026;0
7.7;0;w22-2026;0;'Dec 2025;0
6.7;0;w21-2026;0;'Nov 2025;0
5.7;0;w20-2026;2;'Oct 2025;0
4.7;0;w19-2026;0;'Sep 2025;0
3.7;0;w18-2026;0;'Aug 2025;0
2.7;0;w17-2026;0;'Jul 2025;0
1.7;0;w16-2026;0;'Jun 2025;0
30.6;0;w15-2026;0;'May 2025;0
29.6;0;w14-2026;0;'Apr 2025;0
28.6;0;w13-2026;0;'Mar 2025;0
27.6;0;w12-2026;0;'Feb 2025;0
26.6;0;w11-2026;0;'Jan 2025;0
25.6;0;w10-2026;0;'Dec 2024;0
24.6;0;w09-2026;0;'Nov 2024;0
23.6;0;w08-2026;0;'Oct 2024;0
22.6;0;w07-2026;0;'Sep 2024;0
21.6;0;w06-2026;0;'Aug 2024;0
20.6;0;w05-2026;0;'Jul 2024;0
19.6;0;w04-2026;0;'Jun 2024;0
18.6;0;w03-2026;0;'May 2024;0
17.6;0;w02-2026;0;'Apr 2024;0
16.6;0;w01-2025;0;'Mar 2024;0
15.6;0;w52-2025;0;'Feb 2024;0
14.6;0;w51-2025;0;'Jan 2024;0
13.6;0;w50-2025;0;'Dec 2023;0
12.6;27;w49-2025;0;'Nov 2023;0
11.6;0;w48-2025;0;'Oct 2023;0
10.6;0;w47-2025;0;'Sep 2023;0
9.6;0;w46-2025;0;'Aug 2023;0
8.6;0;w45-2025;0;'Jul 2023;0
7.6;0;w44-2025;0;'Jun 2023;0
6.6;0;w43-2025;0;'May 2023;0
5.6;0;w42-2025;0;'Apr 2023;0
4.6;0;w41-2025;0;'Mar 2023;0
3.6;0;w40-2025;0;'Feb 2023;0
2.6;0;w39-2025;0;'Jan 2023;0
1.6;0;w38-2025;0;'Dec 2022;0
31.5;0;w37-2025;0;'Nov 2022;0
30.5;0;w36-2025;0;'Oct 2022;0
29.5;0;w35-2025;0;'Sep 2022;0
28.5;0;w34-2025;0;'Aug 2022;0
27.5;7;w33-2025;0;'Jul 2022;0
26.5;0;w32-2025;0;'Jun 2022;0
25.5;0;w31-2025;0;'May 2022;0
24.5;0;w30-2025;0;'Apr 2022;0

Module Inventory
#;Controller/Module;Unit #;Part Number;Serial Number;Version;SW Part Number;SW Version;CAN BUS
1;'SP2 Touch 11;11;'242100.510;'232550018673;'3.0;'405036.009;'2.12 ;'CAN1
2;'SP2 BasicInd 1;1;'242100.601;'213150052348;'3;'405019.009;'3.6.1;'CAN1
3;'I/O unit 81;81;'242100.502;'212850002107;'3;'402088.009;'4.2;'CAN1
4;'I/O unit 82;82;'242100.304;'212950008547;'3;'402088.009;'4.2;'CAN2.1
5;'FLATPACK2 48/3000 HE;1;'241119.105;'231950076047;'6;'404317.009;'4.00;'CAN2.1
6;'FLATPACK2 48/3000 HE;2;'241119.105;'232150004437;'6;'404317.009;'4.00;'CAN2.1
7;'FLATPACK2 48/3000 HE;3;'241119.105;'232150004564;'6;'404317.009;'4.00;'CAN2.1
8;'RECTIVERTER 230/1500 48/0;1;'241123.102;'232350029925;'7;'404231.009;'01.37;'CAN2.1
9;'LiIonTemplate(200 Ah, 1 Bank(s));-;-;-;-;-;-;-
 
Journalctl File data
-- Logs begin at Sun 2020-09-20 10:44:00 UTC, end at Tue 2026-07-14 11:00:31 UTC. --
Jul 14 11:00:31 app[391]: Security_ReadValue(Log_on) -- WEB LOGIN, SId: e9eda063eb950d9cf93e7ad1c56317555541657adb7da113720baa88165e20d8, Account: 0, noOfUsers: 2, idleTimeout: 5
Jul 14 01:55:37 systemd-networkd[14081]: eth0: Gained carrier
Jul 14 01:55:37 kernel: fec 2188000.ethernet eth0: Link is Up - 100Mbps/Full - flow control rx/tx
Jul 14 01:55:34 kernel: fec 2188000.ethernet eth0: Link is Down
Jul 14 01:55:34 systemd-networkd[14081]: eth0: Lost carrier
Jul 14 01:55:12 systemd-networkd[14081]: eth0: Gained carrier
Jul 14 01:55:12 kernel: fec 2188000.ethernet eth0: Link is Up - 100Mbps/Full - flow control rx/tx
Jul 14 01:55:09 kernel: fec 2188000.ethernet eth0: Link is Down
Jul 14 01:55:09 systemd-networkd[14081]: eth0: Lost carrier
Jul 14 01:54:59 systemd-networkd[14081]: eth0: Gained carrier
Jul 14 01:54:59 kernel: fec 2188000.ethernet eth0: Link is Up - 100Mbps/Full - flow control rx/tx
Jul 14 01:54:55 systemd-networkd[14081]: eth0: Lost carrier
Jul 14 01:54:55 kernel: fec 2188000.ethernet eth0: Link is Down
Jul 14 00:00:00 systemd[1]: Started Rotate log files.
Jul 14 00:00:00 systemd[1]: logrotate.service: Succeeded.
Jul 14 00:00:00 systemd[1]: Starting Rotate log files...
Jul 13 16:07:43 systemd[1]: Started Cleanup of Temporary Directories.
Jul 13 16:07:43 systemd[1]: systemd-tmpfiles-clean.service: Succeeded.
Jul 13 16:07:43 systemd-tmpfiles[3322]: /etc/tmpfiles.d/radiusd.conf:2: Line references path below legacy directory /var/run/, updating /var/run/radiusd → /run/radiusd; please update the tmpfiles.d/ drop-in file accordingly.
Jul 13 16:07:43 systemd-tmpfiles[3322]: /etc/tmpfiles.d/openvpn.conf:1: Line references path below legacy directory /var/run/, updating /var/run/openvpn → /run/openvpn; please update the tmpfiles.d/ drop-in file accordingly.
Jul 13 16:07:43 systemd[1]: Starting Cleanup of Temporary Directories...
Jul 13 00:00:02 systemd[1]: Started Rotate log files.
Jul 13 00:00:02 systemd[1]: logrotate.service: Succeeded.
Jul 13 00:00:00 systemd[1]: Starting Rotate log files...
Jul 12 16:07:43 systemd[1]: Started Cleanup of Temporary Directories.
Jul 12 16:07:43 systemd[1]: systemd-tmpfiles-clean.service: Succeeded.
Jul 12 16:07:43 systemd-tmpfiles[10015]: /etc/tmpfiles.d/radiusd.conf:2: Line references path below legacy directory /var/run/, updating /var/run/radiusd → /run/radiusd; please update the tmpfiles.d/ drop-in file accordingly.
Jul 12 16:07:43 systemd-tmpfiles[10015]: /etc/tmpfiles.d/openvpn.conf:1: Line references path below legacy directory /var/run/, updating /var/run/openvpn → /run/openvpn; please update the tmpfiles.d/ drop-in file accordingly.
Jul 12 16:07:43 systemd[1]: Starting Cleanup of Temporary Directories...
Jul 12 00:00:03 systemd[1]: Started Rotate log files.
Jul 12 00:00:03 systemd[1]: logrotate.service: Succeeded.
Jul 12 00:00:00 systemd[1]: Starting Rotate log files...
Jul 11 16:07:43 systemd[1]: Started Cleanup of Temporary Directories.
Jul 11 16:07:43 systemd[1]: systemd-tmpfiles-clean.service: Succeeded.
Jul 11 16:07:43 systemd-tmpfiles[16705]: /etc/tmpfiles.d/radiusd.conf:2: Line references path below legacy directory /var/run/, updating /var/run/radiusd → /run/radiusd; please update the tmpfiles.d/ drop-in file accordingly.
Jul 11 16:07:43 systemd-tmpfiles[16705]: /etc/tmpfiles.d/openvpn.conf:1: Line references path below legacy directory /var/run/, updating /var/run/openvpn → /run/openvpn; please update the tmpfiles.d/ drop-in file accordingly.
Jul 11 16:07:43 systemd[1]: Starting Cleanup of Temporary Directories...
Jul 11 00:00:00 systemd[1]: Started Rotate log files.
Jul 11 00:00:00 systemd[1]: logrotate.service: Succeeded.
Jul 11 00:00:00 systemd[1]: Starting Rotate log files...
Jul 10 16:07:43 systemd[1]: Started Cleanup of Temporary Directories.
Jul 10 16:07:43 systemd[1]: systemd-tmpfiles-clean.service: Succeeded.
Jul 10 16:07:42 systemd-tmpfiles[23228]: /etc/tmpfiles.d/radiusd.conf:2: Line references path below legacy directory /var/run/, updating /var/run/radiusd → /run/radiusd; please update the tmpfiles.d/ drop-in file accordingly.
Jul 10 16:07:42 systemd-tmpfiles[23228]: /etc/tmpfiles.d/openvpn.conf:1: Line references path below legacy directory /var/run/, updating /var/run/openvpn → /run/openvpn; please update the tmpfiles.d/ drop-in file accordingly.
Jul 10 16:07:42 systemd[1]: Starting Cleanup of Temporary Directories...
Jul 10 00:00:02 systemd[1]: Started Rotate log files.
Jul 10 00:00:02 systemd[1]: logrotate.service: Succeeded.
Jul 10 00:00:00 systemd[1]: Starting Rotate log files...
Jul 09 16:07:42 systemd[1]: Started Cleanup of Temporary Directories.
Jul 09 16:07:42 systemd[1]: systemd-tmpfiles-clean.service: Succeeded.
Jul 09 16:07:42 systemd-tmpfiles[29901]: /etc/tmpfiles.d/radiusd.conf:2: Line references path below legacy directory /var/run/, updating /var/run/radiusd → /run/radiusd; please update the tmpfiles.d/ drop-in file accordingly.
Jul 09 16:07:42 systemd-tmpfiles[29901]: /etc/tmpfiles.d/openvpn.conf:1: Line references path below legacy directory /var/run/, updating /var/run/openvpn → /run/openvpn; please update the tmpfiles.d/ drop-in file accordingly.
Jul 09 16:07:42 systemd[1]: Starting Cleanup of Temporary Directories...
Jul 09 00:00:03 systemd[1]: Started Rotate log files.
Jul 09 00:00:03 systemd[1]: logrotate.service: Succeeded.
Jul 09 00:00:00 systemd[1]: Starting Rotate log files...
Jul 08 16:07:41 systemd[1]: Started Cleanup of Temporary Directories.
Jul 08 16:07:41 systemd[1]: systemd-tmpfiles-clean.service: Succeeded.
Jul 08 16:07:41 systemd-tmpfiles[4279]: /etc/tmpfiles.d/radiusd.conf:2: Line references path below legacy directory /var/run/, updating /var/run/radiusd → /run/radiusd; please update the tmpfiles.d/ drop-in file accordingly.
Jul 08 16:07:41 systemd-tmpfiles[4279]: /etc/tmpfiles.d/openvpn.conf:1: Line references path below legacy directory /var/run/, updating /var/run/openvpn → /run/openvpn; please update the tmpfiles.d/ drop-in file accordingly.
Jul 08 16:07:41 systemd[1]: Starting Cleanup of Temporary Directories...
Jul 08 00:00:03 systemd[1]: Started Rotate log files.
Jul 08 00:00:03 systemd[1]: logrotate.service: Succeeded.
Jul 08 00:00:00 systemd[1]: Starting Rotate log files...
Jul 07 16:07:42 systemd[1]: Started Cleanup of Temporary Directories.
Jul 07 16:07:42 systemd[1]: systemd-tmpfiles-clean.service: Succeeded.
Jul 07 16:07:41 systemd-tmpfiles[11006]: /etc/tmpfiles.d/radiusd.conf:2: Line references path below legacy directory /var/run/, updating /var/run/radiusd → /run/radiusd; please update the tmpfiles.d/ drop-in file accordingly.
Jul 07 16:07:41 systemd-tmpfiles[11006]: /etc/tmpfiles.d/openvpn.conf:1: Line references path below legacy directory /var/run/, updating /var/run/openvpn → /run/openvpn; please update the tmpfiles.d/ drop-in file accordingly.
Jul 07 16:07:41 systemd[1]: Starting Cleanup of Temporary Directories...
Jul 07 01:56:06 systemd-networkd[14081]: eth0: Gained carrier
Jul 07 01:56:06 kernel: fec 2188000.ethernet eth0: Link is Up - 100Mbps/Full - flow control rx/tx
Jul 07 01:56:04 kernel: fec 2188000.ethernet eth0: Link is Down
Jul 07 01:56:04 systemd-networkd[14081]: eth0: Lost carrier
Jul 07 01:55:41 systemd-networkd[14081]: eth0: Gained carrier
Jul 07 01:55:41 kernel: fec 2188000.ethernet eth0: Link is Up - 100Mbps/Full - flow control rx/tx
Jul 07 01:55:38 kernel: fec 2188000.ethernet eth0: Link is Down
Jul 07 01:55:38 systemd-networkd[14081]: eth0: Lost carrier
Jul 07 01:55:29 systemd-networkd[14081]: eth0: Gained carrier
Jul 07 01:55:29 kernel: fec 2188000.ethernet eth0: Link is Up - 100Mbps/Full - flow control rx/tx
Jul 07 01:55:25 systemd-networkd[14081]: eth0: Lost carrier
Jul 07 01:55:25 kernel: fec 2188000.ethernet eth0: Link is Down
Jul 07 00:00:03 systemd[1]: Started Rotate log files.
Jul 07 00:00:03 systemd[1]: logrotate.service: Succeeded.
Jul 07 00:00:00 systemd[1]: Starting Rotate log files...
Jul 06 16:07:41 systemd[1]: Started Cleanup of Temporary Directories.
Jul 06 16:07:41 systemd[1]: systemd-tmpfiles-clean.service: Succeeded.
Jul 06 16:07:41 systemd-tmpfiles[17759]: /etc/tmpfiles.d/radiusd.conf:2: Line references path below legacy directory /var/run/, updating /var/run/radiusd → /run/radiusd; please update the tmpfiles.d/ drop-in file accordingly.
Jul 06 16:07:41 systemd-tmpfiles[17759]: /etc/tmpfiles.d/openvpn.conf:1: Line references path below legacy directory /var/run/, updating /var/run/openvpn → /run/openvpn; please update the tmpfiles.d/ drop-in file accordingly.
Jul 06 16:07:41 systemd[1]: Starting Cleanup of Temporary Directories...
Jul 06 00:00:00 systemd[1]: Started Rotate log files.
Jul 06 00:00:00 systemd[1]: logrotate.service: Succeeded.
Jul 06 00:00:00 systemd[1]: Starting Rotate log files...
Jul 05 16:07:40 systemd[1]: Started Cleanup of Temporary Directories.
Jul 05 16:07:40 systemd[1]: systemd-tmpfiles-clean.service: Succeeded.
Jul 05 16:07:40 systemd-tmpfiles[24495]: /etc/tmpfiles.d/radiusd.conf:2: Line references path below legacy directory /var/run/, updating /var/run/radiusd → /run/radiusd; please update the tmpfiles.d/ drop-in file accordingly.
Jul 05 16:07:40 systemd-tmpfiles[24495]: /etc/tmpfiles.d/openvpn.conf:1: Line references path below legacy directory /var/run/, updating /var/run/openvpn → /run/openvpn; please update the tmpfiles.d/ drop-in file accordingly.
Jul 05 16:07:40 systemd[1]: Starting Cleanup of Temporary Directories...
Jul 05 00:00:04 systemd[1]: Started Rotate log files.
Jul 05 00:00:04 systemd[1]: logrotate.service: Succeeded.
Jul 05 00:00:00 systemd[1]: Starting Rotate log files...
Jul 04 16:07:40 systemd[1]: Started Cleanup of Temporary Directories.
Jul 04 16:07:40 systemd[1]: systemd-tmpfiles-clean.service: Succeeded.
Jul 04 16:07:40 systemd-tmpfiles[31182]: /etc/tmpfiles.d/radiusd.conf:2: Line references path below legacy directory /var/run/, updating /var/run/radiusd → /run/radiusd; please update the tmpfiles.d/ drop-in file accordingly.
Jul 04 16:07:40 systemd-tmpfiles[31182]: /etc/tmpfiles.d/openvpn.conf:1: Line references path below legacy directory /var/run/, updating /var/run/openvpn → /run/openvpn; please update the tmpfiles.d/ drop-in file accordingly.
Jul 04 16:07:40 systemd[1]: Starting Cleanup of Temporary Directories...
Jul 04 00:00:02 systemd[1]: Started Rotate log files.
Jul 04 00:00:02 systemd[1]: logrotate.service: Succeeded.
Jul 04 00:00:00 systemd[1]: Starting Rotate log files...
Jul 03 16:07:40 systemd[1]: Started Cleanup of Temporary Directories.
Jul 03 16:07:40 systemd[1]: systemd-tmpfiles-clean.service: Succeeded.
Jul 03 16:07:40 systemd-tmpfiles[5507]: /etc/tmpfiles.d/radiusd.conf:2: Line references path below legacy directory /var/run/, updating /var/run/radiusd → /run/radiusd; please update the tmpfiles.d/ drop-in file accordingly.
Jul 03 16:07:40 systemd-tmpfiles[5507]: /etc/tmpfiles.d/openvpn.conf:1: Line references path below legacy directory /var/run/, updating /var/run/openvpn → /run/openvpn; please update the tmpfiles.d/ drop-in file accordingly.
Jul 03 16:07:40 systemd[1]: Starting Cleanup of Temporary Directories...
Jul 03 00:00:00 systemd[1]: Started Rotate log files.
Jul 03 00:00:00 systemd[1]: logrotate.service: Succeeded.
Jul 03 00:00:00 systemd[1]: Starting Rotate log files...
Jul 02 17:11:58 app[391]: Security_ReadValue(Log_on) -- WEB LOGIN, SId: bbeac5f57d3de56cfe3a88aea313050c6afb25a5c8db45260e89291707f49f3f, Account: 0, noOfUsers: 2, idleTimeout: 5
Jul 02 16:07:39 systemd[1]: Started Cleanup of Temporary Directories.
Jul 02 16:07:39 systemd[1]: systemd-tmpfiles-clean.service: Succeeded.
Jul 02 16:07:39 systemd-tmpfiles[12266]: /etc/tmpfiles.d/radiusd.conf:2: Line references path below legacy directory /var/run/, updating /var/run/radiusd → /run/radiusd; please update the tmpfiles.d/ drop-in file accordingly.
Jul 02 16:07:39 systemd-tmpfiles[12266]: /etc/tmpfiles.d/openvpn.conf:1: Line references path below legacy directory /var/run/, updating /var/run/openvpn → /run/openvpn; please update the tmpfiles.d/ drop-in file accordingly.
Jul 02 16:07:39 systemd[1]: Starting Cleanup of Temporary Directories...
Jul 02 00:00:02 systemd[1]: Started Rotate log files.
Jul 02 00:00:02 systemd[1]: logrotate.service: Succeeded.
Jul 02 00:00:00 systemd[1]: Starting Rotate log files...
Jul 01 16:07:39 systemd[1]: Started Cleanup of Temporary Directories.
Jul 01 16:07:39 systemd[1]: systemd-tmpfiles-clean.service: Succeeded.
Jul 01 16:07:39 systemd-tmpfiles[18998]: /etc/tmpfiles.d/radiusd.conf:2: Line references path below legacy directory /var/run/, updating /var/run/radiusd → /run/radiusd; please update the tmpfiles.d/ drop-in file accordingly.
Jul 01 16:07:39 systemd-tmpfiles[18998]: /etc/tmpfiles.d/openvpn.conf:1: Line references path below legacy directory /var/run/, updating /var/run/openvpn → /run/openvpn; please update the tmpfiles.d/ drop-in file accordingly.
Jul 01 16:07:39 systemd[1]: Starting Cleanup of Temporary Directories...
Jul 01 00:00:04 systemd[1]: Started Rotate log files.
Jul 01 00:00:04 systemd[1]: logrotate.service: Succeeded.
Jul 01 00:00:00 systemd[1]: Starting Rotate log files...
Jun 30 16:07:39 systemd[1]: Started Cleanup of Temporary Directories.
Jun 30 16:07:39 systemd[1]: systemd-tmpfiles-clean.service: Succeeded.
Jun 30 16:07:39 systemd-tmpfiles[25751]: /etc/tmpfiles.d/radiusd.conf:2: Line references path below legacy directory /var/run/, updating /var/run/radiusd → /run/radiusd; please update the tmpfiles.d/ drop-in file accordingly.
Jun 30 16:07:39 systemd-tmpfiles[25751]: /etc/tmpfiles.d/openvpn.conf:1: Line references path below legacy directory /var/run/, updating /var/run/openvpn → /run/openvpn; please update the tmpfiles.d/ drop-in file accordingly.
Jun 30 16:07:39 systemd[1]: Starting Cleanup of Temporary Directories...
Jun 30 01:56:37 systemd-networkd[14081]: eth0: Gained carrier
Jun 30 01:56:37 kernel: fec 2188000.ethernet eth0: Link is Up - 100Mbps/Full - flow control rx/tx
Jun 30 01:56:34 kernel: fec 2188000.ethernet eth0: Link is Down
Jun 30 01:56:34 systemd-networkd[14081]: eth0: Lost carrier
Jun 30 01:56:11 systemd-networkd[14081]: eth0: Gained carrier
Jun 30 01:56:11 kernel: fec 2188000.ethernet eth0: Link is Up - 100Mbps/Full - flow control rx/tx
Jun 30 01:56:08 kernel: fec 2188000.ethernet eth0: Link is Down
Jun 30 01:56:08 systemd-networkd[14081]: eth0: Lost carrier
Jun 30 01:55:59 systemd-networkd[14081]: eth0: Gained carrier
Jun 30 01:55:59 kernel: fec 2188000.ethernet eth0: Link is Up - 100Mbps/Full - flow control rx/tx
Jun 30 01:55:54 systemd-networkd[14081]: eth0: Lost carrier
Jun 30 01:55:54 kernel: fec 2188000.ethernet eth0: Link is Down
Jun 30 00:00:00 systemd[1]: Started Rotate log files.
Jun 30 00:00:00 systemd[1]: logrotate.service: Succeeded.
Jun 30 00:00:00 systemd[1]: Starting Rotate log files...
Jun 29 16:07:38 systemd[1]: Started Cleanup of Temporary Directories.
Jun 29 16:07:38 systemd[1]: systemd-tmpfiles-clean.service: Succeeded.
Jun 29 16:07:38 systemd-tmpfiles[32483]: /etc/tmpfiles.d/radiusd.conf:2: Line references path below legacy directory /var/run/, updating /var/run/radiusd → /run/radiusd; please update the tmpfiles.d/ drop-in file accordingly.
Jun 29 16:07:38 systemd-tmpfiles[32483]: /etc/tmpfiles.d/openvpn.conf:1: Line references path below legacy directory /var/run/, updating /var/run/openvpn → /run/openvpn; please update the tmpfiles.d/ drop-in file accordingly.
Jun 29 16:07:38 systemd[1]: Starting Cleanup of Temporary Directories...
Jun 29 00:00:02 systemd[1]: Started Rotate log files.
Jun 29 00:00:02 systemd[1]: logrotate.service: Succeeded.
Jun 29 00:00:00 systemd[1]: Starting Rotate log files...
Jun 28 16:07:38 systemd[1]: Started Cleanup of Temporary Directories.
Jun 28 16:07:38 systemd[1]: systemd-tmpfiles-clean.service: Succeeded.
Jun 28 16:07:38 systemd-tmpfiles[6800]: /etc/tmpfiles.d/radiusd.conf:2: Line references path below legacy directory /var/run/, updating /var/run/radiusd → /run/radiusd; please update the tmpfiles.d/ drop-in file accordingly.
Jun 28 16:07:38 systemd-tmpfiles[6800]: /etc/tmpfiles.d/openvpn.conf:1: Line references path below legacy directory /var/run/, updating /var/run/openvpn → /run/openvpn; please update the tmpfiles.d/ drop-in file accordingly.
Jun 28 16:07:38 systemd[1]: Starting Cleanup of Temporary Directories...
Jun 28 00:00:02 systemd[1]: Started Rotate log files.
Jun 28 00:00:02 systemd[1]: logrotate.service: Succeeded.
Jun 28 00:00:00 systemd[1]: Starting Rotate log files...
Jun 27 16:07:38 systemd[1]: Started Cleanup of Temporary Directories.
Jun 27 16:07:38 systemd[1]: systemd-tmpfiles-clean.service: Succeeded.
Jun 27 16:07:38 systemd-tmpfiles[13565]: /etc/tmpfiles.d/radiusd.conf:2: Line references path below legacy directory /var/run/, updating /var/run/radiusd → /run/radiusd; please update the tmpfiles.d/ drop-in file accordingly.
Jun 27 16:07:38 systemd-tmpfiles[13565]: /etc/tmpfiles.d/openvpn.conf:1: Line references path below legacy directory /var/run/, updating /var/run/openvpn → /run/openvpn; please update the tmpfiles.d/ drop-in file accordingly.
Jun 27 16:07:38 systemd[1]: Starting Cleanup of Temporary Directories...
Jun 27 00:00:02 systemd[1]: Started Rotate log files.
Jun 27 00:00:02 systemd[1]: logrotate.service: Succeeded.
Jun 27 00:00:00 systemd[1]: Starting Rotate log files...
Jun 26 16:07:37 systemd[1]: Started Cleanup of Temporary Directories.
Jun 26 16:07:37 systemd[1]: systemd-tmpfiles-clean.service: Succeeded.
Jun 26 16:07:37 systemd-tmpfiles[20328]: /etc/tmpfiles.d/radiusd.conf:2: Line references path below legacy directory /var/run/, updating /var/run/radiusd → /run/radiusd; please update the tmpfiles.d/ drop-in file accordingly.
Jun 26 16:07:37 systemd-tmpfiles[20328]: /etc/tmpfiles.d/openvpn.conf:1: Line references path below legacy directory /var/run/, updating /var/run/openvpn → /run/openvpn; please update the tmpfiles.d/ drop-in file accordingly.
Jun 26 16:07:37 systemd[1]: Starting Cleanup of Temporary Directories...
Jun 26 00:00:02 systemd[1]: Started Rotate log files.
Jun 26 00:00:02 systemd[1]: logrotate.service: Succeeded.
Jun 26 00:00:00 systemd[1]: Starting Rotate log files...
Jun 25 16:07:37 systemd[1]: Started Cleanup of Temporary Directories.
Jun 25 16:07:37 systemd[1]: systemd-tmpfiles-clean.service: Succeeded.
Jun 25 16:07:37 systemd-tmpfiles[27085]: /etc/tmpfiles.d/radiusd.conf:2: Line references path below legacy directory /var/run/, updating /var/run/radiusd → /run/radiusd; please update the tmpfiles.d/ drop-in file accordingly.
Jun 25 16:07:37 systemd-tmpfiles[27085]: /etc/tmpfiles.d/openvpn.conf:1: Line references path below legacy directory /var/run/, updating /var/run/openvpn → /run/openvpn; please update the tmpfiles.d/ drop-in file accordingly.
Jun 25 16:07:37 systemd[1]: Starting Cleanup of Temporary Directories...
Jun 25 00:00:02 systemd[1]: Started Rotate log files.
Jun 25 00:00:02 systemd[1]: logrotate.service: Succeeded.
Jun 25 00:00:00 systemd[1]: Starting Rotate log files...
Jun 24 16:07:36 systemd[1]: Started Cleanup of Temporary Directories.
Jun 24 16:07:36 systemd[1]: systemd-tmpfiles-clean.service: Succeeded.
Jun 24 16:07:36 systemd-tmpfiles[1443]: /etc/tmpfiles.d/radiusd.conf:2: Line references path below legacy directory /var/run/, updating /var/run/radiusd → /run/radiusd; please update the tmpfiles.d/ drop-in file accordingly.
Jun 24 16:07:36 systemd-tmpfiles[1443]: /etc/tmpfiles.d/openvpn.conf:1: Line references path below legacy directory /var/run/, updating /var/run/openvpn → /run/openvpn; please update the tmpfiles.d/ drop-in file accordingly.
Jun 24 16:07:36 systemd[1]: Starting Cleanup of Temporary Directories...
Jun 24 00:00:02 systemd[1]: Started Rotate log files.
Jun 24 00:00:02 systemd[1]: logrotate.service: Succeeded.
Jun 24 00:00:00 systemd[1]: Starting Rotate log files...
Jun 23 16:07:36 systemd[1]: Started Cleanup of Temporary Directories.
Jun 23 16:07:36 systemd[1]: systemd-tmpfiles-clean.service: Succeeded.
Jun 23 16:07:36 systemd-tmpfiles[8164]: /etc/tmpfiles.d/radiusd.conf:2: Line references path below legacy directory /var/run/, updating /var/run/radiusd → /run/radiusd; please update the tmpfiles.d/ drop-in file accordingly.
Jun 23 16:07:36 systemd-tmpfiles[8164]: /etc/tmpfiles.d/openvpn.conf:1: Line references path below legacy directory /var/run/, updating /var/run/openvpn → /run/openvpn; please update the tmpfiles.d/ drop-in file accordingly.
Jun 23 16:07:36 systemd[1]: Starting Cleanup of Temporary Directories...
Jun 23 05:27:46 systemd-networkd[14081]: eth0: Gained carrier
Jun 23 05:27:46 kernel: fec 2188000.ethernet eth0: Link is Up - 100Mbps/Full - flow control rx/tx
Jun 23 05:27:43 kernel: fec 2188000.ethernet eth0: Link is Down
Jun 23 05:27:43 systemd-networkd[14081]: eth0: Lost carrier
Jun 23 05:27:20 systemd-networkd[14081]: eth0: Gained carrier
Jun 23 05:27:20 kernel: fec 2188000.ethernet eth0: Link is Up - 100Mbps/Full - flow control rx/tx
Jun 23 05:27:17 systemd-networkd[14081]: eth0: Lost carrier
Jun 23 05:27:17 kernel: fec 2188000.ethernet eth0: Link is Down
Jun 23 05:27:08 systemd-networkd[14081]: eth0: Gained carrier
Jun 23 05:27:08 kernel: fec 2188000.ethernet eth0: Link is Up - 100Mbps/Full - flow control rx/tx
Jun 23 05:27:04 kernel: fec 2188000.ethernet eth0: Link is Down
Jun 23 05:27:04 systemd-networkd[14081]: eth0: Lost carrier
Jun 23 01:57:06 systemd-networkd[14081]: eth0: Gained carrier
Jun 23 01:57:05 kernel: fec 2188000.ethernet eth0: Link is Up - 100Mbps/Full - flow control rx/tx
Jun 23 01:57:03 kernel: fec 2188000.ethernet eth0: Link is Down
Jun 23 01:57:03 systemd-networkd[14081]: eth0: Lost carrier
Jun 23 01:56:41 kernel: fec 2188000.ethernet eth0: Link is Up - 100Mbps/Full - flow control rx/tx
Jun 23 01:56:41 systemd-networkd[14081]: eth0: Gained carrier
Jun 23 01:56:37 systemd-networkd[14081]: eth0: Lost carrier
Jun 23 01:56:37 kernel: fec 2188000.ethernet eth0: Link is Down
Jun 23 01:56:29 systemd-networkd[14081]: eth0: Gained carrier
Jun 23 01:56:29 kernel: fec 2188000.ethernet eth0: Link is Up - 100Mbps/Full - flow control rx/tx
Jun 23 01:56:24 systemd-networkd[14081]: eth0: Lost carrier
Jun 23 01:56:24 kernel: fec 2188000.ethernet eth0: Link is Down
Jun 23 00:00:03 systemd[1]: Started Rotate log files.
Jun 23 00:00:03 systemd[1]: logrotate.service: Succeeded.
Jun 23 00:00:00 systemd[1]: Starting Rotate log files...
Jun 22 16:07:36 systemd[1]: Started Cleanup of Temporary Directories.
Jun 22 16:07:36 systemd[1]: systemd-tmpfiles-clean.service: Succeeded.
Jun 22 16:07:36 systemd-tmpfiles[14891]: /etc/tmpfiles.d/radiusd.conf:2: Line references path below legacy directory /var/run/, updating /var/run/radiusd → /run/radiusd; please update the tmpfiles.d/ drop-in file accordingly.
Jun 22 16:07:36 systemd-tmpfiles[14891]: /etc/tmpfiles.d/openvpn.conf:1: Line references path below legacy directory /var/run/, updating /var/run/openvpn → /run/openvpn; please update the tmpfiles.d/ drop-in file accordingly.
Jun 22 16:07:36 systemd[1]: Starting Cleanup of Temporary Directories...
Jun 22 00:00:00 systemd[1]: Started Rotate log files.
Jun 22 00:00:00 systemd[1]: logrotate.service: Succeeded.
Jun 22 00:00:00 systemd[1]: Starting Rotate log files...
Jun 21 16:07:35 systemd[1]: Started Cleanup of Temporary Directories.
Jun 21 16:07:35 systemd[1]: systemd-tmpfiles-clean.service: Succeeded.
Jun 21 16:07:35 systemd-tmpfiles[21600]: /etc/tmpfiles.d/radiusd.conf:2: Line references path below legacy directory /var/run/, updating /var/run/radiusd → /run/radiusd; please update the tmpfiles.d/ drop-in file accordingly.
Jun 21 16:07:35 systemd-tmpfiles[21600]: /etc/tmpfiles.d/openvpn.conf:1: Line references path below legacy directory /var/run/, updating /var/run/openvpn → /run/openvpn; please update the tmpfiles.d/ drop-in file accordingly.
Jun 21 16:07:35 systemd[1]: Starting Cleanup of Temporary Directories...
Jun 21 00:00:00 systemd[1]: Started Rotate log files.
Jun 21 00:00:00 systemd[1]: logrotate.service: Succeeded.
Jun 21 00:00:00 systemd[1]: Starting Rotate log files...
Jun 20 16:07:35 systemd[1]: Started Cleanup of Temporary Directories.
Jun 20 16:07:35 systemd[1]: systemd-tmpfiles-clean.service: Succeeded.
Jun 20 16:07:35 systemd-tmpfiles[28263]: /etc/tmpfiles.d/radiusd.conf:2: Line references path below legacy directory /var/run/, updating /var/run/radiusd → /run/radiusd; please update the tmpfiles.d/ drop-in file accordingly.
Jun 20 16:07:35 systemd-tmpfiles[28263]: /etc/tmpfiles.d/openvpn.conf:1: Line references path below legacy directory /var/run/, updating /var/run/openvpn → /run/openvpn; please update the tmpfiles.d/ drop-in file accordingly.
Jun 20 16:07:35 systemd[1]: Starting Cleanup of Temporary Directories...
Jun 20 00:00:02 systemd[1]: Started Rotate log files.
Jun 20 00:00:02 systemd[1]: logrotate.service: Succeeded.
Jun 20 00:00:00 systemd[1]: Starting Rotate log files...
Jun 19 16:07:35 systemd[1]: Started Cleanup of Temporary Directories.
Jun 19 16:07:35 systemd[1]: systemd-tmpfiles-clean.service: Succeeded.
Jun 19 16:07:35 systemd-tmpfiles[2606]: /etc/tmpfiles.d/radiusd.conf:2: Line references path below legacy directory /var/run/, updating /var/run/radiusd → /run/radiusd; please update the tmpfiles.d/ drop-in file accordingly.
Jun 19 16:07:35 systemd-tmpfiles[2606]: /etc/tmpfiles.d/openvpn.conf:1: Line references path below legacy directory /var/run/, updating /var/run/openvpn → /run/openvpn; please update the tmpfiles.d/ drop-in file accordingly.
Jun 19 16:07:35 systemd[1]: Starting Cleanup of Temporary Directories...
Jun 19 00:00:03 systemd[1]: Started Rotate log files.
Jun 19 00:00:03 systemd[1]: logrotate.service: Succeeded.
Jun 19 00:00:00 systemd[1]: Starting Rotate log files...
Jun 18 16:07:34 systemd[1]: Started Cleanup of Temporary Directories.
Jun 18 16:07:34 systemd[1]: systemd-tmpfiles-clean.service: Succeeded.
Jun 18 16:07:34 systemd-tmpfiles[9313]: /etc/tmpfiles.d/radiusd.conf:2: Line references path below legacy directory /var/run/, updating /var/run/radiusd → /run/radiusd; please update the tmpfiles.d/ drop-in file accordingly.
Jun 18 16:07:34 systemd-tmpfiles[9313]: /etc/tmpfiles.d/openvpn.conf:1: Line references path below legacy directory /var/run/, updating /var/run/openvpn → /run/openvpn; please update the tmpfiles.d/ drop-in file accordingly.
Jun 18 16:07:34 systemd[1]: Starting Cleanup of Temporary Directories...
Jun 18 00:00:03 systemd[1]: Started Rotate log files.
Jun 18 00:00:03 systemd[1]: logrotate.service: Succeeded.
Jun 18 00:00:00 systemd[1]: Starting Rotate log files...
Jun 17 16:07:34 systemd[1]: Started Cleanup of Temporary Directories.
Jun 17 16:07:34 systemd[1]: systemd-tmpfiles-clean.service: Succeeded.
Jun 17 16:07:34 systemd-tmpfiles[16010]: /etc/tmpfiles.d/radiusd.conf:2: Line references path below legacy directory /var/run/, updating /var/run/radiusd → /run/radiusd; please update the tmpfiles.d/ drop-in file accordingly.
Jun 17 16:07:34 systemd-tmpfiles[16010]: /etc/tmpfiles.d/openvpn.conf:1: Line references path below legacy directory /var/run/, updating /var/run/openvpn → /run/openvpn; please update the tmpfiles.d/ drop-in file accordingly.
Jun 17 16:07:34 systemd[1]: Starting Cleanup of Temporary Directories...
Jun 17 00:00:02 systemd[1]: Started Rotate log files.
Jun 17 00:00:02 systemd[1]: logrotate.service: Succeeded.
Jun 17 00:00:00 systemd[1]: Starting Rotate log files...
Jun 16 16:07:34 systemd[1]: Started Cleanup of Temporary Directories.
Jun 16 16:07:34 systemd[1]: systemd-tmpfiles-clean.service: Succeeded.
Jun 16 16:07:34 systemd-tmpfiles[22680]: /etc/tmpfiles.d/radiusd.conf:2: Line references path below legacy directory /var/run/, updating /var/run/radiusd → /run/radiusd; please update the tmpfiles.d/ drop-in file accordingly.
Jun 16 16:07:34 systemd-tmpfiles[22680]: /etc/tmpfiles.d/openvpn.conf:1: Line references path below legacy directory /var/run/, updating /var/run/openvpn → /run/openvpn; please update the tmpfiles.d/ drop-in file accordingly.
Jun 16 16:07:34 systemd[1]: Starting Cleanup of Temporary Directories...
Jun 16 01:57:35 systemd-networkd[14081]: eth0: Gained carrier
Jun 16 01:57:35 kernel: fec 2188000.ethernet eth0: Link is Up - 100Mbps/Full - flow control rx/tx
Jun 16 01:57:33 kernel: fec 2188000.ethernet eth0: Link is Down
Jun 16 01:57:33 systemd-networkd[14081]: eth0: Lost carrier
Jun 16 01:57:10 systemd-networkd[14081]: eth0: Gained carrier
Jun 16 01:57:10 kernel: fec 2188000.ethernet eth0: Link is Up - 100Mbps/Full - flow control rx/tx
Jun 16 01:57:07 systemd-networkd[14081]: eth0: Lost carrier
Jun 16 01:57:07 kernel: fec 2188000.ethernet eth0: Link is Down
Jun 16 01:56:59 systemd-networkd[14081]: eth0: Gained carrier
Jun 16 01:56:59 kernel: fec 2188000.ethernet eth0: Link is Up - 100Mbps/Full - flow control rx/tx
Jun 16 01:56:54 systemd-networkd[14081]: eth0: Lost carrier
Jun 16 01:56:53 kernel: fec 2188000.ethernet eth0: Link is Down
Jun 16 00:00:03 systemd[1]: Started Rotate log files.
Jun 16 00:00:03 systemd[1]: logrotate.service: Succeeded.
Jun 16 00:00:00 systemd[1]: Starting Rotate log files...
Jun 15 16:07:33 systemd[1]: Started Cleanup of Temporary Directories.
Jun 15 16:07:33 systemd[1]: systemd-tmpfiles-clean.service: Succeeded.
Jun 15 16:07:33 systemd-tmpfiles[29277]: /etc/tmpfiles.d/radiusd.conf:2: Line references path below legacy directory /var/run/, updating /var/run/radiusd → /run/radiusd; please update the tmpfiles.d/ drop-in file accordingly.
Jun 15 16:07:33 systemd-tmpfiles[29277]: /etc/tmpfiles.d/openvpn.conf:1: Line references path below legacy directory /var/run/, updating /var/run/openvpn → /run/openvpn; please update the tmpfiles.d/ drop-in file accordingly.
Jun 15 16:07:33 systemd[1]: Starting Cleanup of Temporary Directories...
Jun 15 00:00:02 systemd[1]: Started Rotate log files.
Jun 15 00:00:02 systemd[1]: logrotate.service: Succeeded.
Jun 15 00:00:00 systemd[1]: Starting Rotate log files...
Jun 14 16:07:33 systemd[1]: Started Cleanup of Temporary Directories.
Jun 14 16:07:33 systemd[1]: systemd-tmpfiles-clean.service: Succeeded.
Jun 14 16:07:33 systemd-tmpfiles[3373]: /etc/tmpfiles.d/radiusd.conf:2: Line references path below legacy directory /var/run/, updating /var/run/radiusd → /run/radiusd; please update the tmpfiles.d/ drop-in file accordingly.
Jun 14 16:07:33 systemd-tmpfiles[3373]: /etc/tmpfiles.d/openvpn.conf:1: Line references path below legacy directory /var/run/, updating /var/run/openvpn → /run/openvpn; please update the tmpfiles.d/ drop-in file accordingly.
Jun 14 16:07:33 systemd[1]: Starting Cleanup of Temporary Directories...
Jun 14 00:00:00 systemd[1]: Started Rotate log files.
Jun 14 00:00:00 systemd[1]: logrotate.service: Succeeded.
Jun 14 00:00:00 systemd[1]: Starting Rotate log files...
Jun 13 16:07:32 systemd[1]: Started Cleanup of Temporary Directories.
Jun 13 16:07:32 systemd[1]: systemd-tmpfiles-clean.service: Succeeded.
Jun 13 16:07:32 systemd-tmpfiles[9882]: /etc/tmpfiles.d/radiusd.conf:2: Line references path below legacy directory /var/run/, updating /var/run/radiusd → /run/radiusd; please update the tmpfiles.d/ drop-in file accordingly.
Jun 13 16:07:32 systemd-tmpfiles[9882]: /etc/tmpfiles.d/openvpn.conf:1: Line references path below legacy directory /var/run/, updating /var/run/openvpn → /run/openvpn; please update the tmpfiles.d/ drop-in file accordingly.
Jun 13 16:07:32 systemd[1]: Starting Cleanup of Temporary Directories...
Jun 13 00:00:02 systemd[1]: Started Rotate log files.
Jun 13 00:00:02 systemd[1]: logrotate.service: Succeeded.
Jun 13 00:00:00 systemd[1]: Starting Rotate log files...
Jun 12 16:07:32 systemd[1]: Started Cleanup of Temporary Directories.
Jun 12 16:07:32 systemd[1]: systemd-tmpfiles-clean.service: Succeeded.
Jun 12 16:07:32 systemd-tmpfiles[16396]: /etc/tmpfiles.d/radiusd.conf:2: Line references path below legacy directory /var/run/, updating /var/run/radiusd → /run/radiusd; please update the tmpfiles.d/ drop-in file accordingly.
Jun 12 16:07:32 systemd-tmpfiles[16396]: /etc/tmpfiles.d/openvpn.conf:1: Line references path below legacy directory /var/run/, updating /var/run/openvpn → /run/openvpn; please update the tmpfiles.d/ drop-in file accordingly.
Jun 12 16:07:32 systemd[1]: Starting Cleanup of Temporary Directories...
Jun 12 00:00:00 systemd[1]: Started Rotate log files.
Jun 12 00:00:00 systemd[1]: logrotate.service: Succeeded.
Jun 12 00:00:00 systemd[1]: Starting Rotate log files...
Jun 11 16:07:32 systemd[1]: Started Cleanup of Temporary Directories.
Jun 11 16:07:32 systemd[1]: systemd-tmpfiles-clean.service: Succeeded.
Jun 11 16:07:32 systemd-tmpfiles[23105]: /etc/tmpfiles.d/radiusd.conf:2: Line references path below legacy directory /var/run/, updating /var/run/radiusd → /run/radiusd; please update the tmpfiles.d/ drop-in file accordingly.
Jun 11 16:07:32 systemd-tmpfiles[23105]: /etc/tmpfiles.d/openvpn.conf:1: Line references path below legacy directory /var/run/, updating /var/run/openvpn → /run/openvpn; please update the tmpfiles.d/ drop-in file accordingly.
Jun 11 16:07:32 systemd[1]: Starting Cleanup of Temporary Directories...
Jun 11 00:00:02 systemd[1]: Started Rotate log files.
Jun 11 00:00:02 systemd[1]: logrotate.service: Succeeded.
Jun 11 00:00:00 systemd[1]: Starting Rotate log files...
Jun 10 16:07:31 systemd[1]: Started Cleanup of Temporary Directories.
Jun 10 16:07:31 systemd[1]: systemd-tmpfiles-clean.service: Succeeded.
Jun 10 16:07:31 systemd-tmpfiles[29832]: /etc/tmpfiles.d/radiusd.conf:2: Line references path below legacy directory /var/run/, updating /var/run/radiusd → /run/radiusd; please update the tmpfiles.d/ drop-in file accordingly.
Jun 10 16:07:31 systemd-tmpfiles[29832]: /etc/tmpfiles.d/openvpn.conf:1: Line references path below legacy directory /var/run/, updating /var/run/openvpn → /run/openvpn; please update the tmpfiles.d/ drop-in file accordingly.
Jun 10 16:07:31 systemd[1]: Starting Cleanup of Temporary Directories...
Jun 10 08:28:38 systemd-networkd[14081]: eth0: Gained carrier
Jun 10 08:28:38 kernel: fec 2188000.ethernet eth0: Link is Up - 100Mbps/Full - flow control rx/tx
Jun 10 08:28:35 kernel: fec 2188000.ethernet eth0: Link is Down
Jun 10 08:28:35 systemd-networkd[14081]: eth0: Lost carrier
Jun 10 08:28:12 systemd-networkd[14081]: eth0: Gained carrier
Jun 10 08:28:12 kernel: fec 2188000.ethernet eth0: Link is Up - 100Mbps/Full - flow control rx/tx
Jun 10 08:28:09 kernel: fec 2188000.ethernet eth0: Link is Down
Jun 10 08:28:09 systemd-networkd[14081]: eth0: Lost carrier
Jun 10 08:28:01 systemd-networkd[14081]: eth0: Gained carrier
Jun 10 08:28:01 kernel: fec 2188000.ethernet eth0: Link is Up - 100Mbps/Full - flow control rx/tx
Jun 10 08:27:56 kernel: fec 2188000.ethernet eth0: Link is Down
Jun 10 08:27:56 systemd-networkd[14081]: eth0: Lost carrier
Jun 10 07:58:38 systemd-networkd[14081]: eth0: Gained carrier
Jun 10 07:58:38 kernel: fec 2188000.ethernet eth0: Link is Up - 100Mbps/Full - flow control rx/tx
Jun 10 07:58:35 kernel: fec 2188000.ethernet eth0: Link is Down
Jun 10 07:58:35 systemd-networkd[14081]: eth0: Lost carrier
Jun 10 07:58:13 systemd-networkd[14081]: eth0: Gained carrier
Jun 10 07:58:13 kernel: fec 2188000.ethernet eth0: Link is Up - 100Mbps/Full - flow control rx/tx
Jun 10 07:58:10 kernel: fec 2188000.ethernet eth0: Link is Down
Jun 10 07:58:10 systemd-networkd[14081]: eth0: Lost carrier
Jun 10 07:58:00 systemd-networkd[14081]: eth0: Gained carrier
Jun 10 07:58:00 kernel: fec 2188000.ethernet eth0: Link is Up - 100Mbps/Full - flow control rx/tx
Jun 10 07:57:56 kernel: fec 2188000.ethernet eth0: Link is Down
Jun 10 07:57:56 systemd-networkd[14081]: eth0: Lost carrier
Jun 10 07:28:41 systemd-networkd[14081]: eth0: Gained carrier
Jun 10 07:28:41 kernel: fec 2188000.ethernet eth0: Link is Up - 100Mbps/Full - flow control rx/tx
Jun 10 07:28:38 kernel: fec 2188000.ethernet eth0: Link is Down
Jun 10 07:28:38 systemd-networkd[14081]: eth0: Lost carrier
Jun 10 07:28:15 systemd-networkd[14081]: eth0: Gained carrier
Jun 10 07:28:15 kernel: fec 2188000.ethernet eth0: Link is Up - 100Mbps/Full - flow control rx/tx
Jun 10 07:28:12 kernel: fec 2188000.ethernet eth0: Link is Down
Jun 10 07:28:12 systemd-networkd[14081]: eth0: Lost carrier
Jun 10 07:28:02 systemd-networkd[14081]: eth0: Gained carrier
Jun 10 07:28:02 kernel: fec 2188000.ethernet eth0: Link is Up - 100Mbps/Full - flow control rx/tx
Jun 10 07:27:58 systemd-networkd[14081]: eth0: Lost carrier
Jun 10 07:27:58 kernel: fec 2188000.ethernet eth0: Link is Down
Jun 10 00:00:03 systemd[1]: Started Rotate log files.
Jun 10 00:00:03 systemd[1]: logrotate.service: Succeeded.
Jun 10 00:00:00 systemd[1]: Starting Rotate log files...
Jun 09 16:07:31 systemd[1]: Started Cleanup of Temporary Directories.
Jun 09 16:07:31 systemd[1]: systemd-tmpfiles-clean.service: Succeeded.
Jun 09 16:07:31 systemd-tmpfiles[4179]: /etc/tmpfiles.d/radiusd.conf:2: Line references path below legacy directory /var/run/, updating /var/run/radiusd → /run/radiusd; please update the tmpfiles.d/ drop-in file accordingly.
Jun 09 16:07:31 systemd-tmpfiles[4179]: /etc/tmpfiles.d/openvpn.conf:1: Line references path below legacy directory /var/run/, updating /var/run/openvpn → /run/openvpn; please update the tmpfiles.d/ drop-in file accordingly.
Jun 09 16:07:31 systemd[1]: Starting Cleanup of Temporary Directories...
Jun 09 15:48:43 app[391]: Security_ReadValue(Log_on) -- WEB LOGIN, SId: adfc96e4df16457defbbd415b107089409339acdf901cfc0488694d0a9edf401, Account: 0, noOfUsers: 1, idleTimeout: 5
Jun 09 01:58:05 systemd-networkd[14081]: eth0: Gained carrier
Jun 09 01:58:05 kernel: fec 2188000.ethernet eth0: Link is Up - 100Mbps/Full - flow control rx/tx
Jun 09 01:58:02 kernel: fec 2188000.ethernet eth0: Link is Down
Jun 09 01:58:02 systemd-networkd[14081]: eth0: Lost carrier
Jun 09 01:57:39 systemd-networkd[14081]: eth0: Gained carrier
Jun 09 01:57:39 kernel: fec 2188000.ethernet eth0: Link is Up - 100Mbps/Full - flow control rx/tx
Jun 09 01:57:36 kernel: fec 2188000.ethernet eth0: Link is Down
Jun 09 01:57:36 systemd-networkd[14081]: eth0: Lost carrier
Jun 09 01:57:27 systemd-networkd[14081]: eth0: Gained carrier
Jun 09 01:57:27 kernel: fec 2188000.ethernet eth0: Link is Up - 100Mbps/Full - flow control rx/tx
Jun 09 01:57:23 systemd-networkd[14081]: eth0: Lost carrier
Jun 09 01:57:23 kernel: fec 2188000.ethernet eth0: Link is Down
Jun 09 00:00:02 systemd[1]: Started Rotate log files.
Jun 09 00:00:02 systemd[1]: logrotate.service: Succeeded.
Jun 09 00:00:00 systemd[1]: Starting Rotate log files...
Jun 08 16:07:31 systemd[1]: Started Cleanup of Temporary Directories.
Jun 08 16:07:31 systemd[1]: systemd-tmpfiles-clean.service: Succeeded.
Jun 08 16:07:31 systemd-tmpfiles[10849]: /etc/tmpfiles.d/radiusd.conf:2: Line references path below legacy directory /var/run/, updating /var/run/radiusd → /run/radiusd; please update the tmpfiles.d/ drop-in file accordingly.
Jun 08 16:07:31 systemd-tmpfiles[10849]: /etc/tmpfiles.d/openvpn.conf:1: Line references path below legacy directory /var/run/, updating /var/run/openvpn → /run/openvpn; please update the tmpfiles.d/ drop-in file accordingly.
Jun 08 16:07:31 systemd[1]: Starting Cleanup of Temporary Directories...
Jun 08 00:00:03 systemd[1]: Started Rotate log files.
Jun 08 00:00:03 systemd[1]: logrotate.service: Succeeded.
Jun 08 00:00:00 systemd[1]: Starting Rotate log files...
Jun 07 16:07:30 systemd[1]: Started Cleanup of Temporary Directories.
Jun 07 16:07:30 systemd[1]: systemd-tmpfiles-clean.service: Succeeded.
Jun 07 16:07:30 systemd-tmpfiles[17587]: /etc/tmpfiles.d/radiusd.conf:2: Line references path below legacy directory /var/run/, updating /var/run/radiusd → /run/radiusd; please update the tmpfiles.d/ drop-in file accordingly.
Jun 07 16:07:30 systemd-tmpfiles[17587]: /etc/tmpfiles.d/openvpn.conf:1: Line references path below legacy directory /var/run/, updating /var/run/openvpn → /run/openvpn; please update the tmpfiles.d/ drop-in file accordingly.
Jun 07 16:07:30 systemd[1]: Starting Cleanup of Temporary Directories...
Jun 07 00:00:02 systemd[1]: Started Rotate log files.
Jun 07 00:00:02 systemd[1]: logrotate.service: Succeeded.
Jun 07 00:00:00 systemd[1]: Starting Rotate log files...
Jun 06 16:07:30 systemd[1]: Started Cleanup of Temporary Directories.
Jun 06 16:07:30 systemd[1]: systemd-tmpfiles-clean.service: Succeeded.
Jun 06 16:07:30 systemd-tmpfiles[24467]: /etc/tmpfiles.d/radiusd.conf:2: Line references path below legacy directory /var/run/, updating /var/run/radiusd → /run/radiusd; please update the tmpfiles.d/ drop-in file accordingly.
Jun 06 16:07:30 systemd-tmpfiles[24467]: /etc/tmpfiles.d/openvpn.conf:1: Line references path below legacy directory /var/run/, updating /var/run/openvpn → /run/openvpn; please update the tmpfiles.d/ drop-in file accordingly.
Jun 06 16:07:30 systemd[1]: Starting Cleanup of Temporary Directories...
Jun 06 00:00:02 systemd[1]: Started Rotate log files.
Jun 06 00:00:02 systemd[1]: logrotate.service: Succeeded.
Jun 06 00:00:00 systemd[1]: Starting Rotate log files...
Jun 05 16:07:30 systemd[1]: Started Cleanup of Temporary Directories.
Jun 05 16:07:30 systemd[1]: systemd-tmpfiles-clean.service: Succeeded.
Jun 05 16:07:30 systemd-tmpfiles[31241]: /etc/tmpfiles.d/radiusd.conf:2: Line references path below legacy directory /var/run/, updating /var/run/radiusd → /run/radiusd; please update the tmpfiles.d/ drop-in file accordingly.
Jun 05 16:07:30 systemd-tmpfiles[31241]: /etc/tmpfiles.d/openvpn.conf:1: Line references path below legacy directory /var/run/, updating /var/run/openvpn → /run/openvpn; please update the tmpfiles.d/ drop-in file accordingly.
Jun 05 16:07:30 systemd[1]: Starting Cleanup of Temporary Directories...
Jun 05 00:00:02 systemd[1]: Started Rotate log files.
Jun 05 00:00:02 systemd[1]: logrotate.service: Succeeded.
Jun 05 00:00:00 systemd[1]: Starting Rotate log files...
Jun 04 16:07:29 systemd[1]: Started Cleanup of Temporary Directories.
Jun 04 16:07:29 systemd[1]: systemd-tmpfiles-clean.service: Succeeded.
Jun 04 16:07:29 systemd-tmpfiles[5675]: /etc/tmpfiles.d/radiusd.conf:2: Line references path below legacy directory /var/run/, updating /var/run/radiusd → /run/radiusd; please update the tmpfiles.d/ drop-in file accordingly.
Jun 04 16:07:29 systemd-tmpfiles[5675]: /etc/tmpfiles.d/openvpn.conf:1: Line references path below legacy directory /var/run/, updating /var/run/openvpn → /run/openvpn; please update the tmpfiles.d/ drop-in file accordingly.
Jun 04 16:07:29 systemd[1]: Starting Cleanup of Temporary Directories...
Jun 04 00:00:02 systemd[1]: Started Rotate log files.
Jun 04 00:00:02 systemd[1]: logrotate.service: Succeeded.
Jun 04 00:00:00 systemd[1]: Starting Rotate log files...
Jun 03 16:07:29 systemd[1]: Started Cleanup of Temporary Directories.
Jun 03 16:07:29 systemd[1]: systemd-tmpfiles-clean.service: Succeeded.
Jun 03 16:07:29 systemd-tmpfiles[12504]: /etc/tmpfiles.d/radiusd.conf:2: Line references path below legacy directory /var/run/, updating /var/run/radiusd → /run/radiusd; please update the tmpfiles.d/ drop-in file accordingly.
Jun 03 16:07:29 systemd-tmpfiles[12504]: /etc/tmpfiles.d/openvpn.conf:1: Line references path below legacy directory /var/run/, updating /var/run/openvpn → /run/openvpn; please update the tmpfiles.d/ drop-in file accordingly.
Jun 03 16:07:29 systemd[1]: Starting Cleanup of Temporary Directories...
Jun 03 00:00:00 systemd[1]: Started Rotate log files.
Jun 03 00:00:00 systemd[1]: logrotate.service: Succeeded.
Jun 03 00:00:00 systemd[1]: Starting Rotate log files...
Jun 02 16:07:29 systemd[1]: Started Cleanup of Temporary Directories.
Jun 02 16:07:29 systemd[1]: systemd-tmpfiles-clean.service: Succeeded.
Jun 02 16:07:29 systemd-tmpfiles[19303]: /etc/tmpfiles.d/radiusd.conf:2: Line references path below legacy directory /var/run/, updating /var/run/radiusd → /run/radiusd; please update the tmpfiles.d/ drop-in file accordingly.
Jun 02 16:07:29 systemd-tmpfiles[19303]: /etc/tmpfiles.d/openvpn.conf:1: Line references path below legacy directory /var/run/, updating /var/run/openvpn → /run/openvpn; please update the tmpfiles.d/ drop-in file accordingly.
Jun 02 16:07:29 systemd[1]: Starting Cleanup of Temporary Directories...
Jun 02 09:59:26 systemd-networkd[14081]: eth0: Gained carrier
Jun 02 09:59:26 kernel: fec 2188000.ethernet eth0: Link is Up - 100Mbps/Full - flow control rx/tx
Jun 02 09:59:23 kernel: fec 2188000.ethernet eth0: Link is Down
Jun 02 09:59:23 systemd-networkd[14081]: eth0: Lost carrier
Jun 02 09:59:00 systemd-networkd[14081]: eth0: Gained carrier
Jun 02 09:59:00 kernel: fec 2188000.ethernet eth0: Link is Up - 100Mbps/Full - flow control rx/tx
Jun 02 09:58:57 kernel: fec 2188000.ethernet eth0: Link is Down
Jun 02 09:58:57 systemd-networkd[14081]: eth0: Lost carrier
Jun 02 09:58:47 systemd-networkd[14081]: eth0: Gained carrier
Jun 02 09:58:47 kernel: fec 2188000.ethernet eth0: Link is Up - 100Mbps/Full - flow control rx/tx
Jun 02 09:58:43 kernel: fec 2188000.ethernet eth0: Link is Down
Jun 02 09:58:43 systemd-networkd[14081]: eth0: Lost carrier
Jun 02 01:58:34 systemd-networkd[14081]: eth0: Gained carrier
Jun 02 01:58:34 kernel: fec 2188000.ethernet eth0: Link is Up - 100Mbps/Full - flow control rx/tx
Jun 02 01:58:31 kernel: fec 2188000.ethernet eth0: Link is Down
Jun 02 01:58:31 systemd-networkd[14081]: eth0: Lost carrier
Jun 02 01:58:08 systemd-networkd[14081]: eth0: Gained carrier
Jun 02 01:58:08 kernel: fec 2188000.ethernet eth0: Link is Up - 100Mbps/Full - flow control rx/tx
Jun 02 01:58:05 kernel: fec 2188000.ethernet eth0: Link is Down
Jun 02 01:58:05 systemd-networkd[14081]: eth0: Lost carrier
Jun 02 01:57:56 systemd-networkd[14081]: eth0: Gained carrier
Jun 02 01:57:56 kernel: fec 2188000.ethernet eth0: Link is Up - 100Mbps/Full - flow control rx/tx
Jun 02 01:57:52 systemd-networkd[14081]: eth0: Lost carrier
Jun 02 01:57:52 kernel: fec 2188000.ethernet eth0: Link is Down
Jun 02 00:00:02 systemd[1]: Started Rotate log files.
Jun 02 00:00:02 systemd[1]: logrotate.service: Succeeded.
Jun 02 00:00:00 systemd[1]: Starting Rotate log files...
Jun 01 16:07:28 systemd[1]: Started Cleanup of Temporary Directories.
Jun 01 16:07:28 systemd[1]: systemd-tmpfiles-clean.service: Succeeded.
Jun 01 16:07:28 systemd-tmpfiles[26104]: /etc/tmpfiles.d/radiusd.conf:2: Line references path below legacy directory /var/run/, updating /var/run/radiusd → /run/radiusd; please update the tmpfiles.d/ drop-in file accordingly.
Jun 01 16:07:28 systemd-tmpfiles[26104]: /etc/tmpfiles.d/openvpn.conf:1: Line references path below legacy directory /var/run/, updating /var/run/openvpn → /run/openvpn; please update the tmpfiles.d/ drop-in file accordingly.
Jun 01 16:07:28 systemd[1]: Starting Cleanup of Temporary Directories...
Jun 01 00:00:00 systemd[1]: Started Rotate log files.
Jun 01 00:00:00 systemd[1]: logrotate.service: Succeeded.
Jun 01 00:00:00 systemd[1]: Starting Rotate log files...
May 31 16:07:28 systemd[1]: Started Cleanup of Temporary Directories.
May 31 16:07:28 systemd[1]: systemd-tmpfiles-clean.service: Succeeded.
May 31 16:07:28 systemd-tmpfiles[344]: /etc/tmpfiles.d/radiusd.conf:2: Line references path below legacy directory /var/run/, updating /var/run/radiusd → /run/radiusd; please update the tmpfiles.d/ drop-in file accordingly.
May 31 16:07:28 systemd-tmpfiles[344]: /etc/tmpfiles.d/openvpn.conf:1: Line references path below legacy directory /var/run/, updating /var/run/openvpn → /run/openvpn; please update the tmpfiles.d/ drop-in file accordingly.
May 31 16:07:28 systemd[1]: Starting Cleanup of Temporary Directories...
May 31 00:00:00 systemd[1]: Started Rotate log files.
May 31 00:00:00 systemd[1]: logrotate.service: Succeeded.
May 31 00:00:00 systemd[1]: Starting Rotate log files...
May 30 16:07:28 systemd[1]: Started Cleanup of Temporary Directories.
May 30 16:07:28 systemd[1]: systemd-tmpfiles-clean.service: Succeeded.
May 30 16:07:28 systemd-tmpfiles[7207]: /etc/tmpfiles.d/radiusd.conf:2: Line references path below legacy directory /var/run/, updating /var/run/radiusd → /run/radiusd; please update the tmpfiles.d/ drop-in file accordingly.
May 30 16:07:28 systemd-tmpfiles[7207]: /etc/tmpfiles.d/openvpn.conf:1: Line references path below legacy directory /var/run/, updating /var/run/openvpn → /run/openvpn; please update the tmpfiles.d/ drop-in file accordingly.
May 30 16:07:28 systemd[1]: Starting Cleanup of Temporary Directories...
May 30 00:00:00 systemd[1]: Started Rotate log files.
May 30 00:00:00 systemd[1]: logrotate.service: Succeeded.
May 30 00:00:00 systemd[1]: Starting Rotate log files...
May 29 16:07:27 systemd[1]: Started Cleanup of Temporary Directories.
May 29 16:07:27 systemd[1]: systemd-tmpfiles-clean.service: Succeeded.
May 29 16:07:27 systemd-tmpfiles[13935]: /etc/tmpfiles.d/radiusd.conf:2: Line references path below legacy directory /var/run/, updating /var/run/radiusd → /run/radiusd; please update the tmpfiles.d/ drop-in file accordingly.
May 29 16:07:27 systemd-tmpfiles[13935]: /etc/tmpfiles.d/openvpn.conf:1: Line references path below legacy directory /var/run/, updating /var/run/openvpn → /run/openvpn; please update the tmpfiles.d/ drop-in file accordingly.
May 29 16:07:27 systemd[1]: Starting Cleanup of Temporary Directories...
May 29 00:00:03 systemd[1]: Started Rotate log files.
May 29 00:00:03 systemd[1]: logrotate.service: Succeeded.
May 29 00:00:00 systemd[1]: Starting Rotate log files...
May 28 16:07:27 systemd[1]: Started Cleanup of Temporary Directories.
May 28 16:07:27 systemd[1]: systemd-tmpfiles-clean.service: Succeeded.
May 28 16:07:27 systemd-tmpfiles[20507]: /etc/tmpfiles.d/radiusd.conf:2: Line references path below legacy directory /var/run/, updating /var/run/radiusd → /run/radiusd; please update the tmpfiles.d/ drop-in file accordingly.
May 28 16:07:27 systemd-tmpfiles[20507]: /etc/tmpfiles.d/openvpn.conf:1: Line references path below legacy directory /var/run/, updating /var/run/openvpn → /run/openvpn; please update the tmpfiles.d/ drop-in file accordingly.
May 28 16:07:27 systemd[1]: Starting Cleanup of Temporary Directories...
May 28 00:00:02 systemd[1]: Started Rotate log files.
May 28 00:00:02 systemd[1]: logrotate.service: Succeeded.
May 28 00:00:00 systemd[1]: Starting Rotate log files...
May 27 16:07:27 systemd[1]: Started Cleanup of Temporary Directories.
May 27 16:07:27 systemd[1]: systemd-tmpfiles-clean.service: Succeeded.
May 27 16:07:27 systemd-tmpfiles[27072]: /etc/tmpfiles.d/radiusd.conf:2: Line references path below legacy directory /var/run/, updating /var/run/radiusd → /run/radiusd; please update the tmpfiles.d/ drop-in file accordingly.
May 27 16:07:27 systemd-tmpfiles[27072]: /etc/tmpfiles.d/openvpn.conf:1: Line references path below legacy directory /var/run/, updating /var/run/openvpn → /run/openvpn; please update the tmpfiles.d/ drop-in file accordingly.
May 27 16:07:27 systemd[1]: Starting Cleanup of Temporary Directories...
May 27 00:00:00 systemd[1]: Started Rotate log files.
May 27 00:00:00 systemd[1]: logrotate.service: Succeeded.
May 27 00:00:00 systemd[1]: Starting Rotate log files...
May 26 16:07:27 systemd[1]: Started Cleanup of Temporary Directories.
May 26 16:07:27 systemd[1]: systemd-tmpfiles-clean.service: Succeeded.
May 26 16:07:27 systemd-tmpfiles[1440]: /etc/tmpfiles.d/radiusd.conf:2: Line references path below legacy directory /var/run/, updating /var/run/radiusd → /run/radiusd; please update the tmpfiles.d/ drop-in file accordingly.
May 26 16:07:27 systemd-tmpfiles[1440]: /etc/tmpfiles.d/openvpn.conf:1: Line references path below legacy directory /var/run/, updating /var/run/openvpn → /run/openvpn; please update the tmpfiles.d/ drop-in file accordingly.
May 26 16:07:27 systemd[1]: Starting Cleanup of Temporary Directories...
May 26 01:59:03 systemd-networkd[14081]: eth0: Gained carrier
May 26 01:59:03 kernel: fec 2188000.ethernet eth0: Link is Up - 100Mbps/Full - flow control rx/tx
May 26 01:59:00 kernel: fec 2188000.ethernet eth0: Link is Down
May 26 01:59:00 systemd-networkd[14081]: eth0: Lost carrier
May 26 01:58:37 systemd-networkd[14081]: eth0: Gained carrier
May 26 01:58:37 kernel: fec 2188000.ethernet eth0: Link is Up - 100Mbps/Full - flow control rx/tx
May 26 01:58:34 kernel: fec 2188000.ethernet eth0: Link is Down
May 26 01:58:34 systemd-networkd[14081]: eth0: Lost carrier
May 26 01:58:25 kernel: fec 2188000.ethernet eth0: Link is Up - 100Mbps/Full - flow control rx/tx
May 26 01:58:25 systemd-networkd[14081]: eth0: Gained carrier
May 26 01:58:21 systemd-networkd[14081]: eth0: Lost carrier
May 26 01:58:21 kernel: fec 2188000.ethernet eth0: Link is Down
May 26 00:00:03 systemd[1]: Started Rotate log files.
May 26 00:00:03 systemd[1]: logrotate.service: Succeeded.
May 26 00:00:00 systemd[1]: Starting Rotate log files...
May 25 16:07:26 systemd[1]: Started Cleanup of Temporary Directories.
May 25 16:07:26 systemd[1]: systemd-tmpfiles-clean.service: Succeeded.
May 25 16:07:26 systemd-tmpfiles[8232]: /etc/tmpfiles.d/radiusd.conf:2: Line references path below legacy directory /var/run/, updating /var/run/radiusd → /run/radiusd; please update the tmpfiles.d/ drop-in file accordingly.
May 25 16:07:26 systemd-tmpfiles[8232]: /etc/tmpfiles.d/openvpn.conf:1: Line references path below legacy directory /var/run/, updating /var/run/openvpn → /run/openvpn; please update the tmpfiles.d/ drop-in file accordingly.
May 25 16:07:26 systemd[1]: Starting Cleanup of Temporary Directories...
May 25 00:00:02 systemd[1]: Started Rotate log files.
May 25 00:00:02 systemd[1]: logrotate.service: Succeeded.
May 25 00:00:00 systemd[1]: Starting Rotate log files...
May 24 16:07:26 systemd[1]: Started Cleanup of Temporary Directories.
May 24 16:07:26 systemd[1]: systemd-tmpfiles-clean.service: Succeeded.
May 24 16:07:26 systemd-tmpfiles[15010]: /etc/tmpfiles.d/radiusd.conf:2: Line references path below legacy directory /var/run/, updating /var/run/radiusd → /run/radiusd; please update the tmpfiles.d/ drop-in file accordingly.
May 24 16:07:26 systemd-tmpfiles[15010]: /etc/tmpfiles.d/openvpn.conf:1: Line references path below legacy directory /var/run/, updating /var/run/openvpn → /run/openvpn; please update the tmpfiles.d/ drop-in file accordingly.
May 24 16:07:26 systemd[1]: Starting Cleanup of Temporary Directories...
May 24 00:00:00 systemd[1]: Started Rotate log files.
May 24 00:00:00 systemd[1]: logrotate.service: Succeeded.
May 24 00:00:00 systemd[1]: Starting Rotate log files...
May 23 16:07:25 systemd[1]: Started Cleanup of Temporary Directories.
May 23 16:07:25 systemd[1]: systemd-tmpfiles-clean.service: Succeeded.
May 23 16:07:25 systemd-tmpfiles[21758]: /etc/tmpfiles.d/radiusd.conf:2: Line references path below legacy directory /var/run/, updating /var/run/radiusd → /run/radiusd; please update the tmpfiles.d/ drop-in file accordingly.
May 23 16:07:25 systemd-tmpfiles[21758]: /etc/tmpfiles.d/openvpn.conf:1: Line references path below legacy directory /var/run/, updating /var/run/openvpn → /run/openvpn; please update the tmpfiles.d/ drop-in file accordingly.
May 23 16:07:25 systemd[1]: Starting Cleanup of Temporary Directories...
May 23 00:00:02 systemd[1]: Started Rotate log files.
May 23 00:00:02 systemd[1]: logrotate.service: Succeeded.
May 23 00:00:00 systemd[1]: Starting Rotate log files...
May 22 16:07:25 systemd[1]: Started Cleanup of Temporary Directories.
May 22 16:07:25 systemd[1]: systemd-tmpfiles-clean.service: Succeeded.
May 22 16:07:25 systemd-tmpfiles[28480]: /etc/tmpfiles.d/radiusd.conf:2: Line references path below legacy directory /var/run/, updating /var/run/radiusd → /run/radiusd; please update the tmpfiles.d/ drop-in file accordingly.
May 22 16:07:25 systemd-tmpfiles[28480]: /etc/tmpfiles.d/openvpn.conf:1: Line references path below legacy directory /var/run/, updating /var/run/openvpn → /run/openvpn; please update the tmpfiles.d/ drop-in file accordingly.
May 22 16:07:25 systemd[1]: Starting Cleanup of Temporary Directories...
May 22 00:00:00 systemd[1]: Started Rotate log files.
May 22 00:00:00 systemd[1]: logrotate.service: Succeeded.
May 22 00:00:00 systemd[1]: Starting Rotate log files...
May 21 16:07:25 systemd[1]: Started Cleanup of Temporary Directories.
May 21 16:07:25 systemd[1]: systemd-tmpfiles-clean.service: Succeeded.
May 21 16:07:25 systemd-tmpfiles[2831]: /etc/tmpfiles.d/radiusd.conf:2: Line references path below legacy directory /var/run/, updating /var/run/radiusd → /run/radiusd; please update the tmpfiles.d/ drop-in file accordingly.
May 21 16:07:25 systemd-tmpfiles[2831]: /etc/tmpfiles.d/openvpn.conf:1: Line references path below legacy directory /var/run/, updating /var/run/openvpn → /run/openvpn; please update the tmpfiles.d/ drop-in file accordingly.
May 21 16:07:25 systemd[1]: Starting Cleanup of Temporary Directories...
May 21 00:00:14 node[15984]: https - listening to :: port 443 with forward security
May 21 00:00:14 node[15984]: http - listening to :: port 80
May 21 00:00:04 systemd[1]: Started ELTEK power system controller webserver (watchdog).
May 21 00:00:04 systemd[1]: Stopped ELTEK power system controller webserver (watchdog).
May 21 00:00:04 systemd[1]: spserver.service: Scheduled restart job, restart counter is at 1.
May 21 00:00:01 systemd[1]: spserver.service: Failed with result 'exit-code'.
May 21 00:00:01 systemd[1]: spserver.service: Main process exited, code=exited, status=1/FAILURE
May 21 00:00:01 node[392]:     at TCP.onStreamRead (internal/stream_base_commons.js:188:23)
May 21 00:00:01 node[392]:     at Socket.Readable.push (_stream_readable.js:213:10)
May 21 00:00:01 node[392]:     at readableAddChunk (_stream_readable.js:268:11)
May 21 00:00:01 node[392]:     at addChunk (_stream_readable.js:297:12)
May 21 00:00:01 node[392]:     at Socket.emit (events.js:314:20)
May 21 00:00:01 node[392]:     at JsonSocket.<anonymous> (/opt/sp2/bin/spserver/eltekjsonsocket.js:33:24)
May 21 00:00:01 node[392]:     at JSON.parse (<anonymous>)
May 21 00:00:01 node[392]: SyntaxError: Unexpected number in JSON at position 4
May 21 00:00:01 node[392]:     ^
May 21 00:00:01 node[392]: 2026-05-20;11;53.98;; 2026-05-20;11:02;61.00;; 2026-05-20;00:42;41.00;;
May 21 00:00:01 node[392]: undefined:1
May 21 00:00:01 app[391]: [3B blob data]
May 21 00:00:01 app[391]: *** Error in f_close(Chrg_Cur.csv):
May 21 00:00:00 systemd[1]: Started Rotate log files.
May 21 00:00:00 systemd[1]: logrotate.service: Succeeded.
May 21 00:00:00 systemd[1]: Starting Rotate log files...
May 20 16:07:25 systemd[1]: Started Cleanup of Temporary Directories.
May 20 16:07:25 systemd[1]: systemd-tmpfiles-clean.service: Succeeded.
May 20 16:07:25 systemd-tmpfiles[9523]: /etc/tmpfiles.d/radiusd.conf:2: Line references path below legacy directory /var/run/, updating /var/run/radiusd → /run/radiusd; please update the tmpfiles.d/ drop-in file accordingly.
May 20 16:07:25 systemd-tmpfiles[9523]: /etc/tmpfiles.d/openvpn.conf:1: Line references path below legacy directory /var/run/, updating /var/run/openvpn → /run/openvpn; please update the tmpfiles.d/ drop-in file accordingly.
May 20 16:07:25 systemd[1]: Starting Cleanup of Temporary Directories...
May 20 00:00:03 systemd[1]: Started Rotate log files.
May 20 00:00:03 systemd[1]: logrotate.service: Succeeded.
May 20 00:00:00 systemd[1]: Starting Rotate log files...
May 19 16:07:24 systemd[1]: Started Cleanup of Temporary Directories.
May 19 16:07:24 systemd[1]: systemd-tmpfiles-clean.service: Succeeded.
May 19 16:07:24 systemd-tmpfiles[16241]: /etc/tmpfiles.d/radiusd.conf:2: Line references path below legacy directory /var/run/, updating /var/run/radiusd → /run/radiusd; please update the tmpfiles.d/ drop-in file accordingly.
May 19 16:07:24 systemd-tmpfiles[16241]: /etc/tmpfiles.d/openvpn.conf:1: Line references path below legacy directory /var/run/, updating /var/run/openvpn → /run/openvpn; please update the tmpfiles.d/ drop-in file accordingly.
May 19 16:07:24 systemd[1]: Starting Cleanup of Temporary Directories...
May 19 01:59:32 systemd-networkd[14081]: eth0: Gained carrier
May 19 01:59:32 kernel: fec 2188000.ethernet eth0: Link is Up - 100Mbps/Full - flow control rx/tx
May 19 01:59:29 kernel: fec 2188000.ethernet eth0: Link is Down
May 19 01:59:29 systemd-networkd[14081]: eth0: Lost carrier
May 19 01:59:06 systemd-networkd[14081]: eth0: Gained carrier
May 19 01:59:06 kernel: fec 2188000.ethernet eth0: Link is Up - 100Mbps/Full - flow control rx/tx
May 19 01:59:03 kernel: fec 2188000.ethernet eth0: Link is Down
May 19 01:59:03 systemd-networkd[14081]: eth0: Lost carrier
May 19 01:58:54 systemd-networkd[14081]: eth0: Gained carrier
May 19 01:58:54 kernel: fec 2188000.ethernet eth0: Link is Up - 100Mbps/Full - flow control rx/tx
May 19 01:58:50 kernel: fec 2188000.ethernet eth0: Link is Down
May 19 01:58:50 systemd-networkd[14081]: eth0: Lost carrier
May 19 00:00:04 systemd[1]: Started Rotate log files.
May 19 00:00:04 systemd[1]: logrotate.service: Succeeded.
May 19 00:00:00 systemd[1]: Starting Rotate log files...
May 18 16:07:24 systemd[1]: Started Cleanup of Temporary Directories.
May 18 16:07:24 systemd[1]: systemd-tmpfiles-clean.service: Succeeded.
May 18 16:07:24 systemd-tmpfiles[22993]: /etc/tmpfiles.d/radiusd.conf:2: Line references path below legacy directory /var/run/, updating /var/run/radiusd → /run/radiusd; please update the tmpfiles.d/ drop-in file accordingly.
May 18 16:07:24 systemd-tmpfiles[22993]: /etc/tmpfiles.d/openvpn.conf:1: Line references path below legacy directory /var/run/, updating /var/run/openvpn → /run/openvpn; please update the tmpfiles.d/ drop-in file accordingly.
May 18 16:07:24 systemd[1]: Starting Cleanup of Temporary Directories...
May 18 00:00:03 systemd[1]: Started Rotate log files.
May 18 00:00:03 systemd[1]: logrotate.service: Succeeded.
May 18 00:00:00 systemd[1]: Starting Rotate log files...
May 17 20:00:16 systemd-networkd[14081]: eth0: Gained carrier
May 17 20:00:16 kernel: fec 2188000.ethernet eth0: Link is Up - 100Mbps/Full - flow control rx/tx
May 17 20:00:13 kernel: fec 2188000.ethernet eth0: Link is Down
May 17 20:00:13 systemd-networkd[14081]: eth0: Lost carrier
May 17 19:59:50 systemd-networkd[14081]: eth0: Gained carrier
May 17 19:59:50 kernel: fec 2188000.ethernet eth0: Link is Up - 100Mbps/Full - flow control rx/tx
May 17 19:59:48 kernel: fec 2188000.ethernet eth0: Link is Down
May 17 19:59:48 systemd-networkd[14081]: eth0: Lost carrier
May 17 19:59:39 systemd-networkd[14081]: eth0: Gained carrier
May 17 19:59:39 kernel: fec 2188000.ethernet eth0: Link is Up - 100Mbps/Full - flow control rx/tx
May 17 19:59:35 systemd-networkd[14081]: eth0: Lost carrier
May 17 19:59:35 kernel: fec 2188000.ethernet eth0: Link is Down
May 17 16:07:24 systemd[1]: Started Cleanup of Temporary Directories.
May 17 16:07:24 systemd[1]: systemd-tmpfiles-clean.service: Succeeded.
May 17 16:07:24 systemd-tmpfiles[29675]: /etc/tmpfiles.d/radiusd.conf:2: Line references path below legacy directory /var/run/, updating /var/run/radiusd → /run/radiusd; please update the tmpfiles.d/ drop-in file accordingly.
May 17 16:07:24 systemd-tmpfiles[29675]: /etc/tmpfiles.d/openvpn.conf:1: Line references path below legacy directory /var/run/, updating /var/run/openvpn → /run/openvpn; please update the tmpfiles.d/ drop-in file accordingly.
May 17 16:07:24 systemd[1]: Starting Cleanup of Temporary Directories...
May 17 00:00:02 systemd[1]: Started Rotate log files.
May 17 00:00:02 systemd[1]: logrotate.service: Succeeded.
May 17 00:00:00 systemd[1]: Starting Rotate log files...
May 16 16:07:23 systemd[1]: Started Cleanup of Temporary Directories.
May 16 16:07:23 systemd[1]: systemd-tmpfiles-clean.service: Succeeded.
May 16 16:07:23 systemd-tmpfiles[3955]: /etc/tmpfiles.d/radiusd.conf:2: Line references path below legacy directory /var/run/, updating /var/run/radiusd → /run/radiusd; please update the tmpfiles.d/ drop-in file accordingly.
May 16 16:07:23 systemd-tmpfiles[3955]: /etc/tmpfiles.d/openvpn.conf:1: Line references path below legacy directory /var/run/, updating /var/run/openvpn → /run/openvpn; please update the tmpfiles.d/ drop-in file accordingly.
May 16 16:07:23 systemd[1]: Starting Cleanup of Temporary Directories...
May 16 00:00:04 systemd[1]: Started Rotate log files.
May 16 00:00:04 systemd[1]: logrotate.service: Succeeded.
May 16 00:00:00 systemd[1]: Starting Rotate log files...
May 15 16:07:23 systemd[1]: Started Cleanup of Temporary Directories.
May 15 16:07:23 systemd[1]: systemd-tmpfiles-clean.service: Succeeded.
May 15 16:07:23 systemd-tmpfiles[10646]: /etc/tmpfiles.d/radiusd.conf:2: Line references path below legacy directory /var/run/, updating /var/run/radiusd → /run/radiusd; please update the tmpfiles.d/ drop-in file accordingly.
May 15 16:07:23 systemd-tmpfiles[10646]: /etc/tmpfiles.d/openvpn.conf:1: Line references path below legacy directory /var/run/, updating /var/run/openvpn → /run/openvpn; please update the tmpfiles.d/ drop-in file accordingly.
May 15 16:07:23 systemd[1]: Starting Cleanup of Temporary Directories...
May 15 00:00:02 systemd[1]: Started Rotate log files.
May 15 00:00:02 systemd[1]: logrotate.service: Succeeded.
May 15 00:00:00 systemd[1]: Starting Rotate log files...
May 14 16:07:22 systemd[1]: Started Cleanup of Temporary Directories.
May 14 16:07:22 systemd[1]: systemd-tmpfiles-clean.service: Succeeded.
May 14 16:07:22 systemd-tmpfiles[17131]: /etc/tmpfiles.d/radiusd.conf:2: Line references path below legacy directory /var/run/, updating /var/run/radiusd → /run/radiusd; please update the tmpfiles.d/ drop-in file accordingly.
May 14 16:07:22 systemd-tmpfiles[17131]: /etc/tmpfiles.d/openvpn.conf:1: Line references path below legacy directory /var/run/, updating /var/run/openvpn → /run/openvpn; please update the tmpfiles.d/ drop-in file accordingly.
May 14 16:07:22 systemd[1]: Starting Cleanup of Temporary Directories...
May 14 00:00:00 systemd[1]: Started Rotate log files.
May 14 00:00:00 systemd[1]: logrotate.service: Succeeded.
May 14 00:00:00 systemd[1]: Starting Rotate log files...
May 13 16:07:22 systemd[1]: Started Cleanup of Temporary Directories.
May 13 16:07:22 systemd[1]: systemd-tmpfiles-clean.service: Succeeded.
May 13 16:07:22 systemd-tmpfiles[23888]: /etc/tmpfiles.d/radiusd.conf:2: Line references path below legacy directory /var/run/, updating /var/run/radiusd → /run/radiusd; please update the tmpfiles.d/ drop-in file accordingly.
May 13 16:07:22 systemd-tmpfiles[23888]: /etc/tmpfiles.d/openvpn.conf:1: Line references path below legacy directory /var/run/, updating /var/run/openvpn → /run/openvpn; please update the tmpfiles.d/ drop-in file accordingly.
May 13 16:07:22 systemd[1]: Starting Cleanup of Temporary Directories...
May 13 00:00:03 systemd[1]: Started Rotate log files.
May 13 00:00:03 systemd[1]: logrotate.service: Succeeded.
May 13 00:00:00 systemd[1]: Starting Rotate log files...
May 12 16:07:22 systemd[1]: Started Cleanup of Temporary Directories.
May 12 16:07:22 systemd[1]: systemd-tmpfiles-clean.service: Succeeded.
May 12 16:07:22 systemd-tmpfiles[30581]: /etc/tmpfiles.d/radiusd.conf:2: Line references path below legacy directory /var/run/, updating /var/run/radiusd → /run/radiusd; please update the tmpfiles.d/ drop-in file accordingly.
May 12 16:07:22 systemd-tmpfiles[30581]: /etc/tmpfiles.d/openvpn.conf:1: Line references path below legacy directory /var/run/, updating /var/run/openvpn → /run/openvpn; please update the tmpfiles.d/ drop-in file accordingly.
May 12 16:07:22 systemd[1]: Starting Cleanup of Temporary Directories...
May 12 02:00:01 systemd-networkd[14081]: eth0: Gained carrier
May 12 02:00:01 kernel: fec 2188000.ethernet eth0: Link is Up - 100Mbps/Full - flow control rx/tx
May 12 01:59:58 systemd-networkd[14081]: eth0: Lost carrier
May 12 01:59:58 kernel: fec 2188000.ethernet eth0: Link is Down
May 12 01:59:35 systemd-networkd[14081]: eth0: Gained carrier
May 12 01:59:35 kernel: fec 2188000.ethernet eth0: Link is Up - 100Mbps/Full - flow control rx/tx
May 12 01:59:32 kernel: fec 2188000.ethernet eth0: Link is Down
May 12 01:59:32 systemd-networkd[14081]: eth0: Lost carrier
May 12 01:59:23 systemd-networkd[14081]: eth0: Gained carrier
May 12 01:59:23 kernel: fec 2188000.ethernet eth0: Link is Up - 100Mbps/Full - flow control rx/tx
May 12 01:59:18 kernel: fec 2188000.ethernet eth0: Link is Down
May 12 01:59:18 systemd-networkd[14081]: eth0: Lost carrier
May 12 00:00:00 systemd[1]: Started Rotate log files.
May 12 00:00:00 systemd[1]: logrotate.service: Succeeded.
May 12 00:00:00 systemd[1]: Starting Rotate log files...
May 11 16:07:21 systemd[1]: Started Cleanup of Temporary Directories.
May 11 16:07:21 systemd[1]: systemd-tmpfiles-clean.service: Succeeded.
May 11 16:07:21 systemd-tmpfiles[4847]: /etc/tmpfiles.d/radiusd.conf:2: Line references path below legacy directory /var/run/, updating /var/run/radiusd → /run/radiusd; please update the tmpfiles.d/ drop-in file accordingly.
May 11 16:07:21 systemd-tmpfiles[4847]: /etc/tmpfiles.d/openvpn.conf:1: Line references path below legacy directory /var/run/, updating /var/run/openvpn → /run/openvpn; please update the tmpfiles.d/ drop-in file accordingly.
May 11 16:07:21 systemd[1]: Starting Cleanup of Temporary Directories...
May 11 00:00:02 systemd[1]: Started Rotate log files.
May 11 00:00:02 systemd[1]: logrotate.service: Succeeded.
May 11 00:00:00 systemd[1]: Starting Rotate log files...
May 10 16:07:21 systemd[1]: Started Cleanup of Temporary Directories.
May 10 16:07:21 systemd[1]: systemd-tmpfiles-clean.service: Succeeded.
May 10 16:07:21 systemd-tmpfiles[11477]: /etc/tmpfiles.d/radiusd.conf:2: Line references path below legacy directory /var/run/, updating /var/run/radiusd → /run/radiusd; please update the tmpfiles.d/ drop-in file accordingly.
May 10 16:07:21 systemd-tmpfiles[11477]: /etc/tmpfiles.d/openvpn.conf:1: Line references path below legacy directory /var/run/, updating /var/run/openvpn → /run/openvpn; please update the tmpfiles.d/ drop-in file accordingly.
May 10 16:07:21 systemd[1]: Starting Cleanup of Temporary Directories...
May 10 00:10:03 rsyslogd[278]: [origin software="rsyslogd" swVersion="8.2002.0" x-pid="278" x-info="https://www.rsyslog.com"] rsyslogd was HUPed
May 10 00:00:03 systemd[1]: Started Rotate log files.
May 10 00:00:03 systemd[1]: logrotate.service: Succeeded.
May 10 00:00:00 systemd[1]: Starting Rotate log files...
May 09 16:07:21 systemd[1]: Started Cleanup of Temporary Directories.
May 09 16:07:21 systemd[1]: systemd-tmpfiles-clean.service: Succeeded.
May 09 16:07:21 systemd-tmpfiles[18170]: /etc/tmpfiles.d/radiusd.conf:2: Line references path below legacy directory /var/run/, updating /var/run/radiusd → /run/radiusd; please update the tmpfiles.d/ drop-in file accordingly.
May 09 16:07:21 systemd-tmpfiles[18170]: /etc/tmpfiles.d/openvpn.conf:1: Line references path below legacy directory /var/run/, updating /var/run/openvpn → /run/openvpn; please update the tmpfiles.d/ drop-in file accordingly.
May 09 16:07:21 systemd[1]: Starting Cleanup of Temporary Directories...
May 09 00:00:02 systemd[1]: Started Rotate log files.
May 09 00:00:02 systemd[1]: logrotate.service: Succeeded.
May 09 00:00:00 systemd[1]: Starting Rotate log files...
May 08 16:07:20 systemd[1]: Started Cleanup of Temporary Directories.
May 08 16:07:20 systemd[1]: systemd-tmpfiles-clean.service: Succeeded.
May 08 16:07:20 systemd-tmpfiles[24785]: /etc/tmpfiles.d/radiusd.conf:2: Line references path below legacy directory /var/run/, updating /var/run/radiusd → /run/radiusd; please update the tmpfiles.d/ drop-in file accordingly.
May 08 16:07:20 systemd-tmpfiles[24785]: /etc/tmpfiles.d/openvpn.conf:1: Line references path below legacy directory /var/run/, updating /var/run/openvpn → /run/openvpn; please update the tmpfiles.d/ drop-in file accordingly.
May 08 16:07:20 systemd[1]: Starting Cleanup of Temporary Directories...
May 08 11:01:21 systemd-networkd[14081]: eth0: Gained carrier
May 08 11:01:21 kernel: fec 2188000.ethernet eth0: Link is Up - 100Mbps/Full - flow control rx/tx
May 08 11:01:18 kernel: fec 2188000.ethernet eth0: Link is Down
May 08 11:01:18 systemd-networkd[14081]: eth0: Lost carrier
May 08 11:00:56 systemd-networkd[14081]: eth0: Gained carrier
May 08 11:00:56 kernel: fec 2188000.ethernet eth0: Link is Up - 100Mbps/Full - flow control rx/tx
May 08 11:00:53 kernel: fec 2188000.ethernet eth0: Link is Down
May 08 11:00:53 systemd-networkd[14081]: eth0: Lost carrier
May 08 11:00:45 systemd-networkd[14081]: eth0: Gained carrier
May 08 11:00:45 kernel: fec 2188000.ethernet eth0: Link is Up - 100Mbps/Full - flow control rx/tx
May 08 11:00:40 kernel: fec 2188000.ethernet eth0: Link is Down
May 08 11:00:40 systemd-networkd[14081]: eth0: Lost carrier
May 08 00:00:03 app[391]: Failed to open file temp_3.csv
May 08 00:00:03 app[391]: Failed to open file temp_1.csv
May 08 00:00:01 app[391]: Failed to open file Bat_Temp.csv
May 08 00:00:01 app[391]: Failed to open file Bat_Volt.csv
May 08 00:00:00 systemd[1]: Started Rotate log files.
May 08 00:00:00 systemd[1]: logrotate.service: Succeeded.
May 08 00:00:00 systemd[1]: Starting Rotate log files...
May 07 16:07:20 systemd[1]: Started Cleanup of Temporary Directories.
May 07 16:07:20 systemd[1]: systemd-tmpfiles-clean.service: Succeeded.
May 07 16:07:20 systemd-tmpfiles[31172]: /etc/tmpfiles.d/radiusd.conf:2: Line references path below legacy directory /var/run/, updating /var/run/radiusd → /run/radiusd; please update the tmpfiles.d/ drop-in file accordingly.
May 07 16:07:20 systemd-tmpfiles[31172]: /etc/tmpfiles.d/openvpn.conf:1: Line references path below legacy directory /var/run/, updating /var/run/openvpn → /run/openvpn; please update the tmpfiles.d/ drop-in file accordingly.
May 07 16:07:20 systemd[1]: Starting Cleanup of Temporary Directories...
May 07 00:00:08 app[391]: Failed to open file temp_3.csv
May 07 00:00:08 app[391]: Failed to open file temp_2.csv
May 07 00:00:07 app[391]: Failed to open file temp_1.csv
May 07 00:00:07 app[391]: Failed to open file Volt2_6.csv
May 07 00:00:07 app[391]: Failed to open file Volt2_5.csv
May 07 00:00:07 app[391]: Failed to open file Volt2_4.csv
May 07 00:00:06 app[391]: Failed to open file Volt2_3.csv
May 07 00:00:06 app[391]: Failed to open file Volt2_2.csv
May 07 00:00:05 systemd[1]: Started Rotate log files.
May 07 00:00:05 systemd[1]: logrotate.service: Succeeded.
May 07 00:00:05 app[391]: Failed to open file Volt2_1.csv
May 07 00:00:05 app[391]: Failed to open file Volt1_6.csv
May 07 00:00:04 app[391]: Failed to open file Volt1_5.csv
May 07 00:00:04 app[391]: Failed to open file Volt1_4.csv
May 07 00:00:04 app[391]: Failed to open file Volt1_3.csv
May 07 00:00:03 app[391]: Failed to open file Volt1_2.csv
May 07 00:00:03 app[391]: Failed to open file Volt1_1.csv
May 07 00:00:03 app[391]: Failed to open file Conv_Cur.csv
May 07 00:00:02 app[391]: Failed to open file rectGr3.csv
May 07 00:00:02 app[391]: Failed to open file rectGr2.csv
May 07 00:00:02 app[391]: Failed to open file rectGr1.csv
May 07 00:00:02 app[391]: Failed to open file Bat_Temp.csv
May 07 00:00:01 app[391]: Failed to open file Bat_Volt.csv
May 07 00:00:01 app[391]: Failed to open file Bat_Cur.csv
May 07 00:00:00 app[391]: Failed to open file Chrg_Cur.csv
May 07 00:00:00 systemd[1]: Starting Rotate log files...
May 07 00:00:00 app[391]: Failed to open file Plnt_Cur.csv
May 06 16:58:30 systemd-networkd[14081]: eth1: Lost carrier
May 06 16:58:30 kernel: fec 20b4000.ethernet eth1: Link is Down
May 06 16:43:31 SP2[15517]: error: couldn't find modem at '/org/freedesktop/ModemManager1/Modem/0'
May 06 16:43:31 SP2[15500]: error: couldn't find modem at '/org/freedesktop/ModemManager1/Modem/0'
May 06 16:43:27 SP2[15480]: error: couldn't find modem at '/org/freedesktop/ModemManager1/Modem/0'
May 06 16:43:27 SP2[15463]: error: couldn't find modem at '/org/freedesktop/ModemManager1/Modem/0'
May 06 16:43:12 SP2[15382]: error: couldn't find modem at '/org/freedesktop/ModemManager1/Modem/0'
May 06 16:43:12 SP2[15375]: error: couldn't find modem at '/org/freedesktop/ModemManager1/Modem/0'
May 06 16:39:03 rsyslogd[278]: [origin software="rsyslogd" swVersion="8.2002.0" x-pid="278" x-info="https://www.rsyslog.com"] rsyslogd was HUPed
May 06 16:38:57 systemd-networkd[14081]: eth1: IPv6 successfully enabled
May 06 16:38:57 polkitd[463]: Unregistered Authentication Agent for unix-process:14065:279644 (system bus name :1.27, object path /org/freedesktop/PolicyKit1/AuthenticationAgent, locale C) (disconnected from bus)
May 06 16:38:57 systemd-networkd[14081]: eth0: IPv6 successfully enabled
May 06 16:38:57 systemd-networkd[14081]: pan: IPv6 successfully enabled
May 06 16:38:57 systemd-networkd[14081]: pan: netdev exists, using existing without changing its parameters
May 06 16:38:57 systemd[1]: Started Network Service.
May 06 16:38:57 systemd-networkd[14081]: Enumeration completed
May 06 16:38:57 systemd-networkd[14081]: eth1: Gained IPv6LL
May 06 16:38:57 systemd-networkd[14081]: eth0: Gained IPv6LL
May 06 16:38:57 systemd-networkd[14081]: pan: netdev ready
May 06 16:38:57 systemd-networkd[14081]: /etc/systemd/network/pan.netdev:4: Unknown key name 'ForwardDelaySec' in section 'NetDev', ignoring.
May 06 16:38:56 systemd[1]: Starting Network Service...
May 06 16:38:56 systemd[1]: Stopped Network Service.
May 06 16:38:56 systemd[1]: systemd-networkd.service: Succeeded.
May 06 16:38:56 systemd[1]: Stopping Network Service...
May 06 16:38:56 polkitd[463]: Registered Authentication Agent for unix-process:14065:279644 (system bus name :1.27 [/usr/bin/pkttyagent --notify-fd 12 --fallback], object path /org/freedesktop/PolicyKit1/AuthenticationAgent, locale C)
May 06 16:38:51 SP2[14039]: error: couldn't find modem at '/org/freedesktop/ModemManager1/Modem/0'
May 06 16:38:51 SP2[14032]: error: couldn't find modem at '/org/freedesktop/ModemManager1/Modem/0'
May 06 16:38:49 SP2[14012]: error: couldn't find modem at '/org/freedesktop/ModemManager1/Modem/0'
May 06 16:38:49 SP2[14005]: error: couldn't find modem at '/org/freedesktop/ModemManager1/Modem/0'
May 06 16:38:48 SP2[391]: creating /etc/systemd/network/eth2.network.
May 06 16:38:48 SP2[391]: creating /etc/systemd/network/wwan0.network.
May 06 16:38:48 SP2[391]: creating /etc/systemd/network/wlan0.network.
May 06 16:38:48 SP2[391]: creating /etc/systemd/network/eth1.network.
May 06 16:38:48 SP2[391]: creating /etc/systemd/network/eth0.network.
May 06 16:38:48 SP2[391]: creating /etc/systemd/network/eth2.network.
May 06 16:38:48 SP2[391]: creating /etc/systemd/network/wwan0.network.
May 06 16:38:48 SP2[391]: creating /etc/systemd/network/wlan0.network.
May 06 16:38:48 SP2[391]: creating /etc/systemd/network/eth1.network.
May 06 16:38:48 SP2[391]: creating /etc/systemd/network/eth0.network.
May 06 16:38:48 SP2[391]: creating /etc/systemd/network/eth2.network.
May 06 16:38:48 SP2[391]: creating /etc/systemd/network/wwan0.network.
May 06 16:38:48 SP2[391]: creating /etc/systemd/network/wlan0.network.
May 06 16:38:48 SP2[391]: creating /etc/systemd/network/eth1.network.
May 06 16:38:48 SP2[391]: creating /etc/systemd/network/eth0.network.
May 06 16:37:57 SP2[13748]: error: couldn't find modem at '/org/freedesktop/ModemManager1/Modem/0'
May 06 16:37:57 SP2[13731]: error: couldn't find modem at '/org/freedesktop/ModemManager1/Modem/0'
May 06 16:37:11 app[391]: CAN communication error, no response received for following request: 0.7.254.3.255.1.8 from source: 1
May 06 16:37:08 app[391]: CAN communication error, no response received for following request: 0.7.254.2.255.1.8 from source: 1
May 06 16:36:23 app[391]: CAN communication error, no response received for following request: 0.5.254.1.255.1.10 from source: 1
May 06 16:34:18 app[391]: CAN communication error, no response received for following request: 0.5.254.1.255.1.10 from source: 1
May 06 16:33:47 app[391]: CAN communication error, no response received for following request: 0.5.254.1.255.1.10 from source: 1
May 06 16:33:39 app[391]: CAN communication error, no response received for following request: 0.6.82.6.1.73.4 from source: 1
May 06 16:33:35 app[391]: CAN communication error, no response received for following request: 0.6.1.6.1.73.4 from source: 1
May 06 16:33:32 app[391]: CAN communication error, no response received for following request: 0.5.254.1.255.1.10 from source: 1
May 06 16:30:58 SP2[11667]: pam_unix(chpasswd:chauthtok): password changed for antosc
May 06 16:30:57 usermod[11662]: change user 'antosc' shell from '/bin/sh' to '/bin/false'
May 06 16:30:57 usermod[11657]: add 'antosc' to shadow group 'sftponly'
May 06 16:30:57 usermod[11657]: add 'antosc' to shadow group 'status'
May 06 16:30:57 usermod[11657]: add 'antosc' to shadow group 'control'
May 06 16:30:57 usermod[11657]: add 'antosc' to group 'sftponly'
May 06 16:30:57 usermod[11657]: add 'antosc' to group 'status'
May 06 16:30:57 usermod[11657]: add 'antosc' to group 'control'
May 06 16:30:57 useradd[11652]: new user: name=antosc, UID=1005, GID=1000, home=/home/antosc, shell=/bin/sh, from=/dev/ttymxc0
May 06 16:30:57 SP2[11650]: groupadd: group 'sftponly' already exists
May 06 16:30:57 SP2[11649]: groupadd: group 'status' already exists
May 06 16:30:57 SP2[11648]: groupadd: group 'control' already exists
May 06 16:30:57 SP2[11647]: groupadd: group 'admin' already exists
May 06 16:29:44 SP2[11289]: pam_unix(chpasswd:chauthtok): password changed for mcs
May 06 16:29:44 usermod[11284]: change user 'mcs' shell from '/bin/sh' to '/bin/false'
May 06 16:29:44 usermod[11279]: add 'mcs' to shadow group 'sftponly'
May 06 16:29:44 usermod[11279]: add 'mcs' to shadow group 'status'
May 06 16:29:44 usermod[11279]: add 'mcs' to shadow group 'control'
May 06 16:29:44 usermod[11279]: add 'mcs' to group 'sftponly'
May 06 16:29:44 usermod[11279]: add 'mcs' to group 'status'
May 06 16:29:44 usermod[11279]: add 'mcs' to group 'control'
May 06 16:29:43 useradd[11274]: new user: name=mcs, UID=1004, GID=1000, home=/home/mcs, shell=/bin/sh, from=/dev/ttymxc0
May 06 16:29:43 SP2[11272]: groupadd: group 'sftponly' already exists
May 06 16:29:43 SP2[11271]: groupadd: group 'status' already exists
May 06 16:29:43 SP2[11270]: groupadd: group 'control' already exists
May 06 16:29:43 SP2[11269]: groupadd: group 'admin' already exists
May 06 16:29:30 systemd[1]: systemd-timedated.service: Succeeded.
May 06 16:29:24 crond[273]: time disparity of 2958069 minutes detected
May 06 16:29:03 systemd[1]: Started Rotate log files.
May 06 16:29:03 systemd[1]: logrotate.service: Succeeded.
May 06 16:29:00 systemd[1]: Starting Rotate log files...
May 06 16:29:00 polkitd[463]: Unregistered Authentication Agent for unix-process:11047:220006 (system bus name :1.19, object path /org/freedesktop/PolicyKit1/AuthenticationAgent, locale C) (disconnected from bus)
May 06 16:29:00 systemd-timedated[11035]: Changed local time to Wed May  6 16:29:00 2026
Sep 20 16:29:00 polkitd[463]: Registered Authentication Agent for unix-process:11047:220006 (system bus name :1.19 [/usr/bin/pkttyagent --notify-fd 13 --fallback], object path /org/freedesktop/PolicyKit1/AuthenticationAgent, locale C)
Sep 20 16:29:00 polkitd[463]: Unregistered Authentication Agent for unix-process:11030:219864 (system bus name :1.16, object path /org/freedesktop/PolicyKit1/AuthenticationAgent, locale C) (disconnected from bus)
Sep 20 16:29:00 systemd-timedated[11035]: Changed local time to Sun Sep 20 16:29:00 2020
Sep 20 11:20:35 systemd[1]: Started Time & Date Service.
Sep 20 11:20:35 dbus-daemon[274]: [system] Successfully activated service 'org.freedesktop.timedate1'
Sep 20 11:20:35 systemd[11035]: systemd-timedated.service: ProtectHostname=yes is configured, but the kernel does not support UTS namespaces, ignoring namespace setup.
Sep 20 11:20:35 systemd[1]: Starting Time & Date Service...
Sep 20 11:20:34 dbus-daemon[274]: [system] Activating via systemd: service name='org.freedesktop.timedate1' unit='dbus-org.freedesktop.timedate1.service' requested by ':1.17' (uid=990 pid=11030 comm="timedatectl set-time 16:29:0 ")
Sep 20 11:20:34 polkitd[463]: Registered Authentication Agent for unix-process:11030:219864 (system bus name :1.16 [/usr/bin/pkttyagent --notify-fd 13 --fallback], object path /org/freedesktop/PolicyKit1/AuthenticationAgent, locale C)
Sep 20 11:20:20 app[391]: Security_ReadValue(Log_on) -- WEB LOGIN, SId: 8afbe93abcd6b7b8df00544e2a0c1968dcc950e318a2e6f8938b3cd9fdb7b0de, Account: 0, noOfUsers: 1, idleTimeout: 5
Sep 20 11:18:56 systemd-networkd[291]: eth0: Gained carrier
Sep 20 11:18:56 kernel: fec 2188000.ethernet eth0: Link is Up - 100Mbps/Full - flow control rx/tx
Sep 20 11:18:53 systemd-networkd[291]: eth1: Gained carrier
Sep 20 11:18:53 kernel: fec 20b4000.ethernet eth1: Link is Up - 100Mbps/Full - flow control rx/tx
Sep 20 11:18:47 kernel: fec 2188000.ethernet eth0: Link is Down
Sep 20 11:18:47 systemd-networkd[291]: eth0: Lost carrier
Sep 20 11:17:22 systemd-networkd[291]: eth0: Gained carrier
Sep 20 11:17:22 kernel: fec 2188000.ethernet eth0: Link is Up - 100Mbps/Full - flow control rx/tx
Sep 20 11:17:21 kernel: fec 2188000.ethernet eth0: Link is Down
Sep 20 11:17:21 systemd-networkd[291]: eth0: Lost carrier
Sep 20 11:17:20 systemd-networkd[291]: eth0: Gained carrier
Sep 20 11:17:20 kernel: fec 2188000.ethernet eth0: Link is Up - 100Mbps/Full - flow control rx/tx
Sep 20 11:17:12 kernel: fec 2188000.ethernet eth0: Link is Down
Sep 20 11:17:12 systemd-networkd[291]: eth0: Lost carrier
Sep 20 11:14:15 systemd-networkd[291]: eth0: Gained carrier
Sep 20 11:14:15 kernel: fec 2188000.ethernet eth0: Link is Up - 100Mbps/Full - flow control rx/tx
Sep 20 11:14:09 kernel: fec 2188000.ethernet eth0: Link is Down
Sep 20 11:14:09 systemd-networkd[291]: eth0: Lost carrier
Sep 20 11:14:06 kernel: fec 20b4000.ethernet eth1: Link is Down
Sep 20 11:14:06 systemd-networkd[291]: eth1: Lost carrier
Sep 20 11:08:35 systemd-networkd[291]: eth1: Gained carrier
Sep 20 11:08:35 kernel: fec 20b4000.ethernet eth1: Link is Up - 100Mbps/Full - flow control rx/tx
Sep 20 11:08:24 kernel: fec 20b4000.ethernet eth1: Link is Down
Sep 20 11:08:24 systemd-networkd[291]: eth1: Lost carrier
Sep 20 11:07:59 systemd-networkd[291]: eth1: Gained carrier
Sep 20 11:07:59 kernel: fec 20b4000.ethernet eth1: Link is Up - 100Mbps/Full - flow control rx/tx
Sep 20 11:07:48 kernel: fec 20b4000.ethernet eth1: Link is Down
Sep 20 11:07:48 systemd-networkd[291]: eth1: Lost carrier
Sep 20 11:06:59 systemd-networkd[291]: eth1: Gained carrier
Sep 20 11:06:59 kernel: fec 20b4000.ethernet eth1: Link is Up - 100Mbps/Full - flow control rx/tx
Sep 20 11:06:57 kernel: fec 20b4000.ethernet eth1: Link is Down
Sep 20 11:06:57 systemd-networkd[291]: eth1: Lost carrier
Sep 20 11:06:56 systemd-networkd[291]: eth1: Gained carrier
Sep 20 11:06:56 kernel: fec 20b4000.ethernet eth1: Link is Up - 100Mbps/Full - flow control rx/tx
Sep 20 11:06:50 systemd-networkd[291]: eth1: Lost carrier
Sep 20 11:06:50 kernel: fec 20b4000.ethernet eth1: Link is Down
Sep 20 11:06:39 systemd-networkd[291]: eth1: Gained carrier
Sep 20 11:06:39 kernel: fec 20b4000.ethernet eth1: Link is Up - 100Mbps/Full - flow control rx/tx
Sep 20 11:06:37 kernel: fec 20b4000.ethernet eth1: Link is Down
Sep 20 11:06:37 systemd-networkd[291]: eth1: Lost carrier
Sep 20 11:05:27 systemd-networkd[291]: eth1: Gained carrier
Sep 20 11:05:27 kernel: fec 20b4000.ethernet eth1: Link is Up - 100Mbps/Full - flow control rx/tx
Sep 20 11:05:26 kernel: fec 20b4000.ethernet eth1: Link is Down
Sep 20 11:05:26 systemd-networkd[291]: eth1: Lost carrier
Sep 20 11:05:25 systemd-networkd[291]: eth1: Gained carrier
Sep 20 11:05:25 kernel: fec 20b4000.ethernet eth1: Link is Up - 100Mbps/Full - flow control rx/tx
Sep 20 11:05:21 systemd-networkd[291]: eth1: Lost carrier
Sep 20 11:05:21 kernel: fec 20b4000.ethernet eth1: Link is Down
Sep 20 11:05:18 systemd-networkd[291]: eth1: Gained IPv6LL
Sep 20 11:05:16 systemd-networkd[291]: eth1: Gained carrier
Sep 20 11:05:16 kernel: IPv6: ADDRCONF(NETDEV_CHANGE): eth1: link becomes ready
Sep 20 11:05:16 kernel: fec 20b4000.ethernet eth1: Link is Up - 100Mbps/Full - flow control rx/tx
Sep 20 11:01:41 systemd-networkd[291]: eth0: Gained carrier
Sep 20 11:01:41 kernel: fec 2188000.ethernet eth0: Link is Up - 100Mbps/Full - flow control rx/tx
Sep 20 11:01:37 kernel: fec 2188000.ethernet eth0: Link is Down
Sep 20 11:01:37 systemd-networkd[291]: eth0: Lost carrier
Sep 20 11:01:16 systemd-networkd[291]: eth0: Gained carrier
Sep 20 11:01:16 kernel: fec 2188000.ethernet eth0: Link is Up - 100Mbps/Full - flow control rx/tx
Sep 20 11:01:12 kernel: fec 2188000.ethernet eth0: Link is Down
Sep 20 11:01:12 systemd-networkd[291]: eth0: Lost carrier
Sep 20 11:01:03 systemd-networkd[291]: eth0: Gained carrier
Sep 20 11:01:03 kernel: fec 2188000.ethernet eth0: Link is Up - 100Mbps/Full - flow control rx/tx
Sep 20 11:00:56 systemd-networkd[291]: eth0: Lost carrier
Sep 20 11:00:56 kernel: fec 2188000.ethernet eth0: Link is Down
Sep 20 10:58:56 systemd[1]: Started Cleanup of Temporary Directories.
Sep 20 10:58:56 systemd[1]: systemd-tmpfiles-clean.service: Succeeded.
Sep 20 10:58:56 systemd-tmpfiles[4804]: /etc/tmpfiles.d/radiusd.conf:2: Line references path below legacy directory /var/run/, updating /var/run/radiusd → /run/radiusd; please update the tmpfiles.d/ drop-in file accordingly.
Sep 20 10:58:56 systemd-tmpfiles[4804]: /etc/tmpfiles.d/openvpn.conf:1: Line references path below legacy directory /var/run/, updating /var/run/openvpn → /run/openvpn; please update the tmpfiles.d/ drop-in file accordingly.
Sep 20 10:58:56 systemd[1]: Starting Cleanup of Temporary Directories...
Sep 20 10:44:51 systemd[1]: systemd-timedated.service: Succeeded.
Sep 20 10:44:45 spwebview[393]: Reload  http://localhost/index.html
Sep 20 10:44:41 node[392]: https - listening to :: port 443 with forward security
Sep 20 10:44:41 node[392]: http - listening to :: port 80
Sep 20 10:44:40 spwebview[393]: LoadFailed -http://localhost/index.html
Sep 20 10:44:40 spwebview[393]: Reload  http://localhost/index.html
Sep 20 10:44:34 spwebview[393]: LoadFailed -http://localhost/index.html
Sep 20 10:44:31 polkitd[463]: Unregistered Authentication Agent for unix-process:644:3428 (system bus name :1.14, object path /org/freedesktop/PolicyKit1/AuthenticationAgent, locale C) (disconnected from bus)
Sep 20 10:44:31 systemd[1]: /lib/systemd/system/openvpn@.service:8: PIDFile= references a path below legacy directory /var/run/, updating /var/run/openvpn/client.pid → /run/openvpn/client.pid; please update the unit file accordingly.
Sep 20 10:44:31 systemd[1]: /lib/systemd/system/openvpn@.service:8: PIDFile= references a path below legacy directory /var/run/, updating /var/run/openvpn/client.pid → /run/openvpn/client.pid; please update the unit file accordingly.
Sep 20 10:44:31 systemd[1]: /lib/systemd/system/openvpn@.service:8: PIDFile= references a path below legacy directory /var/run/, updating /var/run/openvpn/client.pid → /run/openvpn/client.pid; please update the unit file accordingly.
Sep 20 10:44:31 systemd[1]: /lib/systemd/system/openvpn@.service:8: PIDFile= references a path below legacy directory /var/run/, updating /var/run/openvpn/client.pid → /run/openvpn/client.pid; please update the unit file accordingly.
Sep 20 10:44:30 systemd[1]: /lib/systemd/system/openvpn@.service:8: PIDFile= references a path below legacy directory /var/run/, updating /var/run/openvpn/client.pid → /run/openvpn/client.pid; please update the unit file accordingly.
Sep 20 10:44:30 polkitd[463]: Registered Authentication Agent for unix-process:644:3428 (system bus name :1.14 [/usr/bin/pkttyagent --notify-fd 12 --fallback], object path /org/freedesktop/PolicyKit1/AuthenticationAgent, locale C)
Sep 20 10:44:28 systemd-networkd[291]: eth0: Gained IPv6LL
Sep 20 10:44:27 systemd-networkd[291]: eth0: Gained carrier
Sep 20 10:44:27 kernel: IPv6: ADDRCONF(NETDEV_CHANGE): eth0: link becomes ready
Sep 20 10:44:27 kernel: fec 2188000.ethernet eth0: Link is Up - 100Mbps/Full - flow control rx/tx
Sep 20 10:44:26 polkitd[463]: Unregistered Authentication Agent for unix-process:529:2858 (system bus name :1.9, object path /org/freedesktop/PolicyKit1/AuthenticationAgent, locale C) (disconnected from bus)
Sep 20 10:44:26 systemd[1]: Started SocketCAN interface can0 with a baudrate of 125000.
Sep 20 10:44:26 systemd-networkd[291]: can0: Gained carrier
Sep 20 10:44:26 systemd-networkd[291]: can0: Link UP
Sep 20 10:44:25 systemd[1]: Starting SocketCAN interface can0 with a baudrate of 125000...
Sep 20 10:44:25 systemd[1]: Stopped SocketCAN interface can0 with a baudrate of 125000.
Sep 20 10:44:25 systemd[1]: can0.service: Succeeded.
Sep 20 10:44:25 systemd-networkd[291]: can0: Lost carrier
Sep 20 10:44:25 systemd-networkd[291]: can0: Link DOWN
Sep 20 10:44:25 systemd[1]: Stopping SocketCAN interface can0 with a baudrate of 125000...
Sep 20 10:44:25 polkitd[463]: Registered Authentication Agent for unix-process:529:2858 (system bus name :1.9 [/usr/bin/pkttyagent --notify-fd 8 --fallback], object path /org/freedesktop/PolicyKit1/AuthenticationAgent, locale C)
Sep 20 10:44:25 WebKitWebProces[490]: Couldn't register with accessibility bus: Did not receive a reply. Possible causes include: the remote application did not send a reply, the message bus security policy blocked the reply, the reply timeout expired, or the network connection was broken.
Sep 20 10:44:24 WebKitWebProces[488]: Couldn't register with accessibility bus: Did not receive a reply. Possible causes include: the remote application did not send a reply, the message bus security policy blocked the reply, the reply timeout expired, or the network connection was broken.
Sep 20 10:44:24 app[391]: SerialPort - FLUSHING: 2
Sep 20 10:44:23 SP2[391]: Log output to stdout 0
Sep 20 10:44:23 SP2[391]: Verbose output level 0
Sep 20 10:44:21 systemd-timedated[451]: Set NTP to disabled.
Sep 20 10:44:20 polkitd[463]: Acquired the name org.freedesktop.PolicyKit1 on the system bus
Sep 20 10:44:20 kernel: input: uinput-keyboard as /devices/virtual/input/input2
Sep 20 10:44:20 systemd[1]: Started Authorization Manager.
Sep 20 10:44:20 dbus-daemon[274]: [system] Successfully activated service 'org.freedesktop.PolicyKit1'
Sep 20 10:44:20 polkitd[463]: Finished loading, compiling and executing 4 rules
Sep 20 10:44:20 polkitd[463]: Loading rules from directory /usr/share/polkit-1/rules.d
Sep 20 10:44:20 polkitd[463]: Loading rules from directory /etc/polkit-1/rules.d
Sep 20 10:44:19 polkitd[463]: Started polkitd version 0.116
Sep 20 10:44:18 systemd[1]: Starting Authorization Manager...
Sep 20 10:44:18 dbus-daemon[274]: [system] Activating via systemd: service name='org.freedesktop.PolicyKit1' unit='polkit.service' requested by ':1.7' (uid=0 pid=451 comm="/lib/systemd/systemd-timedated ")
Sep 20 10:44:18 systemd[1]: Started Time & Date Service.
Sep 20 10:44:18 spwebview[393]: Couldn't register with accessibility bus: Did not receive a reply. Possible causes include: the remote application did not send a reply, the message bus security policy blocked the reply, the reply timeout expired, or the network connection was broken.
Sep 20 10:44:18 dbus-daemon[274]: [system] Successfully activated service 'org.freedesktop.timedate1'
Sep 20 10:44:18 systemd[451]: systemd-timedated.service: ProtectHostname=yes is configured, but the kernel does not support UTS namespaces, ignoring namespace setup.
Sep 20 10:44:17 systemd[1]: Starting Time & Date Service...
Sep 20 10:44:16 dbus-daemon[274]: [system] Activating via systemd: service name='org.freedesktop.timedate1' unit='dbus-org.freedesktop.timedate1.service' requested by ':1.6' (uid=990 pid=450 comm="timedatectl set-ntp false ")
Sep 20 10:44:15 systemd-networkd[291]: can1: Gained carrier
Sep 20 10:44:15 kernel: IPv6: ADDRCONF(NETDEV_CHANGE): can1: link becomes ready
Sep 20 10:44:14 systemd[1]: Started Update UTMP about System Runlevel Changes.
Sep 20 10:44:14 systemd[1]: systemd-update-utmp-runlevel.service: Succeeded.
Sep 20 10:44:14 systemd[1]: Started SocketCAN interface can1 with a baudrate of 125000.
Sep 20 10:44:14 systemd[1]: Started SocketCAN interface can0 with a baudrate of 125000.
Sep 20 10:44:14 SP2[408]: groupadd: group 'sftponly' already exists
Sep 20 10:44:14 systemd-networkd[291]: can1: Link UP
Sep 20 10:44:14 systemd-networkd[291]: can0: Gained carrier
Sep 20 10:44:14 kernel: IPv6: ADDRCONF(NETDEV_CHANGE): can0: link becomes ready
Sep 20 10:44:14 systemd-networkd[291]: can0: Link UP
Sep 20 10:44:14 SP2[400]: groupadd: group 'status' already exists
Sep 20 10:44:14 SP2[398]: groupadd: group 'control' already exists
Sep 20 10:44:14 systemd[1]: Starting Update UTMP about System Runlevel Changes...
Sep 20 10:44:14 systemd[1]: Starting Run various setup command for sp2t...
Sep 20 10:44:14 SP2[395]: groupadd: group 'admin' already exists
Sep 20 10:44:14 systemd[1]: Starting SocketCAN interface can1 with a baudrate of 125000...
Sep 20 10:44:13 app[391]: /opt/sp2/bin/sp2/SP2, 405036.009, Ver:2.12 - started by User 990
Sep 20 10:44:13 systemd[1]: Starting SocketCAN interface can0 with a baudrate of 125000...
Sep 20 10:44:13 systemd[1]: Reached target Graphical Interface.
Sep 20 10:44:13 systemd[1]: Reached target Multi-User System.
Sep 20 10:44:13 systemd[1]: Started ELTEK power system controller webviewer.
Sep 20 10:44:13 systemd[1]: Started ELTEK power system controller webserver (watchdog).
Sep 20 10:44:13 ModemManager[271]: <info>  Couldn't check support for device '/sys/devices/soc0/soc/2100000.aips-bus/2188000.ethernet': not supported by any plugin
Sep 20 10:44:13 systemd[1]: Started ELTEK power system controller SP2 Touch.
Sep 20 10:44:13 ModemManager[271]: <info>  Couldn't check support for device '/sys/devices/soc0/soc/2000000.aips-bus/20b4000.ethernet': not supported by any plugin
Sep 20 10:44:13 ModemManager[271]: <info>  Couldn't check support for device '/sys/devices/soc0/soc/2000000.aips-bus/2094000.flexcan': not supported by any plugin
Sep 20 10:44:13 ModemManager[271]: <info>  Couldn't check support for device '/sys/devices/soc0/soc/2000000.aips-bus/2090000.flexcan': not supported by any plugin
Sep 20 10:44:13 systemd[1]: Started ELTEK set capabilities.
Sep 20 10:44:13 systemd[1]: setcap.service: Succeeded.
Sep 20 10:44:13 setcap.sh[384]:  Note <filename> must be a regular (non-symlink) file.
Sep 20 10:44:13 setcap.sh[384]: usage: setcap [-q] [-v] [-n <rootid>] (-r|-|<caps>) <filename> [ ... (-r|-|<capsN>) <filenameN> ]
Sep 20 10:44:13 setcap.sh[384]: Failed to set capabilities on file `/usr/bin/sort.coreutils' (No such file or directory)
Sep 20 10:44:13 setcap.sh[383]:  Note <filename> must be a regular (non-symlink) file.
Sep 20 10:44:13 setcap.sh[383]: usage: setcap [-q] [-v] [-n <rootid>] (-r|-|<caps>) <filename> [ ... (-r|-|<capsN>) <filenameN> ]
Sep 20 10:44:13 setcap.sh[383]: Failed to set capabilities on file `/usr/bin/tail.coreutils' (No such file or directory)
Sep 20 10:44:13 setcap.sh[382]:  Note <filename> must be a regular (non-symlink) file.
Sep 20 10:44:13 setcap.sh[382]: usage: setcap [-q] [-v] [-n <rootid>] (-r|-|<caps>) <filename> [ ... (-r|-|<capsN>) <filenameN> ]
Sep 20 10:44:13 setcap.sh[382]: Failed to set capabilities on file `/bin/cat.coreutils' (No such file or directory)
Sep 20 10:44:13 setcap.sh[380]:  Note <filename> must be a regular (non-symlink) file.
Sep 20 10:44:13 setcap.sh[380]: usage: setcap [-q] [-v] [-n <rootid>] (-r|-|<caps>) <filename> [ ... (-r|-|<capsN>) <filenameN> ]
Sep 20 10:44:13 setcap.sh[380]: Failed to set capabilities on file `/bin/chgrp.coreutils' (No such file or directory)
Sep 20 10:44:13 setcap.sh[379]:  Note <filename> must be a regular (non-symlink) file.
Sep 20 10:44:13 setcap.sh[379]: usage: setcap [-q] [-v] [-n <rootid>] (-r|-|<caps>) <filename> [ ... (-r|-|<capsN>) <filenameN> ]
Sep 20 10:44:13 setcap.sh[379]: Failed to set capabilities on file `/bin/rm.coreutils' (No such file or directory)
Sep 20 10:44:13 setcap.sh[378]:  Note <filename> must be a regular (non-symlink) file.
Sep 20 10:44:13 setcap.sh[378]: usage: setcap [-q] [-v] [-n <rootid>] (-r|-|<caps>) <filename> [ ... (-r|-|<capsN>) <filenameN> ]
Sep 20 10:44:13 setcap.sh[378]: Failed to set capabilities on file `/bin/ls.coreutils' (No such file or directory)
Sep 20 10:44:13 setcap.sh[377]:  Note <filename> must be a regular (non-symlink) file.
Sep 20 10:44:13 setcap.sh[377]: usage: setcap [-q] [-v] [-n <rootid>] (-r|-|<caps>) <filename> [ ... (-r|-|<capsN>) <filenameN> ]
Sep 20 10:44:13 setcap.sh[377]: Failed to set capabilities on file `/bin/cp.coreutils' (No such file or directory)
Sep 20 10:44:13 setcap.sh[376]:  Note <filename> must be a regular (non-symlink) file.
Sep 20 10:44:13 setcap.sh[376]: usage: setcap [-q] [-v] [-n <rootid>] (-r|-|<caps>) <filename> [ ... (-r|-|<capsN>) <filenameN> ]
Sep 20 10:44:13 setcap.sh[376]: Failed to set capabilities on file `/bin/touch.coreutils' (No such file or directory)
Sep 20 10:44:13 spupdaterd[316]: Main,  looking for changes in /opt/sp2/swfw/ .....
Sep 20 10:44:13 spupdaterd[316]: scandir_Deletefiles, deleting unused installer artefacts:  /etc/.pwd.lock
Sep 20 10:44:13 spupdaterd[316]: config_LoadData, Config file /opt/sp2/etc/appname.config loaded successfully
Sep 20 10:44:12 Xserver[298]: matchbox: ignoring key shortcut XF86Start=!matchbox-remote -desktop
Sep 20 10:44:12 Xserver[298]: matchbox: Cant find a keycode for keysym 269025050
Sep 20 10:44:12 Xserver[298]: matchbox: ignoring key shortcut telephone=!$dates
Sep 20 10:44:12 Xserver[298]: matchbox: Cant find a keycode for keysym 2809
Sep 20 10:44:12 Xserver[298]: matchbox: ignoring key shortcut XF86Calendar=!$contacts
Sep 20 10:44:12 Xserver[298]: matchbox: Cant find a keycode for keysym 269025056
Sep 20 10:44:12 spupdaterd[316]: idserver_StartServer, eth1 Listener thread started
Sep 20 10:44:12 spupdaterd[316]: IdProt_StartUpListeningServers, eth1 is UP
Sep 20 10:44:12 spupdaterd[316]: idserver_StartServer, eth1 Listener thread started
Sep 20 10:44:12 spupdaterd[316]: IdProt_StartUpListeningServers, eth1 is UP
Sep 20 10:44:12 spupdaterd[316]: idserver_StartServer, eth0 Listener thread started
Sep 20 10:44:12 spupdaterd[316]: IdProt_StartUpListeningServers, eth0 is UP
Sep 20 10:44:12 spupdaterd[316]: idserver_InitServer, UDP server on eth2.vlan1
Sep 20 10:44:12 spupdaterd[316]: idserver_InitServer, UDP server on eth0.vlan1
Sep 20 10:44:12 spupdaterd[316]: idserver_InitServer, UDP server on wwan0
Sep 20 10:44:12 spupdaterd[316]: idserver_InitServer, UDP server on wlan0
Sep 20 10:44:12 spupdaterd[316]: idserver_InitServer, UDP server on eth2
Sep 20 10:44:12 spupdaterd[316]: idserver_InitServer, UDP server on eth1
Sep 20 10:44:12 spupdaterd[316]: idserver_InitServer, UDP server on eth0
Sep 20 10:44:12 spupdaterd[316]: /usr/bin/spupdaterd, 405044.009, Ver:3.4 - started by User 0
Sep 20 10:44:12 spupdaterd[316]: Log output to stdout 1
Sep 20 10:44:12 spupdaterd[316]: Verbose output level 4
Sep 20 10:44:12 spupdaterd[316]: idserver_StartServer, eth0 Listener thread started
Sep 20 10:44:12 spupdaterd[316]: IdProt_StartUpListeningServers, eth0 is UP
Sep 20 10:44:12 spupdaterd[316]: idserver_InitServer, UDP server on eth2.vlan1
Sep 20 10:44:12 spupdaterd[316]: idserver_InitServer, UDP server on eth0.vlan1
Sep 20 10:44:12 spupdaterd[316]: idserver_InitServer, UDP server on wwan0
Sep 20 10:44:12 spupdaterd[316]: idserver_InitServer, UDP server on wlan0
Sep 20 10:44:12 spupdaterd[316]: idserver_InitServer, UDP server on eth2
Sep 20 10:44:12 spupdaterd[316]: idserver_InitServer, UDP server on eth1
Sep 20 10:44:12 spupdaterd[316]: idserver_InitServer, UDP server on eth0
Sep 20 10:44:12 Xserver[338]: /usr/bin/x-session-manager: line 38: matchbox-terminal: command not found
Sep 20 10:44:12 Xserver[335]: Size 1024x768 not found in available modes
Sep 20 10:44:12 Xserver[333]: Using calibration data stored in /etc/pointercal.xinput
Sep 20 10:44:12 systemd[1]: Reached target Login Prompts.
Sep 20 10:44:12 systemd[1]: Started Serial Getty on ttymxc2.
Sep 20 10:44:12 spupdaterd[316]: /usr/bin/spupdaterd, 405044.009, Ver:3.4 - started by User 0
Sep 20 10:44:12 systemd[1]: Started Getty on tty1.
Sep 20 10:44:12 systemd[1]: Started Permit User Sessions.
Sep 20 10:44:12 systemd[1]: Started ELTEK power system controller install updater monitor daemon.
Sep 20 10:44:11 Xserver[309]: Using calibration data stored in /etc/pointercal.xinput
Sep 20 10:44:11 systemd[1]: Starting Permit User Sessions...
Sep 20 10:44:11 service[308]: spupdaterd.service started
Sep 20 10:44:11 systemd[1]: Starting ELTEK power system controller install updater monitor daemon...
Sep 20 10:44:11 systemd[1]: Starting ELTEK set capabilities...
Sep 20 10:44:11 Xserver[298]: D-BUS per-session daemon address is: unix:abstract=/tmp/dbus-HR0EUMe6ag,guid=b7cf35fe7dc011e42da9d3e85f67327b
Sep 20 10:44:11 systemd[1]: Reached target Host and Network Name Lookups.
Sep 20 10:44:11 systemd[1]: Reached target Network.
Sep 20 10:44:11 systemd[1]: Started Network Name Resolution.
Sep 20 10:44:11 systemd-resolved[296]: Using system hostname 'sp18673'.
Sep 20 10:44:11 systemd-resolved[296]: Negative trust anchors: 10.in-addr.arpa 16.172.in-addr.arpa 17.172.in-addr.arpa 18.172.in-addr.arpa 19.172.in-addr.arpa 20.172.in-addr.arpa 21.172.in-addr.arpa 22.172.in-addr.arpa 23.172.in-addr.arpa 24.172.in-addr.arpa 25.172.in-addr.arpa 26.172.in-addr.arpa 27.172.in-addr.arpa 28.172.in-addr.arpa 29.172.in-addr.arpa 30.172.in-addr.arpa 31.172.in-addr.arpa 168.192.in-addr.arpa d.f.ip6.arpa corp home internal intranet lan local private test
Sep 20 10:44:11 systemd-resolved[296]: . IN DS 20326 8 2 e06d44b80b8f1d39a95c0b0d7c65d08458e880409bbc683457104237c7f8ec8d
Sep 20 10:44:11 systemd-resolved[296]: Positive Trust Anchors:
Sep 20 10:44:11 systemd-networkd[291]: eth1: Link UP
Sep 20 10:44:11 systemd[1]: Started Login Service.
Sep 20 10:44:10 systemd-networkd[291]: eth0: Link UP
Sep 20 10:44:10 systemd-networkd[291]: pan: Link UP
Sep 20 10:44:10 systemd-logind[292]: New seat seat0.
Sep 20 10:44:10 kernel: Micrel KSZ8081 or KSZ8091 20b4000.ethernet-1:03: attached PHY driver [Micrel KSZ8081 or KSZ8091] (mii_bus:phy_addr=20b4000.ethernet-1:03, irq=POLL)
Sep 20 10:44:10 systemd-networkd[291]: eth1: IPv6 successfully enabled
Sep 20 10:44:10 kernel: Micrel KSZ8081 or KSZ8091 20b4000.ethernet-1:01: attached PHY driver [Micrel KSZ8081 or KSZ8091] (mii_bus:phy_addr=20b4000.ethernet-1:01, irq=POLL)
Sep 20 10:44:10 systemd[292]: systemd-logind.service: ProtectHostname=yes is configured, but the kernel does not support UTS namespaces, ignoring namespace setup.
Sep 20 10:44:10 systemd-networkd[291]: eth0: IPv6 successfully enabled
Sep 20 10:44:10 systemd[1]: Starting Network Name Resolution...
Sep 20 10:44:10 systemd-networkd[291]: pan: IPv6 successfully enabled
Sep 20 10:44:10 systemd-networkd[291]: pan: rtnl: received neighbor message with invalid family, ignoring.
Sep 20 10:44:10 systemd[1]: Started Network Service.
Sep 20 10:44:10 systemd-networkd[291]: Enumeration completed
Sep 20 10:44:10 systemd-networkd[291]: pan: netdev ready
Sep 20 10:44:10 systemd-udevd[237]: ethtool: autonegotiation is unset or enabled, the speed and duplex are not writable.
Sep 20 10:44:10 systemd-udevd[237]: Using default interface naming scheme 'v243'.
Sep 20 10:44:10 kernel: bridge: filtering via arp/ip/ip6tables is no longer available by default. Update your scripts to load br_netfilter if you need this.
Sep 20 10:44:09 systemd-networkd[291]: /etc/systemd/network/pan.netdev:4: Unknown key name 'ForwardDelaySec' in section 'NetDev', ignoring.
Sep 20 10:44:09 systemd[1]: Started Modem Manager.
Sep 20 10:44:09 systemd[279]: systemd-logind.service: ProtectHostname=yes is configured, but the kernel does not support UTS namespaces, ignoring namespace setup.
Sep 20 10:44:09 Xserver[287]: (==) Using system config directory "/usr/share/X11/xorg.conf.d"
Sep 20 10:44:09 Xserver[287]: (==) Using config file: "/etc/X11/xorg.conf"
Sep 20 10:44:09 Xserver[287]: (==) Log file: "/var/log/Xorg.0.log", Time: Sun Sep 20 10:44:09 2020
Sep 20 10:44:09 Xserver[287]:         (WW) warning, (EE) error, (NI) not implemented, (??) unknown.
Sep 20 10:44:09 Xserver[287]:         (++) from command line, (!!) notice, (II) informational,
Sep 20 10:44:09 Xserver[287]: Markers: (--) probed, (**) from config file, (==) default setting,
Sep 20 10:44:09 Xserver[287]:         to make sure that you have the latest version.
Sep 20 10:44:09 Xserver[287]:         Before reporting problems, check http://wiki.x.org
Sep 20 10:44:09 Xserver[287]: Current version of pixman: 0.38.4
Sep 20 10:44:09 Xserver[287]:  
Sep 20 10:44:09 Xserver[287]: Build Date: 15 December 2021  07:01:48PM
Sep 20 10:44:09 Xserver[287]: Kernel command line: console=ttymxc2,115200 user_debug=30 root=/dev/mmcblk1p2 rootrw=/dev/mmcblk1p4 init=/init rootrwoptions=rw,noatime
Sep 20 10:44:09 Xserver[287]: Current Operating System: Linux sp18673 5.4.24-1.0.0+g7ab53eb216f4 #1 PREEMPT Sat May 30 07:25:46 UTC 2020 armv7l
Sep 20 10:44:09 Xserver[287]: Build Operating System: Linux
Sep 20 10:44:09 Xserver[287]: X Protocol Version 11, Revision 0
Sep 20 10:44:09 Xserver[287]: X.Org X Server 1.20.14
Sep 20 10:44:09 systemd[1]: Starting Network Service...
Sep 20 10:44:09 systemd[1]: Reached target Network (Pre).
Sep 20 10:44:09 systemd[1]: Started Terminate Psplash Boot Screen.
Sep 20 10:44:09 systemd[1]: psplash-quit.service: Succeeded.
Sep 20 10:44:08 systemd[1]: Started IPv4 Packet Filtering Framework.
Sep 20 10:44:08 ModemManager[271]: <info>  ModemManager (version 1.12.12) starting in system bus...
Sep 20 10:44:08 systemd[1]: Started IPv6 Packet Filtering Framework.
Sep 20 10:44:08 systemd[1]: Started System Logging Service.
Sep 20 10:44:08 rsyslogd[278]: [origin software="rsyslogd" swVersion="8.2002.0" x-pid="278" x-info="https://www.rsyslog.com"] start
Sep 20 10:44:08 rsyslogd[278]: imuxsock: Acquired UNIX socket '/run/systemd/journal/syslog' (fd 3) from systemd.  [v8.2002.0]
Sep 20 10:44:08 systemd[1]: Started Cron task scheduler.
Sep 20 10:44:08 systemd[1]: psplash-start.service: Succeeded.
Sep 20 10:44:08 systemd[1]: Started Xserver startup without a display manager.
Sep 20 10:44:08 systemd[1]: Starting Login Service...
Sep 20 10:44:08 psplash[236]: to back
Sep 20 10:44:08 systemd[1]: Starting System Logging Service...
Sep 20 10:44:08 systemd[1]: Starting Terminate Psplash Boot Screen...
Sep 20 10:44:08 systemd[1]: Starting IPv4 Packet Filtering Framework...
Sep 20 10:44:08 systemd[1]: Starting IPv6 Packet Filtering Framework...
Sep 20 10:44:08 crond[273]: crond (busybox 1.31.1) started, log level 8
Sep 20 10:44:08 systemd[1]: Started D-Bus System Message Bus.
Sep 20 10:44:08 systemd[1]: Starting Cron task scheduler...
Sep 20 10:44:08 systemd[1]: Starting Modem Manager...
Sep 20 10:44:08 systemd[1]: Reached target Basic System.
Sep 20 10:44:08 systemd[1]: Reached target Sockets.
Sep 20 10:44:08 systemd[1]: Listening on sshd.socket.
Sep 20 10:44:08 systemd[1]: Starting sshd.socket.
Sep 20 10:44:08 systemd[1]: Listening on D-Bus System Message Bus Socket.
Sep 20 10:44:08 systemd[1]: Reached target Timers.
Sep 20 10:44:08 systemd[1]: Started Daily Cleanup of Temporary Directories.
Sep 20 10:44:07 systemd[1]: Started Daily rotation of log files.
Sep 20 10:44:07 systemd[1]: logrotate.timer: Not using persistent file timestamp Mon 2023-06-26 04:35:39 UTC as it is in the future.
Sep 20 10:44:07 systemd[1]: Reached target System Initialization.
Sep 20 10:44:07 systemd[1]: Started Update UTMP about System Boot/Shutdown.
Sep 20 10:44:07 systemd[1]: Starting Update UTMP about System Boot/Shutdown...
Sep 20 10:44:07 systemd[1]: Condition check resulted in Update is Completed being skipped.
Sep 20 10:44:07 systemd[1]: Condition check resulted in Rebuild Journal Catalog being skipped.
Sep 20 10:44:07 systemd[1]: Started Create Volatile Files and Directories.
Sep 20 10:44:07 systemd-tmpfiles[267]: /etc/tmpfiles.d/radiusd.conf:2: Line references path below legacy directory /var/run/, updating /var/run/radiusd → /run/radiusd; please update the tmpfiles.d/ drop-in file accordingly.
Sep 20 10:44:07 systemd-tmpfiles[267]: /etc/tmpfiles.d/openvpn.conf:1: Line references path below legacy directory /var/run/, updating /var/run/openvpn → /run/openvpn; please update the tmpfiles.d/ drop-in file accordingly.
Sep 20 10:44:07 systemd[1]: Starting Create Volatile Files and Directories...
Sep 20 10:44:07 systemd[1]: Condition check resulted in Commit a transient machine-id on disk being skipped.
Sep 20 10:44:07 systemd[1]: Condition check resulted in Rebuild Dynamic Linker Cache being skipped.
Sep 20 10:44:07 systemd[1]: Reached target Local File Systems.
Sep 20 10:44:07 systemd[1]: Started Load/Save Random Seed.
Sep 20 10:44:07 systemd[1]: Mounted /uboot.
Sep 20 10:44:07 systemd[1]: Condition check resulted in Bind mount volatile /srv being skipped.
Sep 20 10:44:07 systemd[1]: Condition check resulted in Bind mount volatile /var/spool being skipped.
Sep 20 10:44:07 systemd[1]: Starting Load/Save Random Seed...
Sep 20 10:44:07 systemd[1]: Condition check resulted in Bind mount volatile /var/lib being skipped.
Sep 20 10:44:07 systemd[1]: Condition check resulted in Bind mount volatile /var/cache being skipped.
Sep 20 10:44:07 systemd[1]: Mounting /uboot...
Sep 20 10:44:07 systemd[1]: Mounted /data.
Sep 20 10:44:07 systemd[1]: Mounted /var/volatile.
Sep 20 10:44:07 systemd[1]: Started File System Check on /dev/mmcblk1p1.
Sep 20 10:44:07 systemd-fsck[263]: /dev/mmcblk1p1: 3 files, 2503/8167 clusters
Sep 20 10:44:07 systemd-fsck[263]: Writing changes.
Sep 20 10:44:07 systemd-fsck[263]: *** Filesystem was changed ***
Sep 20 10:44:07 systemd-fsck[263]:  Automatically removing dirty bit.
Sep 20 10:44:07 systemd-fsck[263]: Dirty bit is set. Fs was not properly unmounted and some data may be corrupt.
Sep 20 10:44:07 systemd-fsck[263]: fsck.fat 4.2 (2021-01-31)
Sep 20 10:44:07 systemd[1]: Mounted Temporary Directory (/tmp).
Sep 20 10:44:07 systemd[1]: Mounting /data...
Sep 20 10:44:07 systemd[1]: Started File System Check on /dev/mmcblk1p4.
Sep 20 10:44:07 systemd[1]: Mounting /var/volatile...
Sep 20 10:44:07 systemd[1]: Mounting Temporary Directory (/tmp)...
Sep 20 10:44:07 systemd[1]: Reached target Swap.
Sep 20 10:44:07 systemd[1]: Activated swap Enable compressed swap in memory using zram.
Sep 20 10:44:07 systemd[1]: Starting File System Check on /dev/mmcblk1p4...
Sep 20 10:44:06 kernel: random: 7 urandom warning(s) missed due to ratelimiting
Sep 20 10:44:06 kernel: random: crng init done
Sep 20 10:44:06 systemd[1]: Starting File System Check on /dev/mmcblk1p1...
Sep 20 10:44:06 rngd[256]: [hwrng ]: Initialized
Sep 20 10:44:06 rngd[256]: Initializing available sources
Sep 20 10:44:06 kernel: Adding 242960k swap on /dev/zram0.  Priority:-2 extents:1 across:242960k SS
Sep 20 10:44:06 systemd[1]: Started Hardware RNG Entropy Gatherer Daemon.
Sep 20 10:44:06 systemd[1]: Activating swap Enable compressed swap in memory using zram...
Sep 20 10:44:06 systemd[1]: Found device /dev/zram0.
Sep 20 10:44:06 systemd[1]: Found device /dev/mmcblk1p4.
Sep 20 10:44:06 systemd[1]: Found device /dev/mmcblk1p1.
Sep 20 10:44:06 systemd[1]: Started udev Wait for Complete Device Initialization.
Sep 20 10:44:06 systemd-udevd[242]: Using default interface naming scheme 'v243'.
Sep 20 10:44:06 systemd-vconsole-setup[253]: Fonts will not be copied to remaining consoles
Sep 20 10:44:06 systemd-vconsole-setup[253]: KD_FONT_OP_GET failed while trying to get the font metadata: Function not implemented
Sep 20 10:44:06 udevadm[232]: systemd-udev-settle.service is deprecated.
Sep 20 10:44:06 systemd-udevd[234]: Using default interface naming scheme 'v243'.
Sep 20 10:44:05 systemd-udevd[243]: ethtool: autonegotiation is unset or enabled, the speed and duplex are not writable.
Sep 20 10:44:05 systemd-udevd[241]: ethtool: autonegotiation is unset or enabled, the speed and duplex are not writable.
Sep 20 10:44:04 kernel: fec 2188000.ethernet eth0: renamed from ethernet1
Sep 20 10:44:04 systemd-udevd[238]: ethtool: autonegotiation is unset or enabled, the speed and duplex are not writable.
Sep 20 10:44:04 systemd-udevd[238]: Using default interface naming scheme 'v243'.
Sep 20 10:44:04 kernel: imx-sdma 20ec000.sdma: loaded firmware 3.5
Sep 20 10:44:03 kernel: fec 20b4000.ethernet eth1: renamed from ethernet0
Sep 20 10:44:03 systemd[1]: Started Load/Save Screen Backlight Brightness of backlight:backlight.
Sep 20 10:44:03 systemd-udevd[240]: ethtool: autonegotiation is unset or enabled, the speed and duplex are not writable.
Sep 20 10:44:03 systemd-udevd[240]: Using default interface naming scheme 'v243'.
Sep 20 10:44:03 systemd-udevd[233]: ethtool: autonegotiation is unset or enabled, the speed and duplex are not writable.
Sep 20 10:44:03 systemd-udevd[238]: ethtool: autonegotiation is unset or enabled, the speed and duplex are not writable.
Sep 20 10:44:03 systemd[1]: Starting Load/Save Screen Backlight Brightness of backlight:backlight...
Sep 20 10:44:03 systemd[1]: Created slice system-systemd\x2dbacklight.slice.
Sep 20 10:44:01 systemd[1]: Started Create compressed swap in memory using zram.
Sep 20 10:44:01 zram-swap-init[227]: LABEL=zram-swap, UUID=3795c0cc-3704-49ef-a529-62e12527dbcf
Sep 20 10:44:01 zram-swap-init[227]: Setting up swapspace version 1, size = 237.3 MiB (248791040 bytes)
Sep 20 10:44:01 systemd[1]: Started Starts Psplash Boot screen.
Sep 20 10:44:01 systemd[1]: Started udev Kernel Device Manager.
Sep 20 10:44:01 systemd-udevd[231]: /etc/udev/rules.d/84-eltek-usb.rules:11 Invalid key/value pair, ignoring.
Sep 20 10:44:01 systemd[1]: Starting udev Wait for Complete Device Initialization...
Sep 20 10:44:01 systemd[1]: Started udev Coldplug all Devices.
Sep 20 10:44:01 systemd[231]: systemd-udevd.service: ProtectHostname=yes is configured, but the kernel does not support UTS namespaces, ignoring namespace setup.
Sep 20 10:44:01 systemd[1]: Starting udev Kernel Device Manager...
Sep 20 10:44:01 systemd[1]: Reached target Local File Systems (Pre).
Sep 20 10:44:01 systemd[1]: Started Create Static Device Nodes in /dev.
Sep 20 10:44:01 systemd-tmpfiles[230]: /etc/tmpfiles.d/radiusd.conf:2: Line references path below legacy directory /var/run/, updating /var/run/radiusd → /run/radiusd; please update the tmpfiles.d/ drop-in file accordingly.
Sep 20 10:44:01 systemd-tmpfiles[230]: /etc/tmpfiles.d/openvpn.conf:1: Line references path below legacy directory /var/run/, updating /var/run/openvpn → /run/openvpn; please update the tmpfiles.d/ drop-in file accordingly.
Sep 20 10:44:00 systemd[1]: Started Flush Journal to Persistent Storage.
Sep 20 10:44:00 systemd-journald[210]: Runtime Journal (/run/log/journal/c8d514c43d0645c2b716565c306689ce) is 8.0M, max 64.0M, 56.0M free.
Sep 20 10:44:00 systemd[1]: Starting Create Static Device Nodes in /dev...
Sep 20 10:44:00 systemd[1]: Condition check resulted in Create System Users being skipped.
Sep 20 10:44:00 systemd[1]: Starting Flush Journal to Persistent Storage...
Sep 20 10:44:00 systemd[1]: Condition check resulted in Rebuild Hardware Database being skipped.
Sep 20 10:44:00 systemd[1]: Started Setup Virtual Console.
Sep 20 10:44:00 systemd[1]: systemd-vconsole-setup.service: Succeeded.
Sep 20 10:44:00 systemd[1]: Started Apply Kernel Variables.
Sep 20 10:44:00 systemd[1]: Started Remount Root and Kernel File Systems.
Sep 20 10:44:00 systemd[1]: Mounted Kernel Configuration File System.
Sep 20 10:44:00 systemd[1]: Mounted FUSE Control File System.
Sep 20 10:44:00 kernel: zram0: detected capacity change from 0 to 248795136
Sep 20 10:44:00 systemd[1]: Started Create list of static device nodes for the current kernel.
Sep 20 10:44:00 systemd[1]: Mounted Kernel Debug File System.
Sep 20 10:44:00 systemd[1]: Started Journal Service.
Sep 20 10:44:00 systemd-vconsole-setup[220]: Fonts will not be copied to remaining consoles
Sep 20 10:44:00 systemd-vconsole-setup[220]: KD_FONT_OP_GET failed while trying to get the font metadata: Function not implemented
Sep 20 10:44:00 systemd[1]: Starting Create compressed swap in memory using zram...
Sep 20 10:44:00 systemd-sysctl[214]: Couldn't write '1' to 'net/ipv6/conf/eth1/disable_ipv6', ignoring: No such file or directory
Sep 20 10:44:00 systemd-sysctl[214]: Couldn't write 'fq_codel' to 'net/core/default_qdisc', ignoring: No such file or directory
Sep 20 10:44:00 systemd-sysctl[214]: Couldn't write '16' to 'kernel/sysrq', ignoring: No such file or directory
Sep 20 10:44:00 systemd[1]: Starting Setup Virtual Console...
Sep 20 10:44:00 systemd-journald[210]: Runtime Journal (/run/log/journal/c8d514c43d0645c2b716565c306689ce) is 8.0M, max 64.0M, 56.0M free.
Sep 20 10:44:00 systemd-journald[210]: Journal started
Sep 20 10:44:00 systemd[1]: Starting udev Coldplug all Devices...
Sep 20 10:44:00 systemd[1]: Starting Apply Kernel Variables...
Sep 20 10:44:00 systemd[1]: Starting Remount Root and Kernel File Systems...
Sep 20 10:44:00 systemd[1]: Mounting Kernel Configuration File System...
Sep 20 10:44:00 systemd[1]: Mounting FUSE Control File System...
Sep 20 10:44:00 systemd[1]: Condition check resulted in Load Kernel Modules being skipped.
Sep 20 10:44:00 systemd[1]: Starting Journal Service...
Sep 20 10:44:00 systemd[1]: Condition check resulted in File System Check on Root Device being skipped.
Sep 20 10:44:00 systemd[1]: Starting Create list of static device nodes for the current kernel...
Sep 20 10:44:00 systemd[1]: Mounting Kernel Debug File System...
Sep 20 10:44:00 systemd[1]: Condition check resulted in POSIX Message Queue File System being skipped.
Sep 20 10:44:00 systemd[1]: Condition check resulted in Huge Pages File System being skipped.
Sep 20 10:44:00 systemd[1]: Listening on udev Kernel Socket.
Sep 20 10:44:00 systemd[1]: Listening on udev Control Socket.
Sep 20 10:44:00 systemd[1]: Listening on Network Service Netlink Socket.
Sep 20 10:44:00 systemd[1]: Listening on Journal Socket.
Sep 20 10:44:00 systemd[1]: Listening on Journal Socket (/dev/log).
Sep 20 10:44:00 systemd[1]: Condition check resulted in Journal Audit Socket being skipped.
Sep 20 10:44:00 systemd[1]: Listening on initctl Compatibility Named Pipe.
Sep 20 10:44:00 systemd[1]: Listening on Syslog Socket.
Sep 20 10:44:00 systemd[1]: Reached target Slices.
Sep 20 10:44:00 systemd[1]: Reached target Remote File Systems.
Sep 20 10:44:00 systemd[1]: Reached target Paths.
Sep 20 10:44:00 systemd[1]: Started Forward Password Requests to Wall Directory Watch.
Sep 20 10:44:00 systemd[1]: Started Dispatch Password Requests to Console Directory Watch.
Sep 20 10:44:00 systemd[1]: Created slice User and Session Slice.
Sep 20 10:44:00 systemd[1]: Created slice system-systemd\x2dfsck.slice.
Sep 20 10:44:00 kernel: random: systemd: uninitialized urandom read (16 bytes read)
Sep 20 10:44:00 systemd[1]: Created slice system-serial\x2dgetty.slice.
Sep 20 10:44:00 kernel: random: systemd: uninitialized urandom read (16 bytes read)
Sep 20 10:44:00 systemd[1]: Created slice system-getty.slice.
Sep 20 10:44:00 kernel: random: systemd: uninitialized urandom read (16 bytes read)
Sep 20 10:44:00 systemd[1]: Set hostname to <sp18673>.
Sep 20 10:44:00 systemd[1]: Detected architecture arm.
Sep 20 10:44:00 systemd[1]: systemd 244.5+ running in system mode. (+PAM -AUDIT -SELINUX +IMA -APPARMOR -SMACK +SYSVINIT +UTMP -LIBCRYPTSETUP -GCRYPT -GNUTLS +ACL +XZ -LZ4 -SECCOMP +BLKID -ELFUTILS +KMOD -IDN2 -IDN -PCRE2 default-hierarchy=hybrid)
Sep 20 10:44:00 systemd[1]: System time before build time, advancing clock.
Sep 20 10:44:00 kernel: EXT4-fs (mmcblk1p4): mounted filesystem with ordered data mode. Opts: (null)
Sep 20 10:44:00 kernel: EXT4-fs (mmcblk1p4): recovery complete
Sep 20 10:44:00 kernel: EXT4-fs (mmcblk1p2): re-mounted. Opts: (null)
Sep 20 10:44:00 kernel: Run /init as init process
Sep 20 10:44:00 kernel: Freeing unused kernel memory: 1024K
Sep 20 10:44:00 kernel: devtmpfs: mounted
Sep 20 10:44:00 kernel: VFS: Mounted root (ext4 filesystem) readonly on device 179:2.
Sep 20 10:44:00 kernel: EXT4-fs (mmcblk1p2): mounted filesystem with ordered data mode. Opts: (null)
Sep 20 10:44:00 kernel:  mmcblk1: p1 p2 p3 p4
Sep 20 10:44:00 kernel: rtc-ds1307 1-0068: hctosys: unable to read the hardware clock
Sep 20 10:44:00 kernel: random: fast init done
Sep 20 10:44:00 kernel: mmcblk1rpmb: mmc1:0001 004GA0 partition 3 512 KiB, chardev (245:0)
Sep 20 10:44:00 kernel: mmcblk1boot1: mmc1:0001 004GA0 partition 2 2.00 MiB
Sep 20 10:44:00 kernel: mmcblk1boot0: mmc1:0001 004GA0 partition 1 2.00 MiB
Sep 20 10:44:00 kernel: mmcblk1: mmc1:0001 004GA0 3.69 GiB 
Sep 20 10:44:00 kernel: mmc1: new DDR MMC card at address 0001
Sep 20 10:44:00 kernel: Loading compiled-in X.509 certificates
Sep 20 10:44:00 kernel: Key type dns_resolver registered
Sep 20 10:44:00 kernel: 8021q: 802.1Q VLAN Support v1.8
Sep 20 10:44:00 kernel: can: netlink gateway (rev 20190810) max_hops=1
Sep 20 10:44:00 kernel: can: broadcast manager protocol (rev 20170425 t)
Sep 20 10:44:00 kernel: can: raw protocol (rev 20170425)
Sep 20 10:44:00 kernel: NET: Registered protocol family 29
Sep 20 10:44:00 kernel: can: controller area network core (rev 20170425 abi 9)
Sep 20 10:44:00 kernel: NET: Registered protocol family 17
Sep 20 10:44:00 kernel: sit: IPv6, IPv4 and MPLS over IPv4 tunneling driver
Sep 20 10:44:00 kernel: Segment Routing with IPv6
Sep 20 10:44:00 kernel: NET: Registered protocol family 10
Sep 20 10:44:00 kernel: NET: Registered protocol family 26
Sep 20 10:44:00 kernel: usbhid: USB HID core driver
Sep 20 10:44:00 kernel: usbcore: registered new interface driver usbhid
Sep 20 10:44:00 kernel: caam-snvs 20cc000.caam-snvs: violation handlers armed - init state
Sep 20 10:44:00 kernel: caam-snvs 20cc000.caam-snvs: can't get snvs clock
Sep 20 10:44:00 kernel: mmc1: SDHCI controller on 2194000.usdhc [2194000.usdhc] using ADMA
Sep 20 10:44:00 kernel: mmc0: SDHCI controller on 2190000.usdhc [2190000.usdhc] using ADMA
Sep 20 10:44:00 kernel: sdhci-esdhc-imx 2190000.usdhc: Got CD GPIO
Sep 20 10:44:00 kernel: sdhci-pltfm: SDHCI platform and OF driver helper
Sep 20 10:44:00 kernel: sdhci: Copyright(c) Pierre Ossman
Sep 20 10:44:00 kernel: sdhci: Secure Digital Host Controller Interface driver
Sep 20 10:44:00 kernel: imx2-wdt 20bc000.wdog: timeout 60 sec (nowayout=0)
Sep 20 10:44:00 kernel: i2c /dev entries driver
Sep 20 10:44:00 kernel: rtc-ds1307 1-0068: registered as rtc0
Sep 20 10:44:00 kernel: input: pwm-beeper as /devices/soc0/buzzer/input/input1
Sep 20 10:44:00 kernel: pwm-beeper buzzer: buzzer supply amp not found, using dummy regulator
Sep 20 10:44:00 kernel: input: st1232-touchscreen as /devices/soc0/soc/2100000.aips-bus/21a0000.i2c/i2c-0/0-0055/input/input0
Sep 20 10:44:00 kernel: input input0: DT specifies parameters but the axis 58 is not set up
Sep 20 10:44:00 kernel: hub 2-0:1.0: 1 port detected
Sep 20 10:44:00 kernel: hub 2-0:1.0: USB hub found
Sep 20 10:44:00 kernel: ci_hdrc ci_hdrc.1: USB 2.0 started, EHCI 1.00
Sep 20 10:44:00 kernel: ci_hdrc ci_hdrc.1: new USB bus registered, assigned bus number 2
Sep 20 10:44:00 kernel: ci_hdrc ci_hdrc.1: EHCI Host Controller
Sep 20 10:44:00 kernel: imx_usb 2184200.usb: No over current polarity defined
Sep 20 10:44:00 kernel: hub 1-0:1.0: 1 port detected
Sep 20 10:44:00 kernel: hub 1-0:1.0: USB hub found
Sep 20 10:44:00 kernel: ci_hdrc ci_hdrc.0: USB 2.0 started, EHCI 1.00
Sep 20 10:44:00 kernel: ci_hdrc ci_hdrc.0: new USB bus registered, assigned bus number 1
Sep 20 10:44:00 kernel: ci_hdrc ci_hdrc.0: EHCI Host Controller
Sep 20 10:44:00 kernel: imx_usb 2184000.usb: No over current polarity defined
Sep 20 10:44:00 kernel: usbcore: registered new interface driver usb-storage
Sep 20 10:44:00 kernel: ehci-mxc: Freescale On-Chip EHCI Host driver
Sep 20 10:44:00 kernel: ehci_hcd: USB 2.0 'Enhanced' Host Controller (EHCI) Driver
Sep 20 10:44:00 kernel: fec 2188000.ethernet ethernet1: registered PHC device 1
Sep 20 10:44:00 kernel: pps pps1: new PPS source ptp1
Sep 20 10:44:00 kernel: fec 20b4000.ethernet ethernet0: registered PHC device 0
Sep 20 10:44:00 kernel: libphy: fec_enet_mii_bus: probed
Sep 20 10:44:00 kernel: pps pps0: new PPS source ptp0
Sep 20 10:44:00 kernel: CAN device driver interface
Sep 20 10:44:00 kernel: libphy: Fixed MDIO Bus: probed
Sep 20 10:44:00 kernel: zram: Added device: zram0
Sep 20 10:44:00 kernel: imx sema4 driver is registered.
Sep 20 10:44:00 kernel: imx_rngc 2284000.rng: Freescale RNGC registered.
Sep 20 10:44:00 kernel: 21f4000.serial: ttymxc4 at MMIO 0x21f4000 (irq = 62, base_baud = 5000000) is a IMX
Sep 20 10:44:00 kernel: printk: console [ttymxc2] enabled
Sep 20 10:44:00 kernel: 21ec000.serial: ttymxc2 at MMIO 0x21ec000 (irq = 61, base_baud = 5000000) is a IMX
Sep 20 10:44:00 kernel: 2020000.serial: ttymxc0 at MMIO 0x2020000 (irq = 21, base_baud = 5000000) is a IMX
Sep 20 10:44:00 kernel: mxs-dma 1804000.dma-apbh: initialized
Sep 20 10:44:00 kernel: mxsfb 21c8000.lcdif: initialized
Sep 20 10:44:00 kernel: io scheduler kyber registered
Sep 20 10:44:00 kernel: io scheduler mq-deadline registered
Sep 20 10:44:00 kernel: Asymmetric key parser 'x509' registered
Sep 20 10:44:00 kernel: Key type asymmetric registered
Sep 20 10:44:00 kernel: fuse: init (API version 7.31)
Sep 20 10:44:00 kernel: workingset: timestamp_bits=30 max_order=16 bucket_order=0
Sep 20 10:44:00 kernel: Initialise system trusted keyrings
Sep 20 10:44:00 kernel: Bus freq driver module loaded
Sep 20 10:44:00 kernel: hw perfevents: enabled with armv7_cortex_a7 PMU driver, 5 counters available
Sep 20 10:44:00 kernel: NET: Registered protocol family 1
Sep 20 10:44:00 kernel: UDP-Lite hash table entries: 256 (order: 0, 4096 bytes, linear)
Sep 20 10:44:00 kernel: UDP hash table entries: 256 (order: 0, 4096 bytes, linear)
Sep 20 10:44:00 kernel: TCP: Hash tables configured (established 2048 bind 2048)
Sep 20 10:44:00 kernel: TCP bind hash table entries: 2048 (order: 1, 8192 bytes, linear)
Sep 20 10:44:00 kernel: TCP established hash table entries: 2048 (order: 1, 8192 bytes, linear)
Sep 20 10:44:00 kernel: tcp_listen_portaddr_hash hash table entries: 512 (order: 0, 4096 bytes, linear)
Sep 20 10:44:00 kernel: NET: Registered protocol family 2
Sep 20 10:44:00 kernel: thermal_sys: Registered thermal governor 'step_wise'
Sep 20 10:44:00 kernel: VFS: Dquot-cache hash table entries: 1024 (order 0, 4096 bytes)
Sep 20 10:44:00 kernel: VFS: Disk quotas dquot_6.6.0
Sep 20 10:44:00 kernel: clocksource: Switched to clocksource mxc_timer1
Sep 20 10:44:00 kernel: PTP clock support registered
Sep 20 10:44:00 kernel: pps_core: Software ver. 5.3.6 - Copyright 2005-2007 Rodolfo Giometti <giometti@linux.it>
Sep 20 10:44:00 kernel: pps_core: LinuxPPS API ver. 1 registered
Sep 20 10:44:00 kernel: i2c i2c-1: IMX I2C adapter registered
Sep 20 10:44:00 kernel: i2c i2c-0: IMX I2C adapter registered
Sep 20 10:44:00 kernel: usbcore: registered new device driver usb
Sep 20 10:44:00 kernel: usbcore: registered new interface driver hub
Sep 20 10:44:00 kernel: usbcore: registered new interface driver usbfs
Sep 20 10:44:00 kernel: SCSI subsystem initialized
Sep 20 10:44:00 kernel: imx6ul-pinctrl 20e0000.iomuxc: initialized IMX pinctrl driver
Sep 20 10:44:00 kernel: hw-breakpoint: maximum watchpoint size is 8 bytes.
Sep 20 10:44:00 kernel: hw-breakpoint: found 5 (+1 reserved) breakpoint and 4 watchpoint registers.
Sep 20 10:44:00 kernel: vddsoc: supplied by regulator-dummy
Sep 20 10:44:00 kernel: cpu: supplied by regulator-dummy
Sep 20 10:44:00 kernel: vdd3p0: supplied by regulator-dummy
Sep 20 10:44:00 kernel: cpuidle: using governor menu
Sep 20 10:44:00 kernel: cpuidle: using governor ladder
Sep 20 10:44:00 kernel: DMA: preallocated 256 KiB pool for atomic coherent allocations
Sep 20 10:44:00 kernel: NET: Registered protocol family 16
Sep 20 10:44:00 kernel: pinctrl core: initialized pinctrl subsystem
Sep 20 10:44:00 kernel: futex hash table entries: 256 (order: -1, 3072 bytes, linear)
Sep 20 10:44:00 kernel: clocksource: jiffies: mask: 0xffffffff max_cycles: 0xffffffff, max_idle_ns: 19112604462750000 ns
Sep 20 10:44:00 kernel: VFP support v0.3: implementor 41 architecture 2 part 30 variant 7 rev 5
Sep 20 10:44:00 kernel: random: get_random_u32 called from bucket_table_alloc+0x58/0x14c with crng_init=0
Sep 20 10:44:00 kernel: devtmpfs: initialized
Sep 20 10:44:00 kernel: rcu: Hierarchical SRCU implementation.
Sep 20 10:44:00 kernel: Setting up static identity map for 0x80100000 - 0x80100060
Sep 20 10:44:00 kernel: CPU: Testing write buffer coherency: ok
Sep 20 10:44:00 kernel: Mountpoint-cache hash table entries: 1024 (order: 0, 4096 bytes, linear)
Sep 20 10:44:00 kernel: Mount-cache hash table entries: 1024 (order: 0, 4096 bytes, linear)
Sep 20 10:44:00 kernel: pid_max: default: 32768 minimum: 301
Sep 20 10:44:00 kernel: Calibrating delay loop (skipped), value calculated using timer frequency.. 48.00 BogoMIPS (lpj=240000)
Sep 20 10:44:00 kernel: Console: colour dummy device 80x30
Sep 20 10:44:00 kernel: clocksource: mxc_timer1: mask: 0xffffffff max_cycles: 0xffffffff, max_idle_ns: 79635851949 ns
Sep 20 10:44:00 kernel: sched_clock: 32 bits at 24MHz, resolution 41ns, wraps every 89478484971ns
Sep 20 10:44:00 kernel: Switching to timer-based delay loop, resolution 41ns
Sep 20 10:44:00 kernel: NR_IRQS: 16, nr_irqs: 16, preallocated irqs: 16
Sep 20 10:44:00 kernel: rcu: RCU calculated value of scheduler-enlistment delay is 10 jiffies.
Sep 20 10:44:00 kernel:         Tasks RCU enabled.
Sep 20 10:44:00 kernel: rcu: Preemptible hierarchical RCU implementation.
Sep 20 10:44:00 kernel: SLUB: HWalign=64, Order=0-3, MinObjects=0, CPUs=1, Nodes=1
Sep 20 10:44:00 kernel: Memory: 247768K/262144K available (7168K kernel code, 321K rwdata, 2144K rodata, 1024K init, 362K bss, 14376K reserved, 0K cma-reserved, 0K highmem)
Sep 20 10:44:00 kernel: mem auto-init: stack:off, heap alloc:off, heap free:off
Sep 20 10:44:00 kernel: Inode-cache hash table entries: 16384 (order: 4, 65536 bytes, linear)
Sep 20 10:44:00 kernel: Dentry cache hash table entries: 32768 (order: 5, 131072 bytes, linear)
Sep 20 10:44:00 kernel: Kernel command line: console=ttymxc2,115200 user_debug=30 root=/dev/mmcblk1p2 rootrw=/dev/mmcblk1p4 init=/init rootrwoptions=rw,noatime
Sep 20 10:44:00 kernel: Built 1 zonelists, mobility grouping on.  Total pages: 65024
Sep 20 10:44:00 kernel: pcpu-alloc: [0] 0 
Sep 20 10:44:00 kernel: pcpu-alloc: s0 r0 d32768 u32768 alloc=1*32768
Sep 20 10:44:00 kernel: CPU: All CPU(s) started in SVC mode.
Sep 20 10:44:00 kernel:   Normal zone: 65536 pages, LIFO batch:15
Sep 20 10:44:00 kernel:   Normal zone: 0 pages reserved
Sep 20 10:44:00 kernel:   Normal zone: 512 pages used for memmap
Sep 20 10:44:00 kernel: On node 0 totalpages: 65536
Sep 20 10:44:00 kernel: Memory policy: Data cache writeback
Sep 20 10:44:00 kernel: OF: fdt: Machine model: Smartpack Touch based on i.MX6 UltraLite
Sep 20 10:44:00 kernel: CPU: PIPT / VIPT nonaliasing data cache, VIPT aliasing instruction cache
Sep 20 10:44:00 kernel: CPU: div instructions available: patching division code
Sep 20 10:44:00 kernel: CPU: ARMv7 Processor [410fc075] revision 5 (ARMv7), cr=10c53c7d
Sep 20 10:44:00 kernel: Linux version 5.4.24-1.0.0+g7ab53eb216f4 (oe-user@oe-host) (gcc version 9.3.0 (GCC)) #1 PREEMPT Sat May 30 07:25:46 UTC 2020
Sep 20 10:44:00 kernel: Booting Linux on physical CPU 0x0
 
EltekSyslog data 
2026-07-14T11:00:31.371469+00:00 sp18673 app: Security_ReadValue(Log_on) -- WEB LOGIN, SId: e9eda063eb950d9cf93e7ad1c56317555541657adb7da113720baa88165e20d8, Account: 0, noOfUsers: 2, idleTimeout: 5
2026-07-02T17:11:58.766766+00:00 sp18673 app: Security_ReadValue(Log_on) -- WEB LOGIN, SId: bbeac5f57d3de56cfe3a88aea313050c6afb25a5c8db45260e89291707f49f3f, Account: 0, noOfUsers: 2, idleTimeout: 5
2026-06-09T15:48:43.846939+00:00 sp18673 app: Security_ReadValue(Log_on) -- WEB LOGIN, SId: adfc96e4df16457defbbd415b107089409339acdf901cfc0488694d0a9edf401, Account: 0, noOfUsers: 1, idleTimeout: 5
2026-05-21T00:00:01.275475+00:00 sp18673 app: X�(#015
2026-05-21T00:00:01.264809+00:00 sp18673 app: *** Error in f_close(Chrg_Cur.csv): 
2026-05-08T00:00:03.950298+00:00 sp18673 app: Failed to open file temp_3.csv#015
2026-05-08T00:00:03.637353+00:00 sp18673 app: Failed to open file temp_1.csv#015
2026-05-08T00:00:01.695420+00:00 sp18673 app: Failed to open file Bat_Temp.csv#015
2026-05-08T00:00:01.314679+00:00 sp18673 app: Failed to open file Bat_Volt.csv#015
2026-05-07T00:00:08.524964+00:00 sp18673 app: Failed to open file temp_3.csv#015
2026-05-07T00:00:08.296680+00:00 sp18673 app: Failed to open file temp_2.csv#015
2026-05-07T00:00:07.920645+00:00 sp18673 app: Failed to open file temp_1.csv#015
2026-05-07T00:00:07.568138+00:00 sp18673 app: Failed to open file Volt2_6.csv#015
2026-05-07T00:00:07.352220+00:00 sp18673 app: Failed to open file Volt2_5.csv#015
2026-05-07T00:00:07.114919+00:00 sp18673 app: Failed to open file Volt2_4.csv#015
2026-05-07T00:00:06.885744+00:00 sp18673 app: Failed to open file Volt2_3.csv#015
2026-05-07T00:00:06.423216+00:00 sp18673 app: Failed to open file Volt2_2.csv#015
2026-05-07T00:00:05.572018+00:00 sp18673 app: Failed to open file Volt2_1.csv#015
2026-05-07T00:00:05.220226+00:00 sp18673 app: Failed to open file Volt1_6.csv#015
2026-05-07T00:00:04.722074+00:00 sp18673 app: Failed to open file Volt1_5.csv#015
2026-05-07T00:00:04.439174+00:00 sp18673 app: Failed to open file Volt1_4.csv#015
2026-05-07T00:00:04.212069+00:00 sp18673 app: Failed to open file Volt1_3.csv#015
2026-05-07T00:00:03.907875+00:00 sp18673 app: Failed to open file Volt1_2.csv#015
2026-05-07T00:00:03.463660+00:00 sp18673 app: Failed to open file Volt1_1.csv#015
2026-05-07T00:00:03.192796+00:00 sp18673 app: Failed to open file Conv_Cur.csv#015
2026-05-07T00:00:02.966392+00:00 sp18673 app: Failed to open file rectGr3.csv#015
2026-05-07T00:00:02.639099+00:00 sp18673 app: Failed to open file rectGr2.csv#015
2026-05-07T00:00:02.418941+00:00 sp18673 app: Failed to open file rectGr1.csv#015
2026-05-07T00:00:02.145909+00:00 sp18673 app: Failed to open file Bat_Temp.csv#015
2026-05-07T00:00:01.926470+00:00 sp18673 app: Failed to open file Bat_Volt.csv#015
2026-05-07T00:00:01.452343+00:00 sp18673 app: Failed to open file Bat_Cur.csv#015
2026-05-07T00:00:00.809787+00:00 sp18673 app: Failed to open file Chrg_Cur.csv#015
2026-05-07T00:00:00.322033+00:00 sp18673 app: Failed to open file Plnt_Cur.csv#015
2026-05-06T16:37:11.778109+00:00 sp18673 app: CAN communication error, no response received for following request: 0.7.254.3.255.1.8 from source: 1
2026-05-06T16:37:08.743013+00:00 sp18673 app: CAN communication error, no response received for following request: 0.7.254.2.255.1.8 from source: 1
2026-05-06T16:36:23.585882+00:00 sp18673 app: CAN communication error, no response received for following request: 0.5.254.1.255.1.10 from source: 1
2026-05-06T16:34:18.299349+00:00 sp18673 app: CAN communication error, no response received for following request: 0.5.254.1.255.1.10 from source: 1
2026-05-06T16:33:47.255977+00:00 sp18673 app: CAN communication error, no response received for following request: 0.5.254.1.255.1.10 from source: 1
2026-05-06T16:33:39.837006+00:00 sp18673 app: CAN communication error, no response received for following request: 0.6.82.6.1.73.4 from source: 1
2026-05-06T16:33:35.526595+00:00 sp18673 app: CAN communication error, no response received for following request: 0.6.1.6.1.73.4 from source: 1
2026-05-06T16:33:32.303559+00:00 sp18673 app: CAN communication error, no response received for following request: 0.5.254.1.255.1.10 from source: 1
2020-09-20T11:20:20.262275+00:00 sp18673 app: Security_ReadValue(Log_on) -- WEB LOGIN, SId: 8afbe93abcd6b7b8df00544e2a0c1968dcc950e318a2e6f8938b3cd9fdb7b0de, Account: 0, noOfUsers: 1, idleTimeout: 5
2020-09-20T10:44:25.210095+00:00 sp18673 WebKitWebProces[490]: Couldn't register with accessibility bus: Did not receive a reply. Possible causes include: the remote application did not send a reply, the message bus security policy blocked the reply, the reply timeout expired, or the network connection was broken.
2020-09-20T10:44:24.971844+00:00 sp18673 WebKitWebProces[488]: Couldn't register with accessibility bus: Did not receive a reply. Possible causes include: the remote application did not send a reply, the message bus security policy blocked the reply, the reply timeout expired, or the network connection was broken.
2020-09-20T10:44:24.440590+00:00 sp18673 app: SerialPort - FLUSHING: 2
2020-09-20T10:44:18.271635+00:00 sp18673 spwebview[393]: Couldn't register with accessibility bus: Did not receive a reply. Possible causes include: the remote application did not send a reply, the message bus security policy blocked the reply, the reply timeout expired, or the network connection was broken.
2020-09-20T10:44:13.954465+00:00 sp18673 app: /opt/sp2/bin/sp2/SP2, 405036.009, Ver:2.12 - started by User 990
2020-09-20T10:44:13.184773+00:00 sp18673 spupdaterd: Main,  looking for changes in /opt/sp2/swfw/ .....
2020-09-20T10:44:13.180116+00:00 sp18673 spupdaterd: scandir_Deletefiles, deleting unused installer artefacts:  /etc/.pwd.lock
2020-09-20T10:44:13.113288+00:00 sp18673 spupdaterd: config_LoadData, Config file /opt/sp2/etc/appname.config loaded successfully
2020-09-20T10:44:12.889536+00:00 sp18673 spupdaterd: idserver_StartServer, eth1 Listener thread started
2020-09-20T10:44:12.868987+00:00 sp18673 spupdaterd: IdProt_StartUpListeningServers, eth1 is UP
2020-09-20T10:44:12.783335+00:00 sp18673 spupdaterd: idserver_StartServer, eth0 Listener thread started
2020-09-20T10:44:12.782853+00:00 sp18673 spupdaterd: IdProt_StartUpListeningServers, eth0 is UP
2020-09-20T10:44:12.782352+00:00 sp18673 spupdaterd: idserver_InitServer, UDP server on eth2.vlan1 
2020-09-20T10:44:12.781847+00:00 sp18673 spupdaterd: idserver_InitServer, UDP server on eth0.vlan1 
2020-09-20T10:44:12.781254+00:00 sp18673 spupdaterd: idserver_InitServer, UDP server on wwan0 
2020-09-20T10:44:12.780756+00:00 sp18673 spupdaterd: idserver_InitServer, UDP server on wlan0 
2020-09-20T10:44:12.780276+00:00 sp18673 spupdaterd: idserver_InitServer, UDP server on eth2 
2020-09-20T10:44:12.779741+00:00 sp18673 spupdaterd: idserver_InitServer, UDP server on eth1 
2020-09-20T10:44:12.779018+00:00 sp18673 spupdaterd: idserver_InitServer, UDP server on eth0 
2020-09-20T10:44:12.244667+00:00 sp18673 spupdaterd: /usr/bin/spupdaterd, 405044.009, Ver:3.4 - started by User 0
